animal,block,block_key,event_id,saccade_on_ms,saccade_off_ms,amp_deg,overall_angle_deg,primary_eye,concurrency,eyes,lizmov_path,head_movement,has_back_and_forth,n_small_followups,n_consecutive_reversals,first_followup_latency_ms,n_constituents
PV_106,008,PV_106_block_008,PV_106_008_50973_L,50972.8,51056.05,21.326766303365595,68.89404420320845,L,binocular,2,"/Volumes/Data-1/Nimrod/experiments/PV_106/2025_08_06/block_008/oe_files/PV106_ET_d3t12025-08-06_11-52-19/Record Node 102/analysis/recNames=Block008,Animal=PV_106/lizMov.mat",True,False,1,0,49.94999999999709,2
PV_106,008,PV_106_block_008,PV_106_008_51339_R,51339.1,51389.05,9.649541246766045,25.52269630528519,R,binocular,2,"/Volumes/Data-1/Nimrod/experiments/PV_106/2025_08_06/block_008/oe_files/PV106_ET_d3t12025-08-06_11-52-19/Record Node 102/analysis/recNames=Block008,Animal=PV_106/lizMov.mat",True,False,1,0,33.30000000000291,2
PV_106,008,PV_106_block_008,PV_106_008_51372_L,51372.4,51488.95,22.492429315836482,167.77574546495828,L,binocular,2,"/Volumes/Data-1/Nimrod/experiments/PV_106/2025_08_06/block_008/oe_files/PV106_ET_d3t12025-08-06_11-52-19/Record Node 102/analysis/recNames=Block008,Animal=PV_106/lizMov.mat",True,False,0,0,,2
PV_106,008,PV_106_block_008,PV_106_008_51938_R,51938.5,51988.45,7.551576101011478,343.21700408747597,R,binocular,2,"/Volumes/Data-1/Nimrod/experiments/PV_106/2025_08_06/block_008/oe_files/PV106_ET_d3t12025-08-06_11-52-19/Record Node 102/analysis/recNames=Block008,Animal=PV_106/lizMov.mat",True,False,1,0,33.30000000000291,2
PV_106,008,PV_106_block_008,PV_106_008_51972_L,51971.8,52088.35,11.408968336579784,180.423880272952,L,binocular,2,"/Volumes/Data-1/Nimrod/experiments/PV_106/2025_08_06/block_008/oe_files/PV106_ET_d3t12025-08-06_11-52-19/Record Node 102/analysis/recNames=Block008,Animal=PV_106/lizMov.mat",True,False,0,0,,2
PV_106,008,PV_106_block_008,PV_106_008_53137_L,53137.3,53153.95,7.743672752333365,45.92017107450879,L,binocular,2,"/Volumes/Data-1/Nimrod/experiments/PV_106/2025_08_06/block_008/oe_files/PV106_ET_d3t12025-08-06_11-52-19/Record Node 102/analysis/recNames=Block008,Animal=PV_106/lizMov.mat",True,False,2,0,16.64999999999418,2
PV_106,008,PV_106_block_008,PV_106_008_54503_L,54502.6,54602.5,17.037301380250014,33.84358269219784,L,binocular,2,"/Volumes/Data-1/Nimrod/experiments/PV_106/2025_08_06/block_008/oe_files/PV106_ET_d3t12025-08-06_11-52-19/Record Node 102/analysis/recNames=Block008,Animal=PV_106/lizMov.mat",True,True,2,1,99.90000000000146,2
PV_106,008,PV_106_block_008,PV_106_008_54602_L,54602.5,54685.75,8.56343819416816,190.80397073980794,L,binocular,2,"/Volumes/Data-1/Nimrod/experiments/PV_106/2025_08_06/block_008/oe_files/PV106_ET_d3t12025-08-06_11-52-19/Record Node 102/analysis/recNames=Block008,Animal=PV_106/lizMov.mat",True,False,0,0,,2
PV_106,008,PV_106_block_008,PV_106_008_58032_L,58032.4,58132.3,10.452359458469148,356.5555450292985,L,binocular,2,"/Volumes/Data-1/Nimrod/experiments/PV_106/2025_08_06/block_008/oe_files/PV106_ET_d3t12025-08-06_11-52-19/Record Node 102/analysis/recNames=Block008,Animal=PV_106/lizMov.mat",True,False,2,0,99.90000000000146,2
PV_106,008,PV_106_block_008,PV_106_008_58482_L,58481.95,58531.9,7.160802103597095,30.455132192100574,L,binocular,2,"/Volumes/Data-1/Nimrod/experiments/PV_106/2025_08_06/block_008/oe_files/PV106_ET_d3t12025-08-06_11-52-19/Record Node 102/analysis/recNames=Block008,Animal=PV_106/lizMov.mat",True,False,4,0,16.650000000001455,2
PV_106,008,PV_106_block_008,PV_106_008_61579_L,61578.85,61662.1,9.794978693464293,359.8853054917074,L,binocular,2,"/Volumes/Data-1/Nimrod/experiments/PV_106/2025_08_06/block_008/oe_files/PV106_ET_d3t12025-08-06_11-52-19/Record Node 102/analysis/recNames=Block008,Animal=PV_106/lizMov.mat",True,False,0,0,16.650000000001455,2
PV_106,008,PV_106_block_008,PV_106_008_64176_L,64176.25,64276.15,7.47264955802538,323.94812263806233,L,binocular,2,"/Volumes/Data-1/Nimrod/experiments/PV_106/2025_08_06/block_008/oe_files/PV106_ET_d3t12025-08-06_11-52-19/Record Node 102/analysis/recNames=Block008,Animal=PV_106/lizMov.mat",True,False,1,0,116.55000000000291,2
PV_106,008,PV_106_block_008,PV_106_008_64676_L,64675.75,64742.35,13.492932072004946,5.757614272571355,L,binocular,2,"/Volumes/Data-1/Nimrod/experiments/PV_106/2025_08_06/block_008/oe_files/PV106_ET_d3t12025-08-06_11-52-19/Record Node 102/analysis/recNames=Block008,Animal=PV_106/lizMov.mat",True,True,4,2,83.25,2
PV_106,008,PV_106_block_008,PV_106_008_66158_L,66157.6,66190.9,7.8379868947347955,153.03147251859554,L,binocular,2,"/Volumes/Data-1/Nimrod/experiments/PV_106/2025_08_06/block_008/oe_files/PV106_ET_d3t12025-08-06_11-52-19/Record Node 102/analysis/recNames=Block008,Animal=PV_106/lizMov.mat",True,False,2,0,33.29999999998836,2
PV_106,008,PV_106_block_008,PV_106_008_68072_L,68072.35,68138.95,11.828380760400828,359.2800371535425,L,binocular,2,"/Volumes/Data-1/Nimrod/experiments/PV_106/2025_08_06/block_008/oe_files/PV106_ET_d3t12025-08-06_11-52-19/Record Node 102/analysis/recNames=Block008,Animal=PV_106/lizMov.mat",True,False,3,0,66.59999999999127,2
PV_106,008,PV_106_block_008,PV_106_008_68139_L,68138.95,68255.5,10.930206411235762,173.8063713464614,L,binocular,2,"/Volumes/Data-1/Nimrod/experiments/PV_106/2025_08_06/block_008/oe_files/PV106_ET_d3t12025-08-06_11-52-19/Record Node 102/analysis/recNames=Block008,Animal=PV_106/lizMov.mat",True,False,1,0,49.94999999999709,2
PV_106,008,PV_106_block_008,PV_106_008_68305_L,68305.45,68338.75,7.854600993963407,351.41960761735476,L,binocular,2,"/Volumes/Data-1/Nimrod/experiments/PV_106/2025_08_06/block_008/oe_files/PV106_ET_d3t12025-08-06_11-52-19/Record Node 102/analysis/recNames=Block008,Animal=PV_106/lizMov.mat",True,False,2,0,33.30000000000291,2
PV_106,008,PV_106_block_008,PV_106_008_69304_L,69304.45,69371.05,10.423437917095752,164.06623752550883,L,binocular,2,"/Volumes/Data-1/Nimrod/experiments/PV_106/2025_08_06/block_008/oe_files/PV106_ET_d3t12025-08-06_11-52-19/Record Node 102/analysis/recNames=Block008,Animal=PV_106/lizMov.mat",True,False,3,0,49.94999999999709,2
PV_106,008,PV_106_block_008,PV_106_008_74616_L,74615.8,74649.1,12.74361768074208,355.0333812804856,L,binocular,2,"/Volumes/Data-1/Nimrod/experiments/PV_106/2025_08_06/block_008/oe_files/PV106_ET_d3t12025-08-06_11-52-19/Record Node 102/analysis/recNames=Block008,Animal=PV_106/lizMov.mat",True,False,2,0,66.59999999999127,2
PV_106,008,PV_106_block_008,PV_106_008_74682_L,74682.4,74782.3,7.514338522790944,168.52385428098776,L,binocular,2,"/Volumes/Data-1/Nimrod/experiments/PV_106/2025_08_06/block_008/oe_files/PV106_ET_d3t12025-08-06_11-52-19/Record Node 102/analysis/recNames=Block008,Animal=PV_106/lizMov.mat",True,True,3,1,133.20000000001164,2
PV_106,008,PV_106_block_008,PV_106_008_77813_L,77812.6,77862.55,10.045111441609267,1.582584492261425,L,binocular,2,"/Volumes/Data-1/Nimrod/experiments/PV_106/2025_08_06/block_008/oe_files/PV106_ET_d3t12025-08-06_11-52-19/Record Node 102/analysis/recNames=Block008,Animal=PV_106/lizMov.mat",True,False,0,0,,2
PV_106,008,PV_106_block_008,PV_106_008_83607_R,83606.8,83673.4,7.235176583716624,246.18804844460416,R,binocular,2,"/Volumes/Data-1/Nimrod/experiments/PV_106/2025_08_06/block_008/oe_files/PV106_ET_d3t12025-08-06_11-52-19/Record Node 102/analysis/recNames=Block008,Animal=PV_106/lizMov.mat",True,False,0,0,,2
PV_106,008,PV_106_block_008,PV_106_008_84306_L,84306.1,84356.05,11.454997803369208,9.341117731547179,L,binocular,2,"/Volumes/Data-1/Nimrod/experiments/PV_106/2025_08_06/block_008/oe_files/PV106_ET_d3t12025-08-06_11-52-19/Record Node 102/analysis/recNames=Block008,Animal=PV_106/lizMov.mat",True,False,0,0,,2
PV_106,008,PV_106_block_008,PV_106_008_85538_R,85538.2,85604.8,12.694111479450632,150.4905350265818,R,binocular,2,"/Volumes/Data-1/Nimrod/experiments/PV_106/2025_08_06/block_008/oe_files/PV106_ET_d3t12025-08-06_11-52-19/Record Node 102/analysis/recNames=Block008,Animal=PV_106/lizMov.mat",True,False,1,0,49.94999999999709,2
PV_106,008,PV_106_block_008,PV_106_008_87520_L,87519.55,87602.8,12.400008375487834,335.498368878503,L,binocular,2,"/Volumes/Data-1/Nimrod/experiments/PV_106/2025_08_06/block_008/oe_files/PV106_ET_d3t12025-08-06_11-52-19/Record Node 102/analysis/recNames=Block008,Animal=PV_106/lizMov.mat",True,False,1,0,83.25,2
PV_106,008,PV_106_block_008,PV_106_008_88002_L,88002.4,88102.3,9.199854780385694,242.19993882631093,L,binocular,2,"/Volumes/Data-1/Nimrod/experiments/PV_106/2025_08_06/block_008/oe_files/PV106_ET_d3t12025-08-06_11-52-19/Record Node 102/analysis/recNames=Block008,Animal=PV_106/lizMov.mat",True,False,0,0,,2
PV_106,008,PV_106_block_008,PV_106_008_111296_L,111295.75,111395.65,10.479039269635006,18.379309093227228,L,binocular,2,"/Volumes/Data-1/Nimrod/experiments/PV_106/2025_08_06/block_008/oe_files/PV106_ET_d3t12025-08-06_11-52-19/Record Node 102/analysis/recNames=Block008,Animal=PV_106/lizMov.mat",True,False,0,0,,2
PV_106,008,PV_106_block_008,PV_106_008_111978_L,111978.4,112028.35,9.851104331008365,338.1427395820174,L,binocular,2,"/Volumes/Data-1/Nimrod/experiments/PV_106/2025_08_06/block_008/oe_files/PV106_ET_d3t12025-08-06_11-52-19/Record Node 102/analysis/recNames=Block008,Animal=PV_106/lizMov.mat",True,False,3,0,33.30000000000291,2
PV_106,008,PV_106_block_008,PV_106_008_112894_L,112894.15,112960.75,8.955349861198936,173.32416057476135,L,binocular,2,"/Volumes/Data-1/Nimrod/experiments/PV_106/2025_08_06/block_008/oe_files/PV106_ET_d3t12025-08-06_11-52-19/Record Node 102/analysis/recNames=Block008,Animal=PV_106/lizMov.mat",True,False,0,0,,2
PV_106,008,PV_106_block_008,PV_106_008_114792_L,114792.25,114875.5,10.282584018281858,9.660515919354346,L,binocular,2,"/Volumes/Data-1/Nimrod/experiments/PV_106/2025_08_06/block_008/oe_files/PV106_ET_d3t12025-08-06_11-52-19/Record Node 102/analysis/recNames=Block008,Animal=PV_106/lizMov.mat",True,False,0,0,,2
PV_106,008,PV_106_block_008,PV_106_008_115109_L,115108.6,115158.55,9.321690639276705,356.70528224156175,L,binocular,2,"/Volumes/Data-1/Nimrod/experiments/PV_106/2025_08_06/block_008/oe_files/PV106_ET_d3t12025-08-06_11-52-19/Record Node 102/analysis/recNames=Block008,Animal=PV_106/lizMov.mat",True,False,3,0,33.29999999998836,2
PV_106,008,PV_106_block_008,PV_106_008_116191_L,116190.85,116257.45,7.537192077470288,162.41967930912438,L,binocular,2,"/Volumes/Data-1/Nimrod/experiments/PV_106/2025_08_06/block_008/oe_files/PV106_ET_d3t12025-08-06_11-52-19/Record Node 102/analysis/recNames=Block008,Animal=PV_106/lizMov.mat",True,False,1,0,33.29999999998836,2
PV_106,008,PV_106_block_008,PV_106_008_118289_L,118288.75,118322.05,14.326169789628116,5.926973912277667,L,binocular,2,"/Volumes/Data-1/Nimrod/experiments/PV_106/2025_08_06/block_008/oe_files/PV106_ET_d3t12025-08-06_11-52-19/Record Node 102/analysis/recNames=Block008,Animal=PV_106/lizMov.mat",True,False,2,0,33.30000000000291,2
PV_106,008,PV_106_block_008,PV_106_008_121252_L,121252.45,121352.35,8.963583528154311,357.84967484607085,L,binocular,2,"/Volumes/Data-1/Nimrod/experiments/PV_106/2025_08_06/block_008/oe_files/PV106_ET_d3t12025-08-06_11-52-19/Record Node 102/analysis/recNames=Block008,Animal=PV_106/lizMov.mat",True,False,1,0,83.25,2
PV_106,008,PV_106_block_008,PV_106_008_121602_L,121602.1,121751.95,9.074112354983155,182.41194246034527,L,binocular,2,"/Volumes/Data-1/Nimrod/experiments/PV_106/2025_08_06/block_008/oe_files/PV106_ET_d3t12025-08-06_11-52-19/Record Node 102/analysis/recNames=Block008,Animal=PV_106/lizMov.mat",True,False,1,0,149.84999999999127,2
PV_106,008,PV_106_block_008,PV_106_008_124516_L,124515.85,124549.15,10.005071250123553,356.89720526657953,L,binocular,2,"/Volumes/Data-1/Nimrod/experiments/PV_106/2025_08_06/block_008/oe_files/PV106_ET_d3t12025-08-06_11-52-19/Record Node 102/analysis/recNames=Block008,Animal=PV_106/lizMov.mat",True,False,1,0,33.29999999998836,2
PV_106,008,PV_106_block_008,PV_106_008_125864_R,125864.5,125897.8,9.580035546541659,179.2383301703054,R,binocular,2,"/Volumes/Data-1/Nimrod/experiments/PV_106/2025_08_06/block_008/oe_files/PV106_ET_d3t12025-08-06_11-52-19/Record Node 102/analysis/recNames=Block008,Animal=PV_106/lizMov.mat",True,False,3,0,33.30000000000291,2
PV_106,008,PV_106_block_008,PV_106_008_127363_L,127363.0,127429.6,11.734401907832476,4.3727888470278,L,binocular,2,"/Volumes/Data-1/Nimrod/experiments/PV_106/2025_08_06/block_008/oe_files/PV106_ET_d3t12025-08-06_11-52-19/Record Node 102/analysis/recNames=Block008,Animal=PV_106/lizMov.mat",True,False,3,0,83.25,2
PV_106,008,PV_106_block_008,PV_106_008_128795_L,128794.9,128861.5,12.438015743915862,156.59628598790312,L,binocular,2,"/Volumes/Data-1/Nimrod/experiments/PV_106/2025_08_06/block_008/oe_files/PV106_ET_d3t12025-08-06_11-52-19/Record Node 102/analysis/recNames=Block008,Animal=PV_106/lizMov.mat",True,True,3,1,66.60000000000582,2
PV_106,008,PV_106_block_008,PV_106_008_129028_R,129028.0,129111.25,7.198015852702875,246.0921296285651,R,binocular,2,"/Volumes/Data-1/Nimrod/experiments/PV_106/2025_08_06/block_008/oe_files/PV106_ET_d3t12025-08-06_11-52-19/Record Node 102/analysis/recNames=Block008,Animal=PV_106/lizMov.mat",True,False,1,0,49.94999999999709,2
PV_106,008,PV_106_block_008,PV_106_008_130227_L,130226.8,130293.4,15.903970760354126,15.402535752854918,L,binocular,2,"/Volumes/Data-1/Nimrod/experiments/PV_106/2025_08_06/block_008/oe_files/PV106_ET_d3t12025-08-06_11-52-19/Record Node 102/analysis/recNames=Block008,Animal=PV_106/lizMov.mat",True,False,2,0,66.59999999999127,2
PV_106,008,PV_106_block_008,PV_106_008_130293_L,130293.4,130393.3,22.579721963675272,287.47406350592763,L,binocular,2,"/Volumes/Data-1/Nimrod/experiments/PV_106/2025_08_06/block_008/oe_files/PV106_ET_d3t12025-08-06_11-52-19/Record Node 102/analysis/recNames=Block008,Animal=PV_106/lizMov.mat",True,True,3,1,49.95000000001164,2
PV_106,008,PV_106_block_008,PV_106_008_132907_L,132907.45,132974.05,9.037114709616352,248.8118566283958,L,binocular,2,"/Volumes/Data-1/Nimrod/experiments/PV_106/2025_08_06/block_008/oe_files/PV106_ET_d3t12025-08-06_11-52-19/Record Node 102/analysis/recNames=Block008,Animal=PV_106/lizMov.mat",True,False,1,0,33.29999999998836,2
PV_106,008,PV_106_block_008,PV_106_008_147443_L,147442.9,147526.15,23.76708828820037,304.17578613922126,L,binocular,2,"/Volumes/Data-1/Nimrod/experiments/PV_106/2025_08_06/block_008/oe_files/PV106_ET_d3t12025-08-06_11-52-19/Record Node 102/analysis/recNames=Block008,Animal=PV_106/lizMov.mat",True,False,1,0,99.89999999999418,2
PV_106,008,PV_106_block_008,PV_106_008_171802_L,171801.85,171835.15,11.461110169351782,179.27182165056084,L,binocular,2,"/Volumes/Data-1/Nimrod/experiments/PV_106/2025_08_06/block_008/oe_files/PV106_ET_d3t12025-08-06_11-52-19/Record Node 102/analysis/recNames=Block008,Animal=PV_106/lizMov.mat",True,True,3,1,33.29999999998836,2
PV_106,008,PV_106_block_008,PV_106_008_173866_L,173866.45,173949.7,17.307711796950343,6.698432298590555,L,binocular,2,"/Volumes/Data-1/Nimrod/experiments/PV_106/2025_08_06/block_008/oe_files/PV106_ET_d3t12025-08-06_11-52-19/Record Node 102/analysis/recNames=Block008,Animal=PV_106/lizMov.mat",True,False,2,0,99.89999999999418,2
PV_106,008,PV_106_block_008,PV_106_008_174199_R,174199.45,174332.65,7.517392145477144,21.074047543924095,R,binocular,2,"/Volumes/Data-1/Nimrod/experiments/PV_106/2025_08_06/block_008/oe_files/PV106_ET_d3t12025-08-06_11-52-19/Record Node 102/analysis/recNames=Block008,Animal=PV_106/lizMov.mat",True,False,2,0,49.94999999998254,2
PV_106,008,PV_106_block_008,PV_106_008_174449_L,174449.2,174499.15,9.32048651803683,5.24327012763611,L,binocular,2,"/Volumes/Data-1/Nimrod/experiments/PV_106/2025_08_06/block_008/oe_files/PV106_ET_d3t12025-08-06_11-52-19/Record Node 102/analysis/recNames=Block008,Animal=PV_106/lizMov.mat",True,False,3,0,33.29999999998836,2
PV_106,008,PV_106_block_008,PV_106_008_174482_L,174482.5,174582.4,7.167594848993327,180.43432506701987,L,binocular,2,"/Volumes/Data-1/Nimrod/experiments/PV_106/2025_08_06/block_008/oe_files/PV106_ET_d3t12025-08-06_11-52-19/Record Node 102/analysis/recNames=Block008,Animal=PV_106/lizMov.mat",True,False,1,0,33.29999999998836,2
PV_106,008,PV_106_block_008,PV_106_008_175332_L,175331.65,175364.95,8.031725970602173,174.62561469795608,L,binocular,2,"/Volumes/Data-1/Nimrod/experiments/PV_106/2025_08_06/block_008/oe_files/PV106_ET_d3t12025-08-06_11-52-19/Record Node 102/analysis/recNames=Block008,Animal=PV_106/lizMov.mat",True,False,2,0,16.64999999999418,2
PV_106,008,PV_106_block_008,PV_106_008_175531_L,175531.45,175564.75,7.006609785353895,175.97503190814066,L,binocular,2,"/Volumes/Data-1/Nimrod/experiments/PV_106/2025_08_06/block_008/oe_files/PV106_ET_d3t12025-08-06_11-52-19/Record Node 102/analysis/recNames=Block008,Animal=PV_106/lizMov.mat",True,False,2,0,33.29999999998836,2
PV_106,008,PV_106_block_008,PV_106_008_177396_L,177396.25,177496.15,12.872665410348738,8.535836142340857,L,binocular,2,"/Volumes/Data-1/Nimrod/experiments/PV_106/2025_08_06/block_008/oe_files/PV106_ET_d3t12025-08-06_11-52-19/Record Node 102/analysis/recNames=Block008,Animal=PV_106/lizMov.mat",True,False,2,0,66.60000000000582,2
PV_106,008,PV_106_block_008,PV_106_008_177829_L,177829.15,177879.1,21.22681336855225,355.87059122571185,L,binocular,2,"/Volumes/Data-1/Nimrod/experiments/PV_106/2025_08_06/block_008/oe_files/PV106_ET_d3t12025-08-06_11-52-19/Record Node 102/analysis/recNames=Block008,Animal=PV_106/lizMov.mat",True,False,2,0,33.30000000001746,2
PV_106,008,PV_106_block_008,PV_106_008_177862_L,177862.45,178062.25,19.21474834679616,166.2359610860837,L,binocular,2,"/Volumes/Data-1/Nimrod/experiments/PV_106/2025_08_06/block_008/oe_files/PV106_ET_d3t12025-08-06_11-52-19/Record Node 102/analysis/recNames=Block008,Animal=PV_106/lizMov.mat",True,False,0,0,,2
PV_106,008,PV_106_block_008,PV_106_008_178878_R,178878.1,178928.05,7.248226843876191,171.94161899702254,R,binocular,2,"/Volumes/Data-1/Nimrod/experiments/PV_106/2025_08_06/block_008/oe_files/PV106_ET_d3t12025-08-06_11-52-19/Record Node 102/analysis/recNames=Block008,Animal=PV_106/lizMov.mat",True,False,2,0,49.94999999998254,2
PV_106,008,PV_106_block_008,PV_106_008_180526_L,180526.45,180576.4,7.2271717068562396,5.507732300819096,L,binocular,2,"/Volumes/Data-1/Nimrod/experiments/PV_106/2025_08_06/block_008/oe_files/PV106_ET_d3t12025-08-06_11-52-19/Record Node 102/analysis/recNames=Block008,Animal=PV_106/lizMov.mat",True,False,1,0,99.89999999999418,2
PV_106,008,PV_106_block_008,PV_106_008_180859_L,180859.45,180892.75,11.01890414552802,351.69915015547315,L,binocular,2,"/Volumes/Data-1/Nimrod/experiments/PV_106/2025_08_06/block_008/oe_files/PV106_ET_d3t12025-08-06_11-52-19/Record Node 102/analysis/recNames=Block008,Animal=PV_106/lizMov.mat",True,False,4,0,33.29999999998836,2
PV_106,008,PV_106_block_008,PV_106_008_184323_L,184322.65,184355.95,7.640350926579477,4.725076905885435,L,binocular,2,"/Volumes/Data-1/Nimrod/experiments/PV_106/2025_08_06/block_008/oe_files/PV106_ET_d3t12025-08-06_11-52-19/Record Node 102/analysis/recNames=Block008,Animal=PV_106/lizMov.mat",True,False,2,0,16.64999999999418,2
PV_106,008,PV_106_block_008,PV_106_008_185388_L,185388.25,185454.85,11.355447066855353,149.58732914972381,L,binocular,2,"/Volumes/Data-1/Nimrod/experiments/PV_106/2025_08_06/block_008/oe_files/PV106_ET_d3t12025-08-06_11-52-19/Record Node 102/analysis/recNames=Block008,Animal=PV_106/lizMov.mat",True,False,1,0,49.95000000001164,2
PV_106,008,PV_106_block_008,PV_106_008_187286_L,187286.35,187369.6,8.16332636937952,343.13002600719284,L,binocular,2,"/Volumes/Data-1/Nimrod/experiments/PV_106/2025_08_06/block_008/oe_files/PV106_ET_d3t12025-08-06_11-52-19/Record Node 102/analysis/recNames=Block008,Animal=PV_106/lizMov.mat",True,False,1,0,66.60000000000582,2
PV_106,008,PV_106_block_008,PV_106_008_191665_L,191665.3,191731.9,8.883930712330736,157.79632622727513,L,binocular,2,"/Volumes/Data-1/Nimrod/experiments/PV_106/2025_08_06/block_008/oe_files/PV106_ET_d3t12025-08-06_11-52-19/Record Node 102/analysis/recNames=Block008,Animal=PV_106/lizMov.mat",True,False,0,0,,2
PV_106,008,PV_106_block_008,PV_106_008_193547_L,193546.75,193613.35,10.158788508235576,352.4870617529851,L,binocular,2,"/Volumes/Data-1/Nimrod/experiments/PV_106/2025_08_06/block_008/oe_files/PV106_ET_d3t12025-08-06_11-52-19/Record Node 102/analysis/recNames=Block008,Animal=PV_106/lizMov.mat",True,False,1,0,49.95000000001164,2
PV_106,008,PV_106_block_008,PV_106_008_199907_L,199907.05,199957.0,7.284168167792532,348.0205391566718,L,binocular,2,"/Volumes/Data-1/Nimrod/experiments/PV_106/2025_08_06/block_008/oe_files/PV106_ET_d3t12025-08-06_11-52-19/Record Node 102/analysis/recNames=Block008,Animal=PV_106/lizMov.mat",True,False,0,0,,2
PV_106,008,PV_106_block_008,PV_106_008_200207_L,200206.75,200240.05,10.649943764677174,357.40016939927875,L,binocular,2,"/Volumes/Data-1/Nimrod/experiments/PV_106/2025_08_06/block_008/oe_files/PV106_ET_d3t12025-08-06_11-52-19/Record Node 102/analysis/recNames=Block008,Animal=PV_106/lizMov.mat",True,False,2,0,33.29999999998836,2
PV_106,008,PV_106_block_008,PV_106_008_203620_L,203620.0,203669.95,7.514311700747363,37.46632990021905,L,binocular,2,"/Volumes/Data-1/Nimrod/experiments/PV_106/2025_08_06/block_008/oe_files/PV106_ET_d3t12025-08-06_11-52-19/Record Node 102/analysis/recNames=Block008,Animal=PV_106/lizMov.mat",True,False,1,0,49.95000000001164,2
PV_106,008,PV_106_block_008,PV_106_008_236837_L,236836.75,236886.7,7.636575187738597,7.54982650886387,L,binocular,2,"/Volumes/Data-1/Nimrod/experiments/PV_106/2025_08_06/block_008/oe_files/PV106_ET_d3t12025-08-06_11-52-19/Record Node 102/analysis/recNames=Block008,Animal=PV_106/lizMov.mat",True,False,0,0,,2
PV_106,008,PV_106_block_008,PV_106_008_240416_L,240416.5,240466.45,10.711092255052643,349.2829031651223,L,binocular,2,"/Volumes/Data-1/Nimrod/experiments/PV_106/2025_08_06/block_008/oe_files/PV106_ET_d3t12025-08-06_11-52-19/Record Node 102/analysis/recNames=Block008,Animal=PV_106/lizMov.mat",True,False,0,0,,2
PV_106,008,PV_106_block_008,PV_106_008_297476_L,297476.05,297575.95,7.6565323270141965,198.47156745356773,L,binocular,2,"/Volumes/Data-1/Nimrod/experiments/PV_106/2025_08_06/block_008/oe_files/PV106_ET_d3t12025-08-06_11-52-19/Record Node 102/analysis/recNames=Block008,Animal=PV_106/lizMov.mat",True,False,0,0,,2
PV_106,008,PV_106_block_008,PV_106_008_299824_L,299823.7,299873.65,11.474571507627317,350.5593536839003,L,binocular,2,"/Volumes/Data-1/Nimrod/experiments/PV_106/2025_08_06/block_008/oe_files/PV106_ET_d3t12025-08-06_11-52-19/Record Node 102/analysis/recNames=Block008,Animal=PV_106/lizMov.mat",True,False,0,0,,2
PV_106,008,PV_106_block_008,PV_106_008_300173_L,300173.35,300223.3,8.291723441301677,40.46313093625603,L,binocular,2,"/Volumes/Data-1/Nimrod/experiments/PV_106/2025_08_06/block_008/oe_files/PV106_ET_d3t12025-08-06_11-52-19/Record Node 102/analysis/recNames=Block008,Animal=PV_106/lizMov.mat",True,False,1,0,33.300000000046566,2
PV_106,008,PV_106_block_008,PV_106_008_300756_L,300756.1,300806.05,13.42290869575914,155.19927737179523,L,binocular,2,"/Volumes/Data-1/Nimrod/experiments/PV_106/2025_08_06/block_008/oe_files/PV106_ET_d3t12025-08-06_11-52-19/Record Node 102/analysis/recNames=Block008,Animal=PV_106/lizMov.mat",True,False,3,0,49.95000000001164,2
PV_106,008,PV_106_block_008,PV_106_008_302854_L,302854.0,302920.6,9.935070387811463,2.7520889690977794,L,binocular,2,"/Volumes/Data-1/Nimrod/experiments/PV_106/2025_08_06/block_008/oe_files/PV106_ET_d3t12025-08-06_11-52-19/Record Node 102/analysis/recNames=Block008,Animal=PV_106/lizMov.mat",True,False,0,0,,2
PV_106,008,PV_106_block_008,PV_106_008_315008_L,315008.5,315058.45,21.128409822966063,334.78316691226433,L,binocular,2,"/Volumes/Data-1/Nimrod/experiments/PV_106/2025_08_06/block_008/oe_files/PV106_ET_d3t12025-08-06_11-52-19/Record Node 102/analysis/recNames=Block008,Animal=PV_106/lizMov.mat",True,False,0,0,,2
PV_106,008,PV_106_block_008,PV_106_008_316390_L,316390.45,316457.05,10.834350120913978,160.34575051866565,L,binocular,2,"/Volumes/Data-1/Nimrod/experiments/PV_106/2025_08_06/block_008/oe_files/PV106_ET_d3t12025-08-06_11-52-19/Record Node 102/analysis/recNames=Block008,Animal=PV_106/lizMov.mat",True,False,0,0,,2
PV_106,008,PV_106_block_008,PV_106_008_347659_L,347659.15,347792.35,23.373867707393376,317.48102128420345,L,binocular,2,"/Volumes/Data-1/Nimrod/experiments/PV_106/2025_08_06/block_008/oe_files/PV106_ET_d3t12025-08-06_11-52-19/Record Node 102/analysis/recNames=Block008,Animal=PV_106/lizMov.mat",True,False,0,0,,2
PV_106,008,PV_106_block_008,PV_106_008_359780_L,359780.35,359813.65,14.724498466294024,127.41067654802028,L,binocular,2,"/Volumes/Data-1/Nimrod/experiments/PV_106/2025_08_06/block_008/oe_files/PV106_ET_d3t12025-08-06_11-52-19/Record Node 102/analysis/recNames=Block008,Animal=PV_106/lizMov.mat",True,False,1,0,33.300000000046566,2
PV_106,008,PV_106_block_008,PV_106_008_362361_L,362361.1,362444.35,9.87104192735523,354.01281170790406,L,binocular,2,"/Volumes/Data-1/Nimrod/experiments/PV_106/2025_08_06/block_008/oe_files/PV106_ET_d3t12025-08-06_11-52-19/Record Node 102/analysis/recNames=Block008,Animal=PV_106/lizMov.mat",True,False,0,0,,2
PV_106,008,PV_106_block_008,PV_106_008_362727_L,362727.4,362777.35,13.648718974448304,40.51477441207843,L,binocular,2,"/Volumes/Data-1/Nimrod/experiments/PV_106/2025_08_06/block_008/oe_files/PV106_ET_d3t12025-08-06_11-52-19/Record Node 102/analysis/recNames=Block008,Animal=PV_106/lizMov.mat",True,False,2,0,66.59999999997672,2
PV_106,008,PV_106_block_008,PV_106_008_365808_L,365807.65,365840.95,8.298505382465702,9.314131980554068,L,binocular,2,"/Volumes/Data-1/Nimrod/experiments/PV_106/2025_08_06/block_008/oe_files/PV106_ET_d3t12025-08-06_11-52-19/Record Node 102/analysis/recNames=Block008,Animal=PV_106/lizMov.mat",True,False,1,0,33.29999999998836,2
PV_106,008,PV_106_block_008,PV_106_008_366490_L,366490.3,366540.25,10.721803597919223,173.21414225153077,L,binocular,2,"/Volumes/Data-1/Nimrod/experiments/PV_106/2025_08_06/block_008/oe_files/PV106_ET_d3t12025-08-06_11-52-19/Record Node 102/analysis/recNames=Block008,Animal=PV_106/lizMov.mat",True,False,2,0,33.29999999998836,2
PV_106,008,PV_106_block_008,PV_106_008_428012_L,428012.05,428095.3,10.27011665693222,5.358379953276114,L,binocular,2,"/Volumes/Data-1/Nimrod/experiments/PV_106/2025_08_06/block_008/oe_files/PV106_ET_d3t12025-08-06_11-52-19/Record Node 102/analysis/recNames=Block008,Animal=PV_106/lizMov.mat",True,False,0,0,,2
PV_106,008,PV_106_block_008,PV_106_008_463044_L,463043.65,463093.6,7.771026696770065,343.819727891668,L,binocular,2,"/Volumes/Data-1/Nimrod/experiments/PV_106/2025_08_06/block_008/oe_files/PV106_ET_d3t12025-08-06_11-52-19/Record Node 102/analysis/recNames=Block008,Animal=PV_106/lizMov.mat",True,False,0,0,,2
PV_106,008,PV_106_block_008,PV_106_008_470220_L,470219.8,470336.35,24.07254751598531,314.38348047288594,L,binocular,2,"/Volumes/Data-1/Nimrod/experiments/PV_106/2025_08_06/block_008/oe_files/PV106_ET_d3t12025-08-06_11-52-19/Record Node 102/analysis/recNames=Block008,Animal=PV_106/lizMov.mat",True,False,0,0,,2
PV_106,008,PV_106_block_008,PV_106_008_484605_L,484605.4,484688.65,10.03554510175634,155.26161703130873,L,binocular,2,"/Volumes/Data-1/Nimrod/experiments/PV_106/2025_08_06/block_008/oe_files/PV106_ET_d3t12025-08-06_11-52-19/Record Node 102/analysis/recNames=Block008,Animal=PV_106/lizMov.mat",True,False,0,0,,2
PV_106,008,PV_106_block_008,PV_106_008_484772_L,484771.9,484805.2,7.148312160829165,127.12616120476973,L,binocular,2,"/Volumes/Data-1/Nimrod/experiments/PV_106/2025_08_06/block_008/oe_files/PV106_ET_d3t12025-08-06_11-52-19/Record Node 102/analysis/recNames=Block008,Animal=PV_106/lizMov.mat",True,False,1,0,133.19999999995343,2
PV_106,008,PV_106_block_008,PV_106_008_485388_L,485387.95,485454.55,11.176176213946947,150.38157414702206,L,binocular,2,"/Volumes/Data-1/Nimrod/experiments/PV_106/2025_08_06/block_008/oe_files/PV106_ET_d3t12025-08-06_11-52-19/Record Node 102/analysis/recNames=Block008,Animal=PV_106/lizMov.mat",True,False,2,0,49.95000000001164,2
PV_106,008,PV_106_block_008,PV_106_008_486603_R,486603.4,486686.65,7.695024854123671,289.6048784932452,R,binocular,2,"/Volumes/Data-1/Nimrod/experiments/PV_106/2025_08_06/block_008/oe_files/PV106_ET_d3t12025-08-06_11-52-19/Record Node 102/analysis/recNames=Block008,Animal=PV_106/lizMov.mat",True,False,0,0,,2
PV_106,008,PV_106_block_008,PV_106_008_487253_L,487252.75,487319.35,12.635225300952577,5.292506626613787,L,binocular,2,"/Volumes/Data-1/Nimrod/experiments/PV_106/2025_08_06/block_008/oe_files/PV106_ET_d3t12025-08-06_11-52-19/Record Node 102/analysis/recNames=Block008,Animal=PV_106/lizMov.mat",True,False,1,0,49.95000000001164,2
PV_106,008,PV_106_block_008,PV_106_008_489500_L,489500.5,489567.1,24.193721069944417,358.10281165323295,L,binocular,2,"/Volumes/Data-1/Nimrod/experiments/PV_106/2025_08_06/block_008/oe_files/PV106_ET_d3t12025-08-06_11-52-19/Record Node 102/analysis/recNames=Block008,Animal=PV_106/lizMov.mat",True,True,3,2,66.59999999997672,2
PV_106,008,PV_106_block_008,PV_106_008_490583_L,490582.75,490632.7,17.681160856393173,8.500210818699216,L,binocular,2,"/Volumes/Data-1/Nimrod/experiments/PV_106/2025_08_06/block_008/oe_files/PV106_ET_d3t12025-08-06_11-52-19/Record Node 102/analysis/recNames=Block008,Animal=PV_106/lizMov.mat",True,False,3,0,49.95000000001164,2
PV_106,008,PV_106_block_008,PV_106_008_547393_R,547392.55,547475.8,11.660060368998288,168.1800008825911,R,binocular,2,"/Volumes/Data-1/Nimrod/experiments/PV_106/2025_08_06/block_008/oe_files/PV106_ET_d3t12025-08-06_11-52-19/Record Node 102/analysis/recNames=Block008,Animal=PV_106/lizMov.mat",True,False,0,0,,2
PV_106,008,PV_106_block_008,PV_106_008_547609_L,547609.0,547642.3,10.311320020670184,139.21623880344282,L,binocular,2,"/Volumes/Data-1/Nimrod/experiments/PV_106/2025_08_06/block_008/oe_files/PV106_ET_d3t12025-08-06_11-52-19/Record Node 102/analysis/recNames=Block008,Animal=PV_106/lizMov.mat",True,True,3,1,16.650000000023283,2
PV_106,008,PV_106_block_008,PV_106_008_549740_L,549740.2,549773.5,14.450771970530415,355.3201393314658,L,binocular,2,"/Volumes/Data-1/Nimrod/experiments/PV_106/2025_08_06/block_008/oe_files/PV106_ET_d3t12025-08-06_11-52-19/Record Node 102/analysis/recNames=Block008,Animal=PV_106/lizMov.mat",True,False,2,0,33.300000000046566,2
PV_106,008,PV_106_block_008,PV_106_008_549774_L,549773.5,549873.4,8.93826476707914,166.8611201245614,L,binocular,2,"/Volumes/Data-1/Nimrod/experiments/PV_106/2025_08_06/block_008/oe_files/PV106_ET_d3t12025-08-06_11-52-19/Record Node 102/analysis/recNames=Block008,Animal=PV_106/lizMov.mat",True,False,1,0,149.84999999997672,2
PV_106,008,PV_106_block_008,PV_106_008_550772_L,550772.5,550805.8,13.52519452874719,161.6041724326622,L,binocular,2,"/Volumes/Data-1/Nimrod/experiments/PV_106/2025_08_06/block_008/oe_files/PV106_ET_d3t12025-08-06_11-52-19/Record Node 102/analysis/recNames=Block008,Animal=PV_106/lizMov.mat",True,False,3,0,33.300000000046566,2
PV_106,008,PV_106_block_008,PV_106_008_553120_L,553120.15,553170.1,9.987164473815131,345.5203363012362,L,binocular,2,"/Volumes/Data-1/Nimrod/experiments/PV_106/2025_08_06/block_008/oe_files/PV106_ET_d3t12025-08-06_11-52-19/Record Node 102/analysis/recNames=Block008,Animal=PV_106/lizMov.mat",True,False,1,0,66.59999999997672,2
PV_106,008,PV_106_block_008,PV_106_008_554102_L,554102.5,554169.1,12.459494327636273,155.10122731619853,L,binocular,2,"/Volumes/Data-1/Nimrod/experiments/PV_106/2025_08_06/block_008/oe_files/PV106_ET_d3t12025-08-06_11-52-19/Record Node 102/analysis/recNames=Block008,Animal=PV_106/lizMov.mat",True,False,2,0,49.949999999953434,2
PV_106,008,PV_106_block_008,PV_106_008_559347_L,559347.25,559397.2,10.915036055625535,351.37817083261814,L,binocular,2,"/Volumes/Data-1/Nimrod/experiments/PV_106/2025_08_06/block_008/oe_files/PV106_ET_d3t12025-08-06_11-52-19/Record Node 102/analysis/recNames=Block008,Animal=PV_106/lizMov.mat",True,False,0,0,,2
PV_106,008,PV_106_block_008,PV_106_008_562760_L,562760.5,562793.8,8.755854131153804,17.94013977487261,L,binocular,2,"/Volumes/Data-1/Nimrod/experiments/PV_106/2025_08_06/block_008/oe_files/PV106_ET_d3t12025-08-06_11-52-19/Record Node 102/analysis/recNames=Block008,Animal=PV_106/lizMov.mat",True,False,2,0,33.300000000046566,2
PV_106,008,PV_106_block_008,PV_106_008_587586_L,587585.65,587668.9,7.269711295108112,334.25154187335005,L,binocular,2,"/Volumes/Data-1/Nimrod/experiments/PV_106/2025_08_06/block_008/oe_files/PV106_ET_d3t12025-08-06_11-52-19/Record Node 102/analysis/recNames=Block008,Animal=PV_106/lizMov.mat",True,False,0,0,,2
PV_106,008,PV_106_block_008,PV_106_008_612744_L,612743.8,612777.1,9.224621283911338,35.303592951056686,L,binocular,2,"/Volumes/Data-1/Nimrod/experiments/PV_106/2025_08_06/block_008/oe_files/PV106_ET_d3t12025-08-06_11-52-19/Record Node 102/analysis/recNames=Block008,Animal=PV_106/lizMov.mat",True,False,2,0,16.649999999906868,2
PV_106,008,PV_106_block_008,PV_106_008_612760_L,612760.45,612893.65,7.08866774654432,186.2676474934129,L,binocular,2,"/Volumes/Data-1/Nimrod/experiments/PV_106/2025_08_06/block_008/oe_files/PV106_ET_d3t12025-08-06_11-52-19/Record Node 102/analysis/recNames=Block008,Animal=PV_106/lizMov.mat",True,False,0,0,,2
PV_106,008,PV_106_block_008,PV_106_008_613526_L,613526.35,613576.3,16.397793170833356,149.19251715239847,L,binocular,2,"/Volumes/Data-1/Nimrod/experiments/PV_106/2025_08_06/block_008/oe_files/PV106_ET_d3t12025-08-06_11-52-19/Record Node 102/analysis/recNames=Block008,Animal=PV_106/lizMov.mat",True,False,2,0,33.300000000046566,2
PV_106,008,PV_106_block_008,PV_106_008_614409_L,614408.8,614525.35,9.821047219919285,309.51061965686233,L,binocular,2,"/Volumes/Data-1/Nimrod/experiments/PV_106/2025_08_06/block_008/oe_files/PV106_ET_d3t12025-08-06_11-52-19/Record Node 102/analysis/recNames=Block008,Animal=PV_106/lizMov.mat",True,False,0,0,,2
PV_106,008,PV_106_block_008,PV_106_008_615374_L,615374.5,615424.45,12.740688259206237,357.72975274247534,L,binocular,2,"/Volumes/Data-1/Nimrod/experiments/PV_106/2025_08_06/block_008/oe_files/PV106_ET_d3t12025-08-06_11-52-19/Record Node 102/analysis/recNames=Block008,Animal=PV_106/lizMov.mat",True,False,2,0,33.300000000046566,2
PV_106,008,PV_106_block_008,PV_106_008_616573_L,616573.3,616623.25,12.394680271359077,152.1513744458355,L,binocular,2,"/Volumes/Data-1/Nimrod/experiments/PV_106/2025_08_06/block_008/oe_files/PV106_ET_d3t12025-08-06_11-52-19/Record Node 102/analysis/recNames=Block008,Animal=PV_106/lizMov.mat",True,False,3,0,49.949999999953434,2
PV_106,008,PV_106_block_008,PV_106_008_618188_L,618188.35,618221.65,9.094581920711875,1.418233880451838,L,binocular,2,"/Volumes/Data-1/Nimrod/experiments/PV_106/2025_08_06/block_008/oe_files/PV106_ET_d3t12025-08-06_11-52-19/Record Node 102/analysis/recNames=Block008,Animal=PV_106/lizMov.mat",True,False,3,0,33.300000000046566,2
PV_106,008,PV_106_block_008,PV_106_008_618555_L,618554.65,618604.6,8.11276299539857,349.4455655796741,L,binocular,2,"/Volumes/Data-1/Nimrod/experiments/PV_106/2025_08_06/block_008/oe_files/PV106_ET_d3t12025-08-06_11-52-19/Record Node 102/analysis/recNames=Block008,Animal=PV_106/lizMov.mat",True,False,2,0,33.29999999993015,2
PV_106,008,PV_106_block_008,PV_106_008_619687_L,619686.85,619720.15,12.349088984490388,155.53110446940383,L,binocular,2,"/Volumes/Data-1/Nimrod/experiments/PV_106/2025_08_06/block_008/oe_files/PV106_ET_d3t12025-08-06_11-52-19/Record Node 102/analysis/recNames=Block008,Animal=PV_106/lizMov.mat",True,False,2,0,49.95000000006985,2
PV_106,008,PV_106_block_008,PV_106_008_621518_L,621518.35,621584.95,9.24436409381087,354.11171244369984,L,binocular,2,"/Volumes/Data-1/Nimrod/experiments/PV_106/2025_08_06/block_008/oe_files/PV106_ET_d3t12025-08-06_11-52-19/Record Node 102/analysis/recNames=Block008,Animal=PV_106/lizMov.mat",True,False,0,0,,2
PV_106,008,PV_106_block_008,PV_106_008_622850_L,622850.35,622900.3,12.16890860957296,156.53466310457307,L,binocular,2,"/Volumes/Data-1/Nimrod/experiments/PV_106/2025_08_06/block_008/oe_files/PV106_ET_d3t12025-08-06_11-52-19/Record Node 102/analysis/recNames=Block008,Animal=PV_106/lizMov.mat",True,False,2,0,49.95000000006985,2
PV_106,008,PV_106_block_008,PV_106_008_626314_L,626313.55,626346.85,7.19671914580987,120.60202190309087,L,binocular,2,"/Volumes/Data-1/Nimrod/experiments/PV_106/2025_08_06/block_008/oe_files/PV106_ET_d3t12025-08-06_11-52-19/Record Node 102/analysis/recNames=Block008,Animal=PV_106/lizMov.mat",True,False,1,0,33.29999999993015,2
PV_106,008,PV_106_block_008,PV_106_008_628062_L,628061.8,628128.4,8.799743358776814,10.05259993750551,L,binocular,2,"/Volumes/Data-1/Nimrod/experiments/PV_106/2025_08_06/block_008/oe_files/PV106_ET_d3t12025-08-06_11-52-19/Record Node 102/analysis/recNames=Block008,Animal=PV_106/lizMov.mat",True,False,0,0,,2
PV_106,008,PV_106_block_008,PV_106_008_629460_L,629460.4,629510.35,7.296126867740046,133.31608445798602,L,binocular,2,"/Volumes/Data-1/Nimrod/experiments/PV_106/2025_08_06/block_008/oe_files/PV106_ET_d3t12025-08-06_11-52-19/Record Node 102/analysis/recNames=Block008,Animal=PV_106/lizMov.mat",True,False,3,0,83.25,2
PV_106,008,PV_106_block_008,PV_106_008_735171_L,735171.25,735204.55,9.416546425163093,140.20211855645658,L,binocular,2,"/Volumes/Data-1/Nimrod/experiments/PV_106/2025_08_06/block_008/oe_files/PV106_ET_d3t12025-08-06_11-52-19/Record Node 102/analysis/recNames=Block008,Animal=PV_106/lizMov.mat",True,True,3,1,16.650000000023283,2
PV_106,008,PV_106_block_008,PV_106_008_737386_L,737385.7,737468.95,9.96973156927581,1.6681127268028557,L,binocular,2,"/Volumes/Data-1/Nimrod/experiments/PV_106/2025_08_06/block_008/oe_files/PV106_ET_d3t12025-08-06_11-52-19/Record Node 102/analysis/recNames=Block008,Animal=PV_106/lizMov.mat",True,False,0,0,,2
PV_106,008,PV_106_block_008,PV_106_008_740632_L,740632.45,740682.4,9.339494184693132,359.14222525465544,L,binocular,2,"/Volumes/Data-1/Nimrod/experiments/PV_106/2025_08_06/block_008/oe_files/PV106_ET_d3t12025-08-06_11-52-19/Record Node 102/analysis/recNames=Block008,Animal=PV_106/lizMov.mat",True,False,1,0,49.95000000006985,2
PV_106,008,PV_106_block_008,PV_106_008_745578_L,745577.5,745727.35,14.63644190219625,316.8651750075952,L,binocular,2,"/Volumes/Data-1/Nimrod/experiments/PV_106/2025_08_06/block_008/oe_files/PV106_ET_d3t12025-08-06_11-52-19/Record Node 102/analysis/recNames=Block008,Animal=PV_106/lizMov.mat",True,False,1,0,83.25,2
PV_106,008,PV_106_block_008,PV_106_008_770036_L,770036.35,770069.65,9.045728829243547,162.02342034897194,L,binocular,2,"/Volumes/Data-1/Nimrod/experiments/PV_106/2025_08_06/block_008/oe_files/PV106_ET_d3t12025-08-06_11-52-19/Record Node 102/analysis/recNames=Block008,Animal=PV_106/lizMov.mat",True,False,1,0,33.300000000046566,2
PV_106,008,PV_106_block_008,PV_106_008_797725_L,797725.3,797775.25,12.965846580454345,159.78804719281536,L,binocular,2,"/Volumes/Data-1/Nimrod/experiments/PV_106/2025_08_06/block_008/oe_files/PV106_ET_d3t12025-08-06_11-52-19/Record Node 102/analysis/recNames=Block008,Animal=PV_106/lizMov.mat",True,False,0,0,,2
PV_106,008,PV_106_block_008,PV_106_008_808781_L,808780.9,808880.8,22.52731078392715,30.91527514230467,L,binocular,2,"/Volumes/Data-1/Nimrod/experiments/PV_106/2025_08_06/block_008/oe_files/PV106_ET_d3t12025-08-06_11-52-19/Record Node 102/analysis/recNames=Block008,Animal=PV_106/lizMov.mat",True,False,0,0,,2
PV_106,008,PV_106_block_008,PV_106_008_810579_L,810579.1,810645.7,12.394907285744852,183.47509054265603,L,binocular,2,"/Volumes/Data-1/Nimrod/experiments/PV_106/2025_08_06/block_008/oe_files/PV106_ET_d3t12025-08-06_11-52-19/Record Node 102/analysis/recNames=Block008,Animal=PV_106/lizMov.mat",True,False,0,0,,2
PV_106,008,PV_106_block_008,PV_106_008_859913_L,859913.05,859963.0,7.552113362414949,188.26674948355836,L,binocular,2,"/Volumes/Data-1/Nimrod/experiments/PV_106/2025_08_06/block_008/oe_files/PV106_ET_d3t12025-08-06_11-52-19/Record Node 102/analysis/recNames=Block008,Animal=PV_106/lizMov.mat",True,False,1,0,116.54999999993015,2
PV_106,008,PV_106_block_008,PV_106_008_862460_L,862460.5,862510.45,14.31156415544846,20.329227355618595,L,binocular,2,"/Volumes/Data-1/Nimrod/experiments/PV_106/2025_08_06/block_008/oe_files/PV106_ET_d3t12025-08-06_11-52-19/Record Node 102/analysis/recNames=Block008,Animal=PV_106/lizMov.mat",True,False,1,0,49.949999999953434,2
PV_106,008,PV_106_block_008,PV_106_008_862744_L,862743.55,862776.85,11.022809813994407,24.529062332502505,L,binocular,2,"/Volumes/Data-1/Nimrod/experiments/PV_106/2025_08_06/block_008/oe_files/PV106_ET_d3t12025-08-06_11-52-19/Record Node 102/analysis/recNames=Block008,Animal=PV_106/lizMov.mat",True,False,3,0,16.649999999906868,2
PV_106,008,PV_106_block_008,PV_106_008_863293_L,863293.0,863326.3,7.112319846972413,166.0178225751979,L,binocular,2,"/Volumes/Data-1/Nimrod/experiments/PV_106/2025_08_06/block_008/oe_files/PV106_ET_d3t12025-08-06_11-52-19/Record Node 102/analysis/recNames=Block008,Animal=PV_106/lizMov.mat",True,False,0,0,,2
PV_106,008,PV_106_block_008,PV_106_008_922717_L,922716.85,922766.8,8.538926313180031,185.2078512431227,L,binocular,2,"/Volumes/Data-1/Nimrod/experiments/PV_106/2025_08_06/block_008/oe_files/PV106_ET_d3t12025-08-06_11-52-19/Record Node 102/analysis/recNames=Block008,Animal=PV_106/lizMov.mat",True,False,0,0,149.84999999997672,2
PV_106,008,PV_106_block_008,PV_106_008_922867_R,922866.7,922983.25,10.607290884867394,124.86228253522401,R,binocular,2,"/Volumes/Data-1/Nimrod/experiments/PV_106/2025_08_06/block_008/oe_files/PV106_ET_d3t12025-08-06_11-52-19/Record Node 102/analysis/recNames=Block008,Animal=PV_106/lizMov.mat",True,False,1,0,49.95000000006985,2
PV_106,008,PV_106_block_008,PV_106_008_924598_R,924598.3,924681.55,7.160196707696032,291.1796648516429,R,binocular,2,"/Volumes/Data-1/Nimrod/experiments/PV_106/2025_08_06/block_008/oe_files/PV106_ET_d3t12025-08-06_11-52-19/Record Node 102/analysis/recNames=Block008,Animal=PV_106/lizMov.mat",True,False,0,0,,2
PV_106,008,PV_106_block_008,PV_106_008_928228_L,928228.0,928294.6,7.692461036657164,1.2961989073348639,L,binocular,2,"/Volumes/Data-1/Nimrod/experiments/PV_106/2025_08_06/block_008/oe_files/PV106_ET_d3t12025-08-06_11-52-19/Record Node 102/analysis/recNames=Block008,Animal=PV_106/lizMov.mat",True,False,0,0,,2
PV_106,008,PV_106_block_008,PV_106_008_929394_L,929393.5,929443.45,9.874562264067507,160.79163578258087,L,binocular,2,"/Volumes/Data-1/Nimrod/experiments/PV_106/2025_08_06/block_008/oe_files/PV106_ET_d3t12025-08-06_11-52-19/Record Node 102/analysis/recNames=Block008,Animal=PV_106/lizMov.mat",True,False,1,0,66.59999999997672,2
PV_106,008,PV_106_block_008,PV_106_008_963110_L,963109.75,963176.35,10.200036428786502,348.8560031407334,L,binocular,2,"/Volumes/Data-1/Nimrod/experiments/PV_106/2025_08_06/block_008/oe_files/PV106_ET_d3t12025-08-06_11-52-19/Record Node 102/analysis/recNames=Block008,Animal=PV_106/lizMov.mat",True,False,0,0,,2
PV_106,008,PV_106_block_008,PV_106_008_61163_L,61162.6,61279.15,18.68712564060574,175.04536933083614,L,monocular,1,"/Volumes/Data-1/Nimrod/experiments/PV_106/2025_08_06/block_008/oe_files/PV106_ET_d3t12025-08-06_11-52-19/Record Node 102/analysis/recNames=Block008,Animal=PV_106/lizMov.mat",True,False,0,0,,1
PV_106,008,PV_106_block_008,PV_106_008_61596_L,61595.5,61712.05,11.198851989489523,166.6523200470921,L,monocular,1,"/Volumes/Data-1/Nimrod/experiments/PV_106/2025_08_06/block_008/oe_files/PV106_ET_d3t12025-08-06_11-52-19/Record Node 102/analysis/recNames=Block008,Animal=PV_106/lizMov.mat",True,False,0,0,,1
PV_106,008,PV_106_block_008,PV_106_008_71469_L,71468.95,71585.5,9.54720699318413,171.91580662618446,L,monocular,1,"/Volumes/Data-1/Nimrod/experiments/PV_106/2025_08_06/block_008/oe_files/PV106_ET_d3t12025-08-06_11-52-19/Record Node 102/analysis/recNames=Block008,Animal=PV_106/lizMov.mat",True,False,0,0,,1
PV_106,008,PV_106_block_008,PV_106_008_118322_L,118322.05,118438.6,10.95395086867854,180.59794752562775,L,monocular,1,"/Volumes/Data-1/Nimrod/experiments/PV_106/2025_08_06/block_008/oe_files/PV106_ET_d3t12025-08-06_11-52-19/Record Node 102/analysis/recNames=Block008,Animal=PV_106/lizMov.mat",True,False,2,0,33.30000000000291,1
PV_106,008,PV_106_block_008,PV_106_008_124549_L,124549.15,124699.0,14.766949934663417,176.9501696585738,L,monocular,1,"/Volumes/Data-1/Nimrod/experiments/PV_106/2025_08_06/block_008/oe_files/PV106_ET_d3t12025-08-06_11-52-19/Record Node 102/analysis/recNames=Block008,Animal=PV_106/lizMov.mat",True,True,2,1,33.30000000000291,1
PV_106,008,PV_106_block_008,PV_106_008_127613_L,127612.75,127679.35,14.675642690274852,0.03400098652045593,L,monocular,1,"/Volumes/Data-1/Nimrod/experiments/PV_106/2025_08_06/block_008/oe_files/PV106_ET_d3t12025-08-06_11-52-19/Record Node 102/analysis/recNames=Block008,Animal=PV_106/lizMov.mat",True,True,4,1,16.64999999999418,1
PV_106,008,PV_106_block_008,PV_106_008_132941_L,132940.75,133040.65,7.485014604501952,164.20941164877206,L,monocular,1,"/Volumes/Data-1/Nimrod/experiments/PV_106/2025_08_06/block_008/oe_files/PV106_ET_d3t12025-08-06_11-52-19/Record Node 102/analysis/recNames=Block008,Animal=PV_106/lizMov.mat",True,False,0,0,,1
PV_106,008,PV_106_block_008,PV_106_008_138552_L,138551.8,138668.35,25.11668781455452,72.76709221811842,L,monocular,1,"/Volumes/Data-1/Nimrod/experiments/PV_106/2025_08_06/block_008/oe_files/PV106_ET_d3t12025-08-06_11-52-19/Record Node 102/analysis/recNames=Block008,Animal=PV_106/lizMov.mat",True,False,0,0,,1
PV_106,008,PV_106_block_008,PV_106_008_172884_L,172884.1,172917.4,11.149500155368807,155.75573224007323,L,monocular,1,"/Volumes/Data-1/Nimrod/experiments/PV_106/2025_08_06/block_008/oe_files/PV106_ET_d3t12025-08-06_11-52-19/Record Node 102/analysis/recNames=Block008,Animal=PV_106/lizMov.mat",True,False,2,0,16.64999999999418,1
PV_106,008,PV_106_block_008,PV_106_008_298026_L,298025.5,298075.45,8.14654264172874,146.44939388718075,L,monocular,1,"/Volumes/Data-1/Nimrod/experiments/PV_106/2025_08_06/block_008/oe_files/PV106_ET_d3t12025-08-06_11-52-19/Record Node 102/analysis/recNames=Block008,Animal=PV_106/lizMov.mat",True,False,0,0,,1
PV_106,008,PV_106_block_008,PV_106_008_359647_L,359647.15,359713.75,9.796896506851265,143.09301968670243,L,monocular,1,"/Volumes/Data-1/Nimrod/experiments/PV_106/2025_08_06/block_008/oe_files/PV106_ET_d3t12025-08-06_11-52-19/Record Node 102/analysis/recNames=Block008,Animal=PV_106/lizMov.mat",True,False,1,0,133.19999999995343,1
PV_106,008,PV_106_block_008,PV_106_008_422001_L,422001.4,422068.0,8.290693139159918,173.88397533742133,L,monocular,1,"/Volumes/Data-1/Nimrod/experiments/PV_106/2025_08_06/block_008/oe_files/PV106_ET_d3t12025-08-06_11-52-19/Record Node 102/analysis/recNames=Block008,Animal=PV_106/lizMov.mat",True,False,0,0,,1
PV_106,008,PV_106_block_008,PV_106_008_422234_L,422234.5,422267.8,8.55649031197146,145.4586934819266,L,monocular,1,"/Volumes/Data-1/Nimrod/experiments/PV_106/2025_08_06/block_008/oe_files/PV106_ET_d3t12025-08-06_11-52-19/Record Node 102/analysis/recNames=Block008,Animal=PV_106/lizMov.mat",True,False,1,0,83.25,1
PV_106,008,PV_106_block_008,PV_106_008_547825_L,547825.45,547958.65,8.606986339226207,334.27302430039043,L,monocular,1,"/Volumes/Data-1/Nimrod/experiments/PV_106/2025_08_06/block_008/oe_files/PV106_ET_d3t12025-08-06_11-52-19/Record Node 102/analysis/recNames=Block008,Animal=PV_106/lizMov.mat",True,False,1,0,149.85000000009313,1
PV_106,008,PV_106_block_008,PV_106_008_619420_L,619420.45,619487.05,9.220269504820068,357.22303924134934,L,monocular,1,"/Volumes/Data-1/Nimrod/experiments/PV_106/2025_08_06/block_008/oe_files/PV106_ET_d3t12025-08-06_11-52-19/Record Node 102/analysis/recNames=Block008,Animal=PV_106/lizMov.mat",True,False,0,0,,1
PV_106,008,PV_106_block_008,PV_106_008_734988_L,734988.1,735038.05,10.26896567952583,162.5480042392132,L,monocular,1,"/Volumes/Data-1/Nimrod/experiments/PV_106/2025_08_06/block_008/oe_files/PV106_ET_d3t12025-08-06_11-52-19/Record Node 102/analysis/recNames=Block008,Animal=PV_106/lizMov.mat",True,False,1,0,49.95000000006985,1
PV_106,008,PV_106_block_008,PV_106_008_737702_L,737702.05,737735.35,13.872827183246287,35.56884807306544,L,monocular,1,"/Volumes/Data-1/Nimrod/experiments/PV_106/2025_08_06/block_008/oe_files/PV106_ET_d3t12025-08-06_11-52-19/Record Node 102/analysis/recNames=Block008,Animal=PV_106/lizMov.mat",True,True,3,1,16.649999999906868,1
PV_106,008,PV_106_block_008,PV_106_008_768405_L,768404.65,768504.55,14.87587100346703,65.8852618009776,L,monocular,1,"/Volumes/Data-1/Nimrod/experiments/PV_106/2025_08_06/block_008/oe_files/PV106_ET_d3t12025-08-06_11-52-19/Record Node 102/analysis/recNames=Block008,Animal=PV_106/lizMov.mat",True,False,1,0,116.54999999993015,1
PV_106,008,PV_106_block_008,PV_106_008_865391_L,865390.9,865474.15,9.877240325387746,160.94095160372444,L,monocular,1,"/Volumes/Data-1/Nimrod/experiments/PV_106/2025_08_06/block_008/oe_files/PV106_ET_d3t12025-08-06_11-52-19/Record Node 102/analysis/recNames=Block008,Animal=PV_106/lizMov.mat",True,True,2,1,83.25,1
PV_106,008,PV_106_block_008,PV_106_008_922567_L,922567.0,922666.9,9.461087067991988,288.62953752737826,L,monocular,1,"/Volumes/Data-1/Nimrod/experiments/PV_106/2025_08_06/block_008/oe_files/PV106_ET_d3t12025-08-06_11-52-19/Record Node 102/analysis/recNames=Block008,Animal=PV_106/lizMov.mat",True,False,2,0,149.84999999997672,1
PV_106,008,PV_106_block_008,PV_106_008_128728_R,128728.3,128794.9,12.669517138181352,342.280552610917,R,monocular,1,"/Volumes/Data-1/Nimrod/experiments/PV_106/2025_08_06/block_008/oe_files/PV106_ET_d3t12025-08-06_11-52-19/Record Node 102/analysis/recNames=Block008,Animal=PV_106/lizMov.mat",True,True,4,1,66.59999999999127,1
PV_106,008,PV_106_block_008,PV_106_008_177496_R,177496.15,177546.1,7.019325392182803,37.93551338711903,R,monocular,1,"/Volumes/Data-1/Nimrod/experiments/PV_106/2025_08_06/block_008/oe_files/PV106_ET_d3t12025-08-06_11-52-19/Record Node 102/analysis/recNames=Block008,Animal=PV_106/lizMov.mat",True,False,1,0,66.60000000000582,1
PV_106,008,PV_106_block_008,PV_106_008_609380_R,609380.5,609463.75,7.879761108747204,256.9652637445704,R,monocular,1,"/Volumes/Data-1/Nimrod/experiments/PV_106/2025_08_06/block_008/oe_files/PV106_ET_d3t12025-08-06_11-52-19/Record Node 102/analysis/recNames=Block008,Animal=PV_106/lizMov.mat",True,False,0,0,,1
PV_106,008,PV_106_block_008,PV_106_008_619387_R,619387.15,619420.45,7.812638369363309,204.29544692442494,R,monocular,1,"/Volumes/Data-1/Nimrod/experiments/PV_106/2025_08_06/block_008/oe_files/PV106_ET_d3t12025-08-06_11-52-19/Record Node 102/analysis/recNames=Block008,Animal=PV_106/lizMov.mat",True,True,2,1,16.650000000023283,1
PV_106,008,PV_106_block_008,PV_106_008_860496_R,860495.8,860545.75,7.9289096200057285,131.67776252357095,R,monocular,1,"/Volumes/Data-1/Nimrod/experiments/PV_106/2025_08_06/block_008/oe_files/PV106_ET_d3t12025-08-06_11-52-19/Record Node 102/analysis/recNames=Block008,Animal=PV_106/lizMov.mat",True,False,0,0,,1
PV_106,009,PV_106_block_009,PV_106_009_35468_L,35468.5,35551.75,10.74469819595228,9.007529458549486,L,binocular,2,"/Volumes/Data-1/Nimrod/experiments/PV_106/2025_08_06/block_009/oe_files/PV106_ET_d3t2_2025-08-06_12-09-43/Record Node 102/analysis/recNames=Block009,Animal=PV_106/lizMov.mat",True,False,0,0,,2
PV_106,009,PV_106_block_009,PV_106_009_37317_L,37316.65,37383.25,9.316293643956104,153.65872608550245,L,binocular,2,"/Volumes/Data-1/Nimrod/experiments/PV_106/2025_08_06/block_009/oe_files/PV106_ET_d3t2_2025-08-06_12-09-43/Record Node 102/analysis/recNames=Block009,Animal=PV_106/lizMov.mat",True,False,0,0,,2
PV_106,009,PV_106_block_009,PV_106_009_50170_L,50170.45,50237.05,11.70462704754843,146.10702048452728,L,binocular,2,"/Volumes/Data-1/Nimrod/experiments/PV_106/2025_08_06/block_009/oe_files/PV106_ET_d3t2_2025-08-06_12-09-43/Record Node 102/analysis/recNames=Block009,Animal=PV_106/lizMov.mat",True,False,0,0,,2
PV_106,009,PV_106_block_009,PV_106_009_52002_L,52001.95,52068.55,10.417366137531248,352.2929958398789,L,binocular,2,"/Volumes/Data-1/Nimrod/experiments/PV_106/2025_08_06/block_009/oe_files/PV106_ET_d3t2_2025-08-06_12-09-43/Record Node 102/analysis/recNames=Block009,Animal=PV_106/lizMov.mat",True,False,0,0,,2
PV_106,009,PV_106_block_009,PV_106_009_56181_R,56181.1,56264.35,10.655762408080992,162.20014436229772,R,binocular,2,"/Volumes/Data-1/Nimrod/experiments/PV_106/2025_08_06/block_009/oe_files/PV106_ET_d3t2_2025-08-06_12-09-43/Record Node 102/analysis/recNames=Block009,Animal=PV_106/lizMov.mat",True,False,3,0,49.950000000004366,2
PV_106,009,PV_106_block_009,PV_106_009_56364_R,56364.25,56397.55,7.360918792448561,158.9486801330749,R,binocular,2,"/Volumes/Data-1/Nimrod/experiments/PV_106/2025_08_06/block_009/oe_files/PV106_ET_d3t2_2025-08-06_12-09-43/Record Node 102/analysis/recNames=Block009,Animal=PV_106/lizMov.mat",True,False,2,0,33.30000000000291,2
PV_106,009,PV_106_block_009,PV_106_009_57263_R,57263.35,57346.6,10.544657056335806,261.7132821583425,R,binocular,2,"/Volumes/Data-1/Nimrod/experiments/PV_106/2025_08_06/block_009/oe_files/PV106_ET_d3t2_2025-08-06_12-09-43/Record Node 102/analysis/recNames=Block009,Animal=PV_106/lizMov.mat",True,False,0,0,,2
PV_106,009,PV_106_block_009,PV_106_009_57913_L,57912.7,57962.65,14.949351970275469,28.579796915441257,L,binocular,2,"/Volumes/Data-1/Nimrod/experiments/PV_106/2025_08_06/block_009/oe_files/PV106_ET_d3t2_2025-08-06_12-09-43/Record Node 102/analysis/recNames=Block009,Animal=PV_106/lizMov.mat",True,False,4,0,49.950000000004366,2
PV_106,009,PV_106_block_009,PV_106_009_57996_R,57995.95,58062.55,7.035259398557648,143.3599507983071,R,binocular,2,"/Volumes/Data-1/Nimrod/experiments/PV_106/2025_08_06/block_009/oe_files/PV106_ET_d3t2_2025-08-06_12-09-43/Record Node 102/analysis/recNames=Block009,Animal=PV_106/lizMov.mat",True,False,1,0,33.30000000000291,2
PV_106,009,PV_106_block_009,PV_106_009_58246_L,58245.7,58295.65,12.176733182105076,4.368450271315105,L,binocular,2,"/Volumes/Data-1/Nimrod/experiments/PV_106/2025_08_06/block_009/oe_files/PV106_ET_d3t2_2025-08-06_12-09-43/Record Node 102/analysis/recNames=Block009,Animal=PV_106/lizMov.mat",True,False,2,0,33.30000000000291,2
PV_106,009,PV_106_block_009,PV_106_009_59728_R,59727.55,59810.8,9.426484523281673,157.81344714612055,R,binocular,2,"/Volumes/Data-1/Nimrod/experiments/PV_106/2025_08_06/block_009/oe_files/PV106_ET_d3t2_2025-08-06_12-09-43/Record Node 102/analysis/recNames=Block009,Animal=PV_106/lizMov.mat",True,False,0,0,,2
PV_106,009,PV_106_block_009,PV_106_009_61426_L,61425.85,61509.1,7.123512617072759,342.5749703803365,L,binocular,2,"/Volumes/Data-1/Nimrod/experiments/PV_106/2025_08_06/block_009/oe_files/PV106_ET_d3t2_2025-08-06_12-09-43/Record Node 102/analysis/recNames=Block009,Animal=PV_106/lizMov.mat",True,False,0,0,,2
PV_106,009,PV_106_block_009,PV_106_009_62442_R,62441.5,62491.45,9.84931654313807,161.03131006934242,R,binocular,2,"/Volumes/Data-1/Nimrod/experiments/PV_106/2025_08_06/block_009/oe_files/PV106_ET_d3t2_2025-08-06_12-09-43/Record Node 102/analysis/recNames=Block009,Animal=PV_106/lizMov.mat",True,False,2,0,33.30000000000291,2
PV_106,009,PV_106_block_009,PV_106_009_64673_L,64672.6,64722.55,9.709449498218927,350.7146894755438,L,binocular,2,"/Volumes/Data-1/Nimrod/experiments/PV_106/2025_08_06/block_009/oe_files/PV106_ET_d3t2_2025-08-06_12-09-43/Record Node 102/analysis/recNames=Block009,Animal=PV_106/lizMov.mat",True,False,1,0,33.30000000000291,2
PV_106,009,PV_106_block_009,PV_106_009_65788_R,65788.15,65838.1,13.439901557174883,162.93393775257596,R,binocular,2,"/Volumes/Data-1/Nimrod/experiments/PV_106/2025_08_06/block_009/oe_files/PV106_ET_d3t2_2025-08-06_12-09-43/Record Node 102/analysis/recNames=Block009,Animal=PV_106/lizMov.mat",True,False,5,0,49.95000000001164,2
PV_106,009,PV_106_block_009,PV_106_009_72298_L,72298.3,72348.25,7.018866475271548,162.87196581488456,L,binocular,2,"/Volumes/Data-1/Nimrod/experiments/PV_106/2025_08_06/block_009/oe_files/PV106_ET_d3t2_2025-08-06_12-09-43/Record Node 102/analysis/recNames=Block009,Animal=PV_106/lizMov.mat",True,False,0,0,,2
PV_106,009,PV_106_block_009,PV_106_009_74280_L,74279.65,74362.9,16.432163377589717,329.88602620359694,L,binocular,2,"/Volumes/Data-1/Nimrod/experiments/PV_106/2025_08_06/block_009/oe_files/PV106_ET_d3t2_2025-08-06_12-09-43/Record Node 102/analysis/recNames=Block009,Animal=PV_106/lizMov.mat",True,False,0,0,,2
PV_106,009,PV_106_block_009,PV_106_009_94926_L,94925.65,95025.55,8.320476122083726,321.61228322813827,L,binocular,2,"/Volumes/Data-1/Nimrod/experiments/PV_106/2025_08_06/block_009/oe_files/PV106_ET_d3t2_2025-08-06_12-09-43/Record Node 102/analysis/recNames=Block009,Animal=PV_106/lizMov.mat",True,False,0,0,,2
PV_106,009,PV_106_block_009,PV_106_009_98372_L,98372.2,98472.1,10.910891476733902,22.002202777872697,L,binocular,2,"/Volumes/Data-1/Nimrod/experiments/PV_106/2025_08_06/block_009/oe_files/PV106_ET_d3t2_2025-08-06_12-09-43/Record Node 102/analysis/recNames=Block009,Animal=PV_106/lizMov.mat",True,False,0,0,,2
PV_106,009,PV_106_block_009,PV_106_009_161109_R,161109.4,161209.3,8.966531230041538,306.63673550234836,R,binocular,2,"/Volumes/Data-1/Nimrod/experiments/PV_106/2025_08_06/block_009/oe_files/PV106_ET_d3t2_2025-08-06_12-09-43/Record Node 102/analysis/recNames=Block009,Animal=PV_106/lizMov.mat",True,False,0,0,,2
PV_106,009,PV_106_block_009,PV_106_009_283753_L,283753.3,283819.9,11.617000405983788,168.9707654039303,L,binocular,2,"/Volumes/Data-1/Nimrod/experiments/PV_106/2025_08_06/block_009/oe_files/PV106_ET_d3t2_2025-08-06_12-09-43/Record Node 102/analysis/recNames=Block009,Animal=PV_106/lizMov.mat",True,False,0,0,,2
PV_106,009,PV_106_block_009,PV_106_009_320766_R,320766.25,320849.5,12.96920395459333,179.31680921458914,R,binocular,2,"/Volumes/Data-1/Nimrod/experiments/PV_106/2025_08_06/block_009/oe_files/PV106_ET_d3t2_2025-08-06_12-09-43/Record Node 102/analysis/recNames=Block009,Animal=PV_106/lizMov.mat",True,False,0,0,,2
PV_106,009,PV_106_block_009,PV_106_009_326893_R,326893.45,326976.7,7.78461057090395,199.14725087275013,R,binocular,2,"/Volumes/Data-1/Nimrod/experiments/PV_106/2025_08_06/block_009/oe_files/PV106_ET_d3t2_2025-08-06_12-09-43/Record Node 102/analysis/recNames=Block009,Animal=PV_106/lizMov.mat",True,False,0,0,,2
PV_106,009,PV_106_block_009,PV_106_009_346041_R,346040.95,346107.55,8.522907588782369,347.0150064001158,R,binocular,2,"/Volumes/Data-1/Nimrod/experiments/PV_106/2025_08_06/block_009/oe_files/PV106_ET_d3t2_2025-08-06_12-09-43/Record Node 102/analysis/recNames=Block009,Animal=PV_106/lizMov.mat",True,False,0,0,,2
PV_106,009,PV_106_block_009,PV_106_009_346424_R,346423.9,346457.2,9.286558888283457,349.8240531693673,R,binocular,2,"/Volumes/Data-1/Nimrod/experiments/PV_106/2025_08_06/block_009/oe_files/PV106_ET_d3t2_2025-08-06_12-09-43/Record Node 102/analysis/recNames=Block009,Animal=PV_106/lizMov.mat",True,False,2,0,33.29999999998836,2
PV_106,009,PV_106_block_009,PV_106_009_364256_L,364256.05,364355.95,19.588431424048366,324.3750688139604,L,binocular,2,"/Volumes/Data-1/Nimrod/experiments/PV_106/2025_08_06/block_009/oe_files/PV106_ET_d3t2_2025-08-06_12-09-43/Record Node 102/analysis/recNames=Block009,Animal=PV_106/lizMov.mat",True,False,0,0,,2
PV_106,009,PV_106_block_009,PV_106_009_409344_L,409344.25,409410.85,11.210202267641899,154.6123928509541,L,binocular,2,"/Volumes/Data-1/Nimrod/experiments/PV_106/2025_08_06/block_009/oe_files/PV106_ET_d3t2_2025-08-06_12-09-43/Record Node 102/analysis/recNames=Block009,Animal=PV_106/lizMov.mat",True,False,3,0,33.29999999998836,2
PV_106,009,PV_106_block_009,PV_106_009_410893_L,410892.7,410992.6,10.280098097898406,0.33307805493759535,L,binocular,2,"/Volumes/Data-1/Nimrod/experiments/PV_106/2025_08_06/block_009/oe_files/PV106_ET_d3t2_2025-08-06_12-09-43/Record Node 102/analysis/recNames=Block009,Animal=PV_106/lizMov.mat",True,False,0,0,,2
PV_106,009,PV_106_block_009,PV_106_009_411509_L,411508.75,411558.7,10.302356095494195,7.168405110035826,L,binocular,2,"/Volumes/Data-1/Nimrod/experiments/PV_106/2025_08_06/block_009/oe_files/PV106_ET_d3t2_2025-08-06_12-09-43/Record Node 102/analysis/recNames=Block009,Animal=PV_106/lizMov.mat",True,False,4,0,33.29999999998836,2
PV_106,009,PV_106_block_009,PV_106_009_411792_R,411791.8,411825.1,7.097678581812134,355.42904642447246,R,binocular,2,"/Volumes/Data-1/Nimrod/experiments/PV_106/2025_08_06/block_009/oe_files/PV106_ET_d3t2_2025-08-06_12-09-43/Record Node 102/analysis/recNames=Block009,Animal=PV_106/lizMov.mat",True,False,2,0,16.650000000023283,2
PV_106,009,PV_106_block_009,PV_106_009_412807_R,412807.45,412857.4,16.582772379927647,146.8576789336591,R,binocular,2,"/Volumes/Data-1/Nimrod/experiments/PV_106/2025_08_06/block_009/oe_files/PV106_ET_d3t2_2025-08-06_12-09-43/Record Node 102/analysis/recNames=Block009,Animal=PV_106/lizMov.mat",True,False,2,0,49.95000000001164,2
PV_106,009,PV_106_block_009,PV_106_009_414339_R,414339.25,414405.85,7.714452933052238,332.6125693564047,R,binocular,2,"/Volumes/Data-1/Nimrod/experiments/PV_106/2025_08_06/block_009/oe_files/PV106_ET_d3t2_2025-08-06_12-09-43/Record Node 102/analysis/recNames=Block009,Animal=PV_106/lizMov.mat",True,False,0,0,,2
PV_106,009,PV_106_block_009,PV_106_009_415671_R,415671.25,415737.85,12.440837708678858,155.90732173673314,R,binocular,2,"/Volumes/Data-1/Nimrod/experiments/PV_106/2025_08_06/block_009/oe_files/PV106_ET_d3t2_2025-08-06_12-09-43/Record Node 102/analysis/recNames=Block009,Animal=PV_106/lizMov.mat",True,False,2,0,83.25,2
PV_106,009,PV_106_block_009,PV_106_009_418768_R,418768.15,418818.1,8.712181777123682,154.022823593373,R,binocular,2,"/Volumes/Data-1/Nimrod/experiments/PV_106/2025_08_06/block_009/oe_files/PV106_ET_d3t2_2025-08-06_12-09-43/Record Node 102/analysis/recNames=Block009,Animal=PV_106/lizMov.mat",True,False,2,0,16.649999999965075,2
PV_106,009,PV_106_block_009,PV_106_009_418985_L,418984.6,419034.55,7.527910478944314,142.7627314573933,L,binocular,2,"/Volumes/Data-1/Nimrod/experiments/PV_106/2025_08_06/block_009/oe_files/PV106_ET_d3t2_2025-08-06_12-09-43/Record Node 102/analysis/recNames=Block009,Animal=PV_106/lizMov.mat",True,False,2,0,49.95000000001164,2
PV_106,009,PV_106_block_009,PV_106_009_419984_R,419983.6,420083.5,10.410821988289623,275.62242714944614,R,binocular,2,"/Volumes/Data-1/Nimrod/experiments/PV_106/2025_08_06/block_009/oe_files/PV106_ET_d3t2_2025-08-06_12-09-43/Record Node 102/analysis/recNames=Block009,Animal=PV_106/lizMov.mat",True,False,2,0,83.25,2
PV_106,009,PV_106_block_009,PV_106_009_420833_L,420832.75,420899.35,8.164490948116208,8.353635428897288,L,binocular,2,"/Volumes/Data-1/Nimrod/experiments/PV_106/2025_08_06/block_009/oe_files/PV106_ET_d3t2_2025-08-06_12-09-43/Record Node 102/analysis/recNames=Block009,Animal=PV_106/lizMov.mat",True,False,0,0,,2
PV_106,009,PV_106_block_009,PV_106_009_424279_R,424279.3,424345.9,7.953909839086254,325.4723039917099,R,binocular,2,"/Volumes/Data-1/Nimrod/experiments/PV_106/2025_08_06/block_009/oe_files/PV106_ET_d3t2_2025-08-06_12-09-43/Record Node 102/analysis/recNames=Block009,Animal=PV_106/lizMov.mat",True,False,0,0,,2
PV_106,009,PV_106_block_009,PV_106_009_472648_L,472647.55,472714.15,8.00343524617457,152.37215190909254,L,binocular,2,"/Volumes/Data-1/Nimrod/experiments/PV_106/2025_08_06/block_009/oe_files/PV106_ET_d3t2_2025-08-06_12-09-43/Record Node 102/analysis/recNames=Block009,Animal=PV_106/lizMov.mat",True,False,0,0,,2
PV_106,009,PV_106_block_009,PV_106_009_534702_L,534702.1,534752.05,10.66214540441368,159.23387900974393,L,binocular,2,"/Volumes/Data-1/Nimrod/experiments/PV_106/2025_08_06/block_009/oe_files/PV106_ET_d3t2_2025-08-06_12-09-43/Record Node 102/analysis/recNames=Block009,Animal=PV_106/lizMov.mat",True,False,1,0,83.25,2
PV_106,009,PV_106_block_009,PV_106_009_572498_R,572497.6,572530.9,10.443329459511775,157.1873070514783,R,binocular,2,"/Volumes/Data-1/Nimrod/experiments/PV_106/2025_08_06/block_009/oe_files/PV106_ET_d3t2_2025-08-06_12-09-43/Record Node 102/analysis/recNames=Block009,Animal=PV_106/lizMov.mat",True,False,1,0,16.650000000023283,2
PV_106,009,PV_106_block_009,PV_106_009_572797_L,572797.3,572847.25,11.65875728115749,153.13159320056172,L,binocular,2,"/Volumes/Data-1/Nimrod/experiments/PV_106/2025_08_06/block_009/oe_files/PV106_ET_d3t2_2025-08-06_12-09-43/Record Node 102/analysis/recNames=Block009,Animal=PV_106/lizMov.mat",True,False,1,0,33.29999999993015,2
PV_106,009,PV_106_block_009,PV_106_009_601835_R,601834.9,601918.15,13.426962062545904,194.08856178703076,R,binocular,2,"/Volumes/Data-1/Nimrod/experiments/PV_106/2025_08_06/block_009/oe_files/PV106_ET_d3t2_2025-08-06_12-09-43/Record Node 102/analysis/recNames=Block009,Animal=PV_106/lizMov.mat",True,False,0,0,,2
PV_106,009,PV_106_block_009,PV_106_009_661958_L,661958.05,662024.65,9.980385549569544,6.914519806447238,L,binocular,2,"/Volumes/Data-1/Nimrod/experiments/PV_106/2025_08_06/block_009/oe_files/PV106_ET_d3t2_2025-08-06_12-09-43/Record Node 102/analysis/recNames=Block009,Animal=PV_106/lizMov.mat",True,False,0,0,,2
PV_106,009,PV_106_block_009,PV_106_009_662274_R,662274.4,662307.7,7.6531752262739845,27.524931103486367,R,binocular,2,"/Volumes/Data-1/Nimrod/experiments/PV_106/2025_08_06/block_009/oe_files/PV106_ET_d3t2_2025-08-06_12-09-43/Record Node 102/analysis/recNames=Block009,Animal=PV_106/lizMov.mat",True,False,3,0,16.650000000023283,2
PV_106,009,PV_106_block_009,PV_106_009_664539_L,664538.8,664622.05,11.88390156480022,4.445244432222745,L,binocular,2,"/Volumes/Data-1/Nimrod/experiments/PV_106/2025_08_06/block_009/oe_files/PV106_ET_d3t2_2025-08-06_12-09-43/Record Node 102/analysis/recNames=Block009,Animal=PV_106/lizMov.mat",True,False,0,0,,2
PV_106,009,PV_106_block_009,PV_106_009_664938_R,664938.4,664971.7,7.695644778014907,353.49995539595085,R,binocular,2,"/Volumes/Data-1/Nimrod/experiments/PV_106/2025_08_06/block_009/oe_files/PV106_ET_d3t2_2025-08-06_12-09-43/Record Node 102/analysis/recNames=Block009,Animal=PV_106/lizMov.mat",True,False,2,0,16.650000000023283,2
PV_106,009,PV_106_block_009,PV_106_009_666204_R,666203.8,666253.75,7.611816921101643,163.20434234385993,R,binocular,2,"/Volumes/Data-1/Nimrod/experiments/PV_106/2025_08_06/block_009/oe_files/PV106_ET_d3t2_2025-08-06_12-09-43/Record Node 102/analysis/recNames=Block009,Animal=PV_106/lizMov.mat",True,False,2,0,16.649999999906868,2
PV_106,009,PV_106_block_009,PV_106_009_668268_L,668268.4,668335.0,8.403914254627823,353.1579645913457,L,binocular,2,"/Volumes/Data-1/Nimrod/experiments/PV_106/2025_08_06/block_009/oe_files/PV106_ET_d3t2_2025-08-06_12-09-43/Record Node 102/analysis/recNames=Block009,Animal=PV_106/lizMov.mat",True,False,0,0,,2
PV_106,009,PV_106_block_009,PV_106_009_669284_L,669284.05,669350.65,8.277469221170623,161.61556435281383,L,binocular,2,"/Volumes/Data-1/Nimrod/experiments/PV_106/2025_08_06/block_009/oe_files/PV106_ET_d3t2_2025-08-06_12-09-43/Record Node 102/analysis/recNames=Block009,Animal=PV_106/lizMov.mat",True,False,3,0,33.29999999993015,2
PV_106,009,PV_106_block_009,PV_106_009_722098_L,722097.85,722147.8,9.757506003859469,155.9912984264643,L,binocular,2,"/Volumes/Data-1/Nimrod/experiments/PV_106/2025_08_06/block_009/oe_files/PV106_ET_d3t2_2025-08-06_12-09-43/Record Node 102/analysis/recNames=Block009,Animal=PV_106/lizMov.mat",True,False,2,0,33.300000000046566,2
PV_106,009,PV_106_block_009,PV_106_009_788032_L,788031.85,788081.8,9.478782214743338,165.97262063873075,L,binocular,2,"/Volumes/Data-1/Nimrod/experiments/PV_106/2025_08_06/block_009/oe_files/PV106_ET_d3t2_2025-08-06_12-09-43/Record Node 102/analysis/recNames=Block009,Animal=PV_106/lizMov.mat",True,False,2,0,33.300000000046566,2
PV_106,009,PV_106_block_009,PV_106_009_790446_L,790446.1,790479.4,9.464959442788818,35.395263231304476,L,binocular,2,"/Volumes/Data-1/Nimrod/experiments/PV_106/2025_08_06/block_009/oe_files/PV106_ET_d3t2_2025-08-06_12-09-43/Record Node 102/analysis/recNames=Block009,Animal=PV_106/lizMov.mat",True,False,2,0,33.300000000046566,2
PV_106,009,PV_106_block_009,PV_106_009_847556_L,847555.6,847638.85,11.675478988949891,147.84828946464552,L,binocular,2,"/Volumes/Data-1/Nimrod/experiments/PV_106/2025_08_06/block_009/oe_files/PV106_ET_d3t2_2025-08-06_12-09-43/Record Node 102/analysis/recNames=Block009,Animal=PV_106/lizMov.mat",True,False,0,0,,2
PV_106,009,PV_106_block_009,PV_106_009_918202_R,918201.55,918301.45,10.414186879483431,311.11685643349017,R,binocular,2,"/Volumes/Data-1/Nimrod/experiments/PV_106/2025_08_06/block_009/oe_files/PV106_ET_d3t2_2025-08-06_12-09-43/Record Node 102/analysis/recNames=Block009,Animal=PV_106/lizMov.mat",True,False,0,0,,2
PV_106,009,PV_106_block_009,PV_106_009_918568_L,918567.85,918617.8,7.965438189759993,48.87752510105633,L,binocular,2,"/Volumes/Data-1/Nimrod/experiments/PV_106/2025_08_06/block_009/oe_files/PV106_ET_d3t2_2025-08-06_12-09-43/Record Node 102/analysis/recNames=Block009,Animal=PV_106/lizMov.mat",True,False,0,0,,2
PV_106,009,PV_106_block_009,PV_106_009_919151_R,919150.6,919200.55,8.073035521421655,134.35594671193294,R,binocular,2,"/Volumes/Data-1/Nimrod/experiments/PV_106/2025_08_06/block_009/oe_files/PV106_ET_d3t2_2025-08-06_12-09-43/Record Node 102/analysis/recNames=Block009,Animal=PV_106/lizMov.mat",True,False,0,0,,2
PV_106,009,PV_106_block_009,PV_106_009_920716_L,920715.7,920815.6,8.796891878453039,350.80023660732667,L,binocular,2,"/Volumes/Data-1/Nimrod/experiments/PV_106/2025_08_06/block_009/oe_files/PV106_ET_d3t2_2025-08-06_12-09-43/Record Node 102/analysis/recNames=Block009,Animal=PV_106/lizMov.mat",True,False,0,0,,2
PV_106,009,PV_106_block_009,PV_106_009_922497_R,922497.25,922530.55,8.256064469265441,157.08003433199966,R,binocular,2,"/Volumes/Data-1/Nimrod/experiments/PV_106/2025_08_06/block_009/oe_files/PV106_ET_d3t2_2025-08-06_12-09-43/Record Node 102/analysis/recNames=Block009,Animal=PV_106/lizMov.mat",True,False,2,0,49.949999999953434,2
PV_106,009,PV_106_block_009,PV_106_009_925644_R,925644.1,925677.4,10.641102685677746,149.44278033860496,R,binocular,2,"/Volumes/Data-1/Nimrod/experiments/PV_106/2025_08_06/block_009/oe_files/PV106_ET_d3t2_2025-08-06_12-09-43/Record Node 102/analysis/recNames=Block009,Animal=PV_106/lizMov.mat",True,False,2,0,33.300000000046566,2
PV_106,009,PV_106_block_009,PV_106_009_926710_R,926709.7,926792.95,7.066297006486369,306.76917152026505,R,binocular,2,"/Volumes/Data-1/Nimrod/experiments/PV_106/2025_08_06/block_009/oe_files/PV106_ET_d3t2_2025-08-06_12-09-43/Record Node 102/analysis/recNames=Block009,Animal=PV_106/lizMov.mat",True,False,0,0,,2
PV_106,009,PV_106_block_009,PV_106_009_927259_L,927259.15,927325.75,12.449484701303422,9.019608114674636,L,binocular,2,"/Volumes/Data-1/Nimrod/experiments/PV_106/2025_08_06/block_009/oe_files/PV106_ET_d3t2_2025-08-06_12-09-43/Record Node 102/analysis/recNames=Block009,Animal=PV_106/lizMov.mat",True,False,3,0,49.949999999953434,2
PV_106,009,PV_106_block_009,PV_106_009_927642_L,927642.1,927708.7,11.180099698551945,348.238307319376,L,binocular,2,"/Volumes/Data-1/Nimrod/experiments/PV_106/2025_08_06/block_009/oe_files/PV106_ET_d3t2_2025-08-06_12-09-43/Record Node 102/analysis/recNames=Block009,Animal=PV_106/lizMov.mat",True,False,3,0,33.300000000046566,2
PV_106,009,PV_106_block_009,PV_106_009_928674_L,928674.4,928724.35,8.409282086224296,136.55627602085872,L,binocular,2,"/Volumes/Data-1/Nimrod/experiments/PV_106/2025_08_06/block_009/oe_files/PV106_ET_d3t2_2025-08-06_12-09-43/Record Node 102/analysis/recNames=Block009,Animal=PV_106/lizMov.mat",True,False,2,0,33.29999999993015,2
PV_106,009,PV_106_block_009,PV_106_009_930772_L,930772.3,930838.9,9.456995089726277,4.808482098342202,L,binocular,2,"/Volumes/Data-1/Nimrod/experiments/PV_106/2025_08_06/block_009/oe_files/PV106_ET_d3t2_2025-08-06_12-09-43/Record Node 102/analysis/recNames=Block009,Animal=PV_106/lizMov.mat",True,False,1,0,33.29999999993015,2
PV_106,009,PV_106_block_009,PV_106_009_58279_L,58279.0,58378.9,9.233214079977847,178.49447110117381,L,monocular,1,"/Volumes/Data-1/Nimrod/experiments/PV_106/2025_08_06/block_009/oe_files/PV106_ET_d3t2_2025-08-06_12-09-43/Record Node 102/analysis/recNames=Block009,Animal=PV_106/lizMov.mat",True,False,1,0,16.650000000001455,1
PV_106,009,PV_106_block_009,PV_106_009_471732_L,471731.8,471781.75,7.199180057900055,158.38833272970652,L,monocular,1,"/Volumes/Data-1/Nimrod/experiments/PV_106/2025_08_06/block_009/oe_files/PV106_ET_d3t2_2025-08-06_12-09-43/Record Node 102/analysis/recNames=Block009,Animal=PV_106/lizMov.mat",True,False,0,0,,1
PV_106,009,PV_106_block_009,PV_106_009_916636_L,916636.45,916669.75,17.14889862046097,144.49359727865357,L,monocular,1,"/Volumes/Data-1/Nimrod/experiments/PV_106/2025_08_06/block_009/oe_files/PV106_ET_d3t2_2025-08-06_12-09-43/Record Node 102/analysis/recNames=Block009,Animal=PV_106/lizMov.mat",True,False,2,0,33.300000000046566,1
PV_106,009,PV_106_block_009,PV_106_009_33104_R,33104.2,33154.15,8.940929361397822,350.95965028092496,R,monocular,1,"/Volumes/Data-1/Nimrod/experiments/PV_106/2025_08_06/block_009/oe_files/PV106_ET_d3t2_2025-08-06_12-09-43/Record Node 102/analysis/recNames=Block009,Animal=PV_106/lizMov.mat",True,False,0,0,,1
PV_106,009,PV_106_block_009,PV_106_009_930273_R,930272.8,930356.05,9.001292188227328,350.46427716095627,R,monocular,1,"/Volumes/Data-1/Nimrod/experiments/PV_106/2025_08_06/block_009/oe_files/PV106_ET_d3t2_2025-08-06_12-09-43/Record Node 102/analysis/recNames=Block009,Animal=PV_106/lizMov.mat",True,False,0,0,,1
PV_106,010,PV_106_block_010,PV_106_010_34136_L,34136.05,34202.65,9.94537185691147,105.43760853491305,L,binocular,2,"/Volumes/Data-1/Nimrod/experiments/PV_106/2025_08_06/block_010/oe_files/PV106_ET_d3t3_2025-08-06_12-26-43/Record Node 102/analysis/recNames=Block010,Animal=PV_106/lizMov.mat",True,False,1,0,33.299999999995634,2
PV_106,010,PV_106_block_010,PV_106_010_34669_R,34668.85,34735.45,8.822252769505775,148.91845618291052,R,binocular,2,"/Volumes/Data-1/Nimrod/experiments/PV_106/2025_08_06/block_010/oe_files/PV106_ET_d3t3_2025-08-06_12-26-43/Record Node 102/analysis/recNames=Block010,Animal=PV_106/lizMov.mat",True,False,2,0,83.25,2
PV_106,010,PV_106_block_010,PV_106_010_35901_L,35900.95,36000.85,8.888049997661096,8.794968678859243,L,binocular,2,"/Volumes/Data-1/Nimrod/experiments/PV_106/2025_08_06/block_010/oe_files/PV106_ET_d3t3_2025-08-06_12-26-43/Record Node 102/analysis/recNames=Block010,Animal=PV_106/lizMov.mat",True,False,1,0,133.20000000000437,2
PV_106,010,PV_106_block_010,PV_106_010_37832_R,37832.35,37882.3,7.334661204568248,152.46379014496674,R,binocular,2,"/Volumes/Data-1/Nimrod/experiments/PV_106/2025_08_06/block_010/oe_files/PV106_ET_d3t3_2025-08-06_12-26-43/Record Node 102/analysis/recNames=Block010,Animal=PV_106/lizMov.mat",True,False,2,0,49.950000000004366,2
PV_106,010,PV_106_block_010,PV_106_010_40097_L,40096.75,40146.7,10.643810243197935,349.6156891608311,L,binocular,2,"/Volumes/Data-1/Nimrod/experiments/PV_106/2025_08_06/block_010/oe_files/PV106_ET_d3t3_2025-08-06_12-26-43/Record Node 102/analysis/recNames=Block010,Animal=PV_106/lizMov.mat",True,False,1,0,33.30000000000291,2
PV_106,010,PV_106_block_010,PV_106_010_47373_R,47372.8,47439.4,12.695345498651113,149.1319913416198,R,binocular,2,"/Volumes/Data-1/Nimrod/experiments/PV_106/2025_08_06/block_010/oe_files/PV106_ET_d3t3_2025-08-06_12-26-43/Record Node 102/analysis/recNames=Block010,Animal=PV_106/lizMov.mat",True,False,0,0,,2
PV_106,010,PV_106_block_010,PV_106_010_88498_L,88498.3,88581.55,30.791496015360856,314.32542150574545,L,binocular,2,"/Volumes/Data-1/Nimrod/experiments/PV_106/2025_08_06/block_010/oe_files/PV106_ET_d3t3_2025-08-06_12-26-43/Record Node 102/analysis/recNames=Block010,Animal=PV_106/lizMov.mat",True,True,2,1,99.89999999999418,2
PV_106,010,PV_106_block_010,PV_106_010_97223_L,97222.9,97272.85,13.3392456902266,149.90057502112342,L,binocular,2,"/Volumes/Data-1/Nimrod/experiments/PV_106/2025_08_06/block_010/oe_files/PV106_ET_d3t3_2025-08-06_12-26-43/Record Node 102/analysis/recNames=Block010,Animal=PV_106/lizMov.mat",True,False,1,0,33.30000000000291,2
PV_106,010,PV_106_block_010,PV_106_010_97556_L,97555.9,97622.5,12.65018651028179,153.45887105747607,L,binocular,2,"/Volumes/Data-1/Nimrod/experiments/PV_106/2025_08_06/block_010/oe_files/PV106_ET_d3t3_2025-08-06_12-26-43/Record Node 102/analysis/recNames=Block010,Animal=PV_106/lizMov.mat",True,True,2,1,99.90000000000873,2
PV_106,010,PV_106_block_010,PV_106_010_208695_L,208694.65,208827.85,21.08806655151757,324.6492320085382,L,binocular,2,"/Volumes/Data-1/Nimrod/experiments/PV_106/2025_08_06/block_010/oe_files/PV106_ET_d3t3_2025-08-06_12-26-43/Record Node 102/analysis/recNames=Block010,Animal=PV_106/lizMov.mat",True,False,0,0,,2
PV_106,010,PV_106_block_010,PV_106_010_222564_L,222564.1,222614.05,10.198335245550526,144.3540822481656,L,binocular,2,"/Volumes/Data-1/Nimrod/experiments/PV_106/2025_08_06/block_010/oe_files/PV106_ET_d3t3_2025-08-06_12-26-43/Record Node 102/analysis/recNames=Block010,Animal=PV_106/lizMov.mat",True,False,1,0,83.25,2
PV_106,010,PV_106_block_010,PV_106_010_231805_L,231804.85,231904.75,25.9940083304092,322.15079809486224,L,binocular,2,"/Volumes/Data-1/Nimrod/experiments/PV_106/2025_08_06/block_010/oe_files/PV106_ET_d3t3_2025-08-06_12-26-43/Record Node 102/analysis/recNames=Block010,Animal=PV_106/lizMov.mat",True,False,0,0,,2
PV_106,010,PV_106_block_010,PV_106_010_250886_L,250885.75,250935.7,14.832852941456881,160.41540462017238,L,binocular,2,"/Volumes/Data-1/Nimrod/experiments/PV_106/2025_08_06/block_010/oe_files/PV106_ET_d3t3_2025-08-06_12-26-43/Record Node 102/analysis/recNames=Block010,Animal=PV_106/lizMov.mat",True,False,2,0,33.29999999998836,2
PV_106,010,PV_106_block_010,PV_106_010_251102_R,251102.2,251135.5,7.137778772324413,161.5735385160797,R,binocular,2,"/Volumes/Data-1/Nimrod/experiments/PV_106/2025_08_06/block_010/oe_files/PV106_ET_d3t3_2025-08-06_12-26-43/Record Node 102/analysis/recNames=Block010,Animal=PV_106/lizMov.mat",True,False,4,0,33.29999999998836,2
PV_106,010,PV_106_block_010,PV_106_010_251402_L,251401.9,251451.85,10.795506252670291,130.05648233322168,L,binocular,2,"/Volumes/Data-1/Nimrod/experiments/PV_106/2025_08_06/block_010/oe_files/PV106_ET_d3t3_2025-08-06_12-26-43/Record Node 102/analysis/recNames=Block010,Animal=PV_106/lizMov.mat",True,False,1,0,49.95000000001164,2
PV_106,010,PV_106_block_010,PV_106_010_253367_L,253366.6,253433.2,7.8272532467957445,2.5450790022570926,L,binocular,2,"/Volumes/Data-1/Nimrod/experiments/PV_106/2025_08_06/block_010/oe_files/PV106_ET_d3t3_2025-08-06_12-26-43/Record Node 102/analysis/recNames=Block010,Animal=PV_106/lizMov.mat",True,False,1,0,33.29999999998836,2
PV_106,010,PV_106_block_010,PV_106_010_254382_R,254382.25,254448.85,12.050422733353015,142.5374040639157,R,binocular,2,"/Volumes/Data-1/Nimrod/experiments/PV_106/2025_08_06/block_010/oe_files/PV106_ET_d3t3_2025-08-06_12-26-43/Record Node 102/analysis/recNames=Block010,Animal=PV_106/lizMov.mat",True,False,1,0,83.25,2
PV_106,010,PV_106_block_010,PV_106_010_256264_L,256263.7,256330.3,9.011875703416573,356.85247288258535,L,binocular,2,"/Volumes/Data-1/Nimrod/experiments/PV_106/2025_08_06/block_010/oe_files/PV106_ET_d3t3_2025-08-06_12-26-43/Record Node 102/analysis/recNames=Block010,Animal=PV_106/lizMov.mat",True,False,0,0,,2
PV_106,010,PV_106_block_010,PV_106_010_258495_L,258494.8,258578.05,8.082332349986922,324.94080099278045,L,binocular,2,"/Volumes/Data-1/Nimrod/experiments/PV_106/2025_08_06/block_010/oe_files/PV106_ET_d3t3_2025-08-06_12-26-43/Record Node 102/analysis/recNames=Block010,Animal=PV_106/lizMov.mat",True,False,0,0,,2
PV_106,010,PV_106_block_010,PV_106_010_259677_L,259676.95,259760.2,8.181032601878398,19.36288163845093,L,binocular,2,"/Volumes/Data-1/Nimrod/experiments/PV_106/2025_08_06/block_010/oe_files/PV106_ET_d3t3_2025-08-06_12-26-43/Record Node 102/analysis/recNames=Block010,Animal=PV_106/lizMov.mat",True,False,0,0,,2
PV_106,010,PV_106_block_010,PV_106_010_285135_L,285134.8,285184.75,7.545757777752074,155.09682157995067,L,binocular,2,"/Volumes/Data-1/Nimrod/experiments/PV_106/2025_08_06/block_010/oe_files/PV106_ET_d3t3_2025-08-06_12-26-43/Record Node 102/analysis/recNames=Block010,Animal=PV_106/lizMov.mat",True,False,3,0,33.29999999998836,2
PV_106,010,PV_106_block_010,PV_106_010_409094_L,409094.05,409177.3,18.731012309464738,71.67933664210301,L,binocular,2,"/Volumes/Data-1/Nimrod/experiments/PV_106/2025_08_06/block_010/oe_files/PV106_ET_d3t3_2025-08-06_12-26-43/Record Node 102/analysis/recNames=Block010,Animal=PV_106/lizMov.mat",True,False,1,0,49.95000000001164,2
PV_106,010,PV_106_block_010,PV_106_010_482038_L,482037.7,482071.0,13.514603268614252,140.2354989205021,L,binocular,2,"/Volumes/Data-1/Nimrod/experiments/PV_106/2025_08_06/block_010/oe_files/PV106_ET_d3t3_2025-08-06_12-26-43/Record Node 102/analysis/recNames=Block010,Animal=PV_106/lizMov.mat",True,False,2,0,33.29999999998836,2
PV_106,010,PV_106_block_010,PV_106_010_484285_L,484285.45,484335.4,10.436175243188641,15.375621465053099,L,binocular,2,"/Volumes/Data-1/Nimrod/experiments/PV_106/2025_08_06/block_010/oe_files/PV106_ET_d3t3_2025-08-06_12-26-43/Record Node 102/analysis/recNames=Block010,Animal=PV_106/lizMov.mat",True,False,4,0,33.29999999998836,2
PV_106,010,PV_106_block_010,PV_106_010_485234_R,485234.5,485284.45,9.361312620561332,159.00648279893167,R,binocular,2,"/Volumes/Data-1/Nimrod/experiments/PV_106/2025_08_06/block_010/oe_files/PV106_ET_d3t3_2025-08-06_12-26-43/Record Node 102/analysis/recNames=Block010,Animal=PV_106/lizMov.mat",True,False,2,0,49.95000000001164,2
PV_106,010,PV_106_block_010,PV_106_010_486533_L,486533.2,486633.1,8.652250756330728,5.273793211955546,L,binocular,2,"/Volumes/Data-1/Nimrod/experiments/PV_106/2025_08_06/block_010/oe_files/PV106_ET_d3t3_2025-08-06_12-26-43/Record Node 102/analysis/recNames=Block010,Animal=PV_106/lizMov.mat",True,False,0,0,,2
PV_106,010,PV_106_block_010,PV_106_010_487099_L,487099.3,487165.9,9.058384492186061,19.68229707686323,L,binocular,2,"/Volumes/Data-1/Nimrod/experiments/PV_106/2025_08_06/block_010/oe_files/PV106_ET_d3t3_2025-08-06_12-26-43/Record Node 102/analysis/recNames=Block010,Animal=PV_106/lizMov.mat",True,False,1,0,49.95000000001164,2
PV_106,010,PV_106_block_010,PV_106_010_487366_L,487365.7,487415.65,10.250284305974867,4.136123772622002,L,binocular,2,"/Volumes/Data-1/Nimrod/experiments/PV_106/2025_08_06/block_010/oe_files/PV106_ET_d3t3_2025-08-06_12-26-43/Record Node 102/analysis/recNames=Block010,Animal=PV_106/lizMov.mat",True,False,4,0,49.95000000001164,2
PV_106,010,PV_106_block_010,PV_106_010_488498_L,488497.9,488547.85,8.547308539256397,139.07201785418417,L,binocular,2,"/Volumes/Data-1/Nimrod/experiments/PV_106/2025_08_06/block_010/oe_files/PV106_ET_d3t3_2025-08-06_12-26-43/Record Node 102/analysis/recNames=Block010,Animal=PV_106/lizMov.mat",True,False,3,0,49.949999999953434,2
PV_106,010,PV_106_block_010,PV_106_010_490230_L,490229.5,490279.45,8.700923047903352,0.08086088748326317,L,binocular,2,"/Volumes/Data-1/Nimrod/experiments/PV_106/2025_08_06/block_010/oe_files/PV106_ET_d3t3_2025-08-06_12-26-43/Record Node 102/analysis/recNames=Block010,Animal=PV_106/lizMov.mat",True,False,0,0,,2
PV_106,010,PV_106_block_010,PV_106_010_493743_L,493742.65,493792.6,7.295788052136102,0.7873168204444198,L,binocular,2,"/Volumes/Data-1/Nimrod/experiments/PV_106/2025_08_06/block_010/oe_files/PV106_ET_d3t3_2025-08-06_12-26-43/Record Node 102/analysis/recNames=Block010,Animal=PV_106/lizMov.mat",True,False,3,0,33.29999999998836,2
PV_106,010,PV_106_block_010,PV_106_010_535135_L,535134.55,535201.15,13.540865188146174,145.4795031665263,L,binocular,2,"/Volumes/Data-1/Nimrod/experiments/PV_106/2025_08_06/block_010/oe_files/PV106_ET_d3t3_2025-08-06_12-26-43/Record Node 102/analysis/recNames=Block010,Animal=PV_106/lizMov.mat",True,False,3,0,49.949999999953434,2
PV_106,010,PV_106_block_010,PV_106_010_537399_L,537398.95,537482.2,8.640187099235652,355.0409684757922,L,binocular,2,"/Volumes/Data-1/Nimrod/experiments/PV_106/2025_08_06/block_010/oe_files/PV106_ET_d3t3_2025-08-06_12-26-43/Record Node 102/analysis/recNames=Block010,Animal=PV_106/lizMov.mat",True,False,0,0,,2
PV_106,010,PV_106_block_010,PV_106_010_597456_L,597455.5,597488.8,11.913080172871597,140.28660128284795,L,binocular,2,"/Volumes/Data-1/Nimrod/experiments/PV_106/2025_08_06/block_010/oe_files/PV106_ET_d3t3_2025-08-06_12-26-43/Record Node 102/analysis/recNames=Block010,Animal=PV_106/lizMov.mat",True,False,2,0,33.300000000046566,2
PV_106,010,PV_106_block_010,PV_106_010_725810_L,725810.35,725893.6,13.358248223968703,157.1879502525491,L,binocular,2,"/Volumes/Data-1/Nimrod/experiments/PV_106/2025_08_06/block_010/oe_files/PV106_ET_d3t3_2025-08-06_12-26-43/Record Node 102/analysis/recNames=Block010,Animal=PV_106/lizMov.mat",True,False,2,0,83.25,2
PV_106,010,PV_106_block_010,PV_106_010_727459_L,727458.7,727558.6,13.28660201216622,355.77705363757804,L,binocular,2,"/Volumes/Data-1/Nimrod/experiments/PV_106/2025_08_06/block_010/oe_files/PV106_ET_d3t3_2025-08-06_12-26-43/Record Node 102/analysis/recNames=Block010,Animal=PV_106/lizMov.mat",True,False,0,0,,2
PV_106,010,PV_106_block_010,PV_106_010_728824_L,728824.0,728873.95,8.065091829101307,158.5972094368911,L,binocular,2,"/Volumes/Data-1/Nimrod/experiments/PV_106/2025_08_06/block_010/oe_files/PV106_ET_d3t3_2025-08-06_12-26-43/Record Node 102/analysis/recNames=Block010,Animal=PV_106/lizMov.mat",True,False,3,0,33.300000000046566,2
PV_106,010,PV_106_block_010,PV_106_010_730322_L,730322.5,730405.75,7.809298751245072,354.86329921626833,L,binocular,2,"/Volumes/Data-1/Nimrod/experiments/PV_106/2025_08_06/block_010/oe_files/PV106_ET_d3t3_2025-08-06_12-26-43/Record Node 102/analysis/recNames=Block010,Animal=PV_106/lizMov.mat",True,False,0,0,,2
PV_106,010,PV_106_block_010,PV_106_010_731138_L,731138.35,731188.3,8.080841929564611,358.7592641978653,L,binocular,2,"/Volumes/Data-1/Nimrod/experiments/PV_106/2025_08_06/block_010/oe_files/PV106_ET_d3t3_2025-08-06_12-26-43/Record Node 102/analysis/recNames=Block010,Animal=PV_106/lizMov.mat",True,False,1,0,33.300000000046566,2
PV_106,010,PV_106_block_010,PV_106_010_732004_R,732004.15,732054.1,14.359084263627917,165.51813230880146,R,binocular,2,"/Volumes/Data-1/Nimrod/experiments/PV_106/2025_08_06/block_010/oe_files/PV106_ET_d3t3_2025-08-06_12-26-43/Record Node 102/analysis/recNames=Block010,Animal=PV_106/lizMov.mat",True,False,3,0,33.29999999993015,2
PV_106,010,PV_106_block_010,PV_106_010_733736_L,733735.75,733802.35,10.615610106181087,2.9138337292519965,L,binocular,2,"/Volumes/Data-1/Nimrod/experiments/PV_106/2025_08_06/block_010/oe_files/PV106_ET_d3t3_2025-08-06_12-26-43/Record Node 102/analysis/recNames=Block010,Animal=PV_106/lizMov.mat",True,False,2,0,33.300000000046566,2
PV_106,010,PV_106_block_010,PV_106_010_734352_L,734351.8,734418.4,9.102609337765436,354.22138247142306,L,binocular,2,"/Volumes/Data-1/Nimrod/experiments/PV_106/2025_08_06/block_010/oe_files/PV106_ET_d3t3_2025-08-06_12-26-43/Record Node 102/analysis/recNames=Block010,Animal=PV_106/lizMov.mat",True,False,2,0,66.59999999997672,2
PV_106,010,PV_106_block_010,PV_106_010_735084_R,735084.4,735134.35,13.360223575255263,160.91000718941555,R,binocular,2,"/Volumes/Data-1/Nimrod/experiments/PV_106/2025_08_06/block_010/oe_files/PV106_ET_d3t3_2025-08-06_12-26-43/Record Node 102/analysis/recNames=Block010,Animal=PV_106/lizMov.mat",True,False,2,0,49.949999999953434,2
PV_106,010,PV_106_block_010,PV_106_010_735417_L,735417.4,735450.7,7.257290418236168,164.3094227813319,L,binocular,2,"/Volumes/Data-1/Nimrod/experiments/PV_106/2025_08_06/block_010/oe_files/PV106_ET_d3t3_2025-08-06_12-26-43/Record Node 102/analysis/recNames=Block010,Animal=PV_106/lizMov.mat",True,False,3,0,49.949999999953434,2
PV_106,010,PV_106_block_010,PV_106_010_736167_L,736166.65,736266.55,8.236280974399802,305.8925833728304,L,binocular,2,"/Volumes/Data-1/Nimrod/experiments/PV_106/2025_08_06/block_010/oe_files/PV106_ET_d3t3_2025-08-06_12-26-43/Record Node 102/analysis/recNames=Block010,Animal=PV_106/lizMov.mat",True,False,0,0,,2
PV_106,010,PV_106_block_010,PV_106_010_736849_L,736849.3,736915.9,8.843480406071087,22.59768376759312,L,binocular,2,"/Volumes/Data-1/Nimrod/experiments/PV_106/2025_08_06/block_010/oe_files/PV106_ET_d3t3_2025-08-06_12-26-43/Record Node 102/analysis/recNames=Block010,Animal=PV_106/lizMov.mat",True,False,2,0,66.59999999997672,2
PV_106,010,PV_106_block_010,PV_106_010_737399_L,737398.75,737465.35,14.791891267959102,352.38710690402104,L,binocular,2,"/Volumes/Data-1/Nimrod/experiments/PV_106/2025_08_06/block_010/oe_files/PV106_ET_d3t3_2025-08-06_12-26-43/Record Node 102/analysis/recNames=Block010,Animal=PV_106/lizMov.mat",True,False,3,0,49.949999999953434,2
PV_106,010,PV_106_block_010,PV_106_010_738598_L,738597.55,738647.5,9.274319971905726,169.0466971593042,L,binocular,2,"/Volumes/Data-1/Nimrod/experiments/PV_106/2025_08_06/block_010/oe_files/PV106_ET_d3t3_2025-08-06_12-26-43/Record Node 102/analysis/recNames=Block010,Animal=PV_106/lizMov.mat",True,True,4,1,49.949999999953434,2
PV_106,010,PV_106_block_010,PV_106_010_739613_L,739613.2,739663.15,18.560487235913282,355.6823749484044,L,binocular,2,"/Volumes/Data-1/Nimrod/experiments/PV_106/2025_08_06/block_010/oe_files/PV106_ET_d3t3_2025-08-06_12-26-43/Record Node 102/analysis/recNames=Block010,Animal=PV_106/lizMov.mat",True,True,4,1,49.95000000006985,2
PV_106,010,PV_106_block_010,PV_106_010_739730_R,739729.75,739796.35,10.76613011625639,1.6815718081523463,R,binocular,2,"/Volumes/Data-1/Nimrod/experiments/PV_106/2025_08_06/block_010/oe_files/PV106_ET_d3t3_2025-08-06_12-26-43/Record Node 102/analysis/recNames=Block010,Animal=PV_106/lizMov.mat",True,False,0,0,,2
PV_106,010,PV_106_block_010,PV_106_010_740895_L,740895.25,740945.2,9.482257162923844,31.139698345834088,L,binocular,2,"/Volumes/Data-1/Nimrod/experiments/PV_106/2025_08_06/block_010/oe_files/PV106_ET_d3t3_2025-08-06_12-26-43/Record Node 102/analysis/recNames=Block010,Animal=PV_106/lizMov.mat",True,False,4,0,33.300000000046566,2
PV_106,010,PV_106_block_010,PV_106_010_784934_L,784934.5,784984.45,7.734561036799868,151.3378203784481,L,binocular,2,"/Volumes/Data-1/Nimrod/experiments/PV_106/2025_08_06/block_010/oe_files/PV106_ET_d3t3_2025-08-06_12-26-43/Record Node 102/analysis/recNames=Block010,Animal=PV_106/lizMov.mat",True,False,2,0,49.949999999953434,2
PV_106,010,PV_106_block_010,PV_106_010_786749_L,786749.35,786815.95,8.916192940329582,5.916666484769703,L,binocular,2,"/Volumes/Data-1/Nimrod/experiments/PV_106/2025_08_06/block_010/oe_files/PV106_ET_d3t3_2025-08-06_12-26-43/Record Node 102/analysis/recNames=Block010,Animal=PV_106/lizMov.mat",True,False,0,0,,2
PV_106,010,PV_106_block_010,PV_106_010_787266_L,787265.5,787315.45,7.267134144071917,11.539564453971616,L,binocular,2,"/Volumes/Data-1/Nimrod/experiments/PV_106/2025_08_06/block_010/oe_files/PV106_ET_d3t3_2025-08-06_12-26-43/Record Node 102/analysis/recNames=Block010,Animal=PV_106/lizMov.mat",True,False,2,0,33.300000000046566,2
PV_106,010,PV_106_block_010,PV_106_010_909893_L,909892.75,909942.7,11.082124679782801,162.1433434038233,L,binocular,2,"/Volumes/Data-1/Nimrod/experiments/PV_106/2025_08_06/block_010/oe_files/PV106_ET_d3t3_2025-08-06_12-26-43/Record Node 102/analysis/recNames=Block010,Animal=PV_106/lizMov.mat",True,False,0,0,,2
PV_106,010,PV_106_block_010,PV_106_010_910059_L,910059.25,910092.55,11.695848894207034,153.13277463807347,L,binocular,2,"/Volumes/Data-1/Nimrod/experiments/PV_106/2025_08_06/block_010/oe_files/PV106_ET_d3t3_2025-08-06_12-26-43/Record Node 102/analysis/recNames=Block010,Animal=PV_106/lizMov.mat",True,False,2,0,33.300000000046566,2
PV_106,010,PV_106_block_010,PV_106_010_912557_L,912556.75,912590.05,7.231835237076064,23.848466818382718,L,binocular,2,"/Volumes/Data-1/Nimrod/experiments/PV_106/2025_08_06/block_010/oe_files/PV106_ET_d3t3_2025-08-06_12-26-43/Record Node 102/analysis/recNames=Block010,Animal=PV_106/lizMov.mat",True,False,1,0,33.300000000046566,2
PV_106,010,PV_106_block_010,PV_106_010_933885_L,933885.4,933935.35,10.171339929149571,27.934840103773954,L,binocular,2,"/Volumes/Data-1/Nimrod/experiments/PV_106/2025_08_06/block_010/oe_files/PV106_ET_d3t3_2025-08-06_12-26-43/Record Node 102/analysis/recNames=Block010,Animal=PV_106/lizMov.mat",True,False,1,0,49.949999999953434,2
PV_106,010,PV_106_block_010,PV_106_010_482238_L,482237.5,482337.4,7.658686174839794,341.04177446120053,L,monocular,1,"/Volumes/Data-1/Nimrod/experiments/PV_106/2025_08_06/block_010/oe_files/PV106_ET_d3t3_2025-08-06_12-26-43/Record Node 102/analysis/recNames=Block010,Animal=PV_106/lizMov.mat",True,False,1,0,16.650000000023283,1
PV_106,010,PV_106_block_010,PV_106_010_731172_L,731171.65,731271.55,8.138582693098673,175.03229741845712,L,monocular,1,"/Volumes/Data-1/Nimrod/experiments/PV_106/2025_08_06/block_010/oe_files/PV106_ET_d3t3_2025-08-06_12-26-43/Record Node 102/analysis/recNames=Block010,Animal=PV_106/lizMov.mat",True,False,1,0,66.59999999997672,1
PV_106,010,PV_106_block_010,PV_106_010_737449_L,737448.7,737548.6,7.365958467903892,168.9392680962872,L,monocular,1,"/Volumes/Data-1/Nimrod/experiments/PV_106/2025_08_06/block_010/oe_files/PV106_ET_d3t3_2025-08-06_12-26-43/Record Node 102/analysis/recNames=Block010,Animal=PV_106/lizMov.mat",True,False,2,0,16.650000000023283,1
PV_106,010,PV_106_block_010,PV_106_010_222331_R,222331.0,222380.95,13.254921718048024,147.91939868824062,R,monocular,1,"/Volumes/Data-1/Nimrod/experiments/PV_106/2025_08_06/block_010/oe_files/PV106_ET_d3t3_2025-08-06_12-26-43/Record Node 102/analysis/recNames=Block010,Animal=PV_106/lizMov.mat",True,False,2,0,49.95000000001164,1
PV_106,010,PV_106_block_010,PV_106_010_482254_R,482254.15,482337.4,8.4573114515028,333.93659578425627,R,monocular,1,"/Volumes/Data-1/Nimrod/experiments/PV_106/2025_08_06/block_010/oe_files/PV106_ET_d3t3_2025-08-06_12-26-43/Record Node 102/analysis/recNames=Block010,Animal=PV_106/lizMov.mat",True,False,2,0,133.19999999995343,1
PV_106,011,PV_106_block_011,PV_106_011_160637_R,160637.45,160720.7,7.02759679468891,200.70032179335826,R,binocular,2,"/Volumes/Data-1/Nimrod/experiments/PV_106/2025_08_06/block_011/oe_files/PV106_ET_d3t4_2025-08-06_12-44-30/Record Node 102/analysis/recNames=Block011,Animal=PV_106/lizMov.mat",True,False,0,0,,2
PV_106,011,PV_106_block_011,PV_106_011_170861_L,170860.55,170927.15,8.31558162435677,114.3509585811125,L,binocular,2,"/Volumes/Data-1/Nimrod/experiments/PV_106/2025_08_06/block_011/oe_files/PV106_ET_d3t4_2025-08-06_12-44-30/Record Node 102/analysis/recNames=Block011,Animal=PV_106/lizMov.mat",True,False,0,0,,2
PV_106,011,PV_106_block_011,PV_106_011_181750_R,181749.65,181882.85,17.22716463189277,225.98553695730152,R,binocular,2,"/Volumes/Data-1/Nimrod/experiments/PV_106/2025_08_06/block_011/oe_files/PV106_ET_d3t4_2025-08-06_12-44-30/Record Node 102/analysis/recNames=Block011,Animal=PV_106/lizMov.mat",True,True,2,1,116.55000000001746,2
PV_106,011,PV_106_block_011,PV_106_011_186944_R,186944.45,187027.7,9.471303993723641,180.6824852551848,R,binocular,2,"/Volumes/Data-1/Nimrod/experiments/PV_106/2025_08_06/block_011/oe_files/PV106_ET_d3t4_2025-08-06_12-44-30/Record Node 102/analysis/recNames=Block011,Animal=PV_106/lizMov.mat",True,False,2,0,83.25,2
PV_106,011,PV_106_block_011,PV_106_011_187511_L,187510.55,187577.15,10.313283278059272,172.83799097046108,L,binocular,2,"/Volumes/Data-1/Nimrod/experiments/PV_106/2025_08_06/block_011/oe_files/PV106_ET_d3t4_2025-08-06_12-44-30/Record Node 102/analysis/recNames=Block011,Animal=PV_106/lizMov.mat",True,False,2,0,83.25,2
PV_106,011,PV_106_block_011,PV_106_011_198616_L,198616.1,198732.65,30.400956033464038,158.83032206420438,L,binocular,2,"/Volumes/Data-1/Nimrod/experiments/PV_106/2025_08_06/block_011/oe_files/PV106_ET_d3t4_2025-08-06_12-44-30/Record Node 102/analysis/recNames=Block011,Animal=PV_106/lizMov.mat",True,False,1,0,66.60000000000582,2
PV_106,011,PV_106_block_011,PV_106_011_221943_L,221942.75,222009.35,7.212512474183535,157.52102424257885,L,binocular,2,"/Volumes/Data-1/Nimrod/experiments/PV_106/2025_08_06/block_011/oe_files/PV106_ET_d3t4_2025-08-06_12-44-30/Record Node 102/analysis/recNames=Block011,Animal=PV_106/lizMov.mat",True,False,0,0,,2
PV_106,011,PV_106_block_011,PV_106_011_226571_R,226571.45,226654.7,11.807373283212943,120.33390580183615,R,binocular,2,"/Volumes/Data-1/Nimrod/experiments/PV_106/2025_08_06/block_011/oe_files/PV106_ET_d3t4_2025-08-06_12-44-30/Record Node 102/analysis/recNames=Block011,Animal=PV_106/lizMov.mat",True,False,0,0,,2
PV_106,011,PV_106_block_011,PV_106_011_237494_R,237493.85,237593.75,9.814842675474189,216.07129901840534,R,binocular,2,"/Volumes/Data-1/Nimrod/experiments/PV_106/2025_08_06/block_011/oe_files/PV106_ET_d3t4_2025-08-06_12-44-30/Record Node 102/analysis/recNames=Block011,Animal=PV_106/lizMov.mat",True,False,0,0,66.60000000000582,2
PV_106,011,PV_106_block_011,PV_106_011_239825_L,239824.85,239924.75,9.065247141126662,335.9151484715337,L,binocular,2,"/Volumes/Data-1/Nimrod/experiments/PV_106/2025_08_06/block_011/oe_files/PV106_ET_d3t4_2025-08-06_12-44-30/Record Node 102/analysis/recNames=Block011,Animal=PV_106/lizMov.mat",True,False,0,0,,2
PV_106,011,PV_106_block_011,PV_106_011_241790_L,241789.55,241872.8,7.4519794382897295,329.62358848522956,L,binocular,2,"/Volumes/Data-1/Nimrod/experiments/PV_106/2025_08_06/block_011/oe_files/PV106_ET_d3t4_2025-08-06_12-44-30/Record Node 102/analysis/recNames=Block011,Animal=PV_106/lizMov.mat",True,False,0,0,,2
PV_106,011,PV_106_block_011,PV_106_011_250131_L,250131.2,250247.75,8.763913104632561,328.9190581319487,L,binocular,2,"/Volumes/Data-1/Nimrod/experiments/PV_106/2025_08_06/block_011/oe_files/PV106_ET_d3t4_2025-08-06_12-44-30/Record Node 102/analysis/recNames=Block011,Animal=PV_106/lizMov.mat",True,False,0,0,,2
PV_106,011,PV_106_block_011,PV_106_011_250664_L,250664.0,250747.25,9.518805551248029,349.82687892595004,L,binocular,2,"/Volumes/Data-1/Nimrod/experiments/PV_106/2025_08_06/block_011/oe_files/PV106_ET_d3t4_2025-08-06_12-44-30/Record Node 102/analysis/recNames=Block011,Animal=PV_106/lizMov.mat",True,False,2,0,83.25,2
PV_106,011,PV_106_block_011,PV_106_011_256059_R,256058.6,256158.5,17.952921791180305,108.09364502016156,R,binocular,2,"/Volumes/Data-1/Nimrod/experiments/PV_106/2025_08_06/block_011/oe_files/PV106_ET_d3t4_2025-08-06_12-44-30/Record Node 102/analysis/recNames=Block011,Animal=PV_106/lizMov.mat",True,True,3,1,83.25,2
PV_106,011,PV_106_block_011,PV_106_011_256508_R,256508.15,256574.75,8.88672897877397,146.59123248828448,R,binocular,2,"/Volumes/Data-1/Nimrod/experiments/PV_106/2025_08_06/block_011/oe_files/PV106_ET_d3t4_2025-08-06_12-44-30/Record Node 102/analysis/recNames=Block011,Animal=PV_106/lizMov.mat",True,False,3,0,66.60000000000582,2
PV_106,011,PV_106_block_011,PV_106_011_264317_R,264317.0,264450.2,20.181331897463142,288.84365631091583,R,binocular,2,"/Volumes/Data-1/Nimrod/experiments/PV_106/2025_08_06/block_011/oe_files/PV106_ET_d3t4_2025-08-06_12-44-30/Record Node 102/analysis/recNames=Block011,Animal=PV_106/lizMov.mat",True,False,1,0,83.25,2
PV_106,011,PV_106_block_011,PV_106_011_265066_L,265066.25,265166.15,12.683690823611357,342.23846694714786,L,binocular,2,"/Volumes/Data-1/Nimrod/experiments/PV_106/2025_08_06/block_011/oe_files/PV106_ET_d3t4_2025-08-06_12-44-30/Record Node 102/analysis/recNames=Block011,Animal=PV_106/lizMov.mat",True,False,2,0,99.90000000002328,2
PV_106,011,PV_106_block_011,PV_106_011_269961_L,269961.35,270027.95,9.065906029377967,352.6391663071544,L,binocular,2,"/Volumes/Data-1/Nimrod/experiments/PV_106/2025_08_06/block_011/oe_files/PV106_ET_d3t4_2025-08-06_12-44-30/Record Node 102/analysis/recNames=Block011,Animal=PV_106/lizMov.mat",True,True,4,3,49.95000000001164,2
PV_106,011,PV_106_block_011,PV_106_011_276538_R,276538.1,276638.0,8.562706568800758,357.3889509708047,R,binocular,2,"/Volumes/Data-1/Nimrod/experiments/PV_106/2025_08_06/block_011/oe_files/PV106_ET_d3t4_2025-08-06_12-44-30/Record Node 102/analysis/recNames=Block011,Animal=PV_106/lizMov.mat",True,False,1,0,33.300000000046566,2
PV_106,011,PV_106_block_011,PV_106_011_277004_L,277004.3,277087.55,7.654270891676849,330.62067236278926,L,binocular,2,"/Volumes/Data-1/Nimrod/experiments/PV_106/2025_08_06/block_011/oe_files/PV106_ET_d3t4_2025-08-06_12-44-30/Record Node 102/analysis/recNames=Block011,Animal=PV_106/lizMov.mat",True,False,0,0,,2
PV_106,011,PV_106_block_011,PV_106_011_281983_R,281982.65,282099.2,11.55315638280149,105.36760974393353,R,binocular,2,"/Volumes/Data-1/Nimrod/experiments/PV_106/2025_08_06/block_011/oe_files/PV106_ET_d3t4_2025-08-06_12-44-30/Record Node 102/analysis/recNames=Block011,Animal=PV_106/lizMov.mat",True,False,1,0,83.25,2
PV_106,011,PV_106_block_011,PV_106_011_284347_R,284346.95,284463.5,7.391657177390567,310.4865828263968,R,binocular,2,"/Volumes/Data-1/Nimrod/experiments/PV_106/2025_08_06/block_011/oe_files/PV106_ET_d3t4_2025-08-06_12-44-30/Record Node 102/analysis/recNames=Block011,Animal=PV_106/lizMov.mat",True,False,0,0,,2
PV_106,011,PV_106_block_011,PV_106_011_306725_L,306724.55,306841.1,9.360488460416219,339.6594456469641,L,binocular,2,"/Volumes/Data-1/Nimrod/experiments/PV_106/2025_08_06/block_011/oe_files/PV106_ET_d3t4_2025-08-06_12-44-30/Record Node 102/analysis/recNames=Block011,Animal=PV_106/lizMov.mat",True,False,0,0,,2
PV_106,011,PV_106_block_011,PV_106_011_327737_L,327736.85,327903.35,12.020292172077866,197.10302441231858,L,binocular,2,"/Volumes/Data-1/Nimrod/experiments/PV_106/2025_08_06/block_011/oe_files/PV106_ET_d3t4_2025-08-06_12-44-30/Record Node 102/analysis/recNames=Block011,Animal=PV_106/lizMov.mat",True,False,0,0,,2
PV_106,011,PV_106_block_011,PV_106_011_328070_R,328069.85,328236.35,7.91926650192348,38.39934986321933,R,binocular,2,"/Volumes/Data-1/Nimrod/experiments/PV_106/2025_08_06/block_011/oe_files/PV106_ET_d3t4_2025-08-06_12-44-30/Record Node 102/analysis/recNames=Block011,Animal=PV_106/lizMov.mat",True,True,2,1,16.650000000023283,2
PV_106,011,PV_106_block_011,PV_106_011_328536_R,328536.05,328635.95,17.588918170862467,218.73731280861477,R,binocular,2,"/Volumes/Data-1/Nimrod/experiments/PV_106/2025_08_06/block_011/oe_files/PV106_ET_d3t4_2025-08-06_12-44-30/Record Node 102/analysis/recNames=Block011,Animal=PV_106/lizMov.mat",True,True,5,3,49.95000000001164,2
PV_106,011,PV_106_block_011,PV_106_011_329185_L,329185.4,329268.65,16.833397509484378,75.45992235896063,L,binocular,2,"/Volumes/Data-1/Nimrod/experiments/PV_106/2025_08_06/block_011/oe_files/PV106_ET_d3t4_2025-08-06_12-44-30/Record Node 102/analysis/recNames=Block011,Animal=PV_106/lizMov.mat",True,True,3,2,66.59999999997672,2
PV_106,011,PV_106_block_011,PV_106_011_329968_L,329967.95,330017.9,7.447631433240999,135.30268281594155,L,binocular,2,"/Volumes/Data-1/Nimrod/experiments/PV_106/2025_08_06/block_011/oe_files/PV106_ET_d3t4_2025-08-06_12-44-30/Record Node 102/analysis/recNames=Block011,Animal=PV_106/lizMov.mat",True,False,2,0,66.59999999997672,2
PV_106,011,PV_106_block_011,PV_106_011_331100_L,331100.15,331150.1,8.344950952550624,124.86651688811682,L,binocular,2,"/Volumes/Data-1/Nimrod/experiments/PV_106/2025_08_06/block_011/oe_files/PV106_ET_d3t4_2025-08-06_12-44-30/Record Node 102/analysis/recNames=Block011,Animal=PV_106/lizMov.mat",True,False,2,0,33.29999999998836,2
PV_106,011,PV_106_block_011,PV_106_011_337477_L,337477.1,337610.3,9.672962140438782,128.06780749799668,L,binocular,2,"/Volumes/Data-1/Nimrod/experiments/PV_106/2025_08_06/block_011/oe_files/PV106_ET_d3t4_2025-08-06_12-44-30/Record Node 102/analysis/recNames=Block011,Animal=PV_106/lizMov.mat",True,False,0,0,,2
PV_106,011,PV_106_block_011,PV_106_011_338393_R,338392.85,338459.45,12.287705882990705,193.20953656666285,R,binocular,2,"/Volumes/Data-1/Nimrod/experiments/PV_106/2025_08_06/block_011/oe_files/PV106_ET_d3t4_2025-08-06_12-44-30/Record Node 102/analysis/recNames=Block011,Animal=PV_106/lizMov.mat",True,False,1,0,99.90000000002328,2
PV_106,011,PV_106_block_011,PV_106_011_340474_R,340474.1,340590.65,14.788350958381786,202.251747532425,R,binocular,2,"/Volumes/Data-1/Nimrod/experiments/PV_106/2025_08_06/block_011/oe_files/PV106_ET_d3t4_2025-08-06_12-44-30/Record Node 102/analysis/recNames=Block011,Animal=PV_106/lizMov.mat",True,False,0,0,,2
PV_106,011,PV_106_block_011,PV_106_011_347018_L,347017.55,347084.15,7.5912064365540655,112.57664150017364,L,binocular,2,"/Volumes/Data-1/Nimrod/experiments/PV_106/2025_08_06/block_011/oe_files/PV106_ET_d3t4_2025-08-06_12-44-30/Record Node 102/analysis/recNames=Block011,Animal=PV_106/lizMov.mat",True,False,1,0,116.54999999998836,2
PV_106,011,PV_106_block_011,PV_106_011_369895_L,369894.65,370061.15,16.721412230650607,312.0242231768887,L,binocular,2,"/Volumes/Data-1/Nimrod/experiments/PV_106/2025_08_06/block_011/oe_files/PV106_ET_d3t4_2025-08-06_12-44-30/Record Node 102/analysis/recNames=Block011,Animal=PV_106/lizMov.mat",True,False,1,0,116.54999999998836,2
PV_106,011,PV_106_block_011,PV_106_011_370511_R,370510.7,370593.95,14.125950120640255,244.90229041695534,R,binocular,2,"/Volumes/Data-1/Nimrod/experiments/PV_106/2025_08_06/block_011/oe_files/PV106_ET_d3t4_2025-08-06_12-44-30/Record Node 102/analysis/recNames=Block011,Animal=PV_106/lizMov.mat",True,False,1,0,83.25,2
PV_106,011,PV_106_block_011,PV_106_011_371426_R,371426.45,371543.0,19.205416609977345,64.93640756308439,R,binocular,2,"/Volumes/Data-1/Nimrod/experiments/PV_106/2025_08_06/block_011/oe_files/PV106_ET_d3t4_2025-08-06_12-44-30/Record Node 102/analysis/recNames=Block011,Animal=PV_106/lizMov.mat",True,False,1,0,133.20000000001164,2
PV_106,011,PV_106_block_011,PV_106_011_391356_L,391356.5,391489.7,14.549942742986739,331.6338657827343,L,binocular,2,"/Volumes/Data-1/Nimrod/experiments/PV_106/2025_08_06/block_011/oe_files/PV106_ET_d3t4_2025-08-06_12-44-30/Record Node 102/analysis/recNames=Block011,Animal=PV_106/lizMov.mat",True,False,0,0,,2
PV_106,011,PV_106_block_011,PV_106_011_391806_L,391806.05,391872.65,8.209409747637542,340.61757105637787,L,binocular,2,"/Volumes/Data-1/Nimrod/experiments/PV_106/2025_08_06/block_011/oe_files/PV106_ET_d3t4_2025-08-06_12-44-30/Record Node 102/analysis/recNames=Block011,Animal=PV_106/lizMov.mat",True,False,2,0,83.25,2
PV_106,011,PV_106_block_011,PV_106_011_399731_L,399731.45,399831.35,11.862318804199337,251.94788311348293,L,binocular,2,"/Volumes/Data-1/Nimrod/experiments/PV_106/2025_08_06/block_011/oe_files/PV106_ET_d3t4_2025-08-06_12-44-30/Record Node 102/analysis/recNames=Block011,Animal=PV_106/lizMov.mat",True,False,0,0,,2
PV_106,011,PV_106_block_011,PV_106_011_402279_L,402278.9,402478.7,24.14127916160401,164.42137231166103,L,binocular,2,"/Volumes/Data-1/Nimrod/experiments/PV_106/2025_08_06/block_011/oe_files/PV106_ET_d3t4_2025-08-06_12-44-30/Record Node 102/analysis/recNames=Block011,Animal=PV_106/lizMov.mat",True,False,1,0,99.89999999996508,2
PV_106,011,PV_106_block_011,PV_106_011_406924_L,406924.25,407024.15,8.089528326262581,61.11416219557182,L,binocular,2,"/Volumes/Data-1/Nimrod/experiments/PV_106/2025_08_06/block_011/oe_files/PV106_ET_d3t4_2025-08-06_12-44-30/Record Node 102/analysis/recNames=Block011,Animal=PV_106/lizMov.mat",True,False,0,0,,2
PV_106,011,PV_106_block_011,PV_106_011_414267_L,414266.9,414383.45,7.113784650869009,152.86857200446727,L,binocular,2,"/Volumes/Data-1/Nimrod/experiments/PV_106/2025_08_06/block_011/oe_files/PV106_ET_d3t4_2025-08-06_12-44-30/Record Node 102/analysis/recNames=Block011,Animal=PV_106/lizMov.mat",True,False,0,0,,2
PV_106,011,PV_106_block_011,PV_106_011_422242_L,422242.25,422325.5,17.51796496581781,322.41595952760986,L,binocular,2,"/Volumes/Data-1/Nimrod/experiments/PV_106/2025_08_06/block_011/oe_files/PV106_ET_d3t4_2025-08-06_12-44-30/Record Node 102/analysis/recNames=Block011,Animal=PV_106/lizMov.mat",True,True,5,3,66.59999999997672,2
PV_106,011,PV_106_block_011,PV_106_011_422359_L,422358.8,422458.7,19.58859247554861,134.2447612148827,L,binocular,2,"/Volumes/Data-1/Nimrod/experiments/PV_106/2025_08_06/block_011/oe_files/PV106_ET_d3t4_2025-08-06_12-44-30/Record Node 102/analysis/recNames=Block011,Animal=PV_106/lizMov.mat",True,False,1,0,16.650000000023283,2
PV_106,011,PV_106_block_011,PV_106_011_424990_R,424989.5,425089.4,7.868169742812052,5.223677129867554,R,binocular,2,"/Volumes/Data-1/Nimrod/experiments/PV_106/2025_08_06/block_011/oe_files/PV106_ET_d3t4_2025-08-06_12-44-30/Record Node 102/analysis/recNames=Block011,Animal=PV_106/lizMov.mat",True,False,0,0,,2
PV_106,011,PV_106_block_011,PV_106_011_429635_R,429634.85,429751.4,8.422243760508408,305.3929793169123,R,binocular,2,"/Volumes/Data-1/Nimrod/experiments/PV_106/2025_08_06/block_011/oe_files/PV106_ET_d3t4_2025-08-06_12-44-30/Record Node 102/analysis/recNames=Block011,Animal=PV_106/lizMov.mat",True,False,0,0,,2
PV_106,011,PV_106_block_011,PV_106_011_444304_L,444303.5,444353.45,8.114048298969347,314.35703549090306,L,binocular,2,"/Volumes/Data-1/Nimrod/experiments/PV_106/2025_08_06/block_011/oe_files/PV106_ET_d3t4_2025-08-06_12-44-30/Record Node 102/analysis/recNames=Block011,Animal=PV_106/lizMov.mat",True,False,2,0,49.95000000001164,2
PV_106,011,PV_106_block_011,PV_106_011_445452_L,445452.35,445535.6,12.072621180093114,325.19771677407545,L,binocular,2,"/Volumes/Data-1/Nimrod/experiments/PV_106/2025_08_06/block_011/oe_files/PV106_ET_d3t4_2025-08-06_12-44-30/Record Node 102/analysis/recNames=Block011,Animal=PV_106/lizMov.mat",True,False,2,0,49.95000000001164,2
PV_106,011,PV_106_block_011,PV_106_011_452412_R,452412.05,452511.95,13.025476338311497,230.77284623608145,R,binocular,2,"/Volumes/Data-1/Nimrod/experiments/PV_106/2025_08_06/block_011/oe_files/PV106_ET_d3t4_2025-08-06_12-44-30/Record Node 102/analysis/recNames=Block011,Animal=PV_106/lizMov.mat",True,False,0,0,,2
PV_106,011,PV_106_block_011,PV_106_011_454244_L,454243.55,454343.45,12.714418941546224,185.4242637634159,L,binocular,2,"/Volumes/Data-1/Nimrod/experiments/PV_106/2025_08_06/block_011/oe_files/PV106_ET_d3t4_2025-08-06_12-44-30/Record Node 102/analysis/recNames=Block011,Animal=PV_106/lizMov.mat",True,False,0,0,,2
PV_106,011,PV_106_block_011,PV_106_011_477437_R,477437.0,477570.2,10.043655903286274,157.59232999941554,R,binocular,2,"/Volumes/Data-1/Nimrod/experiments/PV_106/2025_08_06/block_011/oe_files/PV106_ET_d3t4_2025-08-06_12-44-30/Record Node 102/analysis/recNames=Block011,Animal=PV_106/lizMov.mat",True,False,0,0,,2
PV_106,011,PV_106_block_011,PV_106_011_481766_L,481766.0,481882.55,8.512385988353838,353.6992488833083,L,binocular,2,"/Volumes/Data-1/Nimrod/experiments/PV_106/2025_08_06/block_011/oe_files/PV106_ET_d3t4_2025-08-06_12-44-30/Record Node 102/analysis/recNames=Block011,Animal=PV_106/lizMov.mat",True,False,1,0,116.54999999998836,2
PV_106,011,PV_106_block_011,PV_106_011_488393_L,488392.7,488492.6,10.74393550055303,147.88710094294413,L,binocular,2,"/Volumes/Data-1/Nimrod/experiments/PV_106/2025_08_06/block_011/oe_files/PV106_ET_d3t4_2025-08-06_12-44-30/Record Node 102/analysis/recNames=Block011,Animal=PV_106/lizMov.mat",True,False,0,0,,2
PV_106,011,PV_106_block_011,PV_106_011_504776_R,504776.3,504876.2,8.931387494583031,7.97392149528226,R,binocular,2,"/Volumes/Data-1/Nimrod/experiments/PV_106/2025_08_06/block_011/oe_files/PV106_ET_d3t4_2025-08-06_12-44-30/Record Node 102/analysis/recNames=Block011,Animal=PV_106/lizMov.mat",True,False,1,0,149.85000000003492,2
PV_106,011,PV_106_block_011,PV_106_011_506358_R,506358.05,506457.95,7.204218120947259,26.48587938774695,R,binocular,2,"/Volumes/Data-1/Nimrod/experiments/PV_106/2025_08_06/block_011/oe_files/PV106_ET_d3t4_2025-08-06_12-44-30/Record Node 102/analysis/recNames=Block011,Animal=PV_106/lizMov.mat",True,False,0,0,,2
PV_106,011,PV_106_block_011,PV_106_011_512502_L,512501.9,512618.45,10.396063622495445,341.6999307122468,L,binocular,2,"/Volumes/Data-1/Nimrod/experiments/PV_106/2025_08_06/block_011/oe_files/PV106_ET_d3t4_2025-08-06_12-44-30/Record Node 102/analysis/recNames=Block011,Animal=PV_106/lizMov.mat",True,False,0,0,,2
PV_106,011,PV_106_block_011,PV_106_011_539408_R,539408.3,539508.2,8.628419804852024,3.7651149281094662,R,binocular,2,"/Volumes/Data-1/Nimrod/experiments/PV_106/2025_08_06/block_011/oe_files/PV106_ET_d3t4_2025-08-06_12-44-30/Record Node 102/analysis/recNames=Block011,Animal=PV_106/lizMov.mat",True,False,2,0,83.25,2
PV_106,011,PV_106_block_011,PV_106_011_540940_R,540940.1,541040.0,7.013512412896495,24.417787723176236,R,binocular,2,"/Volumes/Data-1/Nimrod/experiments/PV_106/2025_08_06/block_011/oe_files/PV106_ET_d3t4_2025-08-06_12-44-30/Record Node 102/analysis/recNames=Block011,Animal=PV_106/lizMov.mat",True,False,0,0,,2
PV_106,011,PV_106_block_011,PV_106_011_544820_L,544819.55,544919.45,14.815018955786831,147.2503933007146,L,binocular,2,"/Volumes/Data-1/Nimrod/experiments/PV_106/2025_08_06/block_011/oe_files/PV106_ET_d3t4_2025-08-06_12-44-30/Record Node 102/analysis/recNames=Block011,Animal=PV_106/lizMov.mat",True,False,1,0,149.84999999997672,2
PV_106,011,PV_106_block_011,PV_106_011_546085_L,546084.95,546251.45,31.28906373504895,15.710072508241367,L,binocular,2,"/Volumes/Data-1/Nimrod/experiments/PV_106/2025_08_06/block_011/oe_files/PV106_ET_d3t4_2025-08-06_12-44-30/Record Node 102/analysis/recNames=Block011,Animal=PV_106/lizMov.mat",True,False,1,0,116.55000000004657,2
PV_106,011,PV_106_block_011,PV_106_011_548782_L,548782.25,548848.85,7.468524079666496,193.6748333170966,L,binocular,2,"/Volumes/Data-1/Nimrod/experiments/PV_106/2025_08_06/block_011/oe_files/PV106_ET_d3t4_2025-08-06_12-44-30/Record Node 102/analysis/recNames=Block011,Animal=PV_106/lizMov.mat",True,True,3,1,33.300000000046566,2
PV_106,011,PV_106_block_011,PV_106_011_551546_L,551546.15,551762.6,18.014269892746434,229.21681546416204,L,binocular,2,"/Volumes/Data-1/Nimrod/experiments/PV_106/2025_08_06/block_011/oe_files/PV106_ET_d3t4_2025-08-06_12-44-30/Record Node 102/analysis/recNames=Block011,Animal=PV_106/lizMov.mat",True,False,0,0,,2
PV_106,011,PV_106_block_011,PV_106_011_555908_L,555908.45,555991.7,7.233517789385796,129.23568833410013,L,binocular,2,"/Volumes/Data-1/Nimrod/experiments/PV_106/2025_08_06/block_011/oe_files/PV106_ET_d3t4_2025-08-06_12-44-30/Record Node 102/analysis/recNames=Block011,Animal=PV_106/lizMov.mat",True,False,0,0,,2
PV_106,011,PV_106_block_011,PV_106_011_556475_L,556474.55,556541.15,7.608902562591325,103.54476823807936,L,binocular,2,"/Volumes/Data-1/Nimrod/experiments/PV_106/2025_08_06/block_011/oe_files/PV106_ET_d3t4_2025-08-06_12-44-30/Record Node 102/analysis/recNames=Block011,Animal=PV_106/lizMov.mat",True,False,2,0,83.25,2
PV_106,011,PV_106_block_011,PV_106_011_556808_L,556807.55,556890.8,10.035733165172358,116.69684496112626,L,binocular,2,"/Volumes/Data-1/Nimrod/experiments/PV_106/2025_08_06/block_011/oe_files/PV106_ET_d3t4_2025-08-06_12-44-30/Record Node 102/analysis/recNames=Block011,Animal=PV_106/lizMov.mat",True,False,1,0,99.89999999990687,2
PV_106,011,PV_106_block_011,PV_106_011_558806_R,558805.55,558888.8,13.95310957893393,207.22795293313257,R,binocular,2,"/Volumes/Data-1/Nimrod/experiments/PV_106/2025_08_06/block_011/oe_files/PV106_ET_d3t4_2025-08-06_12-44-30/Record Node 102/analysis/recNames=Block011,Animal=PV_106/lizMov.mat",True,True,4,3,66.59999999997672,2
PV_106,011,PV_106_block_011,PV_106_011_559705_R,559704.65,559804.55,8.620513764117018,228.59350318332886,R,binocular,2,"/Volumes/Data-1/Nimrod/experiments/PV_106/2025_08_06/block_011/oe_files/PV106_ET_d3t4_2025-08-06_12-44-30/Record Node 102/analysis/recNames=Block011,Animal=PV_106/lizMov.mat",True,False,0,0,,2
PV_106,011,PV_106_block_011,PV_106_011_562552_R,562551.8,562701.65,21.408287333730954,23.667651233743847,R,binocular,2,"/Volumes/Data-1/Nimrod/experiments/PV_106/2025_08_06/block_011/oe_files/PV106_ET_d3t4_2025-08-06_12-44-30/Record Node 102/analysis/recNames=Block011,Animal=PV_106/lizMov.mat",True,False,1,0,133.19999999995343,2
PV_106,011,PV_106_block_011,PV_106_011_627054_R,627053.9,627237.05,13.306501148975975,189.89749178067186,R,binocular,2,"/Volumes/Data-1/Nimrod/experiments/PV_106/2025_08_06/block_011/oe_files/PV106_ET_d3t4_2025-08-06_12-44-30/Record Node 102/analysis/recNames=Block011,Animal=PV_106/lizMov.mat",True,False,0,0,,2
PV_106,011,PV_106_block_011,PV_106_011_642155_L,642155.45,642255.35,9.268693459680835,330.97302499233876,L,binocular,2,"/Volumes/Data-1/Nimrod/experiments/PV_106/2025_08_06/block_011/oe_files/PV106_ET_d3t4_2025-08-06_12-44-30/Record Node 102/analysis/recNames=Block011,Animal=PV_106/lizMov.mat",True,False,0,0,,2
PV_106,011,PV_106_block_011,PV_106_011_646568_R,646567.7,646650.95,7.08419176264673,354.5336622663026,R,binocular,2,"/Volumes/Data-1/Nimrod/experiments/PV_106/2025_08_06/block_011/oe_files/PV106_ET_d3t4_2025-08-06_12-44-30/Record Node 102/analysis/recNames=Block011,Animal=PV_106/lizMov.mat",True,False,0,0,,2
PV_106,011,PV_106_block_011,PV_106_011_648033_R,648032.9,648132.8,7.9550711923597985,28.160923530506395,R,binocular,2,"/Volumes/Data-1/Nimrod/experiments/PV_106/2025_08_06/block_011/oe_files/PV106_ET_d3t4_2025-08-06_12-44-30/Record Node 102/analysis/recNames=Block011,Animal=PV_106/lizMov.mat",True,False,2,0,116.54999999993015,2
PV_106,011,PV_106_block_011,PV_106_011_649814_L,649814.45,649947.65,17.796391130172488,158.72330211185226,L,binocular,2,"/Volumes/Data-1/Nimrod/experiments/PV_106/2025_08_06/block_011/oe_files/PV106_ET_d3t4_2025-08-06_12-44-30/Record Node 102/analysis/recNames=Block011,Animal=PV_106/lizMov.mat",True,False,0,0,,2
PV_106,011,PV_106_block_011,PV_106_011_663817_L,663817.1,664083.5,18.525113221316776,262.43578746135125,L,binocular,2,"/Volumes/Data-1/Nimrod/experiments/PV_106/2025_08_06/block_011/oe_files/PV106_ET_d3t4_2025-08-06_12-44-30/Record Node 102/analysis/recNames=Block011,Animal=PV_106/lizMov.mat",True,False,0,0,,2
PV_106,011,PV_106_block_011,PV_106_011_665316_L,665315.6,665398.85,7.382572651696692,102.03884613932375,L,binocular,2,"/Volumes/Data-1/Nimrod/experiments/PV_106/2025_08_06/block_011/oe_files/PV106_ET_d3t4_2025-08-06_12-44-30/Record Node 102/analysis/recNames=Block011,Animal=PV_106/lizMov.mat",True,True,4,3,16.650000000023283,2
PV_106,011,PV_106_block_011,PV_106_011_665382_L,665382.2,665432.15,13.365367741843913,320.62012652410283,L,binocular,2,"/Volumes/Data-1/Nimrod/experiments/PV_106/2025_08_06/block_011/oe_files/PV106_ET_d3t4_2025-08-06_12-44-30/Record Node 102/analysis/recNames=Block011,Animal=PV_106/lizMov.mat",True,True,3,2,33.300000000046566,2
PV_106,011,PV_106_block_011,PV_106_011_665465_R,665465.45,665582.0,8.354287619929266,354.7408429164986,R,binocular,2,"/Volumes/Data-1/Nimrod/experiments/PV_106/2025_08_06/block_011/oe_files/PV106_ET_d3t4_2025-08-06_12-44-30/Record Node 102/analysis/recNames=Block011,Animal=PV_106/lizMov.mat",True,True,3,1,99.90000000002328,2
PV_106,011,PV_106_block_011,PV_106_011_666764_L,666764.15,666847.4,10.896696994150686,133.77995084640864,L,binocular,2,"/Volumes/Data-1/Nimrod/experiments/PV_106/2025_08_06/block_011/oe_files/PV106_ET_d3t4_2025-08-06_12-44-30/Record Node 102/analysis/recNames=Block011,Animal=PV_106/lizMov.mat",True,True,5,3,49.949999999953434,2
PV_106,011,PV_106_block_011,PV_106_011_666881_R,666880.7,667013.9,8.351992073715058,11.999251622420442,R,binocular,2,"/Volumes/Data-1/Nimrod/experiments/PV_106/2025_08_06/block_011/oe_files/PV106_ET_d3t4_2025-08-06_12-44-30/Record Node 102/analysis/recNames=Block011,Animal=PV_106/lizMov.mat",True,True,6,5,16.650000000023283,2
PV_106,011,PV_106_block_011,PV_106_011_691106_L,691106.45,691173.05,7.919450094852096,59.58758326159301,L,binocular,2,"/Volumes/Data-1/Nimrod/experiments/PV_106/2025_08_06/block_011/oe_files/PV106_ET_d3t4_2025-08-06_12-44-30/Record Node 102/analysis/recNames=Block011,Animal=PV_106/lizMov.mat",True,False,0,0,,2
PV_106,011,PV_106_block_011,PV_106_011_692056_L,692055.5,692172.05,14.046803353908832,293.3364993792867,L,binocular,2,"/Volumes/Data-1/Nimrod/experiments/PV_106/2025_08_06/block_011/oe_files/PV106_ET_d3t4_2025-08-06_12-44-30/Record Node 102/analysis/recNames=Block011,Animal=PV_106/lizMov.mat",True,True,4,2,83.25,2
PV_106,011,PV_106_block_011,PV_106_011_692189_R,692188.7,692238.65,10.875849018582153,23.264984573170928,R,binocular,2,"/Volumes/Data-1/Nimrod/experiments/PV_106/2025_08_06/block_011/oe_files/PV106_ET_d3t4_2025-08-06_12-44-30/Record Node 102/analysis/recNames=Block011,Animal=PV_106/lizMov.mat",True,False,0,0,,2
PV_106,011,PV_106_block_011,PV_106_011_694270_L,694269.95,694336.55,14.600583379763208,342.6626652787844,L,binocular,2,"/Volumes/Data-1/Nimrod/experiments/PV_106/2025_08_06/block_011/oe_files/PV106_ET_d3t4_2025-08-06_12-44-30/Record Node 102/analysis/recNames=Block011,Animal=PV_106/lizMov.mat",True,True,3,1,66.60000000009313,2
PV_106,011,PV_106_block_011,PV_106_011_694337_L,694336.55,694386.5,8.445350478869273,187.89981189073188,L,binocular,2,"/Volumes/Data-1/Nimrod/experiments/PV_106/2025_08_06/block_011/oe_files/PV106_ET_d3t4_2025-08-06_12-44-30/Record Node 102/analysis/recNames=Block011,Animal=PV_106/lizMov.mat",True,False,1,0,49.949999999953434,2
PV_106,011,PV_106_block_011,PV_106_011_708722_L,708722.15,708805.4,9.937590346046608,341.1188683760918,L,binocular,2,"/Volumes/Data-1/Nimrod/experiments/PV_106/2025_08_06/block_011/oe_files/PV106_ET_d3t4_2025-08-06_12-44-30/Record Node 102/analysis/recNames=Block011,Animal=PV_106/lizMov.mat",True,False,0,0,,2
PV_106,011,PV_106_block_011,PV_106_011_709322_L,709321.55,709388.15,9.096968189794337,321.00958863953707,L,binocular,2,"/Volumes/Data-1/Nimrod/experiments/PV_106/2025_08_06/block_011/oe_files/PV106_ET_d3t4_2025-08-06_12-44-30/Record Node 102/analysis/recNames=Block011,Animal=PV_106/lizMov.mat",True,False,2,0,99.89999999990687,2
PV_106,011,PV_106_block_011,PV_106_011_711136_R,711136.4,711236.3,7.341346980481004,6.226243682220825,R,binocular,2,"/Volumes/Data-1/Nimrod/experiments/PV_106/2025_08_06/block_011/oe_files/PV106_ET_d3t4_2025-08-06_12-44-30/Record Node 102/analysis/recNames=Block011,Animal=PV_106/lizMov.mat",True,False,0,0,,2
PV_106,011,PV_106_block_011,PV_106_011_712485_R,712485.05,712618.25,11.818016609589376,9.086436050170512,R,binocular,2,"/Volumes/Data-1/Nimrod/experiments/PV_106/2025_08_06/block_011/oe_files/PV106_ET_d3t4_2025-08-06_12-44-30/Record Node 102/analysis/recNames=Block011,Animal=PV_106/lizMov.mat",True,True,3,1,83.25,2
PV_106,011,PV_106_block_011,PV_106_011_714233_L,714233.3,714333.2,15.912529910354815,159.5631607237296,L,binocular,2,"/Volumes/Data-1/Nimrod/experiments/PV_106/2025_08_06/block_011/oe_files/PV106_ET_d3t4_2025-08-06_12-44-30/Record Node 102/analysis/recNames=Block011,Animal=PV_106/lizMov.mat",True,False,0,0,,2
PV_106,011,PV_106_block_011,PV_106_011_715582_L,715581.95,715681.85,11.57670447864313,348.16102081173517,L,binocular,2,"/Volumes/Data-1/Nimrod/experiments/PV_106/2025_08_06/block_011/oe_files/PV106_ET_d3t4_2025-08-06_12-44-30/Record Node 102/analysis/recNames=Block011,Animal=PV_106/lizMov.mat",True,False,0,0,,2
PV_106,011,PV_106_block_011,PV_106_011_718795_L,718795.4,718878.65,10.863450838338542,104.32692177286371,L,binocular,2,"/Volumes/Data-1/Nimrod/experiments/PV_106/2025_08_06/block_011/oe_files/PV106_ET_d3t4_2025-08-06_12-44-30/Record Node 102/analysis/recNames=Block011,Animal=PV_106/lizMov.mat",True,True,2,1,99.90000000002328,2
PV_106,011,PV_106_block_011,PV_106_011_724190_L,724190.0,724289.9,22.203468748181198,3.434148640544793,L,binocular,2,"/Volumes/Data-1/Nimrod/experiments/PV_106/2025_08_06/block_011/oe_files/PV106_ET_d3t4_2025-08-06_12-44-30/Record Node 102/analysis/recNames=Block011,Animal=PV_106/lizMov.mat",True,True,3,1,83.25,2
PV_106,011,PV_106_block_011,PV_106_011_724273_L,724273.25,724423.1,14.821296501586252,168.66854251990864,L,binocular,2,"/Volumes/Data-1/Nimrod/experiments/PV_106/2025_08_06/block_011/oe_files/PV106_ET_d3t4_2025-08-06_12-44-30/Record Node 102/analysis/recNames=Block011,Animal=PV_106/lizMov.mat",True,False,1,0,66.59999999997672,2
PV_106,011,PV_106_block_011,PV_106_011_739208_L,739208.3,739324.85,8.077514834475169,16.459590637483497,L,binocular,2,"/Volumes/Data-1/Nimrod/experiments/PV_106/2025_08_06/block_011/oe_files/PV106_ET_d3t4_2025-08-06_12-44-30/Record Node 102/analysis/recNames=Block011,Animal=PV_106/lizMov.mat",True,False,0,0,,2
PV_106,011,PV_106_block_011,PV_106_011_748366_R,748365.8,748465.7,21.609264895610288,123.09029362688703,R,binocular,2,"/Volumes/Data-1/Nimrod/experiments/PV_106/2025_08_06/block_011/oe_files/PV106_ET_d3t4_2025-08-06_12-44-30/Record Node 102/analysis/recNames=Block011,Animal=PV_106/lizMov.mat",True,True,2,1,116.54999999993015,2
PV_106,011,PV_106_block_011,PV_106_011_750414_L,750413.75,750513.65,10.20936049546395,183.91491652145226,L,binocular,2,"/Volumes/Data-1/Nimrod/experiments/PV_106/2025_08_06/block_011/oe_files/PV106_ET_d3t4_2025-08-06_12-44-30/Record Node 102/analysis/recNames=Block011,Animal=PV_106/lizMov.mat",True,False,3,0,99.90000000002328,2
PV_106,011,PV_106_block_011,PV_106_011_762052_L,762052.1,762218.6,16.17205020728798,238.3919222435505,L,binocular,2,"/Volumes/Data-1/Nimrod/experiments/PV_106/2025_08_06/block_011/oe_files/PV106_ET_d3t4_2025-08-06_12-44-30/Record Node 102/analysis/recNames=Block011,Animal=PV_106/lizMov.mat",True,False,0,0,,2
PV_106,011,PV_106_block_011,PV_106_011_809921_L,809920.85,809987.45,7.1988794254140345,339.85169131103316,L,binocular,2,"/Volumes/Data-1/Nimrod/experiments/PV_106/2025_08_06/block_011/oe_files/PV106_ET_d3t4_2025-08-06_12-44-30/Record Node 102/analysis/recNames=Block011,Animal=PV_106/lizMov.mat",True,False,1,0,99.90000000002328,2
PV_106,011,PV_106_block_011,PV_106_011_810021_L,810020.75,810137.3,7.5095368397794315,150.5071621811845,L,binocular,2,"/Volumes/Data-1/Nimrod/experiments/PV_106/2025_08_06/block_011/oe_files/PV106_ET_d3t4_2025-08-06_12-44-30/Record Node 102/analysis/recNames=Block011,Animal=PV_106/lizMov.mat",True,False,2,0,133.19999999995343,2
PV_106,011,PV_106_block_011,PV_106_011_812002_L,812002.1,812085.35,11.407039342190131,347.5486782369053,L,binocular,2,"/Volumes/Data-1/Nimrod/experiments/PV_106/2025_08_06/block_011/oe_files/PV106_ET_d3t4_2025-08-06_12-44-30/Record Node 102/analysis/recNames=Block011,Animal=PV_106/lizMov.mat",True,True,2,1,99.90000000002328,2
PV_106,011,PV_106_block_011,PV_106_011_815432_R,815432.0,815531.9,18.754126294959676,108.76173456561115,R,binocular,2,"/Volumes/Data-1/Nimrod/experiments/PV_106/2025_08_06/block_011/oe_files/PV106_ET_d3t4_2025-08-06_12-44-30/Record Node 102/analysis/recNames=Block011,Animal=PV_106/lizMov.mat",True,False,2,0,66.59999999997672,2
PV_106,011,PV_106_block_011,PV_106_011_817880_L,817879.55,817996.1,23.710365763769634,184.39172142286301,L,binocular,2,"/Volumes/Data-1/Nimrod/experiments/PV_106/2025_08_06/block_011/oe_files/PV106_ET_d3t4_2025-08-06_12-44-30/Record Node 102/analysis/recNames=Block011,Animal=PV_106/lizMov.mat",True,False,3,0,99.89999999990687,2
PV_106,011,PV_106_block_011,PV_106_011_817996_R,817996.1,818112.65,7.855493545497815,354.28687833344065,R,binocular,2,"/Volumes/Data-1/Nimrod/experiments/PV_106/2025_08_06/block_011/oe_files/PV106_ET_d3t4_2025-08-06_12-44-30/Record Node 102/analysis/recNames=Block011,Animal=PV_106/lizMov.mat",True,False,0,0,,2
PV_106,011,PV_106_block_011,PV_106_011_820727_L,820726.7,820826.6,13.212565947281854,40.79019408919479,L,binocular,2,"/Volumes/Data-1/Nimrod/experiments/PV_106/2025_08_06/block_011/oe_files/PV106_ET_d3t4_2025-08-06_12-44-30/Record Node 102/analysis/recNames=Block011,Animal=PV_106/lizMov.mat",True,False,0,0,,2
PV_106,011,PV_106_block_011,PV_106_011_843238_L,843237.5,843370.7,7.541958783179878,216.30602445688052,L,binocular,2,"/Volumes/Data-1/Nimrod/experiments/PV_106/2025_08_06/block_011/oe_files/PV106_ET_d3t4_2025-08-06_12-44-30/Record Node 102/analysis/recNames=Block011,Animal=PV_106/lizMov.mat",True,False,1,0,149.84999999997672,2
PV_106,011,PV_106_block_011,PV_106_011_849781_L,849780.95,849880.85,9.477748051188701,217.4182497363778,L,binocular,2,"/Volumes/Data-1/Nimrod/experiments/PV_106/2025_08_06/block_011/oe_files/PV106_ET_d3t4_2025-08-06_12-44-30/Record Node 102/analysis/recNames=Block011,Animal=PV_106/lizMov.mat",True,False,0,0,,2
PV_106,011,PV_106_block_011,PV_106_011_878519_R,878518.85,878635.4,12.676282950409558,220.24942560003072,R,binocular,2,"/Volumes/Data-1/Nimrod/experiments/PV_106/2025_08_06/block_011/oe_files/PV106_ET_d3t4_2025-08-06_12-44-30/Record Node 102/analysis/recNames=Block011,Animal=PV_106/lizMov.mat",True,False,0,0,,2
PV_106,011,PV_106_block_011,PV_106_011_879934_R,879934.1,880034.0,8.57339160090364,189.67223238815706,R,binocular,2,"/Volumes/Data-1/Nimrod/experiments/PV_106/2025_08_06/block_011/oe_files/PV106_ET_d3t4_2025-08-06_12-44-30/Record Node 102/analysis/recNames=Block011,Animal=PV_106/lizMov.mat",True,False,0,0,,2
PV_106,011,PV_106_block_011,PV_106_011_880683_L,880683.35,880749.95,7.479043228941485,168.36758797004626,L,binocular,2,"/Volumes/Data-1/Nimrod/experiments/PV_106/2025_08_06/block_011/oe_files/PV106_ET_d3t4_2025-08-06_12-44-30/Record Node 102/analysis/recNames=Block011,Animal=PV_106/lizMov.mat",True,False,0,0,,2
PV_106,011,PV_106_block_011,PV_106_011_884196_R,884196.5,884279.75,7.099634253478126,353.7243574047392,R,binocular,2,"/Volumes/Data-1/Nimrod/experiments/PV_106/2025_08_06/block_011/oe_files/PV106_ET_d3t4_2025-08-06_12-44-30/Record Node 102/analysis/recNames=Block011,Animal=PV_106/lizMov.mat",True,False,1,0,49.949999999953434,2
PV_106,011,PV_106_block_011,PV_106_011_885462_L,885461.9,885545.15,14.459662163346584,337.1779467167189,L,binocular,2,"/Volumes/Data-1/Nimrod/experiments/PV_106/2025_08_06/block_011/oe_files/PV106_ET_d3t4_2025-08-06_12-44-30/Record Node 102/analysis/recNames=Block011,Animal=PV_106/lizMov.mat",True,False,0,0,,2
PV_106,011,PV_106_block_011,PV_106_011_886145_L,886144.55,886227.8,8.796519424210913,356.37298990077517,L,binocular,2,"/Volumes/Data-1/Nimrod/experiments/PV_106/2025_08_06/block_011/oe_files/PV106_ET_d3t4_2025-08-06_12-44-30/Record Node 102/analysis/recNames=Block011,Animal=PV_106/lizMov.mat",True,False,2,0,83.25,2
PV_106,011,PV_106_block_011,PV_106_011_886411_L,886410.95,886494.2,7.052786943444539,13.638758088006842,L,binocular,2,"/Volumes/Data-1/Nimrod/experiments/PV_106/2025_08_06/block_011/oe_files/PV106_ET_d3t4_2025-08-06_12-44-30/Record Node 102/analysis/recNames=Block011,Animal=PV_106/lizMov.mat",True,False,2,0,83.25,2
PV_106,011,PV_106_block_011,PV_106_011_896318_L,896317.7,896434.25,14.397640653532118,16.946473071841076,L,binocular,2,"/Volumes/Data-1/Nimrod/experiments/PV_106/2025_08_06/block_011/oe_files/PV106_ET_d3t4_2025-08-06_12-44-30/Record Node 102/analysis/recNames=Block011,Animal=PV_106/lizMov.mat",True,False,1,0,133.20000000006985,2
PV_106,011,PV_106_block_011,PV_106_011_909038_R,909038.3,909104.9,14.026314903328531,188.85836570193564,R,binocular,2,"/Volumes/Data-1/Nimrod/experiments/PV_106/2025_08_06/block_011/oe_files/PV106_ET_d3t4_2025-08-06_12-44-30/Record Node 102/analysis/recNames=Block011,Animal=PV_106/lizMov.mat",True,False,2,0,83.25,2
PV_106,011,PV_106_block_011,PV_106_011_919578_L,919577.75,919694.3,12.552571453413188,357.13706806427524,L,binocular,2,"/Volumes/Data-1/Nimrod/experiments/PV_106/2025_08_06/block_011/oe_files/PV106_ET_d3t4_2025-08-06_12-44-30/Record Node 102/analysis/recNames=Block011,Animal=PV_106/lizMov.mat",True,False,0,0,,2
PV_106,011,PV_106_block_011,PV_106_011_1026987_L,1026986.9,1027103.45,10.335556309161861,143.67532899116864,L,binocular,2,"/Volumes/Data-1/Nimrod/experiments/PV_106/2025_08_06/block_011/oe_files/PV106_ET_d3t4_2025-08-06_12-44-30/Record Node 102/analysis/recNames=Block011,Animal=PV_106/lizMov.mat",True,False,0,0,,2
PV_106,011,PV_106_block_011,PV_106_011_1027370_L,1027369.85,1027436.45,7.065338096096248,132.252099548053,L,binocular,2,"/Volumes/Data-1/Nimrod/experiments/PV_106/2025_08_06/block_011/oe_files/PV106_ET_d3t4_2025-08-06_12-44-30/Record Node 102/analysis/recNames=Block011,Animal=PV_106/lizMov.mat",True,False,0,0,,2
PV_106,011,PV_106_block_011,PV_106_011_1030700_R,1030699.85,1030749.8,11.460323661133119,225.17882505367533,R,binocular,2,"/Volumes/Data-1/Nimrod/experiments/PV_106/2025_08_06/block_011/oe_files/PV106_ET_d3t4_2025-08-06_12-44-30/Record Node 102/analysis/recNames=Block011,Animal=PV_106/lizMov.mat",True,True,7,3,49.95000000006985,2
PV_106,011,PV_106_block_011,PV_106_011_1030816_L,1030816.4,1030916.3,7.8584728543323195,319.6493368108863,L,binocular,2,"/Volumes/Data-1/Nimrod/experiments/PV_106/2025_08_06/block_011/oe_files/PV106_ET_d3t4_2025-08-06_12-44-30/Record Node 102/analysis/recNames=Block011,Animal=PV_106/lizMov.mat",True,False,0,0,16.650000000023283,2
PV_106,011,PV_106_block_011,PV_106_011_1126987_L,1126986.8,1127070.05,8.071511139018542,336.7865646009516,L,binocular,2,"/Volumes/Data-1/Nimrod/experiments/PV_106/2025_08_06/block_011/oe_files/PV106_ET_d3t4_2025-08-06_12-44-30/Record Node 102/analysis/recNames=Block011,Animal=PV_106/lizMov.mat",True,False,3,0,49.949999999953434,2
PV_106,011,PV_106_block_011,PV_106_011_1128735_R,1128735.05,1128851.6,7.53940002846787,52.04906190061386,R,binocular,2,"/Volumes/Data-1/Nimrod/experiments/PV_106/2025_08_06/block_011/oe_files/PV106_ET_d3t4_2025-08-06_12-44-30/Record Node 102/analysis/recNames=Block011,Animal=PV_106/lizMov.mat",True,True,3,1,49.949999999953434,2
PV_106,011,PV_106_block_011,PV_106_011_1129168_L,1129167.95,1129234.55,9.377189852070671,352.40868223167786,L,binocular,2,"/Volumes/Data-1/Nimrod/experiments/PV_106/2025_08_06/block_011/oe_files/PV106_ET_d3t4_2025-08-06_12-44-30/Record Node 102/analysis/recNames=Block011,Animal=PV_106/lizMov.mat",True,False,2,0,99.9000000001397,2
PV_106,011,PV_106_block_011,PV_106_011_1161486_R,1161485.6,1161585.5,13.52166061564019,197.92733164570626,R,binocular,2,"/Volumes/Data-1/Nimrod/experiments/PV_106/2025_08_06/block_011/oe_files/PV106_ET_d3t4_2025-08-06_12-44-30/Record Node 102/analysis/recNames=Block011,Animal=PV_106/lizMov.mat",True,True,3,1,99.89999999990687,2
PV_106,011,PV_106_block_011,PV_106_011_1161619_R,1161618.8,1161718.7,15.730915971266919,31.39405210705904,R,binocular,2,"/Volumes/Data-1/Nimrod/experiments/PV_106/2025_08_06/block_011/oe_files/PV106_ET_d3t4_2025-08-06_12-44-30/Record Node 102/analysis/recNames=Block011,Animal=PV_106/lizMov.mat",True,False,1,0,16.649999999906868,2
PV_106,011,PV_106_block_011,PV_106_011_1164566_R,1164565.85,1164632.45,10.587056813678359,104.6930442453101,R,binocular,2,"/Volumes/Data-1/Nimrod/experiments/PV_106/2025_08_06/block_011/oe_files/PV106_ET_d3t4_2025-08-06_12-44-30/Record Node 102/analysis/recNames=Block011,Animal=PV_106/lizMov.mat",True,False,0,0,,2
PV_106,011,PV_106_block_011,PV_106_011_1168329_R,1168328.75,1168428.65,16.14841917521918,109.05344531818949,R,binocular,2,"/Volumes/Data-1/Nimrod/experiments/PV_106/2025_08_06/block_011/oe_files/PV106_ET_d3t4_2025-08-06_12-44-30/Record Node 102/analysis/recNames=Block011,Animal=PV_106/lizMov.mat",True,True,2,1,83.25,2
PV_106,011,PV_106_block_011,PV_106_011_1211652_L,1211652.05,1211735.3,9.05550132757795,122.76084202378472,L,binocular,2,"/Volumes/Data-1/Nimrod/experiments/PV_106/2025_08_06/block_011/oe_files/PV106_ET_d3t4_2025-08-06_12-44-30/Record Node 102/analysis/recNames=Block011,Animal=PV_106/lizMov.mat",True,False,1,0,99.89999999990687,2
PV_106,011,PV_106_block_011,PV_106_011_1246367_L,1246367.3,1246433.9,13.542049802388505,99.00949906522153,L,binocular,2,"/Volumes/Data-1/Nimrod/experiments/PV_106/2025_08_06/block_011/oe_files/PV106_ET_d3t4_2025-08-06_12-44-30/Record Node 102/analysis/recNames=Block011,Animal=PV_106/lizMov.mat",True,False,0,0,,2
PV_106,011,PV_106_block_011,PV_106_011_1264266_L,1264266.05,1264316.0,9.205777284749365,344.4917742327336,L,binocular,2,"/Volumes/Data-1/Nimrod/experiments/PV_106/2025_08_06/block_011/oe_files/PV106_ET_d3t4_2025-08-06_12-44-30/Record Node 102/analysis/recNames=Block011,Animal=PV_106/lizMov.mat",True,False,1,0,133.19999999995343,2
PV_106,011,PV_106_block_011,PV_106_011_1270926_R,1270926.05,1271009.3,7.996453474484675,350.38552556582454,R,binocular,2,"/Volumes/Data-1/Nimrod/experiments/PV_106/2025_08_06/block_011/oe_files/PV106_ET_d3t4_2025-08-06_12-44-30/Record Node 102/analysis/recNames=Block011,Animal=PV_106/lizMov.mat",True,True,3,2,49.949999999953434,2
PV_106,011,PV_106_block_011,PV_106_011_1320410_R,1320409.85,1320493.1,16.284136391435148,122.93088119027267,R,binocular,2,"/Volumes/Data-1/Nimrod/experiments/PV_106/2025_08_06/block_011/oe_files/PV106_ET_d3t4_2025-08-06_12-44-30/Record Node 102/analysis/recNames=Block011,Animal=PV_106/lizMov.mat",True,False,1,0,99.89999999990687,2
PV_106,011,PV_106_block_011,PV_106_011_1355758_L,1355757.8,1355824.4,7.857881779647961,146.60377755174719,L,binocular,2,"/Volumes/Data-1/Nimrod/experiments/PV_106/2025_08_06/block_011/oe_files/PV106_ET_d3t4_2025-08-06_12-44-30/Record Node 102/analysis/recNames=Block011,Animal=PV_106/lizMov.mat",True,False,2,0,66.5999999998603,2
PV_106,011,PV_106_block_011,PV_106_011_1365298_R,1365298.25,1365431.45,13.796501782605576,23.195140414512597,R,binocular,2,"/Volumes/Data-1/Nimrod/experiments/PV_106/2025_08_06/block_011/oe_files/PV106_ET_d3t4_2025-08-06_12-44-30/Record Node 102/analysis/recNames=Block011,Animal=PV_106/lizMov.mat",True,False,0,0,,2
PV_106,011,PV_106_block_011,PV_106_011_1408638_L,1408638.2,1408688.15,17.35853228853172,72.61264986658047,L,binocular,2,"/Volumes/Data-1/Nimrod/experiments/PV_106/2025_08_06/block_011/oe_files/PV106_ET_d3t4_2025-08-06_12-44-30/Record Node 102/analysis/recNames=Block011,Animal=PV_106/lizMov.mat",True,True,5,1,49.949999999953434,2
PV_106,011,PV_106_block_011,PV_106_011_1413833_L,1413833.0,1413932.9,15.022456932549037,275.6082281646089,L,binocular,2,"/Volumes/Data-1/Nimrod/experiments/PV_106/2025_08_06/block_011/oe_files/PV106_ET_d3t4_2025-08-06_12-44-30/Record Node 102/analysis/recNames=Block011,Animal=PV_106/lizMov.mat",True,True,3,2,49.949999999953434,2
PV_106,011,PV_106_block_011,PV_106_011_1438192_R,1438191.95,1438291.85,12.289871733604729,241.94585849086414,R,binocular,2,"/Volumes/Data-1/Nimrod/experiments/PV_106/2025_08_06/block_011/oe_files/PV106_ET_d3t4_2025-08-06_12-44-30/Record Node 102/analysis/recNames=Block011,Animal=PV_106/lizMov.mat",True,True,3,2,83.25,2
PV_106,011,PV_106_block_011,PV_106_011_1448565_R,1448564.9,1448598.2,7.2121272367144025,210.72948507604585,R,binocular,2,"/Volumes/Data-1/Nimrod/experiments/PV_106/2025_08_06/block_011/oe_files/PV106_ET_d3t4_2025-08-06_12-44-30/Record Node 102/analysis/recNames=Block011,Animal=PV_106/lizMov.mat",True,False,2,0,33.300000000046566,2
PV_106,011,PV_106_block_011,PV_106_011_1450613_L,1450612.85,1450845.95,12.917729747339193,238.24651834183254,L,binocular,2,"/Volumes/Data-1/Nimrod/experiments/PV_106/2025_08_06/block_011/oe_files/PV106_ET_d3t4_2025-08-06_12-44-30/Record Node 102/analysis/recNames=Block011,Animal=PV_106/lizMov.mat",True,False,1,0,149.8499999998603,2
PV_106,011,PV_106_block_011,PV_106_011_1452078_L,1452078.05,1452161.3,9.799149822350104,2.2869172360803165,L,binocular,2,"/Volumes/Data-1/Nimrod/experiments/PV_106/2025_08_06/block_011/oe_files/PV106_ET_d3t4_2025-08-06_12-44-30/Record Node 102/analysis/recNames=Block011,Animal=PV_106/lizMov.mat",True,False,0,0,,2
PV_106,011,PV_106_block_011,PV_106_011_1456657_R,1456656.8,1456740.05,22.302898842217353,11.153440153991873,R,binocular,2,"/Volumes/Data-1/Nimrod/experiments/PV_106/2025_08_06/block_011/oe_files/PV106_ET_d3t4_2025-08-06_12-44-30/Record Node 102/analysis/recNames=Block011,Animal=PV_106/lizMov.mat",True,False,2,0,83.25,2
PV_106,011,PV_106_block_011,PV_106_011_1456740_L,1456740.05,1456856.6,10.002410190140235,153.73015899532538,L,binocular,2,"/Volumes/Data-1/Nimrod/experiments/PV_106/2025_08_06/block_011/oe_files/PV106_ET_d3t4_2025-08-06_12-44-30/Record Node 102/analysis/recNames=Block011,Animal=PV_106/lizMov.mat",True,False,0,0,,2
PV_106,011,PV_106_block_011,PV_106_011_1459371_R,1459370.75,1459520.6,10.53395947413487,79.41956492117482,R,binocular,2,"/Volumes/Data-1/Nimrod/experiments/PV_106/2025_08_06/block_011/oe_files/PV106_ET_d3t4_2025-08-06_12-44-30/Record Node 102/analysis/recNames=Block011,Animal=PV_106/lizMov.mat",True,True,3,1,33.300000000046566,2
PV_106,011,PV_106_block_011,PV_106_011_1459954_L,1459953.5,1460020.1,9.445319387332834,332.5583996497149,L,binocular,2,"/Volumes/Data-1/Nimrod/experiments/PV_106/2025_08_06/block_011/oe_files/PV106_ET_d3t4_2025-08-06_12-44-30/Record Node 102/analysis/recNames=Block011,Animal=PV_106/lizMov.mat",True,True,2,1,66.60000000009313,2
PV_106,011,PV_106_block_011,PV_106_011_1473690_L,1473689.75,1473756.35,8.545267615408475,320.8496201675793,L,binocular,2,"/Volumes/Data-1/Nimrod/experiments/PV_106/2025_08_06/block_011/oe_files/PV106_ET_d3t4_2025-08-06_12-44-30/Record Node 102/analysis/recNames=Block011,Animal=PV_106/lizMov.mat",True,False,1,0,49.949999999953434,2
PV_106,011,PV_106_block_011,PV_106_011_1474073_L,1474072.7,1474155.95,9.910523851613824,300.4628747082098,L,binocular,2,"/Volumes/Data-1/Nimrod/experiments/PV_106/2025_08_06/block_011/oe_files/PV106_ET_d3t4_2025-08-06_12-44-30/Record Node 102/analysis/recNames=Block011,Animal=PV_106/lizMov.mat",True,False,2,0,66.60000000009313,2
PV_106,011,PV_106_block_011,PV_106_011_1474739_L,1474738.7,1474821.95,14.309954227802972,98.70788464638488,L,binocular,2,"/Volumes/Data-1/Nimrod/experiments/PV_106/2025_08_06/block_011/oe_files/PV106_ET_d3t4_2025-08-06_12-44-30/Record Node 102/analysis/recNames=Block011,Animal=PV_106/lizMov.mat",True,False,0,0,,2
PV_106,011,PV_106_block_011,PV_106_011_1475222_L,1475221.55,1475338.1,16.78782824069904,7.843709549967158,L,binocular,2,"/Volumes/Data-1/Nimrod/experiments/PV_106/2025_08_06/block_011/oe_files/PV106_ET_d3t4_2025-08-06_12-44-30/Record Node 102/analysis/recNames=Block011,Animal=PV_106/lizMov.mat",True,True,4,2,66.5999999998603,2
PV_106,011,PV_106_block_011,PV_106_011_1480766_L,1480766.0,1480815.95,19.20538760637973,329.5132472389921,L,binocular,2,"/Volumes/Data-1/Nimrod/experiments/PV_106/2025_08_06/block_011/oe_files/PV106_ET_d3t4_2025-08-06_12-44-30/Record Node 102/analysis/recNames=Block011,Animal=PV_106/lizMov.mat",True,False,2,0,49.949999999953434,2
PV_106,011,PV_106_block_011,PV_106_011_1482364_L,1482364.4,1482431.0,8.77488353123979,260.73327492216333,L,binocular,2,"/Volumes/Data-1/Nimrod/experiments/PV_106/2025_08_06/block_011/oe_files/PV106_ET_d3t4_2025-08-06_12-44-30/Record Node 102/analysis/recNames=Block011,Animal=PV_106/lizMov.mat",True,False,2,0,49.950000000186265,2
PV_106,011,PV_106_block_011,PV_106_011_1482930_L,1482930.5,1483047.05,12.619031941431142,168.30957046128478,L,binocular,2,"/Volumes/Data-1/Nimrod/experiments/PV_106/2025_08_06/block_011/oe_files/PV106_ET_d3t4_2025-08-06_12-44-30/Record Node 102/analysis/recNames=Block011,Animal=PV_106/lizMov.mat",True,True,2,1,133.19999999995343,2
PV_106,011,PV_106_block_011,PV_106_011_1493287_R,1493286.8,1493336.75,8.444189387851623,230.1993337104518,R,binocular,2,"/Volumes/Data-1/Nimrod/experiments/PV_106/2025_08_06/block_011/oe_files/PV106_ET_d3t4_2025-08-06_12-44-30/Record Node 102/analysis/recNames=Block011,Animal=PV_106/lizMov.mat",True,False,0,0,33.300000000046566,2
PV_106,011,PV_106_block_011,PV_106_011_1501079_R,1501079.0,1501178.9,14.444275994977032,290.13290374844763,R,binocular,2,"/Volumes/Data-1/Nimrod/experiments/PV_106/2025_08_06/block_011/oe_files/PV106_ET_d3t4_2025-08-06_12-44-30/Record Node 102/analysis/recNames=Block011,Animal=PV_106/lizMov.mat",True,False,0,0,,2
PV_106,011,PV_106_block_011,PV_106_011_1507473_R,1507472.6,1507605.8,22.44587558338768,102.9910472571038,R,binocular,2,"/Volumes/Data-1/Nimrod/experiments/PV_106/2025_08_06/block_011/oe_files/PV106_ET_d3t4_2025-08-06_12-44-30/Record Node 102/analysis/recNames=Block011,Animal=PV_106/lizMov.mat",True,False,1,0,133.19999999995343,2
PV_106,011,PV_106_block_011,PV_106_011_1507606_R,1507605.8,1507722.35,11.405321115058221,288.49484622814623,R,binocular,2,"/Volumes/Data-1/Nimrod/experiments/PV_106/2025_08_06/block_011/oe_files/PV106_ET_d3t4_2025-08-06_12-44-30/Record Node 102/analysis/recNames=Block011,Animal=PV_106/lizMov.mat",True,False,0,0,,2
PV_106,011,PV_106_block_011,PV_106_011_1508022_L,1508022.05,1508205.2,14.434402659291798,230.96232565906195,L,binocular,2,"/Volumes/Data-1/Nimrod/experiments/PV_106/2025_08_06/block_011/oe_files/PV106_ET_d3t4_2025-08-06_12-44-30/Record Node 102/analysis/recNames=Block011,Animal=PV_106/lizMov.mat",True,False,0,0,,2
PV_106,011,PV_106_block_011,PV_106_011_1508755_R,1508754.65,1508821.25,7.181622535961666,297.03089041226315,R,binocular,2,"/Volumes/Data-1/Nimrod/experiments/PV_106/2025_08_06/block_011/oe_files/PV106_ET_d3t4_2025-08-06_12-44-30/Record Node 102/analysis/recNames=Block011,Animal=PV_106/lizMov.mat",True,True,3,1,83.25,2
PV_106,011,PV_106_block_011,PV_106_011_1509487_L,1509487.25,1509653.75,7.896885524476795,199.23825674857721,L,binocular,2,"/Volumes/Data-1/Nimrod/experiments/PV_106/2025_08_06/block_011/oe_files/PV106_ET_d3t4_2025-08-06_12-44-30/Record Node 102/analysis/recNames=Block011,Animal=PV_106/lizMov.mat",True,False,1,0,116.55000000004657,2
PV_106,011,PV_106_block_011,PV_106_011_1510586_L,1510586.15,1510719.35,18.391570279419234,8.85250263766077,L,binocular,2,"/Volumes/Data-1/Nimrod/experiments/PV_106/2025_08_06/block_011/oe_files/PV106_ET_d3t4_2025-08-06_12-44-30/Record Node 102/analysis/recNames=Block011,Animal=PV_106/lizMov.mat",True,False,0,0,,2
PV_106,011,PV_106_block_011,PV_106_011_1512501_R,1512500.9,1512617.45,8.689172656171785,161.342508001971,R,binocular,2,"/Volumes/Data-1/Nimrod/experiments/PV_106/2025_08_06/block_011/oe_files/PV106_ET_d3t4_2025-08-06_12-44-30/Record Node 102/analysis/recNames=Block011,Animal=PV_106/lizMov.mat",True,False,1,0,49.950000000186265,2
PV_106,011,PV_106_block_011,PV_106_011_1512784_L,1512783.95,1512833.9,7.957250686548976,149.61464373025416,L,binocular,2,"/Volumes/Data-1/Nimrod/experiments/PV_106/2025_08_06/block_011/oe_files/PV106_ET_d3t4_2025-08-06_12-44-30/Record Node 102/analysis/recNames=Block011,Animal=PV_106/lizMov.mat",True,False,2,0,16.6500000001397,2
PV_106,011,PV_106_block_011,PV_106_011_1512934_L,1512933.8,1513000.4,9.453353847990686,144.22248854960543,L,binocular,2,"/Volumes/Data-1/Nimrod/experiments/PV_106/2025_08_06/block_011/oe_files/PV106_ET_d3t4_2025-08-06_12-44-30/Record Node 102/analysis/recNames=Block011,Animal=PV_106/lizMov.mat",True,False,3,0,49.949999999953434,2
PV_106,011,PV_106_block_011,PV_106_011_1512984_L,1512983.75,1513083.65,7.330016225343828,323.5947068800555,L,binocular,2,"/Volumes/Data-1/Nimrod/experiments/PV_106/2025_08_06/block_011/oe_files/PV106_ET_d3t4_2025-08-06_12-44-30/Record Node 102/analysis/recNames=Block011,Animal=PV_106/lizMov.mat",True,False,1,0,49.949999999953434,2
PV_106,011,PV_106_block_011,PV_106_011_1524422_R,1524422.3,1524522.2,8.108283532057435,3.3430799723159885,R,binocular,2,"/Volumes/Data-1/Nimrod/experiments/PV_106/2025_08_06/block_011/oe_files/PV106_ET_d3t4_2025-08-06_12-44-30/Record Node 102/analysis/recNames=Block011,Animal=PV_106/lizMov.mat",True,False,0,0,,2
PV_106,011,PV_106_block_011,PV_106_011_1526370_L,1526370.35,1526470.25,14.707196999356256,325.8767288205704,L,binocular,2,"/Volumes/Data-1/Nimrod/experiments/PV_106/2025_08_06/block_011/oe_files/PV106_ET_d3t4_2025-08-06_12-44-30/Record Node 102/analysis/recNames=Block011,Animal=PV_106/lizMov.mat",True,False,1,0,116.54999999981374,2
PV_106,011,PV_106_block_011,PV_106_011_1526554_L,1526553.5,1526653.4,9.626315799974433,125.1075495057143,L,binocular,2,"/Volumes/Data-1/Nimrod/experiments/PV_106/2025_08_06/block_011/oe_files/PV106_ET_d3t4_2025-08-06_12-44-30/Record Node 102/analysis/recNames=Block011,Animal=PV_106/lizMov.mat",True,False,0,0,,2
PV_106,011,PV_106_block_011,PV_106_011_1526870_L,1526869.85,1526936.45,7.839621377192391,328.6046364697121,L,binocular,2,"/Volumes/Data-1/Nimrod/experiments/PV_106/2025_08_06/block_011/oe_files/PV106_ET_d3t4_2025-08-06_12-44-30/Record Node 102/analysis/recNames=Block011,Animal=PV_106/lizMov.mat",True,False,2,0,66.5999999998603,2
PV_106,011,PV_106_block_011,PV_106_011_1531765_L,1531764.95,1531864.85,11.137195698533294,318.0215877367648,L,binocular,2,"/Volumes/Data-1/Nimrod/experiments/PV_106/2025_08_06/block_011/oe_files/PV106_ET_d3t4_2025-08-06_12-44-30/Record Node 102/analysis/recNames=Block011,Animal=PV_106/lizMov.mat",True,False,2,0,83.25,2
PV_106,011,PV_106_block_011,PV_106_011_1532015_L,1532014.7,1532081.3,7.811069068107184,312.28490714078987,L,binocular,2,"/Volumes/Data-1/Nimrod/experiments/PV_106/2025_08_06/block_011/oe_files/PV106_ET_d3t4_2025-08-06_12-44-30/Record Node 102/analysis/recNames=Block011,Animal=PV_106/lizMov.mat",True,False,2,0,49.949999999953434,2
PV_106,011,PV_106_block_011,PV_106_011_1532198_L,1532197.85,1532347.7,10.336748051191265,123.5394062138199,L,binocular,2,"/Volumes/Data-1/Nimrod/experiments/PV_106/2025_08_06/block_011/oe_files/PV106_ET_d3t4_2025-08-06_12-44-30/Record Node 102/analysis/recNames=Block011,Animal=PV_106/lizMov.mat",True,False,1,0,133.19999999995343,2
PV_106,011,PV_106_block_011,PV_106_011_1532597_R,1532597.45,1532664.05,9.725304820068848,27.262599134905347,R,binocular,2,"/Volumes/Data-1/Nimrod/experiments/PV_106/2025_08_06/block_011/oe_files/PV106_ET_d3t4_2025-08-06_12-44-30/Record Node 102/analysis/recNames=Block011,Animal=PV_106/lizMov.mat",True,False,2,0,66.60000000009313,2
PV_106,011,PV_106_block_011,PV_106_011_1533080_R,1533080.3,1533130.25,8.90289103495783,26.49684351641705,R,binocular,2,"/Volumes/Data-1/Nimrod/experiments/PV_106/2025_08_06/block_011/oe_files/PV106_ET_d3t4_2025-08-06_12-44-30/Record Node 102/analysis/recNames=Block011,Animal=PV_106/lizMov.mat",True,False,0,0,33.300000000046566,2
PV_106,011,PV_106_block_011,PV_106_011_1533114_L,1533113.6,1533246.8,10.126403462517034,140.3841535615977,L,binocular,2,"/Volumes/Data-1/Nimrod/experiments/PV_106/2025_08_06/block_011/oe_files/PV106_ET_d3t4_2025-08-06_12-44-30/Record Node 102/analysis/recNames=Block011,Animal=PV_106/lizMov.mat",True,False,0,0,,2
PV_106,011,PV_106_block_011,PV_106_011_1534812_L,1534811.9,1534911.8,23.057197193649927,334.6654224354146,L,binocular,2,"/Volumes/Data-1/Nimrod/experiments/PV_106/2025_08_06/block_011/oe_files/PV106_ET_d3t4_2025-08-06_12-44-30/Record Node 102/analysis/recNames=Block011,Animal=PV_106/lizMov.mat",True,True,4,2,66.60000000009313,2
PV_106,011,PV_106_block_011,PV_106_011_1534912_L,1534911.8,1535078.3,13.819239743265177,124.14003467842653,L,binocular,2,"/Volumes/Data-1/Nimrod/experiments/PV_106/2025_08_06/block_011/oe_files/PV106_ET_d3t4_2025-08-06_12-44-30/Record Node 102/analysis/recNames=Block011,Animal=PV_106/lizMov.mat",True,False,0,0,16.649999999906868,2
PV_106,011,PV_106_block_011,PV_106_011_1536011_R,1536010.7,1536077.3,13.944499339108432,112.93192915792983,R,binocular,2,"/Volumes/Data-1/Nimrod/experiments/PV_106/2025_08_06/block_011/oe_files/PV106_ET_d3t4_2025-08-06_12-44-30/Record Node 102/analysis/recNames=Block011,Animal=PV_106/lizMov.mat",True,True,2,1,49.949999999953434,2
PV_106,011,PV_106_block_011,PV_106_011_1539158_R,1539157.55,1539274.1,11.997385942295814,301.5388987393723,R,binocular,2,"/Volumes/Data-1/Nimrod/experiments/PV_106/2025_08_06/block_011/oe_files/PV106_ET_d3t4_2025-08-06_12-44-30/Record Node 102/analysis/recNames=Block011,Animal=PV_106/lizMov.mat",True,False,1,0,66.5999999998603,2
PV_106,011,PV_106_block_011,PV_106_011_1565814_R,1565814.2,1565930.75,13.831398628796245,256.6507950816889,R,binocular,2,"/Volumes/Data-1/Nimrod/experiments/PV_106/2025_08_06/block_011/oe_files/PV106_ET_d3t4_2025-08-06_12-44-30/Record Node 102/analysis/recNames=Block011,Animal=PV_106/lizMov.mat",True,False,0,0,,2
PV_106,011,PV_106_block_011,PV_106_011_1643919_L,1643919.35,1644019.25,10.543633079405659,342.42766754307206,L,binocular,2,"/Volumes/Data-1/Nimrod/experiments/PV_106/2025_08_06/block_011/oe_files/PV106_ET_d3t4_2025-08-06_12-44-30/Record Node 102/analysis/recNames=Block011,Animal=PV_106/lizMov.mat",True,False,0,0,,2
PV_106,011,PV_106_block_011,PV_106_011_1676054_L,1676053.85,1676137.1,14.067415289730176,129.34525265190672,L,binocular,2,"/Volumes/Data-1/Nimrod/experiments/PV_106/2025_08_06/block_011/oe_files/PV106_ET_d3t4_2025-08-06_12-44-30/Record Node 102/analysis/recNames=Block011,Animal=PV_106/lizMov.mat",True,False,0,0,,2
PV_106,011,PV_106_block_011,PV_106_011_1678068_L,1678068.5,1678168.4,10.109002843472771,166.20944195896894,L,binocular,2,"/Volumes/Data-1/Nimrod/experiments/PV_106/2025_08_06/block_011/oe_files/PV106_ET_d3t4_2025-08-06_12-44-30/Record Node 102/analysis/recNames=Block011,Animal=PV_106/lizMov.mat",True,False,1,0,149.85000000009313,2
PV_106,011,PV_106_block_011,PV_106_011_1679201_R,1679200.7,1679267.3,13.775343378149786,235.74882265618524,R,binocular,2,"/Volumes/Data-1/Nimrod/experiments/PV_106/2025_08_06/block_011/oe_files/PV106_ET_d3t4_2025-08-06_12-44-30/Record Node 102/analysis/recNames=Block011,Animal=PV_106/lizMov.mat",True,False,0,0,,2
PV_106,011,PV_106_block_011,PV_106_011_1701961_L,1701961.25,1702061.15,9.873639229401727,30.59319338547093,L,binocular,2,"/Volumes/Data-1/Nimrod/experiments/PV_106/2025_08_06/block_011/oe_files/PV106_ET_d3t4_2025-08-06_12-44-30/Record Node 102/analysis/recNames=Block011,Animal=PV_106/lizMov.mat",True,False,0,0,,2
PV_106,011,PV_106_block_011,PV_106_011_1714582_L,1714581.95,1714665.2,7.808861003973394,347.4561859028745,L,binocular,2,"/Volumes/Data-1/Nimrod/experiments/PV_106/2025_08_06/block_011/oe_files/PV106_ET_d3t4_2025-08-06_12-44-30/Record Node 102/analysis/recNames=Block011,Animal=PV_106/lizMov.mat",True,False,0,0,,2
PV_106,011,PV_106_block_011,PV_106_011_1725255_R,1725254.6,1725337.85,7.997116986202736,42.180688854849045,R,binocular,2,"/Volumes/Data-1/Nimrod/experiments/PV_106/2025_08_06/block_011/oe_files/PV106_ET_d3t4_2025-08-06_12-44-30/Record Node 102/analysis/recNames=Block011,Animal=PV_106/lizMov.mat",True,False,0,0,,2
PV_106,011,PV_106_block_011,PV_106_011_1738974_R,1738974.2,1739074.1,10.865235310139736,295.72558224741806,R,binocular,2,"/Volumes/Data-1/Nimrod/experiments/PV_106/2025_08_06/block_011/oe_files/PV106_ET_d3t4_2025-08-06_12-44-30/Record Node 102/analysis/recNames=Block011,Animal=PV_106/lizMov.mat",True,False,0,0,,2
PV_106,011,PV_106_block_011,PV_106_011_1774988_R,1774988.15,1775104.7,7.8014916592379855,350.177933235855,R,binocular,2,"/Volumes/Data-1/Nimrod/experiments/PV_106/2025_08_06/block_011/oe_files/PV106_ET_d3t4_2025-08-06_12-44-30/Record Node 102/analysis/recNames=Block011,Animal=PV_106/lizMov.mat",True,False,0,0,,2
PV_106,011,PV_106_block_011,PV_106_011_1796950_L,1796949.5,1797082.7,22.412488070347838,173.20737309511998,L,binocular,2,"/Volumes/Data-1/Nimrod/experiments/PV_106/2025_08_06/block_011/oe_files/PV106_ET_d3t4_2025-08-06_12-44-30/Record Node 102/analysis/recNames=Block011,Animal=PV_106/lizMov.mat",True,False,2,0,116.55000000004657,2
PV_106,011,PV_106_block_011,PV_106_011_205742_L,205742.3,205792.25,15.893132605280725,357.10405972964645,L,monocular,1,"/Volumes/Data-1/Nimrod/experiments/PV_106/2025_08_06/block_011/oe_files/PV106_ET_d3t4_2025-08-06_12-44-30/Record Node 102/analysis/recNames=Block011,Animal=PV_106/lizMov.mat",True,True,6,2,49.95000000001164,1
PV_106,011,PV_106_block_011,PV_106_011_216648_L,216648.05,216698.0,11.351219554360611,82.95903647206994,L,monocular,1,"/Volumes/Data-1/Nimrod/experiments/PV_106/2025_08_06/block_011/oe_files/PV106_ET_d3t4_2025-08-06_12-44-30/Record Node 102/analysis/recNames=Block011,Animal=PV_106/lizMov.mat",True,True,4,3,49.95000000001164,1
PV_106,011,PV_106_block_011,PV_106_011_218346_L,218346.35,218429.6,16.072973357557533,26.643303239987986,L,monocular,1,"/Volumes/Data-1/Nimrod/experiments/PV_106/2025_08_06/block_011/oe_files/PV106_ET_d3t4_2025-08-06_12-44-30/Record Node 102/analysis/recNames=Block011,Animal=PV_106/lizMov.mat",True,False,1,0,49.94999999998254,1
PV_106,011,PV_106_block_011,PV_106_011_298733_L,298732.55,298799.15,10.927680748754971,318.5057301828418,L,monocular,1,"/Volumes/Data-1/Nimrod/experiments/PV_106/2025_08_06/block_011/oe_files/PV106_ET_d3t4_2025-08-06_12-44-30/Record Node 102/analysis/recNames=Block011,Animal=PV_106/lizMov.mat",True,True,4,2,66.60000000003492,1
PV_106,011,PV_106_block_011,PV_106_011_375506_L,375505.7,375588.95,13.221859396025803,299.25806108675806,L,monocular,1,"/Volumes/Data-1/Nimrod/experiments/PV_106/2025_08_06/block_011/oe_files/PV106_ET_d3t4_2025-08-06_12-44-30/Record Node 102/analysis/recNames=Block011,Animal=PV_106/lizMov.mat",True,True,2,1,49.95000000001164,1
PV_106,011,PV_106_block_011,PV_106_011_394770_L,394769.75,394836.35,14.215709396940813,334.996938655975,L,monocular,1,"/Volumes/Data-1/Nimrod/experiments/PV_106/2025_08_06/block_011/oe_files/PV106_ET_d3t4_2025-08-06_12-44-30/Record Node 102/analysis/recNames=Block011,Animal=PV_106/lizMov.mat",True,True,3,2,66.59999999997672,1
PV_106,011,PV_106_block_011,PV_106_011_394836_L,394836.35,394886.3,8.640472832583969,203.8547931926264,L,monocular,1,"/Volumes/Data-1/Nimrod/experiments/PV_106/2025_08_06/block_011/oe_files/PV106_ET_d3t4_2025-08-06_12-44-30/Record Node 102/analysis/recNames=Block011,Animal=PV_106/lizMov.mat",True,True,2,1,49.95000000001164,1
PV_106,011,PV_106_block_011,PV_106_011_396851_L,396851.0,396934.25,7.643862559334153,333.2343720536185,L,monocular,1,"/Volumes/Data-1/Nimrod/experiments/PV_106/2025_08_06/block_011/oe_files/PV106_ET_d3t4_2025-08-06_12-44-30/Record Node 102/analysis/recNames=Block011,Animal=PV_106/lizMov.mat",True,True,2,1,49.95000000001164,1
PV_106,011,PV_106_block_011,PV_106_011_413734_L,413734.1,413850.65,7.6503628375586334,347.17766805001656,L,monocular,1,"/Volumes/Data-1/Nimrod/experiments/PV_106/2025_08_06/block_011/oe_files/PV106_ET_d3t4_2025-08-06_12-44-30/Record Node 102/analysis/recNames=Block011,Animal=PV_106/lizMov.mat",True,False,0,0,,1
PV_106,011,PV_106_block_011,PV_106_011_419012_L,419012.15,419112.05,13.436882142092633,15.842682320520693,L,monocular,1,"/Volumes/Data-1/Nimrod/experiments/PV_106/2025_08_06/block_011/oe_files/PV106_ET_d3t4_2025-08-06_12-44-30/Record Node 102/analysis/recNames=Block011,Animal=PV_106/lizMov.mat",True,False,1,0,49.949999999953434,1
PV_106,011,PV_106_block_011,PV_106_011_422326_L,422325.5,422358.8,8.843885681284675,325.4750198141136,L,monocular,1,"/Volumes/Data-1/Nimrod/experiments/PV_106/2025_08_06/block_011/oe_files/PV106_ET_d3t4_2025-08-06_12-44-30/Record Node 102/analysis/recNames=Block011,Animal=PV_106/lizMov.mat",True,False,1,0,33.29999999998836,1
PV_106,011,PV_106_block_011,PV_106_011_443837_L,443837.3,443953.85,7.704714524582803,145.01516541293023,L,monocular,1,"/Volumes/Data-1/Nimrod/experiments/PV_106/2025_08_06/block_011/oe_files/PV106_ET_d3t4_2025-08-06_12-44-30/Record Node 102/analysis/recNames=Block011,Animal=PV_106/lizMov.mat",True,False,1,0,49.95000000001164,1
PV_106,011,PV_106_block_011,PV_106_011_444920_L,444919.55,444969.5,16.905597565987993,315.35259617962885,L,monocular,1,"/Volumes/Data-1/Nimrod/experiments/PV_106/2025_08_06/block_011/oe_files/PV106_ET_d3t4_2025-08-06_12-44-30/Record Node 102/analysis/recNames=Block011,Animal=PV_106/lizMov.mat",True,True,4,2,49.95000000001164,1
PV_106,011,PV_106_block_011,PV_106_011_445003_L,445002.8,445119.35,14.339032194010434,133.57037992816757,L,monocular,1,"/Volumes/Data-1/Nimrod/experiments/PV_106/2025_08_06/block_011/oe_files/PV106_ET_d3t4_2025-08-06_12-44-30/Record Node 102/analysis/recNames=Block011,Animal=PV_106/lizMov.mat",True,False,2,0,33.29999999998836,1
PV_106,011,PV_106_block_011,PV_106_011_448649_L,448649.15,448682.45,10.596030199760905,328.63580823496545,L,monocular,1,"/Volumes/Data-1/Nimrod/experiments/PV_106/2025_08_06/block_011/oe_files/PV106_ET_d3t4_2025-08-06_12-44-30/Record Node 102/analysis/recNames=Block011,Animal=PV_106/lizMov.mat",True,False,1,0,33.29999999998836,1
PV_106,011,PV_106_block_011,PV_106_011_448682_L,448682.45,448799.0,26.735302252708763,139.95595725743968,L,monocular,1,"/Volumes/Data-1/Nimrod/experiments/PV_106/2025_08_06/block_011/oe_files/PV106_ET_d3t4_2025-08-06_12-44-30/Record Node 102/analysis/recNames=Block011,Animal=PV_106/lizMov.mat",True,False,1,0,66.59999999997672,1
PV_106,011,PV_106_block_011,PV_106_011_528170_L,528169.55,528252.8,13.935053545236626,336.03646453274985,L,monocular,1,"/Volumes/Data-1/Nimrod/experiments/PV_106/2025_08_06/block_011/oe_files/PV106_ET_d3t4_2025-08-06_12-44-30/Record Node 102/analysis/recNames=Block011,Animal=PV_106/lizMov.mat",True,True,3,2,83.25,1
PV_106,011,PV_106_block_011,PV_106_011_542705_L,542705.0,542788.25,9.975083594366094,355.34811691720415,L,monocular,1,"/Volumes/Data-1/Nimrod/experiments/PV_106/2025_08_06/block_011/oe_files/PV106_ET_d3t4_2025-08-06_12-44-30/Record Node 102/analysis/recNames=Block011,Animal=PV_106/lizMov.mat",True,True,3,1,49.949999999953434,1
PV_106,011,PV_106_block_011,PV_106_011_542855_L,542854.85,542954.75,13.642643993770733,149.8476089157782,L,monocular,1,"/Volumes/Data-1/Nimrod/experiments/PV_106/2025_08_06/block_011/oe_files/PV106_ET_d3t4_2025-08-06_12-44-30/Record Node 102/analysis/recNames=Block011,Animal=PV_106/lizMov.mat",True,False,1,0,116.55000000004657,1
PV_106,011,PV_106_block_011,PV_106_011_545952_L,545951.75,546084.95,10.720058922831864,190.95816629609865,L,monocular,1,"/Volumes/Data-1/Nimrod/experiments/PV_106/2025_08_06/block_011/oe_files/PV106_ET_d3t4_2025-08-06_12-44-30/Record Node 102/analysis/recNames=Block011,Animal=PV_106/lizMov.mat",True,True,3,1,49.949999999953434,1
PV_106,011,PV_106_block_011,PV_106_011_550747_L,550746.95,550846.85,8.724905636138702,296.27829905376893,L,monocular,1,"/Volumes/Data-1/Nimrod/experiments/PV_106/2025_08_06/block_011/oe_files/PV106_ET_d3t4_2025-08-06_12-44-30/Record Node 102/analysis/recNames=Block011,Animal=PV_106/lizMov.mat",True,False,2,0,66.60000000009313,1
PV_106,011,PV_106_block_011,PV_106_011_552179_L,552178.85,552228.8,13.90379544732789,303.07803850063624,L,monocular,1,"/Volumes/Data-1/Nimrod/experiments/PV_106/2025_08_06/block_011/oe_files/PV106_ET_d3t4_2025-08-06_12-44-30/Record Node 102/analysis/recNames=Block011,Animal=PV_106/lizMov.mat",True,False,1,0,49.95000000006985,1
PV_106,011,PV_106_block_011,PV_106_011_552229_L,552228.8,552312.05,10.777775506372908,140.57271814056884,L,monocular,1,"/Volumes/Data-1/Nimrod/experiments/PV_106/2025_08_06/block_011/oe_files/PV106_ET_d3t4_2025-08-06_12-44-30/Record Node 102/analysis/recNames=Block011,Animal=PV_106/lizMov.mat",True,False,1,0,133.19999999995343,1
PV_106,011,PV_106_block_011,PV_106_011_562685_L,562685.0,562768.25,7.0672455106462415,144.96164604678125,L,monocular,1,"/Volumes/Data-1/Nimrod/experiments/PV_106/2025_08_06/block_011/oe_files/PV106_ET_d3t4_2025-08-06_12-44-30/Record Node 102/analysis/recNames=Block011,Animal=PV_106/lizMov.mat",True,False,1,0,49.949999999953434,1
PV_106,011,PV_106_block_011,PV_106_011_630384_L,630383.9,630500.45,7.748637090743723,127.02477982581922,L,monocular,1,"/Volumes/Data-1/Nimrod/experiments/PV_106/2025_08_06/block_011/oe_files/PV106_ET_d3t4_2025-08-06_12-44-30/Record Node 102/analysis/recNames=Block011,Animal=PV_106/lizMov.mat",True,False,0,0,,1
PV_106,011,PV_106_block_011,PV_106_011_649548_L,649548.05,649697.9,34.82364415522125,345.0413720497567,L,monocular,1,"/Volumes/Data-1/Nimrod/experiments/PV_106/2025_08_06/block_011/oe_files/PV106_ET_d3t4_2025-08-06_12-44-30/Record Node 102/analysis/recNames=Block011,Animal=PV_106/lizMov.mat",True,True,2,1,133.19999999995343,1
PV_106,011,PV_106_block_011,PV_106_011_662868_L,662868.05,662934.65,22.345563151825914,311.285340426629,L,monocular,1,"/Volumes/Data-1/Nimrod/experiments/PV_106/2025_08_06/block_011/oe_files/PV106_ET_d3t4_2025-08-06_12-44-30/Record Node 102/analysis/recNames=Block011,Animal=PV_106/lizMov.mat",True,False,2,0,66.59999999997672,1
PV_106,011,PV_106_block_011,PV_106_011_663051_L,663051.2,663084.5,9.946106932144083,126.3569648970497,L,monocular,1,"/Volumes/Data-1/Nimrod/experiments/PV_106/2025_08_06/block_011/oe_files/PV106_ET_d3t4_2025-08-06_12-44-30/Record Node 102/analysis/recNames=Block011,Animal=PV_106/lizMov.mat",True,False,0,0,33.300000000046566,1
PV_106,011,PV_106_block_011,PV_106_011_663084_L,663084.5,663101.15,13.64651576330385,312.042105181018,L,monocular,1,"/Volumes/Data-1/Nimrod/experiments/PV_106/2025_08_06/block_011/oe_files/PV106_ET_d3t4_2025-08-06_12-44-30/Record Node 102/analysis/recNames=Block011,Animal=PV_106/lizMov.mat",True,False,0,0,16.650000000023283,1
PV_106,011,PV_106_block_011,PV_106_011_663101_L,663101.15,663217.7,18.031630881770802,138.3456126451548,L,monocular,1,"/Volumes/Data-1/Nimrod/experiments/PV_106/2025_08_06/block_011/oe_files/PV106_ET_d3t4_2025-08-06_12-44-30/Record Node 102/analysis/recNames=Block011,Animal=PV_106/lizMov.mat",True,False,0,0,,1
PV_106,011,PV_106_block_011,PV_106_011_664583_L,664583.0,664649.6,18.73599079607428,71.99836541116132,L,monocular,1,"/Volumes/Data-1/Nimrod/experiments/PV_106/2025_08_06/block_011/oe_files/PV106_ET_d3t4_2025-08-06_12-44-30/Record Node 102/analysis/recNames=Block011,Animal=PV_106/lizMov.mat",True,False,0,0,,1
PV_106,011,PV_106_block_011,PV_106_011_665416_L,665415.5,665482.1,13.269650116836614,130.81149544576084,L,monocular,1,"/Volumes/Data-1/Nimrod/experiments/PV_106/2025_08_06/block_011/oe_files/PV106_ET_d3t4_2025-08-06_12-44-30/Record Node 102/analysis/recNames=Block011,Animal=PV_106/lizMov.mat",True,True,3,2,49.949999999953434,1
PV_106,011,PV_106_block_011,PV_106_011_694403_L,694403.15,694469.75,16.789216281576653,141.02490599767376,L,monocular,1,"/Volumes/Data-1/Nimrod/experiments/PV_106/2025_08_06/block_011/oe_files/PV106_ET_d3t4_2025-08-06_12-44-30/Record Node 102/analysis/recNames=Block011,Animal=PV_106/lizMov.mat",True,False,0,0,,1
PV_106,011,PV_106_block_011,PV_106_011_715798_L,715798.4,715831.7,8.242027829225435,139.68055333337804,L,monocular,1,"/Volumes/Data-1/Nimrod/experiments/PV_106/2025_08_06/block_011/oe_files/PV106_ET_d3t4_2025-08-06_12-44-30/Record Node 102/analysis/recNames=Block011,Animal=PV_106/lizMov.mat",True,True,3,1,33.29999999993015,1
PV_106,011,PV_106_block_011,PV_106_011_715982_L,715981.55,715998.2,10.733523910891806,300.5352023656406,L,monocular,1,"/Volumes/Data-1/Nimrod/experiments/PV_106/2025_08_06/block_011/oe_files/PV106_ET_d3t4_2025-08-06_12-44-30/Record Node 102/analysis/recNames=Block011,Animal=PV_106/lizMov.mat",True,False,0,0,16.649999999906868,1
PV_106,011,PV_106_block_011,PV_106_011_715998_L,715998.2,716114.75,15.50555006375994,156.40134557225508,L,monocular,1,"/Volumes/Data-1/Nimrod/experiments/PV_106/2025_08_06/block_011/oe_files/PV106_ET_d3t4_2025-08-06_12-44-30/Record Node 102/analysis/recNames=Block011,Animal=PV_106/lizMov.mat",True,True,2,1,149.85000000009313,1
PV_106,011,PV_106_block_011,PV_106_011_1030833_L,1030833.05,1030916.3,17.786666130935888,141.42853726941556,L,monocular,1,"/Volumes/Data-1/Nimrod/experiments/PV_106/2025_08_06/block_011/oe_files/PV106_ET_d3t4_2025-08-06_12-44-30/Record Node 102/analysis/recNames=Block011,Animal=PV_106/lizMov.mat",True,False,1,0,16.649999999906868,1
PV_106,011,PV_106_block_011,PV_106_011_1126887_L,1126886.9,1126986.8,8.8717788311227,153.92324237172,L,monocular,1,"/Volumes/Data-1/Nimrod/experiments/PV_106/2025_08_06/block_011/oe_files/PV106_ET_d3t4_2025-08-06_12-44-30/Record Node 102/analysis/recNames=Block011,Animal=PV_106/lizMov.mat",True,True,4,2,49.950000000186265,1
PV_106,011,PV_106_block_011,PV_106_011_1316098_L,1316097.5,1316164.1,14.002508457188172,321.1982385336509,L,monocular,1,"/Volumes/Data-1/Nimrod/experiments/PV_106/2025_08_06/block_011/oe_files/PV106_ET_d3t4_2025-08-06_12-44-30/Record Node 102/analysis/recNames=Block011,Animal=PV_106/lizMov.mat",True,False,3,0,66.60000000009313,1
PV_106,011,PV_106_block_011,PV_106_011_1397433_L,1397432.75,1397582.6,21.97254739868304,27.913725525975938,L,monocular,1,"/Volumes/Data-1/Nimrod/experiments/PV_106/2025_08_06/block_011/oe_files/PV106_ET_d3t4_2025-08-06_12-44-30/Record Node 102/analysis/recNames=Block011,Animal=PV_106/lizMov.mat",True,False,3,0,99.89999999990687,1
PV_106,011,PV_106_block_011,PV_106_011_1407356_L,1407356.15,1407472.7,8.402443792472853,240.69013737899306,L,monocular,1,"/Volumes/Data-1/Nimrod/experiments/PV_106/2025_08_06/block_011/oe_files/PV106_ET_d3t4_2025-08-06_12-44-30/Record Node 102/analysis/recNames=Block011,Animal=PV_106/lizMov.mat",True,False,0,0,,1
PV_106,011,PV_106_block_011,PV_106_011_1423090_L,1423090.4,1423206.95,18.02722149671575,169.59475333574665,L,monocular,1,"/Volumes/Data-1/Nimrod/experiments/PV_106/2025_08_06/block_011/oe_files/PV106_ET_d3t4_2025-08-06_12-44-30/Record Node 102/analysis/recNames=Block011,Animal=PV_106/lizMov.mat",True,False,1,0,49.950000000186265,1
PV_106,011,PV_106_block_011,PV_106_011_1447316_L,1447316.15,1447515.95,18.293968076378025,181.10643738807664,L,monocular,1,"/Volumes/Data-1/Nimrod/experiments/PV_106/2025_08_06/block_011/oe_files/PV106_ET_d3t4_2025-08-06_12-44-30/Record Node 102/analysis/recNames=Block011,Animal=PV_106/lizMov.mat",True,False,2,0,66.60000000009313,1
PV_106,011,PV_106_block_011,PV_106_011_1455475_L,1455474.65,1455524.6,10.606059748623668,134.73258072663856,L,monocular,1,"/Volumes/Data-1/Nimrod/experiments/PV_106/2025_08_06/block_011/oe_files/PV106_ET_d3t4_2025-08-06_12-44-30/Record Node 102/analysis/recNames=Block011,Animal=PV_106/lizMov.mat",True,False,3,0,66.60000000009313,1
PV_106,011,PV_106_block_011,PV_106_011_1459154_L,1459154.3,1459304.15,16.697071717573838,293.3873765817135,L,monocular,1,"/Volumes/Data-1/Nimrod/experiments/PV_106/2025_08_06/block_011/oe_files/PV106_ET_d3t4_2025-08-06_12-44-30/Record Node 102/analysis/recNames=Block011,Animal=PV_106/lizMov.mat",True,False,0,0,,1
PV_106,011,PV_106_block_011,PV_106_011_1459321_L,1459320.8,1459337.45,12.112781731537027,274.88525350776837,L,monocular,1,"/Volumes/Data-1/Nimrod/experiments/PV_106/2025_08_06/block_011/oe_files/PV106_ET_d3t4_2025-08-06_12-44-30/Record Node 102/analysis/recNames=Block011,Animal=PV_106/lizMov.mat",True,True,5,2,16.649999999906868,1
PV_106,011,PV_106_block_011,PV_106_011_1459337_L,1459337.45,1459370.75,10.692854785206297,100.58246815690316,L,monocular,1,"/Volumes/Data-1/Nimrod/experiments/PV_106/2025_08_06/block_011/oe_files/PV106_ET_d3t4_2025-08-06_12-44-30/Record Node 102/analysis/recNames=Block011,Animal=PV_106/lizMov.mat",True,True,4,1,33.300000000046566,1
PV_106,011,PV_106_block_011,PV_106_011_1459404_L,1459404.05,1459454.0,7.724931162541376,101.26864917535359,L,monocular,1,"/Volumes/Data-1/Nimrod/experiments/PV_106/2025_08_06/block_011/oe_files/PV106_ET_d3t4_2025-08-06_12-44-30/Record Node 102/analysis/recNames=Block011,Animal=PV_106/lizMov.mat",True,True,2,1,66.5999999998603,1
PV_106,011,PV_106_block_011,PV_106_011_1465664_L,1465664.45,1465714.4,9.689049237226715,347.1273941925802,L,monocular,1,"/Volumes/Data-1/Nimrod/experiments/PV_106/2025_08_06/block_011/oe_files/PV106_ET_d3t4_2025-08-06_12-44-30/Record Node 102/analysis/recNames=Block011,Animal=PV_106/lizMov.mat",True,True,2,1,49.949999999953434,1
PV_106,011,PV_106_block_011,PV_106_011_1473740_L,1473739.7,1473906.2,11.852559444062207,129.323500454236,L,monocular,1,"/Volumes/Data-1/Nimrod/experiments/PV_106/2025_08_06/block_011/oe_files/PV106_ET_d3t4_2025-08-06_12-44-30/Record Node 102/analysis/recNames=Block011,Animal=PV_106/lizMov.mat",True,False,1,0,16.6500000001397,1
PV_106,011,PV_106_block_011,PV_106_011_1474689_L,1474688.75,1474755.35,23.074899415078153,274.4253223545468,L,monocular,1,"/Volumes/Data-1/Nimrod/experiments/PV_106/2025_08_06/block_011/oe_files/PV106_ET_d3t4_2025-08-06_12-44-30/Record Node 102/analysis/recNames=Block011,Animal=PV_106/lizMov.mat",True,True,2,1,49.949999999953434,1
PV_106,011,PV_106_block_011,PV_106_011_1482464_L,1482464.3,1482480.95,10.03830646718808,295.0568408927503,L,monocular,1,"/Volumes/Data-1/Nimrod/experiments/PV_106/2025_08_06/block_011/oe_files/PV106_ET_d3t4_2025-08-06_12-44-30/Record Node 102/analysis/recNames=Block011,Animal=PV_106/lizMov.mat",True,False,1,0,16.649999999906868,1
PV_106,011,PV_106_block_011,PV_106_011_1482481_L,1482480.95,1482580.85,9.335690408366593,134.8966401675066,L,monocular,1,"/Volumes/Data-1/Nimrod/experiments/PV_106/2025_08_06/block_011/oe_files/PV106_ET_d3t4_2025-08-06_12-44-30/Record Node 102/analysis/recNames=Block011,Animal=PV_106/lizMov.mat",True,False,0,0,,1
PV_106,011,PV_106_block_011,PV_106_011_1509654_L,1509653.75,1509770.3,9.302755730488775,279.0143508257377,L,monocular,1,"/Volumes/Data-1/Nimrod/experiments/PV_106/2025_08_06/block_011/oe_files/PV106_ET_d3t4_2025-08-06_12-44-30/Record Node 102/analysis/recNames=Block011,Animal=PV_106/lizMov.mat",True,False,1,0,133.19999999995343,1
PV_106,011,PV_106_block_011,PV_106_011_1509854_L,1509853.55,1509903.5,15.802640538906648,85.66241725977936,L,monocular,1,"/Volumes/Data-1/Nimrod/experiments/PV_106/2025_08_06/block_011/oe_files/PV106_ET_d3t4_2025-08-06_12-44-30/Record Node 102/analysis/recNames=Block011,Animal=PV_106/lizMov.mat",True,True,2,1,49.949999999953434,1
PV_106,011,PV_106_block_011,PV_106_011_1532065_L,1532064.65,1532147.9,8.045567991034773,154.3864413753368,L,monocular,1,"/Volumes/Data-1/Nimrod/experiments/PV_106/2025_08_06/block_011/oe_files/PV106_ET_d3t4_2025-08-06_12-44-30/Record Node 102/analysis/recNames=Block011,Animal=PV_106/lizMov.mat",True,False,2,0,16.6500000001397,1
PV_106,011,PV_106_block_011,PV_106_011_1572224_L,1572224.45,1572307.7,12.760046557831908,74.71907766602024,L,monocular,1,"/Volumes/Data-1/Nimrod/experiments/PV_106/2025_08_06/block_011/oe_files/PV106_ET_d3t4_2025-08-06_12-44-30/Record Node 102/analysis/recNames=Block011,Animal=PV_106/lizMov.mat",True,False,1,0,49.949999999953434,1
PV_106,011,PV_106_block_011,PV_106_011_1675987_L,1675987.25,1676053.85,7.678931442183731,297.6703982367118,L,monocular,1,"/Volumes/Data-1/Nimrod/experiments/PV_106/2025_08_06/block_011/oe_files/PV106_ET_d3t4_2025-08-06_12-44-30/Record Node 102/analysis/recNames=Block011,Animal=PV_106/lizMov.mat",True,False,1,0,66.60000000009313,1
PV_106,011,PV_106_block_011,PV_106_011_1754026_L,1754025.8,1754109.05,12.785624394276272,67.85120179399807,L,monocular,1,"/Volumes/Data-1/Nimrod/experiments/PV_106/2025_08_06/block_011/oe_files/PV106_ET_d3t4_2025-08-06_12-44-30/Record Node 102/analysis/recNames=Block011,Animal=PV_106/lizMov.mat",True,False,0,0,,1
PV_106,011,PV_106_block_011,PV_106_011_181916_R,181916.15,181982.75,9.53074752583057,44.01019881607833,R,monocular,1,"/Volumes/Data-1/Nimrod/experiments/PV_106/2025_08_06/block_011/oe_files/PV106_ET_d3t4_2025-08-06_12-44-30/Record Node 102/analysis/recNames=Block011,Animal=PV_106/lizMov.mat",True,False,0,0,,1
PV_106,011,PV_106_block_011,PV_106_011_198683_R,198682.7,198815.9,23.451806647489963,357.08551486843066,R,monocular,1,"/Volumes/Data-1/Nimrod/experiments/PV_106/2025_08_06/block_011/oe_files/PV106_ET_d3t4_2025-08-06_12-44-30/Record Node 102/analysis/recNames=Block011,Animal=PV_106/lizMov.mat",True,False,2,0,116.54999999998836,1
PV_106,011,PV_106_block_011,PV_106_011_205892_R,205892.15,205942.1,9.114490123865309,11.91638336640592,R,monocular,1,"/Volumes/Data-1/Nimrod/experiments/PV_106/2025_08_06/block_011/oe_files/PV106_ET_d3t4_2025-08-06_12-44-30/Record Node 102/analysis/recNames=Block011,Animal=PV_106/lizMov.mat",True,False,0,0,,1
PV_106,011,PV_106_block_011,PV_106_011_237560_R,237560.45,237660.35,12.775826420406153,19.899212630525756,R,monocular,1,"/Volumes/Data-1/Nimrod/experiments/PV_106/2025_08_06/block_011/oe_files/PV106_ET_d3t4_2025-08-06_12-44-30/Record Node 102/analysis/recNames=Block011,Animal=PV_106/lizMov.mat",True,False,0,0,,1
PV_106,011,PV_106_block_011,PV_106_011_288260_R,288259.7,288359.6,10.918229427496076,263.968637889363,R,monocular,1,"/Volumes/Data-1/Nimrod/experiments/PV_106/2025_08_06/block_011/oe_files/PV106_ET_d3t4_2025-08-06_12-44-30/Record Node 102/analysis/recNames=Block011,Animal=PV_106/lizMov.mat",True,False,1,0,116.54999999998836,1
PV_106,011,PV_106_block_011,PV_106_011_293355_R,293354.6,293454.5,16.237196996666945,88.55757754230473,R,monocular,1,"/Volumes/Data-1/Nimrod/experiments/PV_106/2025_08_06/block_011/oe_files/PV106_ET_d3t4_2025-08-06_12-44-30/Record Node 102/analysis/recNames=Block011,Animal=PV_106/lizMov.mat",True,False,0,0,,1
PV_106,011,PV_106_block_011,PV_106_011_322276_R,322275.65,322358.9,8.150578374833504,271.1853391231299,R,monocular,1,"/Volumes/Data-1/Nimrod/experiments/PV_106/2025_08_06/block_011/oe_files/PV106_ET_d3t4_2025-08-06_12-44-30/Record Node 102/analysis/recNames=Block011,Animal=PV_106/lizMov.mat",True,False,0,0,,1
PV_106,011,PV_106_block_011,PV_106_011_328253_R,328253.0,328336.25,7.396150318934654,36.25727367492491,R,monocular,1,"/Volumes/Data-1/Nimrod/experiments/PV_106/2025_08_06/block_011/oe_files/PV106_ET_d3t4_2025-08-06_12-44-30/Record Node 102/analysis/recNames=Block011,Animal=PV_106/lizMov.mat",True,False,1,0,116.54999999998836,1
PV_106,011,PV_106_block_011,PV_106_011_359855_R,359854.7,359921.3,7.563841518747503,250.7242043894778,R,monocular,1,"/Volumes/Data-1/Nimrod/experiments/PV_106/2025_08_06/block_011/oe_files/PV106_ET_d3t4_2025-08-06_12-44-30/Record Node 102/analysis/recNames=Block011,Animal=PV_106/lizMov.mat",True,False,2,0,66.59999999997672,1
PV_106,011,PV_106_block_011,PV_106_011_402379_R,402378.8,402528.65,22.95055042039677,5.828967046013916,R,monocular,1,"/Volumes/Data-1/Nimrod/experiments/PV_106/2025_08_06/block_011/oe_files/PV106_ET_d3t4_2025-08-06_12-44-30/Record Node 102/analysis/recNames=Block011,Animal=PV_106/lizMov.mat",True,False,0,0,,1
PV_106,011,PV_106_block_011,PV_106_011_422375_R,422375.45,422442.05,12.422662860283051,32.38091072978595,R,monocular,1,"/Volumes/Data-1/Nimrod/experiments/PV_106/2025_08_06/block_011/oe_files/PV106_ET_d3t4_2025-08-06_12-44-30/Record Node 102/analysis/recNames=Block011,Animal=PV_106/lizMov.mat",True,False,0,0,,1
PV_106,011,PV_106_block_011,PV_106_011_443887_R,443887.25,443987.15,7.368614763497909,175.64044033028463,R,monocular,1,"/Volumes/Data-1/Nimrod/experiments/PV_106/2025_08_06/block_011/oe_files/PV106_ET_d3t4_2025-08-06_12-44-30/Record Node 102/analysis/recNames=Block011,Animal=PV_106/lizMov.mat",True,False,0,0,,1
PV_106,011,PV_106_block_011,PV_106_011_445036_R,445036.1,445119.35,8.810737434766496,208.23189698962565,R,monocular,1,"/Volumes/Data-1/Nimrod/experiments/PV_106/2025_08_06/block_011/oe_files/PV106_ET_d3t4_2025-08-06_12-44-30/Record Node 102/analysis/recNames=Block011,Animal=PV_106/lizMov.mat",True,False,1,0,99.90000000002328,1
PV_106,011,PV_106_block_011,PV_106_011_448749_R,448749.05,448832.3,7.3451788870994585,28.126320640518006,R,monocular,1,"/Volumes/Data-1/Nimrod/experiments/PV_106/2025_08_06/block_011/oe_files/PV106_ET_d3t4_2025-08-06_12-44-30/Record Node 102/analysis/recNames=Block011,Animal=PV_106/lizMov.mat",True,False,1,0,99.90000000002328,1
PV_106,011,PV_106_block_011,PV_106_011_558972_R,558972.05,559038.65,9.960268094773905,41.45358641475639,R,monocular,1,"/Volumes/Data-1/Nimrod/experiments/PV_106/2025_08_06/block_011/oe_files/PV106_ET_d3t4_2025-08-06_12-44-30/Record Node 102/analysis/recNames=Block011,Animal=PV_106/lizMov.mat",True,False,0,0,,1
PV_106,011,PV_106_block_011,PV_106_011_577470_R,577470.2,577520.15,13.381637319565005,223.70560493349248,R,monocular,1,"/Volumes/Data-1/Nimrod/experiments/PV_106/2025_08_06/block_011/oe_files/PV106_ET_d3t4_2025-08-06_12-44-30/Record Node 102/analysis/recNames=Block011,Animal=PV_106/lizMov.mat",True,False,0,0,49.95000000006985,1
PV_106,011,PV_106_block_011,PV_106_011_577520_R,577520.15,577636.7,18.149078011391786,29.622629292715917,R,monocular,1,"/Volumes/Data-1/Nimrod/experiments/PV_106/2025_08_06/block_011/oe_files/PV106_ET_d3t4_2025-08-06_12-44-30/Record Node 102/analysis/recNames=Block011,Animal=PV_106/lizMov.mat",True,False,1,0,149.84999999997672,1
PV_106,011,PV_106_block_011,PV_106_011_635479_R,635478.8,635528.75,9.3595889800936,203.45219212714733,R,monocular,1,"/Volumes/Data-1/Nimrod/experiments/PV_106/2025_08_06/block_011/oe_files/PV106_ET_d3t4_2025-08-06_12-44-30/Record Node 102/analysis/recNames=Block011,Animal=PV_106/lizMov.mat",True,False,2,0,49.949999999953434,1
PV_106,011,PV_106_block_011,PV_106_011_709138_R,709138.4,709254.95,7.385028821140287,175.59535489332725,R,monocular,1,"/Volumes/Data-1/Nimrod/experiments/PV_106/2025_08_06/block_011/oe_files/PV106_ET_d3t4_2025-08-06_12-44-30/Record Node 102/analysis/recNames=Block011,Animal=PV_106/lizMov.mat",True,False,0,0,,1
PV_106,011,PV_106_block_011,PV_106_011_734380_R,734379.8,734479.7,13.695490142246948,101.96192894592023,R,monocular,1,"/Volumes/Data-1/Nimrod/experiments/PV_106/2025_08_06/block_011/oe_files/PV106_ET_d3t4_2025-08-06_12-44-30/Record Node 102/analysis/recNames=Block011,Animal=PV_106/lizMov.mat",True,False,0,0,,1
PV_106,011,PV_106_block_011,PV_106_011_884313_R,884313.05,884363.0,11.64458305561934,195.32795189139887,R,monocular,1,"/Volumes/Data-1/Nimrod/experiments/PV_106/2025_08_06/block_011/oe_files/PV106_ET_d3t4_2025-08-06_12-44-30/Record Node 102/analysis/recNames=Block011,Animal=PV_106/lizMov.mat",True,False,0,0,49.949999999953434,1
PV_106,011,PV_106_block_011,PV_106_011_884363_R,884363.0,884479.55,15.445570977223293,19.11425073146538,R,monocular,1,"/Volumes/Data-1/Nimrod/experiments/PV_106/2025_08_06/block_011/oe_files/PV106_ET_d3t4_2025-08-06_12-44-30/Record Node 102/analysis/recNames=Block011,Animal=PV_106/lizMov.mat",True,False,0,0,,1
PV_106,011,PV_106_block_011,PV_106_011_1079002_R,1079001.5,1079101.4,13.63806801053367,175.2896595425421,R,monocular,1,"/Volumes/Data-1/Nimrod/experiments/PV_106/2025_08_06/block_011/oe_files/PV106_ET_d3t4_2025-08-06_12-44-30/Record Node 102/analysis/recNames=Block011,Animal=PV_106/lizMov.mat",True,False,1,0,133.19999999995343,1
PV_106,011,PV_106_block_011,PV_106_011_1086627_R,1086627.2,1086677.15,11.867069493708028,224.91519975767014,R,monocular,1,"/Volumes/Data-1/Nimrod/experiments/PV_106/2025_08_06/block_011/oe_files/PV106_ET_d3t4_2025-08-06_12-44-30/Record Node 102/analysis/recNames=Block011,Animal=PV_106/lizMov.mat",True,True,6,4,33.300000000046566,1
PV_106,011,PV_106_block_011,PV_106_011_1126937_R,1126936.85,1127020.1,7.241343251402173,178.8570418165446,R,monocular,1,"/Volumes/Data-1/Nimrod/experiments/PV_106/2025_08_06/block_011/oe_files/PV106_ET_d3t4_2025-08-06_12-44-30/Record Node 102/analysis/recNames=Block011,Animal=PV_106/lizMov.mat",True,True,3,1,49.949999999953434,1
PV_106,011,PV_106_block_011,PV_106_011_1171542_R,1171542.2,1171592.15,9.901775451499356,189.72988846163918,R,monocular,1,"/Volumes/Data-1/Nimrod/experiments/PV_106/2025_08_06/block_011/oe_files/PV106_ET_d3t4_2025-08-06_12-44-30/Record Node 102/analysis/recNames=Block011,Animal=PV_106/lizMov.mat",True,False,0,0,,1
PV_106,011,PV_106_block_011,PV_106_011_1272558_R,1272557.75,1272624.35,8.364635771158495,348.4337790879302,R,monocular,1,"/Volumes/Data-1/Nimrod/experiments/PV_106/2025_08_06/block_011/oe_files/PV106_ET_d3t4_2025-08-06_12-44-30/Record Node 102/analysis/recNames=Block011,Animal=PV_106/lizMov.mat",True,False,0,0,,1
PV_106,011,PV_106_block_011,PV_106_011_1327752_R,1327752.5,1327835.75,10.573034219540554,249.49985349720225,R,monocular,1,"/Volumes/Data-1/Nimrod/experiments/PV_106/2025_08_06/block_011/oe_files/PV106_ET_d3t4_2025-08-06_12-44-30/Record Node 102/analysis/recNames=Block011,Animal=PV_106/lizMov.mat",True,False,0,0,,1
PV_106,011,PV_106_block_011,PV_106_011_1406624_R,1406623.55,1406723.45,7.327612177649042,344.9496845795284,R,monocular,1,"/Volumes/Data-1/Nimrod/experiments/PV_106/2025_08_06/block_011/oe_files/PV106_ET_d3t4_2025-08-06_12-44-30/Record Node 102/analysis/recNames=Block011,Animal=PV_106/lizMov.mat",True,False,1,0,116.55000000004657,1
PV_106,011,PV_106_block_011,PV_106_011_1423140_R,1423140.35,1423273.55,13.37128277763356,167.94597394016756,R,monocular,1,"/Volumes/Data-1/Nimrod/experiments/PV_106/2025_08_06/block_011/oe_files/PV106_ET_d3t4_2025-08-06_12-44-30/Record Node 102/analysis/recNames=Block011,Animal=PV_106/lizMov.mat",True,False,0,0,,1
PV_106,011,PV_106_block_011,PV_106_011_1438308_R,1438308.5,1438391.75,11.555508531357399,39.238983907126,R,monocular,1,"/Volumes/Data-1/Nimrod/experiments/PV_106/2025_08_06/block_011/oe_files/PV106_ET_d3t4_2025-08-06_12-44-30/Record Node 102/analysis/recNames=Block011,Animal=PV_106/lizMov.mat",True,False,0,0,,1
PV_106,011,PV_106_block_011,PV_106_011_1447449_R,1447449.35,1447582.55,8.901701037302415,143.7196188506263,R,monocular,1,"/Volumes/Data-1/Nimrod/experiments/PV_106/2025_08_06/block_011/oe_files/PV106_ET_d3t4_2025-08-06_12-44-30/Record Node 102/analysis/recNames=Block011,Animal=PV_106/lizMov.mat",True,False,1,0,66.5999999998603,1
PV_106,011,PV_106_block_011,PV_106_011_1493320_R,1493320.1,1493436.65,15.588969218172458,47.277681974344155,R,monocular,1,"/Volumes/Data-1/Nimrod/experiments/PV_106/2025_08_06/block_011/oe_files/PV106_ET_d3t4_2025-08-06_12-44-30/Record Node 102/analysis/recNames=Block011,Animal=PV_106/lizMov.mat",True,False,1,0,133.19999999995343,1
PV_106,011,PV_106_block_011,PV_106_011_1532081_R,1532081.3,1532164.55,9.46249870419496,179.9184866611985,R,monocular,1,"/Volumes/Data-1/Nimrod/experiments/PV_106/2025_08_06/block_011/oe_files/PV106_ET_d3t4_2025-08-06_12-44-30/Record Node 102/analysis/recNames=Block011,Animal=PV_106/lizMov.mat",True,True,3,1,66.5999999998603,1
PV_106,011,PV_106_block_011,PV_106_011_1557473_R,1557472.55,1557555.8,21.072507919029963,115.21418379004984,R,monocular,1,"/Volumes/Data-1/Nimrod/experiments/PV_106/2025_08_06/block_011/oe_files/PV106_ET_d3t4_2025-08-06_12-44-30/Record Node 102/analysis/recNames=Block011,Animal=PV_106/lizMov.mat",True,False,0,0,,1
PV_106,011,PV_106_block_011,PV_106_011_1591772_R,1591771.55,1591904.75,21.846075281503776,112.3186930787832,R,monocular,1,"/Volumes/Data-1/Nimrod/experiments/PV_106/2025_08_06/block_011/oe_files/PV106_ET_d3t4_2025-08-06_12-44-30/Record Node 102/analysis/recNames=Block011,Animal=PV_106/lizMov.mat",True,False,1,0,133.19999999995343,1
PV_106,011,PV_106_block_011,PV_106_011_1601845_R,1601844.8,1601961.35,12.948024119548482,252.1794876787544,R,monocular,1,"/Volumes/Data-1/Nimrod/experiments/PV_106/2025_08_06/block_011/oe_files/PV106_ET_d3t4_2025-08-06_12-44-30/Record Node 102/analysis/recNames=Block011,Animal=PV_106/lizMov.mat",True,False,0,0,,1
PV_106,011,PV_106_block_011,PV_106_011_1673873_R,1673872.7,1673922.65,15.51521980797121,134.42618543668138,R,monocular,1,"/Volumes/Data-1/Nimrod/experiments/PV_106/2025_08_06/block_011/oe_files/PV106_ET_d3t4_2025-08-06_12-44-30/Record Node 102/analysis/recNames=Block011,Animal=PV_106/lizMov.mat",True,False,1,0,83.25,1
PV_106,011,PV_106_block_011,PV_106_011_1748348_R,1748348.15,1748431.4,14.386238686948321,125.81956629103755,R,monocular,1,"/Volumes/Data-1/Nimrod/experiments/PV_106/2025_08_06/block_011/oe_files/PV106_ET_d3t4_2025-08-06_12-44-30/Record Node 102/analysis/recNames=Block011,Animal=PV_106/lizMov.mat",True,False,0,0,,1
PV_106,012,PV_106_block_012,PV_106_012_75959_R,75958.85,76025.45,9.855887301170497,31.25167030528134,R,binocular,2,"/Volumes/Data-1/Nimrod/experiments/PV_106/2025_08_06/block_012/oe_files/PV106_ET_d3t5_2025-08-06_13-21-30/Record Node 102/analysis/recNames=Block012,Animal=PV_106/lizMov.mat",True,False,2,0,99.89999999999418,2
PV_106,012,PV_106_block_012,PV_106_012_84134_R,84134.0,84217.25,7.968987495850197,9.174512543086491,R,binocular,2,"/Volumes/Data-1/Nimrod/experiments/PV_106/2025_08_06/block_012/oe_files/PV106_ET_d3t5_2025-08-06_13-21-30/Record Node 102/analysis/recNames=Block012,Animal=PV_106/lizMov.mat",True,False,1,0,149.85000000000582,2
PV_106,012,PV_106_block_012,PV_106_012_87647_L,87647.15,87713.75,9.466944110957384,329.7165644775805,L,binocular,2,"/Volumes/Data-1/Nimrod/experiments/PV_106/2025_08_06/block_012/oe_files/PV106_ET_d3t5_2025-08-06_13-21-30/Record Node 102/analysis/recNames=Block012,Animal=PV_106/lizMov.mat",True,False,0,0,,2
PV_106,012,PV_106_block_012,PV_106_012_88413_L,88413.05,88479.65,11.421395424188518,326.92820121503553,L,binocular,2,"/Volumes/Data-1/Nimrod/experiments/PV_106/2025_08_06/block_012/oe_files/PV106_ET_d3t5_2025-08-06_13-21-30/Record Node 102/analysis/recNames=Block012,Animal=PV_106/lizMov.mat",True,False,2,0,83.25,2
PV_106,012,PV_106_block_012,PV_106_012_121946_R,121946.15,122029.4,10.454432876019611,217.52154878783884,R,binocular,2,"/Volumes/Data-1/Nimrod/experiments/PV_106/2025_08_06/block_012/oe_files/PV106_ET_d3t5_2025-08-06_13-21-30/Record Node 102/analysis/recNames=Block012,Animal=PV_106/lizMov.mat",True,True,2,1,99.90000000000873,2
PV_106,012,PV_106_block_012,PV_106_012_122296_R,122295.8,122379.05,15.14382276710729,232.78436523975617,R,binocular,2,"/Volumes/Data-1/Nimrod/experiments/PV_106/2025_08_06/block_012/oe_files/PV106_ET_d3t5_2025-08-06_13-21-30/Record Node 102/analysis/recNames=Block012,Animal=PV_106/lizMov.mat",True,True,2,1,16.64999999999418,2
PV_106,012,PV_106_block_012,PV_106_012_123245_L,123244.85,123328.1,11.410777874157018,111.27011785301693,L,binocular,2,"/Volumes/Data-1/Nimrod/experiments/PV_106/2025_08_06/block_012/oe_files/PV106_ET_d3t5_2025-08-06_13-21-30/Record Node 102/analysis/recNames=Block012,Animal=PV_106/lizMov.mat",True,True,3,1,116.54999999998836,2
PV_106,012,PV_106_block_012,PV_106_012_136465_L,136464.95,136564.85,11.278287681567425,149.0197878215835,L,binocular,2,"/Volumes/Data-1/Nimrod/experiments/PV_106/2025_08_06/block_012/oe_files/PV106_ET_d3t5_2025-08-06_13-21-30/Record Node 102/analysis/recNames=Block012,Animal=PV_106/lizMov.mat",True,False,0,0,,2
PV_106,012,PV_106_block_012,PV_106_012_160441_R,160440.95,160557.5,10.185381684354283,349.50769383383454,R,binocular,2,"/Volumes/Data-1/Nimrod/experiments/PV_106/2025_08_06/block_012/oe_files/PV106_ET_d3t5_2025-08-06_13-21-30/Record Node 102/analysis/recNames=Block012,Animal=PV_106/lizMov.mat",True,False,1,0,149.84999999997672,2
PV_106,012,PV_106_block_012,PV_106_012_160707_L,160707.35,160873.85,8.557224552439047,140.1905287162603,L,binocular,2,"/Volumes/Data-1/Nimrod/experiments/PV_106/2025_08_06/block_012/oe_files/PV106_ET_d3t5_2025-08-06_13-21-30/Record Node 102/analysis/recNames=Block012,Animal=PV_106/lizMov.mat",True,False,1,0,66.60000000000582,2
PV_106,012,PV_106_block_012,PV_106_012_160957_R,160957.1,161007.05,7.479587640398703,42.08838569375295,R,binocular,2,"/Volumes/Data-1/Nimrod/experiments/PV_106/2025_08_06/block_012/oe_files/PV106_ET_d3t5_2025-08-06_13-21-30/Record Node 102/analysis/recNames=Block012,Animal=PV_106/lizMov.mat",True,False,3,0,33.29999999998836,2
PV_106,012,PV_106_block_012,PV_106_012_161840_L,161839.55,161956.1,29.027027680664474,320.96653800442897,L,binocular,2,"/Volumes/Data-1/Nimrod/experiments/PV_106/2025_08_06/block_012/oe_files/PV106_ET_d3t5_2025-08-06_13-21-30/Record Node 102/analysis/recNames=Block012,Animal=PV_106/lizMov.mat",True,False,3,0,66.60000000000582,2
PV_106,012,PV_106_block_012,PV_106_012_161939_L,161939.45,162022.7,11.85508951443243,136.05966190402697,L,binocular,2,"/Volumes/Data-1/Nimrod/experiments/PV_106/2025_08_06/block_012/oe_files/PV106_ET_d3t5_2025-08-06_13-21-30/Record Node 102/analysis/recNames=Block012,Animal=PV_106/lizMov.mat",True,False,1,0,99.89999999999418,2
PV_106,012,PV_106_block_012,PV_106_012_165269_L,165269.45,165435.95,10.769206842701124,331.540332201105,L,binocular,2,"/Volumes/Data-1/Nimrod/experiments/PV_106/2025_08_06/block_012/oe_files/PV106_ET_d3t5_2025-08-06_13-21-30/Record Node 102/analysis/recNames=Block012,Animal=PV_106/lizMov.mat",True,False,1,0,49.94999999998254,2
PV_106,012,PV_106_block_012,PV_106_012_202565_R,202565.45,202598.75,8.690626305922962,36.9320952129582,R,binocular,2,"/Volumes/Data-1/Nimrod/experiments/PV_106/2025_08_06/block_012/oe_files/PV106_ET_d3t5_2025-08-06_13-21-30/Record Node 102/analysis/recNames=Block012,Animal=PV_106/lizMov.mat",True,False,3,0,33.29999999998836,2
PV_106,012,PV_106_block_012,PV_106_012_203132_R,203131.55,203264.75,10.132396267074023,234.07839012984897,R,binocular,2,"/Volumes/Data-1/Nimrod/experiments/PV_106/2025_08_06/block_012/oe_files/PV106_ET_d3t5_2025-08-06_13-21-30/Record Node 102/analysis/recNames=Block012,Animal=PV_106/lizMov.mat",True,False,0,0,,2
PV_106,012,PV_106_block_012,PV_106_012_203348_L,203348.0,203447.9,8.180918713181228,324.3310203110607,L,binocular,2,"/Volumes/Data-1/Nimrod/experiments/PV_106/2025_08_06/block_012/oe_files/PV106_ET_d3t5_2025-08-06_13-21-30/Record Node 102/analysis/recNames=Block012,Animal=PV_106/lizMov.mat",True,False,2,0,33.29999999998836,2
PV_106,012,PV_106_block_012,PV_106_012_205313_R,205312.7,205445.9,24.186304933807012,182.0841668511171,R,binocular,2,"/Volumes/Data-1/Nimrod/experiments/PV_106/2025_08_06/block_012/oe_files/PV106_ET_d3t5_2025-08-06_13-21-30/Record Node 102/analysis/recNames=Block012,Animal=PV_106/lizMov.mat",True,False,2,0,66.59999999997672,2
PV_106,012,PV_106_block_012,PV_106_012_205429_L,205429.25,205645.7,33.239251726957946,137.64357126485464,L,binocular,2,"/Volumes/Data-1/Nimrod/experiments/PV_106/2025_08_06/block_012/oe_files/PV106_ET_d3t5_2025-08-06_13-21-30/Record Node 102/analysis/recNames=Block012,Animal=PV_106/lizMov.mat",True,False,0,0,,2
PV_106,012,PV_106_block_012,PV_106_012_206878_L,206877.8,206977.7,13.157711986823495,142.65989402829567,L,binocular,2,"/Volumes/Data-1/Nimrod/experiments/PV_106/2025_08_06/block_012/oe_files/PV106_ET_d3t5_2025-08-06_13-21-30/Record Node 102/analysis/recNames=Block012,Animal=PV_106/lizMov.mat",True,False,0,0,,2
PV_106,012,PV_106_block_012,PV_106_012_241293_R,241293.35,241393.25,13.224903603176918,4.460872447845999,R,binocular,2,"/Volumes/Data-1/Nimrod/experiments/PV_106/2025_08_06/block_012/oe_files/PV106_ET_d3t5_2025-08-06_13-21-30/Record Node 102/analysis/recNames=Block012,Animal=PV_106/lizMov.mat",True,False,0,0,,2
PV_106,012,PV_106_block_012,PV_106_012_241510_L,241509.8,241643.0,7.398317393847056,106.71360907745145,L,binocular,2,"/Volumes/Data-1/Nimrod/experiments/PV_106/2025_08_06/block_012/oe_files/PV106_ET_d3t5_2025-08-06_13-21-30/Record Node 102/analysis/recNames=Block012,Animal=PV_106/lizMov.mat",True,False,0,0,,2
PV_106,012,PV_106_block_012,PV_106_012_247754_R,247753.55,247836.8,9.876147018316832,73.8955327649895,R,binocular,2,"/Volumes/Data-1/Nimrod/experiments/PV_106/2025_08_06/block_012/oe_files/PV106_ET_d3t5_2025-08-06_13-21-30/Record Node 102/analysis/recNames=Block012,Animal=PV_106/lizMov.mat",True,False,1,0,133.20000000001164,2
PV_106,012,PV_106_block_012,PV_106_012_378506_R,378506.0,378672.5,13.760452331520872,332.7284678961638,R,binocular,2,"/Volumes/Data-1/Nimrod/experiments/PV_106/2025_08_06/block_012/oe_files/PV106_ET_d3t5_2025-08-06_13-21-30/Record Node 102/analysis/recNames=Block012,Animal=PV_106/lizMov.mat",True,False,1,0,83.25,2
PV_106,012,PV_106_block_012,PV_106_012_417883_R,417883.25,417966.5,11.716534947928777,157.0974752433045,R,binocular,2,"/Volumes/Data-1/Nimrod/experiments/PV_106/2025_08_06/block_012/oe_files/PV106_ET_d3t5_2025-08-06_13-21-30/Record Node 102/analysis/recNames=Block012,Animal=PV_106/lizMov.mat",True,False,0,0,,2
PV_106,012,PV_106_block_012,PV_106_012_421580_R,421579.55,421662.8,11.311537201344494,183.70879013987914,R,binocular,2,"/Volumes/Data-1/Nimrod/experiments/PV_106/2025_08_06/block_012/oe_files/PV106_ET_d3t5_2025-08-06_13-21-30/Record Node 102/analysis/recNames=Block012,Animal=PV_106/lizMov.mat",True,False,1,0,99.90000000002328,2
PV_106,012,PV_106_block_012,PV_106_012_433151_R,433151.3,433234.55,8.706312020935275,224.3850385174873,R,binocular,2,"/Volumes/Data-1/Nimrod/experiments/PV_106/2025_08_06/block_012/oe_files/PV106_ET_d3t5_2025-08-06_13-21-30/Record Node 102/analysis/recNames=Block012,Animal=PV_106/lizMov.mat",True,False,1,0,83.25,2
PV_106,012,PV_106_block_012,PV_106_012_466035_R,466035.05,466085.0,13.148326365270886,232.44933514222987,R,binocular,2,"/Volumes/Data-1/Nimrod/experiments/PV_106/2025_08_06/block_012/oe_files/PV106_ET_d3t5_2025-08-06_13-21-30/Record Node 102/analysis/recNames=Block012,Animal=PV_106/lizMov.mat",True,False,2,0,49.95000000001164,2
PV_106,012,PV_106_block_012,PV_106_012_543374_L,543374.3,543424.25,7.628104892393979,323.55642117043806,L,binocular,2,"/Volumes/Data-1/Nimrod/experiments/PV_106/2025_08_06/block_012/oe_files/PV106_ET_d3t5_2025-08-06_13-21-30/Record Node 102/analysis/recNames=Block012,Animal=PV_106/lizMov.mat",True,False,3,0,49.949999999953434,2
PV_106,012,PV_106_block_012,PV_106_012_587547_L,587546.75,587663.3,9.596251017070282,63.89302033146727,L,binocular,2,"/Volumes/Data-1/Nimrod/experiments/PV_106/2025_08_06/block_012/oe_files/PV106_ET_d3t5_2025-08-06_13-21-30/Record Node 102/analysis/recNames=Block012,Animal=PV_106/lizMov.mat",True,False,0,0,,2
PV_106,012,PV_106_block_012,PV_106_012_671246_L,671246.3,671346.2,9.301721807881103,120.26890092902578,L,binocular,2,"/Volumes/Data-1/Nimrod/experiments/PV_106/2025_08_06/block_012/oe_files/PV106_ET_d3t5_2025-08-06_13-21-30/Record Node 102/analysis/recNames=Block012,Animal=PV_106/lizMov.mat",True,False,0,0,,2
PV_106,012,PV_106_block_012,PV_106_012_678889_R,678888.65,678971.9,7.120212576907604,105.23701792087923,R,binocular,2,"/Volumes/Data-1/Nimrod/experiments/PV_106/2025_08_06/block_012/oe_files/PV106_ET_d3t5_2025-08-06_13-21-30/Record Node 102/analysis/recNames=Block012,Animal=PV_106/lizMov.mat",True,False,0,0,,2
PV_106,012,PV_106_block_012,PV_106_012_730171_L,730170.65,730253.9,15.192311575044483,320.0058928164989,L,binocular,2,"/Volumes/Data-1/Nimrod/experiments/PV_106/2025_08_06/block_012/oe_files/PV106_ET_d3t5_2025-08-06_13-21-30/Record Node 102/analysis/recNames=Block012,Animal=PV_106/lizMov.mat",True,False,0,0,,2
PV_106,012,PV_106_block_012,PV_106_012_730637_L,730636.85,730703.45,7.478658361394437,339.09229294116284,L,binocular,2,"/Volumes/Data-1/Nimrod/experiments/PV_106/2025_08_06/block_012/oe_files/PV106_ET_d3t5_2025-08-06_13-21-30/Record Node 102/analysis/recNames=Block012,Animal=PV_106/lizMov.mat",True,False,2,0,83.25,2
PV_106,012,PV_106_block_012,PV_106_012_785532_L,785531.9,785631.8,14.255560967354818,83.15318068820586,L,binocular,2,"/Volumes/Data-1/Nimrod/experiments/PV_106/2025_08_06/block_012/oe_files/PV106_ET_d3t5_2025-08-06_13-21-30/Record Node 102/analysis/recNames=Block012,Animal=PV_106/lizMov.mat",True,False,1,0,66.59999999997672,2
PV_106,012,PV_106_block_012,PV_106_012_795971_L,795971.45,796071.35,17.327028409727628,65.39922974222506,L,binocular,2,"/Volumes/Data-1/Nimrod/experiments/PV_106/2025_08_06/block_012/oe_files/PV106_ET_d3t5_2025-08-06_13-21-30/Record Node 102/analysis/recNames=Block012,Animal=PV_106/lizMov.mat",True,False,1,0,66.60000000009313,2
PV_106,012,PV_106_block_012,PV_106_012_804280_L,804279.8,804396.35,17.998383344795506,212.1866847256556,L,binocular,2,"/Volumes/Data-1/Nimrod/experiments/PV_106/2025_08_06/block_012/oe_files/PV106_ET_d3t5_2025-08-06_13-21-30/Record Node 102/analysis/recNames=Block012,Animal=PV_106/lizMov.mat",True,False,0,0,,2
PV_106,012,PV_106_block_012,PV_106_012_855578_R,855578.45,855661.7,15.38821405590838,224.94206229526912,R,binocular,2,"/Volumes/Data-1/Nimrod/experiments/PV_106/2025_08_06/block_012/oe_files/PV106_ET_d3t5_2025-08-06_13-21-30/Record Node 102/analysis/recNames=Block012,Animal=PV_106/lizMov.mat",True,False,1,0,99.90000000002328,2
PV_106,012,PV_106_block_012,PV_106_012_856977_R,856977.05,857076.95,12.354028831033428,106.21332828542816,R,binocular,2,"/Volumes/Data-1/Nimrod/experiments/PV_106/2025_08_06/block_012/oe_files/PV106_ET_d3t5_2025-08-06_13-21-30/Record Node 102/analysis/recNames=Block012,Animal=PV_106/lizMov.mat",True,False,0,0,,2
PV_106,012,PV_106_block_012,PV_106_012_867600_L,867599.75,867666.35,7.5196252872703555,156.06820659954963,L,binocular,2,"/Volumes/Data-1/Nimrod/experiments/PV_106/2025_08_06/block_012/oe_files/PV106_ET_d3t5_2025-08-06_13-21-30/Record Node 102/analysis/recNames=Block012,Animal=PV_106/lizMov.mat",True,False,1,0,149.84999999997672,2
PV_106,012,PV_106_block_012,PV_106_012_867850_L,867849.5,867916.1,7.727575620071092,154.50365093015927,L,binocular,2,"/Volumes/Data-1/Nimrod/experiments/PV_106/2025_08_06/block_012/oe_files/PV106_ET_d3t5_2025-08-06_13-21-30/Record Node 102/analysis/recNames=Block012,Animal=PV_106/lizMov.mat",True,False,2,0,83.25,2
PV_106,012,PV_106_block_012,PV_106_012_868199_L,868199.15,868249.1,7.542435280169498,148.4447670620169,L,binocular,2,"/Volumes/Data-1/Nimrod/experiments/PV_106/2025_08_06/block_012/oe_files/PV106_ET_d3t5_2025-08-06_13-21-30/Record Node 102/analysis/recNames=Block012,Animal=PV_106/lizMov.mat",True,False,2,0,66.59999999997672,2
PV_106,012,PV_106_block_012,PV_106_012_870996_R,870996.35,871129.55,28.248532339936595,201.61947578485416,R,binocular,2,"/Volumes/Data-1/Nimrod/experiments/PV_106/2025_08_06/block_012/oe_files/PV106_ET_d3t5_2025-08-06_13-21-30/Record Node 102/analysis/recNames=Block012,Animal=PV_106/lizMov.mat",True,True,4,2,33.300000000046566,2
PV_106,012,PV_106_block_012,PV_106_012_906045_R,906044.6,906144.5,12.348399060230081,332.3097052054601,R,binocular,2,"/Volumes/Data-1/Nimrod/experiments/PV_106/2025_08_06/block_012/oe_files/PV106_ET_d3t5_2025-08-06_13-21-30/Record Node 102/analysis/recNames=Block012,Animal=PV_106/lizMov.mat",True,False,0,0,,2
PV_106,012,PV_106_block_012,PV_106_012_906394_L,906394.25,906477.5,10.941380979444716,328.8661867945001,L,binocular,2,"/Volumes/Data-1/Nimrod/experiments/PV_106/2025_08_06/block_012/oe_files/PV106_ET_d3t5_2025-08-06_13-21-30/Record Node 102/analysis/recNames=Block012,Animal=PV_106/lizMov.mat",True,False,2,0,83.25,2
PV_106,012,PV_106_block_012,PV_106_012_906694_L,906693.95,906760.55,8.978174173267565,334.2331407164409,L,binocular,2,"/Volumes/Data-1/Nimrod/experiments/PV_106/2025_08_06/block_012/oe_files/PV106_ET_d3t5_2025-08-06_13-21-30/Record Node 102/analysis/recNames=Block012,Animal=PV_106/lizMov.mat",True,False,3,0,49.95000000006985,2
PV_106,012,PV_106_block_012,PV_106_012_907027_R,907026.95,907076.9,9.624888776080653,19.097471433719452,R,binocular,2,"/Volumes/Data-1/Nimrod/experiments/PV_106/2025_08_06/block_012/oe_files/PV106_ET_d3t5_2025-08-06_13-21-30/Record Node 102/analysis/recNames=Block012,Animal=PV_106/lizMov.mat",True,False,2,0,99.90000000002328,2
PV_106,012,PV_106_block_012,PV_106_012_936081_R,936081.2,936131.15,7.29272332282865,357.13612206846756,R,binocular,2,"/Volumes/Data-1/Nimrod/experiments/PV_106/2025_08_06/block_012/oe_files/PV106_ET_d3t5_2025-08-06_13-21-30/Record Node 102/analysis/recNames=Block012,Animal=PV_106/lizMov.mat",True,False,0,0,33.300000000046566,2
PV_106,012,PV_106_block_012,PV_106_012_936114_L,936114.5,936281.0,13.32910621828565,136.2110577303504,L,binocular,2,"/Volumes/Data-1/Nimrod/experiments/PV_106/2025_08_06/block_012/oe_files/PV106_ET_d3t5_2025-08-06_13-21-30/Record Node 102/analysis/recNames=Block012,Animal=PV_106/lizMov.mat",True,False,0,0,,2
PV_106,012,PV_106_block_012,PV_106_012_936281_L,936281.0,936330.95,14.494086686022946,320.1324874118903,L,binocular,2,"/Volumes/Data-1/Nimrod/experiments/PV_106/2025_08_06/block_012/oe_files/PV106_ET_d3t5_2025-08-06_13-21-30/Record Node 102/analysis/recNames=Block012,Animal=PV_106/lizMov.mat",True,False,2,0,33.300000000046566,2
PV_106,012,PV_106_block_012,PV_106_012_936314_L,936314.3,936447.5,12.031292412762026,136.65779615466636,L,binocular,2,"/Volumes/Data-1/Nimrod/experiments/PV_106/2025_08_06/block_012/oe_files/PV106_ET_d3t5_2025-08-06_13-21-30/Record Node 102/analysis/recNames=Block012,Animal=PV_106/lizMov.mat",True,False,0,0,,2
PV_106,012,PV_106_block_012,PV_106_012_937230_R,937230.05,937329.95,9.719221190890694,54.34900007222022,R,binocular,2,"/Volumes/Data-1/Nimrod/experiments/PV_106/2025_08_06/block_012/oe_files/PV106_ET_d3t5_2025-08-06_13-21-30/Record Node 102/analysis/recNames=Block012,Animal=PV_106/lizMov.mat",True,True,2,1,99.89999999990687,2
PV_106,012,PV_106_block_012,PV_106_012_938063_L,938062.55,938145.8,12.53553025595033,321.716163171579,L,binocular,2,"/Volumes/Data-1/Nimrod/experiments/PV_106/2025_08_06/block_012/oe_files/PV106_ET_d3t5_2025-08-06_13-21-30/Record Node 102/analysis/recNames=Block012,Animal=PV_106/lizMov.mat",True,False,2,0,83.25,2
PV_106,012,PV_106_block_012,PV_106_012_944340_R,944339.6,944422.85,14.149489733141603,217.2231225072668,R,binocular,2,"/Volumes/Data-1/Nimrod/experiments/PV_106/2025_08_06/block_012/oe_files/PV106_ET_d3t5_2025-08-06_13-21-30/Record Node 102/analysis/recNames=Block012,Animal=PV_106/lizMov.mat",True,False,1,0,83.25,2
PV_106,012,PV_106_block_012,PV_106_012_944756_R,944755.85,944805.8,8.457379359983207,210.0539786924524,R,binocular,2,"/Volumes/Data-1/Nimrod/experiments/PV_106/2025_08_06/block_012/oe_files/PV106_ET_d3t5_2025-08-06_13-21-30/Record Node 102/analysis/recNames=Block012,Animal=PV_106/lizMov.mat",True,False,2,0,33.300000000046566,2
PV_106,012,PV_106_block_012,PV_106_012_944789_L,944789.15,944939.0,11.115172035424923,322.4163321827964,L,binocular,2,"/Volumes/Data-1/Nimrod/experiments/PV_106/2025_08_06/block_012/oe_files/PV106_ET_d3t5_2025-08-06_13-21-30/Record Node 102/analysis/recNames=Block012,Animal=PV_106/lizMov.mat",True,False,2,0,49.949999999953434,2
PV_106,012,PV_106_block_012,PV_106_012_945106_L,945105.5,945222.05,20.658174009566725,267.3138307404906,L,binocular,2,"/Volumes/Data-1/Nimrod/experiments/PV_106/2025_08_06/block_012/oe_files/PV106_ET_d3t5_2025-08-06_13-21-30/Record Node 102/analysis/recNames=Block012,Animal=PV_106/lizMov.mat",True,True,6,3,33.300000000046566,2
PV_106,012,PV_106_block_012,PV_106_012_945255_L,945255.35,945305.3,7.411171594818196,280.7744640835234,L,binocular,2,"/Volumes/Data-1/Nimrod/experiments/PV_106/2025_08_06/block_012/oe_files/PV106_ET_d3t5_2025-08-06_13-21-30/Record Node 102/analysis/recNames=Block012,Animal=PV_106/lizMov.mat",True,True,3,1,49.95000000006985,2
PV_106,012,PV_106_block_012,PV_106_012_945305_L,945305.3,945405.2,17.096457147260736,278.28999007151356,L,binocular,2,"/Volumes/Data-1/Nimrod/experiments/PV_106/2025_08_06/block_012/oe_files/PV106_ET_d3t5_2025-08-06_13-21-30/Record Node 102/analysis/recNames=Block012,Animal=PV_106/lizMov.mat",True,True,3,1,83.25,2
PV_106,012,PV_106_block_012,PV_106_012_946321_L,946320.95,946387.55,9.162427975111905,86.73760585905003,L,binocular,2,"/Volumes/Data-1/Nimrod/experiments/PV_106/2025_08_06/block_012/oe_files/PV106_ET_d3t5_2025-08-06_13-21-30/Record Node 102/analysis/recNames=Block012,Animal=PV_106/lizMov.mat",True,False,1,0,83.25,2
PV_106,012,PV_106_block_012,PV_106_012_946787_L,946787.15,946853.75,11.148613047717907,129.36524998832317,L,binocular,2,"/Volumes/Data-1/Nimrod/experiments/PV_106/2025_08_06/block_012/oe_files/PV106_ET_d3t5_2025-08-06_13-21-30/Record Node 102/analysis/recNames=Block012,Animal=PV_106/lizMov.mat",True,False,3,0,66.59999999997672,2
PV_106,012,PV_106_block_012,PV_106_012_948186_R,948185.75,948302.3,13.52388952261232,156.91266919316172,R,binocular,2,"/Volumes/Data-1/Nimrod/experiments/PV_106/2025_08_06/block_012/oe_files/PV106_ET_d3t5_2025-08-06_13-21-30/Record Node 102/analysis/recNames=Block012,Animal=PV_106/lizMov.mat",True,False,2,0,149.84999999997672,2
PV_106,012,PV_106_block_012,PV_106_012_948336_R,948335.6,948452.15,10.259111171081797,346.39056003675364,R,binocular,2,"/Volumes/Data-1/Nimrod/experiments/PV_106/2025_08_06/block_012/oe_files/PV106_ET_d3t5_2025-08-06_13-21-30/Record Node 102/analysis/recNames=Block012,Animal=PV_106/lizMov.mat",True,False,1,0,149.84999999997672,2
PV_106,012,PV_106_block_012,PV_106_012_950866_L,950866.4,950949.65,11.03213722685947,80.26690983836328,L,binocular,2,"/Volumes/Data-1/Nimrod/experiments/PV_106/2025_08_06/block_012/oe_files/PV106_ET_d3t5_2025-08-06_13-21-30/Record Node 102/analysis/recNames=Block012,Animal=PV_106/lizMov.mat",True,False,0,0,,2
PV_106,012,PV_106_block_012,PV_106_012_975991_R,975991.25,976057.85,9.668264902024784,123.51621471986671,R,binocular,2,"/Volumes/Data-1/Nimrod/experiments/PV_106/2025_08_06/block_012/oe_files/PV106_ET_d3t5_2025-08-06_13-21-30/Record Node 102/analysis/recNames=Block012,Animal=PV_106/lizMov.mat",True,False,0,0,,2
PV_106,012,PV_106_block_012,PV_106_012_978306_R,978305.6,978405.5,14.659843439410775,43.50566796664121,R,binocular,2,"/Volumes/Data-1/Nimrod/experiments/PV_106/2025_08_06/block_012/oe_files/PV106_ET_d3t5_2025-08-06_13-21-30/Record Node 102/analysis/recNames=Block012,Animal=PV_106/lizMov.mat",True,True,5,2,16.650000000023283,2
PV_106,012,PV_106_block_012,PV_106_012_978555_L,978555.35,978738.5,17.52184592378592,95.52886640151877,L,binocular,2,"/Volumes/Data-1/Nimrod/experiments/PV_106/2025_08_06/block_012/oe_files/PV106_ET_d3t5_2025-08-06_13-21-30/Record Node 102/analysis/recNames=Block012,Animal=PV_106/lizMov.mat",True,False,0,0,,2
PV_106,012,PV_106_block_012,PV_106_012_979371_L,979371.2,979487.75,13.315997915942354,273.1322779042721,L,binocular,2,"/Volumes/Data-1/Nimrod/experiments/PV_106/2025_08_06/block_012/oe_files/PV106_ET_d3t5_2025-08-06_13-21-30/Record Node 102/analysis/recNames=Block012,Animal=PV_106/lizMov.mat",True,False,0,0,,2
PV_106,012,PV_106_block_012,PV_106_012_980437_L,980436.8,980503.4,7.804712196369472,319.03685576935385,L,binocular,2,"/Volumes/Data-1/Nimrod/experiments/PV_106/2025_08_06/block_012/oe_files/PV106_ET_d3t5_2025-08-06_13-21-30/Record Node 102/analysis/recNames=Block012,Animal=PV_106/lizMov.mat",True,True,5,3,49.949999999953434,2
PV_106,012,PV_106_block_012,PV_106_012_980836_R,980836.4,980952.95,8.14496438266702,234.7292168502667,R,binocular,2,"/Volumes/Data-1/Nimrod/experiments/PV_106/2025_08_06/block_012/oe_files/PV106_ET_d3t5_2025-08-06_13-21-30/Record Node 102/analysis/recNames=Block012,Animal=PV_106/lizMov.mat",True,False,1,0,149.84999999997672,2
PV_106,012,PV_106_block_012,PV_106_012_981569_L,981569.0,981702.2,8.491070698542705,97.1972233794954,L,binocular,2,"/Volumes/Data-1/Nimrod/experiments/PV_106/2025_08_06/block_012/oe_files/PV106_ET_d3t5_2025-08-06_13-21-30/Record Node 102/analysis/recNames=Block012,Animal=PV_106/lizMov.mat",True,False,1,0,116.55000000004657,2
PV_106,012,PV_106_block_012,PV_106_012_981785_L,981785.45,981885.35,8.414111535153959,101.15906602155346,L,binocular,2,"/Volumes/Data-1/Nimrod/experiments/PV_106/2025_08_06/block_012/oe_files/PV106_ET_d3t5_2025-08-06_13-21-30/Record Node 102/analysis/recNames=Block012,Animal=PV_106/lizMov.mat",True,False,2,0,99.90000000002328,2
PV_106,012,PV_106_block_012,PV_106_012_981969_L,981968.6,982035.2,12.380444978737195,158.88136008328894,L,binocular,2,"/Volumes/Data-1/Nimrod/experiments/PV_106/2025_08_06/block_012/oe_files/PV106_ET_d3t5_2025-08-06_13-21-30/Record Node 102/analysis/recNames=Block012,Animal=PV_106/lizMov.mat",True,False,1,0,66.59999999997672,2
PV_106,012,PV_106_block_012,PV_106_012_984066_L,984066.5,984199.7,12.802859442519724,308.7577091550162,L,binocular,2,"/Volumes/Data-1/Nimrod/experiments/PV_106/2025_08_06/block_012/oe_files/PV106_ET_d3t5_2025-08-06_13-21-30/Record Node 102/analysis/recNames=Block012,Animal=PV_106/lizMov.mat",True,False,1,0,16.650000000023283,2
PV_106,012,PV_106_block_012,PV_106_012_984566_L,984566.0,984649.25,11.057492343570651,293.3081664347609,L,binocular,2,"/Volumes/Data-1/Nimrod/experiments/PV_106/2025_08_06/block_012/oe_files/PV106_ET_d3t5_2025-08-06_13-21-30/Record Node 102/analysis/recNames=Block012,Animal=PV_106/lizMov.mat",True,False,0,0,,2
PV_106,012,PV_106_block_012,PV_106_012_986681_L,986680.55,986747.15,10.534698110872478,142.81147787663207,L,binocular,2,"/Volumes/Data-1/Nimrod/experiments/PV_106/2025_08_06/block_012/oe_files/PV106_ET_d3t5_2025-08-06_13-21-30/Record Node 102/analysis/recNames=Block012,Animal=PV_106/lizMov.mat",True,False,1,0,66.59999999997672,2
PV_106,012,PV_106_block_012,PV_106_012_988479_L,988478.75,988578.65,12.537072750991928,35.50700383164939,L,binocular,2,"/Volumes/Data-1/Nimrod/experiments/PV_106/2025_08_06/block_012/oe_files/PV106_ET_d3t5_2025-08-06_13-21-30/Record Node 102/analysis/recNames=Block012,Animal=PV_106/lizMov.mat",True,False,0,0,,2
PV_106,012,PV_106_block_012,PV_106_012_990227_L,990227.0,990343.55,34.327300766917425,279.1273188972828,L,binocular,2,"/Volumes/Data-1/Nimrod/experiments/PV_106/2025_08_06/block_012/oe_files/PV106_ET_d3t5_2025-08-06_13-21-30/Record Node 102/analysis/recNames=Block012,Animal=PV_106/lizMov.mat",True,False,1,0,66.59999999997672,2
PV_106,012,PV_106_block_012,PV_106_012_1034166_L,1034166.35,1034282.9,10.549150811527982,327.3657812838105,L,binocular,2,"/Volumes/Data-1/Nimrod/experiments/PV_106/2025_08_06/block_012/oe_files/PV106_ET_d3t5_2025-08-06_13-21-30/Record Node 102/analysis/recNames=Block012,Animal=PV_106/lizMov.mat",True,False,0,0,,2
PV_106,012,PV_106_block_012,PV_106_012_1035165_L,1035165.35,1035281.9,19.727073242030258,124.61229029156154,L,binocular,2,"/Volumes/Data-1/Nimrod/experiments/PV_106/2025_08_06/block_012/oe_files/PV106_ET_d3t5_2025-08-06_13-21-30/Record Node 102/analysis/recNames=Block012,Animal=PV_106/lizMov.mat",True,True,3,2,99.90000000002328,2
PV_106,012,PV_106_block_012,PV_106_012_1037546_L,1037546.3,1037596.25,9.568475373287137,145.26488234862887,L,binocular,2,"/Volumes/Data-1/Nimrod/experiments/PV_106/2025_08_06/block_012/oe_files/PV106_ET_d3t5_2025-08-06_13-21-30/Record Node 102/analysis/recNames=Block012,Animal=PV_106/lizMov.mat",True,False,2,0,66.59999999997672,2
PV_106,012,PV_106_block_012,PV_106_012_1037613_L,1037612.9,1037712.8,7.667886267624452,318.0858593460479,L,binocular,2,"/Volumes/Data-1/Nimrod/experiments/PV_106/2025_08_06/block_012/oe_files/PV106_ET_d3t5_2025-08-06_13-21-30/Record Node 102/analysis/recNames=Block012,Animal=PV_106/lizMov.mat",True,False,1,0,133.19999999995343,2
PV_106,012,PV_106_block_012,PV_106_012_1037746_L,1037746.1,1037779.4,9.808549371660868,141.56017346827173,L,binocular,2,"/Volumes/Data-1/Nimrod/experiments/PV_106/2025_08_06/block_012/oe_files/PV106_ET_d3t5_2025-08-06_13-21-30/Record Node 102/analysis/recNames=Block012,Animal=PV_106/lizMov.mat",True,True,3,1,33.300000000046566,2
PV_106,012,PV_106_block_012,PV_106_012_1039344_L,1039344.5,1039411.1,9.76050048682029,144.94720008510154,L,binocular,2,"/Volumes/Data-1/Nimrod/experiments/PV_106/2025_08_06/block_012/oe_files/PV106_ET_d3t5_2025-08-06_13-21-30/Record Node 102/analysis/recNames=Block012,Animal=PV_106/lizMov.mat",True,False,1,0,66.59999999997672,2
PV_106,012,PV_106_block_012,PV_106_012_1039411_L,1039411.1,1039544.3,9.853652492292396,325.95048008181845,L,binocular,2,"/Volumes/Data-1/Nimrod/experiments/PV_106/2025_08_06/block_012/oe_files/PV106_ET_d3t5_2025-08-06_13-21-30/Record Node 102/analysis/recNames=Block012,Animal=PV_106/lizMov.mat",True,False,1,0,149.84999999997672,2
PV_106,012,PV_106_block_012,PV_106_012_1043124_R,1043124.05,1043174.0,12.469736670543659,208.19590434784587,R,binocular,2,"/Volumes/Data-1/Nimrod/experiments/PV_106/2025_08_06/block_012/oe_files/PV106_ET_d3t5_2025-08-06_13-21-30/Record Node 102/analysis/recNames=Block012,Animal=PV_106/lizMov.mat",True,False,1,0,49.949999999953434,2
PV_106,012,PV_106_block_012,PV_106_012_1081519_R,1081518.95,1081635.5,7.805828710125787,238.65731982438214,R,binocular,2,"/Volumes/Data-1/Nimrod/experiments/PV_106/2025_08_06/block_012/oe_files/PV106_ET_d3t5_2025-08-06_13-21-30/Record Node 102/analysis/recNames=Block012,Animal=PV_106/lizMov.mat",True,False,0,0,,2
PV_106,012,PV_106_block_012,PV_106_012_1104679_L,1104679.1,1104745.7,8.565040292711844,106.33576570888626,L,binocular,2,"/Volumes/Data-1/Nimrod/experiments/PV_106/2025_08_06/block_012/oe_files/PV106_ET_d3t5_2025-08-06_13-21-30/Record Node 102/analysis/recNames=Block012,Animal=PV_106/lizMov.mat",True,False,1,0,99.89999999990687,2
PV_106,012,PV_106_block_012,PV_106_012_1104779_L,1104779.0,1104878.9,8.619775153974537,300.1503940823395,L,binocular,2,"/Volumes/Data-1/Nimrod/experiments/PV_106/2025_08_06/block_012/oe_files/PV106_ET_d3t5_2025-08-06_13-21-30/Record Node 102/analysis/recNames=Block012,Animal=PV_106/lizMov.mat",True,False,0,0,,2
PV_106,012,PV_106_block_012,PV_106_012_1106511_R,1106510.6,1106593.85,11.727539923707463,348.01192312732655,R,binocular,2,"/Volumes/Data-1/Nimrod/experiments/PV_106/2025_08_06/block_012/oe_files/PV106_ET_d3t5_2025-08-06_13-21-30/Record Node 102/analysis/recNames=Block012,Animal=PV_106/lizMov.mat",True,False,1,0,66.5999999998603,2
PV_106,012,PV_106_block_012,PV_106_012_1107809_L,1107809.3,1107942.5,21.371114210524503,153.8515812972642,L,binocular,2,"/Volumes/Data-1/Nimrod/experiments/PV_106/2025_08_06/block_012/oe_files/PV106_ET_d3t5_2025-08-06_13-21-30/Record Node 102/analysis/recNames=Block012,Animal=PV_106/lizMov.mat",True,False,1,0,49.949999999953434,2
PV_106,012,PV_106_block_012,PV_106_012_1278838_L,1278838.1,1278971.3,9.27298461065632,170.12136815278035,L,binocular,2,"/Volumes/Data-1/Nimrod/experiments/PV_106/2025_08_06/block_012/oe_files/PV106_ET_d3t5_2025-08-06_13-21-30/Record Node 102/analysis/recNames=Block012,Animal=PV_106/lizMov.mat",True,False,1,0,66.5999999998603,2
PV_106,012,PV_106_block_012,PV_106_012_1279088_L,1279087.85,1279154.45,8.266374190627774,160.98559260972542,L,binocular,2,"/Volumes/Data-1/Nimrod/experiments/PV_106/2025_08_06/block_012/oe_files/PV106_ET_d3t5_2025-08-06_13-21-30/Record Node 102/analysis/recNames=Block012,Animal=PV_106/lizMov.mat",True,False,3,0,49.949999999953434,2
PV_106,012,PV_106_block_012,PV_106_012_1592474_L,1592474.15,1592557.4,18.049468174539758,347.94444105528225,L,binocular,2,"/Volumes/Data-1/Nimrod/experiments/PV_106/2025_08_06/block_012/oe_files/PV106_ET_d3t5_2025-08-06_13-21-30/Record Node 102/analysis/recNames=Block012,Animal=PV_106/lizMov.mat",True,False,0,0,,2
PV_106,012,PV_106_block_012,PV_106_012_1593057_L,1593056.9,1593140.15,8.607982804661493,148.28758711122626,L,binocular,2,"/Volumes/Data-1/Nimrod/experiments/PV_106/2025_08_06/block_012/oe_files/PV106_ET_d3t5_2025-08-06_13-21-30/Record Node 102/analysis/recNames=Block012,Animal=PV_106/lizMov.mat",True,True,3,1,33.300000000046566,2
PV_106,012,PV_106_block_012,PV_106_012_1593173_L,1593173.45,1593339.95,13.89473363968518,154.17945005741356,L,binocular,2,"/Volumes/Data-1/Nimrod/experiments/PV_106/2025_08_06/block_012/oe_files/PV106_ET_d3t5_2025-08-06_13-21-30/Record Node 102/analysis/recNames=Block012,Animal=PV_106/lizMov.mat",True,False,0,0,,2
PV_106,012,PV_106_block_012,PV_106_012_1593423_L,1593423.2,1593473.15,7.792607977541221,347.7176933775708,L,binocular,2,"/Volumes/Data-1/Nimrod/experiments/PV_106/2025_08_06/block_012/oe_files/PV106_ET_d3t5_2025-08-06_13-21-30/Record Node 102/analysis/recNames=Block012,Animal=PV_106/lizMov.mat",True,False,1,0,33.300000000046566,2
PV_106,012,PV_106_block_012,PV_106_012_1596021_R,1596020.6,1596103.85,35.72496166567935,127.16806962824094,R,binocular,2,"/Volumes/Data-1/Nimrod/experiments/PV_106/2025_08_06/block_012/oe_files/PV106_ET_d3t5_2025-08-06_13-21-30/Record Node 102/analysis/recNames=Block012,Animal=PV_106/lizMov.mat",True,True,2,1,83.25,2
PV_106,012,PV_106_block_012,PV_106_012_1603330_L,1603329.95,1603429.85,16.697140880341813,196.02443207456176,L,binocular,2,"/Volumes/Data-1/Nimrod/experiments/PV_106/2025_08_06/block_012/oe_files/PV106_ET_d3t5_2025-08-06_13-21-30/Record Node 102/analysis/recNames=Block012,Animal=PV_106/lizMov.mat",True,False,2,0,99.9000000001397,2
PV_106,012,PV_106_block_012,PV_106_012_1603430_R,1603429.85,1603579.7,10.08923635115692,358.9783375961894,R,binocular,2,"/Volumes/Data-1/Nimrod/experiments/PV_106/2025_08_06/block_012/oe_files/PV106_ET_d3t5_2025-08-06_13-21-30/Record Node 102/analysis/recNames=Block012,Animal=PV_106/lizMov.mat",True,False,0,0,,2
PV_106,012,PV_106_block_012,PV_106_012_1772511_R,1772510.6,1772593.85,8.553749000629969,5.8783416608498955,R,binocular,2,"/Volumes/Data-1/Nimrod/experiments/PV_106/2025_08_06/block_012/oe_files/PV106_ET_d3t5_2025-08-06_13-21-30/Record Node 102/analysis/recNames=Block012,Animal=PV_106/lizMov.mat",True,False,2,0,83.25,2
PV_106,012,PV_106_block_012,PV_106_012_1772594_L,1772593.85,1772710.4,12.53882587097934,144.58758427312873,L,binocular,2,"/Volumes/Data-1/Nimrod/experiments/PV_106/2025_08_06/block_012/oe_files/PV106_ET_d3t5_2025-08-06_13-21-30/Record Node 102/analysis/recNames=Block012,Animal=PV_106/lizMov.mat",True,True,4,2,33.299999999813735,2
PV_106,012,PV_106_block_012,PV_106_012_1772710_L,1772710.4,1772743.7,8.581934656537632,346.9608417994984,L,binocular,2,"/Volumes/Data-1/Nimrod/experiments/PV_106/2025_08_06/block_012/oe_files/PV106_ET_d3t5_2025-08-06_13-21-30/Record Node 102/analysis/recNames=Block012,Animal=PV_106/lizMov.mat",True,True,3,1,33.300000000046566,2
PV_106,012,PV_106_block_012,PV_106_012_1772777_L,1772777.0,1772876.9,7.591448022492043,161.59251047578607,L,binocular,2,"/Volumes/Data-1/Nimrod/experiments/PV_106/2025_08_06/block_012/oe_files/PV106_ET_d3t5_2025-08-06_13-21-30/Record Node 102/analysis/recNames=Block012,Animal=PV_106/lizMov.mat",True,False,0,0,,2
PV_106,012,PV_106_block_012,PV_106_012_1774276_L,1774275.5,1774425.35,32.16791782854742,337.7220525363932,L,binocular,2,"/Volumes/Data-1/Nimrod/experiments/PV_106/2025_08_06/block_012/oe_files/PV106_ET_d3t5_2025-08-06_13-21-30/Record Node 102/analysis/recNames=Block012,Animal=PV_106/lizMov.mat",True,True,3,1,83.25,2
PV_106,012,PV_106_block_012,PV_106_012_1775874_R,1775873.9,1776107.0,13.582395693738306,49.12504621641363,R,binocular,2,"/Volumes/Data-1/Nimrod/experiments/PV_106/2025_08_06/block_012/oe_files/PV106_ET_d3t5_2025-08-06_13-21-30/Record Node 102/analysis/recNames=Block012,Animal=PV_106/lizMov.mat",True,True,2,1,133.20000000018626,2
PV_106,012,PV_106_block_012,PV_106_012_1778754_L,1778754.35,1778837.6,18.141856469938528,316.1344120226856,L,binocular,2,"/Volumes/Data-1/Nimrod/experiments/PV_106/2025_08_06/block_012/oe_files/PV106_ET_d3t5_2025-08-06_13-21-30/Record Node 102/analysis/recNames=Block012,Animal=PV_106/lizMov.mat",True,True,2,1,49.949999999953434,2
PV_106,012,PV_106_block_012,PV_106_012_1778804_L,1778804.3,1778887.55,13.082123713923933,142.58449548676228,L,binocular,2,"/Volumes/Data-1/Nimrod/experiments/PV_106/2025_08_06/block_012/oe_files/PV106_ET_d3t5_2025-08-06_13-21-30/Record Node 102/analysis/recNames=Block012,Animal=PV_106/lizMov.mat",True,False,0,0,,2
PV_106,012,PV_106_block_012,PV_106_012_1780486_R,1780485.95,1780585.85,10.620432093599316,303.0210066805972,R,binocular,2,"/Volumes/Data-1/Nimrod/experiments/PV_106/2025_08_06/block_012/oe_files/PV106_ET_d3t5_2025-08-06_13-21-30/Record Node 102/analysis/recNames=Block012,Animal=PV_106/lizMov.mat",True,True,7,4,33.300000000046566,2
PV_106,012,PV_106_block_012,PV_106_012_1780569_R,1780569.2,1780635.8,14.105093538888903,118.03439570332434,R,binocular,2,"/Volumes/Data-1/Nimrod/experiments/PV_106/2025_08_06/block_012/oe_files/PV106_ET_d3t5_2025-08-06_13-21-30/Record Node 102/analysis/recNames=Block012,Animal=PV_106/lizMov.mat",True,True,5,1,16.6500000001397,2
PV_106,012,PV_106_block_012,PV_106_012_1780669_L,1780669.1,1780735.7,14.891952913846424,53.52983088554769,L,binocular,2,"/Volumes/Data-1/Nimrod/experiments/PV_106/2025_08_06/block_012/oe_files/PV106_ET_d3t5_2025-08-06_13-21-30/Record Node 102/analysis/recNames=Block012,Animal=PV_106/lizMov.mat",True,True,4,1,33.299999999813735,2
PV_106,012,PV_106_block_012,PV_106_012_1781418_R,1781418.35,1781584.85,7.982227635520736,189.68486479708147,R,binocular,2,"/Volumes/Data-1/Nimrod/experiments/PV_106/2025_08_06/block_012/oe_files/PV106_ET_d3t5_2025-08-06_13-21-30/Record Node 102/analysis/recNames=Block012,Animal=PV_106/lizMov.mat",True,False,1,0,99.89999999990687,2
PV_106,012,PV_106_block_012,PV_106_012_1781685_L,1781684.75,1781718.05,10.094059947739487,82.6378664439864,L,binocular,2,"/Volumes/Data-1/Nimrod/experiments/PV_106/2025_08_06/block_012/oe_files/PV106_ET_d3t5_2025-08-06_13-21-30/Record Node 102/analysis/recNames=Block012,Animal=PV_106/lizMov.mat",True,True,2,1,33.300000000046566,2
PV_106,012,PV_106_block_012,PV_106_012_1788128_L,1788128.3,1788194.9,15.318906147153479,337.3519208843943,L,binocular,2,"/Volumes/Data-1/Nimrod/experiments/PV_106/2025_08_06/block_012/oe_files/PV106_ET_d3t5_2025-08-06_13-21-30/Record Node 102/analysis/recNames=Block012,Animal=PV_106/lizMov.mat",True,True,3,1,66.5999999998603,2
PV_106,012,PV_106_block_012,PV_106_012_1790576_R,1790575.85,1790675.75,12.49168411538945,204.27723988411674,R,binocular,2,"/Volumes/Data-1/Nimrod/experiments/PV_106/2025_08_06/block_012/oe_files/PV106_ET_d3t5_2025-08-06_13-21-30/Record Node 102/analysis/recNames=Block012,Animal=PV_106/lizMov.mat",True,False,0,0,,2
PV_106,012,PV_106_block_012,PV_106_012_1796004_R,1796003.75,1796037.05,14.827996782013152,218.58583871103878,R,binocular,2,"/Volumes/Data-1/Nimrod/experiments/PV_106/2025_08_06/block_012/oe_files/PV106_ET_d3t5_2025-08-06_13-21-30/Record Node 102/analysis/recNames=Block012,Animal=PV_106/lizMov.mat",True,True,2,1,33.300000000046566,2
PV_106,012,PV_106_block_012,PV_106_012_71247_L,71246.9,71296.85,16.41110474515648,334.3707748573943,L,monocular,1,"/Volumes/Data-1/Nimrod/experiments/PV_106/2025_08_06/block_012/oe_files/PV106_ET_d3t5_2025-08-06_13-21-30/Record Node 102/analysis/recNames=Block012,Animal=PV_106/lizMov.mat",True,True,3,1,49.95000000001164,1
PV_106,012,PV_106_block_012,PV_106_012_71363_L,71363.45,71446.7,16.524557962921463,137.96412878263052,L,monocular,1,"/Volumes/Data-1/Nimrod/experiments/PV_106/2025_08_06/block_012/oe_files/PV106_ET_d3t5_2025-08-06_13-21-30/Record Node 102/analysis/recNames=Block012,Animal=PV_106/lizMov.mat",True,False,0,0,,1
PV_106,012,PV_106_block_012,PV_106_012_160674_L,160674.05,160740.65,8.674955012733374,332.61488463632224,L,monocular,1,"/Volumes/Data-1/Nimrod/experiments/PV_106/2025_08_06/block_012/oe_files/PV106_ET_d3t5_2025-08-06_13-21-30/Record Node 102/analysis/recNames=Block012,Animal=PV_106/lizMov.mat",True,True,3,1,33.30000000001746,1
PV_106,012,PV_106_block_012,PV_106_012_165336_L,165336.05,165369.35,14.406881456048756,327.6441370992214,L,monocular,1,"/Volumes/Data-1/Nimrod/experiments/PV_106/2025_08_06/block_012/oe_files/PV106_ET_d3t5_2025-08-06_13-21-30/Record Node 102/analysis/recNames=Block012,Animal=PV_106/lizMov.mat",True,False,1,0,33.30000000001746,1
PV_106,012,PV_106_block_012,PV_106_012_165369_L,165369.35,165435.95,13.854402129079897,134.51666448763802,L,monocular,1,"/Volumes/Data-1/Nimrod/experiments/PV_106/2025_08_06/block_012/oe_files/PV106_ET_d3t5_2025-08-06_13-21-30/Record Node 102/analysis/recNames=Block012,Animal=PV_106/lizMov.mat",True,False,1,0,133.19999999998254,1
PV_106,012,PV_106_block_012,PV_106_012_205379_L,205379.3,205429.25,13.288747297736686,322.7497143681353,L,monocular,1,"/Volumes/Data-1/Nimrod/experiments/PV_106/2025_08_06/block_012/oe_files/PV106_ET_d3t5_2025-08-06_13-21-30/Record Node 102/analysis/recNames=Block012,Animal=PV_106/lizMov.mat",True,False,0,0,49.95000000001164,1
PV_106,012,PV_106_block_012,PV_106_012_363354_L,363354.5,363421.1,11.390729494197359,80.96338205501894,L,monocular,1,"/Volumes/Data-1/Nimrod/experiments/PV_106/2025_08_06/block_012/oe_files/PV106_ET_d3t5_2025-08-06_13-21-30/Record Node 102/analysis/recNames=Block012,Animal=PV_106/lizMov.mat",True,False,0,0,,1
PV_106,012,PV_106_block_012,PV_106_012_691726_L,691725.8,691825.7,25.17369666263159,42.14355626751407,L,monocular,1,"/Volumes/Data-1/Nimrod/experiments/PV_106/2025_08_06/block_012/oe_files/PV106_ET_d3t5_2025-08-06_13-21-30/Record Node 102/analysis/recNames=Block012,Animal=PV_106/lizMov.mat",True,False,1,0,133.19999999995343,1
PV_106,012,PV_106_block_012,PV_106_012_699485_L,699484.7,699601.25,12.66419396440313,275.8811908064598,L,monocular,1,"/Volumes/Data-1/Nimrod/experiments/PV_106/2025_08_06/block_012/oe_files/PV106_ET_d3t5_2025-08-06_13-21-30/Record Node 102/analysis/recNames=Block012,Animal=PV_106/lizMov.mat",True,False,1,0,49.95000000006985,1
PV_106,012,PV_106_block_012,PV_106_012_730470_L,730470.35,730586.9,7.816225312864882,144.6332879941513,L,monocular,1,"/Volumes/Data-1/Nimrod/experiments/PV_106/2025_08_06/block_012/oe_files/PV106_ET_d3t5_2025-08-06_13-21-30/Record Node 102/analysis/recNames=Block012,Animal=PV_106/lizMov.mat",True,False,2,0,33.300000000046566,1
PV_106,012,PV_106_block_012,PV_106_012_871030_L,871029.65,871046.3,8.387692624757973,128.26774813151584,L,monocular,1,"/Volumes/Data-1/Nimrod/experiments/PV_106/2025_08_06/block_012/oe_files/PV106_ET_d3t5_2025-08-06_13-21-30/Record Node 102/analysis/recNames=Block012,Animal=PV_106/lizMov.mat",True,False,0,0,16.650000000023283,1
PV_106,012,PV_106_block_012,PV_106_012_880520_L,880520.15,880653.35,9.839702773710938,176.84705326539796,L,monocular,1,"/Volumes/Data-1/Nimrod/experiments/PV_106/2025_08_06/block_012/oe_files/PV106_ET_d3t5_2025-08-06_13-21-30/Record Node 102/analysis/recNames=Block012,Animal=PV_106/lizMov.mat",True,False,1,0,66.59999999997672,1
PV_106,012,PV_106_block_012,PV_106_012_940061_L,940060.55,940127.15,9.784614189509202,340.4237540782883,L,monocular,1,"/Volumes/Data-1/Nimrod/experiments/PV_106/2025_08_06/block_012/oe_files/PV106_ET_d3t5_2025-08-06_13-21-30/Record Node 102/analysis/recNames=Block012,Animal=PV_106/lizMov.mat",True,False,1,0,66.59999999997672,1
PV_106,012,PV_106_block_012,PV_106_012_945572_L,945571.7,945671.6,15.46465792485494,85.5198117896357,L,monocular,1,"/Volumes/Data-1/Nimrod/experiments/PV_106/2025_08_06/block_012/oe_files/PV106_ET_d3t5_2025-08-06_13-21-30/Record Node 102/analysis/recNames=Block012,Animal=PV_106/lizMov.mat",True,False,1,0,33.300000000046566,1
PV_106,012,PV_106_block_012,PV_106_012_975259_L,975258.65,975275.3,7.355552489760167,275.40582874616234,L,monocular,1,"/Volumes/Data-1/Nimrod/experiments/PV_106/2025_08_06/block_012/oe_files/PV106_ET_d3t5_2025-08-06_13-21-30/Record Node 102/analysis/recNames=Block012,Animal=PV_106/lizMov.mat",True,False,1,0,16.650000000023283,1
PV_106,012,PV_106_block_012,PV_106_012_975275_L,975275.3,975291.95,11.157304601826834,97.83622601433542,L,monocular,1,"/Volumes/Data-1/Nimrod/experiments/PV_106/2025_08_06/block_012/oe_files/PV106_ET_d3t5_2025-08-06_13-21-30/Record Node 102/analysis/recNames=Block012,Animal=PV_106/lizMov.mat",True,False,1,0,16.649999999906868,1
PV_106,012,PV_106_block_012,PV_106_012_975608_L,975608.3,975808.1,20.920595405034643,77.18197810947247,L,monocular,1,"/Volumes/Data-1/Nimrod/experiments/PV_106/2025_08_06/block_012/oe_files/PV106_ET_d3t5_2025-08-06_13-21-30/Record Node 102/analysis/recNames=Block012,Animal=PV_106/lizMov.mat",True,False,1,0,116.54999999993015,1
PV_106,012,PV_106_block_012,PV_106_012_980587_L,980586.65,980669.9,10.99714818879849,118.8315776457825,L,monocular,1,"/Volumes/Data-1/Nimrod/experiments/PV_106/2025_08_06/block_012/oe_files/PV106_ET_d3t5_2025-08-06_13-21-30/Record Node 102/analysis/recNames=Block012,Animal=PV_106/lizMov.mat",True,False,1,0,16.650000000023283,1
PV_106,012,PV_106_block_012,PV_106_012_983783_L,983783.45,983866.7,8.790320046168013,269.3921907195086,L,monocular,1,"/Volumes/Data-1/Nimrod/experiments/PV_106/2025_08_06/block_012/oe_files/PV106_ET_d3t5_2025-08-06_13-21-30/Record Node 102/analysis/recNames=Block012,Animal=PV_106/lizMov.mat",True,False,0,0,,1
PV_106,012,PV_106_block_012,PV_106_012_985948_L,985947.95,985997.9,21.872876527269344,290.67781205221263,L,monocular,1,"/Volumes/Data-1/Nimrod/experiments/PV_106/2025_08_06/block_012/oe_files/PV106_ET_d3t5_2025-08-06_13-21-30/Record Node 102/analysis/recNames=Block012,Animal=PV_106/lizMov.mat",True,True,3,2,49.95000000006985,1
PV_106,012,PV_106_block_012,PV_106_012_986031_L,986031.2,986097.8,10.841793526573243,84.18654451360962,L,monocular,1,"/Volumes/Data-1/Nimrod/experiments/PV_106/2025_08_06/block_012/oe_files/PV106_ET_d3t5_2025-08-06_13-21-30/Record Node 102/analysis/recNames=Block012,Animal=PV_106/lizMov.mat",True,False,1,0,99.90000000002328,1
PV_106,012,PV_106_block_012,PV_106_012_992142_L,992141.75,992225.0,28.719481341954282,81.23052460900833,L,monocular,1,"/Volumes/Data-1/Nimrod/experiments/PV_106/2025_08_06/block_012/oe_files/PV106_ET_d3t5_2025-08-06_13-21-30/Record Node 102/analysis/recNames=Block012,Animal=PV_106/lizMov.mat",True,True,2,1,116.55000000004657,1
PV_106,012,PV_106_block_012,PV_106_012_992258_L,992258.3,992274.95,11.437044578662448,300.59699495124124,L,monocular,1,"/Volumes/Data-1/Nimrod/experiments/PV_106/2025_08_06/block_012/oe_files/PV106_ET_d3t5_2025-08-06_13-21-30/Record Node 102/analysis/recNames=Block012,Animal=PV_106/lizMov.mat",True,False,1,0,16.649999999906868,1
PV_106,012,PV_106_block_012,PV_106_012_992275_L,992274.95,992291.6,10.655872639567937,125.0776417831726,L,monocular,1,"/Volumes/Data-1/Nimrod/experiments/PV_106/2025_08_06/block_012/oe_files/PV106_ET_d3t5_2025-08-06_13-21-30/Record Node 102/analysis/recNames=Block012,Animal=PV_106/lizMov.mat",True,False,0,0,,1
PV_106,012,PV_106_block_012,PV_106_012_1104363_L,1104362.75,1104579.2,17.304910326586633,259.77167288868515,L,monocular,1,"/Volumes/Data-1/Nimrod/experiments/PV_106/2025_08_06/block_012/oe_files/PV106_ET_d3t5_2025-08-06_13-21-30/Record Node 102/analysis/recNames=Block012,Animal=PV_106/lizMov.mat",True,False,0,0,,1
PV_106,012,PV_106_block_012,PV_106_012_1106860_L,1106860.25,1106960.15,7.67104829894014,283.1255017786161,L,monocular,1,"/Volumes/Data-1/Nimrod/experiments/PV_106/2025_08_06/block_012/oe_files/PV106_ET_d3t5_2025-08-06_13-21-30/Record Node 102/analysis/recNames=Block012,Animal=PV_106/lizMov.mat",True,False,1,0,49.949999999953434,1
PV_106,012,PV_106_block_012,PV_106_012_1106977_L,1106976.8,1107093.35,10.574693019448313,138.93079106417002,L,monocular,1,"/Volumes/Data-1/Nimrod/experiments/PV_106/2025_08_06/block_012/oe_files/PV106_ET_d3t5_2025-08-06_13-21-30/Record Node 102/analysis/recNames=Block012,Animal=PV_106/lizMov.mat",True,False,0,0,,1
PV_106,012,PV_106_block_012,PV_106_012_1107859_L,1107859.25,1107942.5,11.07733804117989,30.556574107139983,L,monocular,1,"/Volumes/Data-1/Nimrod/experiments/PV_106/2025_08_06/block_012/oe_files/PV106_ET_d3t5_2025-08-06_13-21-30/Record Node 102/analysis/recNames=Block012,Animal=PV_106/lizMov.mat",True,False,1,0,116.55000000004657,1
PV_106,012,PV_106_block_012,PV_106_012_1187296_L,1187296.4,1187396.3,12.882285125579132,25.326963200675802,L,monocular,1,"/Volumes/Data-1/Nimrod/experiments/PV_106/2025_08_06/block_012/oe_files/PV106_ET_d3t5_2025-08-06_13-21-30/Record Node 102/analysis/recNames=Block012,Animal=PV_106/lizMov.mat",True,False,1,0,99.9000000001397,1
PV_106,012,PV_106_block_012,PV_106_012_1593456_L,1593456.5,1593589.7,9.551424865892473,145.22692741361843,L,monocular,1,"/Volumes/Data-1/Nimrod/experiments/PV_106/2025_08_06/block_012/oe_files/PV106_ET_d3t5_2025-08-06_13-21-30/Record Node 102/analysis/recNames=Block012,Animal=PV_106/lizMov.mat",True,False,1,0,66.60000000009313,1
PV_106,012,PV_106_block_012,PV_106_012_1774359_L,1774358.75,1774408.7,9.860190598552643,176.236190323813,L,monocular,1,"/Volumes/Data-1/Nimrod/experiments/PV_106/2025_08_06/block_012/oe_files/PV106_ET_d3t5_2025-08-06_13-21-30/Record Node 102/analysis/recNames=Block012,Animal=PV_106/lizMov.mat",True,True,3,2,49.949999999953434,1
PV_106,012,PV_106_block_012,PV_106_012_1776057_L,1776057.05,1776156.95,8.843954862588193,125.0440823043838,L,monocular,1,"/Volumes/Data-1/Nimrod/experiments/PV_106/2025_08_06/block_012/oe_files/PV106_ET_d3t5_2025-08-06_13-21-30/Record Node 102/analysis/recNames=Block012,Animal=PV_106/lizMov.mat",True,False,0,0,,1
PV_106,012,PV_106_block_012,PV_106_012_1780586_L,1780585.85,1780619.15,8.849207230008231,324.87412311393075,L,monocular,1,"/Volumes/Data-1/Nimrod/experiments/PV_106/2025_08_06/block_012/oe_files/PV106_ET_d3t5_2025-08-06_13-21-30/Record Node 102/analysis/recNames=Block012,Animal=PV_106/lizMov.mat",True,False,4,0,33.299999999813735,1
PV_106,012,PV_106_block_012,PV_106_012_1788245_L,1788244.85,1788294.8,18.679775997868372,135.37098682140117,L,monocular,1,"/Volumes/Data-1/Nimrod/experiments/PV_106/2025_08_06/block_012/oe_files/PV106_ET_d3t5_2025-08-06_13-21-30/Record Node 102/analysis/recNames=Block012,Animal=PV_106/lizMov.mat",True,False,3,0,83.25,1
PV_106,012,PV_106_block_012,PV_106_012_57611_R,57610.55,57827.0,16.25513380398462,210.2669597609049,R,monocular,1,"/Volumes/Data-1/Nimrod/experiments/PV_106/2025_08_06/block_012/oe_files/PV106_ET_d3t5_2025-08-06_13-21-30/Record Node 102/analysis/recNames=Block012,Animal=PV_106/lizMov.mat",True,False,0,0,,1
PV_106,012,PV_106_block_012,PV_106_012_122379_R,122379.05,122495.6,9.851992253318697,38.442913509821686,R,monocular,1,"/Volumes/Data-1/Nimrod/experiments/PV_106/2025_08_06/block_012/oe_files/PV106_ET_d3t5_2025-08-06_13-21-30/Record Node 102/analysis/recNames=Block012,Animal=PV_106/lizMov.mat",True,False,1,0,133.1999999999971,1
PV_106,012,PV_106_block_012,PV_106_012_144390_R,144390.35,144473.6,17.761473314474852,212.90457551977883,R,monocular,1,"/Volumes/Data-1/Nimrod/experiments/PV_106/2025_08_06/block_012/oe_files/PV106_ET_d3t5_2025-08-06_13-21-30/Record Node 102/analysis/recNames=Block012,Animal=PV_106/lizMov.mat",True,False,2,0,99.89999999999418,1
PV_106,012,PV_106_block_012,PV_106_012_144490_R,144490.25,144540.2,7.8594814411232745,52.403375095927146,R,monocular,1,"/Volumes/Data-1/Nimrod/experiments/PV_106/2025_08_06/block_012/oe_files/PV106_ET_d3t5_2025-08-06_13-21-30/Record Node 102/analysis/recNames=Block012,Animal=PV_106/lizMov.mat",True,False,0,0,49.95000000001164,1
PV_106,012,PV_106_block_012,PV_106_012_219865_R,219864.8,219948.05,12.798595720309379,238.16907099436372,R,monocular,1,"/Volumes/Data-1/Nimrod/experiments/PV_106/2025_08_06/block_012/oe_files/PV106_ET_d3t5_2025-08-06_13-21-30/Record Node 102/analysis/recNames=Block012,Animal=PV_106/lizMov.mat",True,False,0,0,,1
PV_106,012,PV_106_block_012,PV_106_012_669548_R,669548.0,669631.25,15.69153279711713,177.58059432023006,R,monocular,1,"/Volumes/Data-1/Nimrod/experiments/PV_106/2025_08_06/block_012/oe_files/PV106_ET_d3t5_2025-08-06_13-21-30/Record Node 102/analysis/recNames=Block012,Animal=PV_106/lizMov.mat",True,False,0,0,,1
PV_106,012,PV_106_block_012,PV_106_012_972029_R,972028.55,972061.85,7.515095636406479,37.52413731953974,R,monocular,1,"/Volumes/Data-1/Nimrod/experiments/PV_106/2025_08_06/block_012/oe_files/PV106_ET_d3t5_2025-08-06_13-21-30/Record Node 102/analysis/recNames=Block012,Animal=PV_106/lizMov.mat",True,True,3,2,33.29999999993015,1
PV_106,012,PV_106_block_012,PV_106_012_1106577_R,1106577.2,1106660.45,10.365540044800595,74.22053980674569,R,monocular,1,"/Volumes/Data-1/Nimrod/experiments/PV_106/2025_08_06/block_012/oe_files/PV106_ET_d3t5_2025-08-06_13-21-30/Record Node 102/analysis/recNames=Block012,Animal=PV_106/lizMov.mat",True,False,0,0,,1
PV_106,012,PV_106_block_012,PV_106_012_1270630_R,1270629.65,1270712.9,12.909449136984795,178.03706816112788,R,monocular,1,"/Volumes/Data-1/Nimrod/experiments/PV_106/2025_08_06/block_012/oe_files/PV106_ET_d3t5_2025-08-06_13-21-30/Record Node 102/analysis/recNames=Block012,Animal=PV_106/lizMov.mat",True,False,0,0,,1
PV_106,012,PV_106_block_012,PV_106_012_1612071_R,1612071.2,1612187.75,15.889733553816477,260.22201394197214,R,monocular,1,"/Volumes/Data-1/Nimrod/experiments/PV_106/2025_08_06/block_012/oe_files/PV106_ET_d3t5_2025-08-06_13-21-30/Record Node 102/analysis/recNames=Block012,Animal=PV_106/lizMov.mat",True,False,1,0,133.19999999995343,1
PV_106,012,PV_106_block_012,PV_106_012_1796104_R,1796103.65,1796186.9,14.912658652129183,68.81324233939316,R,monocular,1,"/Volumes/Data-1/Nimrod/experiments/PV_106/2025_08_06/block_012/oe_files/PV106_ET_d3t5_2025-08-06_13-21-30/Record Node 102/analysis/recNames=Block012,Animal=PV_106/lizMov.mat",True,False,0,0,,1
PV_143,001,PV_143_block_001,PV_143_001_52885_R,52884.55,53117.65,12.555875485763496,22.136910790430193,R,binocular,2,"/Volumes/Data-1/Nimrod/experiments/PV_143/2025_08_25/block_001/oe_files/PV143_ET_d1t1_2025-08-11_13-29-08/Record Node 102/analysis/recNames=Block001,Animal=PV_143/lizMov.mat",True,False,0,0,,2
PV_143,001,PV_143_block_001,PV_143_001_87483_L,87483.25,87549.85,7.6391316297620255,212.76824334383966,L,binocular,2,"/Volumes/Data-1/Nimrod/experiments/PV_143/2025_08_25/block_001/oe_files/PV143_ET_d1t1_2025-08-11_13-29-08/Record Node 102/analysis/recNames=Block001,Animal=PV_143/lizMov.mat",True,False,0,0,,2
PV_143,001,PV_143_block_001,PV_143_001_140580_R,140580.1,140680.0,12.407870672388977,319.831171003306,R,binocular,2,"/Volumes/Data-1/Nimrod/experiments/PV_143/2025_08_25/block_001/oe_files/PV143_ET_d1t1_2025-08-11_13-29-08/Record Node 102/analysis/recNames=Block001,Animal=PV_143/lizMov.mat",True,False,1,0,149.85000000000582,2
PV_143,001,PV_143_block_001,PV_143_001_145275_R,145275.4,145342.0,7.854834173388534,324.16889335322696,R,binocular,2,"/Volumes/Data-1/Nimrod/experiments/PV_143/2025_08_25/block_001/oe_files/PV143_ET_d1t1_2025-08-11_13-29-08/Record Node 102/analysis/recNames=Block001,Animal=PV_143/lizMov.mat",True,False,2,0,133.20000000001164,2
PV_143,001,PV_143_block_001,PV_143_001_151652_L,151652.35,151718.95,11.065405303913423,199.4071694177103,L,binocular,2,"/Volumes/Data-1/Nimrod/experiments/PV_143/2025_08_25/block_001/oe_files/PV143_ET_d1t1_2025-08-11_13-29-08/Record Node 102/analysis/recNames=Block001,Animal=PV_143/lizMov.mat",True,False,1,0,99.89999999999418,2
PV_143,001,PV_143_block_001,PV_143_001_153351_R,153350.65,153417.25,14.299660314271485,164.09616422069604,R,binocular,2,"/Volumes/Data-1/Nimrod/experiments/PV_143/2025_08_25/block_001/oe_files/PV143_ET_d1t1_2025-08-11_13-29-08/Record Node 102/analysis/recNames=Block001,Animal=PV_143/lizMov.mat",True,False,3,0,66.60000000000582,2
PV_143,001,PV_143_block_001,PV_143_001_154599_L,154599.4,154682.65,9.168581044579875,204.71179197424584,L,binocular,2,"/Volumes/Data-1/Nimrod/experiments/PV_143/2025_08_25/block_001/oe_files/PV143_ET_d1t1_2025-08-11_13-29-08/Record Node 102/analysis/recNames=Block001,Animal=PV_143/lizMov.mat",True,False,3,0,99.89999999999418,2
PV_143,001,PV_143_block_001,PV_143_001_183104_L,183104.2,183287.35,9.733069601131861,320.2578594190604,L,binocular,2,"/Volumes/Data-1/Nimrod/experiments/PV_143/2025_08_25/block_001/oe_files/PV143_ET_d1t1_2025-08-11_13-29-08/Record Node 102/analysis/recNames=Block001,Animal=PV_143/lizMov.mat",True,False,1,0,99.89999999999418,2
PV_143,001,PV_143_block_001,PV_143_001_184769_L,184769.2,184885.75,9.150421922350462,142.41485915177591,L,binocular,2,"/Volumes/Data-1/Nimrod/experiments/PV_143/2025_08_25/block_001/oe_files/PV143_ET_d1t1_2025-08-11_13-29-08/Record Node 102/analysis/recNames=Block001,Animal=PV_143/lizMov.mat",True,False,1,0,49.94999999998254,2
PV_143,001,PV_143_block_001,PV_143_001_186468_L,186467.5,186550.75,9.771678684015962,16.29033884532194,L,binocular,2,"/Volumes/Data-1/Nimrod/experiments/PV_143/2025_08_25/block_001/oe_files/PV143_ET_d1t1_2025-08-11_13-29-08/Record Node 102/analysis/recNames=Block001,Animal=PV_143/lizMov.mat",True,False,2,0,99.89999999999418,2
PV_143,001,PV_143_block_001,PV_143_001_188382_R,188382.25,188448.85,9.164479711359784,353.9655122245551,R,binocular,2,"/Volumes/Data-1/Nimrod/experiments/PV_143/2025_08_25/block_001/oe_files/PV143_ET_d1t1_2025-08-11_13-29-08/Record Node 102/analysis/recNames=Block001,Animal=PV_143/lizMov.mat",True,False,1,0,33.29999999998836,2
PV_143,001,PV_143_block_001,PV_143_001_188715_R,188715.25,188765.2,16.739647504774993,119.19044848788691,R,binocular,2,"/Volumes/Data-1/Nimrod/experiments/PV_143/2025_08_25/block_001/oe_files/PV143_ET_d1t1_2025-08-11_13-29-08/Record Node 102/analysis/recNames=Block001,Animal=PV_143/lizMov.mat",True,False,1,0,66.60000000000582,2
PV_143,001,PV_143_block_001,PV_143_001_189298_L,189298.0,189497.8,9.013561312771788,219.89439606137842,L,binocular,2,"/Volumes/Data-1/Nimrod/experiments/PV_143/2025_08_25/block_001/oe_files/PV143_ET_d1t1_2025-08-11_13-29-08/Record Node 102/analysis/recNames=Block001,Animal=PV_143/lizMov.mat",True,True,3,2,49.95000000001164,2
PV_143,001,PV_143_block_001,PV_143_001_200254_L,200253.7,200320.3,9.258160758386826,272.23348595662515,L,binocular,2,"/Volumes/Data-1/Nimrod/experiments/PV_143/2025_08_25/block_001/oe_files/PV143_ET_d1t1_2025-08-11_13-29-08/Record Node 102/analysis/recNames=Block001,Animal=PV_143/lizMov.mat",True,False,1,0,66.59999999997672,2
PV_143,001,PV_143_block_001,PV_143_001_203034_R,203034.25,203117.5,9.063698767791045,128.18495669913466,R,binocular,2,"/Volumes/Data-1/Nimrod/experiments/PV_143/2025_08_25/block_001/oe_files/PV143_ET_d1t1_2025-08-11_13-29-08/Record Node 102/analysis/recNames=Block001,Animal=PV_143/lizMov.mat",True,True,4,2,49.95000000001164,2
PV_143,001,PV_143_block_001,PV_143_001_207696_L,207696.25,207779.5,8.688107199881873,128.64020901814163,L,binocular,2,"/Volumes/Data-1/Nimrod/experiments/PV_143/2025_08_25/block_001/oe_files/PV143_ET_d1t1_2025-08-11_13-29-08/Record Node 102/analysis/recNames=Block001,Animal=PV_143/lizMov.mat",True,False,1,0,83.25,2
PV_143,001,PV_143_block_001,PV_143_001_264323_R,264322.9,264389.5,9.361841218590989,194.40243643341427,R,binocular,2,"/Volumes/Data-1/Nimrod/experiments/PV_143/2025_08_25/block_001/oe_files/PV143_ET_d1t1_2025-08-11_13-29-08/Record Node 102/analysis/recNames=Block001,Animal=PV_143/lizMov.mat",True,False,1,0,33.29999999998836,2
PV_143,001,PV_143_block_001,PV_143_001_280357_R,280356.85,280423.45,12.884672349205525,153.01564617929,R,binocular,2,"/Volumes/Data-1/Nimrod/experiments/PV_143/2025_08_25/block_001/oe_files/PV143_ET_d1t1_2025-08-11_13-29-08/Record Node 102/analysis/recNames=Block001,Animal=PV_143/lizMov.mat",True,False,1,0,99.90000000002328,2
PV_143,001,PV_143_block_001,PV_143_001_282188_R,282188.35,282288.25,12.526472483425334,158.28838026794605,R,binocular,2,"/Volumes/Data-1/Nimrod/experiments/PV_143/2025_08_25/block_001/oe_files/PV143_ET_d1t1_2025-08-11_13-29-08/Record Node 102/analysis/recNames=Block001,Animal=PV_143/lizMov.mat",True,False,2,0,133.20000000001164,2
PV_143,001,PV_143_block_001,PV_143_001_311909_L,311908.6,311975.2,15.250238730510983,2.567991203202245,L,binocular,2,"/Volumes/Data-1/Nimrod/experiments/PV_143/2025_08_25/block_001/oe_files/PV143_ET_d1t1_2025-08-11_13-29-08/Record Node 102/analysis/recNames=Block001,Animal=PV_143/lizMov.mat",True,True,4,3,66.60000000003492,2
PV_143,001,PV_143_block_001,PV_143_001_313274_L,313273.9,313340.5,10.161875263470208,350.0272579651492,L,binocular,2,"/Volumes/Data-1/Nimrod/experiments/PV_143/2025_08_25/block_001/oe_files/PV143_ET_d1t1_2025-08-11_13-29-08/Record Node 102/analysis/recNames=Block001,Animal=PV_143/lizMov.mat",True,False,2,0,133.19999999995343,2
PV_143,001,PV_143_block_001,PV_143_001_313674_R,313673.5,313740.1,8.132639669056312,210.76066198750922,R,binocular,2,"/Volumes/Data-1/Nimrod/experiments/PV_143/2025_08_25/block_001/oe_files/PV143_ET_d1t1_2025-08-11_13-29-08/Record Node 102/analysis/recNames=Block001,Animal=PV_143/lizMov.mat",True,False,0,0,,2
PV_143,001,PV_143_block_001,PV_143_001_327843_L,327842.65,327925.9,10.747969131002979,199.68365872836202,L,binocular,2,"/Volumes/Data-1/Nimrod/experiments/PV_143/2025_08_25/block_001/oe_files/PV143_ET_d1t1_2025-08-11_13-29-08/Record Node 102/analysis/recNames=Block001,Animal=PV_143/lizMov.mat",True,False,1,0,99.89999999996508,2
PV_143,001,PV_143_block_001,PV_143_001_329957_L,329957.2,330023.8,8.539631706190209,208.52712111252927,L,binocular,2,"/Volumes/Data-1/Nimrod/experiments/PV_143/2025_08_25/block_001/oe_files/PV143_ET_d1t1_2025-08-11_13-29-08/Record Node 102/analysis/recNames=Block001,Animal=PV_143/lizMov.mat",True,False,3,0,66.59999999997672,2
PV_143,001,PV_143_block_001,PV_143_001_330174_L,330173.65,330223.6,7.689886683369133,168.46586446936152,L,binocular,2,"/Volumes/Data-1/Nimrod/experiments/PV_143/2025_08_25/block_001/oe_files/PV143_ET_d1t1_2025-08-11_13-29-08/Record Node 102/analysis/recNames=Block001,Animal=PV_143/lizMov.mat",True,False,3,0,49.949999999953434,2
PV_143,001,PV_143_block_001,PV_143_001_334053_R,334053.1,334153.0,8.664720603399054,2.10480575533852,R,binocular,2,"/Volumes/Data-1/Nimrod/experiments/PV_143/2025_08_25/block_001/oe_files/PV143_ET_d1t1_2025-08-11_13-29-08/Record Node 102/analysis/recNames=Block001,Animal=PV_143/lizMov.mat",True,False,1,0,16.650000000023283,2
PV_143,001,PV_143_block_001,PV_143_001_334353_L,334352.8,334386.1,12.303242914734001,190.83293211334168,L,binocular,2,"/Volumes/Data-1/Nimrod/experiments/PV_143/2025_08_25/block_001/oe_files/PV143_ET_d1t1_2025-08-11_13-29-08/Record Node 102/analysis/recNames=Block001,Animal=PV_143/lizMov.mat",True,True,4,1,33.29999999998836,2
PV_143,001,PV_143_block_001,PV_143_001_343510_R,343510.3,343593.55,16.18888984123376,324.8241476107071,R,binocular,2,"/Volumes/Data-1/Nimrod/experiments/PV_143/2025_08_25/block_001/oe_files/PV143_ET_d1t1_2025-08-11_13-29-08/Record Node 102/analysis/recNames=Block001,Animal=PV_143/lizMov.mat",True,True,3,1,83.25,2
PV_143,001,PV_143_block_001,PV_143_001_385618_R,385618.15,385651.45,7.963675362722815,175.67493399286474,R,binocular,2,"/Volumes/Data-1/Nimrod/experiments/PV_143/2025_08_25/block_001/oe_files/PV143_ET_d1t1_2025-08-11_13-29-08/Record Node 102/analysis/recNames=Block001,Animal=PV_143/lizMov.mat",True,False,1,0,33.29999999998836,2
PV_143,001,PV_143_block_001,PV_143_001_396557_R,396557.2,396657.1,15.466864138630179,162.99034047223563,R,binocular,2,"/Volumes/Data-1/Nimrod/experiments/PV_143/2025_08_25/block_001/oe_files/PV143_ET_d1t1_2025-08-11_13-29-08/Record Node 102/analysis/recNames=Block001,Animal=PV_143/lizMov.mat",True,False,1,0,116.54999999998836,2
PV_143,001,PV_143_block_001,PV_143_001_398072_R,398072.35,398155.6,9.262158808717022,158.8729076344326,R,binocular,2,"/Volumes/Data-1/Nimrod/experiments/PV_143/2025_08_25/block_001/oe_files/PV143_ET_d1t1_2025-08-11_13-29-08/Record Node 102/analysis/recNames=Block001,Animal=PV_143/lizMov.mat",True,False,2,0,116.55000000004657,2
PV_143,001,PV_143_block_001,PV_143_001_400703_L,400703.05,400786.3,8.27790260647325,210.88575788236543,L,binocular,2,"/Volumes/Data-1/Nimrod/experiments/PV_143/2025_08_25/block_001/oe_files/PV143_ET_d1t1_2025-08-11_13-29-08/Record Node 102/analysis/recNames=Block001,Animal=PV_143/lizMov.mat",True,True,3,1,66.60000000003492,2
PV_143,001,PV_143_block_001,PV_143_001_411193_R,411192.55,411292.45,14.974705455639409,344.8061286355103,R,binocular,2,"/Volumes/Data-1/Nimrod/experiments/PV_143/2025_08_25/block_001/oe_files/PV143_ET_d1t1_2025-08-11_13-29-08/Record Node 102/analysis/recNames=Block001,Animal=PV_143/lizMov.mat",True,False,2,0,133.20000000001164,2
PV_143,001,PV_143_block_001,PV_143_001_412058_R,412058.35,412124.95,7.914955740615042,13.179397443165204,R,binocular,2,"/Volumes/Data-1/Nimrod/experiments/PV_143/2025_08_25/block_001/oe_files/PV143_ET_d1t1_2025-08-11_13-29-08/Record Node 102/analysis/recNames=Block001,Animal=PV_143/lizMov.mat",True,True,4,1,66.60000000003492,2
PV_143,001,PV_143_block_001,PV_143_001_413740_R,413740.0,413806.6,7.92273648762223,196.87217307369318,R,binocular,2,"/Volumes/Data-1/Nimrod/experiments/PV_143/2025_08_25/block_001/oe_files/PV143_ET_d1t1_2025-08-11_13-29-08/Record Node 102/analysis/recNames=Block001,Animal=PV_143/lizMov.mat",True,False,2,0,66.59999999997672,2
PV_143,001,PV_143_block_001,PV_143_001_413823_R,413823.25,413873.2,11.732253556021902,1.1733861667827028,R,binocular,2,"/Volumes/Data-1/Nimrod/experiments/PV_143/2025_08_25/block_001/oe_files/PV143_ET_d1t1_2025-08-11_13-29-08/Record Node 102/analysis/recNames=Block001,Animal=PV_143/lizMov.mat",True,True,2,1,116.54999999998836,2
PV_143,001,PV_143_block_001,PV_143_001_421932_R,421931.8,422015.05,11.019979223528054,171.72576892603973,R,binocular,2,"/Volumes/Data-1/Nimrod/experiments/PV_143/2025_08_25/block_001/oe_files/PV143_ET_d1t1_2025-08-11_13-29-08/Record Node 102/analysis/recNames=Block001,Animal=PV_143/lizMov.mat",True,False,2,0,99.90000000002328,2
PV_143,001,PV_143_block_001,PV_143_001_423330_R,423330.4,423397.0,7.270761017497419,347.393965474024,R,binocular,2,"/Volumes/Data-1/Nimrod/experiments/PV_143/2025_08_25/block_001/oe_files/PV143_ET_d1t1_2025-08-11_13-29-08/Record Node 102/analysis/recNames=Block001,Animal=PV_143/lizMov.mat",True,True,3,1,16.649999999965075,2
PV_143,001,PV_143_block_001,PV_143_001_448938_L,448938.1,449004.7,7.664994007106334,19.528249624854162,L,binocular,2,"/Volumes/Data-1/Nimrod/experiments/PV_143/2025_08_25/block_001/oe_files/PV143_ET_d1t1_2025-08-11_13-29-08/Record Node 102/analysis/recNames=Block001,Animal=PV_143/lizMov.mat",True,False,0,0,,2
PV_143,001,PV_143_block_001,PV_143_001_468302_L,468302.05,468418.6,18.52358441160606,200.30833990664274,L,binocular,2,"/Volumes/Data-1/Nimrod/experiments/PV_143/2025_08_25/block_001/oe_files/PV143_ET_d1t1_2025-08-11_13-29-08/Record Node 102/analysis/recNames=Block001,Animal=PV_143/lizMov.mat",True,False,0,0,,2
PV_143,001,PV_143_block_001,PV_143_001_470933_R,470932.75,471032.65,11.629825733282326,144.32257697621424,R,binocular,2,"/Volumes/Data-1/Nimrod/experiments/PV_143/2025_08_25/block_001/oe_files/PV143_ET_d1t1_2025-08-11_13-29-08/Record Node 102/analysis/recNames=Block001,Animal=PV_143/lizMov.mat",True,False,3,0,99.90000000002328,2
PV_143,001,PV_143_block_001,PV_143_001_474296_L,474296.05,474412.6,10.532177475076915,192.59737409159985,L,binocular,2,"/Volumes/Data-1/Nimrod/experiments/PV_143/2025_08_25/block_001/oe_files/PV143_ET_d1t1_2025-08-11_13-29-08/Record Node 102/analysis/recNames=Block001,Animal=PV_143/lizMov.mat",True,False,2,0,116.54999999998836,2
PV_143,001,PV_143_block_001,PV_143_001_491412_L,491412.25,491478.85,10.546015739895779,21.451450721681166,L,binocular,2,"/Volumes/Data-1/Nimrod/experiments/PV_143/2025_08_25/block_001/oe_files/PV143_ET_d1t1_2025-08-11_13-29-08/Record Node 102/analysis/recNames=Block001,Animal=PV_143/lizMov.mat",True,False,0,0,,2
PV_143,001,PV_143_block_001,PV_143_001_495508_L,495508.15,495591.4,10.74505160697553,12.317589354163488,L,binocular,2,"/Volumes/Data-1/Nimrod/experiments/PV_143/2025_08_25/block_001/oe_files/PV143_ET_d1t1_2025-08-11_13-29-08/Record Node 102/analysis/recNames=Block001,Animal=PV_143/lizMov.mat",True,False,3,0,99.89999999996508,2
PV_143,001,PV_143_block_001,PV_143_001_497057_R,497056.6,497139.85,8.766284544714736,196.99121134995318,R,binocular,2,"/Volumes/Data-1/Nimrod/experiments/PV_143/2025_08_25/block_001/oe_files/PV143_ET_d1t1_2025-08-11_13-29-08/Record Node 102/analysis/recNames=Block001,Animal=PV_143/lizMov.mat",True,True,2,1,33.300000000046566,2
PV_143,001,PV_143_block_001,PV_143_001_502718_R,502717.6,502817.5,12.567466916344058,324.1512585158177,R,binocular,2,"/Volumes/Data-1/Nimrod/experiments/PV_143/2025_08_25/block_001/oe_files/PV143_ET_d1t1_2025-08-11_13-29-08/Record Node 102/analysis/recNames=Block001,Animal=PV_143/lizMov.mat",True,False,2,0,133.20000000001164,2
PV_143,001,PV_143_block_001,PV_143_001_502967_R,502967.35,503067.25,7.303414999283644,161.92117301989774,R,binocular,2,"/Volumes/Data-1/Nimrod/experiments/PV_143/2025_08_25/block_001/oe_files/PV143_ET_d1t1_2025-08-11_13-29-08/Record Node 102/analysis/recNames=Block001,Animal=PV_143/lizMov.mat",True,True,2,1,99.90000000002328,2
PV_143,001,PV_143_block_001,PV_143_001_503084_R,503083.9,503200.45,7.905146111265059,155.88173898624348,R,binocular,2,"/Volumes/Data-1/Nimrod/experiments/PV_143/2025_08_25/block_001/oe_files/PV143_ET_d1t1_2025-08-11_13-29-08/Record Node 102/analysis/recNames=Block001,Animal=PV_143/lizMov.mat",True,False,1,0,33.29999999998836,2
PV_143,001,PV_143_block_001,PV_143_001_508928_R,508928.05,509011.3,7.732082184352705,172.3649929600217,R,binocular,2,"/Volumes/Data-1/Nimrod/experiments/PV_143/2025_08_25/block_001/oe_files/PV143_ET_d1t1_2025-08-11_13-29-08/Record Node 102/analysis/recNames=Block001,Animal=PV_143/lizMov.mat",True,True,2,1,99.90000000002328,2
PV_143,001,PV_143_block_001,PV_143_001_509061_L,509061.25,509161.15,8.456117868097909,2.642441513454128,L,binocular,2,"/Volumes/Data-1/Nimrod/experiments/PV_143/2025_08_25/block_001/oe_files/PV143_ET_d1t1_2025-08-11_13-29-08/Record Node 102/analysis/recNames=Block001,Animal=PV_143/lizMov.mat",True,False,0,0,,2
PV_143,001,PV_143_block_001,PV_143_001_510560_R,510559.75,510626.35,7.573920468013946,183.13744829107563,R,binocular,2,"/Volumes/Data-1/Nimrod/experiments/PV_143/2025_08_25/block_001/oe_files/PV143_ET_d1t1_2025-08-11_13-29-08/Record Node 102/analysis/recNames=Block001,Animal=PV_143/lizMov.mat",True,False,2,0,99.90000000002328,2
PV_143,001,PV_143_block_001,PV_143_001_511509_L,511508.8,511575.4,7.014690429517079,103.99642331586706,L,binocular,2,"/Volumes/Data-1/Nimrod/experiments/PV_143/2025_08_25/block_001/oe_files/PV143_ET_d1t1_2025-08-11_13-29-08/Record Node 102/analysis/recNames=Block001,Animal=PV_143/lizMov.mat",True,False,2,0,33.29999999998836,2
PV_143,001,PV_143_block_001,PV_143_001_515355_R,515354.95,515421.55,10.05654327906836,197.14414414466407,R,binocular,2,"/Volumes/Data-1/Nimrod/experiments/PV_143/2025_08_25/block_001/oe_files/PV143_ET_d1t1_2025-08-11_13-29-08/Record Node 102/analysis/recNames=Block001,Animal=PV_143/lizMov.mat",True,True,4,2,66.59999999997672,2
PV_143,001,PV_143_block_001,PV_143_001_515472_R,515471.5,515554.75,9.870092280424645,13.613745502291088,R,binocular,2,"/Volumes/Data-1/Nimrod/experiments/PV_143/2025_08_25/block_001/oe_files/PV143_ET_d1t1_2025-08-11_13-29-08/Record Node 102/analysis/recNames=Block001,Animal=PV_143/lizMov.mat",True,False,0,0,,2
PV_143,001,PV_143_block_001,PV_143_001_520516_L,520516.45,520633.0,12.15874236684198,185.80921281259015,L,binocular,2,"/Volumes/Data-1/Nimrod/experiments/PV_143/2025_08_25/block_001/oe_files/PV143_ET_d1t1_2025-08-11_13-29-08/Record Node 102/analysis/recNames=Block001,Animal=PV_143/lizMov.mat",True,False,2,0,149.84999999997672,2
PV_143,001,PV_143_block_001,PV_143_001_547639_L,547639.3,547689.25,11.296724319758066,11.393343049903061,L,binocular,2,"/Volumes/Data-1/Nimrod/experiments/PV_143/2025_08_25/block_001/oe_files/PV143_ET_d1t1_2025-08-11_13-29-08/Record Node 102/analysis/recNames=Block001,Animal=PV_143/lizMov.mat",True,True,6,3,33.29999999993015,2
PV_143,001,PV_143_block_001,PV_143_001_547772_R,547772.5,547855.75,7.79939715684357,6.232259542811072,R,binocular,2,"/Volumes/Data-1/Nimrod/experiments/PV_143/2025_08_25/block_001/oe_files/PV143_ET_d1t1_2025-08-11_13-29-08/Record Node 102/analysis/recNames=Block001,Animal=PV_143/lizMov.mat",True,False,0,0,,2
PV_143,001,PV_143_block_001,PV_143_001_549438_R,549437.5,549504.1,13.136123246212735,327.323331383831,R,binocular,2,"/Volumes/Data-1/Nimrod/experiments/PV_143/2025_08_25/block_001/oe_files/PV143_ET_d1t1_2025-08-11_13-29-08/Record Node 102/analysis/recNames=Block001,Animal=PV_143/lizMov.mat",True,False,2,0,99.90000000002328,2
PV_143,001,PV_143_block_001,PV_143_001_551485_L,551485.45,551552.05,10.31516403364632,13.809506656305464,L,binocular,2,"/Volumes/Data-1/Nimrod/experiments/PV_143/2025_08_25/block_001/oe_files/PV143_ET_d1t1_2025-08-11_13-29-08/Record Node 102/analysis/recNames=Block001,Animal=PV_143/lizMov.mat",True,True,3,1,83.25,2
PV_143,001,PV_143_block_001,PV_143_001_551602_L,551602.0,551701.9,7.543427240131141,181.38378642163693,L,binocular,2,"/Volumes/Data-1/Nimrod/experiments/PV_143/2025_08_25/block_001/oe_files/PV143_ET_d1t1_2025-08-11_13-29-08/Record Node 102/analysis/recNames=Block001,Animal=PV_143/lizMov.mat",True,True,2,1,116.55000000004657,2
PV_143,001,PV_143_block_001,PV_143_001_559711_R,559710.55,559793.8,8.682412962542283,160.92547953244534,R,binocular,2,"/Volumes/Data-1/Nimrod/experiments/PV_143/2025_08_25/block_001/oe_files/PV143_ET_d1t1_2025-08-11_13-29-08/Record Node 102/analysis/recNames=Block001,Animal=PV_143/lizMov.mat",True,False,2,0,99.89999999990687,2
PV_143,001,PV_143_block_001,PV_143_001_560610_L,560609.65,560642.95,9.904374513068493,198.84548417162625,L,binocular,2,"/Volumes/Data-1/Nimrod/experiments/PV_143/2025_08_25/block_001/oe_files/PV143_ET_d1t1_2025-08-11_13-29-08/Record Node 102/analysis/recNames=Block001,Animal=PV_143/lizMov.mat",True,False,2,0,16.650000000023283,2
PV_143,001,PV_143_block_001,PV_143_001_562042_R,562041.55,562174.75,9.412817933045643,3.9595324547373,R,binocular,2,"/Volumes/Data-1/Nimrod/experiments/PV_143/2025_08_25/block_001/oe_files/PV143_ET_d1t1_2025-08-11_13-29-08/Record Node 102/analysis/recNames=Block001,Animal=PV_143/lizMov.mat",True,False,0,0,,2
PV_143,001,PV_143_block_001,PV_143_001_582688_R,582687.55,582787.45,11.500852707028827,354.6480984458057,R,binocular,2,"/Volumes/Data-1/Nimrod/experiments/PV_143/2025_08_25/block_001/oe_files/PV143_ET_d1t1_2025-08-11_13-29-08/Record Node 102/analysis/recNames=Block001,Animal=PV_143/lizMov.mat",True,True,3,1,49.949999999953434,2
PV_143,001,PV_143_block_001,PV_143_001_589048_R,589047.85,589097.8,13.22559872697777,179.82072936163536,R,binocular,2,"/Volumes/Data-1/Nimrod/experiments/PV_143/2025_08_25/block_001/oe_files/PV143_ET_d1t1_2025-08-11_13-29-08/Record Node 102/analysis/recNames=Block001,Animal=PV_143/lizMov.mat",True,False,2,0,49.95000000006985,2
PV_143,001,PV_143_block_001,PV_143_001_636850_L,636850.0,636899.95,7.2224902654943115,80.12184639880982,L,binocular,2,"/Volumes/Data-1/Nimrod/experiments/PV_143/2025_08_25/block_001/oe_files/PV143_ET_d1t1_2025-08-11_13-29-08/Record Node 102/analysis/recNames=Block001,Animal=PV_143/lizMov.mat",True,False,0,0,,2
PV_143,001,PV_143_block_001,PV_143_001_656131_R,656130.7,656230.6,9.62525934324483,336.0554854877947,R,binocular,2,"/Volumes/Data-1/Nimrod/experiments/PV_143/2025_08_25/block_001/oe_files/PV143_ET_d1t1_2025-08-11_13-29-08/Record Node 102/analysis/recNames=Block001,Animal=PV_143/lizMov.mat",True,False,0,0,,2
PV_143,001,PV_143_block_001,PV_143_001_658478_L,658478.35,658578.25,11.57947062705179,25.89080424406227,L,binocular,2,"/Volumes/Data-1/Nimrod/experiments/PV_143/2025_08_25/block_001/oe_files/PV143_ET_d1t1_2025-08-11_13-29-08/Record Node 102/analysis/recNames=Block001,Animal=PV_143/lizMov.mat",True,False,1,0,133.20000000006985,2
PV_143,001,PV_143_block_001,PV_143_001_661892_L,661891.6,661941.55,8.267597319946551,33.75129827592803,L,binocular,2,"/Volumes/Data-1/Nimrod/experiments/PV_143/2025_08_25/block_001/oe_files/PV143_ET_d1t1_2025-08-11_13-29-08/Record Node 102/analysis/recNames=Block001,Animal=PV_143/lizMov.mat",True,False,1,0,149.84999999997672,2
PV_143,001,PV_143_block_001,PV_143_001_666986_L,666986.5,667053.1,7.5923432708198835,22.521328962460384,L,binocular,2,"/Volumes/Data-1/Nimrod/experiments/PV_143/2025_08_25/block_001/oe_files/PV143_ET_d1t1_2025-08-11_13-29-08/Record Node 102/analysis/recNames=Block001,Animal=PV_143/lizMov.mat",True,False,1,0,33.300000000046566,2
PV_143,001,PV_143_block_001,PV_143_001_686317_R,686317.15,686417.05,14.514397030701343,165.70808169440215,R,binocular,2,"/Volumes/Data-1/Nimrod/experiments/PV_143/2025_08_25/block_001/oe_files/PV143_ET_d1t1_2025-08-11_13-29-08/Record Node 102/analysis/recNames=Block001,Animal=PV_143/lizMov.mat",True,True,3,2,66.59999999997672,2
PV_143,001,PV_143_block_001,PV_143_001_688981_R,688981.15,689031.1,7.315738203914999,162.5811910467268,R,binocular,2,"/Volumes/Data-1/Nimrod/experiments/PV_143/2025_08_25/block_001/oe_files/PV143_ET_d1t1_2025-08-11_13-29-08/Record Node 102/analysis/recNames=Block001,Animal=PV_143/lizMov.mat",True,False,2,0,83.25,2
PV_143,001,PV_143_block_001,PV_143_001_691212_L,691212.25,691245.55,7.444567799082711,99.70872372506378,L,binocular,2,"/Volumes/Data-1/Nimrod/experiments/PV_143/2025_08_25/block_001/oe_files/PV143_ET_d1t1_2025-08-11_13-29-08/Record Node 102/analysis/recNames=Block001,Animal=PV_143/lizMov.mat",True,False,1,0,33.300000000046566,2
PV_143,001,PV_143_block_001,PV_143_001_691246_R,691245.55,691345.45,15.510584120912453,50.21099512604582,R,binocular,2,"/Volumes/Data-1/Nimrod/experiments/PV_143/2025_08_25/block_001/oe_files/PV143_ET_d1t1_2025-08-11_13-29-08/Record Node 102/analysis/recNames=Block001,Animal=PV_143/lizMov.mat",True,False,2,0,49.949999999953434,2
PV_143,001,PV_143_block_001,PV_143_001_694326_R,694325.8,694359.1,8.45208045639082,198.57135369315884,R,binocular,2,"/Volumes/Data-1/Nimrod/experiments/PV_143/2025_08_25/block_001/oe_files/PV143_ET_d1t1_2025-08-11_13-29-08/Record Node 102/analysis/recNames=Block001,Animal=PV_143/lizMov.mat",True,True,4,2,33.29999999993015,2
PV_143,001,PV_143_block_001,PV_143_001_694426_L,694425.7,694508.95,7.717190496474408,108.10706104598981,L,binocular,2,"/Volumes/Data-1/Nimrod/experiments/PV_143/2025_08_25/block_001/oe_files/PV143_ET_d1t1_2025-08-11_13-29-08/Record Node 102/analysis/recNames=Block001,Animal=PV_143/lizMov.mat",True,False,1,0,116.55000000004657,2
PV_143,001,PV_143_block_001,PV_143_001_825095_R,825094.9,825211.45,10.467407766797201,357.6544169072938,R,binocular,2,"/Volumes/Data-1/Nimrod/experiments/PV_143/2025_08_25/block_001/oe_files/PV143_ET_d1t1_2025-08-11_13-29-08/Record Node 102/analysis/recNames=Block001,Animal=PV_143/lizMov.mat",True,False,1,0,66.59999999997672,2
PV_143,001,PV_143_block_001,PV_143_001_967020_L,967019.5,967102.75,8.690782207290273,340.2276090482579,L,binocular,2,"/Volumes/Data-1/Nimrod/experiments/PV_143/2025_08_25/block_001/oe_files/PV143_ET_d1t1_2025-08-11_13-29-08/Record Node 102/analysis/recNames=Block001,Animal=PV_143/lizMov.mat",True,True,2,1,83.25,2
PV_143,001,PV_143_block_001,PV_143_001_999570_R,999570.25,999620.2,9.420509579263971,136.70986331969405,R,binocular,2,"/Volumes/Data-1/Nimrod/experiments/PV_143/2025_08_25/block_001/oe_files/PV143_ET_d1t1_2025-08-11_13-29-08/Record Node 102/analysis/recNames=Block001,Animal=PV_143/lizMov.mat",True,True,3,1,33.300000000046566,2
PV_143,001,PV_143_block_001,PV_143_001_1075594_R,1075594.15,1075677.4,13.642009895686616,140.77664464680575,R,binocular,2,"/Volumes/Data-1/Nimrod/experiments/PV_143/2025_08_25/block_001/oe_files/PV143_ET_d1t1_2025-08-11_13-29-08/Record Node 102/analysis/recNames=Block001,Animal=PV_143/lizMov.mat",True,False,2,0,133.20000000018626,2
PV_143,001,PV_143_block_001,PV_143_001_1112724_R,1112723.65,1112773.6,10.189276269466337,130.66672087123177,R,binocular,2,"/Volumes/Data-1/Nimrod/experiments/PV_143/2025_08_25/block_001/oe_files/PV143_ET_d1t1_2025-08-11_13-29-08/Record Node 102/analysis/recNames=Block001,Animal=PV_143/lizMov.mat",True,False,0,0,,2
PV_143,001,PV_143_block_001,PV_143_001_1144192_R,1144192.15,1144275.4,8.300224765496468,198.0182669068512,R,binocular,2,"/Volumes/Data-1/Nimrod/experiments/PV_143/2025_08_25/block_001/oe_files/PV143_ET_d1t1_2025-08-11_13-29-08/Record Node 102/analysis/recNames=Block001,Animal=PV_143/lizMov.mat",True,False,1,0,99.9000000001397,2
PV_143,001,PV_143_block_001,PV_143_001_1147988_R,1147988.35,1148088.25,9.15692995046553,67.56832027519646,R,binocular,2,"/Volumes/Data-1/Nimrod/experiments/PV_143/2025_08_25/block_001/oe_files/PV143_ET_d1t1_2025-08-11_13-29-08/Record Node 102/analysis/recNames=Block001,Animal=PV_143/lizMov.mat",True,False,1,0,49.949999999953434,2
PV_143,001,PV_143_block_001,PV_143_001_1182021_L,1182020.95,1182087.55,8.69467608864899,27.399553931378644,L,binocular,2,"/Volumes/Data-1/Nimrod/experiments/PV_143/2025_08_25/block_001/oe_files/PV143_ET_d1t1_2025-08-11_13-29-08/Record Node 102/analysis/recNames=Block001,Animal=PV_143/lizMov.mat",True,False,0,0,,2
PV_143,001,PV_143_block_001,PV_143_001_1211608_R,1211608.0,1211641.3,9.6122477377943,148.2066975719817,R,binocular,2,"/Volumes/Data-1/Nimrod/experiments/PV_143/2025_08_25/block_001/oe_files/PV143_ET_d1t1_2025-08-11_13-29-08/Record Node 102/analysis/recNames=Block001,Animal=PV_143/lizMov.mat",True,False,0,0,33.300000000046566,2
PV_143,001,PV_143_block_001,PV_143_001_53068_L,53067.7,53150.95,7.032574609813139,209.51637766374452,L,monocular,1,"/Volumes/Data-1/Nimrod/experiments/PV_143/2025_08_25/block_001/oe_files/PV143_ET_d1t1_2025-08-11_13-29-08/Record Node 102/analysis/recNames=Block001,Animal=PV_143/lizMov.mat",True,False,2,0,133.20000000000437,1
PV_143,001,PV_143_block_001,PV_143_001_189398_L,189397.9,189497.8,11.787485613679099,337.3079519984954,L,monocular,1,"/Volumes/Data-1/Nimrod/experiments/PV_143/2025_08_25/block_001/oe_files/PV143_ET_d1t1_2025-08-11_13-29-08/Record Node 102/analysis/recNames=Block001,Animal=PV_143/lizMov.mat",True,False,1,0,133.20000000001164,1
PV_143,001,PV_143_block_001,PV_143_001_691296_L,691295.5,691412.05,13.888537019902225,245.11200030033697,L,monocular,1,"/Volumes/Data-1/Nimrod/experiments/PV_143/2025_08_25/block_001/oe_files/PV143_ET_d1t1_2025-08-11_13-29-08/Record Node 102/analysis/recNames=Block001,Animal=PV_143/lizMov.mat",True,False,1,0,99.90000000002328,1
PV_143,001,PV_143_block_001,PV_143_001_967119_L,967119.4,967269.25,13.457745993649908,54.985136428385964,L,monocular,1,"/Volumes/Data-1/Nimrod/experiments/PV_143/2025_08_25/block_001/oe_files/PV143_ET_d1t1_2025-08-11_13-29-08/Record Node 102/analysis/recNames=Block001,Animal=PV_143/lizMov.mat",True,False,0,0,,1
PV_143,001,PV_143_block_001,PV_143_001_1050752_L,1050752.35,1050885.55,12.307607111396027,96.1869147728998,L,monocular,1,"/Volumes/Data-1/Nimrod/experiments/PV_143/2025_08_25/block_001/oe_files/PV143_ET_d1t1_2025-08-11_13-29-08/Record Node 102/analysis/recNames=Block001,Animal=PV_143/lizMov.mat",True,False,0,0,,1
PV_143,001,PV_143_block_001,PV_143_001_55149_R,55148.95,55265.5,10.872095772537234,324.6531426770629,R,monocular,1,"/Volumes/Data-1/Nimrod/experiments/PV_143/2025_08_25/block_001/oe_files/PV143_ET_d1t1_2025-08-11_13-29-08/Record Node 102/analysis/recNames=Block001,Animal=PV_143/lizMov.mat",True,True,3,1,49.950000000004366,1
PV_143,001,PV_143_block_001,PV_143_001_130690_R,130690.0,130723.3,11.236270119837908,186.82979194916783,R,monocular,1,"/Volumes/Data-1/Nimrod/experiments/PV_143/2025_08_25/block_001/oe_files/PV143_ET_d1t1_2025-08-11_13-29-08/Record Node 102/analysis/recNames=Block001,Animal=PV_143/lizMov.mat",True,True,5,3,33.30000000000291,1
PV_143,001,PV_143_block_001,PV_143_001_154766_R,154765.9,154865.8,7.008708365832446,329.36891364186243,R,monocular,1,"/Volumes/Data-1/Nimrod/experiments/PV_143/2025_08_25/block_001/oe_files/PV143_ET_d1t1_2025-08-11_13-29-08/Record Node 102/analysis/recNames=Block001,Animal=PV_143/lizMov.mat",True,False,0,0,,1
PV_143,001,PV_143_block_001,PV_143_001_264406_R,264406.15,264506.05,9.77871223365221,341.99617376910976,R,monocular,1,"/Volumes/Data-1/Nimrod/experiments/PV_143/2025_08_25/block_001/oe_files/PV143_ET_d1t1_2025-08-11_13-29-08/Record Node 102/analysis/recNames=Block001,Animal=PV_143/lizMov.mat",True,False,0,0,,1
PV_143,001,PV_143_block_001,PV_143_001_311975_R,311975.2,312008.5,9.688219475084026,194.43240918581904,R,monocular,1,"/Volumes/Data-1/Nimrod/experiments/PV_143/2025_08_25/block_001/oe_files/PV143_ET_d1t1_2025-08-11_13-29-08/Record Node 102/analysis/recNames=Block001,Animal=PV_143/lizMov.mat",True,True,3,2,33.29999999998836,1
PV_143,001,PV_143_block_001,PV_143_001_334986_R,334985.5,335018.8,9.279803395919847,174.56174688885545,R,monocular,1,"/Volumes/Data-1/Nimrod/experiments/PV_143/2025_08_25/block_001/oe_files/PV143_ET_d1t1_2025-08-11_13-29-08/Record Node 102/analysis/recNames=Block001,Animal=PV_143/lizMov.mat",True,True,3,2,33.29999999998836,1
PV_143,001,PV_143_block_001,PV_143_001_359061_R,359061.4,359128.0,8.682605168093815,13.309682384443883,R,monocular,1,"/Volumes/Data-1/Nimrod/experiments/PV_143/2025_08_25/block_001/oe_files/PV143_ET_d1t1_2025-08-11_13-29-08/Record Node 102/analysis/recNames=Block001,Animal=PV_143/lizMov.mat",True,False,1,0,149.84999999997672,1
PV_143,001,PV_143_block_001,PV_143_001_377610_R,377609.5,377709.4,11.86823650102651,281.037559054908,R,monocular,1,"/Volumes/Data-1/Nimrod/experiments/PV_143/2025_08_25/block_001/oe_files/PV143_ET_d1t1_2025-08-11_13-29-08/Record Node 102/analysis/recNames=Block001,Animal=PV_143/lizMov.mat",True,False,0,0,,1
PV_143,001,PV_143_block_001,PV_143_001_385735_R,385734.7,385834.6,8.897940059620076,18.288812913441877,R,monocular,1,"/Volumes/Data-1/Nimrod/experiments/PV_143/2025_08_25/block_001/oe_files/PV143_ET_d1t1_2025-08-11_13-29-08/Record Node 102/analysis/recNames=Block001,Animal=PV_143/lizMov.mat",True,False,0,0,,1
PV_143,001,PV_143_block_001,PV_143_001_497140_R,497139.85,497223.1,12.650392232554958,358.1233220389933,R,monocular,1,"/Volumes/Data-1/Nimrod/experiments/PV_143/2025_08_25/block_001/oe_files/PV143_ET_d1t1_2025-08-11_13-29-08/Record Node 102/analysis/recNames=Block001,Animal=PV_143/lizMov.mat",True,False,2,0,99.90000000002328,1
PV_143,001,PV_143_block_001,PV_143_001_503067_R,503067.25,503083.9,7.6677730291213555,350.49740103733797,R,monocular,1,"/Volumes/Data-1/Nimrod/experiments/PV_143/2025_08_25/block_001/oe_files/PV143_ET_d1t1_2025-08-11_13-29-08/Record Node 102/analysis/recNames=Block001,Animal=PV_143/lizMov.mat",True,True,2,1,16.650000000023283,1
PV_143,001,PV_143_block_001,PV_143_001_504899_R,504898.75,504965.35,10.55108053961818,189.25217770217841,R,monocular,1,"/Volumes/Data-1/Nimrod/experiments/PV_143/2025_08_25/block_001/oe_files/PV143_ET_d1t1_2025-08-11_13-29-08/Record Node 102/analysis/recNames=Block001,Animal=PV_143/lizMov.mat",True,False,1,0,99.90000000002328,1
PV_143,001,PV_143_block_001,PV_143_001_504999_R,504998.65,505081.9,9.812358543518105,9.892926167906396,R,monocular,1,"/Volumes/Data-1/Nimrod/experiments/PV_143/2025_08_25/block_001/oe_files/PV143_ET_d1t1_2025-08-11_13-29-08/Record Node 102/analysis/recNames=Block001,Animal=PV_143/lizMov.mat",True,False,0,0,,1
PV_143,001,PV_143_block_001,PV_143_001_579757_R,579757.15,579790.45,8.735910440335998,207.3451698071347,R,monocular,1,"/Volumes/Data-1/Nimrod/experiments/PV_143/2025_08_25/block_001/oe_files/PV143_ET_d1t1_2025-08-11_13-29-08/Record Node 102/analysis/recNames=Block001,Animal=PV_143/lizMov.mat",True,True,5,4,33.29999999993015,1
PV_143,001,PV_143_block_001,PV_143_001_667053_R,667053.1,667119.7,11.3150882187222,334.8073577363764,R,monocular,1,"/Volumes/Data-1/Nimrod/experiments/PV_143/2025_08_25/block_001/oe_files/PV143_ET_d1t1_2025-08-11_13-29-08/Record Node 102/analysis/recNames=Block001,Animal=PV_143/lizMov.mat",True,False,0,0,,1
PV_143,001,PV_143_block_001,PV_143_001_698355_R,698355.1,698438.35,10.49982710554699,153.81471932391457,R,monocular,1,"/Volumes/Data-1/Nimrod/experiments/PV_143/2025_08_25/block_001/oe_files/PV143_ET_d1t1_2025-08-11_13-29-08/Record Node 102/analysis/recNames=Block001,Animal=PV_143/lizMov.mat",True,False,1,0,149.84999999997672,1
PV_143,001,PV_143_block_001,PV_143_001_883486_R,883486.45,883536.4,7.709636027272432,282.70092599735483,R,monocular,1,"/Volumes/Data-1/Nimrod/experiments/PV_143/2025_08_25/block_001/oe_files/PV143_ET_d1t1_2025-08-11_13-29-08/Record Node 102/analysis/recNames=Block001,Animal=PV_143/lizMov.mat",True,False,0,0,,1
PV_143,001,PV_143_block_001,PV_143_001_925161_R,925161.4,925327.9,21.626389408583435,84.43063888669933,R,monocular,1,"/Volumes/Data-1/Nimrod/experiments/PV_143/2025_08_25/block_001/oe_files/PV143_ET_d1t1_2025-08-11_13-29-08/Record Node 102/analysis/recNames=Block001,Animal=PV_143/lizMov.mat",True,True,2,1,66.59999999997672,1
PV_143,001,PV_143_block_001,PV_143_001_1067252_R,1067252.5,1067352.4,13.330261486034876,134.9058240400329,R,monocular,1,"/Volumes/Data-1/Nimrod/experiments/PV_143/2025_08_25/block_001/oe_files/PV143_ET_d1t1_2025-08-11_13-29-08/Record Node 102/analysis/recNames=Block001,Animal=PV_143/lizMov.mat",True,False,1,0,66.60000000009313,1
PV_143,001,PV_143_block_001,PV_143_001_1125078_R,1125077.95,1125127.9,7.601815007598335,149.28612245764526,R,monocular,1,"/Volumes/Data-1/Nimrod/experiments/PV_143/2025_08_25/block_001/oe_files/PV143_ET_d1t1_2025-08-11_13-29-08/Record Node 102/analysis/recNames=Block001,Animal=PV_143/lizMov.mat",True,False,0,0,,1
PV_143,001,PV_143_block_001,PV_143_001_1168734_R,1168734.25,1168834.15,11.4234877568171,330.96457904918645,R,monocular,1,"/Volumes/Data-1/Nimrod/experiments/PV_143/2025_08_25/block_001/oe_files/PV143_ET_d1t1_2025-08-11_13-29-08/Record Node 102/analysis/recNames=Block001,Animal=PV_143/lizMov.mat",True,False,0,0,,1
PV_143,001,PV_143_block_001,PV_143_001_1174329_R,1174328.65,1174428.55,10.603582890956945,307.5787851670508,R,monocular,1,"/Volumes/Data-1/Nimrod/experiments/PV_143/2025_08_25/block_001/oe_files/PV143_ET_d1t1_2025-08-11_13-29-08/Record Node 102/analysis/recNames=Block001,Animal=PV_143/lizMov.mat",True,False,1,0,149.85000000009313,1
PV_143,001,PV_143_block_001,PV_143_001_1211641_R,1211641.3,1211741.2,13.802740950299714,312.8139229569306,R,monocular,1,"/Volumes/Data-1/Nimrod/experiments/PV_143/2025_08_25/block_001/oe_files/PV143_ET_d1t1_2025-08-11_13-29-08/Record Node 102/analysis/recNames=Block001,Animal=PV_143/lizMov.mat",True,False,0,0,,1
PV_143,002,PV_143_block_002,PV_143_002_28323_R,28322.75,28389.35,7.12234858130259,331.23493505683405,R,binocular,2,"/Volumes/Data-1/Nimrod/experiments/PV_143/2025_08_25/block_002/oe_files/PV143_ET_d1t2_2025-08-11_13-50-11/Record Node 102/analysis/recNames=Block002,Animal=PV_143/lizMov.mat",True,False,1,0,133.20000000000073,2
PV_143,002,PV_143_block_002,PV_143_002_48419_R,48419.3,48552.5,12.302051689848609,157.76291477904346,R,binocular,2,"/Volumes/Data-1/Nimrod/experiments/PV_143/2025_08_25/block_002/oe_files/PV143_ET_d1t2_2025-08-11_13-50-11/Record Node 102/analysis/recNames=Block002,Animal=PV_143/lizMov.mat",True,False,0,0,,2
PV_143,002,PV_143_block_002,PV_143_002_280187_L,280187.3,280303.85,16.613362268142758,29.62593825512852,L,binocular,2,"/Volumes/Data-1/Nimrod/experiments/PV_143/2025_08_25/block_002/oe_files/PV143_ET_d1t2_2025-08-11_13-50-11/Record Node 102/analysis/recNames=Block002,Animal=PV_143/lizMov.mat",True,False,1,0,149.85000000003492,2
PV_143,002,PV_143_block_002,PV_143_002_315052_R,315052.4,315135.65,13.962838894939017,154.37104587218334,R,binocular,2,"/Volumes/Data-1/Nimrod/experiments/PV_143/2025_08_25/block_002/oe_files/PV143_ET_d1t2_2025-08-11_13-50-11/Record Node 102/analysis/recNames=Block002,Animal=PV_143/lizMov.mat",True,False,3,0,49.949999999953434,2
PV_143,002,PV_143_block_002,PV_143_002_317983_R,317982.8,318099.35,11.810366710406896,142.84115950787734,R,binocular,2,"/Volumes/Data-1/Nimrod/experiments/PV_143/2025_08_25/block_002/oe_files/PV143_ET_d1t2_2025-08-11_13-50-11/Record Node 102/analysis/recNames=Block002,Animal=PV_143/lizMov.mat",True,False,1,0,149.85000000003492,2
PV_143,002,PV_143_block_002,PV_143_002_322162_R,322161.95,322278.5,7.36769757266816,346.6358291659897,R,binocular,2,"/Volumes/Data-1/Nimrod/experiments/PV_143/2025_08_25/block_002/oe_files/PV143_ET_d1t2_2025-08-11_13-50-11/Record Node 102/analysis/recNames=Block002,Animal=PV_143/lizMov.mat",True,False,1,0,149.84999999997672,2
PV_143,002,PV_143_block_002,PV_143_002_322312_R,322311.8,322395.05,7.1294766175671,27.4589297949271,R,binocular,2,"/Volumes/Data-1/Nimrod/experiments/PV_143/2025_08_25/block_002/oe_files/PV143_ET_d1t2_2025-08-11_13-50-11/Record Node 102/analysis/recNames=Block002,Animal=PV_143/lizMov.mat",True,False,1,0,49.95000000001164,2
PV_143,002,PV_143_block_002,PV_143_002_323644_R,323643.8,323710.4,7.711697685496079,345.433749751544,R,binocular,2,"/Volumes/Data-1/Nimrod/experiments/PV_143/2025_08_25/block_002/oe_files/PV143_ET_d1t2_2025-08-11_13-50-11/Record Node 102/analysis/recNames=Block002,Animal=PV_143/lizMov.mat",True,False,1,0,33.29999999998836,2
PV_143,002,PV_143_block_002,PV_143_002_325292_R,325292.15,325375.4,9.414196426676176,16.63434651367666,R,binocular,2,"/Volumes/Data-1/Nimrod/experiments/PV_143/2025_08_25/block_002/oe_files/PV143_ET_d1t2_2025-08-11_13-50-11/Record Node 102/analysis/recNames=Block002,Animal=PV_143/lizMov.mat",True,False,0,0,,2
PV_143,002,PV_143_block_002,PV_143_002_341626_R,341625.8,341709.05,8.39025340226748,320.49936268126936,R,binocular,2,"/Volumes/Data-1/Nimrod/experiments/PV_143/2025_08_25/block_002/oe_files/PV143_ET_d1t2_2025-08-11_13-50-11/Record Node 102/analysis/recNames=Block002,Animal=PV_143/lizMov.mat",True,False,2,0,99.90000000002328,2
PV_143,002,PV_143_block_002,PV_143_002_351000_L,350999.75,351066.35,8.55045331518422,179.74108400422332,L,binocular,2,"/Volumes/Data-1/Nimrod/experiments/PV_143/2025_08_25/block_002/oe_files/PV143_ET_d1t2_2025-08-11_13-50-11/Record Node 102/analysis/recNames=Block002,Animal=PV_143/lizMov.mat",True,False,2,0,99.90000000002328,2
PV_143,002,PV_143_block_002,PV_143_002_355895_R,355894.85,355944.8,11.493918276682907,189.1399543366317,R,binocular,2,"/Volumes/Data-1/Nimrod/experiments/PV_143/2025_08_25/block_002/oe_files/PV143_ET_d1t2_2025-08-11_13-50-11/Record Node 102/analysis/recNames=Block002,Animal=PV_143/lizMov.mat",True,True,5,1,33.300000000046566,2
PV_143,002,PV_143_block_002,PV_143_002_355978_L,355978.1,356044.7,7.9867283426918,355.23590635952996,L,binocular,2,"/Volumes/Data-1/Nimrod/experiments/PV_143/2025_08_25/block_002/oe_files/PV143_ET_d1t2_2025-08-11_13-50-11/Record Node 102/analysis/recNames=Block002,Animal=PV_143/lizMov.mat",True,False,2,0,16.650000000023283,2
PV_143,002,PV_143_block_002,PV_143_002_363171_R,363170.9,363237.5,7.104404761529083,157.00725618305458,R,binocular,2,"/Volumes/Data-1/Nimrod/experiments/PV_143/2025_08_25/block_002/oe_files/PV143_ET_d1t2_2025-08-11_13-50-11/Record Node 102/analysis/recNames=Block002,Animal=PV_143/lizMov.mat",True,False,2,0,83.25,2
PV_143,002,PV_143_block_002,PV_143_002_374560_R,374559.5,374642.75,12.712137015344812,342.9056556539852,R,binocular,2,"/Volumes/Data-1/Nimrod/experiments/PV_143/2025_08_25/block_002/oe_files/PV143_ET_d1t2_2025-08-11_13-50-11/Record Node 102/analysis/recNames=Block002,Animal=PV_143/lizMov.mat",True,False,2,0,116.54999999998836,2
PV_143,002,PV_143_block_002,PV_143_002_386997_R,386997.05,387080.3,8.647651599199472,6.444281493028816,R,binocular,2,"/Volumes/Data-1/Nimrod/experiments/PV_143/2025_08_25/block_002/oe_files/PV143_ET_d1t2_2025-08-11_13-50-11/Record Node 102/analysis/recNames=Block002,Animal=PV_143/lizMov.mat",True,False,1,0,83.25,2
PV_143,002,PV_143_block_002,PV_143_002_388046_R,388046.0,388129.25,13.087400554417034,357.18117895454276,R,binocular,2,"/Volumes/Data-1/Nimrod/experiments/PV_143/2025_08_25/block_002/oe_files/PV143_ET_d1t2_2025-08-11_13-50-11/Record Node 102/analysis/recNames=Block002,Animal=PV_143/lizMov.mat",True,False,2,0,99.90000000002328,2
PV_143,002,PV_143_block_002,PV_143_002_407077_R,407076.95,407143.55,9.958292669325921,330.09154023286226,R,binocular,2,"/Volumes/Data-1/Nimrod/experiments/PV_143/2025_08_25/block_002/oe_files/PV143_ET_d1t2_2025-08-11_13-50-11/Record Node 102/analysis/recNames=Block002,Animal=PV_143/lizMov.mat",True,True,2,1,49.95000000001164,2
PV_143,002,PV_143_block_002,PV_143_002_411806_R,411805.55,411855.5,7.185766088606221,271.40074813142644,R,binocular,2,"/Volumes/Data-1/Nimrod/experiments/PV_143/2025_08_25/block_002/oe_files/PV143_ET_d1t2_2025-08-11_13-50-11/Record Node 102/analysis/recNames=Block002,Animal=PV_143/lizMov.mat",True,False,0,0,,2
PV_143,002,PV_143_block_002,PV_143_002_584666_R,584665.85,584732.45,9.568871731305471,224.612486831578,R,binocular,2,"/Volumes/Data-1/Nimrod/experiments/PV_143/2025_08_25/block_002/oe_files/PV143_ET_d1t2_2025-08-11_13-50-11/Record Node 102/analysis/recNames=Block002,Animal=PV_143/lizMov.mat",True,False,2,0,66.59999999997672,2
PV_143,002,PV_143_block_002,PV_143_002_1038378_R,1038378.35,1038478.25,8.43415720931501,56.547755587863314,R,binocular,2,"/Volumes/Data-1/Nimrod/experiments/PV_143/2025_08_25/block_002/oe_files/PV143_ET_d1t2_2025-08-11_13-50-11/Record Node 102/analysis/recNames=Block002,Animal=PV_143/lizMov.mat",True,False,2,0,16.650000000023283,2
PV_143,002,PV_143_block_002,PV_143_002_409275_L,409274.75,409308.05,9.061702786932146,282.80792206585056,L,monocular,1,"/Volumes/Data-1/Nimrod/experiments/PV_143/2025_08_25/block_002/oe_files/PV143_ET_d1t2_2025-08-11_13-50-11/Record Node 102/analysis/recNames=Block002,Animal=PV_143/lizMov.mat",True,False,2,0,33.29999999998836,1
PV_143,002,PV_143_block_002,PV_143_002_1112021_L,1112021.3,1112087.9,8.85964658057222,50.84464142172644,L,monocular,1,"/Volumes/Data-1/Nimrod/experiments/PV_143/2025_08_25/block_002/oe_files/PV143_ET_d1t2_2025-08-11_13-50-11/Record Node 102/analysis/recNames=Block002,Animal=PV_143/lizMov.mat",True,False,0,0,,1
PV_143,002,PV_143_block_002,PV_143_002_1172611_L,1172610.65,1172677.25,11.19931726597561,98.67587832227946,L,monocular,1,"/Volumes/Data-1/Nimrod/experiments/PV_143/2025_08_25/block_002/oe_files/PV143_ET_d1t2_2025-08-11_13-50-11/Record Node 102/analysis/recNames=Block002,Animal=PV_143/lizMov.mat",True,False,1,0,83.25,1
PV_143,002,PV_143_block_002,PV_143_002_1285914_L,1285913.9,1285997.15,16.324555542725296,66.22252065696598,L,monocular,1,"/Volumes/Data-1/Nimrod/experiments/PV_143/2025_08_25/block_002/oe_files/PV143_ET_d1t2_2025-08-11_13-50-11/Record Node 102/analysis/recNames=Block002,Animal=PV_143/lizMov.mat",True,False,1,0,116.55000000004657,1
PV_143,002,PV_143_block_002,PV_143_002_1324608_L,1324608.5,1324708.4,10.833481402250555,221.208082648336,L,monocular,1,"/Volumes/Data-1/Nimrod/experiments/PV_143/2025_08_25/block_002/oe_files/PV143_ET_d1t2_2025-08-11_13-50-11/Record Node 102/analysis/recNames=Block002,Animal=PV_143/lizMov.mat",True,False,0,0,,1
PV_143,002,PV_143_block_002,PV_143_002_323128_R,323127.65,323210.9,9.154354107483016,350.05793775345745,R,monocular,1,"/Volumes/Data-1/Nimrod/experiments/PV_143/2025_08_25/block_002/oe_files/PV143_ET_d1t2_2025-08-11_13-50-11/Record Node 102/analysis/recNames=Block002,Animal=PV_143/lizMov.mat",True,False,1,0,49.949999999953434,1
PV_143,002,PV_143_block_002,PV_143_002_344956_R,344955.8,344989.1,13.052551940546486,197.96251979823901,R,monocular,1,"/Volumes/Data-1/Nimrod/experiments/PV_143/2025_08_25/block_002/oe_files/PV143_ET_d1t2_2025-08-11_13-50-11/Record Node 102/analysis/recNames=Block002,Animal=PV_143/lizMov.mat",True,True,6,1,33.29999999998836,1
PV_143,002,PV_143_block_002,PV_143_002_345056_R,345055.7,345138.95,9.47763901628501,8.009996179184606,R,monocular,1,"/Volumes/Data-1/Nimrod/experiments/PV_143/2025_08_25/block_002/oe_files/PV143_ET_d1t2_2025-08-11_13-50-11/Record Node 102/analysis/recNames=Block002,Animal=PV_143/lizMov.mat",True,True,3,1,66.59999999997672,1
PV_143,002,PV_143_block_002,PV_143_002_413754_R,413753.6,413803.55,7.194835640207705,253.32784823187097,R,monocular,1,"/Volumes/Data-1/Nimrod/experiments/PV_143/2025_08_25/block_002/oe_files/PV143_ET_d1t2_2025-08-11_13-50-11/Record Node 102/analysis/recNames=Block002,Animal=PV_143/lizMov.mat",True,False,0,0,,1
PV_143,002,PV_143_block_002,PV_143_002_414736_R,414735.95,414785.9,8.560264181171684,178.15385980942108,R,monocular,1,"/Volumes/Data-1/Nimrod/experiments/PV_143/2025_08_25/block_002/oe_files/PV143_ET_d1t2_2025-08-11_13-50-11/Record Node 102/analysis/recNames=Block002,Animal=PV_143/lizMov.mat",True,True,3,1,33.29999999998836,1
PV_143,002,PV_143_block_002,PV_143_002_608775_R,608775.05,608808.35,14.472991056867093,143.5394736645719,R,monocular,1,"/Volumes/Data-1/Nimrod/experiments/PV_143/2025_08_25/block_002/oe_files/PV143_ET_d1t2_2025-08-11_13-50-11/Record Node 102/analysis/recNames=Block002,Animal=PV_143/lizMov.mat",True,False,3,0,33.29999999993015,1
PV_143,003,PV_143_block_003,PV_143_003_43554_R,43553.95,43653.85,7.463645443802113,154.14028113524816,R,binocular,2,"/Volumes/Data-1/Nimrod/experiments/PV_143/2025_08_25/block_003/oe_files/PV143_ET_d1t3_2025-08-11_14-20-35/Record Node 102/analysis/recNames=Block003,Animal=PV_143/lizMov.mat",True,False,1,0,133.20000000000437,2
PV_143,003,PV_143_block_003,PV_143_003_43687_R,43687.15,43753.75,12.832980530299908,353.44566788068374,R,binocular,2,"/Volumes/Data-1/Nimrod/experiments/PV_143/2025_08_25/block_003/oe_files/PV143_ET_d1t3_2025-08-11_14-20-35/Record Node 102/analysis/recNames=Block003,Animal=PV_143/lizMov.mat",True,False,3,0,33.299999999995634,2
PV_143,003,PV_143_block_003,PV_143_003_43904_R,43903.6,43970.2,8.233391227719778,164.51457896960275,R,binocular,2,"/Volumes/Data-1/Nimrod/experiments/PV_143/2025_08_25/block_003/oe_files/PV143_ET_d1t3_2025-08-11_14-20-35/Record Node 102/analysis/recNames=Block003,Animal=PV_143/lizMov.mat",True,False,0,0,,2
PV_143,003,PV_143_block_003,PV_143_003_45668_R,45668.5,45718.45,10.909277074796735,352.3626987635505,R,binocular,2,"/Volumes/Data-1/Nimrod/experiments/PV_143/2025_08_25/block_003/oe_files/PV143_ET_d1t3_2025-08-11_14-20-35/Record Node 102/analysis/recNames=Block003,Animal=PV_143/lizMov.mat",True,False,1,0,49.94999999999709,2
PV_143,003,PV_143_block_003,PV_143_003_85096_R,85095.7,85178.95,7.390979592704244,280.8236956116417,R,binocular,2,"/Volumes/Data-1/Nimrod/experiments/PV_143/2025_08_25/block_003/oe_files/PV143_ET_d1t3_2025-08-11_14-20-35/Record Node 102/analysis/recNames=Block003,Animal=PV_143/lizMov.mat",True,False,2,0,49.94999999999709,2
PV_143,003,PV_143_block_003,PV_143_003_85445_R,85445.35,85528.6,10.000337827852523,70.95896100600724,R,binocular,2,"/Volumes/Data-1/Nimrod/experiments/PV_143/2025_08_25/block_003/oe_files/PV143_ET_d1t3_2025-08-11_14-20-35/Record Node 102/analysis/recNames=Block003,Animal=PV_143/lizMov.mat",True,True,2,1,83.25,2
PV_143,003,PV_143_block_003,PV_143_003_85529_R,85528.6,85628.5,8.746999696043959,267.84232113140564,R,binocular,2,"/Volumes/Data-1/Nimrod/experiments/PV_143/2025_08_25/block_003/oe_files/PV143_ET_d1t3_2025-08-11_14-20-35/Record Node 102/analysis/recNames=Block003,Animal=PV_143/lizMov.mat",True,False,0,0,,2
PV_143,003,PV_143_block_003,PV_143_003_85745_R,85745.05,85811.65,19.470240309141655,153.5410399570729,R,binocular,2,"/Volumes/Data-1/Nimrod/experiments/PV_143/2025_08_25/block_003/oe_files/PV143_ET_d1t3_2025-08-11_14-20-35/Record Node 102/analysis/recNames=Block003,Animal=PV_143/lizMov.mat",True,False,2,0,49.94999999999709,2
PV_143,003,PV_143_block_003,PV_143_003_85795_R,85795.0,85911.55,10.209065804600739,7.275986513557813,R,binocular,2,"/Volumes/Data-1/Nimrod/experiments/PV_143/2025_08_25/block_003/oe_files/PV143_ET_d1t3_2025-08-11_14-20-35/Record Node 102/analysis/recNames=Block003,Animal=PV_143/lizMov.mat",True,False,0,0,,2
PV_143,003,PV_143_block_003,PV_143_003_103627_L,103627.15,103727.05,13.640442705549857,15.406586406052567,L,binocular,2,"/Volumes/Data-1/Nimrod/experiments/PV_143/2025_08_25/block_003/oe_files/PV143_ET_d1t3_2025-08-11_14-20-35/Record Node 102/analysis/recNames=Block003,Animal=PV_143/lizMov.mat",True,False,1,0,116.55000000000291,2
PV_143,003,PV_143_block_003,PV_143_003_142621_R,142621.45,142754.65,20.764955898579135,340.0308905983708,R,binocular,2,"/Volumes/Data-1/Nimrod/experiments/PV_143/2025_08_25/block_003/oe_files/PV143_ET_d1t3_2025-08-11_14-20-35/Record Node 102/analysis/recNames=Block003,Animal=PV_143/lizMov.mat",True,False,2,0,133.19999999998254,2
PV_143,003,PV_143_block_003,PV_143_003_143970_L,143970.1,144053.35,7.088814549453325,4.200171500462846,L,binocular,2,"/Volumes/Data-1/Nimrod/experiments/PV_143/2025_08_25/block_003/oe_files/PV143_ET_d1t3_2025-08-11_14-20-35/Record Node 102/analysis/recNames=Block003,Animal=PV_143/lizMov.mat",True,False,2,0,99.89999999999418,2
PV_143,003,PV_143_block_003,PV_143_003_148516_L,148515.55,148632.1,11.210894717928543,92.4684415193477,L,binocular,2,"/Volumes/Data-1/Nimrod/experiments/PV_143/2025_08_25/block_003/oe_files/PV143_ET_d1t3_2025-08-11_14-20-35/Record Node 102/analysis/recNames=Block003,Animal=PV_143/lizMov.mat",True,False,2,0,116.55000000001746,2
PV_143,003,PV_143_block_003,PV_143_003_148948_R,148948.45,149048.35,20.41030050876964,54.090681432102755,R,binocular,2,"/Volumes/Data-1/Nimrod/experiments/PV_143/2025_08_25/block_003/oe_files/PV143_ET_d1t3_2025-08-11_14-20-35/Record Node 102/analysis/recNames=Block003,Animal=PV_143/lizMov.mat",True,True,5,3,49.94999999998254,2
PV_143,003,PV_143_block_003,PV_143_003_149082_L,149081.65,149164.9,8.564943507083115,272.8083207999094,L,binocular,2,"/Volumes/Data-1/Nimrod/experiments/PV_143/2025_08_25/block_003/oe_files/PV143_ET_d1t3_2025-08-11_14-20-35/Record Node 102/analysis/recNames=Block003,Animal=PV_143/lizMov.mat",True,False,0,0,,2
PV_143,003,PV_143_block_003,PV_143_003_149581_R,149581.15,149614.45,13.327559623288646,178.2971970732909,R,binocular,2,"/Volumes/Data-1/Nimrod/experiments/PV_143/2025_08_25/block_003/oe_files/PV143_ET_d1t3_2025-08-11_14-20-35/Record Node 102/analysis/recNames=Block003,Animal=PV_143/lizMov.mat",True,False,2,0,16.64999999999418,2
PV_143,003,PV_143_block_003,PV_143_003_149931_L,149930.8,150030.7,9.97930127505657,169.12708184312294,L,binocular,2,"/Volumes/Data-1/Nimrod/experiments/PV_143/2025_08_25/block_003/oe_files/PV143_ET_d1t3_2025-08-11_14-20-35/Record Node 102/analysis/recNames=Block003,Animal=PV_143/lizMov.mat",True,False,1,0,33.30000000001746,2
PV_143,003,PV_143_block_003,PV_143_003_151080_L,151079.65,151096.3,7.058976911540335,8.543101156508834,L,binocular,2,"/Volumes/Data-1/Nimrod/experiments/PV_143/2025_08_25/block_003/oe_files/PV143_ET_d1t3_2025-08-11_14-20-35/Record Node 102/analysis/recNames=Block003,Animal=PV_143/lizMov.mat",True,False,2,0,16.64999999999418,2
PV_143,003,PV_143_block_003,PV_143_003_151829_R,151828.9,151878.85,9.851513499867606,195.5818427450941,R,binocular,2,"/Volumes/Data-1/Nimrod/experiments/PV_143/2025_08_25/block_003/oe_files/PV143_ET_d1t3_2025-08-11_14-20-35/Record Node 102/analysis/recNames=Block003,Animal=PV_143/lizMov.mat",True,True,3,2,33.30000000001746,2
PV_143,003,PV_143_block_003,PV_143_003_153910_R,153910.15,153960.1,10.704188305161356,316.26355862938914,R,binocular,2,"/Volumes/Data-1/Nimrod/experiments/PV_143/2025_08_25/block_003/oe_files/PV143_ET_d1t3_2025-08-11_14-20-35/Record Node 102/analysis/recNames=Block003,Animal=PV_143/lizMov.mat",True,False,2,0,49.95000000001164,2
PV_143,003,PV_143_block_003,PV_143_003_178735_R,178735.3,178835.2,8.413834569851362,210.35087186313663,R,binocular,2,"/Volumes/Data-1/Nimrod/experiments/PV_143/2025_08_25/block_003/oe_files/PV143_ET_d1t3_2025-08-11_14-20-35/Record Node 102/analysis/recNames=Block003,Animal=PV_143/lizMov.mat",True,False,3,0,116.55000000001746,2
PV_143,003,PV_143_block_003,PV_143_003_178902_R,178901.8,179068.3,23.355057843542255,39.29991717649244,R,binocular,2,"/Volumes/Data-1/Nimrod/experiments/PV_143/2025_08_25/block_003/oe_files/PV143_ET_d1t3_2025-08-11_14-20-35/Record Node 102/analysis/recNames=Block003,Animal=PV_143/lizMov.mat",True,False,0,0,,2
PV_143,003,PV_143_block_003,PV_143_003_182432_R,182431.6,182481.55,11.792639532243872,162.1530710956689,R,binocular,2,"/Volumes/Data-1/Nimrod/experiments/PV_143/2025_08_25/block_003/oe_files/PV143_ET_d1t3_2025-08-11_14-20-35/Record Node 102/analysis/recNames=Block003,Animal=PV_143/lizMov.mat",True,True,6,3,49.94999999998254,2
PV_143,003,PV_143_block_003,PV_143_003_182581_R,182581.45,182681.35,9.830918069012945,158.38925725512487,R,binocular,2,"/Volumes/Data-1/Nimrod/experiments/PV_143/2025_08_25/block_003/oe_files/PV143_ET_d1t3_2025-08-11_14-20-35/Record Node 102/analysis/recNames=Block003,Animal=PV_143/lizMov.mat",True,False,0,0,33.29999999998836,2
PV_143,003,PV_143_block_003,PV_143_003_185012_L,185012.35,185062.3,7.870083778489402,27.88662164396021,L,binocular,2,"/Volumes/Data-1/Nimrod/experiments/PV_143/2025_08_25/block_003/oe_files/PV143_ET_d1t3_2025-08-11_14-20-35/Record Node 102/analysis/recNames=Block003,Animal=PV_143/lizMov.mat",True,False,1,0,33.29999999998836,2
PV_143,003,PV_143_block_003,PV_143_003_189941_R,189940.75,190040.65,7.969389368230692,149.17630075266075,R,binocular,2,"/Volumes/Data-1/Nimrod/experiments/PV_143/2025_08_25/block_003/oe_files/PV143_ET_d1t3_2025-08-11_14-20-35/Record Node 102/analysis/recNames=Block003,Animal=PV_143/lizMov.mat",True,False,1,0,133.20000000001164,2
PV_143,003,PV_143_block_003,PV_143_003_205225_R,205225.45,205308.7,17.689031009245195,324.8420365912782,R,binocular,2,"/Volumes/Data-1/Nimrod/experiments/PV_143/2025_08_25/block_003/oe_files/PV143_ET_d1t3_2025-08-11_14-20-35/Record Node 102/analysis/recNames=Block003,Animal=PV_143/lizMov.mat",True,False,0,0,,2
PV_143,003,PV_143_block_003,PV_143_003_206724_R,206723.95,206857.15,18.13063586851829,337.7967013432334,R,binocular,2,"/Volumes/Data-1/Nimrod/experiments/PV_143/2025_08_25/block_003/oe_files/PV143_ET_d1t3_2025-08-11_14-20-35/Record Node 102/analysis/recNames=Block003,Animal=PV_143/lizMov.mat",True,False,2,0,133.19999999998254,2
PV_143,003,PV_143_block_003,PV_143_003_216714_L,216713.95,216813.85,9.552517234500147,299.92684123972697,L,binocular,2,"/Volumes/Data-1/Nimrod/experiments/PV_143/2025_08_25/block_003/oe_files/PV143_ET_d1t3_2025-08-11_14-20-35/Record Node 102/analysis/recNames=Block003,Animal=PV_143/lizMov.mat",True,False,0,0,,2
PV_143,003,PV_143_block_003,PV_143_003_240424_R,240423.55,240523.45,8.96303541333054,322.6304407554796,R,binocular,2,"/Volumes/Data-1/Nimrod/experiments/PV_143/2025_08_25/block_003/oe_files/PV143_ET_d1t3_2025-08-11_14-20-35/Record Node 102/analysis/recNames=Block003,Animal=PV_143/lizMov.mat",True,False,1,0,99.90000000002328,2
PV_143,003,PV_143_block_003,PV_143_003_259188_L,259188.1,259238.05,8.16912194052647,226.64118954764456,L,binocular,2,"/Volumes/Data-1/Nimrod/experiments/PV_143/2025_08_25/block_003/oe_files/PV143_ET_d1t3_2025-08-11_14-20-35/Record Node 102/analysis/recNames=Block003,Animal=PV_143/lizMov.mat",True,False,1,0,33.29999999998836,2
PV_143,003,PV_143_block_003,PV_143_003_280084_R,280083.85,280167.1,7.151209031475606,35.59710447199822,R,binocular,2,"/Volumes/Data-1/Nimrod/experiments/PV_143/2025_08_25/block_003/oe_files/PV143_ET_d1t3_2025-08-11_14-20-35/Record Node 102/analysis/recNames=Block003,Animal=PV_143/lizMov.mat",True,False,0,0,,2
PV_143,003,PV_143_block_003,PV_143_003_287310_L,287309.95,287409.85,8.333257502751417,170.82464002945528,L,binocular,2,"/Volumes/Data-1/Nimrod/experiments/PV_143/2025_08_25/block_003/oe_files/PV143_ET_d1t3_2025-08-11_14-20-35/Record Node 102/analysis/recNames=Block003,Animal=PV_143/lizMov.mat",True,False,0,0,,2
PV_143,003,PV_143_block_003,PV_143_003_454210_R,454209.55,454309.45,7.345620895040919,124.28949562608538,R,binocular,2,"/Volumes/Data-1/Nimrod/experiments/PV_143/2025_08_25/block_003/oe_files/PV143_ET_d1t3_2025-08-11_14-20-35/Record Node 102/analysis/recNames=Block003,Animal=PV_143/lizMov.mat",True,False,2,0,116.54999999998836,2
PV_143,003,PV_143_block_003,PV_143_003_454326_R,454326.1,454426.0,7.175887466643394,311.10258194344976,R,binocular,2,"/Volumes/Data-1/Nimrod/experiments/PV_143/2025_08_25/block_003/oe_files/PV143_ET_d1t3_2025-08-11_14-20-35/Record Node 102/analysis/recNames=Block003,Animal=PV_143/lizMov.mat",True,False,0,0,,2
PV_143,003,PV_143_block_003,PV_143_003_467912_R,467912.5,467979.1,7.911875350191109,148.33505416790328,R,binocular,2,"/Volumes/Data-1/Nimrod/experiments/PV_143/2025_08_25/block_003/oe_files/PV143_ET_d1t3_2025-08-11_14-20-35/Record Node 102/analysis/recNames=Block003,Animal=PV_143/lizMov.mat",True,False,0,0,,2
PV_143,003,PV_143_block_003,PV_143_003_482564_R,482564.5,482647.75,15.71719646346761,325.3863172694831,R,binocular,2,"/Volumes/Data-1/Nimrod/experiments/PV_143/2025_08_25/block_003/oe_files/PV143_ET_d1t3_2025-08-11_14-20-35/Record Node 102/analysis/recNames=Block003,Animal=PV_143/lizMov.mat",True,False,2,0,99.90000000002328,2
PV_143,003,PV_143_block_003,PV_143_003_482781_R,482780.95,482864.2,8.449156698312247,156.67890466689255,R,binocular,2,"/Volumes/Data-1/Nimrod/experiments/PV_143/2025_08_25/block_003/oe_files/PV143_ET_d1t3_2025-08-11_14-20-35/Record Node 102/analysis/recNames=Block003,Animal=PV_143/lizMov.mat",True,False,0,0,,2
PV_143,003,PV_143_block_003,PV_143_003_483763_R,483763.3,483829.9,8.299066884767077,337.79351105710845,R,binocular,2,"/Volumes/Data-1/Nimrod/experiments/PV_143/2025_08_25/block_003/oe_files/PV143_ET_d1t3_2025-08-11_14-20-35/Record Node 102/analysis/recNames=Block003,Animal=PV_143/lizMov.mat",True,False,2,0,83.25,2
PV_143,003,PV_143_block_003,PV_143_003_484562_R,484562.5,484645.75,7.345122329747088,317.997352924629,R,binocular,2,"/Volumes/Data-1/Nimrod/experiments/PV_143/2025_08_25/block_003/oe_files/PV143_ET_d1t3_2025-08-11_14-20-35/Record Node 102/analysis/recNames=Block003,Animal=PV_143/lizMov.mat",True,True,4,2,16.650000000023283,2
PV_143,003,PV_143_block_003,PV_143_003_484679_R,484679.05,484795.6,8.215689404186826,316.53818224933536,R,binocular,2,"/Volumes/Data-1/Nimrod/experiments/PV_143/2025_08_25/block_003/oe_files/PV143_ET_d1t3_2025-08-11_14-20-35/Record Node 102/analysis/recNames=Block003,Animal=PV_143/lizMov.mat",True,False,0,0,,2
PV_143,003,PV_143_block_003,PV_143_003_485312_L,485311.75,485395.0,8.001639617443892,230.14039345904754,L,binocular,2,"/Volumes/Data-1/Nimrod/experiments/PV_143/2025_08_25/block_003/oe_files/PV143_ET_d1t3_2025-08-11_14-20-35/Record Node 102/analysis/recNames=Block003,Animal=PV_143/lizMov.mat",True,False,2,0,49.95000000001164,2
PV_143,003,PV_143_block_003,PV_143_003_486128_R,486127.6,486160.9,8.514127727865649,354.1771015204278,R,binocular,2,"/Volumes/Data-1/Nimrod/experiments/PV_143/2025_08_25/block_003/oe_files/PV143_ET_d1t3_2025-08-11_14-20-35/Record Node 102/analysis/recNames=Block003,Animal=PV_143/lizMov.mat",True,True,4,2,16.650000000023283,2
PV_143,003,PV_143_block_003,PV_143_003_486411_R,486410.65,486543.85,8.789325527630572,216.92481332445976,R,binocular,2,"/Volumes/Data-1/Nimrod/experiments/PV_143/2025_08_25/block_003/oe_files/PV143_ET_d1t3_2025-08-11_14-20-35/Record Node 102/analysis/recNames=Block003,Animal=PV_143/lizMov.mat",True,True,4,2,83.25,2
PV_143,003,PV_143_block_003,PV_143_003_486927_R,486926.8,487010.05,7.033730979686301,309.3140819431831,R,binocular,2,"/Volumes/Data-1/Nimrod/experiments/PV_143/2025_08_25/block_003/oe_files/PV143_ET_d1t3_2025-08-11_14-20-35/Record Node 102/analysis/recNames=Block003,Animal=PV_143/lizMov.mat",True,False,1,0,66.60000000003492,2
PV_143,003,PV_143_block_003,PV_143_003_487776_L,487775.95,487842.55,7.271029170428274,14.316542707320277,L,binocular,2,"/Volumes/Data-1/Nimrod/experiments/PV_143/2025_08_25/block_003/oe_files/PV143_ET_d1t3_2025-08-11_14-20-35/Record Node 102/analysis/recNames=Block003,Animal=PV_143/lizMov.mat",True,False,2,0,66.59999999997672,2
PV_143,003,PV_143_block_003,PV_143_003_489491_L,489490.9,489557.5,7.074203636683314,79.58991947977354,L,binocular,2,"/Volumes/Data-1/Nimrod/experiments/PV_143/2025_08_25/block_003/oe_files/PV143_ET_d1t3_2025-08-11_14-20-35/Record Node 102/analysis/recNames=Block003,Animal=PV_143/lizMov.mat",True,False,1,0,83.25,2
PV_143,003,PV_143_block_003,PV_143_003_637393_R,637392.85,637459.45,9.08997259548319,127.68840943832167,R,binocular,2,"/Volumes/Data-1/Nimrod/experiments/PV_143/2025_08_25/block_003/oe_files/PV143_ET_d1t3_2025-08-11_14-20-35/Record Node 102/analysis/recNames=Block003,Animal=PV_143/lizMov.mat",True,False,0,0,,2
PV_143,003,PV_143_block_003,PV_143_003_642171_R,642171.4,642287.95,19.845058727664824,303.5783375650187,R,binocular,2,"/Volumes/Data-1/Nimrod/experiments/PV_143/2025_08_25/block_003/oe_files/PV143_ET_d1t3_2025-08-11_14-20-35/Record Node 102/analysis/recNames=Block003,Animal=PV_143/lizMov.mat",True,False,0,0,,2
PV_143,003,PV_143_block_003,PV_143_003_708755_R,708754.75,708854.65,13.73933369437975,337.2972749160682,R,binocular,2,"/Volumes/Data-1/Nimrod/experiments/PV_143/2025_08_25/block_003/oe_files/PV143_ET_d1t3_2025-08-11_14-20-35/Record Node 102/analysis/recNames=Block003,Animal=PV_143/lizMov.mat",True,False,2,0,116.55000000004657,2
PV_143,003,PV_143_block_003,PV_143_003_732781_R,732780.7,732830.65,14.464268174238079,154.378535700181,R,binocular,2,"/Volumes/Data-1/Nimrod/experiments/PV_143/2025_08_25/block_003/oe_files/PV143_ET_d1t3_2025-08-11_14-20-35/Record Node 102/analysis/recNames=Block003,Animal=PV_143/lizMov.mat",True,False,1,0,49.95000000006985,2
PV_143,003,PV_143_block_003,PV_143_003_739308_L,739307.5,739357.45,11.14395578627794,224.16619386579927,L,binocular,2,"/Volumes/Data-1/Nimrod/experiments/PV_143/2025_08_25/block_003/oe_files/PV143_ET_d1t3_2025-08-11_14-20-35/Record Node 102/analysis/recNames=Block003,Animal=PV_143/lizMov.mat",True,True,4,1,33.300000000046566,2
PV_143,003,PV_143_block_003,PV_143_003_743670_R,743669.8,743719.75,17.807749428555606,179.23371394683193,R,binocular,2,"/Volumes/Data-1/Nimrod/experiments/PV_143/2025_08_25/block_003/oe_files/PV143_ET_d1t3_2025-08-11_14-20-35/Record Node 102/analysis/recNames=Block003,Animal=PV_143/lizMov.mat",True,False,2,0,49.949999999953434,2
PV_143,003,PV_143_block_003,PV_143_003_743720_R,743719.75,743852.95,16.084696268648166,13.593068159939971,R,binocular,2,"/Volumes/Data-1/Nimrod/experiments/PV_143/2025_08_25/block_003/oe_files/PV143_ET_d1t3_2025-08-11_14-20-35/Record Node 102/analysis/recNames=Block003,Animal=PV_143/lizMov.mat",True,False,1,0,133.19999999995343,2
PV_143,003,PV_143_block_003,PV_143_003_745834_L,745834.3,745867.6,7.143937853245771,4.079059284705847,L,binocular,2,"/Volumes/Data-1/Nimrod/experiments/PV_143/2025_08_25/block_003/oe_files/PV143_ET_d1t3_2025-08-11_14-20-35/Record Node 102/analysis/recNames=Block003,Animal=PV_143/lizMov.mat",True,False,1,0,33.29999999993015,2
PV_143,003,PV_143_block_003,PV_143_003_749547_R,749547.25,749597.2,9.37135851658339,150.43728310388252,R,binocular,2,"/Volumes/Data-1/Nimrod/experiments/PV_143/2025_08_25/block_003/oe_files/PV143_ET_d1t3_2025-08-11_14-20-35/Record Node 102/analysis/recNames=Block003,Animal=PV_143/lizMov.mat",True,False,1,0,133.19999999995343,2
PV_143,003,PV_143_block_003,PV_143_003_782031_R,782031.4,782131.3,8.156946167307511,27.104910632660154,R,binocular,2,"/Volumes/Data-1/Nimrod/experiments/PV_143/2025_08_25/block_003/oe_files/PV143_ET_d1t3_2025-08-11_14-20-35/Record Node 102/analysis/recNames=Block003,Animal=PV_143/lizMov.mat",True,False,2,0,33.29999999993015,2
PV_143,003,PV_143_block_003,PV_143_003_782264_R,782264.5,782381.05,8.229390821852867,8.759390914881246,R,binocular,2,"/Volumes/Data-1/Nimrod/experiments/PV_143/2025_08_25/block_003/oe_files/PV143_ET_d1t3_2025-08-11_14-20-35/Record Node 102/analysis/recNames=Block003,Animal=PV_143/lizMov.mat",True,True,2,1,49.949999999953434,2
PV_143,003,PV_143_block_003,PV_143_003_822491_R,822490.9,822574.15,9.205370032078823,170.04485318039633,R,binocular,2,"/Volumes/Data-1/Nimrod/experiments/PV_143/2025_08_25/block_003/oe_files/PV143_ET_d1t3_2025-08-11_14-20-35/Record Node 102/analysis/recNames=Block003,Animal=PV_143/lizMov.mat",True,True,2,1,83.25,2
PV_143,003,PV_143_block_003,PV_143_003_866464_R,866463.55,866530.15,12.985584754870205,168.02006627479003,R,binocular,2,"/Volumes/Data-1/Nimrod/experiments/PV_143/2025_08_25/block_003/oe_files/PV143_ET_d1t3_2025-08-11_14-20-35/Record Node 102/analysis/recNames=Block003,Animal=PV_143/lizMov.mat",True,False,1,0,83.25,2
PV_143,003,PV_143_block_003,PV_143_003_878019_L,878018.65,878085.25,7.260770768065542,240.5520552946412,L,binocular,2,"/Volumes/Data-1/Nimrod/experiments/PV_143/2025_08_25/block_003/oe_files/PV143_ET_d1t3_2025-08-11_14-20-35/Record Node 102/analysis/recNames=Block003,Animal=PV_143/lizMov.mat",True,False,0,0,,2
PV_143,003,PV_143_block_003,PV_143_003_940007_R,940006.6,940089.85,16.81454153093886,166.19954581263642,R,binocular,2,"/Volumes/Data-1/Nimrod/experiments/PV_143/2025_08_25/block_003/oe_files/PV143_ET_d1t3_2025-08-11_14-20-35/Record Node 102/analysis/recNames=Block003,Animal=PV_143/lizMov.mat",True,False,1,0,99.90000000002328,2
PV_143,003,PV_143_block_003,PV_143_003_943436_R,943436.5,943486.45,10.307425333767833,186.0864114892153,R,binocular,2,"/Volumes/Data-1/Nimrod/experiments/PV_143/2025_08_25/block_003/oe_files/PV143_ET_d1t3_2025-08-11_14-20-35/Record Node 102/analysis/recNames=Block003,Animal=PV_143/lizMov.mat",True,True,3,2,33.300000000046566,2
PV_143,003,PV_143_block_003,PV_143_003_943470_R,943469.8,943686.25,23.472731576942586,347.9909713481533,R,binocular,2,"/Volumes/Data-1/Nimrod/experiments/PV_143/2025_08_25/block_003/oe_files/PV143_ET_d1t3_2025-08-11_14-20-35/Record Node 102/analysis/recNames=Block003,Animal=PV_143/lizMov.mat",True,True,2,1,49.949999999953434,2
PV_143,003,PV_143_block_003,PV_143_003_954126_L,954125.8,954242.35,19.33191042949617,73.49257034643469,L,binocular,2,"/Volumes/Data-1/Nimrod/experiments/PV_143/2025_08_25/block_003/oe_files/PV143_ET_d1t3_2025-08-11_14-20-35/Record Node 102/analysis/recNames=Block003,Animal=PV_143/lizMov.mat",True,False,0,0,,2
PV_143,003,PV_143_block_003,PV_143_003_965448_R,965447.8,965531.05,9.39971784890912,307.76527478017243,R,binocular,2,"/Volumes/Data-1/Nimrod/experiments/PV_143/2025_08_25/block_003/oe_files/PV143_ET_d1t3_2025-08-11_14-20-35/Record Node 102/analysis/recNames=Block003,Animal=PV_143/lizMov.mat",True,False,0,0,,2
PV_143,003,PV_143_block_003,PV_143_003_1209404_R,1209403.6,1209486.85,8.823185241247794,331.5732879943377,R,binocular,2,"/Volumes/Data-1/Nimrod/experiments/PV_143/2025_08_25/block_003/oe_files/PV143_ET_d1t3_2025-08-11_14-20-35/Record Node 102/analysis/recNames=Block003,Animal=PV_143/lizMov.mat",True,True,3,1,33.299999999813735,2
PV_143,003,PV_143_block_003,PV_143_003_1296500_R,1296499.75,1296566.35,11.339218538743884,163.24581357447516,R,binocular,2,"/Volumes/Data-1/Nimrod/experiments/PV_143/2025_08_25/block_003/oe_files/PV143_ET_d1t3_2025-08-11_14-20-35/Record Node 102/analysis/recNames=Block003,Animal=PV_143/lizMov.mat",True,False,0,0,,2
PV_143,003,PV_143_block_003,PV_143_003_148998_L,148998.4,149015.05,7.246679457640836,67.22340286449055,L,monocular,1,"/Volumes/Data-1/Nimrod/experiments/PV_143/2025_08_25/block_003/oe_files/PV143_ET_d1t3_2025-08-11_14-20-35/Record Node 102/analysis/recNames=Block003,Animal=PV_143/lizMov.mat",True,True,3,2,16.64999999999418,1
PV_143,003,PV_143_block_003,PV_143_003_179734_L,179734.3,179884.15,21.969005748972066,91.10155731941387,L,monocular,1,"/Volumes/Data-1/Nimrod/experiments/PV_143/2025_08_25/block_003/oe_files/PV143_ET_d1t3_2025-08-11_14-20-35/Record Node 102/analysis/recNames=Block003,Animal=PV_143/lizMov.mat",True,True,2,1,66.60000000000582,1
PV_143,003,PV_143_block_003,PV_143_003_313284_L,313283.95,313383.85,13.111152138119301,14.970542741245533,L,monocular,1,"/Volumes/Data-1/Nimrod/experiments/PV_143/2025_08_25/block_003/oe_files/PV143_ET_d1t3_2025-08-11_14-20-35/Record Node 102/analysis/recNames=Block003,Animal=PV_143/lizMov.mat",True,False,0,0,,1
PV_143,003,PV_143_block_003,PV_143_003_486144_L,486144.25,486227.5,8.402526788296795,204.58452863191556,L,monocular,1,"/Volumes/Data-1/Nimrod/experiments/PV_143/2025_08_25/block_003/oe_files/PV143_ET_d1t3_2025-08-11_14-20-35/Record Node 102/analysis/recNames=Block003,Animal=PV_143/lizMov.mat",True,True,3,1,16.650000000023283,1
PV_143,003,PV_143_block_003,PV_143_003_486560_L,486560.5,486610.45,8.752313991227346,210.22063038220136,L,monocular,1,"/Volumes/Data-1/Nimrod/experiments/PV_143/2025_08_25/block_003/oe_files/PV143_ET_d1t3_2025-08-11_14-20-35/Record Node 102/analysis/recNames=Block003,Animal=PV_143/lizMov.mat",True,False,0,0,,1
PV_143,003,PV_143_block_003,PV_143_003_823124_L,823123.6,823190.2,7.1494524651675,358.8289949271484,L,monocular,1,"/Volumes/Data-1/Nimrod/experiments/PV_143/2025_08_25/block_003/oe_files/PV143_ET_d1t3_2025-08-11_14-20-35/Record Node 102/analysis/recNames=Block003,Animal=PV_143/lizMov.mat",True,False,0,0,,1
PV_143,003,PV_143_block_003,PV_143_003_871142_L,871142.2,871208.8,8.214796996319134,63.06114099990211,L,monocular,1,"/Volumes/Data-1/Nimrod/experiments/PV_143/2025_08_25/block_003/oe_files/PV143_ET_d1t3_2025-08-11_14-20-35/Record Node 102/analysis/recNames=Block003,Animal=PV_143/lizMov.mat",True,False,0,0,,1
PV_143,003,PV_143_block_003,PV_143_003_941006_L,941005.6,941055.55,12.022795756047584,32.65575209021876,L,monocular,1,"/Volumes/Data-1/Nimrod/experiments/PV_143/2025_08_25/block_003/oe_files/PV143_ET_d1t3_2025-08-11_14-20-35/Record Node 102/analysis/recNames=Block003,Animal=PV_143/lizMov.mat",True,False,0,0,,1
PV_143,003,PV_143_block_003,PV_143_003_943553_L,943553.05,943669.6,9.672644129781673,290.59330912231707,L,monocular,1,"/Volumes/Data-1/Nimrod/experiments/PV_143/2025_08_25/block_003/oe_files/PV143_ET_d1t3_2025-08-11_14-20-35/Record Node 102/analysis/recNames=Block003,Animal=PV_143/lizMov.mat",True,False,0,0,,1
PV_143,003,PV_143_block_003,PV_143_003_85246_R,85245.55,85262.2,7.010248664779848,163.50747893470077,R,monocular,1,"/Volumes/Data-1/Nimrod/experiments/PV_143/2025_08_25/block_003/oe_files/PV143_ET_d1t3_2025-08-11_14-20-35/Record Node 102/analysis/recNames=Block003,Animal=PV_143/lizMov.mat",True,True,3,1,16.64999999999418,1
PV_143,003,PV_143_block_003,PV_143_003_147283_R,147283.45,147416.65,9.590258466311834,42.62026897983732,R,monocular,1,"/Volumes/Data-1/Nimrod/experiments/PV_143/2025_08_25/block_003/oe_files/PV143_ET_d1t3_2025-08-11_14-20-35/Record Node 102/analysis/recNames=Block003,Animal=PV_143/lizMov.mat",True,False,1,0,133.19999999998254,1
PV_143,003,PV_143_block_003,PV_143_003_147450_R,147449.95,147566.5,8.636311827682578,220.11528593135935,R,monocular,1,"/Volumes/Data-1/Nimrod/experiments/PV_143/2025_08_25/block_003/oe_files/PV143_ET_d1t3_2025-08-11_14-20-35/Record Node 102/analysis/recNames=Block003,Animal=PV_143/lizMov.mat",True,False,1,0,116.54999999998836,1
PV_143,003,PV_143_block_003,PV_143_003_147716_R,147716.35,147766.3,10.038773609990486,188.31009913481486,R,monocular,1,"/Volumes/Data-1/Nimrod/experiments/PV_143/2025_08_25/block_003/oe_files/PV143_ET_d1t3_2025-08-11_14-20-35/Record Node 102/analysis/recNames=Block003,Animal=PV_143/lizMov.mat",True,False,1,0,49.94999999998254,1
PV_143,003,PV_143_block_003,PV_143_003_149614_R,149614.45,149780.95,15.280107514448241,359.1006176946839,R,monocular,1,"/Volumes/Data-1/Nimrod/experiments/PV_143/2025_08_25/block_003/oe_files/PV143_ET_d1t3_2025-08-11_14-20-35/Record Node 102/analysis/recNames=Block003,Animal=PV_143/lizMov.mat",True,False,1,0,99.89999999999418,1
PV_143,003,PV_143_block_003,PV_143_003_149964_R,149964.1,150014.05,12.132274340435998,346.5384441984305,R,monocular,1,"/Volumes/Data-1/Nimrod/experiments/PV_143/2025_08_25/block_003/oe_files/PV143_ET_d1t3_2025-08-11_14-20-35/Record Node 102/analysis/recNames=Block003,Animal=PV_143/lizMov.mat",True,False,1,0,49.94999999998254,1
PV_143,003,PV_143_block_003,PV_143_003_151879_R,151878.85,151978.75,9.52429075413001,303.89959011848964,R,monocular,1,"/Volumes/Data-1/Nimrod/experiments/PV_143/2025_08_25/block_003/oe_files/PV143_ET_d1t3_2025-08-11_14-20-35/Record Node 102/analysis/recNames=Block003,Animal=PV_143/lizMov.mat",True,False,1,0,66.60000000000582,1
PV_143,003,PV_143_block_003,PV_143_003_179118_R,179118.25,179151.55,9.983028584336463,175.22134462345065,R,monocular,1,"/Volumes/Data-1/Nimrod/experiments/PV_143/2025_08_25/block_003/oe_files/PV143_ET_d1t3_2025-08-11_14-20-35/Record Node 102/analysis/recNames=Block003,Animal=PV_143/lizMov.mat",True,True,4,3,33.29999999998836,1
PV_143,003,PV_143_block_003,PV_143_003_179801_R,179800.9,179817.55,9.670895911063697,163.4871638995785,R,monocular,1,"/Volumes/Data-1/Nimrod/experiments/PV_143/2025_08_25/block_003/oe_files/PV143_ET_d1t3_2025-08-11_14-20-35/Record Node 102/analysis/recNames=Block003,Animal=PV_143/lizMov.mat",True,True,2,1,16.64999999999418,1
PV_143,003,PV_143_block_003,PV_143_003_182615_R,182614.75,182698.0,11.401083891888089,1.4841423129266331,R,monocular,1,"/Volumes/Data-1/Nimrod/experiments/PV_143/2025_08_25/block_003/oe_files/PV143_ET_d1t3_2025-08-11_14-20-35/Record Node 102/analysis/recNames=Block003,Animal=PV_143/lizMov.mat",True,False,0,0,,1
PV_143,003,PV_143_block_003,PV_143_003_210637_R,210636.7,210769.9,11.428520846686526,1.8288385503184703,R,monocular,1,"/Volumes/Data-1/Nimrod/experiments/PV_143/2025_08_25/block_003/oe_files/PV143_ET_d1t3_2025-08-11_14-20-35/Record Node 102/analysis/recNames=Block003,Animal=PV_143/lizMov.mat",True,False,0,0,,1
PV_143,003,PV_143_block_003,PV_143_003_447600_R,447599.5,447682.75,13.367738415593264,149.61343723289593,R,monocular,1,"/Volumes/Data-1/Nimrod/experiments/PV_143/2025_08_25/block_003/oe_files/PV143_ET_d1t3_2025-08-11_14-20-35/Record Node 102/analysis/recNames=Block003,Animal=PV_143/lizMov.mat",True,False,0,0,,1
PV_143,003,PV_143_block_003,PV_143_003_483996_R,483996.4,484063.0,7.480555610379412,151.44556387326762,R,monocular,1,"/Volumes/Data-1/Nimrod/experiments/PV_143/2025_08_25/block_003/oe_files/PV143_ET_d1t3_2025-08-11_14-20-35/Record Node 102/analysis/recNames=Block003,Animal=PV_143/lizMov.mat",True,False,1,0,99.89999999996508,1
PV_143,003,PV_143_block_003,PV_143_003_485462_R,485461.6,485561.5,15.335629399138865,113.89952545615076,R,monocular,1,"/Volumes/Data-1/Nimrod/experiments/PV_143/2025_08_25/block_003/oe_files/PV143_ET_d1t3_2025-08-11_14-20-35/Record Node 102/analysis/recNames=Block003,Animal=PV_143/lizMov.mat",True,True,5,3,99.90000000002328,1
PV_143,003,PV_143_block_003,PV_143_003_486161_R,486160.9,486227.5,18.76233099521067,164.32413082505633,R,monocular,1,"/Volumes/Data-1/Nimrod/experiments/PV_143/2025_08_25/block_003/oe_files/PV143_ET_d1t3_2025-08-11_14-20-35/Record Node 102/analysis/recNames=Block003,Animal=PV_143/lizMov.mat",True,True,3,1,66.59999999997672,1
PV_143,003,PV_143_block_003,PV_143_003_740306_R,740306.5,740356.45,11.06361814471456,232.90256530362683,R,monocular,1,"/Volumes/Data-1/Nimrod/experiments/PV_143/2025_08_25/block_003/oe_files/PV143_ET_d1t3_2025-08-11_14-20-35/Record Node 102/analysis/recNames=Block003,Animal=PV_143/lizMov.mat",True,False,2,0,49.949999999953434,1
PV_143,003,PV_143_block_003,PV_143_003_740356_R,740356.45,740373.1,8.898970314258097,51.73468413320144,R,monocular,1,"/Volumes/Data-1/Nimrod/experiments/PV_143/2025_08_25/block_003/oe_files/PV143_ET_d1t3_2025-08-11_14-20-35/Record Node 102/analysis/recNames=Block003,Animal=PV_143/lizMov.mat",True,True,2,1,16.650000000023283,1
PV_143,003,PV_143_block_003,PV_143_003_744619_R,744618.85,744702.1,9.15391220376155,21.074624281265258,R,monocular,1,"/Volumes/Data-1/Nimrod/experiments/PV_143/2025_08_25/block_003/oe_files/PV143_ET_d1t3_2025-08-11_14-20-35/Record Node 102/analysis/recNames=Block003,Animal=PV_143/lizMov.mat",True,False,0,0,,1
PV_143,003,PV_143_block_003,PV_143_003_773290_R,773290.15,773323.45,14.262949720035673,254.37141327253124,R,monocular,1,"/Volumes/Data-1/Nimrod/experiments/PV_143/2025_08_25/block_003/oe_files/PV143_ET_d1t3_2025-08-11_14-20-35/Record Node 102/analysis/recNames=Block003,Animal=PV_143/lizMov.mat",True,False,0,0,33.29999999993015,1
PV_143,003,PV_143_block_003,PV_143_003_773323_R,773323.45,773456.65,23.588642641460368,65.48159193523229,R,monocular,1,"/Volumes/Data-1/Nimrod/experiments/PV_143/2025_08_25/block_003/oe_files/PV143_ET_d1t3_2025-08-11_14-20-35/Record Node 102/analysis/recNames=Block003,Animal=PV_143/lizMov.mat",True,False,0,0,,1
PV_143,003,PV_143_block_003,PV_143_003_781166_R,781165.6,781232.2,7.424726160282513,355.44197486562365,R,monocular,1,"/Volumes/Data-1/Nimrod/experiments/PV_143/2025_08_25/block_003/oe_files/PV143_ET_d1t3_2025-08-11_14-20-35/Record Node 102/analysis/recNames=Block003,Animal=PV_143/lizMov.mat",True,True,3,2,66.59999999997672,1
PV_143,003,PV_143_block_003,PV_143_003_822291_R,822291.1,822374.35,7.267060921739707,312.760262707385,R,monocular,1,"/Volumes/Data-1/Nimrod/experiments/PV_143/2025_08_25/block_003/oe_files/PV143_ET_d1t3_2025-08-11_14-20-35/Record Node 102/analysis/recNames=Block003,Animal=PV_143/lizMov.mat",True,True,3,2,66.59999999997672,1
PV_143,003,PV_143_block_003,PV_143_003_828268_R,828268.45,828351.7,29.209956830460495,282.0171534557407,R,monocular,1,"/Volumes/Data-1/Nimrod/experiments/PV_143/2025_08_25/block_003/oe_files/PV143_ET_d1t3_2025-08-11_14-20-35/Record Node 102/analysis/recNames=Block003,Animal=PV_143/lizMov.mat",True,False,1,0,116.55000000004657,1
PV_143,003,PV_143_block_003,PV_143_003_871009_R,871009.0,871075.6,7.014396296039482,345.168447440687,R,monocular,1,"/Volumes/Data-1/Nimrod/experiments/PV_143/2025_08_25/block_003/oe_files/PV143_ET_d1t3_2025-08-11_14-20-35/Record Node 102/analysis/recNames=Block003,Animal=PV_143/lizMov.mat",True,False,0,0,133.19999999995343,1
PV_143,003,PV_143_block_003,PV_143_003_911652_R,911651.65,911751.55,7.187860432713129,169.68992982059893,R,monocular,1,"/Volumes/Data-1/Nimrod/experiments/PV_143/2025_08_25/block_003/oe_files/PV143_ET_d1t3_2025-08-11_14-20-35/Record Node 102/analysis/recNames=Block003,Animal=PV_143/lizMov.mat",True,False,1,0,116.54999999993015,1
PV_143,003,PV_143_block_003,PV_143_003_911785_R,911784.85,911818.15,14.91309411295215,226.36319573739178,R,monocular,1,"/Volumes/Data-1/Nimrod/experiments/PV_143/2025_08_25/block_003/oe_files/PV143_ET_d1t3_2025-08-11_14-20-35/Record Node 102/analysis/recNames=Block003,Animal=PV_143/lizMov.mat",True,False,1,0,33.300000000046566,1
PV_143,003,PV_143_block_003,PV_143_003_912068_R,912067.9,912101.2,7.361432623407523,11.643218695533417,R,monocular,1,"/Volumes/Data-1/Nimrod/experiments/PV_143/2025_08_25/block_003/oe_files/PV143_ET_d1t3_2025-08-11_14-20-35/Record Node 102/analysis/recNames=Block003,Animal=PV_143/lizMov.mat",True,True,2,1,33.29999999993015,1
PV_143,003,PV_143_block_003,PV_143_003_912134_R,912134.5,912217.75,10.673106216909368,231.77929103267869,R,monocular,1,"/Volumes/Data-1/Nimrod/experiments/PV_143/2025_08_25/block_003/oe_files/PV143_ET_d1t3_2025-08-11_14-20-35/Record Node 102/analysis/recNames=Block003,Animal=PV_143/lizMov.mat",True,False,1,0,83.25,1
PV_143,003,PV_143_block_003,PV_143_003_917179_R,917179.45,917212.75,7.529019724703581,355.96524566343237,R,monocular,1,"/Volumes/Data-1/Nimrod/experiments/PV_143/2025_08_25/block_003/oe_files/PV143_ET_d1t3_2025-08-11_14-20-35/Record Node 102/analysis/recNames=Block003,Animal=PV_143/lizMov.mat",True,False,3,0,33.300000000046566,1
PV_143,003,PV_143_block_003,PV_143_003_917296_R,917296.0,917329.3,7.901025340569252,318.90627097393485,R,monocular,1,"/Volumes/Data-1/Nimrod/experiments/PV_143/2025_08_25/block_003/oe_files/PV143_ET_d1t3_2025-08-11_14-20-35/Record Node 102/analysis/recNames=Block003,Animal=PV_143/lizMov.mat",True,True,5,1,33.300000000046566,1
PV_143,003,PV_143_block_003,PV_143_003_940173_R,940173.1,940306.3,14.683821853311676,10.628347661001206,R,monocular,1,"/Volumes/Data-1/Nimrod/experiments/PV_143/2025_08_25/block_003/oe_files/PV143_ET_d1t3_2025-08-11_14-20-35/Record Node 102/analysis/recNames=Block003,Animal=PV_143/lizMov.mat",True,False,1,0,149.84999999997672,1
PV_143,003,PV_143_block_003,PV_143_003_1174255_R,1174255.45,1174355.35,16.60627051439595,86.09101683922553,R,monocular,1,"/Volumes/Data-1/Nimrod/experiments/PV_143/2025_08_25/block_003/oe_files/PV143_ET_d1t3_2025-08-11_14-20-35/Record Node 102/analysis/recNames=Block003,Animal=PV_143/lizMov.mat",True,False,0,0,,1
PV_143,003,PV_143_block_003,PV_143_003_1208388_R,1208387.95,1208421.25,14.556539234745722,199.06046775148153,R,monocular,1,"/Volumes/Data-1/Nimrod/experiments/PV_143/2025_08_25/block_003/oe_files/PV143_ET_d1t3_2025-08-11_14-20-35/Record Node 102/analysis/recNames=Block003,Animal=PV_143/lizMov.mat",True,True,2,1,33.300000000046566,1
PV_143,003,PV_143_block_003,PV_143_003_1208455_R,1208454.55,1208571.1,21.423944886998907,356.35101769169887,R,monocular,1,"/Volumes/Data-1/Nimrod/experiments/PV_143/2025_08_25/block_003/oe_files/PV143_ET_d1t3_2025-08-11_14-20-35/Record Node 102/analysis/recNames=Block003,Animal=PV_143/lizMov.mat",True,False,0,0,,1
PV_143,003,PV_143_block_003,PV_143_003_1284329_R,1284328.6,1284378.55,7.605066089532967,151.66854800021486,R,monocular,1,"/Volumes/Data-1/Nimrod/experiments/PV_143/2025_08_25/block_003/oe_files/PV143_ET_d1t3_2025-08-11_14-20-35/Record Node 102/analysis/recNames=Block003,Animal=PV_143/lizMov.mat",True,False,0,0,,1
PV_143,003,PV_143_block_003,PV_143_003_1373206_R,1373206.3,1373256.25,7.061410452068743,130.03458483270654,R,monocular,1,"/Volumes/Data-1/Nimrod/experiments/PV_143/2025_08_25/block_003/oe_files/PV143_ET_d1t3_2025-08-11_14-20-35/Record Node 102/analysis/recNames=Block003,Animal=PV_143/lizMov.mat",True,False,0,0,,1
PV_143,004,PV_143_block_004,PV_143_004_67678_L,67678.05,67844.55,14.692081000754968,60.34518601722819,L,binocular,2,"/Volumes/Data-1/Nimrod/experiments/PV_143/2025_08_25/block_004/oe_files/PV143_ET_d1t4_2025-08-11_14-58-28/Record Node 103/analysis/recNames=Block004,Animal=PV_143/lizMov.mat",True,False,1,0,99.89999999999418,2
PV_143,004,PV_143_block_004,PV_143_004_81997_L,81997.05,82113.6,11.953906284165928,214.80234432101142,L,binocular,2,"/Volumes/Data-1/Nimrod/experiments/PV_143/2025_08_25/block_004/oe_files/PV143_ET_d1t4_2025-08-11_14-58-28/Record Node 103/analysis/recNames=Block004,Animal=PV_143/lizMov.mat",True,False,1,0,116.55000000000291,2
PV_143,004,PV_143_block_004,PV_143_004_121557_L,121557.45,121690.65,22.703097359545612,66.25404683511236,L,binocular,2,"/Volumes/Data-1/Nimrod/experiments/PV_143/2025_08_25/block_004/oe_files/PV143_ET_d1t4_2025-08-11_14-58-28/Record Node 103/analysis/recNames=Block004,Animal=PV_143/lizMov.mat",True,False,2,0,33.30000000000291,2
PV_143,004,PV_143_block_004,PV_143_004_191604_R,191604.0,191687.25,18.34951741782752,311.25276537310424,R,binocular,2,"/Volumes/Data-1/Nimrod/experiments/PV_143/2025_08_25/block_004/oe_files/PV143_ET_d1t4_2025-08-11_14-58-28/Record Node 103/analysis/recNames=Block004,Animal=PV_143/lizMov.mat",True,False,1,0,133.20000000001164,2
PV_143,004,PV_143_block_004,PV_143_004_210102_L,210102.15,210202.05,12.706009784786255,34.76213570381071,L,binocular,2,"/Volumes/Data-1/Nimrod/experiments/PV_143/2025_08_25/block_004/oe_files/PV143_ET_d1t4_2025-08-11_14-58-28/Record Node 103/analysis/recNames=Block004,Animal=PV_143/lizMov.mat",True,False,1,0,149.85000000000582,2
PV_143,004,PV_143_block_004,PV_143_004_218527_R,218527.05,218610.3,9.322080179208928,312.3683722156755,R,binocular,2,"/Volumes/Data-1/Nimrod/experiments/PV_143/2025_08_25/block_004/oe_files/PV143_ET_d1t4_2025-08-11_14-58-28/Record Node 103/analysis/recNames=Block004,Animal=PV_143/lizMov.mat",True,False,2,0,133.20000000001164,2
PV_143,004,PV_143_block_004,PV_143_004_221374_L,221374.2,221440.8,7.574936446139831,14.884918764961201,L,binocular,2,"/Volumes/Data-1/Nimrod/experiments/PV_143/2025_08_25/block_004/oe_files/PV143_ET_d1t4_2025-08-11_14-58-28/Record Node 103/analysis/recNames=Block004,Animal=PV_143/lizMov.mat",True,False,1,0,83.25,2
PV_143,004,PV_143_block_004,PV_143_004_227635_L,227634.6,227734.5,7.251542440706353,347.2769336857055,L,binocular,2,"/Volumes/Data-1/Nimrod/experiments/PV_143/2025_08_25/block_004/oe_files/PV143_ET_d1t4_2025-08-11_14-58-28/Record Node 103/analysis/recNames=Block004,Animal=PV_143/lizMov.mat",True,False,0,0,,2
PV_143,004,PV_143_block_004,PV_143_004_249080_L,249079.8,249213.0,13.050614370460734,86.33951509553474,L,binocular,2,"/Volumes/Data-1/Nimrod/experiments/PV_143/2025_08_25/block_004/oe_files/PV143_ET_d1t4_2025-08-11_14-58-28/Record Node 103/analysis/recNames=Block004,Animal=PV_143/lizMov.mat",True,False,1,0,116.55000000001746,2
PV_143,004,PV_143_block_004,PV_143_004_267778_R,267777.75,267844.35,13.584792324887028,145.06518849374308,R,binocular,2,"/Volumes/Data-1/Nimrod/experiments/PV_143/2025_08_25/block_004/oe_files/PV143_ET_d1t4_2025-08-11_14-58-28/Record Node 103/analysis/recNames=Block004,Animal=PV_143/lizMov.mat",True,False,2,0,66.59999999997672,2
PV_143,004,PV_143_block_004,PV_143_004_268044_L,268044.15,268127.4,7.272464784024634,2.3660623206188367,L,binocular,2,"/Volumes/Data-1/Nimrod/experiments/PV_143/2025_08_25/block_004/oe_files/PV143_ET_d1t4_2025-08-11_14-58-28/Record Node 103/analysis/recNames=Block004,Animal=PV_143/lizMov.mat",True,False,1,0,133.19999999995343,2
PV_143,004,PV_143_block_004,PV_143_004_268560_R,268560.3,268693.5,9.150708401948458,347.2394830651698,R,binocular,2,"/Volumes/Data-1/Nimrod/experiments/PV_143/2025_08_25/block_004/oe_files/PV143_ET_d1t4_2025-08-11_14-58-28/Record Node 103/analysis/recNames=Block004,Animal=PV_143/lizMov.mat",True,True,3,1,49.95000000001164,2
PV_143,004,PV_143_block_004,PV_143_004_268694_R,268693.5,268760.1,15.659969357115704,189.9646957191268,R,binocular,2,"/Volumes/Data-1/Nimrod/experiments/PV_143/2025_08_25/block_004/oe_files/PV143_ET_d1t4_2025-08-11_14-58-28/Record Node 103/analysis/recNames=Block004,Animal=PV_143/lizMov.mat",True,False,3,0,16.650000000023283,2
PV_143,004,PV_143_block_004,PV_143_004_270175_L,270175.35,270241.95,15.957938437192725,16.349571601569245,L,binocular,2,"/Volumes/Data-1/Nimrod/experiments/PV_143/2025_08_25/block_004/oe_files/PV143_ET_d1t4_2025-08-11_14-58-28/Record Node 103/analysis/recNames=Block004,Animal=PV_143/lizMov.mat",True,True,2,1,66.60000000003492,2
PV_143,004,PV_143_block_004,PV_143_004_476103_L,476102.55,476185.8,9.487661573277652,204.8772855145503,L,binocular,2,"/Volumes/Data-1/Nimrod/experiments/PV_143/2025_08_25/block_004/oe_files/PV143_ET_d1t4_2025-08-11_14-58-28/Record Node 103/analysis/recNames=Block004,Animal=PV_143/lizMov.mat",True,False,0,0,,2
PV_143,004,PV_143_block_004,PV_143_004_565563_L,565563.0,565629.6,10.09739813282668,14.804002808326818,L,binocular,2,"/Volumes/Data-1/Nimrod/experiments/PV_143/2025_08_25/block_004/oe_files/PV143_ET_d1t4_2025-08-11_14-58-28/Record Node 103/analysis/recNames=Block004,Animal=PV_143/lizMov.mat",True,False,2,0,66.59999999997672,2
PV_143,004,PV_143_block_004,PV_143_004_566795_R,566795.1,566828.4,11.282325440994958,184.27832054632194,R,binocular,2,"/Volumes/Data-1/Nimrod/experiments/PV_143/2025_08_25/block_004/oe_files/PV143_ET_d1t4_2025-08-11_14-58-28/Record Node 103/analysis/recNames=Block004,Animal=PV_143/lizMov.mat",True,False,3,0,33.300000000046566,2
PV_143,004,PV_143_block_004,PV_143_004_587724_R,587724.15,587807.4,11.060880746531886,169.3616211373891,R,binocular,2,"/Volumes/Data-1/Nimrod/experiments/PV_143/2025_08_25/block_004/oe_files/PV143_ET_d1t4_2025-08-11_14-58-28/Record Node 103/analysis/recNames=Block004,Animal=PV_143/lizMov.mat",True,True,5,1,83.25,2
PV_143,004,PV_143_block_004,PV_143_004_590255_R,590254.95,590438.1,10.215801935009056,29.093658703476212,R,binocular,2,"/Volumes/Data-1/Nimrod/experiments/PV_143/2025_08_25/block_004/oe_files/PV143_ET_d1t4_2025-08-11_14-58-28/Record Node 103/analysis/recNames=Block004,Animal=PV_143/lizMov.mat",True,False,1,0,66.60000000009313,2
PV_143,004,PV_143_block_004,PV_143_004_596682_L,596681.85,596865.0,10.53723058811317,212.75925700836464,L,binocular,2,"/Volumes/Data-1/Nimrod/experiments/PV_143/2025_08_25/block_004/oe_files/PV143_ET_d1t4_2025-08-11_14-58-28/Record Node 103/analysis/recNames=Block004,Animal=PV_143/lizMov.mat",True,False,1,0,83.25,2
PV_143,004,PV_143_block_004,PV_143_004_596865_R,596865.0,596898.3,8.051753218618138,45.728089031835395,R,binocular,2,"/Volumes/Data-1/Nimrod/experiments/PV_143/2025_08_25/block_004/oe_files/PV143_ET_d1t4_2025-08-11_14-58-28/Record Node 103/analysis/recNames=Block004,Animal=PV_143/lizMov.mat",True,False,0,0,33.300000000046566,2
PV_143,004,PV_143_block_004,PV_143_004_596898_R,596898.3,596964.9,9.703807616869693,273.3947025956516,R,binocular,2,"/Volumes/Data-1/Nimrod/experiments/PV_143/2025_08_25/block_004/oe_files/PV143_ET_d1t4_2025-08-11_14-58-28/Record Node 103/analysis/recNames=Block004,Animal=PV_143/lizMov.mat",True,False,0,0,,2
PV_143,004,PV_143_block_004,PV_143_004_597131_R,597131.4,597198.0,13.93870212452089,21.69884640610577,R,binocular,2,"/Volumes/Data-1/Nimrod/experiments/PV_143/2025_08_25/block_004/oe_files/PV143_ET_d1t4_2025-08-11_14-58-28/Record Node 103/analysis/recNames=Block004,Animal=PV_143/lizMov.mat",True,False,2,0,49.949999999953434,2
PV_143,004,PV_143_block_004,PV_143_004_597181_L,597181.35,597281.25,10.672387897454717,179.87423464588935,L,binocular,2,"/Volumes/Data-1/Nimrod/experiments/PV_143/2025_08_25/block_004/oe_files/PV143_ET_d1t4_2025-08-11_14-58-28/Record Node 103/analysis/recNames=Block004,Animal=PV_143/lizMov.mat",True,False,0,0,,2
PV_143,004,PV_143_block_004,PV_143_004_667594_R,667594.2,667677.45,9.125636672374899,161.8289821723045,R,binocular,2,"/Volumes/Data-1/Nimrod/experiments/PV_143/2025_08_25/block_004/oe_files/PV143_ET_d1t4_2025-08-11_14-58-28/Record Node 103/analysis/recNames=Block004,Animal=PV_143/lizMov.mat",True,False,1,0,149.85000000009313,2
PV_143,004,PV_143_block_004,PV_143_004_680631_L,680631.15,680764.35,13.98623841317395,349.7037750850378,L,binocular,2,"/Volumes/Data-1/Nimrod/experiments/PV_143/2025_08_25/block_004/oe_files/PV143_ET_d1t4_2025-08-11_14-58-28/Record Node 103/analysis/recNames=Block004,Animal=PV_143/lizMov.mat",True,True,2,1,133.19999999995343,2
PV_143,004,PV_143_block_004,PV_143_004_681813_L,681813.3,681863.25,7.7164088078014865,181.77761492902326,L,binocular,2,"/Volumes/Data-1/Nimrod/experiments/PV_143/2025_08_25/block_004/oe_files/PV143_ET_d1t4_2025-08-11_14-58-28/Record Node 103/analysis/recNames=Block004,Animal=PV_143/lizMov.mat",True,True,3,1,99.89999999990687,2
PV_143,004,PV_143_block_004,PV_143_004_682163_R,682162.95,682229.55,8.632830213583809,173.56845791848133,R,binocular,2,"/Volumes/Data-1/Nimrod/experiments/PV_143/2025_08_25/block_004/oe_files/PV143_ET_d1t4_2025-08-11_14-58-28/Record Node 103/analysis/recNames=Block004,Animal=PV_143/lizMov.mat",True,True,5,3,33.300000000046566,2
PV_143,004,PV_143_block_004,PV_143_004_268710_L,268710.15,268793.4,20.59371235585374,168.62406814661585,L,monocular,1,"/Volumes/Data-1/Nimrod/experiments/PV_143/2025_08_25/block_004/oe_files/PV143_ET_d1t4_2025-08-11_14-58-28/Record Node 103/analysis/recNames=Block004,Animal=PV_143/lizMov.mat",True,False,3,0,49.949999999953434,1
PV_143,004,PV_143_block_004,PV_143_004_269842_L,269842.35,269925.6,7.003272750243442,179.79693736221344,L,monocular,1,"/Volumes/Data-1/Nimrod/experiments/PV_143/2025_08_25/block_004/oe_files/PV143_ET_d1t4_2025-08-11_14-58-28/Record Node 103/analysis/recNames=Block004,Animal=PV_143/lizMov.mat",True,False,1,0,33.300000000046566,1
PV_143,004,PV_143_block_004,PV_143_004_565014_L,565013.55,565130.1,11.213411201895303,202.87715822927134,L,monocular,1,"/Volumes/Data-1/Nimrod/experiments/PV_143/2025_08_25/block_004/oe_files/PV143_ET_d1t4_2025-08-11_14-58-28/Record Node 103/analysis/recNames=Block004,Animal=PV_143/lizMov.mat",True,True,2,1,116.54999999993015,1
PV_143,004,PV_143_block_004,PV_143_004_949862_L,949861.65,949961.55,13.701798424726352,25.848432124432584,L,monocular,1,"/Volumes/Data-1/Nimrod/experiments/PV_143/2025_08_25/block_004/oe_files/PV143_ET_d1t4_2025-08-11_14-58-28/Record Node 103/analysis/recNames=Block004,Animal=PV_143/lizMov.mat",True,False,0,0,,1
PV_143,004,PV_143_block_004,PV_143_004_1070191_L,1070191.2,1070324.4,25.801889097164324,93.58108936812366,L,monocular,1,"/Volumes/Data-1/Nimrod/experiments/PV_143/2025_08_25/block_004/oe_files/PV143_ET_d1t4_2025-08-11_14-58-28/Record Node 103/analysis/recNames=Block004,Animal=PV_143/lizMov.mat",True,False,0,0,,1
PV_143,004,PV_143_block_004,PV_143_004_1143917_L,1143917.4,1144017.3,19.29125384352984,46.76895234729724,L,monocular,1,"/Volumes/Data-1/Nimrod/experiments/PV_143/2025_08_25/block_004/oe_files/PV143_ET_d1t4_2025-08-11_14-58-28/Record Node 103/analysis/recNames=Block004,Animal=PV_143/lizMov.mat",True,False,0,0,,1
PV_143,004,PV_143_block_004,PV_143_004_1144317_L,1144317.0,1144366.95,7.304536042802281,32.621783528427926,L,monocular,1,"/Volumes/Data-1/Nimrod/experiments/PV_143/2025_08_25/block_004/oe_files/PV143_ET_d1t4_2025-08-11_14-58-28/Record Node 103/analysis/recNames=Block004,Animal=PV_143/lizMov.mat",True,False,1,0,66.60000000009313,1
PV_143,004,PV_143_block_004,PV_143_004_149829_R,149829.15,149895.75,15.548478512555713,43.873445656251306,R,monocular,1,"/Volumes/Data-1/Nimrod/experiments/PV_143/2025_08_25/block_004/oe_files/PV143_ET_d1t4_2025-08-11_14-58-28/Record Node 103/analysis/recNames=Block004,Animal=PV_143/lizMov.mat",True,False,0,0,,1
PV_143,004,PV_143_block_004,PV_143_004_269576_R,269575.95,269659.2,16.248549148579087,353.8587129754477,R,monocular,1,"/Volumes/Data-1/Nimrod/experiments/PV_143/2025_08_25/block_004/oe_files/PV143_ET_d1t4_2025-08-11_14-58-28/Record Node 103/analysis/recNames=Block004,Animal=PV_143/lizMov.mat",True,True,3,1,49.95000000001164,1
PV_143,004,PV_143_block_004,PV_143_004_559902_R,559902.0,559951.95,9.08587188746372,48.46239581541938,R,monocular,1,"/Volumes/Data-1/Nimrod/experiments/PV_143/2025_08_25/block_004/oe_files/PV143_ET_d1t4_2025-08-11_14-58-28/Record Node 103/analysis/recNames=Block004,Animal=PV_143/lizMov.mat",True,True,4,1,33.300000000046566,1
PV_143,004,PV_143_block_004,PV_143_004_589539_R,589539.0,589572.3,9.886238388541067,270.70850913274217,R,monocular,1,"/Volumes/Data-1/Nimrod/experiments/PV_143/2025_08_25/block_004/oe_files/PV143_ET_d1t4_2025-08-11_14-58-28/Record Node 103/analysis/recNames=Block004,Animal=PV_143/lizMov.mat",True,False,1,0,33.300000000046566,1
PV_143,004,PV_143_block_004,PV_143_004_589572_R,589572.3,589638.9,22.497124633085114,107.05404926601511,R,monocular,1,"/Volumes/Data-1/Nimrod/experiments/PV_143/2025_08_25/block_004/oe_files/PV143_ET_d1t4_2025-08-11_14-58-28/Record Node 103/analysis/recNames=Block004,Animal=PV_143/lizMov.mat",True,False,1,0,83.25,1
PV_143,004,PV_143_block_004,PV_143_004_589656_R,589655.55,589722.15,8.701409364022942,106.15123629070314,R,monocular,1,"/Volumes/Data-1/Nimrod/experiments/PV_143/2025_08_25/block_004/oe_files/PV143_ET_d1t4_2025-08-11_14-58-28/Record Node 103/analysis/recNames=Block004,Animal=PV_143/lizMov.mat",True,False,0,0,,1
PV_143,004,PV_143_block_004,PV_143_004_590322_R,590321.55,590404.8,7.252447858667275,171.1196724425953,R,monocular,1,"/Volumes/Data-1/Nimrod/experiments/PV_143/2025_08_25/block_004/oe_files/PV143_ET_d1t4_2025-08-11_14-58-28/Record Node 103/analysis/recNames=Block004,Animal=PV_143/lizMov.mat",True,False,0,0,,1
PV_62,024,PV_62_block_024,PV_62_024_36879_R,36879.35,36947.3,12.094706036325459,157.83227652588008,R,binocular,2,"/Volumes/Data-1/Nimrod/experiments/PV_62/2023_04_27/block_024/oe_files/2023-04-27_11-22-56/Record Node 108/analysis/recNames=Block0024,Animal=PV_62/lizMov.mat",True,False,0,0,,2
PV_62,024,PV_62_block_024,PV_62_024_38442_R,38442.0,38560.95,11.833744998893822,262.5318573720472,R,binocular,2,"/Volumes/Data-1/Nimrod/experiments/PV_62/2023_04_27/block_024/oe_files/2023-04-27_11-22-56/Record Node 108/analysis/recNames=Block0024,Animal=PV_62/lizMov.mat",True,False,1,0,84.94999999999709,2
PV_62,024,PV_62_block_024,PV_62_024_39614_R,39614.4,39716.3,16.111710450232835,116.95020977769482,R,binocular,2,"/Volumes/Data-1/Nimrod/experiments/PV_62/2023_04_27/block_024/oe_files/2023-04-27_11-22-56/Record Node 108/analysis/recNames=Block0024,Animal=PV_62/lizMov.mat",True,False,1,0,118.90000000000146,2
PV_62,024,PV_62_block_024,PV_62_024_39767_L,39767.3,39886.25,7.568131029203248,345.55605387883537,L,binocular,2,"/Volumes/Data-1/Nimrod/experiments/PV_62/2023_04_27/block_024/oe_files/2023-04-27_11-22-56/Record Node 108/analysis/recNames=Block0024,Animal=PV_62/lizMov.mat",True,False,1,0,67.94999999999709,2
PV_62,024,PV_62_block_024,PV_62_024_67354_R,67354.2,67439.1,13.282747132512142,108.44984151334378,R,binocular,2,"/Volumes/Data-1/Nimrod/experiments/PV_62/2023_04_27/block_024/oe_files/2023-04-27_11-22-56/Record Node 108/analysis/recNames=Block0024,Animal=PV_62/lizMov.mat",True,False,0,0,,2
PV_62,024,PV_62_block_024,PV_62_024_74184_R,74183.85,74251.8,13.461632946249578,76.0200345671987,R,binocular,2,"/Volumes/Data-1/Nimrod/experiments/PV_62/2023_04_27/block_024/oe_files/2023-04-27_11-22-56/Record Node 108/analysis/recNames=Block0024,Animal=PV_62/lizMov.mat",True,False,1,0,67.94999999999709,2
PV_62,024,PV_62_block_024,PV_62_024_79246_L,79246.2,79365.1,8.243979760841546,106.57270253106111,L,binocular,2,"/Volumes/Data-1/Nimrod/experiments/PV_62/2023_04_27/block_024/oe_files/2023-04-27_11-22-56/Record Node 108/analysis/recNames=Block0024,Animal=PV_62/lizMov.mat",True,False,1,0,67.90000000000873,2
PV_62,024,PV_62_block_024,PV_62_024_86364_R,86363.85,86431.75,10.758897155296154,14.013934080376558,R,binocular,2,"/Volumes/Data-1/Nimrod/experiments/PV_62/2023_04_27/block_024/oe_files/2023-04-27_11-22-56/Record Node 108/analysis/recNames=Block0024,Animal=PV_62/lizMov.mat",True,False,1,0,67.89999999999418,2
PV_62,024,PV_62_block_024,PV_62_024_101570_R,101570.1,101655.05,7.578748642278313,337.2392888011317,R,binocular,2,"/Volumes/Data-1/Nimrod/experiments/PV_62/2023_04_27/block_024/oe_files/2023-04-27_11-22-56/Record Node 108/analysis/recNames=Block0024,Animal=PV_62/lizMov.mat",True,False,1,0,50.94999999999709,2
PV_62,024,PV_62_block_024,PV_62_024_101944_L,101943.85,101994.85,7.322180588018664,11.363389924992672,L,binocular,2,"/Volumes/Data-1/Nimrod/experiments/PV_62/2023_04_27/block_024/oe_files/2023-04-27_11-22-56/Record Node 108/analysis/recNames=Block0024,Animal=PV_62/lizMov.mat",True,False,2,0,84.94999999999709,2
PV_62,024,PV_62_block_024,PV_62_024_103931_R,103931.15,104067.0,10.474113310504546,304.55660073788926,R,binocular,2,"/Volumes/Data-1/Nimrod/experiments/PV_62/2023_04_27/block_024/oe_files/2023-04-27_11-22-56/Record Node 108/analysis/recNames=Block0024,Animal=PV_62/lizMov.mat",True,False,1,0,101.90000000000873,2
PV_62,024,PV_62_block_024,PV_62_024_105018_L,105018.1,105154.0,12.385490038560476,285.20931824360486,L,binocular,2,"/Volumes/Data-1/Nimrod/experiments/PV_62/2023_04_27/block_024/oe_files/2023-04-27_11-22-56/Record Node 108/analysis/recNames=Block0024,Animal=PV_62/lizMov.mat",True,False,0,0,,2
PV_62,024,PV_62_block_024,PV_62_024_105630_L,105629.55,105697.5,8.642333261101516,355.5498779145926,L,binocular,2,"/Volumes/Data-1/Nimrod/experiments/PV_62/2023_04_27/block_024/oe_files/2023-04-27_11-22-56/Record Node 108/analysis/recNames=Block0024,Animal=PV_62/lizMov.mat",True,False,1,0,67.94999999999709,2
PV_62,024,PV_62_block_024,PV_62_024_107039_L,107039.25,107090.15,14.889503192001666,79.46367244234116,L,binocular,2,"/Volumes/Data-1/Nimrod/experiments/PV_62/2023_04_27/block_024/oe_files/2023-04-27_11-22-56/Record Node 108/analysis/recNames=Block0024,Animal=PV_62/lizMov.mat",True,False,2,0,67.89999999999418,2
PV_62,024,PV_62_block_024,PV_62_024_111269_R,111269.35,111371.3,17.14528490670561,155.69432027814176,R,binocular,2,"/Volumes/Data-1/Nimrod/experiments/PV_62/2023_04_27/block_024/oe_files/2023-04-27_11-22-56/Record Node 108/analysis/recNames=Block0024,Animal=PV_62/lizMov.mat",True,False,0,0,,2
PV_62,024,PV_62_block_024,PV_62_024_111507_L,111507.2,111643.15,8.017484562635046,356.86351600736685,L,binocular,2,"/Volumes/Data-1/Nimrod/experiments/PV_62/2023_04_27/block_024/oe_files/2023-04-27_11-22-56/Record Node 108/analysis/recNames=Block0024,Animal=PV_62/lizMov.mat",True,False,0,0,,2
PV_62,024,PV_62_block_024,PV_62_024_131045_L,131045.25,131113.2,9.746861198597168,200.81862829490262,L,binocular,2,"/Volumes/Data-1/Nimrod/experiments/PV_62/2023_04_27/block_024/oe_files/2023-04-27_11-22-56/Record Node 108/analysis/recNames=Block0024,Animal=PV_62/lizMov.mat",True,False,0,0,,2
PV_62,024,PV_62_block_024,PV_62_024_132421_L,132421.4,132472.35,9.195597077425619,199.30574664256594,L,binocular,2,"/Volumes/Data-1/Nimrod/experiments/PV_62/2023_04_27/block_024/oe_files/2023-04-27_11-22-56/Record Node 108/analysis/recNames=Block0024,Animal=PV_62/lizMov.mat",True,False,2,0,67.95000000001164,2
PV_62,024,PV_62_block_024,PV_62_024_132489_L,132489.35,132608.25,8.172673550754643,8.593999096404376,L,binocular,2,"/Volumes/Data-1/Nimrod/experiments/PV_62/2023_04_27/block_024/oe_files/2023-04-27_11-22-56/Record Node 108/analysis/recNames=Block0024,Animal=PV_62/lizMov.mat",True,False,0,0,,2
PV_62,024,PV_62_block_024,PV_62_024_137415_L,137415.35,137585.2,18.01220633349814,179.2385989635564,L,binocular,2,"/Volumes/Data-1/Nimrod/experiments/PV_62/2023_04_27/block_024/oe_files/2023-04-27_11-22-56/Record Node 108/analysis/recNames=Block0024,Animal=PV_62/lizMov.mat",True,False,0,0,,2
PV_62,024,PV_62_block_024,PV_62_024_137568_R,137568.25,137653.15,8.285174932669605,338.4414210007659,R,binocular,2,"/Volumes/Data-1/Nimrod/experiments/PV_62/2023_04_27/block_024/oe_files/2023-04-27_11-22-56/Record Node 108/analysis/recNames=Block0024,Animal=PV_62/lizMov.mat",True,False,0,0,,2
PV_62,024,PV_62_block_024,PV_62_024_142426_L,142426.3,142494.25,10.229675630015427,295.84183751558226,L,binocular,2,"/Volumes/Data-1/Nimrod/experiments/PV_62/2023_04_27/block_024/oe_files/2023-04-27_11-22-56/Record Node 108/analysis/recNames=Block0024,Animal=PV_62/lizMov.mat",True,False,1,0,101.95000000001164,2
PV_62,024,PV_62_block_024,PV_62_024_143548_R,143547.65,143615.6,12.369248104557096,142.58011750041382,R,binocular,2,"/Volumes/Data-1/Nimrod/experiments/PV_62/2023_04_27/block_024/oe_files/2023-04-27_11-22-56/Record Node 108/analysis/recNames=Block0024,Animal=PV_62/lizMov.mat",True,False,1,0,101.95000000001164,2
PV_62,024,PV_62_block_024,PV_62_024_145536_R,145535.55,145586.5,9.09735192927933,106.29002726859923,R,binocular,2,"/Volumes/Data-1/Nimrod/experiments/PV_62/2023_04_27/block_024/oe_files/2023-04-27_11-22-56/Record Node 108/analysis/recNames=Block0024,Animal=PV_62/lizMov.mat",True,False,0,0,,2
PV_62,024,PV_62_block_024,PV_62_024_164207_R,164206.8,164274.75,7.034758894003998,121.24502817455308,R,binocular,2,"/Volumes/Data-1/Nimrod/experiments/PV_62/2023_04_27/block_024/oe_files/2023-04-27_11-22-56/Record Node 108/analysis/recNames=Block0024,Animal=PV_62/lizMov.mat",True,False,1,0,50.95000000001164,2
PV_62,024,PV_62_block_024,PV_62_024_168251_R,168250.6,168335.55,29.295009670555896,319.54398664769394,R,binocular,2,"/Volumes/Data-1/Nimrod/experiments/PV_62/2023_04_27/block_024/oe_files/2023-04-27_11-22-56/Record Node 108/analysis/recNames=Block0024,Animal=PV_62/lizMov.mat",True,False,2,0,118.94999999998254,2
PV_62,024,PV_62_block_024,PV_62_024_168370_L,168369.55,168505.45,10.261393756005498,189.53531115424047,L,binocular,2,"/Volumes/Data-1/Nimrod/experiments/PV_62/2023_04_27/block_024/oe_files/2023-04-27_11-22-56/Record Node 108/analysis/recNames=Block0024,Animal=PV_62/lizMov.mat",True,False,0,0,,2
PV_62,024,PV_62_block_024,PV_62_024_169066_R,169066.2,169134.15,14.103361626659941,358.0397290035464,R,binocular,2,"/Volumes/Data-1/Nimrod/experiments/PV_62/2023_04_27/block_024/oe_files/2023-04-27_11-22-56/Record Node 108/analysis/recNames=Block0024,Animal=PV_62/lizMov.mat",True,False,2,0,118.94999999998254,2
PV_62,024,PV_62_block_024,PV_62_024_169185_L,169185.15,169321.05,11.30252839745,189.4686659007241,L,binocular,2,"/Volumes/Data-1/Nimrod/experiments/PV_62/2023_04_27/block_024/oe_files/2023-04-27_11-22-56/Record Node 108/analysis/recNames=Block0024,Animal=PV_62/lizMov.mat",True,False,0,0,,2
PV_62,024,PV_62_block_024,PV_62_024_175574_L,175574.0,175658.9,11.087133262144157,144.5657719042103,L,binocular,2,"/Volumes/Data-1/Nimrod/experiments/PV_62/2023_04_27/block_024/oe_files/2023-04-27_11-22-56/Record Node 108/analysis/recNames=Block0024,Animal=PV_62/lizMov.mat",True,False,0,0,,2
PV_62,024,PV_62_block_024,PV_62_024_180976_R,180976.5,181027.5,13.78474959655123,139.05277527020812,R,binocular,2,"/Volumes/Data-1/Nimrod/experiments/PV_62/2023_04_27/block_024/oe_files/2023-04-27_11-22-56/Record Node 108/analysis/recNames=Block0024,Animal=PV_62/lizMov.mat",True,False,0,0,,2
PV_62,024,PV_62_block_024,PV_62_024_189877_L,189877.4,189962.35,8.89709072320131,307.3669177008985,L,binocular,2,"/Volumes/Data-1/Nimrod/experiments/PV_62/2023_04_27/block_024/oe_files/2023-04-27_11-22-56/Record Node 108/analysis/recNames=Block0024,Animal=PV_62/lizMov.mat",True,False,0,0,,2
PV_62,024,PV_62_block_024,PV_62_024_190727_L,190726.9,190794.85,8.293850996022552,131.93866127332524,L,binocular,2,"/Volumes/Data-1/Nimrod/experiments/PV_62/2023_04_27/block_024/oe_files/2023-04-27_11-22-56/Record Node 108/analysis/recNames=Block0024,Animal=PV_62/lizMov.mat",True,False,0,0,,2
PV_62,024,PV_62_block_024,PV_62_024_220370_R,220369.65,220437.65,13.592150452717092,315.86428122262885,R,binocular,2,"/Volumes/Data-1/Nimrod/experiments/PV_62/2023_04_27/block_024/oe_files/2023-04-27_11-22-56/Record Node 108/analysis/recNames=Block0024,Animal=PV_62/lizMov.mat",True,False,1,0,84.95000000001164,2
PV_62,024,PV_62_block_024,PV_62_024_220709_R,220709.45,220760.45,8.12516337445514,341.02085624455435,R,binocular,2,"/Volumes/Data-1/Nimrod/experiments/PV_62/2023_04_27/block_024/oe_files/2023-04-27_11-22-56/Record Node 108/analysis/recNames=Block0024,Animal=PV_62/lizMov.mat",True,False,2,0,101.94999999998254,2
PV_62,024,PV_62_block_024,PV_62_024_226314_L,226314.2,226416.05,11.11929813200966,243.88492774427658,L,binocular,2,"/Volumes/Data-1/Nimrod/experiments/PV_62/2023_04_27/block_024/oe_files/2023-04-27_11-22-56/Record Node 108/analysis/recNames=Block0024,Animal=PV_62/lizMov.mat",True,False,0,0,,2
PV_62,024,PV_62_block_024,PV_62_024_227707_L,227706.65,227791.6,11.435087108120888,64.0438218859481,L,binocular,2,"/Volumes/Data-1/Nimrod/experiments/PV_62/2023_04_27/block_024/oe_files/2023-04-27_11-22-56/Record Node 108/analysis/recNames=Block0024,Animal=PV_62/lizMov.mat",True,False,0,0,,2
PV_62,024,PV_62_block_024,PV_62_024_233650_L,233650.05,233718.0,20.36485139869029,185.9523189588056,L,binocular,2,"/Volumes/Data-1/Nimrod/experiments/PV_62/2023_04_27/block_024/oe_files/2023-04-27_11-22-56/Record Node 108/analysis/recNames=Block0024,Animal=PV_62/lizMov.mat",True,False,1,0,101.95000000001164,2
PV_62,024,PV_62_block_024,PV_62_024_262910_L,262909.9,262977.85,16.702418699861692,215.54143331091322,L,binocular,2,"/Volumes/Data-1/Nimrod/experiments/PV_62/2023_04_27/block_024/oe_files/2023-04-27_11-22-56/Record Node 108/analysis/recNames=Block0024,Animal=PV_62/lizMov.mat",True,False,1,0,67.94999999995343,2
PV_62,024,PV_62_block_024,PV_62_024_268531_R,268530.55,268581.5,7.7859984277918,123.42171670826312,R,binocular,2,"/Volumes/Data-1/Nimrod/experiments/PV_62/2023_04_27/block_024/oe_files/2023-04-27_11-22-56/Record Node 108/analysis/recNames=Block0024,Animal=PV_62/lizMov.mat",True,False,2,0,67.95000000001164,2
PV_62,024,PV_62_block_024,PV_62_024_291558_L,291557.7,291608.6,12.465516645288632,171.0945886426999,L,binocular,2,"/Volumes/Data-1/Nimrod/experiments/PV_62/2023_04_27/block_024/oe_files/2023-04-27_11-22-56/Record Node 108/analysis/recNames=Block0024,Animal=PV_62/lizMov.mat",True,False,1,0,84.89999999996508,2
PV_62,024,PV_62_block_024,PV_62_024_296550_L,296550.25,296686.1,32.27137582180295,20.27952609932325,L,binocular,2,"/Volumes/Data-1/Nimrod/experiments/PV_62/2023_04_27/block_024/oe_files/2023-04-27_11-22-56/Record Node 108/analysis/recNames=Block0024,Animal=PV_62/lizMov.mat",True,False,0,0,,2
PV_62,024,PV_62_block_024,PV_62_024_316199_L,316198.65,316300.55,10.31543634255756,17.712579330369543,L,binocular,2,"/Volumes/Data-1/Nimrod/experiments/PV_62/2023_04_27/block_024/oe_files/2023-04-27_11-22-56/Record Node 108/analysis/recNames=Block0024,Animal=PV_62/lizMov.mat",True,False,0,0,,2
PV_62,024,PV_62_block_024,PV_62_024_316538_L,316538.3,316589.25,7.019009589494269,350.40879726430757,L,binocular,2,"/Volumes/Data-1/Nimrod/experiments/PV_62/2023_04_27/block_024/oe_files/2023-04-27_11-22-56/Record Node 108/analysis/recNames=Block0024,Animal=PV_62/lizMov.mat",True,False,2,0,84.95000000001164,2
PV_62,024,PV_62_block_024,PV_62_024_336882_L,336882.15,336950.1,12.700078935600624,187.57185931736458,L,binocular,2,"/Volumes/Data-1/Nimrod/experiments/PV_62/2023_04_27/block_024/oe_files/2023-04-27_11-22-56/Record Node 108/analysis/recNames=Block0024,Animal=PV_62/lizMov.mat",True,False,2,0,101.94999999995343,2
PV_62,024,PV_62_block_024,PV_62_024_337171_R,337170.95,337289.85,10.348454220526072,339.89063130971016,R,binocular,2,"/Volumes/Data-1/Nimrod/experiments/PV_62/2023_04_27/block_024/oe_files/2023-04-27_11-22-56/Record Node 108/analysis/recNames=Block0024,Animal=PV_62/lizMov.mat",True,False,1,0,101.89999999996508,2
PV_62,024,PV_62_block_024,PV_62_024_338071_L,338070.95,338104.9,8.484324259279719,138.44766533520144,L,binocular,2,"/Volumes/Data-1/Nimrod/experiments/PV_62/2023_04_27/block_024/oe_files/2023-04-27_11-22-56/Record Node 108/analysis/recNames=Block0024,Animal=PV_62/lizMov.mat",True,False,2,0,67.95000000001164,2
PV_62,024,PV_62_block_024,PV_62_024_339633_L,339633.45,339718.4,13.224619023334276,292.1087047868381,L,binocular,2,"/Volumes/Data-1/Nimrod/experiments/PV_62/2023_04_27/block_024/oe_files/2023-04-27_11-22-56/Record Node 108/analysis/recNames=Block0024,Animal=PV_62/lizMov.mat",True,False,0,0,,2
PV_62,024,PV_62_block_024,PV_62_024_341332_L,341332.0,341450.85,8.580383115761212,166.2106433672335,L,binocular,2,"/Volumes/Data-1/Nimrod/experiments/PV_62/2023_04_27/block_024/oe_files/2023-04-27_11-22-56/Record Node 108/analysis/recNames=Block0024,Animal=PV_62/lizMov.mat",True,False,0,0,,2
PV_62,024,PV_62_block_024,PV_62_024_350962_L,350961.9,351063.8,19.669704188586913,77.04397430403353,L,binocular,2,"/Volumes/Data-1/Nimrod/experiments/PV_62/2023_04_27/block_024/oe_files/2023-04-27_11-22-56/Record Node 108/analysis/recNames=Block0024,Animal=PV_62/lizMov.mat",True,False,0,0,,2
PV_62,024,PV_62_block_024,PV_62_024_351166_R,351165.7,351250.6,11.72558631341104,141.58091376524843,R,binocular,2,"/Volumes/Data-1/Nimrod/experiments/PV_62/2023_04_27/block_024/oe_files/2023-04-27_11-22-56/Record Node 108/analysis/recNames=Block0024,Animal=PV_62/lizMov.mat",True,False,2,0,118.84999999997672,2
PV_62,024,PV_62_block_024,PV_62_024_352949_L,352948.95,353016.85,11.977213220719461,114.45775607701334,L,binocular,2,"/Volumes/Data-1/Nimrod/experiments/PV_62/2023_04_27/block_024/oe_files/2023-04-27_11-22-56/Record Node 108/analysis/recNames=Block0024,Animal=PV_62/lizMov.mat",True,False,2,0,84.84999999997672,2
PV_62,024,PV_62_block_024,PV_62_024_359793_L,359792.65,359860.6,10.338762989702717,127.11917086236735,L,binocular,2,"/Volumes/Data-1/Nimrod/experiments/PV_62/2023_04_27/block_024/oe_files/2023-04-27_11-22-56/Record Node 108/analysis/recNames=Block0024,Animal=PV_62/lizMov.mat",True,False,1,0,118.84999999997672,2
PV_62,024,PV_62_block_024,PV_62_024_378442_L,378441.65,378526.55,15.252631299805175,10.695852406304697,L,binocular,2,"/Volumes/Data-1/Nimrod/experiments/PV_62/2023_04_27/block_024/oe_files/2023-04-27_11-22-56/Record Node 108/analysis/recNames=Block0024,Animal=PV_62/lizMov.mat",True,False,0,0,,2
PV_62,024,PV_62_block_024,PV_62_024_383860_L,383859.6,383927.55,7.183741827144002,202.45294449255047,L,binocular,2,"/Volumes/Data-1/Nimrod/experiments/PV_62/2023_04_27/block_024/oe_files/2023-04-27_11-22-56/Record Node 108/analysis/recNames=Block0024,Animal=PV_62/lizMov.mat",True,False,1,0,67.95000000001164,2
PV_62,024,PV_62_block_024,PV_62_024_390738_L,390738.3,390823.25,11.890415769655695,22.554951143325173,L,binocular,2,"/Volumes/Data-1/Nimrod/experiments/PV_62/2023_04_27/block_024/oe_files/2023-04-27_11-22-56/Record Node 108/analysis/recNames=Block0024,Animal=PV_62/lizMov.mat",True,False,0,0,,2
PV_62,024,PV_62_block_024,PV_62_024_405936_L,405936.25,406021.15,13.857795128616184,346.1361209118879,L,binocular,2,"/Volumes/Data-1/Nimrod/experiments/PV_62/2023_04_27/block_024/oe_files/2023-04-27_11-22-56/Record Node 108/analysis/recNames=Block0024,Animal=PV_62/lizMov.mat",True,False,2,0,118.84999999997672,2
PV_62,024,PV_62_block_024,PV_62_024_420286_L,420286.35,420388.2,18.181006248319473,200.5152865633573,L,binocular,2,"/Volumes/Data-1/Nimrod/experiments/PV_62/2023_04_27/block_024/oe_files/2023-04-27_11-22-56/Record Node 108/analysis/recNames=Block0024,Animal=PV_62/lizMov.mat",True,False,2,0,118.85000000003492,2
PV_62,024,PV_62_block_024,PV_62_024_422494_L,422493.5,422561.4,14.599388111122133,202.3738652644009,L,binocular,2,"/Volumes/Data-1/Nimrod/experiments/PV_62/2023_04_27/block_024/oe_files/2023-04-27_11-22-56/Record Node 108/analysis/recNames=Block0024,Animal=PV_62/lizMov.mat",True,False,1,0,101.90000000002328,2
PV_62,024,PV_62_block_024,PV_62_024_425245_L,425244.75,425295.75,8.381814329036748,198.84773679434267,L,binocular,2,"/Volumes/Data-1/Nimrod/experiments/PV_62/2023_04_27/block_024/oe_files/2023-04-27_11-22-56/Record Node 108/analysis/recNames=Block0024,Animal=PV_62/lizMov.mat",True,False,1,0,67.95000000001164,2
PV_62,024,PV_62_block_024,PV_62_024_438916_R,438916.3,438967.25,8.158005889270914,151.16148452253054,R,binocular,2,"/Volumes/Data-1/Nimrod/experiments/PV_62/2023_04_27/block_024/oe_files/2023-04-27_11-22-56/Record Node 108/analysis/recNames=Block0024,Animal=PV_62/lizMov.mat",True,False,2,0,101.90000000002328,2
PV_62,024,PV_62_block_024,PV_62_024_448241_R,448241.05,448309.0,13.436540944854745,337.2316923376319,R,binocular,2,"/Volumes/Data-1/Nimrod/experiments/PV_62/2023_04_27/block_024/oe_files/2023-04-27_11-22-56/Record Node 108/analysis/recNames=Block0024,Animal=PV_62/lizMov.mat",True,False,0,0,,2
PV_62,024,PV_62_block_024,PV_62_024_469283_R,469283.3,469368.25,11.170325070819867,122.52800540133947,R,binocular,2,"/Volumes/Data-1/Nimrod/experiments/PV_62/2023_04_27/block_024/oe_files/2023-04-27_11-22-56/Record Node 108/analysis/recNames=Block0024,Animal=PV_62/lizMov.mat",True,True,3,1,51.0,2
PV_62,024,PV_62_block_024,PV_62_024_476111_R,476111.0,476179.0,13.049168552897754,26.518254146989186,R,binocular,2,"/Volumes/Data-1/Nimrod/experiments/PV_62/2023_04_27/block_024/oe_files/2023-04-27_11-22-56/Record Node 108/analysis/recNames=Block0024,Animal=PV_62/lizMov.mat",True,False,0,0,,2
PV_62,024,PV_62_block_024,PV_62_024_481325_R,481325.3,481410.2,15.618299131808634,312.4004925689733,R,binocular,2,"/Volumes/Data-1/Nimrod/experiments/PV_62/2023_04_27/block_024/oe_files/2023-04-27_11-22-56/Record Node 108/analysis/recNames=Block0024,Animal=PV_62/lizMov.mat",True,False,2,0,84.90000000002328,2
PV_62,024,PV_62_block_024,PV_62_024_481784_L,481783.9,481970.7,12.24275601516573,290.18935230751185,L,binocular,2,"/Volumes/Data-1/Nimrod/experiments/PV_62/2023_04_27/block_024/oe_files/2023-04-27_11-22-56/Record Node 108/analysis/recNames=Block0024,Animal=PV_62/lizMov.mat",True,False,0,0,,2
PV_62,024,PV_62_block_024,PV_62_024_485028_L,485028.05,485096.05,10.664737537415228,10.18790617379299,L,binocular,2,"/Volumes/Data-1/Nimrod/experiments/PV_62/2023_04_27/block_024/oe_files/2023-04-27_11-22-56/Record Node 108/analysis/recNames=Block0024,Animal=PV_62/lizMov.mat",True,False,2,0,101.95000000001164,2
PV_62,024,PV_62_block_024,PV_62_024_498891_R,498890.6,498958.5,13.225281456302499,139.77387654606028,R,binocular,2,"/Volumes/Data-1/Nimrod/experiments/PV_62/2023_04_27/block_024/oe_files/2023-04-27_11-22-56/Record Node 108/analysis/recNames=Block0024,Animal=PV_62/lizMov.mat",True,False,0,0,,2
PV_62,024,PV_62_block_024,PV_62_024_541518_R,541517.7,541568.65,7.023746362499776,164.7494541341598,R,binocular,2,"/Volumes/Data-1/Nimrod/experiments/PV_62/2023_04_27/block_024/oe_files/2023-04-27_11-22-56/Record Node 108/analysis/recNames=Block0024,Animal=PV_62/lizMov.mat",True,False,0,0,,2
PV_62,024,PV_62_block_024,PV_62_024_558091_L,558091.2,558159.1,16.641477253626498,34.382876479087734,L,binocular,2,"/Volumes/Data-1/Nimrod/experiments/PV_62/2023_04_27/block_024/oe_files/2023-04-27_11-22-56/Record Node 108/analysis/recNames=Block0024,Animal=PV_62/lizMov.mat",True,False,1,0,101.85000000009313,2
PV_62,024,PV_62_block_024,PV_62_024_573545_L,573545.4,573613.3,14.053533339826869,345.7663951475764,L,binocular,2,"/Volumes/Data-1/Nimrod/experiments/PV_62/2023_04_27/block_024/oe_files/2023-04-27_11-22-56/Record Node 108/analysis/recNames=Block0024,Animal=PV_62/lizMov.mat",True,False,0,0,,2
PV_62,024,PV_62_block_024,PV_62_024_583312_L,583311.95,583396.9,10.694113147861598,61.18096240496957,L,binocular,2,"/Volumes/Data-1/Nimrod/experiments/PV_62/2023_04_27/block_024/oe_files/2023-04-27_11-22-56/Record Node 108/analysis/recNames=Block0024,Animal=PV_62/lizMov.mat",True,False,2,0,84.95000000006985,2
PV_62,024,PV_62_block_024,PV_62_024_592976_L,592975.7,593128.55,34.78111223137926,184.5244446452632,L,binocular,2,"/Volumes/Data-1/Nimrod/experiments/PV_62/2023_04_27/block_024/oe_files/2023-04-27_11-22-56/Record Node 108/analysis/recNames=Block0024,Animal=PV_62/lizMov.mat",True,False,0,0,,2
PV_62,024,PV_62_block_024,PV_62_024_649015_R,649014.65,649116.6,20.53588622258077,166.73224159271234,R,binocular,2,"/Volumes/Data-1/Nimrod/experiments/PV_62/2023_04_27/block_024/oe_files/2023-04-27_11-22-56/Record Node 108/analysis/recNames=Block0024,Animal=PV_62/lizMov.mat",True,False,1,0,135.94999999995343,2
PV_62,024,PV_62_block_024,PV_62_024_677745_R,677744.75,677795.7,9.07566173003161,315.99524562547276,R,binocular,2,"/Volumes/Data-1/Nimrod/experiments/PV_62/2023_04_27/block_024/oe_files/2023-04-27_11-22-56/Record Node 108/analysis/recNames=Block0024,Animal=PV_62/lizMov.mat",True,False,1,0,118.90000000002328,2
PV_62,024,PV_62_block_024,PV_62_024_679104_R,679103.65,679154.6,8.791076776504308,20.056963675819976,R,binocular,2,"/Volumes/Data-1/Nimrod/experiments/PV_62/2023_04_27/block_024/oe_files/2023-04-27_11-22-56/Record Node 108/analysis/recNames=Block0024,Animal=PV_62/lizMov.mat",True,False,1,0,67.90000000002328,2
PV_62,024,PV_62_block_024,PV_62_024_682824_L,682824.0,682874.95,11.651672827123898,29.13722366080364,L,binocular,2,"/Volumes/Data-1/Nimrod/experiments/PV_62/2023_04_27/block_024/oe_files/2023-04-27_11-22-56/Record Node 108/analysis/recNames=Block0024,Animal=PV_62/lizMov.mat",True,False,0,0,,2
PV_62,024,PV_62_block_024,PV_62_024_686069_L,686068.9,686136.8,8.375485277205497,26.30484472964614,L,binocular,2,"/Volumes/Data-1/Nimrod/experiments/PV_62/2023_04_27/block_024/oe_files/2023-04-27_11-22-56/Record Node 108/analysis/recNames=Block0024,Animal=PV_62/lizMov.mat",True,False,1,0,135.84999999997672,2
PV_62,024,PV_62_block_024,PV_62_024_700592_L,700592.15,700660.1,8.106328694051596,3.2039638236048944,L,binocular,2,"/Volumes/Data-1/Nimrod/experiments/PV_62/2023_04_27/block_024/oe_files/2023-04-27_11-22-56/Record Node 108/analysis/recNames=Block0024,Animal=PV_62/lizMov.mat",True,False,0,0,,2
PV_62,024,PV_62_block_024,PV_62_024_705790_L,705789.95,705942.8,13.700929934962387,310.82995534211256,L,binocular,2,"/Volumes/Data-1/Nimrod/experiments/PV_62/2023_04_27/block_024/oe_files/2023-04-27_11-22-56/Record Node 108/analysis/recNames=Block0024,Animal=PV_62/lizMov.mat",True,False,1,0,84.90000000002328,2
PV_62,024,PV_62_block_024,PV_62_024_717816_L,717816.35,717867.35,7.214397375534483,213.59479722946443,L,binocular,2,"/Volumes/Data-1/Nimrod/experiments/PV_62/2023_04_27/block_024/oe_files/2023-04-27_11-22-56/Record Node 108/analysis/recNames=Block0024,Animal=PV_62/lizMov.mat",True,False,1,0,84.95000000006985,2
PV_62,024,PV_62_block_024,PV_62_024_717901_L,717901.3,717969.25,9.702480089008287,208.81757387635372,L,binocular,2,"/Volumes/Data-1/Nimrod/experiments/PV_62/2023_04_27/block_024/oe_files/2023-04-27_11-22-56/Record Node 108/analysis/recNames=Block0024,Animal=PV_62/lizMov.mat",True,False,0,0,,2
PV_62,024,PV_62_block_024,PV_62_024_746966_L,746966.3,747068.25,19.412570773599782,208.56079957185213,L,binocular,2,"/Volumes/Data-1/Nimrod/experiments/PV_62/2023_04_27/block_024/oe_files/2023-04-27_11-22-56/Record Node 108/analysis/recNames=Block0024,Animal=PV_62/lizMov.mat",True,False,0,0,,2
PV_62,024,PV_62_block_024,PV_62_024_751689_R,751688.6,751739.55,8.34902444127551,136.91045145110922,R,binocular,2,"/Volumes/Data-1/Nimrod/experiments/PV_62/2023_04_27/block_024/oe_files/2023-04-27_11-22-56/Record Node 108/analysis/recNames=Block0024,Animal=PV_62/lizMov.mat",True,False,2,0,135.90000000002328,2
PV_62,024,PV_62_block_024,PV_62_024_756649_R,756649.15,756700.1,7.539203088461574,132.4096119191061,R,binocular,2,"/Volumes/Data-1/Nimrod/experiments/PV_62/2023_04_27/block_024/oe_files/2023-04-27_11-22-56/Record Node 108/analysis/recNames=Block0024,Animal=PV_62/lizMov.mat",True,False,1,0,135.90000000002328,2
PV_62,024,PV_62_block_024,PV_62_024_781004_L,781004.3,781072.25,15.510583312816982,24.23269445950711,L,binocular,2,"/Volumes/Data-1/Nimrod/experiments/PV_62/2023_04_27/block_024/oe_files/2023-04-27_11-22-56/Record Node 108/analysis/recNames=Block0024,Animal=PV_62/lizMov.mat",True,False,2,0,84.89999999990687,2
PV_62,024,PV_62_block_024,PV_62_024_787849_L,787849.2,787917.15,12.143823626842579,236.27427385111645,L,binocular,2,"/Volumes/Data-1/Nimrod/experiments/PV_62/2023_04_27/block_024/oe_files/2023-04-27_11-22-56/Record Node 108/analysis/recNames=Block0024,Animal=PV_62/lizMov.mat",True,False,1,0,84.95000000006985,2
PV_62,024,PV_62_block_024,PV_62_024_799723_R,799723.45,799842.35,8.915344664166566,359.31835622471624,R,binocular,2,"/Volumes/Data-1/Nimrod/experiments/PV_62/2023_04_27/block_024/oe_files/2023-04-27_11-22-56/Record Node 108/analysis/recNames=Block0024,Animal=PV_62/lizMov.mat",True,False,0,0,,2
PV_62,024,PV_62_block_024,PV_62_024_827649_L,827649.3,827717.25,11.948032965097855,192.80383303041594,L,binocular,2,"/Volumes/Data-1/Nimrod/experiments/PV_62/2023_04_27/block_024/oe_files/2023-04-27_11-22-56/Record Node 108/analysis/recNames=Block0024,Animal=PV_62/lizMov.mat",True,False,1,0,84.94999999995343,2
PV_62,024,PV_62_block_024,PV_62_024_833101_R,833101.25,833169.2,11.661525110176768,142.9927578517476,R,binocular,2,"/Volumes/Data-1/Nimrod/experiments/PV_62/2023_04_27/block_024/oe_files/2023-04-27_11-22-56/Record Node 108/analysis/recNames=Block0024,Animal=PV_62/lizMov.mat",True,False,0,0,,2
PV_62,024,PV_62_block_024,PV_62_024_838264_R,838264.0,838348.9,9.35939267316664,133.05241505724962,R,binocular,2,"/Volumes/Data-1/Nimrod/experiments/PV_62/2023_04_27/block_024/oe_files/2023-04-27_11-22-56/Record Node 108/analysis/recNames=Block0024,Animal=PV_62/lizMov.mat",True,False,0,0,,2
PV_62,024,PV_62_block_024,PV_62_024_843376_R,843375.9,843460.8,9.08410527568904,111.05291925984606,R,binocular,2,"/Volumes/Data-1/Nimrod/experiments/PV_62/2023_04_27/block_024/oe_files/2023-04-27_11-22-56/Record Node 108/analysis/recNames=Block0024,Animal=PV_62/lizMov.mat",True,False,0,0,,2
PV_62,024,PV_62_block_024,PV_62_024_897168_R,897167.6,897337.45,16.211449467758403,321.41526365993974,R,binocular,2,"/Volumes/Data-1/Nimrod/experiments/PV_62/2023_04_27/block_024/oe_files/2023-04-27_11-22-56/Record Node 108/analysis/recNames=Block0024,Animal=PV_62/lizMov.mat",True,False,2,0,50.95000000006985,2
PV_62,024,PV_62_block_024,PV_62_024_900106_L,900106.35,900225.25,19.073637270029025,37.47849253057526,L,binocular,2,"/Volumes/Data-1/Nimrod/experiments/PV_62/2023_04_27/block_024/oe_files/2023-04-27_11-22-56/Record Node 108/analysis/recNames=Block0024,Animal=PV_62/lizMov.mat",True,False,0,0,,2
PV_62,024,PV_62_block_024,PV_62_024_901397_L,901397.25,901465.2,8.663608227522094,30.67386385790788,L,binocular,2,"/Volumes/Data-1/Nimrod/experiments/PV_62/2023_04_27/block_024/oe_files/2023-04-27_11-22-56/Record Node 108/analysis/recNames=Block0024,Animal=PV_62/lizMov.mat",True,False,2,0,135.90000000002328,2
PV_62,024,PV_62_block_024,PV_62_024_903181_L,903180.8,903231.75,8.104102618249234,4.864998560221876,L,binocular,2,"/Volumes/Data-1/Nimrod/experiments/PV_62/2023_04_27/block_024/oe_files/2023-04-27_11-22-56/Record Node 108/analysis/recNames=Block0024,Animal=PV_62/lizMov.mat",True,False,4,0,67.89999999990687,2
PV_62,024,PV_62_block_024,PV_62_024_907105_L,907104.7,907155.65,7.906126329389619,26.189620746556347,L,binocular,2,"/Volumes/Data-1/Nimrod/experiments/PV_62/2023_04_27/block_024/oe_files/2023-04-27_11-22-56/Record Node 108/analysis/recNames=Block0024,Animal=PV_62/lizMov.mat",True,False,0,0,,2
PV_62,024,PV_62_block_024,PV_62_024_919827_L,919827.4,919912.3,14.301073019044749,23.09710017560029,L,binocular,2,"/Volumes/Data-1/Nimrod/experiments/PV_62/2023_04_27/block_024/oe_files/2023-04-27_11-22-56/Record Node 108/analysis/recNames=Block0024,Animal=PV_62/lizMov.mat",True,False,0,0,,2
PV_62,024,PV_62_block_024,PV_62_024_925552_L,925551.55,925602.5,8.926025444351636,346.12255938507144,L,binocular,2,"/Volumes/Data-1/Nimrod/experiments/PV_62/2023_04_27/block_024/oe_files/2023-04-27_11-22-56/Record Node 108/analysis/recNames=Block0024,Animal=PV_62/lizMov.mat",True,False,0,0,,2
PV_62,024,PV_62_block_024,PV_62_024_944016_R,944016.25,944067.2,10.722786742906743,155.8048290042857,R,binocular,2,"/Volumes/Data-1/Nimrod/experiments/PV_62/2023_04_27/block_024/oe_files/2023-04-27_11-22-56/Record Node 108/analysis/recNames=Block0024,Animal=PV_62/lizMov.mat",True,False,1,0,135.90000000002328,2
PV_62,024,PV_62_block_024,PV_62_024_964094_L,964093.95,964161.9,8.026576227752361,339.92091235695864,L,binocular,2,"/Volumes/Data-1/Nimrod/experiments/PV_62/2023_04_27/block_024/oe_files/2023-04-27_11-22-56/Record Node 108/analysis/recNames=Block0024,Animal=PV_62/lizMov.mat",True,False,1,0,84.95000000006985,2
PV_62,024,PV_62_block_024,PV_62_024_966455_L,966454.9,966675.75,26.13622941016358,185.94593328897898,L,binocular,2,"/Volumes/Data-1/Nimrod/experiments/PV_62/2023_04_27/block_024/oe_files/2023-04-27_11-22-56/Record Node 108/analysis/recNames=Block0024,Animal=PV_62/lizMov.mat",True,False,0,0,,2
PV_62,024,PV_62_block_024,PV_62_024_972722_R,972722.25,972807.15,12.905557471339952,145.16490552288258,R,binocular,2,"/Volumes/Data-1/Nimrod/experiments/PV_62/2023_04_27/block_024/oe_files/2023-04-27_11-22-56/Record Node 108/analysis/recNames=Block0024,Animal=PV_62/lizMov.mat",True,False,0,0,,2
PV_62,024,PV_62_block_024,PV_62_024_979652_R,979652.25,979720.15,12.083490448235302,122.82349628402552,R,binocular,2,"/Volumes/Data-1/Nimrod/experiments/PV_62/2023_04_27/block_024/oe_files/2023-04-27_11-22-56/Record Node 108/analysis/recNames=Block0024,Animal=PV_62/lizMov.mat",True,False,0,0,,2
PV_62,024,PV_62_block_024,PV_62_024_983236_L,983235.7,983269.65,8.553110389162287,181.91131324729116,L,binocular,2,"/Volumes/Data-1/Nimrod/experiments/PV_62/2023_04_27/block_024/oe_files/2023-04-27_11-22-56/Record Node 108/analysis/recNames=Block0024,Animal=PV_62/lizMov.mat",True,False,2,0,67.95000000006985,2
PV_62,024,PV_62_block_024,PV_62_024_984628_R,984628.3,984679.25,8.629027062428616,73.91050820276864,R,binocular,2,"/Volumes/Data-1/Nimrod/experiments/PV_62/2023_04_27/block_024/oe_files/2023-04-27_11-22-56/Record Node 108/analysis/recNames=Block0024,Animal=PV_62/lizMov.mat",True,False,0,0,,2
PV_62,024,PV_62_block_024,PV_62_024_986140_L,986140.0,986241.9,11.479563303682111,319.4213915272204,L,binocular,2,"/Volumes/Data-1/Nimrod/experiments/PV_62/2023_04_27/block_024/oe_files/2023-04-27_11-22-56/Record Node 108/analysis/recNames=Block0024,Animal=PV_62/lizMov.mat",True,False,0,0,,2
PV_62,024,PV_62_block_024,PV_62_024_998609_R,998609.05,998710.95,14.288449606324738,291.2048840982553,R,binocular,2,"/Volumes/Data-1/Nimrod/experiments/PV_62/2023_04_27/block_024/oe_files/2023-04-27_11-22-56/Record Node 108/analysis/recNames=Block0024,Animal=PV_62/lizMov.mat",True,False,0,0,,2
PV_62,024,PV_62_block_024,PV_62_024_1005913_R,1005912.8,1005980.75,12.926705957498907,115.1980688372537,R,binocular,2,"/Volumes/Data-1/Nimrod/experiments/PV_62/2023_04_27/block_024/oe_files/2023-04-27_11-22-56/Record Node 108/analysis/recNames=Block0024,Animal=PV_62/lizMov.mat",True,False,0,0,,2
PV_62,024,PV_62_block_024,PV_62_024_1013913_R,1013913.45,1014049.35,22.80946676830694,295.517792020704,R,binocular,2,"/Volumes/Data-1/Nimrod/experiments/PV_62/2023_04_27/block_024/oe_files/2023-04-27_11-22-56/Record Node 108/analysis/recNames=Block0024,Animal=PV_62/lizMov.mat",True,False,1,0,67.95000000006985,2
PV_62,024,PV_62_block_024,PV_62_024_1015867_L,1015867.0,1015934.95,12.551567471285084,18.401987618867807,L,binocular,2,"/Volumes/Data-1/Nimrod/experiments/PV_62/2023_04_27/block_024/oe_files/2023-04-27_11-22-56/Record Node 108/analysis/recNames=Block0024,Animal=PV_62/lizMov.mat",True,False,1,0,101.94999999995343,2
PV_62,024,PV_62_block_024,PV_62_024_1017311_L,1017311.25,1017379.2,14.07857193296387,18.42001235682143,L,binocular,2,"/Volumes/Data-1/Nimrod/experiments/PV_62/2023_04_27/block_024/oe_files/2023-04-27_11-22-56/Record Node 108/analysis/recNames=Block0024,Animal=PV_62/lizMov.mat",True,False,1,0,101.90000000002328,2
PV_62,024,PV_62_block_024,PV_62_024_1021389_L,1021389.15,1021440.1,11.882195272714945,22.83546809782576,L,binocular,2,"/Volumes/Data-1/Nimrod/experiments/PV_62/2023_04_27/block_024/oe_files/2023-04-27_11-22-56/Record Node 108/analysis/recNames=Block0024,Animal=PV_62/lizMov.mat",True,False,2,0,101.94999999995343,2
PV_62,024,PV_62_block_024,PV_62_024_1022493_L,1022493.45,1022561.4,8.757456533981953,19.363757941760042,L,binocular,2,"/Volumes/Data-1/Nimrod/experiments/PV_62/2023_04_27/block_024/oe_files/2023-04-27_11-22-56/Record Node 108/analysis/recNames=Block0024,Animal=PV_62/lizMov.mat",True,False,1,0,135.90000000002328,2
PV_62,024,PV_62_block_024,PV_62_024_1032414_L,1032414.2,1032482.15,9.923697143690605,41.77513612465231,L,binocular,2,"/Volumes/Data-1/Nimrod/experiments/PV_62/2023_04_27/block_024/oe_files/2023-04-27_11-22-56/Record Node 108/analysis/recNames=Block0024,Animal=PV_62/lizMov.mat",True,False,0,0,,2
PV_62,024,PV_62_block_024,PV_62_024_1044339_R,1044339.0,1044406.95,11.840169754328812,151.01872139406825,R,binocular,2,"/Volumes/Data-1/Nimrod/experiments/PV_62/2023_04_27/block_024/oe_files/2023-04-27_11-22-56/Record Node 108/analysis/recNames=Block0024,Animal=PV_62/lizMov.mat",True,False,1,0,135.90000000002328,2
PV_62,024,PV_62_block_024,PV_62_024_1046836_R,1046835.8,1046903.75,10.445806657912605,106.56455726908221,R,binocular,2,"/Volumes/Data-1/Nimrod/experiments/PV_62/2023_04_27/block_024/oe_files/2023-04-27_11-22-56/Record Node 108/analysis/recNames=Block0024,Animal=PV_62/lizMov.mat",True,True,2,1,50.949999999953434,2
PV_62,024,PV_62_block_024,PV_62_024_1050929_R,1050929.45,1050997.4,12.598551720821726,351.5529896824897,R,binocular,2,"/Volumes/Data-1/Nimrod/experiments/PV_62/2023_04_27/block_024/oe_files/2023-04-27_11-22-56/Record Node 108/analysis/recNames=Block0024,Animal=PV_62/lizMov.mat",True,False,0,0,,2
PV_62,024,PV_62_block_024,PV_62_024_1056127_R,1056126.65,1056194.55,15.067102565329195,21.37520195053089,R,binocular,2,"/Volumes/Data-1/Nimrod/experiments/PV_62/2023_04_27/block_024/oe_files/2023-04-27_11-22-56/Record Node 108/analysis/recNames=Block0024,Animal=PV_62/lizMov.mat",True,False,0,0,,2
PV_62,024,PV_62_block_024,PV_62_024_1066776_L,1066775.65,1066860.55,10.584278933321801,136.25499036506167,L,binocular,2,"/Volumes/Data-1/Nimrod/experiments/PV_62/2023_04_27/block_024/oe_files/2023-04-27_11-22-56/Record Node 108/analysis/recNames=Block0024,Animal=PV_62/lizMov.mat",True,False,2,0,50.9000000001397,2
PV_62,024,PV_62_block_024,PV_62_024_1090009_R,1090009.25,1090128.15,24.596587080487733,302.94836096206257,R,binocular,2,"/Volumes/Data-1/Nimrod/experiments/PV_62/2023_04_27/block_024/oe_files/2023-04-27_11-22-56/Record Node 108/analysis/recNames=Block0024,Animal=PV_62/lizMov.mat",True,False,0,0,,2
PV_62,024,PV_62_block_024,PV_62_024_1111867_R,1111867.1,1111986.0,34.058356139180155,305.66506076002156,R,binocular,2,"/Volumes/Data-1/Nimrod/experiments/PV_62/2023_04_27/block_024/oe_files/2023-04-27_11-22-56/Record Node 108/analysis/recNames=Block0024,Animal=PV_62/lizMov.mat",True,False,0,0,,2
PV_62,024,PV_62_block_024,PV_62_024_1113735_R,1113735.1,1113786.05,7.266155618604788,67.87584378778382,R,binocular,2,"/Volumes/Data-1/Nimrod/experiments/PV_62/2023_04_27/block_024/oe_files/2023-04-27_11-22-56/Record Node 108/analysis/recNames=Block0024,Animal=PV_62/lizMov.mat",True,False,0,0,,2
PV_62,024,PV_62_block_024,PV_62_024_1146907_L,1146907.1,1146975.05,9.265913510164731,205.11963074429383,L,binocular,2,"/Volumes/Data-1/Nimrod/experiments/PV_62/2023_04_27/block_024/oe_files/2023-04-27_11-22-56/Record Node 108/analysis/recNames=Block0024,Animal=PV_62/lizMov.mat",True,False,0,0,,2
PV_62,024,PV_62_block_024,PV_62_024_1151391_R,1151391.25,1151476.2,22.45965204190568,331.1189973966652,R,binocular,2,"/Volumes/Data-1/Nimrod/experiments/PV_62/2023_04_27/block_024/oe_files/2023-04-27_11-22-56/Record Node 108/analysis/recNames=Block0024,Animal=PV_62/lizMov.mat",True,False,2,0,84.94999999995343,2
PV_62,024,PV_62_block_024,PV_62_024_1162907_R,1162907.25,1163060.1,22.884968578730575,157.67717359369155,R,binocular,2,"/Volumes/Data-1/Nimrod/experiments/PV_62/2023_04_27/block_024/oe_files/2023-04-27_11-22-56/Record Node 108/analysis/recNames=Block0024,Animal=PV_62/lizMov.mat",True,False,1,0,101.89999999990687,2
PV_62,024,PV_62_block_024,PV_62_024_1170822_R,1170822.3,1170890.25,9.868040923212924,115.63470582840525,R,binocular,2,"/Volumes/Data-1/Nimrod/experiments/PV_62/2023_04_27/block_024/oe_files/2023-04-27_11-22-56/Record Node 108/analysis/recNames=Block0024,Animal=PV_62/lizMov.mat",True,False,0,0,,2
PV_62,024,PV_62_block_024,PV_62_024_1181573_R,1181573.05,1181657.95,27.909926301009342,330.2160030756385,R,binocular,2,"/Volumes/Data-1/Nimrod/experiments/PV_62/2023_04_27/block_024/oe_files/2023-04-27_11-22-56/Record Node 108/analysis/recNames=Block0024,Animal=PV_62/lizMov.mat",True,False,2,0,84.89999999990687,2
PV_62,024,PV_62_block_024,PV_62_024_1185989_L,1185988.8,1186124.65,10.023398021453609,320.9215582826183,L,binocular,2,"/Volumes/Data-1/Nimrod/experiments/PV_62/2023_04_27/block_024/oe_files/2023-04-27_11-22-56/Record Node 108/analysis/recNames=Block0024,Animal=PV_62/lizMov.mat",True,False,1,0,118.89999999990687,2
PV_62,024,PV_62_block_024,PV_62_024_1194345_R,1194344.55,1194412.5,8.819469363258046,117.1231421093089,R,binocular,2,"/Volumes/Data-1/Nimrod/experiments/PV_62/2023_04_27/block_024/oe_files/2023-04-27_11-22-56/Record Node 108/analysis/recNames=Block0024,Animal=PV_62/lizMov.mat",True,False,0,0,,2
PV_62,024,PV_62_block_024,PV_62_024_1222837_R,1222836.55,1222904.45,13.19095165957884,328.10889566470996,R,binocular,2,"/Volumes/Data-1/Nimrod/experiments/PV_62/2023_04_27/block_024/oe_files/2023-04-27_11-22-56/Record Node 108/analysis/recNames=Block0024,Animal=PV_62/lizMov.mat",True,False,0,0,,2
PV_62,024,PV_62_block_024,PV_62_024_1244081_L,1244080.85,1244148.75,14.156847878244232,3.166571659660581,L,binocular,2,"/Volumes/Data-1/Nimrod/experiments/PV_62/2023_04_27/block_024/oe_files/2023-04-27_11-22-56/Record Node 108/analysis/recNames=Block0024,Animal=PV_62/lizMov.mat",True,False,0,0,,2
PV_62,024,PV_62_block_024,PV_62_024_1256224_L,1256224.25,1256343.15,7.963000438111521,113.9476955084829,L,binocular,2,"/Volumes/Data-1/Nimrod/experiments/PV_62/2023_04_27/block_024/oe_files/2023-04-27_11-22-56/Record Node 108/analysis/recNames=Block0024,Animal=PV_62/lizMov.mat",True,False,1,0,67.94999999995343,2
PV_62,024,PV_62_block_024,PV_62_024_1264394_R,1264394.45,1264479.4,12.409384213986673,44.56840431453338,R,binocular,2,"/Volumes/Data-1/Nimrod/experiments/PV_62/2023_04_27/block_024/oe_files/2023-04-27_11-22-56/Record Node 108/analysis/recNames=Block0024,Animal=PV_62/lizMov.mat",True,False,0,0,,2
PV_62,024,PV_62_block_024,PV_62_024_1269371_L,1269371.25,1269439.2,9.216585468415513,129.03005114192015,L,binocular,2,"/Volumes/Data-1/Nimrod/experiments/PV_62/2023_04_27/block_024/oe_files/2023-04-27_11-22-56/Record Node 108/analysis/recNames=Block0024,Animal=PV_62/lizMov.mat",True,False,0,0,,2
PV_62,024,PV_62_block_024,PV_62_024_1303040_R,1303039.95,1303107.9,7.584651256378624,73.26482803547047,R,binocular,2,"/Volumes/Data-1/Nimrod/experiments/PV_62/2023_04_27/block_024/oe_files/2023-04-27_11-22-56/Record Node 108/analysis/recNames=Block0024,Animal=PV_62/lizMov.mat",True,False,0,0,,2
PV_62,024,PV_62_block_024,PV_62_024_1327029_R,1327028.85,1327113.8,11.505151194528523,88.01208969067525,R,binocular,2,"/Volumes/Data-1/Nimrod/experiments/PV_62/2023_04_27/block_024/oe_files/2023-04-27_11-22-56/Record Node 108/analysis/recNames=Block0024,Animal=PV_62/lizMov.mat",True,False,0,0,,2
PV_62,024,PV_62_block_024,PV_62_024_1333298_L,1333297.9,1333348.85,15.121595857075604,18.44991389848696,L,binocular,2,"/Volumes/Data-1/Nimrod/experiments/PV_62/2023_04_27/block_024/oe_files/2023-04-27_11-22-56/Record Node 108/analysis/recNames=Block0024,Animal=PV_62/lizMov.mat",True,False,1,0,84.95000000018626,2
PV_62,024,PV_62_block_024,PV_62_024_1348112_L,1348112.4,1348197.35,23.28870068098515,209.53315694249753,L,binocular,2,"/Volumes/Data-1/Nimrod/experiments/PV_62/2023_04_27/block_024/oe_files/2023-04-27_11-22-56/Record Node 108/analysis/recNames=Block0024,Animal=PV_62/lizMov.mat",True,False,1,0,118.9000000001397,2
PV_62,024,PV_62_block_024,PV_62_024_1377502_R,1377501.55,1377569.5,12.536059478047704,127.87180347118932,R,binocular,2,"/Volumes/Data-1/Nimrod/experiments/PV_62/2023_04_27/block_024/oe_files/2023-04-27_11-22-56/Record Node 108/analysis/recNames=Block0024,Animal=PV_62/lizMov.mat",True,False,0,0,,2
PV_62,024,PV_62_block_024,PV_62_024_1377960_L,1377960.2,1378011.15,7.728777800755774,210.24759840034406,L,binocular,2,"/Volumes/Data-1/Nimrod/experiments/PV_62/2023_04_27/block_024/oe_files/2023-04-27_11-22-56/Record Node 108/analysis/recNames=Block0024,Animal=PV_62/lizMov.mat",True,False,2,0,67.94999999995343,2
PV_62,024,PV_62_block_024,PV_62_024_1405734_L,1405733.85,1405801.8,8.963675957518639,174.09223154648598,L,binocular,2,"/Volumes/Data-1/Nimrod/experiments/PV_62/2023_04_27/block_024/oe_files/2023-04-27_11-22-56/Record Node 108/analysis/recNames=Block0024,Animal=PV_62/lizMov.mat",True,False,1,0,84.94999999995343,2
PV_62,024,PV_62_block_024,PV_62_024_1406091_R,1406090.6,1406158.55,10.957611654634414,22.05869877714606,R,binocular,2,"/Volumes/Data-1/Nimrod/experiments/PV_62/2023_04_27/block_024/oe_files/2023-04-27_11-22-56/Record Node 108/analysis/recNames=Block0024,Animal=PV_62/lizMov.mat",True,False,0,0,,2
PV_62,024,PV_62_block_024,PV_62_024_1457035_R,1457034.55,1457136.45,14.17245626729099,284.73794707355154,R,binocular,2,"/Volumes/Data-1/Nimrod/experiments/PV_62/2023_04_27/block_024/oe_files/2023-04-27_11-22-56/Record Node 108/analysis/recNames=Block0024,Animal=PV_62/lizMov.mat",True,False,0,0,,2
PV_62,024,PV_62_block_024,PV_62_024_1465818_L,1465818.1,1465903.05,18.284989994935223,184.17912759042892,L,binocular,2,"/Volumes/Data-1/Nimrod/experiments/PV_62/2023_04_27/block_024/oe_files/2023-04-27_11-22-56/Record Node 108/analysis/recNames=Block0024,Animal=PV_62/lizMov.mat",True,False,1,0,102.0,2
PV_62,024,PV_62_block_024,PV_62_024_1469063_L,1469062.65,1469130.55,14.186165934996819,14.501023523759752,L,binocular,2,"/Volumes/Data-1/Nimrod/experiments/PV_62/2023_04_27/block_024/oe_files/2023-04-27_11-22-56/Record Node 108/analysis/recNames=Block0024,Animal=PV_62/lizMov.mat",True,False,1,0,118.85000000009313,2
PV_62,024,PV_62_block_024,PV_62_024_1475841_R,1475840.85,1475925.75,8.80669006321058,14.149382163582299,R,binocular,2,"/Volumes/Data-1/Nimrod/experiments/PV_62/2023_04_27/block_024/oe_files/2023-04-27_11-22-56/Record Node 108/analysis/recNames=Block0024,Animal=PV_62/lizMov.mat",True,False,1,0,118.89999999990687,2
PV_62,024,PV_62_block_024,PV_62_024_1493423_L,1493423.35,1493457.35,9.794240846687837,43.962057582449205,L,binocular,2,"/Volumes/Data-1/Nimrod/experiments/PV_62/2023_04_27/block_024/oe_files/2023-04-27_11-22-56/Record Node 108/analysis/recNames=Block0024,Animal=PV_62/lizMov.mat",True,False,0,0,,2
PV_62,024,PV_62_block_024,PV_62_024_1501288_L,1501288.5,1501407.45,32.75313406994982,195.6436104975999,L,binocular,2,"/Volumes/Data-1/Nimrod/experiments/PV_62/2023_04_27/block_024/oe_files/2023-04-27_11-22-56/Record Node 108/analysis/recNames=Block0024,Animal=PV_62/lizMov.mat",True,False,1,0,101.89999999990687,2
PV_62,024,PV_62_block_024,PV_62_024_1551815_L,1551815.15,1551900.1,10.869029779967654,4.840425848899704,L,binocular,2,"/Volumes/Data-1/Nimrod/experiments/PV_62/2023_04_27/block_024/oe_files/2023-04-27_11-22-56/Record Node 108/analysis/recNames=Block0024,Animal=PV_62/lizMov.mat",True,False,0,0,,2
PV_62,024,PV_62_block_024,PV_62_024_1556062_L,1556062.35,1556147.25,16.391488051795278,3.327129773035805,L,binocular,2,"/Volumes/Data-1/Nimrod/experiments/PV_62/2023_04_27/block_024/oe_files/2023-04-27_11-22-56/Record Node 108/analysis/recNames=Block0024,Animal=PV_62/lizMov.mat",True,False,2,0,67.94999999995343,2
PV_62,024,PV_62_block_024,PV_62_024_1558968_L,1558967.6,1559103.5,20.17350884872172,27.297648926633478,L,binocular,2,"/Volumes/Data-1/Nimrod/experiments/PV_62/2023_04_27/block_024/oe_files/2023-04-27_11-22-56/Record Node 108/analysis/recNames=Block0024,Animal=PV_62/lizMov.mat",True,False,1,0,101.89999999990687,2
PV_62,024,PV_62_block_024,PV_62_024_1559137_L,1559137.45,1559290.35,14.48685904110256,158.79297582260614,L,binocular,2,"/Volumes/Data-1/Nimrod/experiments/PV_62/2023_04_27/block_024/oe_files/2023-04-27_11-22-56/Record Node 108/analysis/recNames=Block0024,Animal=PV_62/lizMov.mat",True,False,0,0,,2
PV_62,024,PV_62_block_024,PV_62_024_1561924_R,1561923.6,1561974.55,8.65949228880578,151.50087729862693,R,binocular,2,"/Volumes/Data-1/Nimrod/experiments/PV_62/2023_04_27/block_024/oe_files/2023-04-27_11-22-56/Record Node 108/analysis/recNames=Block0024,Animal=PV_62/lizMov.mat",True,True,3,1,68.0,2
PV_62,024,PV_62_block_024,PV_62_024_1570214_L,1570214.1,1570299.05,13.539654768051033,6.319836478559057,L,binocular,2,"/Volumes/Data-1/Nimrod/experiments/PV_62/2023_04_27/block_024/oe_files/2023-04-27_11-22-56/Record Node 108/analysis/recNames=Block0024,Animal=PV_62/lizMov.mat",True,False,1,0,84.94999999995343,2
PV_62,024,PV_62_block_024,PV_62_024_1570469_L,1570468.9,1570604.8,9.203365145825657,273.9820879586213,L,binocular,2,"/Volumes/Data-1/Nimrod/experiments/PV_62/2023_04_27/block_024/oe_files/2023-04-27_11-22-56/Record Node 108/analysis/recNames=Block0024,Animal=PV_62/lizMov.mat",True,False,0,0,,2
PV_62,024,PV_62_block_024,PV_62_024_1570979_L,1570978.55,1571063.45,17.51113482681536,74.54587802093248,L,binocular,2,"/Volumes/Data-1/Nimrod/experiments/PV_62/2023_04_27/block_024/oe_files/2023-04-27_11-22-56/Record Node 108/analysis/recNames=Block0024,Animal=PV_62/lizMov.mat",True,False,1,0,118.89999999990687,2
PV_62,024,PV_62_block_024,PV_62_024_1574121_L,1574121.45,1574376.3,22.181641050455287,226.13001760870708,L,binocular,2,"/Volumes/Data-1/Nimrod/experiments/PV_62/2023_04_27/block_024/oe_files/2023-04-27_11-22-56/Record Node 108/analysis/recNames=Block0024,Animal=PV_62/lizMov.mat",True,False,1,0,135.9000000001397,2
PV_62,024,PV_62_block_024,PV_62_024_1574903_L,1574903.0,1575038.95,16.881606682789272,50.64335082688957,L,binocular,2,"/Volumes/Data-1/Nimrod/experiments/PV_62/2023_04_27/block_024/oe_files/2023-04-27_11-22-56/Record Node 108/analysis/recNames=Block0024,Animal=PV_62/lizMov.mat",True,False,1,0,68.0,2
PV_62,024,PV_62_block_024,PV_62_024_1578930_R,1578929.6,1578997.55,8.595114082570952,158.76542991662117,R,binocular,2,"/Volumes/Data-1/Nimrod/experiments/PV_62/2023_04_27/block_024/oe_files/2023-04-27_11-22-56/Record Node 108/analysis/recNames=Block0024,Animal=PV_62/lizMov.mat",True,False,0,0,,2
PV_62,024,PV_62_block_024,PV_62_024_1580527_R,1580526.55,1580594.5,10.198750097114642,146.3238352566983,R,binocular,2,"/Volumes/Data-1/Nimrod/experiments/PV_62/2023_04_27/block_024/oe_files/2023-04-27_11-22-56/Record Node 108/analysis/recNames=Block0024,Animal=PV_62/lizMov.mat",True,False,2,0,85.0,2
PV_62,024,PV_62_block_024,PV_62_024_81794_L,81794.35,81913.25,12.3282298704286,321.2006397737125,L,monocular,1,"/Volumes/Data-1/Nimrod/experiments/PV_62/2023_04_27/block_024/oe_files/2023-04-27_11-22-56/Record Node 108/analysis/recNames=Block0024,Animal=PV_62/lizMov.mat",True,False,1,0,50.94999999999709,1
PV_62,024,PV_62_block_024,PV_62_024_104033_L,104033.05,104134.95,7.236487781357517,201.61443317128897,L,monocular,1,"/Volumes/Data-1/Nimrod/experiments/PV_62/2023_04_27/block_024/oe_files/2023-04-27_11-22-56/Record Node 108/analysis/recNames=Block0024,Animal=PV_62/lizMov.mat",True,False,2,0,50.94999999999709,1
PV_62,024,PV_62_block_024,PV_62_024_173705_L,173705.0,173790.0,7.915414133267587,268.5230213057261,L,monocular,1,"/Volumes/Data-1/Nimrod/experiments/PV_62/2023_04_27/block_024/oe_files/2023-04-27_11-22-56/Record Node 108/analysis/recNames=Block0024,Animal=PV_62/lizMov.mat",True,False,1,0,34.0,1
PV_62,024,PV_62_block_024,PV_62_024_268123_L,268122.95,268173.9,9.16347214292895,166.73689374300324,L,monocular,1,"/Volumes/Data-1/Nimrod/experiments/PV_62/2023_04_27/block_024/oe_files/2023-04-27_11-22-56/Record Node 108/analysis/recNames=Block0024,Animal=PV_62/lizMov.mat",True,False,2,0,50.95000000001164,1
PV_62,024,PV_62_block_024,PV_62_024_319476_L,319476.3,319595.15,19.782648784652267,26.20311850412731,L,monocular,1,"/Volumes/Data-1/Nimrod/experiments/PV_62/2023_04_27/block_024/oe_files/2023-04-27_11-22-56/Record Node 108/analysis/recNames=Block0024,Animal=PV_62/lizMov.mat",True,False,1,0,50.95000000001164,1
PV_62,024,PV_62_block_024,PV_62_024_320716_L,320716.0,320817.85,12.278722870795667,174.97640181659077,L,monocular,1,"/Volumes/Data-1/Nimrod/experiments/PV_62/2023_04_27/block_024/oe_files/2023-04-27_11-22-56/Record Node 108/analysis/recNames=Block0024,Animal=PV_62/lizMov.mat",True,False,2,0,67.90000000002328,1
PV_62,024,PV_62_block_024,PV_62_024_336576_L,336576.45,336627.4,12.135089914306526,181.99363289400767,L,monocular,1,"/Volumes/Data-1/Nimrod/experiments/PV_62/2023_04_27/block_024/oe_files/2023-04-27_11-22-56/Record Node 108/analysis/recNames=Block0024,Animal=PV_62/lizMov.mat",True,False,2,0,84.89999999996508,1
PV_62,024,PV_62_block_024,PV_62_024_482633_L,482633.2,482650.15,13.315922855216696,92.74367741835687,L,monocular,1,"/Volumes/Data-1/Nimrod/experiments/PV_62/2023_04_27/block_024/oe_files/2023-04-27_11-22-56/Record Node 108/analysis/recNames=Block0024,Animal=PV_62/lizMov.mat",True,False,1,0,16.95000000001164,1
PV_62,024,PV_62_block_024,PV_62_024_577198_L,577197.5,577248.4,8.185125893755574,105.23616213059243,L,monocular,1,"/Volumes/Data-1/Nimrod/experiments/PV_62/2023_04_27/block_024/oe_files/2023-04-27_11-22-56/Record Node 108/analysis/recNames=Block0024,Animal=PV_62/lizMov.mat",True,False,1,0,67.90000000002328,1
PV_62,024,PV_62_block_024,PV_62_024_580153_L,580152.65,580271.55,16.68639237609083,112.30612757627732,L,monocular,1,"/Volumes/Data-1/Nimrod/experiments/PV_62/2023_04_27/block_024/oe_files/2023-04-27_11-22-56/Record Node 108/analysis/recNames=Block0024,Animal=PV_62/lizMov.mat",True,False,0,0,,1
PV_62,024,PV_62_block_024,PV_62_024_591056_L,591056.45,591226.3,20.68257881456533,287.19253427482965,L,monocular,1,"/Volumes/Data-1/Nimrod/experiments/PV_62/2023_04_27/block_024/oe_files/2023-04-27_11-22-56/Record Node 108/analysis/recNames=Block0024,Animal=PV_62/lizMov.mat",True,False,1,0,50.95000000006985,1
PV_62,024,PV_62_block_024,PV_62_024_708660_L,708660.2,708762.1,13.784034948797016,115.64513759530024,L,monocular,1,"/Volumes/Data-1/Nimrod/experiments/PV_62/2023_04_27/block_024/oe_files/2023-04-27_11-22-56/Record Node 108/analysis/recNames=Block0024,Animal=PV_62/lizMov.mat",True,False,0,0,,1
PV_62,024,PV_62_block_024,PV_62_024_897270_L,897269.5,897337.45,7.379038586033706,25.043812981633923,L,monocular,1,"/Volumes/Data-1/Nimrod/experiments/PV_62/2023_04_27/block_024/oe_files/2023-04-27_11-22-56/Record Node 108/analysis/recNames=Block0024,Animal=PV_62/lizMov.mat",True,False,0,0,,1
PV_62,024,PV_62_block_024,PV_62_024_911572_L,911572.3,911640.2,8.098477936595028,12.933727883128759,L,monocular,1,"/Volumes/Data-1/Nimrod/experiments/PV_62/2023_04_27/block_024/oe_files/2023-04-27_11-22-56/Record Node 108/analysis/recNames=Block0024,Animal=PV_62/lizMov.mat",True,False,1,0,50.949999999953434,1
PV_62,024,PV_62_block_024,PV_62_024_920778_L,920778.45,920846.4,8.23028705432536,347.9637073378781,L,monocular,1,"/Volumes/Data-1/Nimrod/experiments/PV_62/2023_04_27/block_024/oe_files/2023-04-27_11-22-56/Record Node 108/analysis/recNames=Block0024,Animal=PV_62/lizMov.mat",True,False,1,0,84.95000000006985,1
PV_62,024,PV_62_block_024,PV_62_024_968561_L,968561.15,968646.1,9.130345089529243,211.76543643923426,L,monocular,1,"/Volumes/Data-1/Nimrod/experiments/PV_62/2023_04_27/block_024/oe_files/2023-04-27_11-22-56/Record Node 108/analysis/recNames=Block0024,Animal=PV_62/lizMov.mat",True,False,1,0,101.90000000002328,1
PV_62,024,PV_62_block_024,PV_62_024_985376_L,985375.65,985443.6,14.24120960847529,136.73553081095085,L,monocular,1,"/Volumes/Data-1/Nimrod/experiments/PV_62/2023_04_27/block_024/oe_files/2023-04-27_11-22-56/Record Node 108/analysis/recNames=Block0024,Animal=PV_62/lizMov.mat",True,False,0,0,,1
PV_62,024,PV_62_block_024,PV_62_024_986785_L,986785.45,986887.35,17.70352425906957,127.92129330587632,L,monocular,1,"/Volumes/Data-1/Nimrod/experiments/PV_62/2023_04_27/block_024/oe_files/2023-04-27_11-22-56/Record Node 108/analysis/recNames=Block0024,Animal=PV_62/lizMov.mat",True,False,0,0,,1
PV_62,024,PV_62_block_024,PV_62_024_1127287_L,1127287.3,1127423.15,16.171279489796188,332.0468366038004,L,monocular,1,"/Volumes/Data-1/Nimrod/experiments/PV_62/2023_04_27/block_024/oe_files/2023-04-27_11-22-56/Record Node 108/analysis/recNames=Block0024,Animal=PV_62/lizMov.mat",True,False,0,0,,1
PV_62,024,PV_62_block_024,PV_62_024_1181658_L,1181657.95,1181776.85,12.859731395179285,198.39296796768988,L,monocular,1,"/Volumes/Data-1/Nimrod/experiments/PV_62/2023_04_27/block_024/oe_files/2023-04-27_11-22-56/Record Node 108/analysis/recNames=Block0024,Animal=PV_62/lizMov.mat",True,False,1,0,50.949999999953434,1
PV_62,024,PV_62_block_024,PV_62_024_1225808_L,1225807.6,1225943.45,18.328500186505984,34.902785846228305,L,monocular,1,"/Volumes/Data-1/Nimrod/experiments/PV_62/2023_04_27/block_024/oe_files/2023-04-27_11-22-56/Record Node 108/analysis/recNames=Block0024,Animal=PV_62/lizMov.mat",True,False,0,0,,1
PV_62,024,PV_62_block_024,PV_62_024_1239359_L,1239359.2,1239427.15,17.10138480897896,28.135872223242778,L,monocular,1,"/Volumes/Data-1/Nimrod/experiments/PV_62/2023_04_27/block_024/oe_files/2023-04-27_11-22-56/Record Node 108/analysis/recNames=Block0024,Animal=PV_62/lizMov.mat",True,False,0,0,,1
PV_62,024,PV_62_block_024,PV_62_024_1248208_L,1248207.6,1248343.45,9.622605199878905,283.388503247771,L,monocular,1,"/Volumes/Data-1/Nimrod/experiments/PV_62/2023_04_27/block_024/oe_files/2023-04-27_11-22-56/Record Node 108/analysis/recNames=Block0024,Animal=PV_62/lizMov.mat",True,False,1,0,84.8499999998603,1
PV_62,024,PV_62_block_024,PV_62_024_1355776_L,1355775.5,1355860.4,8.445791532324082,37.3729253584073,L,monocular,1,"/Volumes/Data-1/Nimrod/experiments/PV_62/2023_04_27/block_024/oe_files/2023-04-27_11-22-56/Record Node 108/analysis/recNames=Block0024,Animal=PV_62/lizMov.mat",True,False,0,0,,1
PV_62,024,PV_62_block_024,PV_62_024_1488803_L,1488802.6,1488887.55,10.354391416132582,44.09895492394763,L,monocular,1,"/Volumes/Data-1/Nimrod/experiments/PV_62/2023_04_27/block_024/oe_files/2023-04-27_11-22-56/Record Node 108/analysis/recNames=Block0024,Animal=PV_62/lizMov.mat",True,False,0,0,,1
PV_62,024,PV_62_block_024,PV_62_024_1499199_L,1499199.05,1499334.95,14.220902208420588,284.3609764749615,L,monocular,1,"/Volumes/Data-1/Nimrod/experiments/PV_62/2023_04_27/block_024/oe_files/2023-04-27_11-22-56/Record Node 108/analysis/recNames=Block0024,Animal=PV_62/lizMov.mat",True,False,0,0,,1
PV_62,024,PV_62_block_024,PV_62_024_1503225_L,1503225.15,1503259.15,10.859464513713565,130.00392576099844,L,monocular,1,"/Volumes/Data-1/Nimrod/experiments/PV_62/2023_04_27/block_024/oe_files/2023-04-27_11-22-56/Record Node 108/analysis/recNames=Block0024,Animal=PV_62/lizMov.mat",True,False,2,0,50.950000000186265,1
PV_62,024,PV_62_block_024,PV_62_024_1509001_L,1509001.2,1509069.15,17.187742234354104,22.60435179567292,L,monocular,1,"/Volumes/Data-1/Nimrod/experiments/PV_62/2023_04_27/block_024/oe_files/2023-04-27_11-22-56/Record Node 108/analysis/recNames=Block0024,Animal=PV_62/lizMov.mat",True,False,2,0,84.9000000001397,1
PV_62,024,PV_62_block_024,PV_62_024_1556181_L,1556181.25,1556266.25,7.836811438703954,210.52703529378783,L,monocular,1,"/Volumes/Data-1/Nimrod/experiments/PV_62/2023_04_27/block_024/oe_files/2023-04-27_11-22-56/Record Node 108/analysis/recNames=Block0024,Animal=PV_62/lizMov.mat",True,False,1,0,51.0,1
PV_62,024,PV_62_block_024,PV_62_024_1559070_L,1559069.5,1559120.45,15.137109034878925,195.83583486622302,L,monocular,1,"/Volumes/Data-1/Nimrod/experiments/PV_62/2023_04_27/block_024/oe_files/2023-04-27_11-22-56/Record Node 108/analysis/recNames=Block0024,Animal=PV_62/lizMov.mat",True,False,2,0,67.94999999995343,1
PV_62,024,PV_62_block_024,PV_62_024_1570299_L,1570299.05,1570434.95,7.458475811464178,208.3321807428033,L,monocular,1,"/Volumes/Data-1/Nimrod/experiments/PV_62/2023_04_27/block_024/oe_files/2023-04-27_11-22-56/Record Node 108/analysis/recNames=Block0024,Animal=PV_62/lizMov.mat",True,False,0,0,,1
PV_62,024,PV_62_block_024,PV_62_024_184068_R,184067.7,184135.65,10.238288393051857,125.19394740264518,R,monocular,1,"/Volumes/Data-1/Nimrod/experiments/PV_62/2023_04_27/block_024/oe_files/2023-04-27_11-22-56/Record Node 108/analysis/recNames=Block0024,Animal=PV_62/lizMov.mat",True,False,0,0,,1
PV_62,024,PV_62_block_024,PV_62_024_197199_R,197199.2,197284.15,7.775490363984388,136.05365757641292,R,monocular,1,"/Volumes/Data-1/Nimrod/experiments/PV_62/2023_04_27/block_024/oe_files/2023-04-27_11-22-56/Record Node 108/analysis/recNames=Block0024,Animal=PV_62/lizMov.mat",True,False,1,0,67.94999999998254,1
PV_62,024,PV_62_block_024,PV_62_024_226076_R,226076.4,226127.35,9.310114398168661,63.390692762208694,R,monocular,1,"/Volumes/Data-1/Nimrod/experiments/PV_62/2023_04_27/block_024/oe_files/2023-04-27_11-22-56/Record Node 108/analysis/recNames=Block0024,Animal=PV_62/lizMov.mat",True,False,0,0,,1
PV_62,024,PV_62_block_024,PV_62_024_320631_R,320631.05,320733.0,11.31174441633818,55.62119609736052,R,monocular,1,"/Volumes/Data-1/Nimrod/experiments/PV_62/2023_04_27/block_024/oe_files/2023-04-27_11-22-56/Record Node 108/analysis/recNames=Block0024,Animal=PV_62/lizMov.mat",True,False,0,0,84.95000000001164,1
PV_62,024,PV_62_block_024,PV_62_024_335591_R,335591.4,335659.35,15.703388833219144,167.024397300534,R,monocular,1,"/Volumes/Data-1/Nimrod/experiments/PV_62/2023_04_27/block_024/oe_files/2023-04-27_11-22-56/Record Node 108/analysis/recNames=Block0024,Animal=PV_62/lizMov.mat",True,True,3,1,34.0,1
PV_62,024,PV_62_block_024,PV_62_024_398362_R,398362.35,398481.2,10.187554412175759,221.78005306073103,R,monocular,1,"/Volumes/Data-1/Nimrod/experiments/PV_62/2023_04_27/block_024/oe_files/2023-04-27_11-22-56/Record Node 108/analysis/recNames=Block0024,Animal=PV_62/lizMov.mat",True,False,1,0,84.90000000002328,1
PV_62,024,PV_62_block_024,PV_62_024_402608_R,402607.8,402709.7,18.672737180145393,40.16438134653098,R,monocular,1,"/Volumes/Data-1/Nimrod/experiments/PV_62/2023_04_27/block_024/oe_files/2023-04-27_11-22-56/Record Node 108/analysis/recNames=Block0024,Animal=PV_62/lizMov.mat",True,False,1,0,34.0,1
PV_62,024,PV_62_block_024,PV_62_024_473784_R,473784.25,473886.15,13.55319771583642,270.27267512613116,R,monocular,1,"/Volumes/Data-1/Nimrod/experiments/PV_62/2023_04_27/block_024/oe_files/2023-04-27_11-22-56/Record Node 108/analysis/recNames=Block0024,Animal=PV_62/lizMov.mat",True,False,0,0,,1
PV_62,024,PV_62_block_024,PV_62_024_487882_R,487882.0,487915.95,9.209533364515973,9.517897167810752,R,monocular,1,"/Volumes/Data-1/Nimrod/experiments/PV_62/2023_04_27/block_024/oe_files/2023-04-27_11-22-56/Record Node 108/analysis/recNames=Block0024,Animal=PV_62/lizMov.mat",True,False,1,0,67.95000000001164,1
PV_62,024,PV_62_block_024,PV_62_024_593162_R,593162.5,593264.45,9.13651741705452,0.15945814024176183,R,monocular,1,"/Volumes/Data-1/Nimrod/experiments/PV_62/2023_04_27/block_024/oe_files/2023-04-27_11-22-56/Record Node 108/analysis/recNames=Block0024,Animal=PV_62/lizMov.mat",True,False,1,0,34.0,1
PV_62,024,PV_62_block_024,PV_62_024_597357_R,597357.45,597408.35,7.593890313099528,149.3668870649527,R,monocular,1,"/Volumes/Data-1/Nimrod/experiments/PV_62/2023_04_27/block_024/oe_files/2023-04-27_11-22-56/Record Node 108/analysis/recNames=Block0024,Animal=PV_62/lizMov.mat",True,False,1,0,84.85000000009313,1
PV_62,024,PV_62_block_024,PV_62_024_785862_R,785861.65,785912.6,7.328254971222326,54.99713891201801,R,monocular,1,"/Volumes/Data-1/Nimrod/experiments/PV_62/2023_04_27/block_024/oe_files/2023-04-27_11-22-56/Record Node 108/analysis/recNames=Block0024,Animal=PV_62/lizMov.mat",True,False,0,0,,1
PV_62,024,PV_62_block_024,PV_62_024_864096_R,864096.5,864181.45,12.890385334104288,61.777386620164506,R,monocular,1,"/Volumes/Data-1/Nimrod/experiments/PV_62/2023_04_27/block_024/oe_files/2023-04-27_11-22-56/Record Node 108/analysis/recNames=Block0024,Animal=PV_62/lizMov.mat",True,False,0,0,,1
PV_62,024,PV_62_block_024,PV_62_024_897507_R,897507.3,897558.3,8.25367072392899,359.9173016458445,R,monocular,1,"/Volumes/Data-1/Nimrod/experiments/PV_62/2023_04_27/block_024/oe_files/2023-04-27_11-22-56/Record Node 108/analysis/recNames=Block0024,Animal=PV_62/lizMov.mat",True,False,0,0,,1
PV_62,024,PV_62_block_024,PV_62_024_970073_R,970072.85,970157.75,9.88666278436458,2.674859039536535,R,monocular,1,"/Volumes/Data-1/Nimrod/experiments/PV_62/2023_04_27/block_024/oe_files/2023-04-27_11-22-56/Record Node 108/analysis/recNames=Block0024,Animal=PV_62/lizMov.mat",True,False,1,0,101.90000000002328,1
PV_62,024,PV_62_block_024,PV_62_024_1018025_R,1018024.8,1018092.75,8.737520283696288,234.99850955867143,R,monocular,1,"/Volumes/Data-1/Nimrod/experiments/PV_62/2023_04_27/block_024/oe_files/2023-04-27_11-22-56/Record Node 108/analysis/recNames=Block0024,Animal=PV_62/lizMov.mat",True,False,1,0,50.949999999953434,1
PV_62,024,PV_62_block_024,PV_62_024_1041842_R,1041841.9,1041926.85,16.805671008712316,154.4281333224176,R,monocular,1,"/Volumes/Data-1/Nimrod/experiments/PV_62/2023_04_27/block_024/oe_files/2023-04-27_11-22-56/Record Node 108/analysis/recNames=Block0024,Animal=PV_62/lizMov.mat",True,False,0,0,,1
PV_62,024,PV_62_block_024,PV_62_024_1045953_R,1045952.55,1046003.5,7.076236817691658,350.1170342404078,R,monocular,1,"/Volumes/Data-1/Nimrod/experiments/PV_62/2023_04_27/block_024/oe_files/2023-04-27_11-22-56/Record Node 108/analysis/recNames=Block0024,Animal=PV_62/lizMov.mat",True,False,1,0,84.94999999995343,1
PV_62,024,PV_62_block_024,PV_62_024_1074774_R,1074774.15,1074859.05,19.023614578660318,118.19976819653984,R,monocular,1,"/Volumes/Data-1/Nimrod/experiments/PV_62/2023_04_27/block_024/oe_files/2023-04-27_11-22-56/Record Node 108/analysis/recNames=Block0024,Animal=PV_62/lizMov.mat",True,False,0,0,,1
PV_62,024,PV_62_block_024,PV_62_024_1280412_R,1280411.95,1280462.95,7.104036296359419,152.83966910248657,R,monocular,1,"/Volumes/Data-1/Nimrod/experiments/PV_62/2023_04_27/block_024/oe_files/2023-04-27_11-22-56/Record Node 108/analysis/recNames=Block0024,Animal=PV_62/lizMov.mat",True,False,1,0,51.0,1
PV_62,024,PV_62_block_024,PV_62_024_1301987_R,1301986.65,1302071.6,17.34293540597668,318.9502530022607,R,monocular,1,"/Volumes/Data-1/Nimrod/experiments/PV_62/2023_04_27/block_024/oe_files/2023-04-27_11-22-56/Record Node 108/analysis/recNames=Block0024,Animal=PV_62/lizMov.mat",True,False,1,0,51.0,1
PV_62,024,PV_62_block_024,PV_62_024_1308952_R,1308952.2,1309071.15,15.088079594057998,137.14228820058486,R,monocular,1,"/Volumes/Data-1/Nimrod/experiments/PV_62/2023_04_27/block_024/oe_files/2023-04-27_11-22-56/Record Node 108/analysis/recNames=Block0024,Animal=PV_62/lizMov.mat",True,False,1,0,34.0,1
PV_62,024,PV_62_block_024,PV_62_024_1324871_R,1324871.35,1324956.3,19.44246196877446,313.6096959005672,R,monocular,1,"/Volumes/Data-1/Nimrod/experiments/PV_62/2023_04_27/block_024/oe_files/2023-04-27_11-22-56/Record Node 108/analysis/recNames=Block0024,Animal=PV_62/lizMov.mat",True,False,0,0,,1
PV_62,024,PV_62_block_024,PV_62_024_1472613_R,1472613.0,1472714.9,9.966956269829625,265.4079974208375,R,monocular,1,"/Volumes/Data-1/Nimrod/experiments/PV_62/2023_04_27/block_024/oe_files/2023-04-27_11-22-56/Record Node 108/analysis/recNames=Block0024,Animal=PV_62/lizMov.mat",True,False,1,0,50.949999999953434,1
PV_62,024,PV_62_block_024,PV_62_024_1501390_R,1501390.4,1501475.35,8.986337371893262,339.72403947423754,R,monocular,1,"/Volumes/Data-1/Nimrod/experiments/PV_62/2023_04_27/block_024/oe_files/2023-04-27_11-22-56/Record Node 108/analysis/recNames=Block0024,Animal=PV_62/lizMov.mat",True,False,2,0,51.0,1
PV_62,024,PV_62_block_024,PV_62_024_1562773_R,1562773.1,1562858.0,11.257366752535034,183.77029670371573,R,monocular,1,"/Volumes/Data-1/Nimrod/experiments/PV_62/2023_04_27/block_024/oe_files/2023-04-27_11-22-56/Record Node 108/analysis/recNames=Block0024,Animal=PV_62/lizMov.mat",True,True,3,1,67.94999999995343,1
PV_62,024,PV_62_block_024,PV_62_024_1574257_R,1574257.35,1574325.35,7.163001970530808,257.8225641997877,R,monocular,1,"/Volumes/Data-1/Nimrod/experiments/PV_62/2023_04_27/block_024/oe_files/2023-04-27_11-22-56/Record Node 108/analysis/recNames=Block0024,Animal=PV_62/lizMov.mat",True,False,0,0,,1
PV_62,024,PV_62_block_024,PV_62_024_1580034_R,1580033.9,1580101.85,7.087389225048968,172.4544730628285,R,monocular,1,"/Volumes/Data-1/Nimrod/experiments/PV_62/2023_04_27/block_024/oe_files/2023-04-27_11-22-56/Record Node 108/analysis/recNames=Block0024,Animal=PV_62/lizMov.mat",True,False,1,0,118.9000000001397,1
PV_62,026,PV_62_block_026,PV_62_026_35635_L,35635.35,35720.3,15.635450714205325,23.181745395729212,L,binocular,2,"/Volumes/Data-1/Nimrod/experiments/PV_62/2023_04_27/block_026/oe_files/2023-04-27_12-21-41/Record Node 108/analysis/recNames=Block0026,Animal=PV_62/lizMov.mat",True,False,0,0,,2
PV_62,026,PV_62_block_026,PV_62_026_36927_L,36926.65,37011.6,9.999938113727797,35.22224206890561,L,binocular,2,"/Volumes/Data-1/Nimrod/experiments/PV_62/2023_04_27/block_026/oe_files/2023-04-27_12-21-41/Record Node 108/analysis/recNames=Block0026,Animal=PV_62/lizMov.mat",True,False,1,0,118.94999999999709,2
PV_62,026,PV_62_block_026,PV_62_026_38829_R,38829.35,38897.3,12.553625538300347,70.13201020204907,R,binocular,2,"/Volumes/Data-1/Nimrod/experiments/PV_62/2023_04_27/block_026/oe_files/2023-04-27_12-21-41/Record Node 108/analysis/recNames=Block0026,Animal=PV_62/lizMov.mat",True,False,0,0,,2
PV_62,026,PV_62_block_026,PV_62_026_41462_L,41462.3,41547.2,8.6318555721981,23.95871843402367,L,binocular,2,"/Volumes/Data-1/Nimrod/experiments/PV_62/2023_04_27/block_026/oe_files/2023-04-27_12-21-41/Record Node 108/analysis/recNames=Block0026,Animal=PV_62/lizMov.mat",True,False,2,0,118.84999999999854,2
PV_62,026,PV_62_block_026,PV_62_026_54152_R,54151.8,54236.75,14.505501184767017,325.4793070121376,R,binocular,2,"/Volumes/Data-1/Nimrod/experiments/PV_62/2023_04_27/block_026/oe_files/2023-04-27_12-21-41/Record Node 108/analysis/recNames=Block0026,Animal=PV_62/lizMov.mat",True,False,0,0,,2
PV_62,026,PV_62_block_026,PV_62_026_55239_L,55239.2,55290.15,7.074858748141812,73.38458847309002,L,binocular,2,"/Volumes/Data-1/Nimrod/experiments/PV_62/2023_04_27/block_026/oe_files/2023-04-27_12-21-41/Record Node 108/analysis/recNames=Block0026,Animal=PV_62/lizMov.mat",True,False,0,0,,2
PV_62,026,PV_62_block_026,PV_62_026_58382_R,58382.35,58433.3,16.465859472153532,150.20588293170488,R,binocular,2,"/Volumes/Data-1/Nimrod/experiments/PV_62/2023_04_27/block_026/oe_files/2023-04-27_12-21-41/Record Node 108/analysis/recNames=Block0026,Animal=PV_62/lizMov.mat",True,False,1,0,84.95000000000437,2
PV_62,026,PV_62_block_026,PV_62_026_63174_L,63173.6,63343.45,9.265607806681007,313.3305678606889,L,binocular,2,"/Volumes/Data-1/Nimrod/experiments/PV_62/2023_04_27/block_026/oe_files/2023-04-27_12-21-41/Record Node 108/analysis/recNames=Block0026,Animal=PV_62/lizMov.mat",True,False,2,0,50.950000000004366,2
PV_62,026,PV_62_block_026,PV_62_026_67726_R,67725.85,67793.8,9.53347971343421,116.51618546408152,R,binocular,2,"/Volumes/Data-1/Nimrod/experiments/PV_62/2023_04_27/block_026/oe_files/2023-04-27_12-21-41/Record Node 108/analysis/recNames=Block0026,Animal=PV_62/lizMov.mat",True,False,2,0,118.89999999999418,2
PV_62,026,PV_62_block_026,PV_62_026_82368_R,82367.75,82418.7,8.287325633379636,28.66758571202714,R,binocular,2,"/Volumes/Data-1/Nimrod/experiments/PV_62/2023_04_27/block_026/oe_files/2023-04-27_12-21-41/Record Node 108/analysis/recNames=Block0026,Animal=PV_62/lizMov.mat",True,False,0,0,,2
PV_62,026,PV_62_block_026,PV_62_026_82623_L,82622.55,82826.35,9.990070447412428,353.63677114377896,L,binocular,2,"/Volumes/Data-1/Nimrod/experiments/PV_62/2023_04_27/block_026/oe_files/2023-04-27_12-21-41/Record Node 108/analysis/recNames=Block0026,Animal=PV_62/lizMov.mat",True,False,1,0,84.89999999999418,2
PV_62,026,PV_62_block_026,PV_62_026_83608_R,83607.7,83658.65,9.680941949127567,21.390931188335337,R,binocular,2,"/Volumes/Data-1/Nimrod/experiments/PV_62/2023_04_27/block_026/oe_files/2023-04-27_12-21-41/Record Node 108/analysis/recNames=Block0026,Animal=PV_62/lizMov.mat",True,False,1,0,101.90000000000873,2
PV_62,026,PV_62_block_026,PV_62_026_86427_R,86427.35,86478.3,8.381190104442087,180.05446629361947,R,binocular,2,"/Volumes/Data-1/Nimrod/experiments/PV_62/2023_04_27/block_026/oe_files/2023-04-27_12-21-41/Record Node 108/analysis/recNames=Block0026,Animal=PV_62/lizMov.mat",True,True,2,1,101.89999999999418,2
PV_62,026,PV_62_block_026,PV_62_026_89790_R,89790.45,89858.35,7.871053356802118,138.0085352132429,R,binocular,2,"/Volumes/Data-1/Nimrod/experiments/PV_62/2023_04_27/block_026/oe_files/2023-04-27_12-21-41/Record Node 108/analysis/recNames=Block0026,Animal=PV_62/lizMov.mat",True,False,1,0,67.90000000000873,2
PV_62,026,PV_62_block_026,PV_62_026_112401_R,112400.85,112519.75,16.628428394366193,308.590507162513,R,binocular,2,"/Volumes/Data-1/Nimrod/experiments/PV_62/2023_04_27/block_026/oe_files/2023-04-27_12-21-41/Record Node 108/analysis/recNames=Block0026,Animal=PV_62/lizMov.mat",True,False,0,0,,2
PV_62,026,PV_62_block_026,PV_62_026_114473_R,114473.4,114541.35,8.444484407063964,28.0050667582797,R,binocular,2,"/Volumes/Data-1/Nimrod/experiments/PV_62/2023_04_27/block_026/oe_files/2023-04-27_12-21-41/Record Node 108/analysis/recNames=Block0026,Animal=PV_62/lizMov.mat",True,False,1,0,84.95000000001164,2
PV_62,026,PV_62_block_026,PV_62_026_115068_L,115067.95,115237.8,12.843974847918004,350.44799346030055,L,binocular,2,"/Volumes/Data-1/Nimrod/experiments/PV_62/2023_04_27/block_026/oe_files/2023-04-27_12-21-41/Record Node 108/analysis/recNames=Block0026,Animal=PV_62/lizMov.mat",True,False,1,0,84.90000000000873,2
PV_62,026,PV_62_block_026,PV_62_026_115815_L,115815.3,115900.2,9.583859634993294,74.45793532980862,L,binocular,2,"/Volumes/Data-1/Nimrod/experiments/PV_62/2023_04_27/block_026/oe_files/2023-04-27_12-21-41/Record Node 108/analysis/recNames=Block0026,Animal=PV_62/lizMov.mat",True,False,2,0,101.89999999999418,2
PV_62,026,PV_62_block_026,PV_62_026_116291_R,116290.85,116341.75,9.541717113980207,144.1953495443826,R,binocular,2,"/Volumes/Data-1/Nimrod/experiments/PV_62/2023_04_27/block_026/oe_files/2023-04-27_12-21-41/Record Node 108/analysis/recNames=Block0026,Animal=PV_62/lizMov.mat",True,False,2,0,84.89999999999418,2
PV_62,026,PV_62_block_026,PV_62_026_178265_L,178264.75,178434.65,20.128505829625254,216.3149235596804,L,binocular,2,"/Volumes/Data-1/Nimrod/experiments/PV_62/2023_04_27/block_026/oe_files/2023-04-27_12-21-41/Record Node 108/analysis/recNames=Block0026,Animal=PV_62/lizMov.mat",True,False,1,0,50.95000000001164,2
PV_62,026,PV_62_block_026,PV_62_026_183259_R,183258.65,183343.55,12.635813404309912,217.03660607733292,R,binocular,2,"/Volumes/Data-1/Nimrod/experiments/PV_62/2023_04_27/block_026/oe_files/2023-04-27_12-21-41/Record Node 108/analysis/recNames=Block0026,Animal=PV_62/lizMov.mat",True,False,3,0,84.89999999999418,2
PV_62,026,PV_62_block_026,PV_62_026_223780_L,223779.65,223847.6,11.221546418693276,35.7752505246941,L,binocular,2,"/Volumes/Data-1/Nimrod/experiments/PV_62/2023_04_27/block_026/oe_files/2023-04-27_12-21-41/Record Node 108/analysis/recNames=Block0026,Animal=PV_62/lizMov.mat",True,False,0,0,,2
PV_62,026,PV_62_block_026,PV_62_026_231575_L,231574.9,231642.8,10.598660899169664,53.19190833653131,L,binocular,2,"/Volumes/Data-1/Nimrod/experiments/PV_62/2023_04_27/block_026/oe_files/2023-04-27_12-21-41/Record Node 108/analysis/recNames=Block0026,Animal=PV_62/lizMov.mat",True,False,0,0,,2
PV_62,026,PV_62_block_026,PV_62_026_238725_L,238724.55,238809.45,7.448975052610369,13.350765663534846,L,binocular,2,"/Volumes/Data-1/Nimrod/experiments/PV_62/2023_04_27/block_026/oe_files/2023-04-27_12-21-41/Record Node 108/analysis/recNames=Block0026,Animal=PV_62/lizMov.mat",True,False,1,0,101.85000000000582,2
PV_62,026,PV_62_block_026,PV_62_026_241204_L,241204.2,241272.15,10.40048254962578,80.7828196430953,L,binocular,2,"/Volumes/Data-1/Nimrod/experiments/PV_62/2023_04_27/block_026/oe_files/2023-04-27_12-21-41/Record Node 108/analysis/recNames=Block0026,Animal=PV_62/lizMov.mat",True,False,1,0,118.89999999999418,2
PV_62,026,PV_62_block_026,PV_62_026_264640_L,264639.9,264724.8,19.83595944619416,201.63068475367038,L,binocular,2,"/Volumes/Data-1/Nimrod/experiments/PV_62/2023_04_27/block_026/oe_files/2023-04-27_12-21-41/Record Node 108/analysis/recNames=Block0026,Animal=PV_62/lizMov.mat",True,False,1,0,84.89999999996508,2
PV_62,026,PV_62_block_026,PV_62_026_282286_L,282285.85,282472.6,17.796491348042043,105.15151317761266,L,binocular,2,"/Volumes/Data-1/Nimrod/experiments/PV_62/2023_04_27/block_026/oe_files/2023-04-27_12-21-41/Record Node 108/analysis/recNames=Block0026,Animal=PV_62/lizMov.mat",True,False,2,0,50.95000000001164,2
PV_62,026,PV_62_block_026,PV_62_026_283865_L,283865.2,284018.05,16.70576564145235,260.9218488804635,L,binocular,2,"/Volumes/Data-1/Nimrod/experiments/PV_62/2023_04_27/block_026/oe_files/2023-04-27_12-21-41/Record Node 108/analysis/recNames=Block0026,Animal=PV_62/lizMov.mat",True,False,0,0,,2
PV_62,026,PV_62_block_026,PV_62_026_289469_R,289469.4,289537.35,9.713845745274213,127.20273020646408,R,binocular,2,"/Volumes/Data-1/Nimrod/experiments/PV_62/2023_04_27/block_026/oe_files/2023-04-27_12-21-41/Record Node 108/analysis/recNames=Block0026,Animal=PV_62/lizMov.mat",True,False,0,0,,2
PV_62,026,PV_62_block_026,PV_62_026_345068_R,345068.2,345136.1,13.152883844322949,311.61979783473333,R,binocular,2,"/Volumes/Data-1/Nimrod/experiments/PV_62/2023_04_27/block_026/oe_files/2023-04-27_12-21-41/Record Node 108/analysis/recNames=Block0026,Animal=PV_62/lizMov.mat",True,False,0,0,,2
PV_62,026,PV_62_block_026,PV_62_026_345628_R,345628.5,345696.4,11.731004364535938,53.106486081445595,R,binocular,2,"/Volumes/Data-1/Nimrod/experiments/PV_62/2023_04_27/block_026/oe_files/2023-04-27_12-21-41/Record Node 108/analysis/recNames=Block0026,Animal=PV_62/lizMov.mat",True,False,2,0,84.84999999997672,2
PV_62,026,PV_62_block_026,PV_62_026_347089_L,347088.65,347173.55,8.357609223084886,25.707211030439936,L,binocular,2,"/Volumes/Data-1/Nimrod/experiments/PV_62/2023_04_27/block_026/oe_files/2023-04-27_12-21-41/Record Node 108/analysis/recNames=Block0026,Animal=PV_62/lizMov.mat",True,False,1,0,118.84999999997672,2
PV_62,026,PV_62_block_026,PV_62_026_350706_R,350705.65,350756.65,7.748437662670261,22.44585580377485,R,binocular,2,"/Volumes/Data-1/Nimrod/experiments/PV_62/2023_04_27/block_026/oe_files/2023-04-27_12-21-41/Record Node 108/analysis/recNames=Block0026,Animal=PV_62/lizMov.mat",True,False,1,0,84.94999999995343,2
PV_62,026,PV_62_block_026,PV_62_026_353932_R,353932.25,354017.15,11.376510680074787,160.69079650079254,R,binocular,2,"/Volumes/Data-1/Nimrod/experiments/PV_62/2023_04_27/block_026/oe_files/2023-04-27_12-21-41/Record Node 108/analysis/recNames=Block0026,Animal=PV_62/lizMov.mat",True,False,0,0,,2
PV_62,026,PV_62_block_026,PV_62_026_371560_L,371560.15,371628.1,7.935547769435212,23.722395264736413,L,binocular,2,"/Volumes/Data-1/Nimrod/experiments/PV_62/2023_04_27/block_026/oe_files/2023-04-27_12-21-41/Record Node 108/analysis/recNames=Block0026,Animal=PV_62/lizMov.mat",True,False,0,0,,2
PV_62,026,PV_62_block_026,PV_62_026_390393_L,390393.1,390478.0,10.016707417318566,323.61462948918523,L,binocular,2,"/Volumes/Data-1/Nimrod/experiments/PV_62/2023_04_27/block_026/oe_files/2023-04-27_12-21-41/Record Node 108/analysis/recNames=Block0026,Animal=PV_62/lizMov.mat",True,False,1,0,135.90000000002328,2
PV_62,026,PV_62_block_026,PV_62_026_422596_R,422596.2,422664.15,8.823452581623332,142.53309444800993,R,binocular,2,"/Volumes/Data-1/Nimrod/experiments/PV_62/2023_04_27/block_026/oe_files/2023-04-27_12-21-41/Record Node 108/analysis/recNames=Block0026,Animal=PV_62/lizMov.mat",True,False,0,0,,2
PV_62,026,PV_62_block_026,PV_62_026_425229_R,425229.05,425297.0,11.51861455804839,133.87616557908507,R,binocular,2,"/Volumes/Data-1/Nimrod/experiments/PV_62/2023_04_27/block_026/oe_files/2023-04-27_12-21-41/Record Node 108/analysis/recNames=Block0026,Animal=PV_62/lizMov.mat",True,False,1,0,101.90000000002328,2
PV_62,026,PV_62_block_026,PV_62_026_458298_R,458297.7,458433.55,16.871255515797962,55.46947659984421,R,binocular,2,"/Volumes/Data-1/Nimrod/experiments/PV_62/2023_04_27/block_026/oe_files/2023-04-27_12-21-41/Record Node 108/analysis/recNames=Block0026,Animal=PV_62/lizMov.mat",True,False,0,0,,2
PV_62,026,PV_62_block_026,PV_62_026_465158_L,465157.7,465225.65,14.185280933025306,16.630699056671443,L,binocular,2,"/Volumes/Data-1/Nimrod/experiments/PV_62/2023_04_27/block_026/oe_files/2023-04-27_12-21-41/Record Node 108/analysis/recNames=Block0026,Animal=PV_62/lizMov.mat",True,False,0,0,,2
PV_62,026,PV_62_block_026,PV_62_026_487165_R,487165.0,487283.85,17.745871004436175,70.08255664118596,R,binocular,2,"/Volumes/Data-1/Nimrod/experiments/PV_62/2023_04_27/block_026/oe_files/2023-04-27_12-21-41/Record Node 108/analysis/recNames=Block0026,Animal=PV_62/lizMov.mat",True,False,1,0,135.84999999997672,2
PV_62,026,PV_62_block_026,PV_62_026_492802_L,492802.4,492972.2,11.16233047315023,326.03232055630144,L,binocular,2,"/Volumes/Data-1/Nimrod/experiments/PV_62/2023_04_27/block_026/oe_files/2023-04-27_12-21-41/Record Node 108/analysis/recNames=Block0026,Animal=PV_62/lizMov.mat",True,False,0,0,,2
PV_62,026,PV_62_block_026,PV_62_026_501767_R,501767.15,501852.05,10.233203235244172,154.4955906108899,R,binocular,2,"/Volumes/Data-1/Nimrod/experiments/PV_62/2023_04_27/block_026/oe_files/2023-04-27_12-21-41/Record Node 108/analysis/recNames=Block0026,Animal=PV_62/lizMov.mat",True,False,0,0,,2
PV_62,026,PV_62_block_026,PV_62_026_529397_R,529397.25,529482.15,18.072720364594417,155.0172833435211,R,binocular,2,"/Volumes/Data-1/Nimrod/experiments/PV_62/2023_04_27/block_026/oe_files/2023-04-27_12-21-41/Record Node 108/analysis/recNames=Block0026,Animal=PV_62/lizMov.mat",True,False,1,0,118.90000000002328,2
PV_62,026,PV_62_block_026,PV_62_026_530909_L,530908.85,530959.85,11.777216427901777,189.7656709408827,L,binocular,2,"/Volumes/Data-1/Nimrod/experiments/PV_62/2023_04_27/block_026/oe_files/2023-04-27_12-21-41/Record Node 108/analysis/recNames=Block0026,Animal=PV_62/lizMov.mat",True,False,1,0,84.95000000006985,2
PV_62,026,PV_62_block_026,PV_62_026_533235_L,533235.45,533320.35,14.0487448485297,218.9005452325102,L,binocular,2,"/Volumes/Data-1/Nimrod/experiments/PV_62/2023_04_27/block_026/oe_files/2023-04-27_12-21-41/Record Node 108/analysis/recNames=Block0026,Animal=PV_62/lizMov.mat",True,True,2,1,101.85000000009313,2
PV_62,026,PV_62_block_026,PV_62_026_533388_R,533388.25,533473.15,7.178832774874324,333.26413397705795,R,binocular,2,"/Volumes/Data-1/Nimrod/experiments/PV_62/2023_04_27/block_026/oe_files/2023-04-27_12-21-41/Record Node 108/analysis/recNames=Block0026,Animal=PV_62/lizMov.mat",True,False,0,0,,2
PV_62,026,PV_62_block_026,PV_62_026_537854_R,537854.15,537956.05,10.353093464163214,121.15270959158602,R,binocular,2,"/Volumes/Data-1/Nimrod/experiments/PV_62/2023_04_27/block_026/oe_files/2023-04-27_12-21-41/Record Node 108/analysis/recNames=Block0026,Animal=PV_62/lizMov.mat",True,False,1,0,135.84999999997672,2
PV_62,026,PV_62_block_026,PV_62_026_550268_R,550267.7,550352.55,7.848136554315732,234.63972835717894,R,binocular,2,"/Volumes/Data-1/Nimrod/experiments/PV_62/2023_04_27/block_026/oe_files/2023-04-27_12-21-41/Record Node 108/analysis/recNames=Block0026,Animal=PV_62/lizMov.mat",True,False,1,0,118.80000000004657,2
PV_62,026,PV_62_block_026,PV_62_026_550709_R,550709.15,550760.15,8.11943145980685,105.29079565570551,R,binocular,2,"/Volumes/Data-1/Nimrod/experiments/PV_62/2023_04_27/block_026/oe_files/2023-04-27_12-21-41/Record Node 108/analysis/recNames=Block0026,Animal=PV_62/lizMov.mat",True,False,3,0,67.94999999995343,2
PV_62,026,PV_62_block_026,PV_62_026_592909_R,592909.2,592994.15,17.09820898593385,335.2196340192225,R,binocular,2,"/Volumes/Data-1/Nimrod/experiments/PV_62/2023_04_27/block_026/oe_files/2023-04-27_12-21-41/Record Node 108/analysis/recNames=Block0026,Animal=PV_62/lizMov.mat",True,False,2,0,101.90000000002328,2
PV_62,026,PV_62_block_026,PV_62_026_593792_R,593792.4,593843.35,8.20293775580541,4.262158252517937,R,binocular,2,"/Volumes/Data-1/Nimrod/experiments/PV_62/2023_04_27/block_026/oe_files/2023-04-27_12-21-41/Record Node 108/analysis/recNames=Block0026,Animal=PV_62/lizMov.mat",True,False,2,0,84.90000000002328,2
PV_62,026,PV_62_block_026,PV_62_026_598039_L,598038.65,598106.6,14.978117379050934,31.96708336609038,L,binocular,2,"/Volumes/Data-1/Nimrod/experiments/PV_62/2023_04_27/block_026/oe_files/2023-04-27_12-21-41/Record Node 108/analysis/recNames=Block0026,Animal=PV_62/lizMov.mat",True,False,2,0,135.90000000002328,2
PV_62,026,PV_62_block_026,PV_62_026_601793_R,601792.65,601928.55,9.489458489603594,323.57487349704195,R,binocular,2,"/Volumes/Data-1/Nimrod/experiments/PV_62/2023_04_27/block_026/oe_files/2023-04-27_12-21-41/Record Node 108/analysis/recNames=Block0026,Animal=PV_62/lizMov.mat",True,False,1,0,101.94999999995343,2
PV_62,026,PV_62_block_026,PV_62_026_622986_L,622985.9,623036.85,10.041746651620738,184.55744592785786,L,binocular,2,"/Volumes/Data-1/Nimrod/experiments/PV_62/2023_04_27/block_026/oe_files/2023-04-27_12-21-41/Record Node 108/analysis/recNames=Block0026,Animal=PV_62/lizMov.mat",True,False,0,0,,2
PV_62,026,PV_62_block_026,PV_62_026_623274_L,623274.5,623325.45,8.32077801378645,187.37888684735378,L,binocular,2,"/Volumes/Data-1/Nimrod/experiments/PV_62/2023_04_27/block_026/oe_files/2023-04-27_12-21-41/Record Node 108/analysis/recNames=Block0026,Animal=PV_62/lizMov.mat",True,False,0,0,,2
PV_62,026,PV_62_block_026,PV_62_026_624803_R,624802.7,624887.65,12.608107173053593,88.5313383924624,R,binocular,2,"/Volumes/Data-1/Nimrod/experiments/PV_62/2023_04_27/block_026/oe_files/2023-04-27_12-21-41/Record Node 108/analysis/recNames=Block0026,Animal=PV_62/lizMov.mat",True,False,2,0,84.95000000006985,2
PV_62,026,PV_62_block_026,PV_62_026_626875_R,626874.55,626959.5,8.45740294764597,15.316498555559305,R,binocular,2,"/Volumes/Data-1/Nimrod/experiments/PV_62/2023_04_27/block_026/oe_files/2023-04-27_12-21-41/Record Node 108/analysis/recNames=Block0026,Animal=PV_62/lizMov.mat",True,False,1,0,118.89999999990687,2
PV_62,026,PV_62_block_026,PV_62_026_629337_R,629336.9,629387.9,7.6083853135491,131.96426210427927,R,binocular,2,"/Volumes/Data-1/Nimrod/experiments/PV_62/2023_04_27/block_026/oe_files/2023-04-27_12-21-41/Record Node 108/analysis/recNames=Block0026,Animal=PV_62/lizMov.mat",True,False,1,0,101.94999999995343,2
PV_62,026,PV_62_block_026,PV_62_026_668462_L,668461.8,668529.75,11.192544783538924,16.927093438621032,L,binocular,2,"/Volumes/Data-1/Nimrod/experiments/PV_62/2023_04_27/block_026/oe_files/2023-04-27_12-21-41/Record Node 108/analysis/recNames=Block0026,Animal=PV_62/lizMov.mat",True,False,0,0,,2
PV_62,026,PV_62_block_026,PV_62_026_671077_R,671076.8,671212.65,8.091862613091132,44.33664081252686,R,binocular,2,"/Volumes/Data-1/Nimrod/experiments/PV_62/2023_04_27/block_026/oe_files/2023-04-27_12-21-41/Record Node 108/analysis/recNames=Block0026,Animal=PV_62/lizMov.mat",True,False,1,0,84.89999999990687,2
PV_62,026,PV_62_block_026,PV_62_026_687345_L,687344.75,687446.65,13.487682239132361,321.9504163450217,L,binocular,2,"/Volumes/Data-1/Nimrod/experiments/PV_62/2023_04_27/block_026/oe_files/2023-04-27_12-21-41/Record Node 108/analysis/recNames=Block0026,Animal=PV_62/lizMov.mat",True,False,1,0,135.90000000002328,2
PV_62,026,PV_62_block_026,PV_62_026_689400_R,689399.75,689484.65,7.658149273741465,209.16330895434368,R,binocular,2,"/Volumes/Data-1/Nimrod/experiments/PV_62/2023_04_27/block_026/oe_files/2023-04-27_12-21-41/Record Node 108/analysis/recNames=Block0026,Animal=PV_62/lizMov.mat",True,False,0,0,,2
PV_62,026,PV_62_block_026,PV_62_026_721310_L,721310.3,721378.25,10.14275365410723,168.91515109487972,L,binocular,2,"/Volumes/Data-1/Nimrod/experiments/PV_62/2023_04_27/block_026/oe_files/2023-04-27_12-21-41/Record Node 108/analysis/recNames=Block0026,Animal=PV_62/lizMov.mat",True,False,2,0,84.94999999995343,2
PV_62,026,PV_62_block_026,PV_62_026_723467_L,723467.45,723552.4,10.796025947708634,184.16743190591868,L,binocular,2,"/Volumes/Data-1/Nimrod/experiments/PV_62/2023_04_27/block_026/oe_files/2023-04-27_12-21-41/Record Node 108/analysis/recNames=Block0026,Animal=PV_62/lizMov.mat",True,False,1,0,67.95000000006985,2
PV_62,026,PV_62_block_026,PV_62_026_723637_R,723637.35,723756.2,7.003144521649356,5.910123491828951,R,binocular,2,"/Volumes/Data-1/Nimrod/experiments/PV_62/2023_04_27/block_026/oe_files/2023-04-27_12-21-41/Record Node 108/analysis/recNames=Block0026,Animal=PV_62/lizMov.mat",True,False,0,0,,2
PV_62,026,PV_62_block_026,PV_62_026_733233_R,733232.6,733283.55,8.168063968540725,153.18396316385102,R,binocular,2,"/Volumes/Data-1/Nimrod/experiments/PV_62/2023_04_27/block_026/oe_files/2023-04-27_12-21-41/Record Node 108/analysis/recNames=Block0026,Animal=PV_62/lizMov.mat",True,False,1,0,67.95000000006985,2
PV_62,026,PV_62_block_026,PV_62_026_780830_R,780829.95,780897.85,11.395808971348055,162.3836415760693,R,binocular,2,"/Volumes/Data-1/Nimrod/experiments/PV_62/2023_04_27/block_026/oe_files/2023-04-27_12-21-41/Record Node 108/analysis/recNames=Block0026,Animal=PV_62/lizMov.mat",True,False,2,0,101.90000000002328,2
PV_62,026,PV_62_block_026,PV_62_026_782035_L,782035.4,782171.3,21.742457980831666,150.35700186599772,L,binocular,2,"/Volumes/Data-1/Nimrod/experiments/PV_62/2023_04_27/block_026/oe_files/2023-04-27_12-21-41/Record Node 108/analysis/recNames=Block0026,Animal=PV_62/lizMov.mat",True,False,1,0,33.949999999953434,2
PV_62,026,PV_62_block_026,PV_62_026_785160_R,785160.15,785245.1,10.848993706628105,286.51146857968604,R,binocular,2,"/Volumes/Data-1/Nimrod/experiments/PV_62/2023_04_27/block_026/oe_files/2023-04-27_12-21-41/Record Node 108/analysis/recNames=Block0026,Animal=PV_62/lizMov.mat",True,False,0,0,,2
PV_62,026,PV_62_block_026,PV_62_026_785466_R,785465.95,785516.95,16.38227933379037,70.66102600357186,R,binocular,2,"/Volumes/Data-1/Nimrod/experiments/PV_62/2023_04_27/block_026/oe_files/2023-04-27_12-21-41/Record Node 108/analysis/recNames=Block0026,Animal=PV_62/lizMov.mat",True,False,0,0,,2
PV_62,026,PV_62_block_026,PV_62_026_786094_R,786094.45,786162.4,11.522548680340911,152.65693334152076,R,binocular,2,"/Volumes/Data-1/Nimrod/experiments/PV_62/2023_04_27/block_026/oe_files/2023-04-27_12-21-41/Record Node 108/analysis/recNames=Block0026,Animal=PV_62/lizMov.mat",True,False,2,0,67.95000000006985,2
PV_62,026,PV_62_block_026,PV_62_026_789339_R,789338.9,789406.85,13.70440622154995,151.63186771883267,R,binocular,2,"/Volumes/Data-1/Nimrod/experiments/PV_62/2023_04_27/block_026/oe_files/2023-04-27_12-21-41/Record Node 108/analysis/recNames=Block0026,Animal=PV_62/lizMov.mat",True,False,1,0,84.94999999995343,2
PV_62,026,PV_62_block_026,PV_62_026_795793_L,795793.35,795844.3,9.919532333932022,56.2840008557088,L,binocular,2,"/Volumes/Data-1/Nimrod/experiments/PV_62/2023_04_27/block_026/oe_files/2023-04-27_12-21-41/Record Node 108/analysis/recNames=Block0026,Animal=PV_62/lizMov.mat",True,False,0,0,,2
PV_62,026,PV_62_block_026,PV_62_026_801041_R,801040.85,801108.75,21.24728313594327,144.4459752462073,R,binocular,2,"/Volumes/Data-1/Nimrod/experiments/PV_62/2023_04_27/block_026/oe_files/2023-04-27_12-21-41/Record Node 108/analysis/recNames=Block0026,Animal=PV_62/lizMov.mat",True,False,2,0,84.90000000002328,2
PV_62,026,PV_62_block_026,PV_62_026_806424_R,806423.85,806525.7,21.169755165883974,312.1017280203697,R,binocular,2,"/Volumes/Data-1/Nimrod/experiments/PV_62/2023_04_27/block_026/oe_files/2023-04-27_12-21-41/Record Node 108/analysis/recNames=Block0026,Animal=PV_62/lizMov.mat",True,False,1,0,84.90000000002328,2
PV_62,026,PV_62_block_026,PV_62_026_840260_R,840259.7,840378.65,9.595944050887605,282.11051231424506,R,binocular,2,"/Volumes/Data-1/Nimrod/experiments/PV_62/2023_04_27/block_026/oe_files/2023-04-27_12-21-41/Record Node 108/analysis/recNames=Block0026,Animal=PV_62/lizMov.mat",True,False,1,0,67.95000000006985,2
PV_62,026,PV_62_block_026,PV_62_026_848022_L,848022.25,848124.15,11.390936962031754,60.56893354644974,L,binocular,2,"/Volumes/Data-1/Nimrod/experiments/PV_62/2023_04_27/block_026/oe_files/2023-04-27_12-21-41/Record Node 108/analysis/recNames=Block0026,Animal=PV_62/lizMov.mat",True,False,1,0,67.90000000002328,2
PV_62,026,PV_62_block_026,PV_62_026_859488_R,859488.1,859573.0,17.88406073160291,179.59067664744936,R,binocular,2,"/Volumes/Data-1/Nimrod/experiments/PV_62/2023_04_27/block_026/oe_files/2023-04-27_12-21-41/Record Node 108/analysis/recNames=Block0026,Animal=PV_62/lizMov.mat",True,False,1,0,101.90000000002328,2
PV_62,026,PV_62_block_026,PV_62_026_863751_R,863751.45,863819.4,9.68263849405576,120.61979789903741,R,binocular,2,"/Volumes/Data-1/Nimrod/experiments/PV_62/2023_04_27/block_026/oe_files/2023-04-27_12-21-41/Record Node 108/analysis/recNames=Block0026,Animal=PV_62/lizMov.mat",True,False,1,0,101.90000000002328,2
PV_62,026,PV_62_block_026,PV_62_026_870358_R,870358.1,870443.0,11.128871977033636,153.71221953726538,R,binocular,2,"/Volumes/Data-1/Nimrod/experiments/PV_62/2023_04_27/block_026/oe_files/2023-04-27_12-21-41/Record Node 108/analysis/recNames=Block0026,Animal=PV_62/lizMov.mat",True,False,1,0,101.90000000002328,2
PV_62,026,PV_62_block_026,PV_62_026_904339_R,904339.1,904474.9,16.443877279320937,324.52248335329585,R,binocular,2,"/Volumes/Data-1/Nimrod/experiments/PV_62/2023_04_27/block_026/oe_files/2023-04-27_12-21-41/Record Node 108/analysis/recNames=Block0026,Animal=PV_62/lizMov.mat",True,False,1,0,135.80000000004657,2
PV_62,026,PV_62_block_026,PV_62_026_910877_R,910876.55,910944.45,8.853832471179333,7.868578981007822,R,binocular,2,"/Volumes/Data-1/Nimrod/experiments/PV_62/2023_04_27/block_026/oe_files/2023-04-27_12-21-41/Record Node 108/analysis/recNames=Block0026,Animal=PV_62/lizMov.mat",True,False,2,0,101.89999999990687,2
PV_62,026,PV_62_block_026,PV_62_026_910978_R,910978.45,911097.3,7.238050632541433,239.3724438825489,R,binocular,2,"/Volumes/Data-1/Nimrod/experiments/PV_62/2023_04_27/block_026/oe_files/2023-04-27_12-21-41/Record Node 108/analysis/recNames=Block0026,Animal=PV_62/lizMov.mat",True,False,1,0,101.85000000009313,2
PV_62,026,PV_62_block_026,PV_62_026_921930_L,921930.4,922032.3,13.675538576796901,177.1589189915756,L,binocular,2,"/Volumes/Data-1/Nimrod/experiments/PV_62/2023_04_27/block_026/oe_files/2023-04-27_12-21-41/Record Node 108/analysis/recNames=Block0026,Animal=PV_62/lizMov.mat",True,False,0,0,,2
PV_62,026,PV_62_block_026,PV_62_026_922830_L,922830.15,922915.0,7.238656226448153,161.83733289490473,L,binocular,2,"/Volumes/Data-1/Nimrod/experiments/PV_62/2023_04_27/block_026/oe_files/2023-04-27_12-21-41/Record Node 108/analysis/recNames=Block0026,Animal=PV_62/lizMov.mat",True,False,0,0,,2
PV_62,026,PV_62_block_026,PV_62_026_929350_R,929350.05,929434.95,12.358692715146876,105.75865825527025,R,binocular,2,"/Volumes/Data-1/Nimrod/experiments/PV_62/2023_04_27/block_026/oe_files/2023-04-27_12-21-41/Record Node 108/analysis/recNames=Block0026,Animal=PV_62/lizMov.mat",True,False,0,0,,2
PV_62,026,PV_62_block_026,PV_62_026_1005490_L,1005490.45,1005558.35,19.4672341973572,64.78544185368264,L,binocular,2,"/Volumes/Data-1/Nimrod/experiments/PV_62/2023_04_27/block_026/oe_files/2023-04-27_12-21-41/Record Node 108/analysis/recNames=Block0026,Animal=PV_62/lizMov.mat",True,False,2,0,67.90000000002328,2
PV_62,026,PV_62_block_026,PV_62_026_1013964_L,1013964.25,1014049.15,9.377381009920663,235.8673479937019,L,binocular,2,"/Volumes/Data-1/Nimrod/experiments/PV_62/2023_04_27/block_026/oe_files/2023-04-27_12-21-41/Record Node 108/analysis/recNames=Block0026,Animal=PV_62/lizMov.mat",True,False,0,0,,2
PV_62,026,PV_62_block_026,PV_62_026_1021674_R,1021673.75,1021775.65,10.673740963634684,216.90409720122366,R,binocular,2,"/Volumes/Data-1/Nimrod/experiments/PV_62/2023_04_27/block_026/oe_files/2023-04-27_12-21-41/Record Node 108/analysis/recNames=Block0026,Animal=PV_62/lizMov.mat",True,False,1,0,118.90000000002328,2
PV_62,026,PV_62_block_026,PV_62_026_1028875_R,1028874.85,1028942.8,8.055617101076905,93.55130824515199,R,binocular,2,"/Volumes/Data-1/Nimrod/experiments/PV_62/2023_04_27/block_026/oe_files/2023-04-27_12-21-41/Record Node 108/analysis/recNames=Block0026,Animal=PV_62/lizMov.mat",True,False,0,0,,2
PV_62,026,PV_62_block_026,PV_62_026_1031610_L,1031609.8,1031728.75,15.264819855766138,151.46036652345387,L,binocular,2,"/Volumes/Data-1/Nimrod/experiments/PV_62/2023_04_27/block_026/oe_files/2023-04-27_12-21-41/Record Node 108/analysis/recNames=Block0026,Animal=PV_62/lizMov.mat",True,False,1,0,84.94999999995343,2
PV_62,026,PV_62_block_026,PV_62_026_1033920_L,1033920.3,1033988.25,7.588525669605012,347.9034997108229,L,binocular,2,"/Volumes/Data-1/Nimrod/experiments/PV_62/2023_04_27/block_026/oe_files/2023-04-27_12-21-41/Record Node 108/analysis/recNames=Block0026,Animal=PV_62/lizMov.mat",True,False,0,0,,2
PV_62,026,PV_62_block_026,PV_62_026_1036451_L,1036451.2,1036553.1,16.73207512913007,100.08863104295624,L,binocular,2,"/Volumes/Data-1/Nimrod/experiments/PV_62/2023_04_27/block_026/oe_files/2023-04-27_12-21-41/Record Node 108/analysis/recNames=Block0026,Animal=PV_62/lizMov.mat",True,False,0,0,,2
PV_62,026,PV_62_block_026,PV_62_026_1040001_L,1040000.75,1040068.75,18.671804923461107,0.21621744432621862,L,binocular,2,"/Volumes/Data-1/Nimrod/experiments/PV_62/2023_04_27/block_026/oe_files/2023-04-27_12-21-41/Record Node 108/analysis/recNames=Block0026,Animal=PV_62/lizMov.mat",True,False,2,0,118.94999999995343,2
PV_62,026,PV_62_block_026,PV_62_026_1044892_L,1044891.95,1045044.75,16.007064042307835,290.99540786829857,L,binocular,2,"/Volumes/Data-1/Nimrod/experiments/PV_62/2023_04_27/block_026/oe_files/2023-04-27_12-21-41/Record Node 108/analysis/recNames=Block0026,Animal=PV_62/lizMov.mat",True,False,0,0,,2
PV_62,026,PV_62_block_026,PV_62_026_1058241_R,1058241.05,1058342.95,15.49192189143837,144.56937241188075,R,binocular,2,"/Volumes/Data-1/Nimrod/experiments/PV_62/2023_04_27/block_026/oe_files/2023-04-27_12-21-41/Record Node 108/analysis/recNames=Block0026,Animal=PV_62/lizMov.mat",True,False,2,0,84.89999999990687,2
PV_62,026,PV_62_block_026,PV_62_026_1062605_R,1062605.2,1062673.15,11.072988511660286,299.4057780391325,R,binocular,2,"/Volumes/Data-1/Nimrod/experiments/PV_62/2023_04_27/block_026/oe_files/2023-04-27_12-21-41/Record Node 108/analysis/recNames=Block0026,Animal=PV_62/lizMov.mat",True,False,1,0,101.9000000001397,2
PV_62,026,PV_62_block_026,PV_62_026_1066919_R,1066918.65,1067071.5,16.239645856501344,123.54348166976787,R,binocular,2,"/Volumes/Data-1/Nimrod/experiments/PV_62/2023_04_27/block_026/oe_files/2023-04-27_12-21-41/Record Node 108/analysis/recNames=Block0026,Animal=PV_62/lizMov.mat",True,False,0,0,,2
PV_62,026,PV_62_block_026,PV_62_026_1069890_R,1069890.5,1069975.4,22.472744869504016,97.8402099855875,R,binocular,2,"/Volumes/Data-1/Nimrod/experiments/PV_62/2023_04_27/block_026/oe_files/2023-04-27_12-21-41/Record Node 108/analysis/recNames=Block0026,Animal=PV_62/lizMov.mat",True,False,2,0,101.89999999990687,2
PV_62,026,PV_62_block_026,PV_62_026_1079078_R,1079078.1,1079213.95,24.321561369865016,61.21961670542313,R,binocular,2,"/Volumes/Data-1/Nimrod/experiments/PV_62/2023_04_27/block_026/oe_files/2023-04-27_12-21-41/Record Node 108/analysis/recNames=Block0026,Animal=PV_62/lizMov.mat",True,False,0,0,,2
PV_62,026,PV_62_block_026,PV_62_026_1094617_R,1094617.25,1094668.2,10.089027503588651,119.49354176443184,R,binocular,2,"/Volumes/Data-1/Nimrod/experiments/PV_62/2023_04_27/block_026/oe_files/2023-04-27_12-21-41/Record Node 108/analysis/recNames=Block0026,Animal=PV_62/lizMov.mat",True,False,1,0,34.0,2
PV_62,026,PV_62_block_026,PV_62_026_1103126_L,1103125.75,1103210.65,16.40570462039849,20.5525274904988,L,binocular,2,"/Volumes/Data-1/Nimrod/experiments/PV_62/2023_04_27/block_026/oe_files/2023-04-27_12-21-41/Record Node 108/analysis/recNames=Block0026,Animal=PV_62/lizMov.mat",True,False,1,0,101.89999999990687,2
PV_62,026,PV_62_block_026,PV_62_026_1118681_L,1118681.1,1118766.0,18.377858535820938,19.537839913897383,L,binocular,2,"/Volumes/Data-1/Nimrod/experiments/PV_62/2023_04_27/block_026/oe_files/2023-04-27_12-21-41/Record Node 108/analysis/recNames=Block0026,Animal=PV_62/lizMov.mat",True,False,1,0,135.8499999998603,2
PV_62,026,PV_62_block_026,PV_62_026_1121245_L,1121245.15,1121330.05,13.339376952832403,59.52310148267551,L,binocular,2,"/Volumes/Data-1/Nimrod/experiments/PV_62/2023_04_27/block_026/oe_files/2023-04-27_12-21-41/Record Node 108/analysis/recNames=Block0026,Animal=PV_62/lizMov.mat",True,False,1,0,118.85000000009313,2
PV_62,026,PV_62_block_026,PV_62_026_1130246_L,1130245.6,1130313.55,8.15463205839549,58.09089204234644,L,binocular,2,"/Volumes/Data-1/Nimrod/experiments/PV_62/2023_04_27/block_026/oe_files/2023-04-27_12-21-41/Record Node 108/analysis/recNames=Block0026,Animal=PV_62/lizMov.mat",True,False,0,0,,2
PV_62,026,PV_62_block_026,PV_62_026_1138670_L,1138670.2,1138806.1,22.739237928823254,101.7640303010244,L,binocular,2,"/Volumes/Data-1/Nimrod/experiments/PV_62/2023_04_27/block_026/oe_files/2023-04-27_12-21-41/Record Node 108/analysis/recNames=Block0026,Animal=PV_62/lizMov.mat",True,False,1,0,84.94999999995343,2
PV_62,026,PV_62_block_026,PV_62_026_1143698_R,1143698.15,1143749.1,8.998145445001539,332.9210975120683,R,binocular,2,"/Volumes/Data-1/Nimrod/experiments/PV_62/2023_04_27/block_026/oe_files/2023-04-27_12-21-41/Record Node 108/analysis/recNames=Block0026,Animal=PV_62/lizMov.mat",True,False,2,0,84.9000000001397,2
PV_62,026,PV_62_block_026,PV_62_026_1151664_R,1151663.95,1151714.95,10.397780156384728,170.95220485597818,R,binocular,2,"/Volumes/Data-1/Nimrod/experiments/PV_62/2023_04_27/block_026/oe_files/2023-04-27_12-21-41/Record Node 108/analysis/recNames=Block0026,Animal=PV_62/lizMov.mat",True,False,0,0,,2
PV_62,026,PV_62_block_026,PV_62_026_1154280_R,1154279.5,1154313.45,8.518342096274562,126.75367053151825,R,binocular,2,"/Volumes/Data-1/Nimrod/experiments/PV_62/2023_04_27/block_026/oe_files/2023-04-27_12-21-41/Record Node 108/analysis/recNames=Block0026,Animal=PV_62/lizMov.mat",True,False,1,0,67.89999999990687,2
PV_62,026,PV_62_block_026,PV_62_026_1157184_R,1157183.85,1157268.8,10.70554385332665,156.08426904463047,R,binocular,2,"/Volumes/Data-1/Nimrod/experiments/PV_62/2023_04_27/block_026/oe_files/2023-04-27_12-21-41/Record Node 108/analysis/recNames=Block0026,Animal=PV_62/lizMov.mat",True,False,0,0,,2
PV_62,026,PV_62_block_026,PV_62_026_1173881_R,1173880.65,1173948.6,14.621744068835483,97.55846952607732,R,binocular,2,"/Volumes/Data-1/Nimrod/experiments/PV_62/2023_04_27/block_026/oe_files/2023-04-27_12-21-41/Record Node 108/analysis/recNames=Block0026,Animal=PV_62/lizMov.mat",True,False,0,0,,2
PV_62,026,PV_62_block_026,PV_62_026_1224733_L,1224732.75,1224868.65,15.993695495369103,12.148217711340852,L,binocular,2,"/Volumes/Data-1/Nimrod/experiments/PV_62/2023_04_27/block_026/oe_files/2023-04-27_12-21-41/Record Node 108/analysis/recNames=Block0026,Animal=PV_62/lizMov.mat",True,False,0,0,,2
PV_62,026,PV_62_block_026,PV_62_026_1228469_R,1228469.05,1228554.0,11.118983344230383,329.1243100211653,R,binocular,2,"/Volumes/Data-1/Nimrod/experiments/PV_62/2023_04_27/block_026/oe_files/2023-04-27_12-21-41/Record Node 108/analysis/recNames=Block0026,Animal=PV_62/lizMov.mat",True,False,2,0,118.89999999990687,2
PV_62,026,PV_62_block_026,PV_62_026_1231679_L,1231679.3,1231764.2,17.362878689626008,51.636903859415874,L,binocular,2,"/Volumes/Data-1/Nimrod/experiments/PV_62/2023_04_27/block_026/oe_files/2023-04-27_12-21-41/Record Node 108/analysis/recNames=Block0026,Animal=PV_62/lizMov.mat",True,False,2,0,118.8499999998603,2
PV_62,026,PV_62_block_026,PV_62_026_1238608_R,1238608.0,1238709.9,7.585300981547855,269.4458820720175,R,binocular,2,"/Volumes/Data-1/Nimrod/experiments/PV_62/2023_04_27/block_026/oe_files/2023-04-27_12-21-41/Record Node 108/analysis/recNames=Block0026,Animal=PV_62/lizMov.mat",True,False,0,0,,2
PV_62,026,PV_62_block_026,PV_62_026_1243160_R,1243160.0,1243244.95,8.454726653053598,322.0045971347481,R,binocular,2,"/Volumes/Data-1/Nimrod/experiments/PV_62/2023_04_27/block_026/oe_files/2023-04-27_12-21-41/Record Node 108/analysis/recNames=Block0026,Animal=PV_62/lizMov.mat",True,False,1,0,84.94999999995343,2
PV_62,026,PV_62_block_026,PV_62_026_1244655_L,1244654.95,1244790.85,23.042699669751812,56.33804591341476,L,binocular,2,"/Volumes/Data-1/Nimrod/experiments/PV_62/2023_04_27/block_026/oe_files/2023-04-27_12-21-41/Record Node 108/analysis/recNames=Block0026,Animal=PV_62/lizMov.mat",True,False,0,0,,2
PV_62,026,PV_62_block_026,PV_62_026_1256579_L,1256578.7,1256697.6,17.675545869246456,266.1689902217841,L,binocular,2,"/Volumes/Data-1/Nimrod/experiments/PV_62/2023_04_27/block_026/oe_files/2023-04-27_12-21-41/Record Node 108/analysis/recNames=Block0026,Animal=PV_62/lizMov.mat",True,False,0,0,,2
PV_62,026,PV_62_block_026,PV_62_026_1258719_R,1258719.2,1258770.15,7.90415528937386,103.49064968991468,R,binocular,2,"/Volumes/Data-1/Nimrod/experiments/PV_62/2023_04_27/block_026/oe_files/2023-04-27_12-21-41/Record Node 108/analysis/recNames=Block0026,Animal=PV_62/lizMov.mat",True,False,0,0,,2
PV_62,026,PV_62_block_026,PV_62_026_1260282_L,1260281.95,1260383.8,17.380488157769054,164.38626338622578,L,binocular,2,"/Volumes/Data-1/Nimrod/experiments/PV_62/2023_04_27/block_026/oe_files/2023-04-27_12-21-41/Record Node 108/analysis/recNames=Block0026,Animal=PV_62/lizMov.mat",True,False,0,0,,2
PV_62,026,PV_62_block_026,PV_62_026_1262609_R,1262608.7,1262710.65,11.63934497072128,275.492940846167,R,binocular,2,"/Volumes/Data-1/Nimrod/experiments/PV_62/2023_04_27/block_026/oe_files/2023-04-27_12-21-41/Record Node 108/analysis/recNames=Block0026,Animal=PV_62/lizMov.mat",True,False,0,0,,2
PV_62,026,PV_62_block_026,PV_62_026_1272903_R,1272902.95,1272970.9,17.620886383173392,152.3667464848521,R,binocular,2,"/Volumes/Data-1/Nimrod/experiments/PV_62/2023_04_27/block_026/oe_files/2023-04-27_12-21-41/Record Node 108/analysis/recNames=Block0026,Animal=PV_62/lizMov.mat",True,False,2,0,101.94999999995343,2
PV_62,026,PV_62_block_026,PV_62_026_1307622_R,1307622.25,1307690.2,12.531506311788617,321.0165379154859,R,binocular,2,"/Volumes/Data-1/Nimrod/experiments/PV_62/2023_04_27/block_026/oe_files/2023-04-27_12-21-41/Record Node 108/analysis/recNames=Block0026,Animal=PV_62/lizMov.mat",True,False,1,0,101.89999999990687,2
PV_62,026,PV_62_block_026,PV_62_026_1333592_R,1333592.1,1333660.05,8.924845586907157,216.13863546104486,R,binocular,2,"/Volumes/Data-1/Nimrod/experiments/PV_62/2023_04_27/block_026/oe_files/2023-04-27_12-21-41/Record Node 108/analysis/recNames=Block0026,Animal=PV_62/lizMov.mat",True,False,2,0,67.94999999995343,2
PV_62,026,PV_62_block_026,PV_62_026_1335291_L,1335290.95,1335358.95,10.683060931809955,208.47781944605893,L,binocular,2,"/Volumes/Data-1/Nimrod/experiments/PV_62/2023_04_27/block_026/oe_files/2023-04-27_12-21-41/Record Node 108/analysis/recNames=Block0026,Animal=PV_62/lizMov.mat",True,False,2,0,68.0,2
PV_62,026,PV_62_block_026,PV_62_026_1335359_R,1335358.95,1335477.85,8.252010890308524,332.0667719698055,R,binocular,2,"/Volumes/Data-1/Nimrod/experiments/PV_62/2023_04_27/block_026/oe_files/2023-04-27_12-21-41/Record Node 108/analysis/recNames=Block0026,Animal=PV_62/lizMov.mat",True,False,0,0,,2
PV_62,026,PV_62_block_026,PV_62_026_1336497_R,1336496.95,1336564.9,11.849558262497442,87.94089619684878,R,binocular,2,"/Volumes/Data-1/Nimrod/experiments/PV_62/2023_04_27/block_026/oe_files/2023-04-27_12-21-41/Record Node 108/analysis/recNames=Block0026,Animal=PV_62/lizMov.mat",True,False,0,0,,2
PV_62,026,PV_62_block_026,PV_62_026_1336939_R,1336938.55,1337023.5,13.172436112768624,270.6175769562681,R,binocular,2,"/Volumes/Data-1/Nimrod/experiments/PV_62/2023_04_27/block_026/oe_files/2023-04-27_12-21-41/Record Node 108/analysis/recNames=Block0026,Animal=PV_62/lizMov.mat",True,False,0,0,,2
PV_62,026,PV_62_block_026,PV_62_026_1337754_R,1337753.9,1337838.85,14.08208627840294,164.8443225432911,R,binocular,2,"/Volumes/Data-1/Nimrod/experiments/PV_62/2023_04_27/block_026/oe_files/2023-04-27_12-21-41/Record Node 108/analysis/recNames=Block0026,Animal=PV_62/lizMov.mat",True,False,1,0,101.95000000018626,2
PV_62,026,PV_62_block_026,PV_62_026_1337856_R,1337855.85,1338008.7,17.216667016394343,8.681203952899688,R,binocular,2,"/Volumes/Data-1/Nimrod/experiments/PV_62/2023_04_27/block_026/oe_files/2023-04-27_12-21-41/Record Node 108/analysis/recNames=Block0026,Animal=PV_62/lizMov.mat",True,False,1,0,118.8499999998603,2
PV_62,026,PV_62_block_026,PV_62_026_1346722_L,1346722.45,1346790.4,10.32752462010924,70.14655700280163,L,binocular,2,"/Volumes/Data-1/Nimrod/experiments/PV_62/2023_04_27/block_026/oe_files/2023-04-27_12-21-41/Record Node 108/analysis/recNames=Block0026,Animal=PV_62/lizMov.mat",True,False,2,0,84.94999999995343,2
PV_62,026,PV_62_block_026,PV_62_026_1348268_R,1348268.1,1348353.0,9.984681024029161,156.23713787149228,R,binocular,2,"/Volumes/Data-1/Nimrod/experiments/PV_62/2023_04_27/block_026/oe_files/2023-04-27_12-21-41/Record Node 108/analysis/recNames=Block0026,Animal=PV_62/lizMov.mat",True,False,1,0,101.94999999995343,2
PV_62,026,PV_62_block_026,PV_62_026_1365219_R,1365219.25,1365270.2,9.553362829659589,24.79293533317973,R,binocular,2,"/Volumes/Data-1/Nimrod/experiments/PV_62/2023_04_27/block_026/oe_files/2023-04-27_12-21-41/Record Node 108/analysis/recNames=Block0026,Animal=PV_62/lizMov.mat",True,False,1,0,67.94999999995343,2
PV_62,026,PV_62_block_026,PV_62_026_1376753_L,1376752.75,1376820.7,14.175154292168852,7.749912058091509,L,binocular,2,"/Volumes/Data-1/Nimrod/experiments/PV_62/2023_04_27/block_026/oe_files/2023-04-27_12-21-41/Record Node 108/analysis/recNames=Block0026,Animal=PV_62/lizMov.mat",True,False,0,0,,2
PV_62,026,PV_62_block_026,PV_62_026_1385246_R,1385245.55,1385313.5,8.470338249173572,356.0469952433307,R,binocular,2,"/Volumes/Data-1/Nimrod/experiments/PV_62/2023_04_27/block_026/oe_files/2023-04-27_12-21-41/Record Node 108/analysis/recNames=Block0026,Animal=PV_62/lizMov.mat",True,False,1,0,135.8499999998603,2
PV_62,026,PV_62_block_026,PV_62_026_1388252_L,1388252.0,1388370.9,8.000576469927461,283.51350487305496,L,binocular,2,"/Volumes/Data-1/Nimrod/experiments/PV_62/2023_04_27/block_026/oe_files/2023-04-27_12-21-41/Record Node 108/analysis/recNames=Block0026,Animal=PV_62/lizMov.mat",True,False,2,0,101.89999999990687,2
PV_62,026,PV_62_block_026,PV_62_026_1394435_L,1394434.7,1394502.65,7.999553118964744,38.768735794505915,L,binocular,2,"/Volumes/Data-1/Nimrod/experiments/PV_62/2023_04_27/block_026/oe_files/2023-04-27_12-21-41/Record Node 108/analysis/recNames=Block0026,Animal=PV_62/lizMov.mat",True,False,1,0,135.9000000001397,2
PV_62,026,PV_62_block_026,PV_62_026_1403285_L,1403284.55,1403335.55,11.4049402849315,198.0477731509779,L,binocular,2,"/Volumes/Data-1/Nimrod/experiments/PV_62/2023_04_27/block_026/oe_files/2023-04-27_12-21-41/Record Node 108/analysis/recNames=Block0026,Animal=PV_62/lizMov.mat",True,False,0,0,,2
PV_62,026,PV_62_block_026,PV_62_026_1412779_R,1412778.7,1412846.65,10.654145293379798,160.73568119392164,R,binocular,2,"/Volumes/Data-1/Nimrod/experiments/PV_62/2023_04_27/block_026/oe_files/2023-04-27_12-21-41/Record Node 108/analysis/recNames=Block0026,Animal=PV_62/lizMov.mat",True,False,3,0,51.0,2
PV_62,026,PV_62_block_026,PV_62_026_1414987_R,1414986.6,1415037.55,7.471519238829844,151.65899606856098,R,binocular,2,"/Volumes/Data-1/Nimrod/experiments/PV_62/2023_04_27/block_026/oe_files/2023-04-27_12-21-41/Record Node 108/analysis/recNames=Block0026,Animal=PV_62/lizMov.mat",True,False,1,0,101.89999999990687,2
PV_62,026,PV_62_block_026,PV_62_026_1435402_R,1435401.85,1435503.8,14.506075913495922,268.39589024297703,R,binocular,2,"/Volumes/Data-1/Nimrod/experiments/PV_62/2023_04_27/block_026/oe_files/2023-04-27_12-21-41/Record Node 108/analysis/recNames=Block0026,Animal=PV_62/lizMov.mat",True,False,0,0,,2
PV_62,026,PV_62_block_026,PV_62_026_1437050_R,1437049.55,1437117.5,15.891835804959033,55.042081322483284,R,binocular,2,"/Volumes/Data-1/Nimrod/experiments/PV_62/2023_04_27/block_026/oe_files/2023-04-27_12-21-41/Record Node 108/analysis/recNames=Block0026,Animal=PV_62/lizMov.mat",True,False,0,0,,2
PV_62,026,PV_62_block_026,PV_62_026_1438239_R,1438238.55,1438306.45,9.516263761631079,94.44850758694385,R,binocular,2,"/Volumes/Data-1/Nimrod/experiments/PV_62/2023_04_27/block_026/oe_files/2023-04-27_12-21-41/Record Node 108/analysis/recNames=Block0026,Animal=PV_62/lizMov.mat",True,False,0,0,,2
PV_62,026,PV_62_block_026,PV_62_026_1472465_R,1472464.65,1472532.6,13.478383345321204,324.47790129031483,R,binocular,2,"/Volumes/Data-1/Nimrod/experiments/PV_62/2023_04_27/block_026/oe_files/2023-04-27_12-21-41/Record Node 108/analysis/recNames=Block0026,Animal=PV_62/lizMov.mat",True,False,0,0,,2
PV_62,026,PV_62_block_026,PV_62_026_1488365_L,1488364.55,1488449.45,11.529471019158198,65.92251735849514,L,binocular,2,"/Volumes/Data-1/Nimrod/experiments/PV_62/2023_04_27/block_026/oe_files/2023-04-27_12-21-41/Record Node 108/analysis/recNames=Block0026,Animal=PV_62/lizMov.mat",True,False,0,0,,2
PV_62,026,PV_62_block_026,PV_62_026_1496347_L,1496346.95,1496448.85,13.809916567801428,41.957745569587686,L,binocular,2,"/Volumes/Data-1/Nimrod/experiments/PV_62/2023_04_27/block_026/oe_files/2023-04-27_12-21-41/Record Node 108/analysis/recNames=Block0026,Animal=PV_62/lizMov.mat",True,False,0,0,,2
PV_62,026,PV_62_block_026,PV_62_026_1504448_L,1504447.8,1504532.75,11.205837558088554,40.61467627458802,L,binocular,2,"/Volumes/Data-1/Nimrod/experiments/PV_62/2023_04_27/block_026/oe_files/2023-04-27_12-21-41/Record Node 108/analysis/recNames=Block0026,Animal=PV_62/lizMov.mat",True,False,0,0,,2
PV_62,026,PV_62_block_026,PV_62_026_1521482_L,1521482.5,1521550.45,10.35807113099386,345.77745594233664,L,binocular,2,"/Volumes/Data-1/Nimrod/experiments/PV_62/2023_04_27/block_026/oe_files/2023-04-27_12-21-41/Record Node 108/analysis/recNames=Block0026,Animal=PV_62/lizMov.mat",True,False,0,0,,2
PV_62,026,PV_62_block_026,PV_62_026_1551269_L,1551268.7,1551404.5,26.29679488217877,255.9220556405536,L,binocular,2,"/Volumes/Data-1/Nimrod/experiments/PV_62/2023_04_27/block_026/oe_files/2023-04-27_12-21-41/Record Node 108/analysis/recNames=Block0026,Animal=PV_62/lizMov.mat",True,False,1,0,101.85000000009313,2
PV_62,026,PV_62_block_026,PV_62_026_1552135_R,1552134.65,1552270.55,12.241509673366554,39.47115881811979,R,binocular,2,"/Volumes/Data-1/Nimrod/experiments/PV_62/2023_04_27/block_026/oe_files/2023-04-27_12-21-41/Record Node 108/analysis/recNames=Block0026,Animal=PV_62/lizMov.mat",True,False,0,0,,2
PV_62,026,PV_62_block_026,PV_62_026_1554495_R,1554494.8,1554562.7,8.891553499122375,52.545997719477754,R,binocular,2,"/Volumes/Data-1/Nimrod/experiments/PV_62/2023_04_27/block_026/oe_files/2023-04-27_12-21-41/Record Node 108/analysis/recNames=Block0026,Animal=PV_62/lizMov.mat",True,False,3,0,84.8499999998603,2
PV_62,026,PV_62_block_026,PV_62_026_1625669_R,1625669.35,1625771.25,12.592053021566501,39.72937293944135,R,binocular,2,"/Volumes/Data-1/Nimrod/experiments/PV_62/2023_04_27/block_026/oe_files/2023-04-27_12-21-41/Record Node 108/analysis/recNames=Block0026,Animal=PV_62/lizMov.mat",True,False,1,0,118.8499999998603,2
PV_62,026,PV_62_block_026,PV_62_026_1627826_R,1627826.15,1627877.05,8.894526827082995,182.87590765290872,R,binocular,2,"/Volumes/Data-1/Nimrod/experiments/PV_62/2023_04_27/block_026/oe_files/2023-04-27_12-21-41/Record Node 108/analysis/recNames=Block0026,Animal=PV_62/lizMov.mat",True,False,1,0,84.85000000009313,2
PV_62,026,PV_62_block_026,PV_62_026_1648783_L,1648782.75,1648867.65,9.410687980091847,236.03755027157928,L,binocular,2,"/Volumes/Data-1/Nimrod/experiments/PV_62/2023_04_27/block_026/oe_files/2023-04-27_12-21-41/Record Node 108/analysis/recNames=Block0026,Animal=PV_62/lizMov.mat",True,False,0,0,,2
PV_62,026,PV_62_block_026,PV_62_026_1649292_L,1649292.3,1649394.2,11.51586681708689,236.65061318354748,L,binocular,2,"/Volumes/Data-1/Nimrod/experiments/PV_62/2023_04_27/block_026/oe_files/2023-04-27_12-21-41/Record Node 108/analysis/recNames=Block0026,Animal=PV_62/lizMov.mat",True,False,1,0,67.94999999995343,2
PV_62,026,PV_62_block_026,PV_62_026_1706645_L,1706644.95,1706729.85,10.335155078782309,31.855430988563192,L,binocular,2,"/Volumes/Data-1/Nimrod/experiments/PV_62/2023_04_27/block_026/oe_files/2023-04-27_12-21-41/Record Node 108/analysis/recNames=Block0026,Animal=PV_62/lizMov.mat",True,False,0,0,,2
PV_62,026,PV_62_block_026,PV_62_026_1710007_R,1710006.95,1710159.8,9.39945682049629,219.569899377707,R,binocular,2,"/Volumes/Data-1/Nimrod/experiments/PV_62/2023_04_27/block_026/oe_files/2023-04-27_12-21-41/Record Node 108/analysis/recNames=Block0026,Animal=PV_62/lizMov.mat",True,False,1,0,101.9000000001397,2
PV_62,026,PV_62_block_026,PV_62_026_44282_L,44282.1,44350.05,12.252922238073598,280.93035487051503,L,monocular,1,"/Volumes/Data-1/Nimrod/experiments/PV_62/2023_04_27/block_026/oe_files/2023-04-27_12-21-41/Record Node 108/analysis/recNames=Block0026,Animal=PV_62/lizMov.mat",True,False,3,0,50.950000000004366,1
PV_62,026,PV_62_block_026,PV_62_026_82707_L,82707.45,82826.35,9.2640395960344,179.069522635218,L,monocular,1,"/Volumes/Data-1/Nimrod/experiments/PV_62/2023_04_27/block_026/oe_files/2023-04-27_12-21-41/Record Node 108/analysis/recNames=Block0026,Animal=PV_62/lizMov.mat",True,False,0,0,,1
PV_62,026,PV_62_block_026,PV_62_026_115153_L,115152.85,115237.8,9.225382944520083,176.40741429992823,L,monocular,1,"/Volumes/Data-1/Nimrod/experiments/PV_62/2023_04_27/block_026/oe_files/2023-04-27_12-21-41/Record Node 108/analysis/recNames=Block0026,Animal=PV_62/lizMov.mat",True,False,0,0,,1
PV_62,026,PV_62_block_026,PV_62_026_252583_L,252582.8,252650.7,8.809173694726528,330.8574944031582,L,monocular,1,"/Volumes/Data-1/Nimrod/experiments/PV_62/2023_04_27/block_026/oe_files/2023-04-27_12-21-41/Record Node 108/analysis/recNames=Block0026,Animal=PV_62/lizMov.mat",True,False,0,0,,1
PV_62,026,PV_62_block_026,PV_62_026_344627_L,344626.8,344677.7,9.67959910690003,21.834660583547983,L,monocular,1,"/Volumes/Data-1/Nimrod/experiments/PV_62/2023_04_27/block_026/oe_files/2023-04-27_12-21-41/Record Node 108/analysis/recNames=Block0026,Animal=PV_62/lizMov.mat",True,False,0,0,,1
PV_62,026,PV_62_block_026,PV_62_026_393263_L,393263.05,393280.05,10.111111077415057,93.14820323224954,L,monocular,1,"/Volumes/Data-1/Nimrod/experiments/PV_62/2023_04_27/block_026/oe_files/2023-04-27_12-21-41/Record Node 108/analysis/recNames=Block0026,Animal=PV_62/lizMov.mat",True,False,1,0,50.95000000001164,1
PV_62,026,PV_62_block_026,PV_62_026_523317_L,523316.65,523401.6,8.914518216121571,281.7560941753209,L,monocular,1,"/Volumes/Data-1/Nimrod/experiments/PV_62/2023_04_27/block_026/oe_files/2023-04-27_12-21-41/Record Node 108/analysis/recNames=Block0026,Animal=PV_62/lizMov.mat",True,False,1,0,67.94999999995343,1
PV_62,026,PV_62_block_026,PV_62_026_524811_L,524811.25,524879.15,16.586113125129767,86.59871848761146,L,monocular,1,"/Volumes/Data-1/Nimrod/experiments/PV_62/2023_04_27/block_026/oe_files/2023-04-27_12-21-41/Record Node 108/analysis/recNames=Block0026,Animal=PV_62/lizMov.mat",True,False,1,0,50.90000000002328,1
PV_62,026,PV_62_block_026,PV_62_026_654028_L,654028.0,654129.9,8.24440758596078,235.7662747731326,L,monocular,1,"/Volumes/Data-1/Nimrod/experiments/PV_62/2023_04_27/block_026/oe_files/2023-04-27_12-21-41/Record Node 108/analysis/recNames=Block0026,Animal=PV_62/lizMov.mat",True,False,1,0,67.94999999995343,1
PV_62,026,PV_62_block_026,PV_62_026_692389_L,692388.9,692439.85,8.835707642843987,117.25335068636635,L,monocular,1,"/Volumes/Data-1/Nimrod/experiments/PV_62/2023_04_27/block_026/oe_files/2023-04-27_12-21-41/Record Node 108/analysis/recNames=Block0026,Animal=PV_62/lizMov.mat",True,False,1,0,84.90000000002328,1
PV_62,026,PV_62_block_026,PV_62_026_782205_L,782205.25,782341.1,9.19386874939894,336.2428045273128,L,monocular,1,"/Volumes/Data-1/Nimrod/experiments/PV_62/2023_04_27/block_026/oe_files/2023-04-27_12-21-41/Record Node 108/analysis/recNames=Block0026,Animal=PV_62/lizMov.mat",True,False,0,0,,1
PV_62,026,PV_62_block_026,PV_62_026_784294_L,784294.0,784446.85,11.039563865133484,58.23045808068191,L,monocular,1,"/Volumes/Data-1/Nimrod/experiments/PV_62/2023_04_27/block_026/oe_files/2023-04-27_12-21-41/Record Node 108/analysis/recNames=Block0026,Animal=PV_62/lizMov.mat",True,False,1,0,84.90000000002328,1
PV_62,026,PV_62_block_026,PV_62_026_955259_L,955258.7,955343.6,11.383611709932575,23.61080585387217,L,monocular,1,"/Volumes/Data-1/Nimrod/experiments/PV_62/2023_04_27/block_026/oe_files/2023-04-27_12-21-41/Record Node 108/analysis/recNames=Block0026,Animal=PV_62/lizMov.mat",True,False,2,0,101.90000000002328,1
PV_62,026,PV_62_block_026,PV_62_026_1121636_L,1121635.7,1121703.65,7.735314944313102,52.99786196460902,L,monocular,1,"/Volumes/Data-1/Nimrod/experiments/PV_62/2023_04_27/block_026/oe_files/2023-04-27_12-21-41/Record Node 108/analysis/recNames=Block0026,Animal=PV_62/lizMov.mat",True,False,2,0,67.94999999995343,1
PV_62,026,PV_62_block_026,PV_62_026_1148165_L,1148165.4,1148233.35,8.626420595590977,281.2756560920329,L,monocular,1,"/Volumes/Data-1/Nimrod/experiments/PV_62/2023_04_27/block_026/oe_files/2023-04-27_12-21-41/Record Node 108/analysis/recNames=Block0026,Animal=PV_62/lizMov.mat",True,False,0,0,,1
PV_62,026,PV_62_block_026,PV_62_026_1153243_L,1153243.4,1153345.3,16.46470029621402,90.60598420230907,L,monocular,1,"/Volumes/Data-1/Nimrod/experiments/PV_62/2023_04_27/block_026/oe_files/2023-04-27_12-21-41/Record Node 108/analysis/recNames=Block0026,Animal=PV_62/lizMov.mat",True,False,0,0,,1
PV_62,026,PV_62_block_026,PV_62_026_1243534_L,1243533.7,1243618.65,9.686520501018386,242.13629237434208,L,monocular,1,"/Volumes/Data-1/Nimrod/experiments/PV_62/2023_04_27/block_026/oe_files/2023-04-27_12-21-41/Record Node 108/analysis/recNames=Block0026,Animal=PV_62/lizMov.mat",True,False,0,0,,1
PV_62,026,PV_62_block_026,PV_62_026_1252621_L,1252620.95,1252688.9,13.760973420872139,95.46582121531416,L,monocular,1,"/Volumes/Data-1/Nimrod/experiments/PV_62/2023_04_27/block_026/oe_files/2023-04-27_12-21-41/Record Node 108/analysis/recNames=Block0026,Animal=PV_62/lizMov.mat",True,False,1,0,34.0,1
PV_62,026,PV_62_block_026,PV_62_026_1259093_L,1259092.95,1259143.85,7.59090799008965,301.94476354376275,L,monocular,1,"/Volumes/Data-1/Nimrod/experiments/PV_62/2023_04_27/block_026/oe_files/2023-04-27_12-21-41/Record Node 108/analysis/recNames=Block0026,Animal=PV_62/lizMov.mat",True,False,0,0,,1
PV_62,026,PV_62_block_026,PV_62_026_1333320_L,1333320.4,1333405.3,17.133112865321124,195.66627277530202,L,monocular,1,"/Volumes/Data-1/Nimrod/experiments/PV_62/2023_04_27/block_026/oe_files/2023-04-27_12-21-41/Record Node 108/analysis/recNames=Block0026,Animal=PV_62/lizMov.mat",True,False,1,0,84.9000000001397,1
PV_62,026,PV_62_block_026,PV_62_026_1476644_L,1476643.8,1476745.7,9.475422613840307,359.20044357704234,L,monocular,1,"/Volumes/Data-1/Nimrod/experiments/PV_62/2023_04_27/block_026/oe_files/2023-04-27_12-21-41/Record Node 108/analysis/recNames=Block0026,Animal=PV_62/lizMov.mat",True,False,0,0,,1
PV_62,026,PV_62_block_026,PV_62_026_1544340_L,1544340.15,1544459.05,22.755862278373918,128.2442835799661,L,monocular,1,"/Volumes/Data-1/Nimrod/experiments/PV_62/2023_04_27/block_026/oe_files/2023-04-27_12-21-41/Record Node 108/analysis/recNames=Block0026,Animal=PV_62/lizMov.mat",True,False,1,0,50.950000000186265,1
PV_62,026,PV_62_block_026,PV_62_026_1551540_L,1551540.35,1551608.25,7.264616503960925,240.35785270349015,L,monocular,1,"/Volumes/Data-1/Nimrod/experiments/PV_62/2023_04_27/block_026/oe_files/2023-04-27_12-21-41/Record Node 108/analysis/recNames=Block0026,Animal=PV_62/lizMov.mat",True,False,2,0,50.949999999953434,1
PV_62,026,PV_62_block_026,PV_62_026_45454_R,45454.2,45488.15,14.620693641255285,1.4294396003017842,R,monocular,1,"/Volumes/Data-1/Nimrod/experiments/PV_62/2023_04_27/block_026/oe_files/2023-04-27_12-21-41/Record Node 108/analysis/recNames=Block0026,Animal=PV_62/lizMov.mat",True,False,1,0,33.950000000004366,1
PV_62,026,PV_62_block_026,PV_62_026_45488_R,45488.15,45522.15,8.613448934028648,89.28429547643152,R,monocular,1,"/Volumes/Data-1/Nimrod/experiments/PV_62/2023_04_27/block_026/oe_files/2023-04-27_12-21-41/Record Node 108/analysis/recNames=Block0026,Animal=PV_62/lizMov.mat",True,False,0,0,34.0,1
PV_62,026,PV_62_block_026,PV_62_026_45522_R,45522.15,45624.05,20.384828231950284,185.30285331507508,R,monocular,1,"/Volumes/Data-1/Nimrod/experiments/PV_62/2023_04_27/block_026/oe_files/2023-04-27_12-21-41/Record Node 108/analysis/recNames=Block0026,Animal=PV_62/lizMov.mat",True,False,0,0,,1
PV_62,026,PV_62_block_026,PV_62_026_46643_R,46643.2,46745.15,7.719702403972928,333.505948391496,R,monocular,1,"/Volumes/Data-1/Nimrod/experiments/PV_62/2023_04_27/block_026/oe_files/2023-04-27_12-21-41/Record Node 108/analysis/recNames=Block0026,Animal=PV_62/lizMov.mat",True,False,0,0,,1
PV_62,026,PV_62_block_026,PV_62_026_78156_R,78155.65,78257.6,7.97654240575841,296.40475634038637,R,monocular,1,"/Volumes/Data-1/Nimrod/experiments/PV_62/2023_04_27/block_026/oe_files/2023-04-27_12-21-41/Record Node 108/analysis/recNames=Block0026,Animal=PV_62/lizMov.mat",True,False,0,0,,1
PV_62,026,PV_62_block_026,PV_62_026_80398_R,80397.75,80465.7,9.273384278262059,114.49209848779964,R,monocular,1,"/Volumes/Data-1/Nimrod/experiments/PV_62/2023_04_27/block_026/oe_files/2023-04-27_12-21-41/Record Node 108/analysis/recNames=Block0026,Animal=PV_62/lizMov.mat",True,False,2,0,101.89999999999418,1
PV_62,026,PV_62_block_026,PV_62_026_178316_R,178315.7,178434.65,13.735436112906214,147.72153148182747,R,monocular,1,"/Volumes/Data-1/Nimrod/experiments/PV_62/2023_04_27/block_026/oe_files/2023-04-27_12-21-41/Record Node 108/analysis/recNames=Block0026,Animal=PV_62/lizMov.mat",True,False,0,0,,1
PV_62,026,PV_62_block_026,PV_62_026_179811_R,179810.65,179878.6,8.163371869504571,253.0300107167928,R,monocular,1,"/Volumes/Data-1/Nimrod/experiments/PV_62/2023_04_27/block_026/oe_files/2023-04-27_12-21-41/Record Node 108/analysis/recNames=Block0026,Animal=PV_62/lizMov.mat",True,False,2,0,67.95000000001164,1
PV_62,026,PV_62_block_026,PV_62_026_282405_R,282404.7,282557.55,12.637583688766851,26.120035627666237,R,monocular,1,"/Volumes/Data-1/Nimrod/experiments/PV_62/2023_04_27/block_026/oe_files/2023-04-27_12-21-41/Record Node 108/analysis/recNames=Block0026,Animal=PV_62/lizMov.mat",True,False,1,0,118.84999999997672,1
PV_62,026,PV_62_block_026,PV_62_026_291406_R,291405.65,291456.6,7.907803771005066,255.9827251511563,R,monocular,1,"/Volumes/Data-1/Nimrod/experiments/PV_62/2023_04_27/block_026/oe_files/2023-04-27_12-21-41/Record Node 108/analysis/recNames=Block0026,Animal=PV_62/lizMov.mat",True,False,1,0,50.949999999953434,1
PV_62,026,PV_62_block_026,PV_62_026_398511_R,398511.1,398596.0,10.964169143788117,158.54649388263306,R,monocular,1,"/Volumes/Data-1/Nimrod/experiments/PV_62/2023_04_27/block_026/oe_files/2023-04-27_12-21-41/Record Node 108/analysis/recNames=Block0026,Animal=PV_62/lizMov.mat",True,False,1,0,50.95000000001164,1
PV_62,026,PV_62_block_026,PV_62_026_455224_R,455223.8,455308.7,13.54990871723586,247.78888683188853,R,monocular,1,"/Volumes/Data-1/Nimrod/experiments/PV_62/2023_04_27/block_026/oe_files/2023-04-27_12-21-41/Record Node 108/analysis/recNames=Block0026,Animal=PV_62/lizMov.mat",True,False,1,0,101.85000000003492,1
PV_62,026,PV_62_block_026,PV_62_026_516200_R,516200.4,516285.3,8.555238790570197,6.032869269741978,R,monocular,1,"/Volumes/Data-1/Nimrod/experiments/PV_62/2023_04_27/block_026/oe_files/2023-04-27_12-21-41/Record Node 108/analysis/recNames=Block0026,Animal=PV_62/lizMov.mat",True,False,0,0,,1
PV_62,026,PV_62_block_026,PV_62_026_569661_R,569660.6,569745.55,7.984184491573968,227.09482638473867,R,monocular,1,"/Volumes/Data-1/Nimrod/experiments/PV_62/2023_04_27/block_026/oe_files/2023-04-27_12-21-41/Record Node 108/analysis/recNames=Block0026,Animal=PV_62/lizMov.mat",True,False,0,0,,1
PV_62,026,PV_62_block_026,PV_62_026_603406_R,603406.2,603457.15,9.275296206706747,84.36171930647129,R,monocular,1,"/Volumes/Data-1/Nimrod/experiments/PV_62/2023_04_27/block_026/oe_files/2023-04-27_12-21-41/Record Node 108/analysis/recNames=Block0026,Animal=PV_62/lizMov.mat",True,False,0,0,,1
PV_62,026,PV_62_block_026,PV_62_026_634160_R,634160.1,634279.0,12.005932846218638,206.96561000845006,R,monocular,1,"/Volumes/Data-1/Nimrod/experiments/PV_62/2023_04_27/block_026/oe_files/2023-04-27_12-21-41/Record Node 108/analysis/recNames=Block0026,Animal=PV_62/lizMov.mat",True,False,1,0,50.95000000006985,1
PV_62,026,PV_62_block_026,PV_62_026_656626_R,656626.3,656694.25,16.320243300761295,92.21736088564099,R,monocular,1,"/Volumes/Data-1/Nimrod/experiments/PV_62/2023_04_27/block_026/oe_files/2023-04-27_12-21-41/Record Node 108/analysis/recNames=Block0026,Animal=PV_62/lizMov.mat",True,False,0,0,,1
PV_62,026,PV_62_block_026,PV_62_026_726541_R,726541.05,726592.0,8.90885664089875,156.58405365034017,R,monocular,1,"/Volumes/Data-1/Nimrod/experiments/PV_62/2023_04_27/block_026/oe_files/2023-04-27_12-21-41/Record Node 108/analysis/recNames=Block0026,Animal=PV_62/lizMov.mat",True,False,0,0,,1
PV_62,026,PV_62_block_026,PV_62_026_769368_R,769368.3,769538.1,12.94477590613684,142.8072678470207,R,monocular,1,"/Volumes/Data-1/Nimrod/experiments/PV_62/2023_04_27/block_026/oe_files/2023-04-27_12-21-41/Record Node 108/analysis/recNames=Block0026,Animal=PV_62/lizMov.mat",True,False,0,0,,1
PV_62,026,PV_62_block_026,PV_62_026_782120_R,782120.3,782392.05,29.313754876738532,346.9784805458736,R,monocular,1,"/Volumes/Data-1/Nimrod/experiments/PV_62/2023_04_27/block_026/oe_files/2023-04-27_12-21-41/Record Node 108/analysis/recNames=Block0026,Animal=PV_62/lizMov.mat",True,False,1,0,84.94999999995343,1
PV_62,026,PV_62_block_026,PV_62_026_784379_R,784378.9,784446.85,7.2834035607219825,19.800122464828835,R,monocular,1,"/Volumes/Data-1/Nimrod/experiments/PV_62/2023_04_27/block_026/oe_files/2023-04-27_12-21-41/Record Node 108/analysis/recNames=Block0026,Animal=PV_62/lizMov.mat",True,False,0,0,,1
PV_62,026,PV_62_block_026,PV_62_026_810516_R,810516.45,810601.35,21.17602726092186,82.36549125486432,R,monocular,1,"/Volumes/Data-1/Nimrod/experiments/PV_62/2023_04_27/block_026/oe_files/2023-04-27_12-21-41/Record Node 108/analysis/recNames=Block0026,Animal=PV_62/lizMov.mat",True,False,0,0,,1
PV_62,026,PV_62_block_026,PV_62_026_874078_R,874078.25,874197.1,10.645956248587,253.516873903587,R,monocular,1,"/Volumes/Data-1/Nimrod/experiments/PV_62/2023_04_27/block_026/oe_files/2023-04-27_12-21-41/Record Node 108/analysis/recNames=Block0026,Animal=PV_62/lizMov.mat",True,False,1,0,50.90000000002328,1
PV_62,026,PV_62_block_026,PV_62_026_880056_R,880056.5,880175.35,21.279011085690712,73.22001744047031,R,monocular,1,"/Volumes/Data-1/Nimrod/experiments/PV_62/2023_04_27/block_026/oe_files/2023-04-27_12-21-41/Record Node 108/analysis/recNames=Block0026,Animal=PV_62/lizMov.mat",True,False,0,0,,1
PV_62,026,PV_62_block_026,PV_62_026_927856_R,927855.95,927940.85,15.86014813533892,285.5799407107288,R,monocular,1,"/Volumes/Data-1/Nimrod/experiments/PV_62/2023_04_27/block_026/oe_files/2023-04-27_12-21-41/Record Node 108/analysis/recNames=Block0026,Animal=PV_62/lizMov.mat",True,False,1,0,50.95000000006985,1
PV_62,026,PV_62_block_026,PV_62_026_955208_R,955207.75,955377.6,26.76395387910586,324.59120256305954,R,monocular,1,"/Volumes/Data-1/Nimrod/experiments/PV_62/2023_04_27/block_026/oe_files/2023-04-27_12-21-41/Record Node 108/analysis/recNames=Block0026,Animal=PV_62/lizMov.mat",True,False,1,0,50.949999999953434,1
PV_62,026,PV_62_block_026,PV_62_026_1031763_R,1031762.7,1031864.65,7.4916254003578935,335.6558265555054,R,monocular,1,"/Volumes/Data-1/Nimrod/experiments/PV_62/2023_04_27/block_026/oe_files/2023-04-27_12-21-41/Record Node 108/analysis/recNames=Block0026,Animal=PV_62/lizMov.mat",True,True,3,1,34.0,1
PV_62,026,PV_62_block_026,PV_62_026_1068923_R,1068922.6,1069041.45,19.26763866337952,259.6501308122285,R,monocular,1,"/Volumes/Data-1/Nimrod/experiments/PV_62/2023_04_27/block_026/oe_files/2023-04-27_12-21-41/Record Node 108/analysis/recNames=Block0026,Animal=PV_62/lizMov.mat",True,False,0,0,,1
PV_62,026,PV_62_block_026,PV_62_026_1086143_R,1086142.7,1086210.65,9.859814488368368,230.82444785583235,R,monocular,1,"/Volumes/Data-1/Nimrod/experiments/PV_62/2023_04_27/block_026/oe_files/2023-04-27_12-21-41/Record Node 108/analysis/recNames=Block0026,Animal=PV_62/lizMov.mat",True,False,0,0,,1
PV_62,026,PV_62_block_026,PV_62_026_1090473_R,1090472.75,1090574.65,11.900720069062427,256.07379575966263,R,monocular,1,"/Volumes/Data-1/Nimrod/experiments/PV_62/2023_04_27/block_026/oe_files/2023-04-27_12-21-41/Record Node 108/analysis/recNames=Block0026,Animal=PV_62/lizMov.mat",True,False,0,0,,1
PV_62,026,PV_62_block_026,PV_62_026_1153481_R,1153481.2,1153515.15,11.434462043397206,293.0925741246675,R,monocular,1,"/Volumes/Data-1/Nimrod/experiments/PV_62/2023_04_27/block_026/oe_files/2023-04-27_12-21-41/Record Node 108/analysis/recNames=Block0026,Animal=PV_62/lizMov.mat",True,False,2,0,50.949999999953434,1
PV_62,026,PV_62_block_026,PV_62_026_1170568_R,1170568.45,1170687.35,12.642079458001513,184.8896835876321,R,monocular,1,"/Volumes/Data-1/Nimrod/experiments/PV_62/2023_04_27/block_026/oe_files/2023-04-27_12-21-41/Record Node 108/analysis/recNames=Block0026,Animal=PV_62/lizMov.mat",True,False,1,0,50.949999999953434,1
PV_62,026,PV_62_block_026,PV_62_026_1172709_R,1172708.55,1172810.45,16.712388437205217,282.7414197760281,R,monocular,1,"/Volumes/Data-1/Nimrod/experiments/PV_62/2023_04_27/block_026/oe_files/2023-04-27_12-21-41/Record Node 108/analysis/recNames=Block0026,Animal=PV_62/lizMov.mat",True,False,1,0,84.94999999995343,1
PV_62,026,PV_62_block_026,PV_62_026_1181304_R,1181303.85,1181405.8,13.497403552727627,292.9753118767911,R,monocular,1,"/Volumes/Data-1/Nimrod/experiments/PV_62/2023_04_27/block_026/oe_files/2023-04-27_12-21-41/Record Node 108/analysis/recNames=Block0026,Animal=PV_62/lizMov.mat",True,False,1,0,67.94999999995343,1
PV_62,026,PV_62_block_026,PV_62_026_1239848_R,1239847.9,1239983.75,23.939517250386793,114.93886713493093,R,monocular,1,"/Volumes/Data-1/Nimrod/experiments/PV_62/2023_04_27/block_026/oe_files/2023-04-27_12-21-41/Record Node 108/analysis/recNames=Block0026,Animal=PV_62/lizMov.mat",True,False,1,0,118.9000000001397,1
PV_62,026,PV_62_block_026,PV_62_026_1247610_R,1247610.1,1247627.1,13.385603028897943,160.22429697721512,R,monocular,1,"/Volumes/Data-1/Nimrod/experiments/PV_62/2023_04_27/block_026/oe_files/2023-04-27_12-21-41/Record Node 108/analysis/recNames=Block0026,Animal=PV_62/lizMov.mat",True,False,2,0,50.949999999953434,1
PV_62,026,PV_62_block_026,PV_62_026_1252570_R,1252570.0,1252637.95,7.5328408073372435,8.56479616227199,R,monocular,1,"/Volumes/Data-1/Nimrod/experiments/PV_62/2023_04_27/block_026/oe_files/2023-04-27_12-21-41/Record Node 108/analysis/recNames=Block0026,Animal=PV_62/lizMov.mat",True,False,1,0,50.949999999953434,1
PV_62,026,PV_62_block_026,PV_62_026_1284471_R,1284470.65,1284572.6,8.662228441679195,211.0088666123325,R,monocular,1,"/Volumes/Data-1/Nimrod/experiments/PV_62/2023_04_27/block_026/oe_files/2023-04-27_12-21-41/Record Node 108/analysis/recNames=Block0026,Animal=PV_62/lizMov.mat",True,False,0,0,,1
PV_62,026,PV_62_block_026,PV_62_026_1409246_R,1409246.1,1409314.05,8.047545083764705,156.71300697063117,R,monocular,1,"/Volumes/Data-1/Nimrod/experiments/PV_62/2023_04_27/block_026/oe_files/2023-04-27_12-21-41/Record Node 108/analysis/recNames=Block0026,Animal=PV_62/lizMov.mat",True,False,0,0,,1
PV_62,026,PV_62_block_026,PV_62_026_1436625_R,1436624.9,1436726.85,7.5494414188745065,281.49576984806333,R,monocular,1,"/Volumes/Data-1/Nimrod/experiments/PV_62/2023_04_27/block_026/oe_files/2023-04-27_12-21-41/Record Node 108/analysis/recNames=Block0026,Animal=PV_62/lizMov.mat",True,False,0,0,,1
PV_62,026,PV_62_block_026,PV_62_026_1444302_R,1444301.5,1444369.45,7.002958399398483,193.19843121198628,R,monocular,1,"/Volumes/Data-1/Nimrod/experiments/PV_62/2023_04_27/block_026/oe_files/2023-04-27_12-21-41/Record Node 108/analysis/recNames=Block0026,Animal=PV_62/lizMov.mat",True,False,0,0,,1
PV_62,026,PV_62_block_026,PV_62_026_1473909_R,1473908.8,1473959.8,11.859939105457356,52.145642666855274,R,monocular,1,"/Volumes/Data-1/Nimrod/experiments/PV_62/2023_04_27/block_026/oe_files/2023-04-27_12-21-41/Record Node 108/analysis/recNames=Block0026,Animal=PV_62/lizMov.mat",True,False,0,0,,1
PV_62,026,PV_62_block_026,PV_62_026_1544289_R,1544289.2,1544374.15,10.023089133084138,115.61463439396084,R,monocular,1,"/Volumes/Data-1/Nimrod/experiments/PV_62/2023_04_27/block_026/oe_files/2023-04-27_12-21-41/Record Node 108/analysis/recNames=Block0026,Animal=PV_62/lizMov.mat",True,False,1,0,50.949999999953434,1
PV_62,026,PV_62_block_026,PV_62_026_1552389_R,1552389.4,1552508.3,9.827954112405134,45.93065304285094,R,monocular,1,"/Volumes/Data-1/Nimrod/experiments/PV_62/2023_04_27/block_026/oe_files/2023-04-27_12-21-41/Record Node 108/analysis/recNames=Block0026,Animal=PV_62/lizMov.mat",True,False,1,0,34.0,1
PV_62,026,PV_62_block_026,PV_62_026_1624430_R,1624429.6,1624514.5,12.098145489753163,298.582002457214,R,monocular,1,"/Volumes/Data-1/Nimrod/experiments/PV_62/2023_04_27/block_026/oe_files/2023-04-27_12-21-41/Record Node 108/analysis/recNames=Block0026,Animal=PV_62/lizMov.mat",True,False,0,0,,1
PV_62,026,PV_62_block_026,PV_62_026_1633209_R,1633209.35,1633311.2,12.665711460410066,16.30420237738365,R,monocular,1,"/Volumes/Data-1/Nimrod/experiments/PV_62/2023_04_27/block_026/oe_files/2023-04-27_12-21-41/Record Node 108/analysis/recNames=Block0026,Animal=PV_62/lizMov.mat",True,False,1,0,50.89999999990687,1
PV_62,026,PV_62_block_026,PV_62_026_1652485_R,1652485.45,1652553.4,7.8218032478635235,103.51814717900524,R,monocular,1,"/Volumes/Data-1/Nimrod/experiments/PV_62/2023_04_27/block_026/oe_files/2023-04-27_12-21-41/Record Node 108/analysis/recNames=Block0026,Animal=PV_62/lizMov.mat",True,False,1,0,34.0,1
PV_62,026,PV_62_block_026,PV_62_026_1709837_R,1709837.2,1709905.1,8.338224624880354,0.03254446838030405,R,monocular,1,"/Volumes/Data-1/Nimrod/experiments/PV_62/2023_04_27/block_026/oe_files/2023-04-27_12-21-41/Record Node 108/analysis/recNames=Block0026,Animal=PV_62/lizMov.mat",True,False,1,0,50.9000000001397,1
PV_62,038,PV_62_block_038,PV_62_038_320611_R,320610.55,320695.5,9.134147647440859,327.1916969015816,R,binocular,2,"/Volumes/Data-1/Nimrod/experiments/PV_62/2023_05_01/block_038/oe_files/2023-05-01_13-57-45/Record Node 108/analysis/recNames=Block0038,Animal=PV_62/lizMov.mat",True,False,0,0,,2
PV_62,038,PV_62_block_038,PV_62_038_326794_L,326794.5,326879.45,10.27303950126764,49.56233357930328,L,binocular,2,"/Volumes/Data-1/Nimrod/experiments/PV_62/2023_05_01/block_038/oe_files/2023-05-01_13-57-45/Record Node 108/analysis/recNames=Block0038,Animal=PV_62/lizMov.mat",True,False,1,0,118.90000000002328,2
PV_62,038,PV_62_block_038,PV_62_038_432961_L,432960.75,433045.7,8.01243734082527,37.054451886604035,L,binocular,2,"/Volumes/Data-1/Nimrod/experiments/PV_62/2023_05_01/block_038/oe_files/2023-05-01_13-57-45/Record Node 108/analysis/recNames=Block0038,Animal=PV_62/lizMov.mat",True,False,1,0,118.90000000002328,2
PV_62,038,PV_62_block_038,PV_62_038_435696_R,435695.85,435763.8,12.500887344370364,348.1030535992362,R,binocular,2,"/Volumes/Data-1/Nimrod/experiments/PV_62/2023_05_01/block_038/oe_files/2023-05-01_13-57-45/Record Node 108/analysis/recNames=Block0038,Animal=PV_62/lizMov.mat",True,True,3,1,84.95000000001164,2
PV_62,038,PV_62_block_038,PV_62_038_463790_R,463790.05,463841.05,13.517910010261845,123.33946103783131,R,binocular,2,"/Volumes/Data-1/Nimrod/experiments/PV_62/2023_05_01/block_038/oe_files/2023-05-01_13-57-45/Record Node 108/analysis/recNames=Block0038,Animal=PV_62/lizMov.mat",True,False,1,0,135.95000000001164,2
PV_62,038,PV_62_block_038,PV_62_038_467884_R,467884.05,467952.0,10.435183321510497,110.88398367815529,R,binocular,2,"/Volumes/Data-1/Nimrod/experiments/PV_62/2023_05_01/block_038/oe_files/2023-05-01_13-57-45/Record Node 108/analysis/recNames=Block0038,Animal=PV_62/lizMov.mat",True,False,0,0,,2
PV_62,038,PV_62_block_038,PV_62_038_593624_L,593623.75,593691.7,7.082377341387845,83.10380456865525,L,binocular,2,"/Volumes/Data-1/Nimrod/experiments/PV_62/2023_05_01/block_038/oe_files/2023-05-01_13-57-45/Record Node 108/analysis/recNames=Block0038,Animal=PV_62/lizMov.mat",True,False,2,0,85.0,2
PV_62,038,PV_62_block_038,PV_62_038_622113_R,622113.15,622198.15,15.122984900919162,195.6587393766482,R,binocular,2,"/Volumes/Data-1/Nimrod/experiments/PV_62/2023_05_01/block_038/oe_files/2023-05-01_13-57-45/Record Node 108/analysis/recNames=Block0038,Animal=PV_62/lizMov.mat",True,False,0,0,,2
PV_62,038,PV_62_block_038,PV_62_038_655426_R,655426.3,655511.2,14.632078382930258,301.54243830461417,R,binocular,2,"/Volumes/Data-1/Nimrod/experiments/PV_62/2023_05_01/block_038/oe_files/2023-05-01_13-57-45/Record Node 108/analysis/recNames=Block0038,Animal=PV_62/lizMov.mat",True,False,2,0,101.89999999990687,2
PV_62,038,PV_62_block_038,PV_62_038_679376_R,679375.9,679511.8,13.61144500459215,220.4669486910038,R,binocular,2,"/Volumes/Data-1/Nimrod/experiments/PV_62/2023_05_01/block_038/oe_files/2023-05-01_13-57-45/Record Node 108/analysis/recNames=Block0038,Animal=PV_62/lizMov.mat",True,False,0,0,,2
PV_62,038,PV_62_block_038,PV_62_038_683690_L,683690.15,683775.1,7.638320789505576,211.54912010608683,L,binocular,2,"/Volumes/Data-1/Nimrod/experiments/PV_62/2023_05_01/block_038/oe_files/2023-05-01_13-57-45/Record Node 108/analysis/recNames=Block0038,Animal=PV_62/lizMov.mat",True,False,1,0,101.90000000002328,2
PV_62,038,PV_62_block_038,PV_62_038_714146_R,714145.65,714213.6,14.714047493539024,308.0354547956687,R,binocular,2,"/Volumes/Data-1/Nimrod/experiments/PV_62/2023_05_01/block_038/oe_files/2023-05-01_13-57-45/Record Node 108/analysis/recNames=Block0038,Animal=PV_62/lizMov.mat",True,False,0,0,,2
PV_62,038,PV_62_block_038,PV_62_038_715658_R,715657.8,715742.75,13.816406644392652,104.8213505349108,R,binocular,2,"/Volumes/Data-1/Nimrod/experiments/PV_62/2023_05_01/block_038/oe_files/2023-05-01_13-57-45/Record Node 108/analysis/recNames=Block0038,Animal=PV_62/lizMov.mat",True,False,0,0,,2
PV_62,038,PV_62_block_038,PV_62_038_734378_R,734378.4,734429.35,8.316316119007336,37.08370440176961,R,binocular,2,"/Volumes/Data-1/Nimrod/experiments/PV_62/2023_05_01/block_038/oe_files/2023-05-01_13-57-45/Record Node 108/analysis/recNames=Block0038,Animal=PV_62/lizMov.mat",True,False,1,0,84.94999999995343,2
PV_62,038,PV_62_block_038,PV_62_038_808400_R,808399.65,808552.55,19.180791473312244,324.84661912262163,R,binocular,2,"/Volumes/Data-1/Nimrod/experiments/PV_62/2023_05_01/block_038/oe_files/2023-05-01_13-57-45/Record Node 108/analysis/recNames=Block0038,Animal=PV_62/lizMov.mat",True,False,0,0,,2
PV_62,038,PV_62_block_038,PV_62_038_919878_R,919877.95,919962.85,9.743133564101637,13.356911295252374,R,binocular,2,"/Volumes/Data-1/Nimrod/experiments/PV_62/2023_05_01/block_038/oe_files/2023-05-01_13-57-45/Record Node 108/analysis/recNames=Block0038,Animal=PV_62/lizMov.mat",True,False,1,0,101.90000000002328,2
PV_62,038,PV_62_block_038,PV_62_038_970985_R,970984.9,971069.85,8.544423270221591,301.46483395057686,R,binocular,2,"/Volumes/Data-1/Nimrod/experiments/PV_62/2023_05_01/block_038/oe_files/2023-05-01_13-57-45/Record Node 108/analysis/recNames=Block0038,Animal=PV_62/lizMov.mat",True,False,0,0,,2
PV_62,038,PV_62_block_038,PV_62_038_972343_R,972343.25,972428.1,17.379944288726158,318.46360880519615,R,binocular,2,"/Volumes/Data-1/Nimrod/experiments/PV_62/2023_05_01/block_038/oe_files/2023-05-01_13-57-45/Record Node 108/analysis/recNames=Block0038,Animal=PV_62/lizMov.mat",True,False,1,0,101.84999999997672,2
PV_62,038,PV_62_block_038,PV_62_038_973905_L,973905.45,973956.4,7.929563260512196,46.35723614157236,L,binocular,2,"/Volumes/Data-1/Nimrod/experiments/PV_62/2023_05_01/block_038/oe_files/2023-05-01_13-57-45/Record Node 108/analysis/recNames=Block0038,Animal=PV_62/lizMov.mat",True,False,1,0,67.95000000006985,2
PV_62,038,PV_62_block_038,PV_62_038_974330_L,974330.0,974482.75,12.301670693254291,299.6460621205163,L,binocular,2,"/Volumes/Data-1/Nimrod/experiments/PV_62/2023_05_01/block_038/oe_files/2023-05-01_13-57-45/Record Node 108/analysis/recNames=Block0038,Animal=PV_62/lizMov.mat",True,False,0,0,,2
PV_62,038,PV_62_block_038,PV_62_038_976249_R,976248.9,976350.8,10.205981317135572,152.664477276803,R,binocular,2,"/Volumes/Data-1/Nimrod/experiments/PV_62/2023_05_01/block_038/oe_files/2023-05-01_13-57-45/Record Node 108/analysis/recNames=Block0038,Animal=PV_62/lizMov.mat",True,False,1,0,118.84999999997672,2
PV_62,038,PV_62_block_038,PV_62_038_999517_L,999517.15,999619.1,12.026616283135542,115.78188423718991,L,binocular,2,"/Volumes/Data-1/Nimrod/experiments/PV_62/2023_05_01/block_038/oe_files/2023-05-01_13-57-45/Record Node 108/analysis/recNames=Block0038,Animal=PV_62/lizMov.mat",True,False,1,0,50.949999999953434,2
PV_62,038,PV_62_block_038,PV_62_038_1002914_L,1002914.2,1002999.1,16.755060634029647,333.9285921956592,L,binocular,2,"/Volumes/Data-1/Nimrod/experiments/PV_62/2023_05_01/block_038/oe_files/2023-05-01_13-57-45/Record Node 108/analysis/recNames=Block0038,Animal=PV_62/lizMov.mat",True,False,2,0,84.90000000002328,2
PV_62,038,PV_62_block_038,PV_62_038_1025812_R,1025811.6,1025896.55,10.985967604853572,150.0256481717398,R,binocular,2,"/Volumes/Data-1/Nimrod/experiments/PV_62/2023_05_01/block_038/oe_files/2023-05-01_13-57-45/Record Node 108/analysis/recNames=Block0038,Animal=PV_62/lizMov.mat",True,False,0,0,,2
PV_62,038,PV_62_block_038,PV_62_038_1026644_L,1026643.95,1026762.8,12.69671899060788,233.18393153851187,L,binocular,2,"/Volumes/Data-1/Nimrod/experiments/PV_62/2023_05_01/block_038/oe_files/2023-05-01_13-57-45/Record Node 108/analysis/recNames=Block0038,Animal=PV_62/lizMov.mat",True,False,1,0,101.85000000009313,2
PV_62,038,PV_62_block_038,PV_62_038_1128871_L,1128870.95,1128938.95,14.359441312801236,37.280446768955414,L,binocular,2,"/Volumes/Data-1/Nimrod/experiments/PV_62/2023_05_01/block_038/oe_files/2023-05-01_13-57-45/Record Node 108/analysis/recNames=Block0038,Animal=PV_62/lizMov.mat",True,False,0,0,,2
PV_62,038,PV_62_block_038,PV_62_038_1130434_R,1130433.95,1130535.9,15.215534944427786,317.0721194761693,R,binocular,2,"/Volumes/Data-1/Nimrod/experiments/PV_62/2023_05_01/block_038/oe_files/2023-05-01_13-57-45/Record Node 108/analysis/recNames=Block0038,Animal=PV_62/lizMov.mat",True,False,2,0,135.9000000001397,2
PV_62,038,PV_62_block_038,PV_62_038_1145908_R,1145907.6,1145958.55,7.221271728613411,59.8401794651863,R,binocular,2,"/Volumes/Data-1/Nimrod/experiments/PV_62/2023_05_01/block_038/oe_files/2023-05-01_13-57-45/Record Node 108/analysis/recNames=Block0038,Animal=PV_62/lizMov.mat",True,False,0,0,,2
PV_62,038,PV_62_block_038,PV_62_038_1182428_R,1182428.4,1182513.35,10.16162383405274,136.9921048390063,R,binocular,2,"/Volumes/Data-1/Nimrod/experiments/PV_62/2023_05_01/block_038/oe_files/2023-05-01_13-57-45/Record Node 108/analysis/recNames=Block0038,Animal=PV_62/lizMov.mat",True,False,0,0,,2
PV_62,038,PV_62_block_038,PV_62_038_1321532_R,1321531.65,1321633.6,13.63830416097461,129.16069005364272,R,binocular,2,"/Volumes/Data-1/Nimrod/experiments/PV_62/2023_05_01/block_038/oe_files/2023-05-01_13-57-45/Record Node 108/analysis/recNames=Block0038,Animal=PV_62/lizMov.mat",True,False,0,0,,2
PV_62,038,PV_62_block_038,PV_62_038_1327087_R,1327086.95,1327273.8,13.293777412445971,163.038388315015,R,binocular,2,"/Volumes/Data-1/Nimrod/experiments/PV_62/2023_05_01/block_038/oe_files/2023-05-01_13-57-45/Record Node 108/analysis/recNames=Block0038,Animal=PV_62/lizMov.mat",True,False,0,0,,2
PV_62,038,PV_62_block_038,PV_62_038_1374602_R,1374601.95,1374703.9,9.016721125793978,47.49185301055725,R,binocular,2,"/Volumes/Data-1/Nimrod/experiments/PV_62/2023_05_01/block_038/oe_files/2023-05-01_13-57-45/Record Node 108/analysis/recNames=Block0038,Animal=PV_62/lizMov.mat",True,False,0,0,,2
PV_62,038,PV_62_block_038,PV_62_038_1425100_R,1425099.7,1425184.7,16.341683714066058,138.89820438026405,R,binocular,2,"/Volumes/Data-1/Nimrod/experiments/PV_62/2023_05_01/block_038/oe_files/2023-05-01_13-57-45/Record Node 108/analysis/recNames=Block0038,Animal=PV_62/lizMov.mat",True,False,0,0,,2
PV_62,038,PV_62_block_038,PV_62_038_1437028_R,1437028.45,1437096.4,16.54378718756434,332.5758669865101,R,binocular,2,"/Volumes/Data-1/Nimrod/experiments/PV_62/2023_05_01/block_038/oe_files/2023-05-01_13-57-45/Record Node 108/analysis/recNames=Block0038,Animal=PV_62/lizMov.mat",True,True,2,1,67.94999999995343,2
PV_62,038,PV_62_block_038,PV_62_038_1437113_L,1437113.45,1437198.4,19.831741795019628,133.12362993987452,L,binocular,2,"/Volumes/Data-1/Nimrod/experiments/PV_62/2023_05_01/block_038/oe_files/2023-05-01_13-57-45/Record Node 108/analysis/recNames=Block0038,Animal=PV_62/lizMov.mat",True,False,0,0,,2
PV_62,038,PV_62_block_038,PV_62_038_1449243_R,1449243.15,1449311.05,8.709000516704995,343.5868586367619,R,binocular,2,"/Volumes/Data-1/Nimrod/experiments/PV_62/2023_05_01/block_038/oe_files/2023-05-01_13-57-45/Record Node 108/analysis/recNames=Block0038,Animal=PV_62/lizMov.mat",True,False,3,0,101.9000000001397,2
PV_62,038,PV_62_block_038,PV_62_038_1526037_L,1526037.45,1526105.35,8.421034925494103,8.833786681263689,L,binocular,2,"/Volumes/Data-1/Nimrod/experiments/PV_62/2023_05_01/block_038/oe_files/2023-05-01_13-57-45/Record Node 108/analysis/recNames=Block0038,Animal=PV_62/lizMov.mat",True,True,4,2,67.9000000001397,2
PV_62,038,PV_62_block_038,PV_62_038_1784568_R,1784567.85,1784669.75,19.752054154430546,316.7825567606878,R,binocular,2,"/Volumes/Data-1/Nimrod/experiments/PV_62/2023_05_01/block_038/oe_files/2023-05-01_13-57-45/Record Node 108/analysis/recNames=Block0038,Animal=PV_62/lizMov.mat",True,False,0,0,,2
PV_62,038,PV_62_block_038,PV_62_038_336817_L,336817.35,336885.3,8.381729284960178,359.36677963098015,L,monocular,1,"/Volumes/Data-1/Nimrod/experiments/PV_62/2023_05_01/block_038/oe_files/2023-05-01_13-57-45/Record Node 108/analysis/recNames=Block0038,Animal=PV_62/lizMov.mat",True,True,2,1,101.90000000002328,1
PV_62,038,PV_62_block_038,PV_62_038_1543379_L,1543379.15,1543481.1,8.026216046648493,96.6696963436504,L,monocular,1,"/Volumes/Data-1/Nimrod/experiments/PV_62/2023_05_01/block_038/oe_files/2023-05-01_13-57-45/Record Node 108/analysis/recNames=Block0038,Animal=PV_62/lizMov.mat",True,False,1,0,118.95000000018626,1
PV_62,038,PV_62_block_038,PV_62_038_1701672_L,1701672.5,1701723.45,20.841895039729017,130.21700921535637,L,monocular,1,"/Volumes/Data-1/Nimrod/experiments/PV_62/2023_05_01/block_038/oe_files/2023-05-01_13-57-45/Record Node 108/analysis/recNames=Block0038,Animal=PV_62/lizMov.mat",True,False,0,0,,1
PV_62,038,PV_62_block_038,PV_62_038_336630_R,336630.45,336800.35,18.207233895172784,325.0725134721432,R,monocular,1,"/Volumes/Data-1/Nimrod/experiments/PV_62/2023_05_01/block_038/oe_files/2023-05-01_13-57-45/Record Node 108/analysis/recNames=Block0038,Animal=PV_62/lizMov.mat",True,False,1,0,51.0,1
PV_62,038,PV_62_block_038,PV_62_038_443016_R,443016.5,443050.45,7.394555205119213,64.50539031091061,R,monocular,1,"/Volumes/Data-1/Nimrod/experiments/PV_62/2023_05_01/block_038/oe_files/2023-05-01_13-57-45/Record Node 108/analysis/recNames=Block0038,Animal=PV_62/lizMov.mat",True,False,0,0,,1
PV_62,038,PV_62_block_038,PV_62_038_658552_R,658551.9,658636.9,12.100296171266665,34.43386712011141,R,monocular,1,"/Volumes/Data-1/Nimrod/experiments/PV_62/2023_05_01/block_038/oe_files/2023-05-01_13-57-45/Record Node 108/analysis/recNames=Block0038,Animal=PV_62/lizMov.mat",True,False,1,0,34.0,1
PV_62,038,PV_62_block_038,PV_62_038_659300_R,659299.5,659350.45,7.703836633319918,79.66761457470588,R,monocular,1,"/Volumes/Data-1/Nimrod/experiments/PV_62/2023_05_01/block_038/oe_files/2023-05-01_13-57-45/Record Node 108/analysis/recNames=Block0038,Animal=PV_62/lizMov.mat",True,False,1,0,67.94999999995343,1
PV_62,038,PV_62_block_038,PV_62_038_689924_R,689923.55,689991.5,12.227447747799095,110.45074663641928,R,monocular,1,"/Volumes/Data-1/Nimrod/experiments/PV_62/2023_05_01/block_038/oe_files/2023-05-01_13-57-45/Record Node 108/analysis/recNames=Block0038,Animal=PV_62/lizMov.mat",True,True,2,1,34.0,1
PV_62,038,PV_62_block_038,PV_62_038_901347_R,901346.65,901567.5,28.95611931925304,248.38410057853338,R,monocular,1,"/Volumes/Data-1/Nimrod/experiments/PV_62/2023_05_01/block_038/oe_files/2023-05-01_13-57-45/Record Node 108/analysis/recNames=Block0038,Animal=PV_62/lizMov.mat",True,False,0,0,,1
PV_62,038,PV_62_block_038,PV_62_038_909721_R,909721.1,909806.05,11.15897074234145,346.47061448857255,R,monocular,1,"/Volumes/Data-1/Nimrod/experiments/PV_62/2023_05_01/block_038/oe_files/2023-05-01_13-57-45/Record Node 108/analysis/recNames=Block0038,Animal=PV_62/lizMov.mat",True,False,2,0,51.0,1
PV_62,038,PV_62_block_038,PV_62_038_1028971_R,1028971.1,1029039.05,9.875665270217977,147.28966893288506,R,monocular,1,"/Volumes/Data-1/Nimrod/experiments/PV_62/2023_05_01/block_038/oe_files/2023-05-01_13-57-45/Record Node 108/analysis/recNames=Block0038,Animal=PV_62/lizMov.mat",True,False,0,0,,1
PV_62,038,PV_62_block_038,PV_62_038_1135700_R,1135699.55,1135784.5,11.60975930623689,248.19638402785466,R,monocular,1,"/Volumes/Data-1/Nimrod/experiments/PV_62/2023_05_01/block_038/oe_files/2023-05-01_13-57-45/Record Node 108/analysis/recNames=Block0038,Animal=PV_62/lizMov.mat",True,False,1,0,34.0,1
PV_62,038,PV_62_block_038,PV_62_038_1267584_R,1267584.05,1267652.0,9.32335901231103,121.61561387027619,R,monocular,1,"/Volumes/Data-1/Nimrod/experiments/PV_62/2023_05_01/block_038/oe_files/2023-05-01_13-57-45/Record Node 108/analysis/recNames=Block0038,Animal=PV_62/lizMov.mat",True,False,1,0,34.0,1
PV_62,038,PV_62_block_038,PV_62_038_1278795_R,1278795.0,1278845.95,8.800179837862995,105.87640623282236,R,monocular,1,"/Volumes/Data-1/Nimrod/experiments/PV_62/2023_05_01/block_038/oe_files/2023-05-01_13-57-45/Record Node 108/analysis/recNames=Block0038,Animal=PV_62/lizMov.mat",True,False,2,0,34.0,1
PV_62,038,PV_62_block_038,PV_62_038_1279305_R,1279304.65,1279321.6,7.0772898856389395,252.52948787203627,R,monocular,1,"/Volumes/Data-1/Nimrod/experiments/PV_62/2023_05_01/block_038/oe_files/2023-05-01_13-57-45/Record Node 108/analysis/recNames=Block0038,Animal=PV_62/lizMov.mat",True,True,3,1,33.950000000186265,1
PV_62,038,PV_62_block_038,PV_62_038_1279882_R,1279882.25,1279950.2,7.710250117954361,276.49077335797585,R,monocular,1,"/Volumes/Data-1/Nimrod/experiments/PV_62/2023_05_01/block_038/oe_files/2023-05-01_13-57-45/Record Node 108/analysis/recNames=Block0038,Animal=PV_62/lizMov.mat",True,False,0,0,,1
PV_62,038,PV_62_block_038,PV_62_038_1280443_R,1280442.85,1280578.75,10.729288643947205,55.14075611125102,R,monocular,1,"/Volumes/Data-1/Nimrod/experiments/PV_62/2023_05_01/block_038/oe_files/2023-05-01_13-57-45/Record Node 108/analysis/recNames=Block0038,Animal=PV_62/lizMov.mat",True,False,0,0,,1
PV_62,038,PV_62_block_038,PV_62_038_1341238_R,1341238.0,1341322.95,13.884787330874813,278.0826738829519,R,monocular,1,"/Volumes/Data-1/Nimrod/experiments/PV_62/2023_05_01/block_038/oe_files/2023-05-01_13-57-45/Record Node 108/analysis/recNames=Block0038,Animal=PV_62/lizMov.mat",True,False,1,0,135.94999999995343,1
PV_62,038,PV_62_block_038,PV_62_038_1363917_R,1363916.85,1363984.8,10.548807500600201,293.9345934929699,R,monocular,1,"/Volumes/Data-1/Nimrod/experiments/PV_62/2023_05_01/block_038/oe_files/2023-05-01_13-57-45/Record Node 108/analysis/recNames=Block0038,Animal=PV_62/lizMov.mat",True,False,0,0,,1
PV_62,038,PV_62_block_038,PV_62_038_1388278_R,1388278.1,1388329.05,8.955965148272044,161.44916592795693,R,monocular,1,"/Volumes/Data-1/Nimrod/experiments/PV_62/2023_05_01/block_038/oe_files/2023-05-01_13-57-45/Record Node 108/analysis/recNames=Block0038,Animal=PV_62/lizMov.mat",True,False,0,0,,1
PV_62,038,PV_62_block_038,PV_62_038_1426068_R,1426068.35,1426153.3,7.509054533211596,260.69125064779945,R,monocular,1,"/Volumes/Data-1/Nimrod/experiments/PV_62/2023_05_01/block_038/oe_files/2023-05-01_13-57-45/Record Node 108/analysis/recNames=Block0038,Animal=PV_62/lizMov.mat",True,False,0,0,,1
PV_62,038,PV_62_block_038,PV_62_038_1436502_R,1436501.7,1436535.7,7.1757122170679715,21.388638033430716,R,monocular,1,"/Volumes/Data-1/Nimrod/experiments/PV_62/2023_05_01/block_038/oe_files/2023-05-01_13-57-45/Record Node 108/analysis/recNames=Block0038,Animal=PV_62/lizMov.mat",True,True,2,1,34.0,1
PV_62,038,PV_62_block_038,PV_62_038_1628146_R,1628146.3,1628265.15,22.942853392348926,97.18276299817602,R,monocular,1,"/Volumes/Data-1/Nimrod/experiments/PV_62/2023_05_01/block_038/oe_files/2023-05-01_13-57-45/Record Node 108/analysis/recNames=Block0038,Animal=PV_62/lizMov.mat",True,False,0,0,,1
PV_62,038,PV_62_block_038,PV_62_038_1791379_R,1791378.55,1791514.45,9.225440884485,61.16846395835708,R,monocular,1,"/Volumes/Data-1/Nimrod/experiments/PV_62/2023_05_01/block_038/oe_files/2023-05-01_13-57-45/Record Node 108/analysis/recNames=Block0038,Animal=PV_62/lizMov.mat",True,False,0,0,,1
PV_126,007,PV_126_block_007,PV_126_007_57691_R,57691.0,57757.6,8.469873204330527,339.9737370845343,R,binocular,2,"/Volumes/Data-1/Nimrod/experiments/PV_126/2024_07_18/block_007/oe_files/PV126_Trial16_wake3_2024-07-18_12-49-12/Record Node 102/analysis/Animal=PV_126,recNames=block_007/lizMov.mat",True,False,0,0,,2
PV_126,007,PV_126_block_007,PV_126_007_68114_R,68113.9,68197.15,11.535951521412265,163.47361347725183,R,binocular,2,"/Volumes/Data-1/Nimrod/experiments/PV_126/2024_07_18/block_007/oe_files/PV126_Trial16_wake3_2024-07-18_12-49-12/Record Node 102/analysis/Animal=PV_126,recNames=block_007/lizMov.mat",True,False,0,0,,2
PV_126,007,PV_126_block_007,PV_126_007_76972_R,76971.7,77054.95,15.916613714259682,338.8677806665607,R,binocular,2,"/Volumes/Data-1/Nimrod/experiments/PV_126/2024_07_18/block_007/oe_files/PV126_Trial16_wake3_2024-07-18_12-49-12/Record Node 102/analysis/Animal=PV_126,recNames=block_007/lizMov.mat",True,False,2,0,116.55000000000291,2
PV_126,007,PV_126_block_007,PV_126_007_77088_R,77088.25,77188.15,9.334590413843927,161.7091313746171,R,binocular,2,"/Volumes/Data-1/Nimrod/experiments/PV_126/2024_07_18/block_007/oe_files/PV126_Trial16_wake3_2024-07-18_12-49-12/Record Node 102/analysis/Animal=PV_126,recNames=block_007/lizMov.mat",True,True,4,2,49.94999999999709,2
PV_126,007,PV_126_block_007,PV_126_007_77188_R,77188.15,77238.1,11.03417733409459,341.5842221504584,R,binocular,2,"/Volumes/Data-1/Nimrod/experiments/PV_126/2024_07_18/block_007/oe_files/PV126_Trial16_wake3_2024-07-18_12-49-12/Record Node 102/analysis/Animal=PV_126,recNames=block_007/lizMov.mat",True,False,3,0,49.95000000001164,2
PV_126,007,PV_126_block_007,PV_126_007_81101_L,81100.9,81150.85,10.384314161688296,349.9076252709607,L,binocular,2,"/Volumes/Data-1/Nimrod/experiments/PV_126/2024_07_18/block_007/oe_files/PV126_Trial16_wake3_2024-07-18_12-49-12/Record Node 102/analysis/Animal=PV_126,recNames=block_007/lizMov.mat",True,False,1,0,49.95000000001164,2
PV_126,007,PV_126_block_007,PV_126_007_81151_L,81150.85,81300.7,19.159341002234342,184.07099959885917,L,binocular,2,"/Volumes/Data-1/Nimrod/experiments/PV_126/2024_07_18/block_007/oe_files/PV126_Trial16_wake3_2024-07-18_12-49-12/Record Node 102/analysis/Animal=PV_126,recNames=block_007/lizMov.mat",True,False,1,0,149.84999999999127,2
PV_126,007,PV_126_block_007,PV_126_007_81317_L,81317.35,81367.3,7.8060365762228985,179.5944115111623,L,binocular,2,"/Volumes/Data-1/Nimrod/experiments/PV_126/2024_07_18/block_007/oe_files/PV126_Trial16_wake3_2024-07-18_12-49-12/Record Node 102/analysis/Animal=PV_126,recNames=block_007/lizMov.mat",True,True,8,3,33.29999999998836,2
PV_126,007,PV_126_block_007,PV_126_007_81517_R,81517.15,81600.4,8.734719962058934,346.9365526339214,R,binocular,2,"/Volumes/Data-1/Nimrod/experiments/PV_126/2024_07_18/block_007/oe_files/PV126_Trial16_wake3_2024-07-18_12-49-12/Record Node 102/analysis/Animal=PV_126,recNames=block_007/lizMov.mat",True,False,0,0,,2
PV_126,007,PV_126_block_007,PV_126_007_87361_R,87361.3,87477.85,14.960372279622543,161.8770459046024,R,binocular,2,"/Volumes/Data-1/Nimrod/experiments/PV_126/2024_07_18/block_007/oe_files/PV126_Trial16_wake3_2024-07-18_12-49-12/Record Node 102/analysis/Animal=PV_126,recNames=block_007/lizMov.mat",True,False,0,0,,2
PV_126,007,PV_126_block_007,PV_126_007_112653_L,112652.65,112752.55,14.903400744676443,356.7531574677359,L,binocular,2,"/Volumes/Data-1/Nimrod/experiments/PV_126/2024_07_18/block_007/oe_files/PV126_Trial16_wake3_2024-07-18_12-49-12/Record Node 102/analysis/Animal=PV_126,recNames=block_007/lizMov.mat",True,False,1,0,133.20000000001164,2
PV_126,007,PV_126_block_007,PV_126_007_112836_R,112835.8,112869.1,7.057322051670609,3.649658335401128,R,binocular,2,"/Volumes/Data-1/Nimrod/experiments/PV_126/2024_07_18/block_007/oe_files/PV126_Trial16_wake3_2024-07-18_12-49-12/Record Node 102/analysis/Animal=PV_126,recNames=block_007/lizMov.mat",True,False,2,0,66.59999999999127,2
PV_126,007,PV_126_block_007,PV_126_007_117048_L,117048.25,117164.8,16.53877271776561,136.65058967063985,L,binocular,2,"/Volumes/Data-1/Nimrod/experiments/PV_126/2024_07_18/block_007/oe_files/PV126_Trial16_wake3_2024-07-18_12-49-12/Record Node 102/analysis/Animal=PV_126,recNames=block_007/lizMov.mat",True,False,1,0,83.25,2
PV_126,007,PV_126_block_007,PV_126_007_170428_L,170428.15,170494.75,15.338807486020631,94.18947317483612,L,binocular,2,"/Volumes/Data-1/Nimrod/experiments/PV_126/2024_07_18/block_007/oe_files/PV126_Trial16_wake3_2024-07-18_12-49-12/Record Node 102/analysis/Animal=PV_126,recNames=block_007/lizMov.mat",True,False,2,0,33.30000000001746,2
PV_126,007,PV_126_block_007,PV_126_007_170545_R,170544.7,170677.9,19.672599753764434,11.475371978692973,R,binocular,2,"/Volumes/Data-1/Nimrod/experiments/PV_126/2024_07_18/block_007/oe_files/PV126_Trial16_wake3_2024-07-18_12-49-12/Record Node 102/analysis/Animal=PV_126,recNames=block_007/lizMov.mat",True,False,0,0,,2
PV_126,007,PV_126_block_007,PV_126_007_172110_L,172109.8,172209.7,16.490380114905474,308.79861955711294,L,binocular,2,"/Volumes/Data-1/Nimrod/experiments/PV_126/2024_07_18/block_007/oe_files/PV126_Trial16_wake3_2024-07-18_12-49-12/Record Node 102/analysis/Animal=PV_126,recNames=block_007/lizMov.mat",True,False,1,0,149.85000000000582,2
PV_126,007,PV_126_block_007,PV_126_007_183299_R,183298.6,183465.1,22.869536250479626,161.47710438692022,R,binocular,2,"/Volumes/Data-1/Nimrod/experiments/PV_126/2024_07_18/block_007/oe_files/PV126_Trial16_wake3_2024-07-18_12-49-12/Record Node 102/analysis/Animal=PV_126,recNames=block_007/lizMov.mat",True,False,0,0,,2
PV_126,007,PV_126_block_007,PV_126_007_183665_R,183664.9,183731.5,8.88738558072438,165.61608979349523,R,binocular,2,"/Volumes/Data-1/Nimrod/experiments/PV_126/2024_07_18/block_007/oe_files/PV126_Trial16_wake3_2024-07-18_12-49-12/Record Node 102/analysis/Animal=PV_126,recNames=block_007/lizMov.mat",True,False,2,0,99.89999999999418,2
PV_126,007,PV_126_block_007,PV_126_007_191407_R,191407.15,191507.05,17.705347321807825,169.31815747896167,R,binocular,2,"/Volumes/Data-1/Nimrod/experiments/PV_126/2024_07_18/block_007/oe_files/PV126_Trial16_wake3_2024-07-18_12-49-12/Record Node 102/analysis/Animal=PV_126,recNames=block_007/lizMov.mat",True,False,1,0,133.20000000001164,2
PV_126,007,PV_126_block_007,PV_126_007_214651_R,214650.55,214750.45,16.3458313448558,171.75198346587018,R,binocular,2,"/Volumes/Data-1/Nimrod/experiments/PV_126/2024_07_18/block_007/oe_files/PV126_Trial16_wake3_2024-07-18_12-49-12/Record Node 102/analysis/Animal=PV_126,recNames=block_007/lizMov.mat",True,False,0,0,,2
PV_126,007,PV_126_block_007,PV_126_007_225506_L,225506.35,225556.3,16.363888977217112,349.65583759291667,L,binocular,2,"/Volumes/Data-1/Nimrod/experiments/PV_126/2024_07_18/block_007/oe_files/PV126_Trial16_wake3_2024-07-18_12-49-12/Record Node 102/analysis/Animal=PV_126,recNames=block_007/lizMov.mat",True,True,3,1,49.94999999998254,2
PV_126,007,PV_126_block_007,PV_126_007_225556_L,225556.3,225656.2,13.386038238396436,173.74991850262555,L,binocular,2,"/Volumes/Data-1/Nimrod/experiments/PV_126/2024_07_18/block_007/oe_files/PV126_Trial16_wake3_2024-07-18_12-49-12/Record Node 102/analysis/Animal=PV_126,recNames=block_007/lizMov.mat",True,False,1,0,83.25,2
PV_126,007,PV_126_block_007,PV_126_007_241890_R,241889.95,242056.45,38.10646169797754,344.5854913382268,R,binocular,2,"/Volumes/Data-1/Nimrod/experiments/PV_126/2024_07_18/block_007/oe_files/PV126_Trial16_wake3_2024-07-18_12-49-12/Record Node 102/analysis/Animal=PV_126,recNames=block_007/lizMov.mat",True,False,0,0,,2
PV_126,007,PV_126_block_007,PV_126_007_242056_R,242056.45,242173.0,10.245592254582318,53.91759868684849,R,binocular,2,"/Volumes/Data-1/Nimrod/experiments/PV_126/2024_07_18/block_007/oe_files/PV126_Trial16_wake3_2024-07-18_12-49-12/Record Node 102/analysis/Animal=PV_126,recNames=block_007/lizMov.mat",True,True,3,1,66.59999999997672,2
PV_126,007,PV_126_block_007,PV_126_007_242173_R,242173.0,242256.25,8.835068518863347,161.48582742243104,R,binocular,2,"/Volumes/Data-1/Nimrod/experiments/PV_126/2024_07_18/block_007/oe_files/PV126_Trial16_wake3_2024-07-18_12-49-12/Record Node 102/analysis/Animal=PV_126,recNames=block_007/lizMov.mat",True,True,4,1,83.25,2
PV_126,007,PV_126_block_007,PV_126_007_242290_R,242289.55,242372.8,8.043743345890483,169.4748654294581,R,binocular,2,"/Volumes/Data-1/Nimrod/experiments/PV_126/2024_07_18/block_007/oe_files/PV126_Trial16_wake3_2024-07-18_12-49-12/Record Node 102/analysis/Animal=PV_126,recNames=block_007/lizMov.mat",True,False,0,0,,2
PV_126,007,PV_126_block_007,PV_126_007_247884_R,247883.95,247967.2,9.796515407453962,303.2628095777459,R,binocular,2,"/Volumes/Data-1/Nimrod/experiments/PV_126/2024_07_18/block_007/oe_files/PV126_Trial16_wake3_2024-07-18_12-49-12/Record Node 102/analysis/Animal=PV_126,recNames=block_007/lizMov.mat",True,False,1,0,66.59999999997672,2
PV_126,007,PV_126_block_007,PV_126_007_259789_R,259788.7,259938.55,29.498282392601265,15.777381005326252,R,binocular,2,"/Volumes/Data-1/Nimrod/experiments/PV_126/2024_07_18/block_007/oe_files/PV126_Trial16_wake3_2024-07-18_12-49-12/Record Node 102/analysis/Animal=PV_126,recNames=block_007/lizMov.mat",True,False,0,0,,2
PV_126,007,PV_126_block_007,PV_126_007_271927_R,271926.55,272043.1,18.078130206261203,181.06945300628013,R,binocular,2,"/Volumes/Data-1/Nimrod/experiments/PV_126/2024_07_18/block_007/oe_files/PV126_Trial16_wake3_2024-07-18_12-49-12/Record Node 102/analysis/Animal=PV_126,recNames=block_007/lizMov.mat",True,False,1,0,149.85000000003492,2
PV_126,007,PV_126_block_007,PV_126_007_272160_L,272159.65,272209.6,9.008520470219606,160.45859033283244,L,binocular,2,"/Volumes/Data-1/Nimrod/experiments/PV_126/2024_07_18/block_007/oe_files/PV126_Trial16_wake3_2024-07-18_12-49-12/Record Node 102/analysis/Animal=PV_126,recNames=block_007/lizMov.mat",True,False,0,0,49.949999999953434,2
PV_126,007,PV_126_block_007,PV_126_007_272210_L,272209.6,272359.45,16.301621845996635,349.4523512460513,L,binocular,2,"/Volumes/Data-1/Nimrod/experiments/PV_126/2024_07_18/block_007/oe_files/PV126_Trial16_wake3_2024-07-18_12-49-12/Record Node 102/analysis/Animal=PV_126,recNames=block_007/lizMov.mat",True,False,0,0,,2
PV_126,007,PV_126_block_007,PV_126_007_272376_R,272376.1,272426.05,10.711769393972796,169.62944442789106,R,binocular,2,"/Volumes/Data-1/Nimrod/experiments/PV_126/2024_07_18/block_007/oe_files/PV126_Trial16_wake3_2024-07-18_12-49-12/Record Node 102/analysis/Animal=PV_126,recNames=block_007/lizMov.mat",True,False,2,0,33.300000000046566,2
PV_126,007,PV_126_block_007,PV_126_007_279086_R,279086.05,279119.35,17.28764821336356,357.79598843089616,R,binocular,2,"/Volumes/Data-1/Nimrod/experiments/PV_126/2024_07_18/block_007/oe_files/PV126_Trial16_wake3_2024-07-18_12-49-12/Record Node 102/analysis/Animal=PV_126,recNames=block_007/lizMov.mat",True,True,5,1,33.29999999998836,2
PV_126,007,PV_126_block_007,PV_126_007_279119_R,279119.35,279219.25,11.760088539964935,209.2295292698728,R,binocular,2,"/Volumes/Data-1/Nimrod/experiments/PV_126/2024_07_18/block_007/oe_files/PV126_Trial16_wake3_2024-07-18_12-49-12/Record Node 102/analysis/Animal=PV_126,recNames=block_007/lizMov.mat",True,True,4,2,83.25,2
PV_126,007,PV_126_block_007,PV_126_007_279685_R,279685.45,279901.9,19.04647686875761,204.73654452093788,R,binocular,2,"/Volumes/Data-1/Nimrod/experiments/PV_126/2024_07_18/block_007/oe_files/PV126_Trial16_wake3_2024-07-18_12-49-12/Record Node 102/analysis/Animal=PV_126,recNames=block_007/lizMov.mat",True,False,2,0,16.649999999965075,2
PV_126,007,PV_126_block_007,PV_126_007_280551_L,280551.25,280584.55,10.769247110801619,154.82338521619985,L,binocular,2,"/Volumes/Data-1/Nimrod/experiments/PV_126/2024_07_18/block_007/oe_files/PV126_Trial16_wake3_2024-07-18_12-49-12/Record Node 102/analysis/Animal=PV_126,recNames=block_007/lizMov.mat",True,False,2,0,33.29999999998836,2
PV_126,007,PV_126_block_007,PV_126_007_280585_L,280584.55,280667.8,8.099631591964084,334.62441569147717,L,binocular,2,"/Volumes/Data-1/Nimrod/experiments/PV_126/2024_07_18/block_007/oe_files/PV126_Trial16_wake3_2024-07-18_12-49-12/Record Node 102/analysis/Animal=PV_126,recNames=block_007/lizMov.mat",True,False,0,0,,2
PV_126,007,PV_126_block_007,PV_126_007_281600_R,281600.2,281650.15,12.637314604160162,191.33768251812754,R,binocular,2,"/Volumes/Data-1/Nimrod/experiments/PV_126/2024_07_18/block_007/oe_files/PV126_Trial16_wake3_2024-07-18_12-49-12/Record Node 102/analysis/Animal=PV_126,recNames=block_007/lizMov.mat",True,True,3,1,33.29999999998836,2
PV_126,007,PV_126_block_007,PV_126_007_284447_R,284447.35,284580.55,11.927716675349492,350.7476342742548,R,binocular,2,"/Volumes/Data-1/Nimrod/experiments/PV_126/2024_07_18/block_007/oe_files/PV126_Trial16_wake3_2024-07-18_12-49-12/Record Node 102/analysis/Animal=PV_126,recNames=block_007/lizMov.mat",True,False,1,0,66.60000000003492,2
PV_126,007,PV_126_block_007,PV_126_007_286362_R,286362.1,286428.7,19.348484090618587,205.03347437643058,R,binocular,2,"/Volumes/Data-1/Nimrod/experiments/PV_126/2024_07_18/block_007/oe_files/PV126_Trial16_wake3_2024-07-18_12-49-12/Record Node 102/analysis/Animal=PV_126,recNames=block_007/lizMov.mat",True,True,3,1,49.95000000001164,2
PV_126,007,PV_126_block_007,PV_126_007_286412_R,286412.05,286495.3,18.05294183040596,341.9031955676122,R,binocular,2,"/Volumes/Data-1/Nimrod/experiments/PV_126/2024_07_18/block_007/oe_files/PV126_Trial16_wake3_2024-07-18_12-49-12/Record Node 102/analysis/Animal=PV_126,recNames=block_007/lizMov.mat",True,False,3,0,83.25,2
PV_126,007,PV_126_block_007,PV_126_007_286495_L,286495.3,286595.2,8.455135596782139,160.47287129885973,L,binocular,2,"/Volumes/Data-1/Nimrod/experiments/PV_126/2024_07_18/block_007/oe_files/PV126_Trial16_wake3_2024-07-18_12-49-12/Record Node 102/analysis/Animal=PV_126,recNames=block_007/lizMov.mat",True,False,1,0,66.60000000003492,2
PV_126,007,PV_126_block_007,PV_126_007_291107_L,291107.35,291223.9,25.18479698894665,197.03472002385848,L,binocular,2,"/Volumes/Data-1/Nimrod/experiments/PV_126/2024_07_18/block_007/oe_files/PV126_Trial16_wake3_2024-07-18_12-49-12/Record Node 102/analysis/Animal=PV_126,recNames=block_007/lizMov.mat",True,True,6,3,66.60000000003492,2
PV_126,007,PV_126_block_007,PV_126_007_291274_R,291273.85,291340.45,8.626449738048628,32.146710769433746,R,binocular,2,"/Volumes/Data-1/Nimrod/experiments/PV_126/2024_07_18/block_007/oe_files/PV126_Trial16_wake3_2024-07-18_12-49-12/Record Node 102/analysis/Animal=PV_126,recNames=block_007/lizMov.mat",True,True,3,2,33.300000000046566,2
PV_126,007,PV_126_block_007,PV_126_007_291307_R,291307.15,291373.75,14.478656669681547,184.33899048586167,R,binocular,2,"/Volumes/Data-1/Nimrod/experiments/PV_126/2024_07_18/block_007/oe_files/PV126_Trial16_wake3_2024-07-18_12-49-12/Record Node 102/analysis/Animal=PV_126,recNames=block_007/lizMov.mat",True,True,3,1,33.29999999998836,2
PV_126,007,PV_126_block_007,PV_126_007_291374_L,291373.75,291506.95,9.958053504300494,332.83696399101467,L,binocular,2,"/Volumes/Data-1/Nimrod/experiments/PV_126/2024_07_18/block_007/oe_files/PV126_Trial16_wake3_2024-07-18_12-49-12/Record Node 102/analysis/Animal=PV_126,recNames=block_007/lizMov.mat",True,False,0,0,,2
PV_126,007,PV_126_block_007,PV_126_007_292256_R,292256.2,292306.15,16.287663856834605,20.16738986558316,R,binocular,2,"/Volumes/Data-1/Nimrod/experiments/PV_126/2024_07_18/block_007/oe_files/PV126_Trial16_wake3_2024-07-18_12-49-12/Record Node 102/analysis/Animal=PV_126,recNames=block_007/lizMov.mat",True,False,2,0,49.95000000001164,2
PV_126,007,PV_126_block_007,PV_126_007_294271_L,294270.85,294370.75,22.445578567279036,353.4872449697559,L,binocular,2,"/Volumes/Data-1/Nimrod/experiments/PV_126/2024_07_18/block_007/oe_files/PV126_Trial16_wake3_2024-07-18_12-49-12/Record Node 102/analysis/Animal=PV_126,recNames=block_007/lizMov.mat",True,False,1,0,49.95000000001164,2
PV_126,007,PV_126_block_007,PV_126_007_297867_R,297867.25,297917.2,11.509842939541338,159.49705120973698,R,binocular,2,"/Volumes/Data-1/Nimrod/experiments/PV_126/2024_07_18/block_007/oe_files/PV126_Trial16_wake3_2024-07-18_12-49-12/Record Node 102/analysis/Animal=PV_126,recNames=block_007/lizMov.mat",True,True,6,3,33.29999999998836,2
PV_126,007,PV_126_block_007,PV_126_007_297967_R,297967.15,298000.45,8.218909927204749,164.96145616696262,R,binocular,2,"/Volumes/Data-1/Nimrod/experiments/PV_126/2024_07_18/block_007/oe_files/PV126_Trial16_wake3_2024-07-18_12-49-12/Record Node 102/analysis/Animal=PV_126,recNames=block_007/lizMov.mat",True,False,1,0,33.29999999998836,2
PV_126,007,PV_126_block_007,PV_126_007_298000_L,298000.45,298117.0,13.487719463886613,351.45335435841076,L,binocular,2,"/Volumes/Data-1/Nimrod/experiments/PV_126/2024_07_18/block_007/oe_files/PV126_Trial16_wake3_2024-07-18_12-49-12/Record Node 102/analysis/Animal=PV_126,recNames=block_007/lizMov.mat",True,False,2,0,99.89999999996508,2
PV_126,007,PV_126_block_007,PV_126_007_298300_L,298300.15,298350.1,15.675415643027744,169.77607099840324,L,binocular,2,"/Volumes/Data-1/Nimrod/experiments/PV_126/2024_07_18/block_007/oe_files/PV126_Trial16_wake3_2024-07-18_12-49-12/Record Node 102/analysis/Animal=PV_126,recNames=block_007/lizMov.mat",True,False,2,0,33.29999999998836,2
PV_126,007,PV_126_block_007,PV_126_007_298333_R,298333.45,298450.0,11.96344270684834,341.4239128425663,R,binocular,2,"/Volumes/Data-1/Nimrod/experiments/PV_126/2024_07_18/block_007/oe_files/PV126_Trial16_wake3_2024-07-18_12-49-12/Record Node 102/analysis/Animal=PV_126,recNames=block_007/lizMov.mat",True,False,0,0,,2
PV_126,007,PV_126_block_007,PV_126_007_298600_R,298599.85,298666.45,8.426522960817444,8.880493013401784,R,binocular,2,"/Volumes/Data-1/Nimrod/experiments/PV_126/2024_07_18/block_007/oe_files/PV126_Trial16_wake3_2024-07-18_12-49-12/Record Node 102/analysis/Animal=PV_126,recNames=block_007/lizMov.mat",True,False,1,0,133.20000000001164,2
PV_126,007,PV_126_block_007,PV_126_007_299432_L,299432.35,299465.65,14.661645922401316,193.76123885076035,L,binocular,2,"/Volumes/Data-1/Nimrod/experiments/PV_126/2024_07_18/block_007/oe_files/PV126_Trial16_wake3_2024-07-18_12-49-12/Record Node 102/analysis/Animal=PV_126,recNames=block_007/lizMov.mat",True,True,4,1,16.650000000023283,2
PV_126,007,PV_126_block_007,PV_126_007_299449_L,299449.0,299515.6,7.565275099343309,1.2615154352021967,L,binocular,2,"/Volumes/Data-1/Nimrod/experiments/PV_126/2024_07_18/block_007/oe_files/PV126_Trial16_wake3_2024-07-18_12-49-12/Record Node 102/analysis/Animal=PV_126,recNames=block_007/lizMov.mat",True,True,2,1,49.95000000001164,2
PV_126,007,PV_126_block_007,PV_126_007_299882_L,299881.9,299931.85,8.54382710505153,78.49267941085535,L,binocular,2,"/Volumes/Data-1/Nimrod/experiments/PV_126/2024_07_18/block_007/oe_files/PV126_Trial16_wake3_2024-07-18_12-49-12/Record Node 102/analysis/Animal=PV_126,recNames=block_007/lizMov.mat",True,True,3,2,66.59999999997672,2
PV_126,007,PV_126_block_007,PV_126_007_299948_R,299948.5,300031.75,9.373796733053343,93.71052897891187,R,binocular,2,"/Volumes/Data-1/Nimrod/experiments/PV_126/2024_07_18/block_007/oe_files/PV126_Trial16_wake3_2024-07-18_12-49-12/Record Node 102/analysis/Animal=PV_126,recNames=block_007/lizMov.mat",True,True,3,2,49.95000000001164,2
PV_126,007,PV_126_block_007,PV_126_007_301880_L,301879.9,302079.7,15.157109580993678,17.86748814639772,L,binocular,2,"/Volumes/Data-1/Nimrod/experiments/PV_126/2024_07_18/block_007/oe_files/PV126_Trial16_wake3_2024-07-18_12-49-12/Record Node 102/analysis/Animal=PV_126,recNames=block_007/lizMov.mat",True,False,2,0,66.59999999997672,2
PV_126,007,PV_126_block_007,PV_126_007_306342_R,306342.1,306442.0,13.89965617626427,170.0334477913041,R,binocular,2,"/Volumes/Data-1/Nimrod/experiments/PV_126/2024_07_18/block_007/oe_files/PV126_Trial16_wake3_2024-07-18_12-49-12/Record Node 102/analysis/Animal=PV_126,recNames=block_007/lizMov.mat",True,True,3,1,99.90000000002328,2
PV_126,007,PV_126_block_007,PV_126_007_306542_R,306541.9,306658.45,13.32561652137262,10.238317502662033,R,binocular,2,"/Volumes/Data-1/Nimrod/experiments/PV_126/2024_07_18/block_007/oe_files/PV126_Trial16_wake3_2024-07-18_12-49-12/Record Node 102/analysis/Animal=PV_126,recNames=block_007/lizMov.mat",True,False,0,0,,2
PV_126,007,PV_126_block_007,PV_126_007_306908_L,306908.2,307157.95,8.9794034226259,96.6802710561793,L,binocular,2,"/Volumes/Data-1/Nimrod/experiments/PV_126/2024_07_18/block_007/oe_files/PV126_Trial16_wake3_2024-07-18_12-49-12/Record Node 102/analysis/Animal=PV_126,recNames=block_007/lizMov.mat",True,False,0,0,,2
PV_126,007,PV_126_block_007,PV_126_007_307308_L,307307.8,307341.1,7.852084502849174,189.1390848813741,L,binocular,2,"/Volumes/Data-1/Nimrod/experiments/PV_126/2024_07_18/block_007/oe_files/PV126_Trial16_wake3_2024-07-18_12-49-12/Record Node 102/analysis/Animal=PV_126,recNames=block_007/lizMov.mat",True,True,6,1,16.650000000023283,2
PV_126,007,PV_126_block_007,PV_126_007_307524_L,307524.25,307607.5,10.980892935115543,177.44053453265323,L,binocular,2,"/Volumes/Data-1/Nimrod/experiments/PV_126/2024_07_18/block_007/oe_files/PV126_Trial16_wake3_2024-07-18_12-49-12/Record Node 102/analysis/Animal=PV_126,recNames=block_007/lizMov.mat",True,True,4,1,83.25,2
PV_126,007,PV_126_block_007,PV_126_007_310005_L,310005.1,310055.05,10.822072936901062,6.162188310508653,L,binocular,2,"/Volumes/Data-1/Nimrod/experiments/PV_126/2024_07_18/block_007/oe_files/PV126_Trial16_wake3_2024-07-18_12-49-12/Record Node 102/analysis/Animal=PV_126,recNames=block_007/lizMov.mat",True,False,2,0,33.300000000046566,2
PV_126,007,PV_126_block_007,PV_126_007_310055_R,310055.05,310171.6,27.359688185131077,14.42222049767543,R,binocular,2,"/Volumes/Data-1/Nimrod/experiments/PV_126/2024_07_18/block_007/oe_files/PV126_Trial16_wake3_2024-07-18_12-49-12/Record Node 102/analysis/Animal=PV_126,recNames=block_007/lizMov.mat",True,False,2,0,66.60000000003492,2
PV_126,007,PV_126_block_007,PV_126_007_312652_R,312652.45,312785.65,19.901759166173147,100.37921547991411,R,binocular,2,"/Volumes/Data-1/Nimrod/experiments/PV_126/2024_07_18/block_007/oe_files/PV126_Trial16_wake3_2024-07-18_12-49-12/Record Node 102/analysis/Animal=PV_126,recNames=block_007/lizMov.mat",True,False,0,0,,2
PV_126,007,PV_126_block_007,PV_126_007_314184_R,314184.25,314284.15,33.21567282017749,278.61745066525197,R,binocular,2,"/Volumes/Data-1/Nimrod/experiments/PV_126/2024_07_18/block_007/oe_files/PV126_Trial16_wake3_2024-07-18_12-49-12/Record Node 102/analysis/Animal=PV_126,recNames=block_007/lizMov.mat",True,True,3,1,66.59999999997672,2
PV_126,007,PV_126_block_007,PV_126_007_316865_R,316864.9,316914.85,10.859124232675608,330.9725856842413,R,binocular,2,"/Volumes/Data-1/Nimrod/experiments/PV_126/2024_07_18/block_007/oe_files/PV126_Trial16_wake3_2024-07-18_12-49-12/Record Node 102/analysis/Animal=PV_126,recNames=block_007/lizMov.mat",True,False,2,0,49.949999999953434,2
PV_126,007,PV_126_block_007,PV_126_007_317165_L,317164.6,317214.55,10.495310626759146,184.095153451823,L,binocular,2,"/Volumes/Data-1/Nimrod/experiments/PV_126/2024_07_18/block_007/oe_files/PV126_Trial16_wake3_2024-07-18_12-49-12/Record Node 102/analysis/Animal=PV_126,recNames=block_007/lizMov.mat",True,True,5,3,16.650000000023283,2
PV_126,007,PV_126_block_007,PV_126_007_317281_R,317281.15,317431.0,13.0040907369837,286.5995514715316,R,binocular,2,"/Volumes/Data-1/Nimrod/experiments/PV_126/2024_07_18/block_007/oe_files/PV126_Trial16_wake3_2024-07-18_12-49-12/Record Node 102/analysis/Animal=PV_126,recNames=block_007/lizMov.mat",True,False,1,0,49.949999999953434,2
PV_126,007,PV_126_block_007,PV_126_007_318730_R,318729.7,318846.25,19.802313812734553,263.7734895619016,R,binocular,2,"/Volumes/Data-1/Nimrod/experiments/PV_126/2024_07_18/block_007/oe_files/PV126_Trial16_wake3_2024-07-18_12-49-12/Record Node 102/analysis/Animal=PV_126,recNames=block_007/lizMov.mat",True,False,2,0,83.25,2
PV_126,007,PV_126_block_007,PV_126_007_318813_L,318812.95,318929.5,11.195133327786692,176.35588947825596,L,binocular,2,"/Volumes/Data-1/Nimrod/experiments/PV_126/2024_07_18/block_007/oe_files/PV126_Trial16_wake3_2024-07-18_12-49-12/Record Node 102/analysis/Animal=PV_126,recNames=block_007/lizMov.mat",True,True,3,1,116.54999999998836,2
PV_126,007,PV_126_block_007,PV_126_007_318946_R,318946.15,319046.05,12.845605552256869,123.7516232588035,R,binocular,2,"/Volumes/Data-1/Nimrod/experiments/PV_126/2024_07_18/block_007/oe_files/PV126_Trial16_wake3_2024-07-18_12-49-12/Record Node 102/analysis/Animal=PV_126,recNames=block_007/lizMov.mat",True,False,1,0,16.649999999965075,2
PV_126,007,PV_126_block_007,PV_126_007_320378_R,320378.05,320477.95,20.353862418043317,159.80860015458003,R,binocular,2,"/Volumes/Data-1/Nimrod/experiments/PV_126/2024_07_18/block_007/oe_files/PV126_Trial16_wake3_2024-07-18_12-49-12/Record Node 102/analysis/Animal=PV_126,recNames=block_007/lizMov.mat",True,False,1,0,49.95000000001164,2
PV_126,007,PV_126_block_007,PV_126_007_320644_L,320644.45,320744.35,10.90943543823479,185.53588573750014,L,binocular,2,"/Volumes/Data-1/Nimrod/experiments/PV_126/2024_07_18/block_007/oe_files/PV126_Trial16_wake3_2024-07-18_12-49-12/Record Node 102/analysis/Animal=PV_126,recNames=block_007/lizMov.mat",True,False,4,0,33.29999999998836,2
PV_126,007,PV_126_block_007,PV_126_007_321144_R,321143.95,321177.25,14.095558697671292,348.32871159883894,R,binocular,2,"/Volumes/Data-1/Nimrod/experiments/PV_126/2024_07_18/block_007/oe_files/PV126_Trial16_wake3_2024-07-18_12-49-12/Record Node 102/analysis/Animal=PV_126,recNames=block_007/lizMov.mat",True,True,4,1,33.29999999998836,2
PV_126,007,PV_126_block_007,PV_126_007_322359_L,322359.4,322442.65,16.35969721339691,22.759555329657356,L,binocular,2,"/Volumes/Data-1/Nimrod/experiments/PV_126/2024_07_18/block_007/oe_files/PV126_Trial16_wake3_2024-07-18_12-49-12/Record Node 102/analysis/Animal=PV_126,recNames=block_007/lizMov.mat",True,True,4,3,83.25,2
PV_126,007,PV_126_block_007,PV_126_007_322443_L,322442.65,322592.5,9.838759978864967,168.9856866940168,L,binocular,2,"/Volumes/Data-1/Nimrod/experiments/PV_126/2024_07_18/block_007/oe_files/PV126_Trial16_wake3_2024-07-18_12-49-12/Record Node 102/analysis/Animal=PV_126,recNames=block_007/lizMov.mat",True,True,4,3,33.29999999998836,2
PV_126,007,PV_126_block_007,PV_126_007_322592_R,322592.5,322759.0,26.085738880495825,96.54137429618066,R,binocular,2,"/Volumes/Data-1/Nimrod/experiments/PV_126/2024_07_18/block_007/oe_files/PV126_Trial16_wake3_2024-07-18_12-49-12/Record Node 102/analysis/Animal=PV_126,recNames=block_007/lizMov.mat",True,False,1,0,33.29999999998836,2
PV_126,007,PV_126_block_007,PV_126_007_322759_R,322759.0,322808.95,15.62485195289947,356.67011574467364,R,binocular,2,"/Volumes/Data-1/Nimrod/experiments/PV_126/2024_07_18/block_007/oe_files/PV126_Trial16_wake3_2024-07-18_12-49-12/Record Node 102/analysis/Animal=PV_126,recNames=block_007/lizMov.mat",True,True,2,1,49.95000000001164,2
PV_126,007,PV_126_block_007,PV_126_007_322809_R,322808.95,322925.5,15.676227605021348,160.0868889557657,R,binocular,2,"/Volumes/Data-1/Nimrod/experiments/PV_126/2024_07_18/block_007/oe_files/PV126_Trial16_wake3_2024-07-18_12-49-12/Record Node 102/analysis/Animal=PV_126,recNames=block_007/lizMov.mat",True,False,1,0,16.649999999965075,2
PV_126,007,PV_126_block_007,PV_126_007_323625_R,323624.8,323724.7,9.034980284743845,172.9103338265277,R,binocular,2,"/Volumes/Data-1/Nimrod/experiments/PV_126/2024_07_18/block_007/oe_files/PV126_Trial16_wake3_2024-07-18_12-49-12/Record Node 102/analysis/Animal=PV_126,recNames=block_007/lizMov.mat",True,True,3,1,66.60000000003492,2
PV_126,007,PV_126_block_007,PV_126_007_323758_R,323758.0,323991.1,8.42973736807893,73.8325445069677,R,binocular,2,"/Volumes/Data-1/Nimrod/experiments/PV_126/2024_07_18/block_007/oe_files/PV126_Trial16_wake3_2024-07-18_12-49-12/Record Node 102/analysis/Animal=PV_126,recNames=block_007/lizMov.mat",True,False,0,0,16.650000000023283,2
PV_126,007,PV_126_block_007,PV_126_007_324108_L,324107.65,324140.95,7.6338516744358875,171.8887501095807,L,binocular,2,"/Volumes/Data-1/Nimrod/experiments/PV_126/2024_07_18/block_007/oe_files/PV126_Trial16_wake3_2024-07-18_12-49-12/Record Node 102/analysis/Animal=PV_126,recNames=block_007/lizMov.mat",True,True,4,2,49.949999999953434,2
PV_126,007,PV_126_block_007,PV_126_007_325256_L,325256.5,325306.45,20.337457271142675,185.39979522848284,L,binocular,2,"/Volumes/Data-1/Nimrod/experiments/PV_126/2024_07_18/block_007/oe_files/PV126_Trial16_wake3_2024-07-18_12-49-12/Record Node 102/analysis/Animal=PV_126,recNames=block_007/lizMov.mat",True,False,3,0,33.29999999998836,2
PV_126,007,PV_126_block_007,PV_126_007_325290_R,325289.8,325423.0,19.282020044674475,348.33820420417874,R,binocular,2,"/Volumes/Data-1/Nimrod/experiments/PV_126/2024_07_18/block_007/oe_files/PV126_Trial16_wake3_2024-07-18_12-49-12/Record Node 102/analysis/Animal=PV_126,recNames=block_007/lizMov.mat",True,False,1,0,116.54999999998836,2
PV_126,007,PV_126_block_007,PV_126_007_325473_L,325472.95,325506.25,7.903167350060467,131.22475710192197,L,binocular,2,"/Volumes/Data-1/Nimrod/experiments/PV_126/2024_07_18/block_007/oe_files/PV126_Trial16_wake3_2024-07-18_12-49-12/Record Node 102/analysis/Animal=PV_126,recNames=block_007/lizMov.mat",True,True,3,2,33.29999999998836,2
PV_126,007,PV_126_block_007,PV_126_007_326072_R,326072.35,326122.3,21.361201832868716,307.03292920107333,R,binocular,2,"/Volumes/Data-1/Nimrod/experiments/PV_126/2024_07_18/block_007/oe_files/PV126_Trial16_wake3_2024-07-18_12-49-12/Record Node 102/analysis/Animal=PV_126,recNames=block_007/lizMov.mat",True,False,1,0,49.95000000001164,2
PV_126,007,PV_126_block_007,PV_126_007_326122_R,326122.3,326255.5,31.44104781367715,139.59352228036812,R,binocular,2,"/Volumes/Data-1/Nimrod/experiments/PV_126/2024_07_18/block_007/oe_files/PV126_Trial16_wake3_2024-07-18_12-49-12/Record Node 102/analysis/Animal=PV_126,recNames=block_007/lizMov.mat",True,False,0,0,,2
PV_126,007,PV_126_block_007,PV_126_007_326405_L,326405.35,326571.85,9.414534538165574,215.70924915764706,L,binocular,2,"/Volumes/Data-1/Nimrod/experiments/PV_126/2024_07_18/block_007/oe_files/PV126_Trial16_wake3_2024-07-18_12-49-12/Record Node 102/analysis/Animal=PV_126,recNames=block_007/lizMov.mat",True,False,1,0,83.25,2
PV_126,007,PV_126_block_007,PV_126_007_327354_R,327354.4,327470.95,12.028507171804335,28.109138720744287,R,binocular,2,"/Volumes/Data-1/Nimrod/experiments/PV_126/2024_07_18/block_007/oe_files/PV126_Trial16_wake3_2024-07-18_12-49-12/Record Node 102/analysis/Animal=PV_126,recNames=block_007/lizMov.mat",True,False,0,0,,2
PV_126,007,PV_126_block_007,PV_126_007_328703_R,328703.05,328852.9,15.554223355055337,266.4138777252482,R,binocular,2,"/Volumes/Data-1/Nimrod/experiments/PV_126/2024_07_18/block_007/oe_files/PV126_Trial16_wake3_2024-07-18_12-49-12/Record Node 102/analysis/Animal=PV_126,recNames=block_007/lizMov.mat",True,True,3,1,133.20000000001164,2
PV_126,007,PV_126_block_007,PV_126_007_328953_R,328952.8,329019.4,15.398580522124478,113.94823769615898,R,binocular,2,"/Volumes/Data-1/Nimrod/experiments/PV_126/2024_07_18/block_007/oe_files/PV126_Trial16_wake3_2024-07-18_12-49-12/Record Node 102/analysis/Animal=PV_126,recNames=block_007/lizMov.mat",True,False,2,0,49.95000000001164,2
PV_126,007,PV_126_block_007,PV_126_007_329003_R,329002.75,329102.65,8.060813775225764,308.97462050020584,R,binocular,2,"/Volumes/Data-1/Nimrod/experiments/PV_126/2024_07_18/block_007/oe_files/PV126_Trial16_wake3_2024-07-18_12-49-12/Record Node 102/analysis/Animal=PV_126,recNames=block_007/lizMov.mat",True,False,0,0,,2
PV_126,007,PV_126_block_007,PV_126_007_329685_R,329685.4,329885.2,29.641815492806884,346.0284904231907,R,binocular,2,"/Volumes/Data-1/Nimrod/experiments/PV_126/2024_07_18/block_007/oe_files/PV126_Trial16_wake3_2024-07-18_12-49-12/Record Node 102/analysis/Animal=PV_126,recNames=block_007/lizMov.mat",True,False,1,0,83.25,2
PV_126,007,PV_126_block_007,PV_126_007_329935_L,329935.15,330001.75,7.673889405388237,253.767107088608,L,binocular,2,"/Volumes/Data-1/Nimrod/experiments/PV_126/2024_07_18/block_007/oe_files/PV126_Trial16_wake3_2024-07-18_12-49-12/Record Node 102/analysis/Animal=PV_126,recNames=block_007/lizMov.mat",True,True,3,2,49.949999999953434,2
PV_126,007,PV_126_block_007,PV_126_007_330451_R,330451.3,330484.6,10.36715757383639,51.806007790261404,R,binocular,2,"/Volumes/Data-1/Nimrod/experiments/PV_126/2024_07_18/block_007/oe_files/PV126_Trial16_wake3_2024-07-18_12-49-12/Record Node 102/analysis/Animal=PV_126,recNames=block_007/lizMov.mat",True,False,2,0,33.29999999998836,2
PV_126,007,PV_126_block_007,PV_126_007_331084_R,331084.0,331217.2,12.959996002846893,128.57427773878092,R,binocular,2,"/Volumes/Data-1/Nimrod/experiments/PV_126/2024_07_18/block_007/oe_files/PV126_Trial16_wake3_2024-07-18_12-49-12/Record Node 102/analysis/Animal=PV_126,recNames=block_007/lizMov.mat",True,False,1,0,49.95000000001164,2
PV_126,007,PV_126_block_007,PV_126_007_333365_L,333365.05,333464.95,22.15108766345779,38.73540754950735,L,binocular,2,"/Volumes/Data-1/Nimrod/experiments/PV_126/2024_07_18/block_007/oe_files/PV126_Trial16_wake3_2024-07-18_12-49-12/Record Node 102/analysis/Animal=PV_126,recNames=block_007/lizMov.mat",True,True,4,3,49.95000000001164,2
PV_126,007,PV_126_block_007,PV_126_007_333465_R,333464.95,333498.25,13.579101670234845,284.98738848163146,R,binocular,2,"/Volumes/Data-1/Nimrod/experiments/PV_126/2024_07_18/block_007/oe_files/PV126_Trial16_wake3_2024-07-18_12-49-12/Record Node 102/analysis/Animal=PV_126,recNames=block_007/lizMov.mat",True,False,1,0,33.29999999998836,2
PV_126,007,PV_126_block_007,PV_126_007_333498_R,333498.25,333648.1,22.522391995229206,123.5293101875384,R,binocular,2,"/Volumes/Data-1/Nimrod/experiments/PV_126/2024_07_18/block_007/oe_files/PV126_Trial16_wake3_2024-07-18_12-49-12/Record Node 102/analysis/Animal=PV_126,recNames=block_007/lizMov.mat",True,False,0,0,,2
PV_126,007,PV_126_block_007,PV_126_007_333898_L,333897.85,333931.15,14.696205758862515,20.925650135410606,L,binocular,2,"/Volumes/Data-1/Nimrod/experiments/PV_126/2024_07_18/block_007/oe_files/PV126_Trial16_wake3_2024-07-18_12-49-12/Record Node 102/analysis/Animal=PV_126,recNames=block_007/lizMov.mat",True,True,2,1,33.300000000046566,2
PV_126,007,PV_126_block_007,PV_126_007_333931_L,333931.15,334047.7,20.2530556013855,201.718150069507,L,binocular,2,"/Volumes/Data-1/Nimrod/experiments/PV_126/2024_07_18/block_007/oe_files/PV126_Trial16_wake3_2024-07-18_12-49-12/Record Node 102/analysis/Animal=PV_126,recNames=block_007/lizMov.mat",True,False,1,0,116.54999999998836,2
PV_126,007,PV_126_block_007,PV_126_007_334248_L,334247.5,334380.7,14.806661931033847,198.12169581656062,L,binocular,2,"/Volumes/Data-1/Nimrod/experiments/PV_126/2024_07_18/block_007/oe_files/PV126_Trial16_wake3_2024-07-18_12-49-12/Record Node 102/analysis/Animal=PV_126,recNames=block_007/lizMov.mat",True,False,2,0,49.95000000001164,2
PV_126,007,PV_126_block_007,PV_126_007_334381_L,334380.7,334430.65,13.549025149731655,208.00045891903235,L,binocular,2,"/Volumes/Data-1/Nimrod/experiments/PV_126/2024_07_18/block_007/oe_files/PV126_Trial16_wake3_2024-07-18_12-49-12/Record Node 102/analysis/Animal=PV_126,recNames=block_007/lizMov.mat",True,True,2,1,33.29999999998836,2
PV_126,007,PV_126_block_007,PV_126_007_334797_R,334796.95,334880.2,10.515323777830572,110.4561984153329,R,binocular,2,"/Volumes/Data-1/Nimrod/experiments/PV_126/2024_07_18/block_007/oe_files/PV126_Trial16_wake3_2024-07-18_12-49-12/Record Node 102/analysis/Animal=PV_126,recNames=block_007/lizMov.mat",True,True,3,1,49.95000000001164,2
PV_126,007,PV_126_block_007,PV_126_007_335013_R,335013.4,335096.65,8.341883043787568,128.3989688860774,R,binocular,2,"/Volumes/Data-1/Nimrod/experiments/PV_126/2024_07_18/block_007/oe_files/PV126_Trial16_wake3_2024-07-18_12-49-12/Record Node 102/analysis/Animal=PV_126,recNames=block_007/lizMov.mat",True,False,1,0,83.25,2
PV_126,007,PV_126_block_007,PV_126_007_335679_R,335679.4,335845.9,21.214215607045478,93.24276902042514,R,binocular,2,"/Volumes/Data-1/Nimrod/experiments/PV_126/2024_07_18/block_007/oe_files/PV126_Trial16_wake3_2024-07-18_12-49-12/Record Node 102/analysis/Animal=PV_126,recNames=block_007/lizMov.mat",True,False,1,0,33.29999999998836,2
PV_126,007,PV_126_block_007,PV_126_007_336012_R,336012.4,336079.0,7.076123006786848,106.3869233914062,R,binocular,2,"/Volumes/Data-1/Nimrod/experiments/PV_126/2024_07_18/block_007/oe_files/PV126_Trial16_wake3_2024-07-18_12-49-12/Record Node 102/analysis/Animal=PV_126,recNames=block_007/lizMov.mat",True,True,3,1,16.649999999965075,2
PV_126,007,PV_126_block_007,PV_126_007_336712_L,336711.7,336828.25,12.937429272983042,82.71384119284669,L,binocular,2,"/Volumes/Data-1/Nimrod/experiments/PV_126/2024_07_18/block_007/oe_files/PV126_Trial16_wake3_2024-07-18_12-49-12/Record Node 102/analysis/Animal=PV_126,recNames=block_007/lizMov.mat",True,True,2,1,33.29999999998836,2
PV_126,007,PV_126_block_007,PV_126_007_337045_L,337044.7,337078.0,14.333823000090277,232.34841992914224,L,binocular,2,"/Volumes/Data-1/Nimrod/experiments/PV_126/2024_07_18/block_007/oe_files/PV126_Trial16_wake3_2024-07-18_12-49-12/Record Node 102/analysis/Animal=PV_126,recNames=block_007/lizMov.mat",True,True,4,1,16.649999999965075,2
PV_126,007,PV_126_block_007,PV_126_007_337061_L,337061.35,337211.2,20.022341131752082,28.232913278808535,L,binocular,2,"/Volumes/Data-1/Nimrod/experiments/PV_126/2024_07_18/block_007/oe_files/PV126_Trial16_wake3_2024-07-18_12-49-12/Record Node 102/analysis/Animal=PV_126,recNames=block_007/lizMov.mat",True,True,4,2,33.300000000046566,2
PV_126,007,PV_126_block_007,PV_126_007_337211_R,337211.2,337261.15,8.580046500385295,57.6750280928382,R,binocular,2,"/Volumes/Data-1/Nimrod/experiments/PV_126/2024_07_18/block_007/oe_files/PV126_Trial16_wake3_2024-07-18_12-49-12/Record Node 102/analysis/Animal=PV_126,recNames=block_007/lizMov.mat",True,False,3,0,33.29999999998836,2
PV_126,007,PV_126_block_007,PV_126_007_337244_R,337244.5,337361.05,9.312570338135354,231.67535124534874,R,binocular,2,"/Volumes/Data-1/Nimrod/experiments/PV_126/2024_07_18/block_007/oe_files/PV126_Trial16_wake3_2024-07-18_12-49-12/Record Node 102/analysis/Animal=PV_126,recNames=block_007/lizMov.mat",True,True,3,1,33.29999999998836,2
PV_126,007,PV_126_block_007,PV_126_007_338593_R,338593.15,338693.05,8.57416958752351,92.62746601311603,R,binocular,2,"/Volumes/Data-1/Nimrod/experiments/PV_126/2024_07_18/block_007/oe_files/PV126_Trial16_wake3_2024-07-18_12-49-12/Record Node 102/analysis/Animal=PV_126,recNames=block_007/lizMov.mat",True,False,1,0,33.29999999998836,2
PV_126,007,PV_126_block_007,PV_126_007_339426_L,339425.65,339492.25,11.771533977775134,45.28919880222135,L,binocular,2,"/Volumes/Data-1/Nimrod/experiments/PV_126/2024_07_18/block_007/oe_files/PV126_Trial16_wake3_2024-07-18_12-49-12/Record Node 102/analysis/Animal=PV_126,recNames=block_007/lizMov.mat",True,False,1,0,66.59999999997672,2
PV_126,007,PV_126_block_007,PV_126_007_339492_R,339492.25,339558.85,19.390320015926516,101.57896311367884,R,binocular,2,"/Volumes/Data-1/Nimrod/experiments/PV_126/2024_07_18/block_007/oe_files/PV126_Trial16_wake3_2024-07-18_12-49-12/Record Node 102/analysis/Animal=PV_126,recNames=block_007/lizMov.mat",True,False,0,0,,2
PV_126,007,PV_126_block_007,PV_126_007_339709_L,339708.7,339791.95,7.998653532589818,38.53665183026058,L,binocular,2,"/Volumes/Data-1/Nimrod/experiments/PV_126/2024_07_18/block_007/oe_files/PV126_Trial16_wake3_2024-07-18_12-49-12/Record Node 102/analysis/Animal=PV_126,recNames=block_007/lizMov.mat",True,False,1,0,33.29999999998836,2
PV_126,007,PV_126_block_007,PV_126_007_340525_R,340524.55,340591.15,27.319252583440733,132.09587908385367,R,binocular,2,"/Volumes/Data-1/Nimrod/experiments/PV_126/2024_07_18/block_007/oe_files/PV126_Trial16_wake3_2024-07-18_12-49-12/Record Node 102/analysis/Animal=PV_126,recNames=block_007/lizMov.mat",True,True,2,1,49.95000000001164,2
PV_126,007,PV_126_block_007,PV_126_007_340574_R,340574.5,340674.4,17.921130415403017,312.98236460116345,R,binocular,2,"/Volumes/Data-1/Nimrod/experiments/PV_126/2024_07_18/block_007/oe_files/PV126_Trial16_wake3_2024-07-18_12-49-12/Record Node 102/analysis/Animal=PV_126,recNames=block_007/lizMov.mat",True,False,0,0,,2
PV_126,007,PV_126_block_007,PV_126_007_342423_R,342422.65,342489.25,18.867504115556347,108.9579903427634,R,binocular,2,"/Volumes/Data-1/Nimrod/experiments/PV_126/2024_07_18/block_007/oe_files/PV126_Trial16_wake3_2024-07-18_12-49-12/Record Node 102/analysis/Animal=PV_126,recNames=block_007/lizMov.mat",True,False,2,0,83.25,2
PV_126,007,PV_126_block_007,PV_126_007_342506_R,342505.9,342605.8,8.098678641769235,324.6309248475684,R,binocular,2,"/Volumes/Data-1/Nimrod/experiments/PV_126/2024_07_18/block_007/oe_files/PV126_Trial16_wake3_2024-07-18_12-49-12/Record Node 102/analysis/Animal=PV_126,recNames=block_007/lizMov.mat",True,True,3,1,116.54999999998836,2
PV_126,007,PV_126_block_007,PV_126_007_342656_R,342655.75,342755.65,7.007902163104069,321.13635246673044,R,binocular,2,"/Volumes/Data-1/Nimrod/experiments/PV_126/2024_07_18/block_007/oe_files/PV126_Trial16_wake3_2024-07-18_12-49-12/Record Node 102/analysis/Animal=PV_126,recNames=block_007/lizMov.mat",True,False,0,0,,2
PV_126,007,PV_126_block_007,PV_126_007_351647_L,351646.75,351713.35,9.876988383944349,277.36634881163775,L,binocular,2,"/Volumes/Data-1/Nimrod/experiments/PV_126/2024_07_18/block_007/oe_files/PV126_Trial16_wake3_2024-07-18_12-49-12/Record Node 102/analysis/Animal=PV_126,recNames=block_007/lizMov.mat",True,False,0,0,,2
PV_126,007,PV_126_block_007,PV_126_007_355859_R,355859.2,355942.45,21.774957174350998,290.80109221744533,R,binocular,2,"/Volumes/Data-1/Nimrod/experiments/PV_126/2024_07_18/block_007/oe_files/PV126_Trial16_wake3_2024-07-18_12-49-12/Record Node 102/analysis/Animal=PV_126,recNames=block_007/lizMov.mat",True,False,2,0,99.89999999996508,2
PV_126,007,PV_126_block_007,PV_126_007_356076_L,356075.65,356142.25,9.399947888983565,47.78046863501495,L,binocular,2,"/Volumes/Data-1/Nimrod/experiments/PV_126/2024_07_18/block_007/oe_files/PV126_Trial16_wake3_2024-07-18_12-49-12/Record Node 102/analysis/Animal=PV_126,recNames=block_007/lizMov.mat",True,True,5,1,66.59999999997672,2
PV_126,007,PV_126_block_007,PV_126_007_356209_L,356208.85,356325.4,8.849215307099193,208.4983418944863,L,binocular,2,"/Volumes/Data-1/Nimrod/experiments/PV_126/2024_07_18/block_007/oe_files/PV126_Trial16_wake3_2024-07-18_12-49-12/Record Node 102/analysis/Animal=PV_126,recNames=block_007/lizMov.mat",True,False,1,0,116.55000000004657,2
PV_126,007,PV_126_block_007,PV_126_007_356325_L,356325.4,356375.35,11.637984041189682,47.05173245806026,L,binocular,2,"/Volumes/Data-1/Nimrod/experiments/PV_126/2024_07_18/block_007/oe_files/PV126_Trial16_wake3_2024-07-18_12-49-12/Record Node 102/analysis/Animal=PV_126,recNames=block_007/lizMov.mat",True,False,2,0,49.949999999953434,2
PV_126,007,PV_126_block_007,PV_126_007_358407_L,358406.65,358456.6,7.271042103211399,172.62926071864098,L,binocular,2,"/Volumes/Data-1/Nimrod/experiments/PV_126/2024_07_18/block_007/oe_files/PV126_Trial16_wake3_2024-07-18_12-49-12/Record Node 102/analysis/Animal=PV_126,recNames=block_007/lizMov.mat",True,False,0,0,,2
PV_126,007,PV_126_block_007,PV_126_007_360038_L,360038.35,360104.95,22.57722711849495,212.44798071377704,L,binocular,2,"/Volumes/Data-1/Nimrod/experiments/PV_126/2024_07_18/block_007/oe_files/PV126_Trial16_wake3_2024-07-18_12-49-12/Record Node 102/analysis/Animal=PV_126,recNames=block_007/lizMov.mat",True,True,5,2,49.95000000001164,2
PV_126,007,PV_126_block_007,PV_126_007_360088_R,360088.3,360154.9,7.569611677850176,343.36437424504044,R,binocular,2,"/Volumes/Data-1/Nimrod/experiments/PV_126/2024_07_18/block_007/oe_files/PV126_Trial16_wake3_2024-07-18_12-49-12/Record Node 102/analysis/Animal=PV_126,recNames=block_007/lizMov.mat",True,True,3,1,66.60000000003492,2
PV_126,007,PV_126_block_007,PV_126_007_360155_R,360154.9,360338.05,19.086063755807277,323.5789197709088,R,binocular,2,"/Volumes/Data-1/Nimrod/experiments/PV_126/2024_07_18/block_007/oe_files/PV126_Trial16_wake3_2024-07-18_12-49-12/Record Node 102/analysis/Animal=PV_126,recNames=block_007/lizMov.mat",True,False,3,0,16.649999999965075,2
PV_126,007,PV_126_block_007,PV_126_007_360638_R,360637.75,360721.0,10.235624850626541,172.28509346883075,R,binocular,2,"/Volumes/Data-1/Nimrod/experiments/PV_126/2024_07_18/block_007/oe_files/PV126_Trial16_wake3_2024-07-18_12-49-12/Record Node 102/analysis/Animal=PV_126,recNames=block_007/lizMov.mat",True,False,1,0,16.650000000023283,2
PV_126,007,PV_126_block_007,PV_126_007_360921_R,360920.8,361004.05,9.344492003164275,114.98683729953908,R,binocular,2,"/Volumes/Data-1/Nimrod/experiments/PV_126/2024_07_18/block_007/oe_files/PV126_Trial16_wake3_2024-07-18_12-49-12/Record Node 102/analysis/Animal=PV_126,recNames=block_007/lizMov.mat",True,True,3,1,16.650000000023283,2
PV_126,007,PV_126_block_007,PV_126_007_361220_R,361220.5,361287.1,30.674781415995362,127.85873082453855,R,binocular,2,"/Volumes/Data-1/Nimrod/experiments/PV_126/2024_07_18/block_007/oe_files/PV126_Trial16_wake3_2024-07-18_12-49-12/Record Node 102/analysis/Animal=PV_126,recNames=block_007/lizMov.mat",True,False,2,0,66.59999999997672,2
PV_126,007,PV_126_block_007,PV_126_007_361287_R,361287.1,361436.95,27.72226817437545,320.1186641469373,R,binocular,2,"/Volumes/Data-1/Nimrod/experiments/PV_126/2024_07_18/block_007/oe_files/PV126_Trial16_wake3_2024-07-18_12-49-12/Record Node 102/analysis/Animal=PV_126,recNames=block_007/lizMov.mat",True,True,2,1,149.85000000003492,2
PV_126,007,PV_126_block_007,PV_126_007_361437_R,361436.95,361486.9,16.72193253458646,111.8418619264646,R,binocular,2,"/Volumes/Data-1/Nimrod/experiments/PV_126/2024_07_18/block_007/oe_files/PV126_Trial16_wake3_2024-07-18_12-49-12/Record Node 102/analysis/Animal=PV_126,recNames=block_007/lizMov.mat",True,True,5,3,33.29999999998836,2
PV_126,007,PV_126_block_007,PV_126_007_361470_R,361470.25,361536.85,11.328268052208188,285.12119111039584,R,binocular,2,"/Volumes/Data-1/Nimrod/experiments/PV_126/2024_07_18/block_007/oe_files/PV126_Trial16_wake3_2024-07-18_12-49-12/Record Node 102/analysis/Animal=PV_126,recNames=block_007/lizMov.mat",True,True,3,1,49.95000000001164,2
PV_126,007,PV_126_block_007,PV_126_007_361720_L,361720.0,361769.95,16.541968034005567,251.34391619154823,L,binocular,2,"/Volumes/Data-1/Nimrod/experiments/PV_126/2024_07_18/block_007/oe_files/PV126_Trial16_wake3_2024-07-18_12-49-12/Record Node 102/analysis/Animal=PV_126,recNames=block_007/lizMov.mat",True,True,6,4,49.95000000001164,2
PV_126,007,PV_126_block_007,PV_126_007_361770_L,361769.95,361836.55,9.131727733177765,41.86119132436537,L,binocular,2,"/Volumes/Data-1/Nimrod/experiments/PV_126/2024_07_18/block_007/oe_files/PV126_Trial16_wake3_2024-07-18_12-49-12/Record Node 102/analysis/Animal=PV_126,recNames=block_007/lizMov.mat",True,True,4,2,49.95000000001164,2
PV_126,007,PV_126_block_007,PV_126_007_362186_R,362186.2,362252.8,7.745831733221439,114.11830974509222,R,binocular,2,"/Volumes/Data-1/Nimrod/experiments/PV_126/2024_07_18/block_007/oe_files/PV126_Trial16_wake3_2024-07-18_12-49-12/Record Node 102/analysis/Animal=PV_126,recNames=block_007/lizMov.mat",True,True,2,1,33.29999999998836,2
PV_126,007,PV_126_block_007,PV_126_007_368746_R,368746.3,368829.55,9.25080859102972,56.96356333491124,R,binocular,2,"/Volumes/Data-1/Nimrod/experiments/PV_126/2024_07_18/block_007/oe_files/PV126_Trial16_wake3_2024-07-18_12-49-12/Record Node 102/analysis/Animal=PV_126,recNames=block_007/lizMov.mat",True,False,0,0,,2
PV_126,007,PV_126_block_007,PV_126_007_376788_R,376788.25,376854.85,21.92861930964672,307.9692484690196,R,binocular,2,"/Volumes/Data-1/Nimrod/experiments/PV_126/2024_07_18/block_007/oe_files/PV126_Trial16_wake3_2024-07-18_12-49-12/Record Node 102/analysis/Animal=PV_126,recNames=block_007/lizMov.mat",True,False,2,0,66.59999999997672,2
PV_126,007,PV_126_block_007,PV_126_007_378470_R,378469.9,378536.5,15.932468677165181,353.2685983011919,R,binocular,2,"/Volumes/Data-1/Nimrod/experiments/PV_126/2024_07_18/block_007/oe_files/PV126_Trial16_wake3_2024-07-18_12-49-12/Record Node 102/analysis/Animal=PV_126,recNames=block_007/lizMov.mat",True,False,2,0,66.59999999997672,2
PV_126,007,PV_126_block_007,PV_126_007_379669_L,379668.7,379768.6,10.724470552177864,64.80905612730082,L,binocular,2,"/Volumes/Data-1/Nimrod/experiments/PV_126/2024_07_18/block_007/oe_files/PV126_Trial16_wake3_2024-07-18_12-49-12/Record Node 102/analysis/Animal=PV_126,recNames=block_007/lizMov.mat",True,False,2,0,83.25,2
PV_126,007,PV_126_block_007,PV_126_007_379819_L,379818.55,379951.75,21.340388733879,193.1828260573773,L,binocular,2,"/Volumes/Data-1/Nimrod/experiments/PV_126/2024_07_18/block_007/oe_files/PV126_Trial16_wake3_2024-07-18_12-49-12/Record Node 102/analysis/Animal=PV_126,recNames=block_007/lizMov.mat",True,False,1,0,33.29999999998836,2
PV_126,007,PV_126_block_007,PV_126_007_380601_L,380601.1,380651.05,7.44034078596209,33.03836951555325,L,binocular,2,"/Volumes/Data-1/Nimrod/experiments/PV_126/2024_07_18/block_007/oe_files/PV126_Trial16_wake3_2024-07-18_12-49-12/Record Node 102/analysis/Animal=PV_126,recNames=block_007/lizMov.mat",True,False,2,0,33.300000000046566,2
PV_126,007,PV_126_block_007,PV_126_007_381534_R,381533.5,381783.25,22.648780358120547,255.49003936564276,R,binocular,2,"/Volumes/Data-1/Nimrod/experiments/PV_126/2024_07_18/block_007/oe_files/PV126_Trial16_wake3_2024-07-18_12-49-12/Record Node 102/analysis/Animal=PV_126,recNames=block_007/lizMov.mat",True,False,2,0,66.59999999997672,2
PV_126,007,PV_126_block_007,PV_126_007_381783_R,381783.25,381833.2,7.838594229424036,317.8686967517647,R,binocular,2,"/Volumes/Data-1/Nimrod/experiments/PV_126/2024_07_18/block_007/oe_files/PV126_Trial16_wake3_2024-07-18_12-49-12/Record Node 102/analysis/Animal=PV_126,recNames=block_007/lizMov.mat",True,False,0,0,83.25,2
PV_126,007,PV_126_block_007,PV_126_007_382399_R,382399.3,382532.5,10.503219784664992,192.78116065367993,R,binocular,2,"/Volumes/Data-1/Nimrod/experiments/PV_126/2024_07_18/block_007/oe_files/PV126_Trial16_wake3_2024-07-18_12-49-12/Record Node 102/analysis/Animal=PV_126,recNames=block_007/lizMov.mat",True,False,2,0,16.650000000023283,2
PV_126,007,PV_126_block_007,PV_126_007_382532_R,382532.5,382665.7,13.668504655588634,83.49291073998631,R,binocular,2,"/Volumes/Data-1/Nimrod/experiments/PV_126/2024_07_18/block_007/oe_files/PV126_Trial16_wake3_2024-07-18_12-49-12/Record Node 102/analysis/Animal=PV_126,recNames=block_007/lizMov.mat",True,False,1,0,49.95000000001164,2
PV_126,007,PV_126_block_007,PV_126_007_382699_L,382699.0,382815.55,9.343543430184978,5.27052210482854,L,binocular,2,"/Volumes/Data-1/Nimrod/experiments/PV_126/2024_07_18/block_007/oe_files/PV126_Trial16_wake3_2024-07-18_12-49-12/Record Node 102/analysis/Animal=PV_126,recNames=block_007/lizMov.mat",True,True,3,1,16.650000000023283,2
PV_126,007,PV_126_block_007,PV_126_007_382882_R,382882.15,382998.7,12.662983799421218,57.47447788481058,R,binocular,2,"/Volumes/Data-1/Nimrod/experiments/PV_126/2024_07_18/block_007/oe_files/PV126_Trial16_wake3_2024-07-18_12-49-12/Record Node 102/analysis/Animal=PV_126,recNames=block_007/lizMov.mat",True,False,1,0,83.25,2
PV_126,007,PV_126_block_007,PV_126_007_383365_L,383365.0,383414.95,7.7685828532767,162.62190983885205,L,binocular,2,"/Volumes/Data-1/Nimrod/experiments/PV_126/2024_07_18/block_007/oe_files/PV126_Trial16_wake3_2024-07-18_12-49-12/Record Node 102/analysis/Animal=PV_126,recNames=block_007/lizMov.mat",True,False,1,0,49.95000000001164,2
PV_126,007,PV_126_block_007,PV_126_007_383648_R,383648.05,383714.65,15.97088399119354,204.74011955312855,R,binocular,2,"/Volumes/Data-1/Nimrod/experiments/PV_126/2024_07_18/block_007/oe_files/PV126_Trial16_wake3_2024-07-18_12-49-12/Record Node 102/analysis/Animal=PV_126,recNames=block_007/lizMov.mat",True,False,2,0,66.60000000003492,2
PV_126,007,PV_126_block_007,PV_126_007_383715_R,383714.65,383781.25,9.564751579903133,10.201574613401286,R,binocular,2,"/Volumes/Data-1/Nimrod/experiments/PV_126/2024_07_18/block_007/oe_files/PV126_Trial16_wake3_2024-07-18_12-49-12/Record Node 102/analysis/Animal=PV_126,recNames=block_007/lizMov.mat",True,False,1,0,133.19999999995343,2
PV_126,007,PV_126_block_007,PV_126_007_383848_R,383847.85,383881.15,10.780196834321519,12.195184877539303,R,binocular,2,"/Volumes/Data-1/Nimrod/experiments/PV_126/2024_07_18/block_007/oe_files/PV126_Trial16_wake3_2024-07-18_12-49-12/Record Node 102/analysis/Animal=PV_126,recNames=block_007/lizMov.mat",True,False,2,0,33.300000000046566,2
PV_126,007,PV_126_block_007,PV_126_007_384997_L,384996.7,385063.3,9.432198393866631,334.6362984555192,L,binocular,2,"/Volumes/Data-1/Nimrod/experiments/PV_126/2024_07_18/block_007/oe_files/PV126_Trial16_wake3_2024-07-18_12-49-12/Record Node 102/analysis/Animal=PV_126,recNames=block_007/lizMov.mat",True,False,1,0,49.95000000001164,2
PV_126,007,PV_126_block_007,PV_126_007_385263_R,385263.1,385346.35,13.632418868822446,317.73059272368965,R,binocular,2,"/Volumes/Data-1/Nimrod/experiments/PV_126/2024_07_18/block_007/oe_files/PV126_Trial16_wake3_2024-07-18_12-49-12/Record Node 102/analysis/Animal=PV_126,recNames=block_007/lizMov.mat",True,False,1,0,49.95000000001164,2
PV_126,007,PV_126_block_007,PV_126_007_387711_L,387710.65,387793.9,10.372591799989744,232.68768961445124,L,binocular,2,"/Volumes/Data-1/Nimrod/experiments/PV_126/2024_07_18/block_007/oe_files/PV126_Trial16_wake3_2024-07-18_12-49-12/Record Node 102/analysis/Animal=PV_126,recNames=block_007/lizMov.mat",True,True,3,1,49.949999999953434,2
PV_126,007,PV_126_block_007,PV_126_007_390192_R,390191.5,390274.75,13.894987882360796,195.36694488963727,R,binocular,2,"/Volumes/Data-1/Nimrod/experiments/PV_126/2024_07_18/block_007/oe_files/PV126_Trial16_wake3_2024-07-18_12-49-12/Record Node 102/analysis/Animal=PV_126,recNames=block_007/lizMov.mat",True,False,1,0,99.90000000002328,2
PV_126,007,PV_126_block_007,PV_126_007_394404_L,394403.95,394520.5,16.256435308761457,193.5348910549347,L,binocular,2,"/Volumes/Data-1/Nimrod/experiments/PV_126/2024_07_18/block_007/oe_files/PV126_Trial16_wake3_2024-07-18_12-49-12/Record Node 102/analysis/Animal=PV_126,recNames=block_007/lizMov.mat",True,False,1,0,49.95000000001164,2
PV_126,007,PV_126_block_007,PV_126_007_397917_R,397917.1,398050.3,28.454160010335638,38.082731188715655,R,binocular,2,"/Volumes/Data-1/Nimrod/experiments/PV_126/2024_07_18/block_007/oe_files/PV126_Trial16_wake3_2024-07-18_12-49-12/Record Node 102/analysis/Animal=PV_126,recNames=block_007/lizMov.mat",True,False,0,0,,2
PV_126,007,PV_126_block_007,PV_126_007_404544_R,404543.8,404677.0,37.611246391170866,265.05912417514503,R,binocular,2,"/Volumes/Data-1/Nimrod/experiments/PV_126/2024_07_18/block_007/oe_files/PV126_Trial16_wake3_2024-07-18_12-49-12/Record Node 102/analysis/Animal=PV_126,recNames=block_007/lizMov.mat",True,False,2,0,66.60000000003492,2
PV_126,007,PV_126_block_007,PV_126_007_410088_R,410088.25,410188.15,10.199350658684377,95.27525358130333,R,binocular,2,"/Volumes/Data-1/Nimrod/experiments/PV_126/2024_07_18/block_007/oe_files/PV126_Trial16_wake3_2024-07-18_12-49-12/Record Node 102/analysis/Animal=PV_126,recNames=block_007/lizMov.mat",True,False,0,0,,2
PV_126,007,PV_126_block_007,PV_126_007_411620_L,411620.05,411686.65,8.573190988681628,208.28541948072493,L,binocular,2,"/Volumes/Data-1/Nimrod/experiments/PV_126/2024_07_18/block_007/oe_files/PV126_Trial16_wake3_2024-07-18_12-49-12/Record Node 102/analysis/Animal=PV_126,recNames=block_007/lizMov.mat",True,True,2,1,83.25,2
PV_126,007,PV_126_block_007,PV_126_007_416798_L,416798.2,416948.05,9.955065621402444,285.0415599756913,L,binocular,2,"/Volumes/Data-1/Nimrod/experiments/PV_126/2024_07_18/block_007/oe_files/PV126_Trial16_wake3_2024-07-18_12-49-12/Record Node 102/analysis/Animal=PV_126,recNames=block_007/lizMov.mat",True,True,2,1,33.29999999998836,2
PV_126,007,PV_126_block_007,PV_126_007_416948_R,416948.05,417047.95,14.297552267370692,289.56464390679434,R,binocular,2,"/Volumes/Data-1/Nimrod/experiments/PV_126/2024_07_18/block_007/oe_files/PV126_Trial16_wake3_2024-07-18_12-49-12/Record Node 102/analysis/Animal=PV_126,recNames=block_007/lizMov.mat",True,True,4,2,16.650000000023283,2
PV_126,007,PV_126_block_007,PV_126_007_418064_L,418063.6,418113.55,11.669102075058573,218.8318133199021,L,binocular,2,"/Volumes/Data-1/Nimrod/experiments/PV_126/2024_07_18/block_007/oe_files/PV126_Trial16_wake3_2024-07-18_12-49-12/Record Node 102/analysis/Animal=PV_126,recNames=block_007/lizMov.mat",True,False,2,0,33.300000000046566,2
PV_126,007,PV_126_block_007,PV_126_007_419629_R,419628.7,419678.65,14.191993879475572,108.60336792583794,R,binocular,2,"/Volumes/Data-1/Nimrod/experiments/PV_126/2024_07_18/block_007/oe_files/PV126_Trial16_wake3_2024-07-18_12-49-12/Record Node 102/analysis/Animal=PV_126,recNames=block_007/lizMov.mat",True,True,2,1,49.95000000001164,2
PV_126,007,PV_126_block_007,PV_126_007_421044_R,421043.95,421110.55,16.340565546470298,104.79895133770015,R,binocular,2,"/Volumes/Data-1/Nimrod/experiments/PV_126/2024_07_18/block_007/oe_files/PV126_Trial16_wake3_2024-07-18_12-49-12/Record Node 102/analysis/Animal=PV_126,recNames=block_007/lizMov.mat",True,True,2,1,16.649999999965075,2
PV_126,007,PV_126_block_007,PV_126_007_424274_R,424274.05,424423.9,13.043977913787565,357.96975357046614,R,binocular,2,"/Volumes/Data-1/Nimrod/experiments/PV_126/2024_07_18/block_007/oe_files/PV126_Trial16_wake3_2024-07-18_12-49-12/Record Node 102/analysis/Animal=PV_126,recNames=block_007/lizMov.mat",True,False,1,0,149.85000000003492,2
PV_126,007,PV_126_block_007,PV_126_007_427687_L,427687.3,427787.2,18.635355311011295,359.3949383152747,L,binocular,2,"/Volumes/Data-1/Nimrod/experiments/PV_126/2024_07_18/block_007/oe_files/PV126_Trial16_wake3_2024-07-18_12-49-12/Record Node 102/analysis/Animal=PV_126,recNames=block_007/lizMov.mat",True,True,3,1,83.25,2
PV_126,007,PV_126_block_007,PV_126_007_427804_L,427803.85,427903.75,8.843276107060234,166.4769560730061,L,binocular,2,"/Volumes/Data-1/Nimrod/experiments/PV_126/2024_07_18/block_007/oe_files/PV126_Trial16_wake3_2024-07-18_12-49-12/Record Node 102/analysis/Animal=PV_126,recNames=block_007/lizMov.mat",True,False,1,0,133.20000000001164,2
PV_126,007,PV_126_block_007,PV_126_007_430268_R,430268.05,430318.0,14.831354001664662,357.9055655774245,R,binocular,2,"/Volumes/Data-1/Nimrod/experiments/PV_126/2024_07_18/block_007/oe_files/PV126_Trial16_wake3_2024-07-18_12-49-12/Record Node 102/analysis/Animal=PV_126,recNames=block_007/lizMov.mat",True,False,3,0,49.95000000001164,2
PV_126,007,PV_126_block_007,PV_126_007_430318_R,430318.0,430417.9,10.690609218526275,184.92476776630076,R,binocular,2,"/Volumes/Data-1/Nimrod/experiments/PV_126/2024_07_18/block_007/oe_files/PV126_Trial16_wake3_2024-07-18_12-49-12/Record Node 102/analysis/Animal=PV_126,recNames=block_007/lizMov.mat",True,False,1,0,33.29999999998836,2
PV_126,007,PV_126_block_007,PV_126_007_430801_R,430800.85,430834.15,15.995968996185379,160.72295251771655,R,binocular,2,"/Volumes/Data-1/Nimrod/experiments/PV_126/2024_07_18/block_007/oe_files/PV126_Trial16_wake3_2024-07-18_12-49-12/Record Node 102/analysis/Animal=PV_126,recNames=block_007/lizMov.mat",True,False,3,0,33.300000000046566,2
PV_126,007,PV_126_block_007,PV_126_007_430834_R,430834.15,430917.4,7.290758747995152,4.498106942343716,R,binocular,2,"/Volumes/Data-1/Nimrod/experiments/PV_126/2024_07_18/block_007/oe_files/PV126_Trial16_wake3_2024-07-18_12-49-12/Record Node 102/analysis/Animal=PV_126,recNames=block_007/lizMov.mat",True,False,1,0,33.29999999998836,2
PV_126,007,PV_126_block_007,PV_126_007_431051_L,431050.6,431083.9,21.557022462219518,195.10595451958807,L,binocular,2,"/Volumes/Data-1/Nimrod/experiments/PV_126/2024_07_18/block_007/oe_files/PV126_Trial16_wake3_2024-07-18_12-49-12/Record Node 102/analysis/Animal=PV_126,recNames=block_007/lizMov.mat",True,False,1,0,33.300000000046566,2
PV_126,007,PV_126_block_007,PV_126_007_431084_L,431083.9,431200.45,22.60189574063618,354.7434186110807,L,binocular,2,"/Volumes/Data-1/Nimrod/experiments/PV_126/2024_07_18/block_007/oe_files/PV126_Trial16_wake3_2024-07-18_12-49-12/Record Node 102/analysis/Animal=PV_126,recNames=block_007/lizMov.mat",True,False,1,0,133.19999999995343,2
PV_126,007,PV_126_block_007,PV_126_007_431500_R,431500.15,431533.45,11.428823715011326,22.910360102352822,R,binocular,2,"/Volumes/Data-1/Nimrod/experiments/PV_126/2024_07_18/block_007/oe_files/PV126_Trial16_wake3_2024-07-18_12-49-12/Record Node 102/analysis/Animal=PV_126,recNames=block_007/lizMov.mat",True,False,2,0,33.29999999998836,2
PV_126,007,PV_126_block_007,PV_126_007_431533_L,431533.45,431633.35,7.8197039236100885,153.50884052541286,L,binocular,2,"/Volumes/Data-1/Nimrod/experiments/PV_126/2024_07_18/block_007/oe_files/PV126_Trial16_wake3_2024-07-18_12-49-12/Record Node 102/analysis/Animal=PV_126,recNames=block_007/lizMov.mat",True,False,0,0,,2
PV_126,007,PV_126_block_007,PV_126_007_431966_R,431966.35,431999.65,17.276211928965207,10.685845670931855,R,binocular,2,"/Volumes/Data-1/Nimrod/experiments/PV_126/2024_07_18/block_007/oe_files/PV126_Trial16_wake3_2024-07-18_12-49-12/Record Node 102/analysis/Animal=PV_126,recNames=block_007/lizMov.mat",True,False,2,0,33.300000000046566,2
PV_126,007,PV_126_block_007,PV_126_007_432000_R,431999.65,432116.2,18.020492398567043,208.58296159947093,R,binocular,2,"/Volumes/Data-1/Nimrod/experiments/PV_126/2024_07_18/block_007/oe_files/PV126_Trial16_wake3_2024-07-18_12-49-12/Record Node 102/analysis/Animal=PV_126,recNames=block_007/lizMov.mat",True,False,1,0,66.59999999997672,2
PV_126,007,PV_126_block_007,PV_126_007_432166_R,432166.15,432232.75,18.665966180037167,328.52991612770643,R,binocular,2,"/Volumes/Data-1/Nimrod/experiments/PV_126/2024_07_18/block_007/oe_files/PV126_Trial16_wake3_2024-07-18_12-49-12/Record Node 102/analysis/Animal=PV_126,recNames=block_007/lizMov.mat",True,True,3,1,33.29999999998836,2
PV_126,007,PV_126_block_007,PV_126_007_432233_R,432232.75,432332.65,7.772358726989805,134.9048824770221,R,binocular,2,"/Volumes/Data-1/Nimrod/experiments/PV_126/2024_07_18/block_007/oe_files/PV126_Trial16_wake3_2024-07-18_12-49-12/Record Node 102/analysis/Animal=PV_126,recNames=block_007/lizMov.mat",True,False,0,0,,2
PV_126,007,PV_126_block_007,PV_126_007_433498_R,433498.15,433664.65,22.380656129096163,156.24559658266713,R,binocular,2,"/Volumes/Data-1/Nimrod/experiments/PV_126/2024_07_18/block_007/oe_files/PV126_Trial16_wake3_2024-07-18_12-49-12/Record Node 102/analysis/Animal=PV_126,recNames=block_007/lizMov.mat",True,False,0,0,,2
PV_126,007,PV_126_block_007,PV_126_007_433948_L,433947.7,433981.0,10.366929106885799,8.227155878414015,L,binocular,2,"/Volumes/Data-1/Nimrod/experiments/PV_126/2024_07_18/block_007/oe_files/PV126_Trial16_wake3_2024-07-18_12-49-12/Record Node 102/analysis/Animal=PV_126,recNames=block_007/lizMov.mat",True,False,1,0,16.649999999965075,2
PV_126,007,PV_126_block_007,PV_126_007_433964_R,433964.35,434164.15,15.776980880234948,157.36616942808587,R,binocular,2,"/Volumes/Data-1/Nimrod/experiments/PV_126/2024_07_18/block_007/oe_files/PV126_Trial16_wake3_2024-07-18_12-49-12/Record Node 102/analysis/Animal=PV_126,recNames=block_007/lizMov.mat",True,False,0,0,,2
PV_126,007,PV_126_block_007,PV_126_007_435196_R,435196.45,435279.7,29.067397796324684,147.39621135298188,R,binocular,2,"/Volumes/Data-1/Nimrod/experiments/PV_126/2024_07_18/block_007/oe_files/PV126_Trial16_wake3_2024-07-18_12-49-12/Record Node 102/analysis/Animal=PV_126,recNames=block_007/lizMov.mat",True,False,1,0,66.59999999997672,2
PV_126,007,PV_126_block_007,PV_126_007_435263_L,435263.05,435429.55,33.46460703482712,7.243550449501185,L,binocular,2,"/Volumes/Data-1/Nimrod/experiments/PV_126/2024_07_18/block_007/oe_files/PV126_Trial16_wake3_2024-07-18_12-49-12/Record Node 102/analysis/Animal=PV_126,recNames=block_007/lizMov.mat",True,False,0,0,,2
PV_126,007,PV_126_block_007,PV_126_007_436012_L,436012.3,436078.9,9.815659331385262,197.4753986840378,L,binocular,2,"/Volumes/Data-1/Nimrod/experiments/PV_126/2024_07_18/block_007/oe_files/PV126_Trial16_wake3_2024-07-18_12-49-12/Record Node 102/analysis/Animal=PV_126,recNames=block_007/lizMov.mat",True,False,2,0,83.25,2
PV_126,007,PV_126_block_007,PV_126_007_436212_R,436212.1,436295.35,7.615769971260998,143.23138789309263,R,binocular,2,"/Volumes/Data-1/Nimrod/experiments/PV_126/2024_07_18/block_007/oe_files/PV126_Trial16_wake3_2024-07-18_12-49-12/Record Node 102/analysis/Animal=PV_126,recNames=block_007/lizMov.mat",True,False,0,0,,2
PV_126,007,PV_126_block_007,PV_126_007_436395_R,436395.25,436478.5,7.281894097945626,275.63073899126624,R,binocular,2,"/Volumes/Data-1/Nimrod/experiments/PV_126/2024_07_18/block_007/oe_files/PV126_Trial16_wake3_2024-07-18_12-49-12/Record Node 102/analysis/Animal=PV_126,recNames=block_007/lizMov.mat",True,True,4,1,49.95000000001164,2
PV_126,007,PV_126_block_007,PV_126_007_439093_L,439092.55,439225.75,16.4975724908388,22.30616699965105,L,binocular,2,"/Volumes/Data-1/Nimrod/experiments/PV_126/2024_07_18/block_007/oe_files/PV126_Trial16_wake3_2024-07-18_12-49-12/Record Node 102/analysis/Animal=PV_126,recNames=block_007/lizMov.mat",True,True,2,1,49.95000000001164,2
PV_126,007,PV_126_block_007,PV_126_007_439259_R,439259.05,439425.55,16.92089684037445,129.75110116900728,R,binocular,2,"/Volumes/Data-1/Nimrod/experiments/PV_126/2024_07_18/block_007/oe_files/PV126_Trial16_wake3_2024-07-18_12-49-12/Record Node 102/analysis/Animal=PV_126,recNames=block_007/lizMov.mat",True,False,0,0,,2
PV_126,007,PV_126_block_007,PV_126_007_439575_R,439575.4,439675.3,8.475305381205686,101.49387532651006,R,binocular,2,"/Volumes/Data-1/Nimrod/experiments/PV_126/2024_07_18/block_007/oe_files/PV126_Trial16_wake3_2024-07-18_12-49-12/Record Node 102/analysis/Animal=PV_126,recNames=block_007/lizMov.mat",True,False,0,0,,2
PV_126,007,PV_126_block_007,PV_126_007_439858_L,439858.45,439925.05,8.84219798650934,51.79082067408981,L,binocular,2,"/Volumes/Data-1/Nimrod/experiments/PV_126/2024_07_18/block_007/oe_files/PV126_Trial16_wake3_2024-07-18_12-49-12/Record Node 102/analysis/Animal=PV_126,recNames=block_007/lizMov.mat",True,False,1,0,66.59999999997672,2
PV_126,007,PV_126_block_007,PV_126_007_439925_R,439925.05,440008.3,16.608395637201255,94.02151823756255,R,binocular,2,"/Volumes/Data-1/Nimrod/experiments/PV_126/2024_07_18/block_007/oe_files/PV126_Trial16_wake3_2024-07-18_12-49-12/Record Node 102/analysis/Animal=PV_126,recNames=block_007/lizMov.mat",True,False,0,0,,2
PV_126,007,PV_126_block_007,PV_126_007_445769_R,445769.2,445885.75,22.963557007213875,134.48887736024867,R,binocular,2,"/Volumes/Data-1/Nimrod/experiments/PV_126/2024_07_18/block_007/oe_files/PV126_Trial16_wake3_2024-07-18_12-49-12/Record Node 102/analysis/Animal=PV_126,recNames=block_007/lizMov.mat",True,True,3,1,83.25,2
PV_126,007,PV_126_block_007,PV_126_007_445902_R,445902.4,446085.55,28.86183957479819,325.53031597929174,R,binocular,2,"/Volumes/Data-1/Nimrod/experiments/PV_126/2024_07_18/block_007/oe_files/PV126_Trial16_wake3_2024-07-18_12-49-12/Record Node 102/analysis/Animal=PV_126,recNames=block_007/lizMov.mat",True,False,0,0,,2
PV_126,007,PV_126_block_007,PV_126_007_446069_R,446068.9,446118.85,17.086643451874423,129.4671962531677,R,binocular,2,"/Volumes/Data-1/Nimrod/experiments/PV_126/2024_07_18/block_007/oe_files/PV126_Trial16_wake3_2024-07-18_12-49-12/Record Node 102/analysis/Animal=PV_126,recNames=block_007/lizMov.mat",True,False,2,0,33.29999999998836,2
PV_126,007,PV_126_block_007,PV_126_007_446102_R,446102.2,446185.45,11.493812048755693,316.37544427401195,R,binocular,2,"/Volumes/Data-1/Nimrod/experiments/PV_126/2024_07_18/block_007/oe_files/PV126_Trial16_wake3_2024-07-18_12-49-12/Record Node 102/analysis/Animal=PV_126,recNames=block_007/lizMov.mat",True,False,0,0,,2
PV_126,007,PV_126_block_007,PV_126_007_448134_R,448133.5,448333.3,22.557148947793355,56.42580977375493,R,binocular,2,"/Volumes/Data-1/Nimrod/experiments/PV_126/2024_07_18/block_007/oe_files/PV126_Trial16_wake3_2024-07-18_12-49-12/Record Node 102/analysis/Animal=PV_126,recNames=block_007/lizMov.mat",True,False,1,0,149.84999999997672,2
PV_126,007,PV_126_block_007,PV_126_007_449865_R,449865.1,449948.35,15.935844479347837,272.96871543947,R,binocular,2,"/Volumes/Data-1/Nimrod/experiments/PV_126/2024_07_18/block_007/oe_files/PV126_Trial16_wake3_2024-07-18_12-49-12/Record Node 102/analysis/Animal=PV_126,recNames=block_007/lizMov.mat",True,True,3,1,49.95000000001164,2
PV_126,007,PV_126_block_007,PV_126_007_449915_R,449915.05,450081.55,12.81872380548879,110.44612249398126,R,binocular,2,"/Volumes/Data-1/Nimrod/experiments/PV_126/2024_07_18/block_007/oe_files/PV126_Trial16_wake3_2024-07-18_12-49-12/Record Node 102/analysis/Animal=PV_126,recNames=block_007/lizMov.mat",True,False,1,0,66.60000000003492,2
PV_126,007,PV_126_block_007,PV_126_007_453095_R,453095.2,453195.1,20.30505703914968,146.99126495482105,R,binocular,2,"/Volumes/Data-1/Nimrod/experiments/PV_126/2024_07_18/block_007/oe_files/PV126_Trial16_wake3_2024-07-18_12-49-12/Record Node 102/analysis/Animal=PV_126,recNames=block_007/lizMov.mat",True,True,3,2,66.59999999997672,2
PV_126,007,PV_126_block_007,PV_126_007_453195_R,453195.1,453378.25,23.037964678457257,323.11346903241247,R,binocular,2,"/Volumes/Data-1/Nimrod/experiments/PV_126/2024_07_18/block_007/oe_files/PV126_Trial16_wake3_2024-07-18_12-49-12/Record Node 102/analysis/Animal=PV_126,recNames=block_007/lizMov.mat",True,True,2,1,16.650000000023283,2
PV_126,007,PV_126_block_007,PV_126_007_453428_R,453428.2,453544.75,12.15349106342017,105.83083618272244,R,binocular,2,"/Volumes/Data-1/Nimrod/experiments/PV_126/2024_07_18/block_007/oe_files/PV126_Trial16_wake3_2024-07-18_12-49-12/Record Node 102/analysis/Animal=PV_126,recNames=block_007/lizMov.mat",True,False,0,0,,2
PV_126,007,PV_126_block_007,PV_126_007_454544_R,454543.75,454776.85,23.167003254876526,79.74080516341121,R,binocular,2,"/Volumes/Data-1/Nimrod/experiments/PV_126/2024_07_18/block_007/oe_files/PV126_Trial16_wake3_2024-07-18_12-49-12/Record Node 102/analysis/Animal=PV_126,recNames=block_007/lizMov.mat",True,True,3,2,66.59999999997672,2
PV_126,007,PV_126_block_007,PV_126_007_454977_L,454976.65,455043.25,18.572978546225485,303.1192206195084,L,binocular,2,"/Volumes/Data-1/Nimrod/experiments/PV_126/2024_07_18/block_007/oe_files/PV126_Trial16_wake3_2024-07-18_12-49-12/Record Node 102/analysis/Animal=PV_126,recNames=block_007/lizMov.mat",True,True,3,2,33.29999999998836,2
PV_126,007,PV_126_block_007,PV_126_007_455043_R,455043.25,455176.45,23.647375196434364,60.117205581801535,R,binocular,2,"/Volumes/Data-1/Nimrod/experiments/PV_126/2024_07_18/block_007/oe_files/PV126_Trial16_wake3_2024-07-18_12-49-12/Record Node 102/analysis/Animal=PV_126,recNames=block_007/lizMov.mat",True,True,2,1,33.29999999998836,2
PV_126,007,PV_126_block_007,PV_126_007_455476_R,455476.15,455626.0,23.180671896116117,113.61394647076364,R,binocular,2,"/Volumes/Data-1/Nimrod/experiments/PV_126/2024_07_18/block_007/oe_files/PV126_Trial16_wake3_2024-07-18_12-49-12/Record Node 102/analysis/Animal=PV_126,recNames=block_007/lizMov.mat",True,True,2,1,133.19999999995343,2
PV_126,007,PV_126_block_007,PV_126_007_455609_R,455609.35,455675.95,12.690361334325276,338.2200136793461,R,binocular,2,"/Volumes/Data-1/Nimrod/experiments/PV_126/2024_07_18/block_007/oe_files/PV126_Trial16_wake3_2024-07-18_12-49-12/Record Node 102/analysis/Animal=PV_126,recNames=block_007/lizMov.mat",True,True,3,1,49.95000000001164,2
PV_126,007,PV_126_block_007,PV_126_007_458157_R,458156.8,458190.1,9.484796314399654,297.77653967371134,R,binocular,2,"/Volumes/Data-1/Nimrod/experiments/PV_126/2024_07_18/block_007/oe_files/PV126_Trial16_wake3_2024-07-18_12-49-12/Record Node 102/analysis/Animal=PV_126,recNames=block_007/lizMov.mat",True,False,3,0,33.29999999998836,2
PV_126,007,PV_126_block_007,PV_126_007_458190_L,458190.1,458273.35,7.244197497733077,232.3576623115465,L,binocular,2,"/Volumes/Data-1/Nimrod/experiments/PV_126/2024_07_18/block_007/oe_files/PV126_Trial16_wake3_2024-07-18_12-49-12/Record Node 102/analysis/Animal=PV_126,recNames=block_007/lizMov.mat",True,False,2,0,66.60000000003492,2
PV_126,007,PV_126_block_007,PV_126_007_458340_L,458339.95,458406.55,10.859072840974221,185.35949720111046,L,binocular,2,"/Volumes/Data-1/Nimrod/experiments/PV_126/2024_07_18/block_007/oe_files/PV126_Trial16_wake3_2024-07-18_12-49-12/Record Node 102/analysis/Animal=PV_126,recNames=block_007/lizMov.mat",True,True,3,2,33.29999999998836,2
PV_126,007,PV_126_block_007,PV_126_007_459106_L,459105.85,459255.7,13.088661116511298,23.710991247251098,L,binocular,2,"/Volumes/Data-1/Nimrod/experiments/PV_126/2024_07_18/block_007/oe_files/PV126_Trial16_wake3_2024-07-18_12-49-12/Record Node 102/analysis/Animal=PV_126,recNames=block_007/lizMov.mat",True,False,1,0,66.60000000003492,2
PV_126,007,PV_126_block_007,PV_126_007_463185_L,463185.1,463268.35,9.29668265985613,68.28166680169176,L,binocular,2,"/Volumes/Data-1/Nimrod/experiments/PV_126/2024_07_18/block_007/oe_files/PV126_Trial16_wake3_2024-07-18_12-49-12/Record Node 102/analysis/Animal=PV_126,recNames=block_007/lizMov.mat",True,False,1,0,16.650000000023283,2
PV_126,007,PV_126_block_007,PV_126_007_470078_L,470078.2,470161.45,13.981577341169281,206.26800311246063,L,binocular,2,"/Volumes/Data-1/Nimrod/experiments/PV_126/2024_07_18/block_007/oe_files/PV126_Trial16_wake3_2024-07-18_12-49-12/Record Node 102/analysis/Animal=PV_126,recNames=block_007/lizMov.mat",True,False,3,0,66.59999999997672,2
PV_126,007,PV_126_block_007,PV_126_007_470311_L,470311.3,470377.9,11.577323450426672,208.32380256476586,L,binocular,2,"/Volumes/Data-1/Nimrod/experiments/PV_126/2024_07_18/block_007/oe_files/PV126_Trial16_wake3_2024-07-18_12-49-12/Record Node 102/analysis/Animal=PV_126,recNames=block_007/lizMov.mat",True,False,0,0,66.60000000003492,2
PV_126,007,PV_126_block_007,PV_126_007_470378_R,470377.9,470477.8,15.108453646426387,325.7931591775356,R,binocular,2,"/Volumes/Data-1/Nimrod/experiments/PV_126/2024_07_18/block_007/oe_files/PV126_Trial16_wake3_2024-07-18_12-49-12/Record Node 102/analysis/Animal=PV_126,recNames=block_007/lizMov.mat",True,False,0,0,,2
PV_126,007,PV_126_block_007,PV_126_007_471493_L,471493.45,471560.05,7.673426060407951,276.69959264028216,L,binocular,2,"/Volumes/Data-1/Nimrod/experiments/PV_126/2024_07_18/block_007/oe_files/PV126_Trial16_wake3_2024-07-18_12-49-12/Record Node 102/analysis/Animal=PV_126,recNames=block_007/lizMov.mat",True,True,3,1,99.89999999996508,2
PV_126,007,PV_126_block_007,PV_126_007_471643_R,471643.3,471726.55,12.250739631051134,135.74493934078606,R,binocular,2,"/Volumes/Data-1/Nimrod/experiments/PV_126/2024_07_18/block_007/oe_files/PV126_Trial16_wake3_2024-07-18_12-49-12/Record Node 102/analysis/Animal=PV_126,recNames=block_007/lizMov.mat",True,True,2,1,33.29999999998836,2
PV_126,007,PV_126_block_007,PV_126_007_471727_R,471726.55,471843.1,12.530035405064242,318.86865454731446,R,binocular,2,"/Volumes/Data-1/Nimrod/experiments/PV_126/2024_07_18/block_007/oe_files/PV126_Trial16_wake3_2024-07-18_12-49-12/Record Node 102/analysis/Animal=PV_126,recNames=block_007/lizMov.mat",True,False,0,0,,2
PV_126,007,PV_126_block_007,PV_126_007_472126_R,472126.15,472192.75,10.561259502018071,112.11677142473383,R,binocular,2,"/Volumes/Data-1/Nimrod/experiments/PV_126/2024_07_18/block_007/oe_files/PV126_Trial16_wake3_2024-07-18_12-49-12/Record Node 102/analysis/Animal=PV_126,recNames=block_007/lizMov.mat",True,True,3,2,99.89999999996508,2
PV_126,007,PV_126_block_007,PV_126_007_479186_R,479185.75,479302.3,17.326091639816667,86.74093321688906,R,binocular,2,"/Volumes/Data-1/Nimrod/experiments/PV_126/2024_07_18/block_007/oe_files/PV126_Trial16_wake3_2024-07-18_12-49-12/Record Node 102/analysis/Animal=PV_126,recNames=block_007/lizMov.mat",True,False,0,0,,2
PV_126,007,PV_126_block_007,PV_126_007_484714_R,484713.55,484796.8,21.63025046562502,297.5511712681897,R,binocular,2,"/Volumes/Data-1/Nimrod/experiments/PV_126/2024_07_18/block_007/oe_files/PV126_Trial16_wake3_2024-07-18_12-49-12/Record Node 102/analysis/Animal=PV_126,recNames=block_007/lizMov.mat",True,False,1,0,83.25,2
PV_126,007,PV_126_block_007,PV_126_007_488327_L,488326.6,488376.55,12.835444113029343,187.58868258873326,L,binocular,2,"/Volumes/Data-1/Nimrod/experiments/PV_126/2024_07_18/block_007/oe_files/PV126_Trial16_wake3_2024-07-18_12-49-12/Record Node 102/analysis/Animal=PV_126,recNames=block_007/lizMov.mat",True,True,5,1,33.300000000046566,2
PV_126,007,PV_126_block_007,PV_126_007_488360_L,488359.9,488426.5,7.690216380438207,333.31307954653295,L,binocular,2,"/Volumes/Data-1/Nimrod/experiments/PV_126/2024_07_18/block_007/oe_files/PV126_Trial16_wake3_2024-07-18_12-49-12/Record Node 102/analysis/Animal=PV_126,recNames=block_007/lizMov.mat",True,True,2,1,33.29999999998836,2
PV_126,007,PV_126_block_007,PV_126_007_488410_L,488409.85,488459.8,8.544315340836294,206.10063056674048,L,binocular,2,"/Volumes/Data-1/Nimrod/experiments/PV_126/2024_07_18/block_007/oe_files/PV126_Trial16_wake3_2024-07-18_12-49-12/Record Node 102/analysis/Animal=PV_126,recNames=block_007/lizMov.mat",True,False,0,0,33.300000000046566,2
PV_126,007,PV_126_block_007,PV_126_007_488443_R,488443.15,488626.3,16.776962442139403,359.4144029486155,R,binocular,2,"/Volumes/Data-1/Nimrod/experiments/PV_126/2024_07_18/block_007/oe_files/PV126_Trial16_wake3_2024-07-18_12-49-12/Record Node 102/analysis/Animal=PV_126,recNames=block_007/lizMov.mat",True,False,0,0,,2
PV_126,007,PV_126_block_007,PV_126_007_488610_R,488609.65,488726.2,14.123654242882411,41.82871202233261,R,binocular,2,"/Volumes/Data-1/Nimrod/experiments/PV_126/2024_07_18/block_007/oe_files/PV126_Trial16_wake3_2024-07-18_12-49-12/Record Node 102/analysis/Animal=PV_126,recNames=block_007/lizMov.mat",True,True,4,1,99.89999999996508,2
PV_126,007,PV_126_block_007,PV_126_007_488726_R,488726.2,488842.75,13.244217153721467,13.54675831492548,R,binocular,2,"/Volumes/Data-1/Nimrod/experiments/PV_126/2024_07_18/block_007/oe_files/PV126_Trial16_wake3_2024-07-18_12-49-12/Record Node 102/analysis/Animal=PV_126,recNames=block_007/lizMov.mat",True,False,2,0,16.649999999965075,2
PV_126,007,PV_126_block_007,PV_126_007_488826_R,488826.1,488909.35,21.988678787693885,159.54551681139233,R,binocular,2,"/Volumes/Data-1/Nimrod/experiments/PV_126/2024_07_18/block_007/oe_files/PV126_Trial16_wake3_2024-07-18_12-49-12/Record Node 102/analysis/Animal=PV_126,recNames=block_007/lizMov.mat",True,True,2,1,83.25,2
PV_126,007,PV_126_block_007,PV_126_007_490008_L,490008.25,490174.75,14.494999107326016,79.3378318149545,L,binocular,2,"/Volumes/Data-1/Nimrod/experiments/PV_126/2024_07_18/block_007/oe_files/PV126_Trial16_wake3_2024-07-18_12-49-12/Record Node 102/analysis/Animal=PV_126,recNames=block_007/lizMov.mat",True,False,1,0,66.59999999997672,2
PV_126,007,PV_126_block_007,PV_126_007_490358_L,490357.9,490441.15,7.582424246858501,203.12370984617124,L,binocular,2,"/Volumes/Data-1/Nimrod/experiments/PV_126/2024_07_18/block_007/oe_files/PV126_Trial16_wake3_2024-07-18_12-49-12/Record Node 102/analysis/Animal=PV_126,recNames=block_007/lizMov.mat",True,False,1,0,33.29999999998836,2
PV_126,007,PV_126_block_007,PV_126_007_492606_L,492605.65,492672.25,15.332883219103305,341.94413431277115,L,binocular,2,"/Volumes/Data-1/Nimrod/experiments/PV_126/2024_07_18/block_007/oe_files/PV126_Trial16_wake3_2024-07-18_12-49-12/Record Node 102/analysis/Animal=PV_126,recNames=block_007/lizMov.mat",True,True,3,2,33.29999999998836,2
PV_126,007,PV_126_block_007,PV_126_007_492656_R,492655.6,492738.85,19.33604680141647,42.86172127677064,R,binocular,2,"/Volumes/Data-1/Nimrod/experiments/PV_126/2024_07_18/block_007/oe_files/PV126_Trial16_wake3_2024-07-18_12-49-12/Record Node 102/analysis/Animal=PV_126,recNames=block_007/lizMov.mat",True,True,2,1,33.300000000046566,2
PV_126,007,PV_126_block_007,PV_126_007_493954_L,493954.3,494104.15,41.32025556500475,47.61824471488053,L,binocular,2,"/Volumes/Data-1/Nimrod/experiments/PV_126/2024_07_18/block_007/oe_files/PV126_Trial16_wake3_2024-07-18_12-49-12/Record Node 102/analysis/Animal=PV_126,recNames=block_007/lizMov.mat",True,False,1,0,83.25,2
PV_126,007,PV_126_block_007,PV_126_007_499049_L,499049.2,499132.45,9.31588338991086,302.6668656865213,L,binocular,2,"/Volumes/Data-1/Nimrod/experiments/PV_126/2024_07_18/block_007/oe_files/PV126_Trial16_wake3_2024-07-18_12-49-12/Record Node 102/analysis/Animal=PV_126,recNames=block_007/lizMov.mat",True,False,1,0,83.25,2
PV_126,007,PV_126_block_007,PV_126_007_516948_L,516947.95,517114.45,40.171269924776,85.43888275825731,L,binocular,2,"/Volumes/Data-1/Nimrod/experiments/PV_126/2024_07_18/block_007/oe_files/PV126_Trial16_wake3_2024-07-18_12-49-12/Record Node 102/analysis/Animal=PV_126,recNames=block_007/lizMov.mat",True,False,1,0,149.84999999997672,2
PV_126,007,PV_126_block_007,PV_126_007_547184_L,547184.35,547234.3,15.791647215200927,346.8115089175535,L,binocular,2,"/Volumes/Data-1/Nimrod/experiments/PV_126/2024_07_18/block_007/oe_files/PV126_Trial16_wake3_2024-07-18_12-49-12/Record Node 102/analysis/Animal=PV_126,recNames=block_007/lizMov.mat",True,False,2,0,33.300000000046566,2
PV_126,007,PV_126_block_007,PV_126_007_550381_R,550381.15,550464.4,21.107240564370063,333.399560669888,R,binocular,2,"/Volumes/Data-1/Nimrod/experiments/PV_126/2024_07_18/block_007/oe_files/PV126_Trial16_wake3_2024-07-18_12-49-12/Record Node 102/analysis/Animal=PV_126,recNames=block_007/lizMov.mat",True,True,3,1,116.54999999993015,2
PV_126,007,PV_126_block_007,PV_126_007_550931_L,550930.6,550980.55,13.94109814623397,150.35847242092328,L,binocular,2,"/Volumes/Data-1/Nimrod/experiments/PV_126/2024_07_18/block_007/oe_files/PV126_Trial16_wake3_2024-07-18_12-49-12/Record Node 102/analysis/Animal=PV_126,recNames=block_007/lizMov.mat",True,True,3,1,33.300000000046566,2
PV_126,007,PV_126_block_007,PV_126_007_551164_L,551163.7,551213.65,10.93975796633353,150.64106946638745,L,binocular,2,"/Volumes/Data-1/Nimrod/experiments/PV_126/2024_07_18/block_007/oe_files/PV126_Trial16_wake3_2024-07-18_12-49-12/Record Node 102/analysis/Animal=PV_126,recNames=block_007/lizMov.mat",True,False,2,0,33.300000000046566,2
PV_126,007,PV_126_block_007,PV_126_007_551197_L,551197.0,551313.55,10.307089734034976,352.8546193187805,L,binocular,2,"/Volumes/Data-1/Nimrod/experiments/PV_126/2024_07_18/block_007/oe_files/PV126_Trial16_wake3_2024-07-18_12-49-12/Record Node 102/analysis/Animal=PV_126,recNames=block_007/lizMov.mat",True,False,1,0,133.19999999995343,2
PV_126,007,PV_126_block_007,PV_126_007_551547_L,551546.65,551579.95,13.05002826523696,5.128040522203696,L,binocular,2,"/Volumes/Data-1/Nimrod/experiments/PV_126/2024_07_18/block_007/oe_files/PV126_Trial16_wake3_2024-07-18_12-49-12/Record Node 102/analysis/Animal=PV_126,recNames=block_007/lizMov.mat",True,False,0,0,33.29999999993015,2
PV_126,007,PV_126_block_007,PV_126_007_551580_L,551579.95,551713.15,21.823070460006818,162.13588289507206,L,binocular,2,"/Volumes/Data-1/Nimrod/experiments/PV_126/2024_07_18/block_007/oe_files/PV126_Trial16_wake3_2024-07-18_12-49-12/Record Node 102/analysis/Animal=PV_126,recNames=block_007/lizMov.mat",True,False,0,0,,2
PV_126,007,PV_126_block_007,PV_126_007_551946_R,551946.25,551979.55,11.00156465286363,19.144672479666767,R,binocular,2,"/Volumes/Data-1/Nimrod/experiments/PV_126/2024_07_18/block_007/oe_files/PV126_Trial16_wake3_2024-07-18_12-49-12/Record Node 102/analysis/Animal=PV_126,recNames=block_007/lizMov.mat",True,False,3,0,33.300000000046566,2
PV_126,007,PV_126_block_007,PV_126_007_551980_L,551979.55,552029.5,9.47543532954926,223.1321253473204,L,binocular,2,"/Volumes/Data-1/Nimrod/experiments/PV_126/2024_07_18/block_007/oe_files/PV126_Trial16_wake3_2024-07-18_12-49-12/Record Node 102/analysis/Animal=PV_126,recNames=block_007/lizMov.mat",True,False,2,0,49.949999999953434,2
PV_126,007,PV_126_block_007,PV_126_007_552113_L,552112.75,552179.35,12.40982344915391,202.22051081728395,L,binocular,2,"/Volumes/Data-1/Nimrod/experiments/PV_126/2024_07_18/block_007/oe_files/PV126_Trial16_wake3_2024-07-18_12-49-12/Record Node 102/analysis/Animal=PV_126,recNames=block_007/lizMov.mat",True,False,2,0,49.949999999953434,2
PV_126,007,PV_126_block_007,PV_126_007_552512_R,552512.35,552578.95,11.857266661474267,4.76380625446705,R,binocular,2,"/Volumes/Data-1/Nimrod/experiments/PV_126/2024_07_18/block_007/oe_files/PV126_Trial16_wake3_2024-07-18_12-49-12/Record Node 102/analysis/Animal=PV_126,recNames=block_007/lizMov.mat",True,True,3,1,49.95000000006985,2
PV_126,007,PV_126_block_007,PV_126_007_552562_L,552562.3,552645.55,8.319684758197566,26.446881379544845,L,binocular,2,"/Volumes/Data-1/Nimrod/experiments/PV_126/2024_07_18/block_007/oe_files/PV126_Trial16_wake3_2024-07-18_12-49-12/Record Node 102/analysis/Animal=PV_126,recNames=block_007/lizMov.mat",True,False,1,0,16.649999999906868,2
PV_126,007,PV_126_block_007,PV_126_007_553961_R,553960.9,554060.8,7.643576099567491,345.8211814560974,R,binocular,2,"/Volumes/Data-1/Nimrod/experiments/PV_126/2024_07_18/block_007/oe_files/PV126_Trial16_wake3_2024-07-18_12-49-12/Record Node 102/analysis/Animal=PV_126,recNames=block_007/lizMov.mat",True,False,2,0,33.29999999993015,2
PV_126,007,PV_126_block_007,PV_126_007_556342_R,556341.85,556458.4,7.691874509463735,244.57495946113173,R,binocular,2,"/Volumes/Data-1/Nimrod/experiments/PV_126/2024_07_18/block_007/oe_files/PV126_Trial16_wake3_2024-07-18_12-49-12/Record Node 102/analysis/Animal=PV_126,recNames=block_007/lizMov.mat",True,False,1,0,33.300000000046566,2
PV_126,007,PV_126_block_007,PV_126_007_558040_R,558040.15,558123.4,9.604101019994738,156.55983805590407,R,binocular,2,"/Volumes/Data-1/Nimrod/experiments/PV_126/2024_07_18/block_007/oe_files/PV126_Trial16_wake3_2024-07-18_12-49-12/Record Node 102/analysis/Animal=PV_126,recNames=block_007/lizMov.mat",True,True,2,1,66.59999999997672,2
PV_126,007,PV_126_block_007,PV_126_007_558107_R,558106.75,558173.35,8.159543326577213,6.305330615534275,R,binocular,2,"/Volumes/Data-1/Nimrod/experiments/PV_126/2024_07_18/block_007/oe_files/PV126_Trial16_wake3_2024-07-18_12-49-12/Record Node 102/analysis/Animal=PV_126,recNames=block_007/lizMov.mat",True,False,0,0,,2
PV_126,007,PV_126_block_007,PV_126_007_561187_L,561187.0,561270.25,11.602991625138856,216.5345334826084,L,binocular,2,"/Volumes/Data-1/Nimrod/experiments/PV_126/2024_07_18/block_007/oe_files/PV126_Trial16_wake3_2024-07-18_12-49-12/Record Node 102/analysis/Animal=PV_126,recNames=block_007/lizMov.mat",True,True,4,1,49.949999999953434,2
PV_126,007,PV_126_block_007,PV_126_007_564284_R,564283.9,564450.4,22.8362795268474,325.3802056972905,R,binocular,2,"/Volumes/Data-1/Nimrod/experiments/PV_126/2024_07_18/block_007/oe_files/PV126_Trial16_wake3_2024-07-18_12-49-12/Record Node 102/analysis/Animal=PV_126,recNames=block_007/lizMov.mat",True,False,1,0,66.59999999997672,2
PV_126,007,PV_126_block_007,PV_126_007_564517_L,564517.0,564566.95,10.843311046942729,3.3807196336376326,L,binocular,2,"/Volumes/Data-1/Nimrod/experiments/PV_126/2024_07_18/block_007/oe_files/PV126_Trial16_wake3_2024-07-18_12-49-12/Record Node 102/analysis/Animal=PV_126,recNames=block_007/lizMov.mat",True,False,2,0,33.300000000046566,2
PV_126,007,PV_126_block_007,PV_126_007_566165_R,566165.35,566231.95,26.643515773382255,181.7022892418507,R,binocular,2,"/Volumes/Data-1/Nimrod/experiments/PV_126/2024_07_18/block_007/oe_files/PV126_Trial16_wake3_2024-07-18_12-49-12/Record Node 102/analysis/Animal=PV_126,recNames=block_007/lizMov.mat",True,False,2,0,49.95000000006985,2
PV_126,007,PV_126_block_007,PV_126_007_566215_L,566215.3,566331.85,10.426719097201019,227.7877151578426,L,binocular,2,"/Volumes/Data-1/Nimrod/experiments/PV_126/2024_07_18/block_007/oe_files/PV126_Trial16_wake3_2024-07-18_12-49-12/Record Node 102/analysis/Animal=PV_126,recNames=block_007/lizMov.mat",True,True,2,1,116.54999999993015,2
PV_126,007,PV_126_block_007,PV_126_007_566482_R,566481.7,566598.25,17.33228389978213,60.063643684961875,R,binocular,2,"/Volumes/Data-1/Nimrod/experiments/PV_126/2024_07_18/block_007/oe_files/PV126_Trial16_wake3_2024-07-18_12-49-12/Record Node 102/analysis/Animal=PV_126,recNames=block_007/lizMov.mat",True,True,2,1,49.95000000006985,2
PV_126,007,PV_126_block_007,PV_126_007_568796_R,568796.05,568979.2,17.6567037618244,275.06814564252636,R,binocular,2,"/Volumes/Data-1/Nimrod/experiments/PV_126/2024_07_18/block_007/oe_files/PV126_Trial16_wake3_2024-07-18_12-49-12/Record Node 102/analysis/Animal=PV_126,recNames=block_007/lizMov.mat",True,False,1,0,116.54999999993015,2
PV_126,007,PV_126_block_007,PV_126_007_570361_L,570361.15,570411.1,25.300837528831444,196.97571244958542,L,binocular,2,"/Volumes/Data-1/Nimrod/experiments/PV_126/2024_07_18/block_007/oe_files/PV126_Trial16_wake3_2024-07-18_12-49-12/Record Node 102/analysis/Animal=PV_126,recNames=block_007/lizMov.mat",True,True,4,1,33.29999999993015,2
PV_126,007,PV_126_block_007,PV_126_007_570394_L,570394.45,570494.35,20.17333979262899,353.03927106660194,L,binocular,2,"/Volumes/Data-1/Nimrod/experiments/PV_126/2024_07_18/block_007/oe_files/PV126_Trial16_wake3_2024-07-18_12-49-12/Record Node 102/analysis/Animal=PV_126,recNames=block_007/lizMov.mat",True,True,4,1,99.90000000002328,2
PV_126,007,PV_126_block_007,PV_126_007_570494_L,570494.35,570544.3,9.08677912912575,195.3096227385617,L,binocular,2,"/Volumes/Data-1/Nimrod/experiments/PV_126/2024_07_18/block_007/oe_files/PV126_Trial16_wake3_2024-07-18_12-49-12/Record Node 102/analysis/Animal=PV_126,recNames=block_007/lizMov.mat",True,True,3,1,16.650000000023283,2
PV_126,007,PV_126_block_007,PV_126_007_570611_L,570610.9,570710.8,8.434591244782686,294.1200931849711,L,binocular,2,"/Volumes/Data-1/Nimrod/experiments/PV_126/2024_07_18/block_007/oe_files/PV126_Trial16_wake3_2024-07-18_12-49-12/Record Node 102/analysis/Animal=PV_126,recNames=block_007/lizMov.mat",True,False,1,0,149.84999999997672,2
PV_126,007,PV_126_block_007,PV_126_007_570894_L,570893.95,570960.55,9.397020938944113,32.26202208067155,L,binocular,2,"/Volumes/Data-1/Nimrod/experiments/PV_126/2024_07_18/block_007/oe_files/PV126_Trial16_wake3_2024-07-18_12-49-12/Record Node 102/analysis/Animal=PV_126,recNames=block_007/lizMov.mat",True,False,1,0,33.300000000046566,2
PV_126,007,PV_126_block_007,PV_126_007_573625_R,573624.55,573824.35,14.631300196875648,301.31583289367336,R,binocular,2,"/Volumes/Data-1/Nimrod/experiments/PV_126/2024_07_18/block_007/oe_files/PV126_Trial16_wake3_2024-07-18_12-49-12/Record Node 102/analysis/Animal=PV_126,recNames=block_007/lizMov.mat",True,False,1,0,99.89999999990687,2
PV_126,007,PV_126_block_007,PV_126_007_575006_L,575006.5,575056.45,19.977986036595812,13.169916818544861,L,binocular,2,"/Volumes/Data-1/Nimrod/experiments/PV_126/2024_07_18/block_007/oe_files/PV126_Trial16_wake3_2024-07-18_12-49-12/Record Node 102/analysis/Animal=PV_126,recNames=block_007/lizMov.mat",True,False,2,0,33.300000000046566,2
PV_126,007,PV_126_block_007,PV_126_007_575040_R,575039.8,575139.7,15.03123429912146,137.2520634518744,R,binocular,2,"/Volumes/Data-1/Nimrod/experiments/PV_126/2024_07_18/block_007/oe_files/PV126_Trial16_wake3_2024-07-18_12-49-12/Record Node 102/analysis/Animal=PV_126,recNames=block_007/lizMov.mat",True,False,0,0,,2
PV_126,007,PV_126_block_007,PV_126_007_577870_L,577870.3,577936.9,17.552494700584443,24.17696446398168,L,binocular,2,"/Volumes/Data-1/Nimrod/experiments/PV_126/2024_07_18/block_007/oe_files/PV126_Trial16_wake3_2024-07-18_12-49-12/Record Node 102/analysis/Animal=PV_126,recNames=block_007/lizMov.mat",True,False,3,0,66.59999999997672,2
PV_126,007,PV_126_block_007,PV_126_007_578070_R,578070.1,578136.7,18.55356983772543,93.87708841207558,R,binocular,2,"/Volumes/Data-1/Nimrod/experiments/PV_126/2024_07_18/block_007/oe_files/PV126_Trial16_wake3_2024-07-18_12-49-12/Record Node 102/analysis/Animal=PV_126,recNames=block_007/lizMov.mat",True,False,2,0,49.95000000006985,2
PV_126,007,PV_126_block_007,PV_126_007_578120_L,578120.05,578186.65,9.9780831954857,32.298212283065965,L,binocular,2,"/Volumes/Data-1/Nimrod/experiments/PV_126/2024_07_18/block_007/oe_files/PV126_Trial16_wake3_2024-07-18_12-49-12/Record Node 102/analysis/Animal=PV_126,recNames=block_007/lizMov.mat",True,False,1,0,149.84999999997672,2
PV_126,007,PV_126_block_007,PV_126_007_580285_R,580284.55,580351.15,8.365568610470921,333.08323625771123,R,binocular,2,"/Volumes/Data-1/Nimrod/experiments/PV_126/2024_07_18/block_007/oe_files/PV126_Trial16_wake3_2024-07-18_12-49-12/Record Node 102/analysis/Animal=PV_126,recNames=block_007/lizMov.mat",True,False,1,0,83.25,2
PV_126,007,PV_126_block_007,PV_126_007_580468_R,580467.7,580517.65,7.82602263620727,355.718336625954,R,binocular,2,"/Volumes/Data-1/Nimrod/experiments/PV_126/2024_07_18/block_007/oe_files/PV126_Trial16_wake3_2024-07-18_12-49-12/Record Node 102/analysis/Animal=PV_126,recNames=block_007/lizMov.mat",True,False,0,0,16.650000000023283,2
PV_126,007,PV_126_block_007,PV_126_007_580518_R,580517.65,580617.55,12.968713224989404,163.12774463524056,R,binocular,2,"/Volumes/Data-1/Nimrod/experiments/PV_126/2024_07_18/block_007/oe_files/PV126_Trial16_wake3_2024-07-18_12-49-12/Record Node 102/analysis/Animal=PV_126,recNames=block_007/lizMov.mat",True,True,4,1,99.90000000002328,2
PV_126,007,PV_126_block_007,PV_126_007_580618_L,580617.55,580650.85,8.534067289302378,0.41821135350710403,L,binocular,2,"/Volumes/Data-1/Nimrod/experiments/PV_126/2024_07_18/block_007/oe_files/PV126_Trial16_wake3_2024-07-18_12-49-12/Record Node 102/analysis/Animal=PV_126,recNames=block_007/lizMov.mat",True,False,0,0,33.29999999993015,2
PV_126,007,PV_126_block_007,PV_126_007_580651_R,580650.85,580750.75,11.813702893179405,194.40574800495338,R,binocular,2,"/Volumes/Data-1/Nimrod/experiments/PV_126/2024_07_18/block_007/oe_files/PV126_Trial16_wake3_2024-07-18_12-49-12/Record Node 102/analysis/Animal=PV_126,recNames=block_007/lizMov.mat",True,False,1,0,83.25,2
PV_126,007,PV_126_block_007,PV_126_007_580734_R,580734.1,580784.05,17.01971560850018,8.219507873510482,R,binocular,2,"/Volumes/Data-1/Nimrod/experiments/PV_126/2024_07_18/block_007/oe_files/PV126_Trial16_wake3_2024-07-18_12-49-12/Record Node 102/analysis/Animal=PV_126,recNames=block_007/lizMov.mat",True,True,6,2,49.95000000006985,2
PV_126,007,PV_126_block_007,PV_126_007_580784_L,580784.05,580834.0,12.01210274278668,171.56576334579808,L,binocular,2,"/Volumes/Data-1/Nimrod/experiments/PV_126/2024_07_18/block_007/oe_files/PV126_Trial16_wake3_2024-07-18_12-49-12/Record Node 102/analysis/Animal=PV_126,recNames=block_007/lizMov.mat",True,True,4,2,49.949999999953434,2
PV_126,007,PV_126_block_007,PV_126_007_580834_R,580834.0,580867.3,13.798617123811518,19.063006877344584,R,binocular,2,"/Volumes/Data-1/Nimrod/experiments/PV_126/2024_07_18/block_007/oe_files/PV126_Trial16_wake3_2024-07-18_12-49-12/Record Node 102/analysis/Animal=PV_126,recNames=block_007/lizMov.mat",True,True,3,2,33.300000000046566,2
PV_126,007,PV_126_block_007,PV_126_007_580867_R,580867.3,580967.2,11.946663758188818,214.67629668569367,R,binocular,2,"/Volumes/Data-1/Nimrod/experiments/PV_126/2024_07_18/block_007/oe_files/PV126_Trial16_wake3_2024-07-18_12-49-12/Record Node 102/analysis/Animal=PV_126,recNames=block_007/lizMov.mat",True,False,2,0,66.59999999997672,2
PV_126,007,PV_126_block_007,PV_126_007_580967_L,580967.2,581033.8,17.127067014952747,191.55260213082857,L,binocular,2,"/Volumes/Data-1/Nimrod/experiments/PV_126/2024_07_18/block_007/oe_files/PV126_Trial16_wake3_2024-07-18_12-49-12/Record Node 102/analysis/Animal=PV_126,recNames=block_007/lizMov.mat",True,True,3,2,33.300000000046566,2
PV_126,007,PV_126_block_007,PV_126_007_585096_R,585096.4,585146.35,12.313242309599167,178.71507228014806,R,binocular,2,"/Volumes/Data-1/Nimrod/experiments/PV_126/2024_07_18/block_007/oe_files/PV126_Trial16_wake3_2024-07-18_12-49-12/Record Node 102/analysis/Animal=PV_126,recNames=block_007/lizMov.mat",True,True,3,1,49.949999999953434,2
PV_126,007,PV_126_block_007,PV_126_007_585146_R,585146.35,585279.55,12.284150715844753,25.50706034360406,R,binocular,2,"/Volumes/Data-1/Nimrod/experiments/PV_126/2024_07_18/block_007/oe_files/PV126_Trial16_wake3_2024-07-18_12-49-12/Record Node 102/analysis/Animal=PV_126,recNames=block_007/lizMov.mat",True,False,1,0,16.650000000023283,2
PV_126,007,PV_126_block_007,PV_126_007_589309_L,589308.85,589425.4,21.14198038844062,39.11186073761834,L,binocular,2,"/Volumes/Data-1/Nimrod/experiments/PV_126/2024_07_18/block_007/oe_files/PV126_Trial16_wake3_2024-07-18_12-49-12/Record Node 102/analysis/Animal=PV_126,recNames=block_007/lizMov.mat",True,False,1,0,49.95000000006985,2
PV_126,007,PV_126_block_007,PV_126_007_595436_L,595436.05,595535.95,16.20288716555434,214.96104804688594,L,binocular,2,"/Volumes/Data-1/Nimrod/experiments/PV_126/2024_07_18/block_007/oe_files/PV126_Trial16_wake3_2024-07-18_12-49-12/Record Node 102/analysis/Animal=PV_126,recNames=block_007/lizMov.mat",True,False,0,0,,2
PV_126,007,PV_126_block_007,PV_126_007_595619_L,595619.2,595652.5,9.198172614914565,202.34479776581102,L,binocular,2,"/Volumes/Data-1/Nimrod/experiments/PV_126/2024_07_18/block_007/oe_files/PV126_Trial16_wake3_2024-07-18_12-49-12/Record Node 102/analysis/Animal=PV_126,recNames=block_007/lizMov.mat",True,False,2,0,49.95000000006985,2
PV_126,007,PV_126_block_007,PV_126_007_597068_R,597067.75,597217.6,20.61138114937261,89.4465567354609,R,binocular,2,"/Volumes/Data-1/Nimrod/experiments/PV_126/2024_07_18/block_007/oe_files/PV126_Trial16_wake3_2024-07-18_12-49-12/Record Node 102/analysis/Animal=PV_126,recNames=block_007/lizMov.mat",True,False,1,0,99.90000000002328,2
PV_126,007,PV_126_block_007,PV_126_007_597484_R,597484.0,597667.15,30.28227468074091,274.12694975922403,R,binocular,2,"/Volumes/Data-1/Nimrod/experiments/PV_126/2024_07_18/block_007/oe_files/PV126_Trial16_wake3_2024-07-18_12-49-12/Record Node 102/analysis/Animal=PV_126,recNames=block_007/lizMov.mat",True,False,1,0,99.90000000002328,2
PV_126,007,PV_126_block_007,PV_126_007_598083_L,598083.4,598150.0,17.793467252254267,17.110425142944212,L,binocular,2,"/Volumes/Data-1/Nimrod/experiments/PV_126/2024_07_18/block_007/oe_files/PV126_Trial16_wake3_2024-07-18_12-49-12/Record Node 102/analysis/Animal=PV_126,recNames=block_007/lizMov.mat",True,True,2,1,66.59999999997672,2
PV_126,007,PV_126_block_007,PV_126_007_598150_L,598150.0,598233.25,20.178063278959524,164.585522351895,L,binocular,2,"/Volumes/Data-1/Nimrod/experiments/PV_126/2024_07_18/block_007/oe_files/PV126_Trial16_wake3_2024-07-18_12-49-12/Record Node 102/analysis/Animal=PV_126,recNames=block_007/lizMov.mat",True,False,2,0,66.59999999997672,2
PV_126,007,PV_126_block_007,PV_126_007_598217_R,598216.6,598366.45,17.96085610052632,34.11525533213964,R,binocular,2,"/Volumes/Data-1/Nimrod/experiments/PV_126/2024_07_18/block_007/oe_files/PV126_Trial16_wake3_2024-07-18_12-49-12/Record Node 102/analysis/Animal=PV_126,recNames=block_007/lizMov.mat",True,False,0,0,,2
PV_126,007,PV_126_block_007,PV_126_007_600381_L,600381.1,600464.35,9.083278243913693,217.2179578429888,L,binocular,2,"/Volumes/Data-1/Nimrod/experiments/PV_126/2024_07_18/block_007/oe_files/PV126_Trial16_wake3_2024-07-18_12-49-12/Record Node 102/analysis/Animal=PV_126,recNames=block_007/lizMov.mat",True,False,1,0,33.300000000046566,2
PV_126,007,PV_126_block_007,PV_126_007_600481_L,600481.0,600664.15,17.834534860356552,40.06192093011386,L,binocular,2,"/Volumes/Data-1/Nimrod/experiments/PV_126/2024_07_18/block_007/oe_files/PV126_Trial16_wake3_2024-07-18_12-49-12/Record Node 102/analysis/Animal=PV_126,recNames=block_007/lizMov.mat",True,False,0,0,,2
PV_126,007,PV_126_block_007,PV_126_007_604310_L,604310.5,604460.35,10.672666156215286,298.1045053772798,L,binocular,2,"/Volumes/Data-1/Nimrod/experiments/PV_126/2024_07_18/block_007/oe_files/PV126_Trial16_wake3_2024-07-18_12-49-12/Record Node 102/analysis/Animal=PV_126,recNames=block_007/lizMov.mat",True,False,0,0,,2
PV_126,007,PV_126_block_007,PV_126_007_604510_L,604510.3,604560.25,11.590677408869452,162.39652609423587,L,binocular,2,"/Volumes/Data-1/Nimrod/experiments/PV_126/2024_07_18/block_007/oe_files/PV126_Trial16_wake3_2024-07-18_12-49-12/Record Node 102/analysis/Animal=PV_126,recNames=block_007/lizMov.mat",True,False,2,0,33.29999999993015,2
PV_126,007,PV_126_block_007,PV_126_007_604544_L,604543.6,604676.8,8.534434702519949,348.31957104984576,L,binocular,2,"/Volumes/Data-1/Nimrod/experiments/PV_126/2024_07_18/block_007/oe_files/PV126_Trial16_wake3_2024-07-18_12-49-12/Record Node 102/analysis/Animal=PV_126,recNames=block_007/lizMov.mat",True,False,0,0,,2
PV_126,007,PV_126_block_007,PV_126_007_605393_R,605392.75,605525.95,8.115281438656215,111.58558301974881,R,binocular,2,"/Volumes/Data-1/Nimrod/experiments/PV_126/2024_07_18/block_007/oe_files/PV126_Trial16_wake3_2024-07-18_12-49-12/Record Node 102/analysis/Animal=PV_126,recNames=block_007/lizMov.mat",True,False,1,0,66.59999999997672,2
PV_126,007,PV_126_block_007,PV_126_007_605543_R,605542.6,605575.9,11.398242092420464,146.58478921416912,R,binocular,2,"/Volumes/Data-1/Nimrod/experiments/PV_126/2024_07_18/block_007/oe_files/PV126_Trial16_wake3_2024-07-18_12-49-12/Record Node 102/analysis/Animal=PV_126,recNames=block_007/lizMov.mat",True,False,2,0,33.300000000046566,2
PV_126,007,PV_126_block_007,PV_126_007_610771_L,610770.7,610887.25,10.000835575284318,16.420293492342598,L,binocular,2,"/Volumes/Data-1/Nimrod/experiments/PV_126/2024_07_18/block_007/oe_files/PV126_Trial16_wake3_2024-07-18_12-49-12/Record Node 102/analysis/Animal=PV_126,recNames=block_007/lizMov.mat",True,False,2,0,66.60000000009313,2
PV_126,007,PV_126_block_007,PV_126_007_614017_R,614017.45,614117.35,21.96189481911527,337.10158123363874,R,binocular,2,"/Volumes/Data-1/Nimrod/experiments/PV_126/2024_07_18/block_007/oe_files/PV126_Trial16_wake3_2024-07-18_12-49-12/Record Node 102/analysis/Animal=PV_126,recNames=block_007/lizMov.mat",True,True,5,2,99.90000000002328,2
PV_126,007,PV_126_block_007,PV_126_007_614201_R,614200.6,614333.8,19.4937647460516,184.11693168175253,R,binocular,2,"/Volumes/Data-1/Nimrod/experiments/PV_126/2024_07_18/block_007/oe_files/PV126_Trial16_wake3_2024-07-18_12-49-12/Record Node 102/analysis/Animal=PV_126,recNames=block_007/lizMov.mat",True,True,3,1,116.55000000004657,2
PV_126,007,PV_126_block_007,PV_126_007_614334_R,614333.8,614516.95,13.937253628052341,207.69091288239284,R,binocular,2,"/Volumes/Data-1/Nimrod/experiments/PV_126/2024_07_18/block_007/oe_files/PV126_Trial16_wake3_2024-07-18_12-49-12/Record Node 102/analysis/Animal=PV_126,recNames=block_007/lizMov.mat",True,False,1,0,149.84999999997672,2
PV_126,007,PV_126_block_007,PV_126_007_615632_L,615632.5,615665.8,9.08135269548285,174.73973520998817,L,binocular,2,"/Volumes/Data-1/Nimrod/experiments/PV_126/2024_07_18/block_007/oe_files/PV126_Trial16_wake3_2024-07-18_12-49-12/Record Node 102/analysis/Animal=PV_126,recNames=block_007/lizMov.mat",True,False,2,0,33.300000000046566,2
PV_126,007,PV_126_block_007,PV_126_007_615666_R,615665.8,615799.0,8.86324067773626,323.85270113374986,R,binocular,2,"/Volumes/Data-1/Nimrod/experiments/PV_126/2024_07_18/block_007/oe_files/PV126_Trial16_wake3_2024-07-18_12-49-12/Record Node 102/analysis/Animal=PV_126,recNames=block_007/lizMov.mat",True,False,0,0,133.19999999995343,2
PV_126,007,PV_126_block_007,PV_126_007_615799_R,615799.0,615998.8,22.008403535994407,78.0626754993731,R,binocular,2,"/Volumes/Data-1/Nimrod/experiments/PV_126/2024_07_18/block_007/oe_files/PV126_Trial16_wake3_2024-07-18_12-49-12/Record Node 102/analysis/Animal=PV_126,recNames=block_007/lizMov.mat",True,False,1,0,49.949999999953434,2
PV_126,007,PV_126_block_007,PV_126_007_616082_L,616082.05,616132.0,12.2298964479478,166.08593021935556,L,binocular,2,"/Volumes/Data-1/Nimrod/experiments/PV_126/2024_07_18/block_007/oe_files/PV126_Trial16_wake3_2024-07-18_12-49-12/Record Node 102/analysis/Animal=PV_126,recNames=block_007/lizMov.mat",True,False,2,0,33.29999999993015,2
PV_126,007,PV_126_block_007,PV_126_007_616115_R,616115.35,616215.25,10.089539573041494,310.253188850862,R,binocular,2,"/Volumes/Data-1/Nimrod/experiments/PV_126/2024_07_18/block_007/oe_files/PV126_Trial16_wake3_2024-07-18_12-49-12/Record Node 102/analysis/Animal=PV_126,recNames=block_007/lizMov.mat",True,False,0,0,,2
PV_126,007,PV_126_block_007,PV_126_007_616448_R,616448.35,616664.8,9.79913838846836,37.234328028640945,R,binocular,2,"/Volumes/Data-1/Nimrod/experiments/PV_126/2024_07_18/block_007/oe_files/PV126_Trial16_wake3_2024-07-18_12-49-12/Record Node 102/analysis/Animal=PV_126,recNames=block_007/lizMov.mat",True,False,0,0,33.300000000046566,2
PV_126,007,PV_126_block_007,PV_126_007_617930_R,617930.2,617996.8,28.244959592715627,132.26495695975498,R,binocular,2,"/Volumes/Data-1/Nimrod/experiments/PV_126/2024_07_18/block_007/oe_files/PV126_Trial16_wake3_2024-07-18_12-49-12/Record Node 102/analysis/Animal=PV_126,recNames=block_007/lizMov.mat",True,False,2,0,66.60000000009313,2
PV_126,007,PV_126_block_007,PV_126_007_624890_R,624889.9,625023.1,10.807680415706763,349.2877031072717,R,binocular,2,"/Volumes/Data-1/Nimrod/experiments/PV_126/2024_07_18/block_007/oe_files/PV126_Trial16_wake3_2024-07-18_12-49-12/Record Node 102/analysis/Animal=PV_126,recNames=block_007/lizMov.mat",True,False,1,0,133.19999999995343,2
PV_126,007,PV_126_block_007,PV_126_007_625056_R,625056.4,625172.95,8.408608284540083,347.2888842817069,R,binocular,2,"/Volumes/Data-1/Nimrod/experiments/PV_126/2024_07_18/block_007/oe_files/PV126_Trial16_wake3_2024-07-18_12-49-12/Record Node 102/analysis/Animal=PV_126,recNames=block_007/lizMov.mat",True,False,1,0,16.650000000023283,2
PV_126,007,PV_126_block_007,PV_126_007_625456_R,625456.0,625522.6,13.975187908789772,140.54223852263772,R,binocular,2,"/Volumes/Data-1/Nimrod/experiments/PV_126/2024_07_18/block_007/oe_files/PV126_Trial16_wake3_2024-07-18_12-49-12/Record Node 102/analysis/Animal=PV_126,recNames=block_007/lizMov.mat",True,True,4,1,33.300000000046566,2
PV_126,007,PV_126_block_007,PV_126_007_625523_R,625522.6,625655.8,13.137636419857431,348.5004812920584,R,binocular,2,"/Volumes/Data-1/Nimrod/experiments/PV_126/2024_07_18/block_007/oe_files/PV126_Trial16_wake3_2024-07-18_12-49-12/Record Node 102/analysis/Animal=PV_126,recNames=block_007/lizMov.mat",True,False,4,0,33.300000000046566,2
PV_126,007,PV_126_block_007,PV_126_007_625806_R,625805.65,625905.55,8.160603584896931,307.91397758767033,R,binocular,2,"/Volumes/Data-1/Nimrod/experiments/PV_126/2024_07_18/block_007/oe_files/PV126_Trial16_wake3_2024-07-18_12-49-12/Record Node 102/analysis/Animal=PV_126,recNames=block_007/lizMov.mat",True,False,1,0,49.949999999953434,2
PV_126,007,PV_126_block_007,PV_126_007_625989_R,625988.8,626038.75,13.801103642216596,149.76533294121793,R,binocular,2,"/Volumes/Data-1/Nimrod/experiments/PV_126/2024_07_18/block_007/oe_files/PV126_Trial16_wake3_2024-07-18_12-49-12/Record Node 102/analysis/Animal=PV_126,recNames=block_007/lizMov.mat",True,False,2,0,16.649999999906868,2
PV_126,007,PV_126_block_007,PV_126_007_626139_L,626138.65,626221.9,10.396326904546425,15.638324623088549,L,binocular,2,"/Volumes/Data-1/Nimrod/experiments/PV_126/2024_07_18/block_007/oe_files/PV126_Trial16_wake3_2024-07-18_12-49-12/Record Node 102/analysis/Animal=PV_126,recNames=block_007/lizMov.mat",True,True,4,1,66.59999999997672,2
PV_126,007,PV_126_block_007,PV_126_007_626239_R,626238.55,626288.5,9.838991286274744,321.6524278064281,R,binocular,2,"/Volumes/Data-1/Nimrod/experiments/PV_126/2024_07_18/block_007/oe_files/PV126_Trial16_wake3_2024-07-18_12-49-12/Record Node 102/analysis/Animal=PV_126,recNames=block_007/lizMov.mat",True,True,4,3,49.949999999953434,2
PV_126,007,PV_126_block_007,PV_126_007_629435_R,629435.35,629535.25,10.178876161589294,90.35110455584093,R,binocular,2,"/Volumes/Data-1/Nimrod/experiments/PV_126/2024_07_18/block_007/oe_files/PV126_Trial16_wake3_2024-07-18_12-49-12/Record Node 102/analysis/Animal=PV_126,recNames=block_007/lizMov.mat",True,False,1,0,116.55000000004657,2
PV_126,007,PV_126_block_007,PV_126_007_635413_L,635412.7,635579.2,44.005039245278766,80.7897630860626,L,binocular,2,"/Volumes/Data-1/Nimrod/experiments/PV_126/2024_07_18/block_007/oe_files/PV126_Trial16_wake3_2024-07-18_12-49-12/Record Node 102/analysis/Animal=PV_126,recNames=block_007/lizMov.mat",True,False,1,0,133.20000000006985,2
PV_126,007,PV_126_block_007,PV_126_007_641656_L,641656.45,641806.3,40.32569602883823,248.55824571953468,L,binocular,2,"/Volumes/Data-1/Nimrod/experiments/PV_126/2024_07_18/block_007/oe_files/PV126_Trial16_wake3_2024-07-18_12-49-12/Record Node 102/analysis/Animal=PV_126,recNames=block_007/lizMov.mat",True,False,1,0,66.60000000009313,2
PV_126,007,PV_126_block_007,PV_126_007_642173_L,642172.6,642255.85,7.862699738882136,270.68074069828975,L,binocular,2,"/Volumes/Data-1/Nimrod/experiments/PV_126/2024_07_18/block_007/oe_files/PV126_Trial16_wake3_2024-07-18_12-49-12/Record Node 102/analysis/Animal=PV_126,recNames=block_007/lizMov.mat",True,False,0,0,,2
PV_126,007,PV_126_block_007,PV_126_007_654660_L,654660.1,654710.05,9.374973453285333,179.64593450154166,L,binocular,2,"/Volumes/Data-1/Nimrod/experiments/PV_126/2024_07_18/block_007/oe_files/PV126_Trial16_wake3_2024-07-18_12-49-12/Record Node 102/analysis/Animal=PV_126,recNames=block_007/lizMov.mat",True,True,3,2,33.300000000046566,2
PV_126,007,PV_126_block_007,PV_126_007_654727_R,654726.7,654826.6,10.339604678168374,134.21407138610752,R,binocular,2,"/Volumes/Data-1/Nimrod/experiments/PV_126/2024_07_18/block_007/oe_files/PV126_Trial16_wake3_2024-07-18_12-49-12/Record Node 102/analysis/Animal=PV_126,recNames=block_007/lizMov.mat",True,False,2,0,49.95000000006985,2
PV_126,007,PV_126_block_007,PV_126_007_654843_R,654843.25,654993.1,20.750171516617318,328.52522962735094,R,binocular,2,"/Volumes/Data-1/Nimrod/experiments/PV_126/2024_07_18/block_007/oe_files/PV126_Trial16_wake3_2024-07-18_12-49-12/Record Node 102/analysis/Animal=PV_126,recNames=block_007/lizMov.mat",True,False,1,0,116.55000000004657,2
PV_126,007,PV_126_block_007,PV_126_007_655842_R,655842.25,655925.5,7.382373979312442,95.44692427644749,R,binocular,2,"/Volumes/Data-1/Nimrod/experiments/PV_126/2024_07_18/block_007/oe_files/PV126_Trial16_wake3_2024-07-18_12-49-12/Record Node 102/analysis/Animal=PV_126,recNames=block_007/lizMov.mat",True,True,3,1,33.300000000046566,2
PV_126,007,PV_126_block_007,PV_126_007_656442_R,656441.65,656558.2,7.6452312215185225,14.291172630004992,R,binocular,2,"/Volumes/Data-1/Nimrod/experiments/PV_126/2024_07_18/block_007/oe_files/PV126_Trial16_wake3_2024-07-18_12-49-12/Record Node 102/analysis/Animal=PV_126,recNames=block_007/lizMov.mat",True,False,0,0,16.650000000023283,2
PV_126,007,PV_126_block_007,PV_126_007_657108_L,657107.65,657157.6,9.702091565059188,166.37324676272598,L,binocular,2,"/Volumes/Data-1/Nimrod/experiments/PV_126/2024_07_18/block_007/oe_files/PV126_Trial16_wake3_2024-07-18_12-49-12/Record Node 102/analysis/Animal=PV_126,recNames=block_007/lizMov.mat",True,False,2,0,16.650000000023283,2
PV_126,007,PV_126_block_007,PV_126_007_680801_L,680800.6,680850.55,10.25043015117439,19.363508516852026,L,binocular,2,"/Volumes/Data-1/Nimrod/experiments/PV_126/2024_07_18/block_007/oe_files/PV126_Trial16_wake3_2024-07-18_12-49-12/Record Node 102/analysis/Animal=PV_126,recNames=block_007/lizMov.mat",True,False,0,0,,2
PV_126,007,PV_126_block_007,PV_126_007_686312_L,686311.75,686378.35,20.484895320050946,243.04142720385647,L,binocular,2,"/Volumes/Data-1/Nimrod/experiments/PV_126/2024_07_18/block_007/oe_files/PV126_Trial16_wake3_2024-07-18_12-49-12/Record Node 102/analysis/Animal=PV_126,recNames=block_007/lizMov.mat",True,False,2,0,49.949999999953434,2
PV_126,007,PV_126_block_007,PV_126_007_686778_R,686777.95,686827.9,11.4525505819919,290.64102891833454,R,binocular,2,"/Volumes/Data-1/Nimrod/experiments/PV_126/2024_07_18/block_007/oe_files/PV126_Trial16_wake3_2024-07-18_12-49-12/Record Node 102/analysis/Animal=PV_126,recNames=block_007/lizMov.mat",True,True,6,1,49.95000000006985,2
PV_126,007,PV_126_block_007,PV_126_007_687461_R,687460.6,687610.45,11.829491560738635,249.9001238557383,R,binocular,2,"/Volumes/Data-1/Nimrod/experiments/PV_126/2024_07_18/block_007/oe_files/PV126_Trial16_wake3_2024-07-18_12-49-12/Record Node 102/analysis/Animal=PV_126,recNames=block_007/lizMov.mat",True,False,2,0,33.300000000046566,2
PV_126,007,PV_126_block_007,PV_126_007_687594_R,687593.8,687677.05,7.941806913616521,318.82260400747566,R,binocular,2,"/Volumes/Data-1/Nimrod/experiments/PV_126/2024_07_18/block_007/oe_files/PV126_Trial16_wake3_2024-07-18_12-49-12/Record Node 102/analysis/Animal=PV_126,recNames=block_007/lizMov.mat",True,True,3,1,66.59999999997672,2
PV_126,007,PV_126_block_007,PV_126_007_687660_R,687660.4,687776.95,12.36673571237906,132.71198901257964,R,binocular,2,"/Volumes/Data-1/Nimrod/experiments/PV_126/2024_07_18/block_007/oe_files/PV126_Trial16_wake3_2024-07-18_12-49-12/Record Node 102/analysis/Animal=PV_126,recNames=block_007/lizMov.mat",True,False,2,0,16.650000000023283,2
PV_126,007,PV_126_block_007,PV_126_007_690657_L,690657.4,690757.3,24.088225141535247,6.933314758399003,L,binocular,2,"/Volumes/Data-1/Nimrod/experiments/PV_126/2024_07_18/block_007/oe_files/PV126_Trial16_wake3_2024-07-18_12-49-12/Record Node 102/analysis/Animal=PV_126,recNames=block_007/lizMov.mat",True,True,2,1,99.90000000002328,2
PV_126,007,PV_126_block_007,PV_126_007_690757_L,690757.3,690857.2,10.426615475778588,118.75515868960638,L,binocular,2,"/Volumes/Data-1/Nimrod/experiments/PV_126/2024_07_18/block_007/oe_files/PV126_Trial16_wake3_2024-07-18_12-49-12/Record Node 102/analysis/Animal=PV_126,recNames=block_007/lizMov.mat",True,False,0,0,,2
PV_126,007,PV_126_block_007,PV_126_007_700081_R,700081.3,700197.85,23.071371059032458,261.56926807529567,R,binocular,2,"/Volumes/Data-1/Nimrod/experiments/PV_126/2024_07_18/block_007/oe_files/PV126_Trial16_wake3_2024-07-18_12-49-12/Record Node 102/analysis/Animal=PV_126,recNames=block_007/lizMov.mat",True,False,0,0,,2
PV_126,007,PV_126_block_007,PV_126_007_701497_L,701496.55,701613.1,26.148059606666365,113.15237204513303,L,binocular,2,"/Volumes/Data-1/Nimrod/experiments/PV_126/2024_07_18/block_007/oe_files/PV126_Trial16_wake3_2024-07-18_12-49-12/Record Node 102/analysis/Animal=PV_126,recNames=block_007/lizMov.mat",True,False,1,0,149.84999999997672,2
PV_126,007,PV_126_block_007,PV_126_007_701880_L,701879.5,701979.4,13.471648190587437,96.57085067623933,L,binocular,2,"/Volumes/Data-1/Nimrod/experiments/PV_126/2024_07_18/block_007/oe_files/PV126_Trial16_wake3_2024-07-18_12-49-12/Record Node 102/analysis/Animal=PV_126,recNames=block_007/lizMov.mat",True,True,3,2,99.90000000002328,2
PV_126,007,PV_126_block_007,PV_126_007_705659_L,705659.05,705775.6,34.49499320320913,236.63924862050717,L,binocular,2,"/Volumes/Data-1/Nimrod/experiments/PV_126/2024_07_18/block_007/oe_files/PV126_Trial16_wake3_2024-07-18_12-49-12/Record Node 102/analysis/Animal=PV_126,recNames=block_007/lizMov.mat",True,False,1,0,66.59999999997672,2
PV_126,007,PV_126_block_007,PV_126_007_705842_R,705842.2,705958.75,7.748882158040997,303.9621873344671,R,binocular,2,"/Volumes/Data-1/Nimrod/experiments/PV_126/2024_07_18/block_007/oe_files/PV126_Trial16_wake3_2024-07-18_12-49-12/Record Node 102/analysis/Animal=PV_126,recNames=block_007/lizMov.mat",True,False,2,0,116.55000000004657,2
PV_126,007,PV_126_block_007,PV_126_007_709955_L,709954.75,710104.6,21.942473545164923,45.83004583462222,L,binocular,2,"/Volumes/Data-1/Nimrod/experiments/PV_126/2024_07_18/block_007/oe_files/PV126_Trial16_wake3_2024-07-18_12-49-12/Record Node 102/analysis/Animal=PV_126,recNames=block_007/lizMov.mat",True,False,1,0,83.25,2
PV_126,007,PV_126_block_007,PV_126_007_711154_L,711153.55,711286.75,13.45840516040539,110.21255790952846,L,binocular,2,"/Volumes/Data-1/Nimrod/experiments/PV_126/2024_07_18/block_007/oe_files/PV126_Trial16_wake3_2024-07-18_12-49-12/Record Node 102/analysis/Animal=PV_126,recNames=block_007/lizMov.mat",True,False,1,0,149.84999999997672,2
PV_126,007,PV_126_block_007,PV_126_007_721210_L,721210.15,721293.4,32.7886722360874,231.92993820489977,L,binocular,2,"/Volumes/Data-1/Nimrod/experiments/PV_126/2024_07_18/block_007/oe_files/PV126_Trial16_wake3_2024-07-18_12-49-12/Record Node 102/analysis/Animal=PV_126,recNames=block_007/lizMov.mat",True,False,3,0,49.949999999953434,2
PV_126,007,PV_126_block_007,PV_126_007_721410_R,721409.95,721476.55,18.810930752839095,131.93413433713502,R,binocular,2,"/Volumes/Data-1/Nimrod/experiments/PV_126/2024_07_18/block_007/oe_files/PV126_Trial16_wake3_2024-07-18_12-49-12/Record Node 102/analysis/Animal=PV_126,recNames=block_007/lizMov.mat",True,False,2,0,33.300000000046566,2
PV_126,007,PV_126_block_007,PV_126_007_721576_R,721576.45,721609.75,10.447819844879511,124.36016716040128,R,binocular,2,"/Volumes/Data-1/Nimrod/experiments/PV_126/2024_07_18/block_007/oe_files/PV126_Trial16_wake3_2024-07-18_12-49-12/Record Node 102/analysis/Animal=PV_126,recNames=block_007/lizMov.mat",True,False,2,0,33.300000000046566,2
PV_126,007,PV_126_block_007,PV_126_007_749032_R,749032.3,749115.55,28.36306129738555,309.5880698050151,R,binocular,2,"/Volumes/Data-1/Nimrod/experiments/PV_126/2024_07_18/block_007/oe_files/PV126_Trial16_wake3_2024-07-18_12-49-12/Record Node 102/analysis/Animal=PV_126,recNames=block_007/lizMov.mat",True,True,3,1,83.25,2
PV_126,007,PV_126_block_007,PV_126_007_749116_R,749115.55,749248.75,8.913930445721068,132.6005711704428,R,binocular,2,"/Volumes/Data-1/Nimrod/experiments/PV_126/2024_07_18/block_007/oe_files/PV126_Trial16_wake3_2024-07-18_12-49-12/Record Node 102/analysis/Animal=PV_126,recNames=block_007/lizMov.mat",True,False,2,0,66.59999999997672,2
PV_126,007,PV_126_block_007,PV_126_007_749265_R,749265.4,749448.55,9.018256596695391,333.2917713039184,R,binocular,2,"/Volumes/Data-1/Nimrod/experiments/PV_126/2024_07_18/block_007/oe_files/PV126_Trial16_wake3_2024-07-18_12-49-12/Record Node 102/analysis/Animal=PV_126,recNames=block_007/lizMov.mat",True,False,0,0,33.29999999993015,2
PV_126,007,PV_126_block_007,PV_126_007_749432_R,749431.9,749498.5,18.86245012626613,295.4324133582663,R,binocular,2,"/Volumes/Data-1/Nimrod/experiments/PV_126/2024_07_18/block_007/oe_files/PV126_Trial16_wake3_2024-07-18_12-49-12/Record Node 102/analysis/Animal=PV_126,recNames=block_007/lizMov.mat",True,True,4,1,49.949999999953434,2
PV_126,007,PV_126_block_007,PV_126_007_749532_R,749531.8,749615.05,13.836966107454376,331.33035919559484,R,binocular,2,"/Volumes/Data-1/Nimrod/experiments/PV_126/2024_07_18/block_007/oe_files/PV126_Trial16_wake3_2024-07-18_12-49-12/Record Node 102/analysis/Animal=PV_126,recNames=block_007/lizMov.mat",True,False,1,0,33.29999999993015,2
PV_126,007,PV_126_block_007,PV_126_007_749615_R,749615.05,749731.6,15.758974620283421,132.1956931288852,R,binocular,2,"/Volumes/Data-1/Nimrod/experiments/PV_126/2024_07_18/block_007/oe_files/PV126_Trial16_wake3_2024-07-18_12-49-12/Record Node 102/analysis/Animal=PV_126,recNames=block_007/lizMov.mat",True,False,0,0,,2
PV_126,007,PV_126_block_007,PV_126_007_749998_L,749998.0,750147.85,17.474514528892065,95.03898606597022,L,binocular,2,"/Volumes/Data-1/Nimrod/experiments/PV_126/2024_07_18/block_007/oe_files/PV126_Trial16_wake3_2024-07-18_12-49-12/Record Node 102/analysis/Animal=PV_126,recNames=block_007/lizMov.mat",True,True,2,1,99.90000000002328,2
PV_126,007,PV_126_block_007,PV_126_007_753178_L,753178.15,753328.0,18.64880540947841,247.12395671698192,L,binocular,2,"/Volumes/Data-1/Nimrod/experiments/PV_126/2024_07_18/block_007/oe_files/PV126_Trial16_wake3_2024-07-18_12-49-12/Record Node 102/analysis/Animal=PV_126,recNames=block_007/lizMov.mat",True,False,1,0,149.84999999997672,2
PV_126,007,PV_126_block_007,PV_126_007_753428_L,753427.9,753627.7,21.20404561432276,18.88983048699263,L,binocular,2,"/Volumes/Data-1/Nimrod/experiments/PV_126/2024_07_18/block_007/oe_files/PV126_Trial16_wake3_2024-07-18_12-49-12/Record Node 102/analysis/Animal=PV_126,recNames=block_007/lizMov.mat",True,False,1,0,49.949999999953434,2
PV_126,007,PV_126_block_007,PV_126_007_753694_R,753694.3,753760.9,19.82243992215146,8.227842533534437,R,binocular,2,"/Volumes/Data-1/Nimrod/experiments/PV_126/2024_07_18/block_007/oe_files/PV126_Trial16_wake3_2024-07-18_12-49-12/Record Node 102/analysis/Animal=PV_126,recNames=block_007/lizMov.mat",True,True,5,2,49.949999999953434,2
PV_126,007,PV_126_block_007,PV_126_007_753744_R,753744.25,753844.15,16.856429443729482,190.72795179417633,R,binocular,2,"/Volumes/Data-1/Nimrod/experiments/PV_126/2024_07_18/block_007/oe_files/PV126_Trial16_wake3_2024-07-18_12-49-12/Record Node 102/analysis/Animal=PV_126,recNames=block_007/lizMov.mat",True,True,4,2,16.650000000023283,2
PV_126,007,PV_126_block_007,PV_126_007_753844_R,753844.15,753894.1,18.636072563973,16.422930703812,R,binocular,2,"/Volumes/Data-1/Nimrod/experiments/PV_126/2024_07_18/block_007/oe_files/PV126_Trial16_wake3_2024-07-18_12-49-12/Record Node 102/analysis/Animal=PV_126,recNames=block_007/lizMov.mat",True,True,6,2,33.29999999993015,2
PV_126,007,PV_126_block_007,PV_126_007_753877_R,753877.45,753944.05,14.212396715979866,172.30723197689645,R,binocular,2,"/Volumes/Data-1/Nimrod/experiments/PV_126/2024_07_18/block_007/oe_files/PV126_Trial16_wake3_2024-07-18_12-49-12/Record Node 102/analysis/Animal=PV_126,recNames=block_007/lizMov.mat",True,True,4,2,49.95000000006985,2
PV_126,007,PV_126_block_007,PV_126_007_753944_R,753944.05,754010.65,13.82983795951764,191.01097014630108,R,binocular,2,"/Volumes/Data-1/Nimrod/experiments/PV_126/2024_07_18/block_007/oe_files/PV126_Trial16_wake3_2024-07-18_12-49-12/Record Node 102/analysis/Animal=PV_126,recNames=block_007/lizMov.mat",True,False,1,0,33.29999999993015,2
PV_126,007,PV_126_block_007,PV_126_007_754027_R,754027.3,754143.85,20.40667807464748,223.05068058537333,R,binocular,2,"/Volumes/Data-1/Nimrod/experiments/PV_126/2024_07_18/block_007/oe_files/PV126_Trial16_wake3_2024-07-18_12-49-12/Record Node 102/analysis/Animal=PV_126,recNames=block_007/lizMov.mat",True,True,4,3,33.29999999993015,2
PV_126,007,PV_126_block_007,PV_126_007_754144_R,754143.85,754243.75,8.186859862137903,106.67784770913926,R,binocular,2,"/Volumes/Data-1/Nimrod/experiments/PV_126/2024_07_18/block_007/oe_files/PV126_Trial16_wake3_2024-07-18_12-49-12/Record Node 102/analysis/Animal=PV_126,recNames=block_007/lizMov.mat",True,True,4,3,33.300000000046566,2
PV_126,007,PV_126_block_007,PV_126_007_758057_R,758056.6,758089.9,11.268377445049936,191.22408650579592,R,binocular,2,"/Volumes/Data-1/Nimrod/experiments/PV_126/2024_07_18/block_007/oe_files/PV126_Trial16_wake3_2024-07-18_12-49-12/Record Node 102/analysis/Animal=PV_126,recNames=block_007/lizMov.mat",True,True,3,2,33.300000000046566,2
PV_126,007,PV_126_block_007,PV_126_007_762103_R,762102.55,762135.85,13.912980068074548,185.16285984612153,R,binocular,2,"/Volumes/Data-1/Nimrod/experiments/PV_126/2024_07_18/block_007/oe_files/PV126_Trial16_wake3_2024-07-18_12-49-12/Record Node 102/analysis/Animal=PV_126,recNames=block_007/lizMov.mat",True,True,6,2,33.29999999993015,2
PV_126,007,PV_126_block_007,PV_126_007_764150_L,764150.5,764217.1,9.914929065498296,1.186881317000543,L,binocular,2,"/Volumes/Data-1/Nimrod/experiments/PV_126/2024_07_18/block_007/oe_files/PV126_Trial16_wake3_2024-07-18_12-49-12/Record Node 102/analysis/Animal=PV_126,recNames=block_007/lizMov.mat",True,True,5,1,83.25,2
PV_126,007,PV_126_block_007,PV_126_007_770527_L,770527.45,770560.75,10.077022957209794,328.10616276271423,L,binocular,2,"/Volumes/Data-1/Nimrod/experiments/PV_126/2024_07_18/block_007/oe_files/PV126_Trial16_wake3_2024-07-18_12-49-12/Record Node 102/analysis/Animal=PV_126,recNames=block_007/lizMov.mat",True,False,1,0,33.300000000046566,2
PV_126,007,PV_126_block_007,PV_126_007_770561_L,770560.75,770677.3,16.575058980220486,113.06494314808387,L,binocular,2,"/Volumes/Data-1/Nimrod/experiments/PV_126/2024_07_18/block_007/oe_files/PV126_Trial16_wake3_2024-07-18_12-49-12/Record Node 102/analysis/Animal=PV_126,recNames=block_007/lizMov.mat",True,False,1,0,83.25,2
PV_126,007,PV_126_block_007,PV_126_007_776472_R,776471.5,776538.1,8.674904311511241,339.33699369565466,R,binocular,2,"/Volumes/Data-1/Nimrod/experiments/PV_126/2024_07_18/block_007/oe_files/PV126_Trial16_wake3_2024-07-18_12-49-12/Record Node 102/analysis/Animal=PV_126,recNames=block_007/lizMov.mat",True,False,0,0,,2
PV_126,007,PV_126_block_007,PV_126_007_794587_L,794586.7,794736.55,24.307581344014014,207.9236572087885,L,binocular,2,"/Volumes/Data-1/Nimrod/experiments/PV_126/2024_07_18/block_007/oe_files/PV126_Trial16_wake3_2024-07-18_12-49-12/Record Node 102/analysis/Animal=PV_126,recNames=block_007/lizMov.mat",True,False,1,0,149.85000000009313,2
PV_126,007,PV_126_block_007,PV_126_007_797317_R,797317.3,797433.85,28.078199445401278,77.56639015690777,R,binocular,2,"/Volumes/Data-1/Nimrod/experiments/PV_126/2024_07_18/block_007/oe_files/PV126_Trial16_wake3_2024-07-18_12-49-12/Record Node 102/analysis/Animal=PV_126,recNames=block_007/lizMov.mat",True,True,3,1,49.949999999953434,2
PV_126,007,PV_126_block_007,PV_126_007_802695_L,802695.25,802745.2,19.134864839420594,8.120760085068495,L,binocular,2,"/Volumes/Data-1/Nimrod/experiments/PV_126/2024_07_18/block_007/oe_files/PV126_Trial16_wake3_2024-07-18_12-49-12/Record Node 102/analysis/Animal=PV_126,recNames=block_007/lizMov.mat",True,False,2,0,49.949999999953434,2
PV_126,007,PV_126_block_007,PV_126_007_802745_L,802745.2,802811.8,7.188127898931245,182.89091405496305,L,binocular,2,"/Volumes/Data-1/Nimrod/experiments/PV_126/2024_07_18/block_007/oe_files/PV126_Trial16_wake3_2024-07-18_12-49-12/Record Node 102/analysis/Animal=PV_126,recNames=block_007/lizMov.mat",True,False,0,0,,2
PV_126,007,PV_126_block_007,PV_126_007_811470_R,811469.8,811569.7,30.43819927335989,227.59771838073604,R,binocular,2,"/Volumes/Data-1/Nimrod/experiments/PV_126/2024_07_18/block_007/oe_files/PV126_Trial16_wake3_2024-07-18_12-49-12/Record Node 102/analysis/Animal=PV_126,recNames=block_007/lizMov.mat",True,False,0,0,,2
PV_126,007,PV_126_block_007,PV_126_007_815649_L,815648.95,815832.1,37.14739276498979,220.36328694463586,L,binocular,2,"/Volumes/Data-1/Nimrod/experiments/PV_126/2024_07_18/block_007/oe_files/PV126_Trial16_wake3_2024-07-18_12-49-12/Record Node 102/analysis/Animal=PV_126,recNames=block_007/lizMov.mat",True,False,0,0,,2
PV_126,007,PV_126_block_007,PV_126_007_815832_L,815832.1,815981.95,19.83087180306461,45.140611507296995,L,binocular,2,"/Volumes/Data-1/Nimrod/experiments/PV_126/2024_07_18/block_007/oe_files/PV126_Trial16_wake3_2024-07-18_12-49-12/Record Node 102/analysis/Animal=PV_126,recNames=block_007/lizMov.mat",True,False,0,0,,2
PV_126,007,PV_126_block_007,PV_126_007_816065_L,816065.2,816198.4,21.582067957611788,238.41105108163651,L,binocular,2,"/Volumes/Data-1/Nimrod/experiments/PV_126/2024_07_18/block_007/oe_files/PV126_Trial16_wake3_2024-07-18_12-49-12/Record Node 102/analysis/Animal=PV_126,recNames=block_007/lizMov.mat",True,False,1,0,66.60000000009313,2
PV_126,007,PV_126_block_007,PV_126_007_816731_R,816731.2,816814.45,15.384059200359516,157.7043773268696,R,binocular,2,"/Volumes/Data-1/Nimrod/experiments/PV_126/2024_07_18/block_007/oe_files/PV126_Trial16_wake3_2024-07-18_12-49-12/Record Node 102/analysis/Animal=PV_126,recNames=block_007/lizMov.mat",True,False,2,0,99.90000000002328,2
PV_126,007,PV_126_block_007,PV_126_007_820028_R,820027.9,820077.85,8.016072305671768,175.86216885887222,R,binocular,2,"/Volumes/Data-1/Nimrod/experiments/PV_126/2024_07_18/block_007/oe_files/PV126_Trial16_wake3_2024-07-18_12-49-12/Record Node 102/analysis/Animal=PV_126,recNames=block_007/lizMov.mat",True,False,3,0,49.949999999953434,2
PV_126,007,PV_126_block_007,PV_126_007_825289_R,825289.3,825372.55,23.128472109387207,341.36808702779626,R,binocular,2,"/Volumes/Data-1/Nimrod/experiments/PV_126/2024_07_18/block_007/oe_files/PV126_Trial16_wake3_2024-07-18_12-49-12/Record Node 102/analysis/Animal=PV_126,recNames=block_007/lizMov.mat",True,True,4,1,83.25,2
PV_126,007,PV_126_block_007,PV_126_007_825456_L,825455.8,825555.7,9.193777344473142,171.532324663091,L,binocular,2,"/Volumes/Data-1/Nimrod/experiments/PV_126/2024_07_18/block_007/oe_files/PV126_Trial16_wake3_2024-07-18_12-49-12/Record Node 102/analysis/Animal=PV_126,recNames=block_007/lizMov.mat",True,False,3,0,33.29999999993015,2
PV_126,007,PV_126_block_007,PV_126_007_825539_R,825539.05,825589.0,12.954207841059485,22.675731192213895,R,binocular,2,"/Volumes/Data-1/Nimrod/experiments/PV_126/2024_07_18/block_007/oe_files/PV126_Trial16_wake3_2024-07-18_12-49-12/Record Node 102/analysis/Animal=PV_126,recNames=block_007/lizMov.mat",True,False,2,0,49.949999999953434,2
PV_126,007,PV_126_block_007,PV_126_007_825589_L,825589.0,825655.6,7.181889062387182,201.19326975986658,L,binocular,2,"/Volumes/Data-1/Nimrod/experiments/PV_126/2024_07_18/block_007/oe_files/PV126_Trial16_wake3_2024-07-18_12-49-12/Record Node 102/analysis/Animal=PV_126,recNames=block_007/lizMov.mat",True,False,0,0,,2
PV_126,007,PV_126_block_007,PV_126_007_825822_R,825822.1,825872.05,15.538278549829997,178.59422114180128,R,binocular,2,"/Volumes/Data-1/Nimrod/experiments/PV_126/2024_07_18/block_007/oe_files/PV126_Trial16_wake3_2024-07-18_12-49-12/Record Node 102/analysis/Animal=PV_126,recNames=block_007/lizMov.mat",True,True,5,1,33.300000000046566,2
PV_126,007,PV_126_block_007,PV_126_007_826238_L,826238.35,826255.0,7.478428491314945,162.41792661273738,L,binocular,2,"/Volumes/Data-1/Nimrod/experiments/PV_126/2024_07_18/block_007/oe_files/PV126_Trial16_wake3_2024-07-18_12-49-12/Record Node 102/analysis/Animal=PV_126,recNames=block_007/lizMov.mat",True,False,1,0,16.650000000023283,2
PV_126,007,PV_126_block_007,PV_126_007_826255_L,826255.0,826321.6,10.901144169677304,18.849009456959944,L,binocular,2,"/Volumes/Data-1/Nimrod/experiments/PV_126/2024_07_18/block_007/oe_files/PV126_Trial16_wake3_2024-07-18_12-49-12/Record Node 102/analysis/Animal=PV_126,recNames=block_007/lizMov.mat",True,False,0,0,,2
PV_126,007,PV_126_block_007,PV_126_007_826788_L,826787.8,826837.75,17.151530150734597,198.7686109565302,L,binocular,2,"/Volumes/Data-1/Nimrod/experiments/PV_126/2024_07_18/block_007/oe_files/PV126_Trial16_wake3_2024-07-18_12-49-12/Record Node 102/analysis/Animal=PV_126,recNames=block_007/lizMov.mat",True,False,2,0,49.949999999953434,2
PV_126,007,PV_126_block_007,PV_126_007_826838_L,826837.75,826937.65,12.819034211777657,5.552244609593592,L,binocular,2,"/Volumes/Data-1/Nimrod/experiments/PV_126/2024_07_18/block_007/oe_files/PV126_Trial16_wake3_2024-07-18_12-49-12/Record Node 102/analysis/Animal=PV_126,recNames=block_007/lizMov.mat",True,False,0,0,,2
PV_126,007,PV_126_block_007,PV_126_007_827987_R,827986.6,828036.55,8.05141463119438,194.52009055327756,R,binocular,2,"/Volumes/Data-1/Nimrod/experiments/PV_126/2024_07_18/block_007/oe_files/PV126_Trial16_wake3_2024-07-18_12-49-12/Record Node 102/analysis/Animal=PV_126,recNames=block_007/lizMov.mat",True,True,2,1,33.300000000046566,2
PV_126,007,PV_126_block_007,PV_126_007_828020_R,828019.9,828153.1,8.36114951850335,48.295231954941215,R,binocular,2,"/Volumes/Data-1/Nimrod/experiments/PV_126/2024_07_18/block_007/oe_files/PV126_Trial16_wake3_2024-07-18_12-49-12/Record Node 102/analysis/Animal=PV_126,recNames=block_007/lizMov.mat",True,False,2,0,33.29999999993015,2
PV_126,007,PV_126_block_007,PV_126_007_828270_L,828269.65,828336.25,22.534508122522077,14.724110440484399,L,binocular,2,"/Volumes/Data-1/Nimrod/experiments/PV_126/2024_07_18/block_007/oe_files/PV126_Trial16_wake3_2024-07-18_12-49-12/Record Node 102/analysis/Animal=PV_126,recNames=block_007/lizMov.mat",True,False,2,0,49.949999999953434,2
PV_126,007,PV_126_block_007,PV_126_007_828320_R,828319.6,828486.1,18.963439174693576,196.3246007256895,R,binocular,2,"/Volumes/Data-1/Nimrod/experiments/PV_126/2024_07_18/block_007/oe_files/PV126_Trial16_wake3_2024-07-18_12-49-12/Record Node 102/analysis/Animal=PV_126,recNames=block_007/lizMov.mat",True,False,0,0,,2
PV_126,007,PV_126_block_007,PV_126_007_830667_R,830667.25,830750.5,14.778541022516842,183.06787781283907,R,binocular,2,"/Volumes/Data-1/Nimrod/experiments/PV_126/2024_07_18/block_007/oe_files/PV126_Trial16_wake3_2024-07-18_12-49-12/Record Node 102/analysis/Animal=PV_126,recNames=block_007/lizMov.mat",True,False,2,0,33.300000000046566,2
PV_126,007,PV_126_block_007,PV_126_007_830750_R,830750.5,830833.75,10.306649011036349,343.0213186719111,R,binocular,2,"/Volumes/Data-1/Nimrod/experiments/PV_126/2024_07_18/block_007/oe_files/PV126_Trial16_wake3_2024-07-18_12-49-12/Record Node 102/analysis/Animal=PV_126,recNames=block_007/lizMov.mat",True,True,2,1,83.25,2
PV_126,007,PV_126_block_007,PV_126_007_830834_R,830833.75,830966.95,10.539836654234321,44.73481000100417,R,binocular,2,"/Volumes/Data-1/Nimrod/experiments/PV_126/2024_07_18/block_007/oe_files/PV126_Trial16_wake3_2024-07-18_12-49-12/Record Node 102/analysis/Animal=PV_126,recNames=block_007/lizMov.mat",True,False,1,0,16.650000000023283,2
PV_126,007,PV_126_block_007,PV_126_007_832599_L,832598.65,832648.6,14.716381225691997,18.369038614569686,L,binocular,2,"/Volumes/Data-1/Nimrod/experiments/PV_126/2024_07_18/block_007/oe_files/PV126_Trial16_wake3_2024-07-18_12-49-12/Record Node 102/analysis/Animal=PV_126,recNames=block_007/lizMov.mat",True,True,3,1,49.949999999953434,2
PV_126,007,PV_126_block_007,PV_126_007_832782_L,832781.8,832898.35,16.24446481299188,177.13044577954963,L,binocular,2,"/Volumes/Data-1/Nimrod/experiments/PV_126/2024_07_18/block_007/oe_files/PV126_Trial16_wake3_2024-07-18_12-49-12/Record Node 102/analysis/Animal=PV_126,recNames=block_007/lizMov.mat",True,True,4,2,33.29999999993015,2
PV_126,007,PV_126_block_007,PV_126_007_832898_R,832898.35,833031.55,12.799807974938783,208.08206954791424,R,binocular,2,"/Volumes/Data-1/Nimrod/experiments/PV_126/2024_07_18/block_007/oe_files/PV126_Trial16_wake3_2024-07-18_12-49-12/Record Node 102/analysis/Animal=PV_126,recNames=block_007/lizMov.mat",True,False,1,0,33.300000000046566,2
PV_126,007,PV_126_block_007,PV_126_007_847484_L,847483.75,847550.35,7.89116698977535,343.8075946360704,L,binocular,2,"/Volumes/Data-1/Nimrod/experiments/PV_126/2024_07_18/block_007/oe_files/PV126_Trial16_wake3_2024-07-18_12-49-12/Record Node 102/analysis/Animal=PV_126,recNames=block_007/lizMov.mat",True,False,2,0,83.25,2
PV_126,007,PV_126_block_007,PV_126_007_847634_R,847633.6,847683.55,14.676754518187797,356.3444095735084,R,binocular,2,"/Volumes/Data-1/Nimrod/experiments/PV_126/2024_07_18/block_007/oe_files/PV126_Trial16_wake3_2024-07-18_12-49-12/Record Node 102/analysis/Animal=PV_126,recNames=block_007/lizMov.mat",True,True,6,2,49.95000000006985,2
PV_126,007,PV_126_block_007,PV_126_007_847684_R,847683.55,847750.15,8.55304948440867,178.70746657316556,R,binocular,2,"/Volumes/Data-1/Nimrod/experiments/PV_126/2024_07_18/block_007/oe_files/PV126_Trial16_wake3_2024-07-18_12-49-12/Record Node 102/analysis/Animal=PV_126,recNames=block_007/lizMov.mat",True,False,3,0,66.59999999997672,2
PV_126,007,PV_126_block_007,PV_126_007_847783_L,847783.45,847949.95,9.809730385234422,150.19889479120422,L,binocular,2,"/Volumes/Data-1/Nimrod/experiments/PV_126/2024_07_18/block_007/oe_files/PV126_Trial16_wake3_2024-07-18_12-49-12/Record Node 102/analysis/Animal=PV_126,recNames=block_007/lizMov.mat",True,False,0,0,149.85000000009313,2
PV_126,007,PV_126_block_007,PV_126_007_847933_R,847933.3,848066.5,14.967038971146891,111.44395269931834,R,binocular,2,"/Volumes/Data-1/Nimrod/experiments/PV_126/2024_07_18/block_007/oe_files/PV126_Trial16_wake3_2024-07-18_12-49-12/Record Node 102/analysis/Animal=PV_126,recNames=block_007/lizMov.mat",True,False,1,0,49.949999999953434,2
PV_126,007,PV_126_block_007,PV_126_007_848416_R,848416.15,848516.05,8.760172852554636,339.95840917989887,R,binocular,2,"/Volumes/Data-1/Nimrod/experiments/PV_126/2024_07_18/block_007/oe_files/PV126_Trial16_wake3_2024-07-18_12-49-12/Record Node 102/analysis/Animal=PV_126,recNames=block_007/lizMov.mat",True,True,4,1,16.650000000023283,2
PV_126,007,PV_126_block_007,PV_126_007_848766_L,848765.8,848799.1,8.361452241348578,126.72905757014945,L,binocular,2,"/Volumes/Data-1/Nimrod/experiments/PV_126/2024_07_18/block_007/oe_files/PV126_Trial16_wake3_2024-07-18_12-49-12/Record Node 102/analysis/Animal=PV_126,recNames=block_007/lizMov.mat",True,True,2,1,33.29999999993015,2
PV_126,007,PV_126_block_007,PV_126_007_848799_L,848799.1,848882.35,8.085120468273725,305.18245971063914,L,binocular,2,"/Volumes/Data-1/Nimrod/experiments/PV_126/2024_07_18/block_007/oe_files/PV126_Trial16_wake3_2024-07-18_12-49-12/Record Node 102/analysis/Animal=PV_126,recNames=block_007/lizMov.mat",True,False,0,0,,2
PV_126,007,PV_126_block_007,PV_126_007_849099_R,849098.8,849132.1,11.218288423339352,173.32719305825435,R,binocular,2,"/Volumes/Data-1/Nimrod/experiments/PV_126/2024_07_18/block_007/oe_files/PV126_Trial16_wake3_2024-07-18_12-49-12/Record Node 102/analysis/Animal=PV_126,recNames=block_007/lizMov.mat",True,True,5,3,33.29999999993015,2
PV_126,007,PV_126_block_007,PV_126_007_849981_R,849981.25,850031.2,9.585010860781118,187.3525471857801,R,binocular,2,"/Volumes/Data-1/Nimrod/experiments/PV_126/2024_07_18/block_007/oe_files/PV126_Trial16_wake3_2024-07-18_12-49-12/Record Node 102/analysis/Animal=PV_126,recNames=block_007/lizMov.mat",True,False,2,0,16.650000000023283,2
PV_126,007,PV_126_block_007,PV_126_007_850031_L,850031.2,850164.4,19.38705838050409,181.169961014708,L,binocular,2,"/Volumes/Data-1/Nimrod/experiments/PV_126/2024_07_18/block_007/oe_files/PV126_Trial16_wake3_2024-07-18_12-49-12/Record Node 102/analysis/Animal=PV_126,recNames=block_007/lizMov.mat",True,False,2,0,66.60000000009313,2
PV_126,007,PV_126_block_007,PV_126_007_851213_L,851213.35,851296.6,18.54580171797253,125.59220155083594,L,binocular,2,"/Volumes/Data-1/Nimrod/experiments/PV_126/2024_07_18/block_007/oe_files/PV126_Trial16_wake3_2024-07-18_12-49-12/Record Node 102/analysis/Animal=PV_126,recNames=block_007/lizMov.mat",True,False,2,0,66.59999999997672,2
PV_126,007,PV_126_block_007,PV_126_007_851280_L,851279.95,851379.85,7.45534869403298,308.53237577223354,L,binocular,2,"/Volumes/Data-1/Nimrod/experiments/PV_126/2024_07_18/block_007/oe_files/PV126_Trial16_wake3_2024-07-18_12-49-12/Record Node 102/analysis/Animal=PV_126,recNames=block_007/lizMov.mat",True,False,0,0,,2
PV_126,007,PV_126_block_007,PV_126_007_855309_R,855309.25,855392.5,10.10958993853169,147.35473549983934,R,binocular,2,"/Volumes/Data-1/Nimrod/experiments/PV_126/2024_07_18/block_007/oe_files/PV126_Trial16_wake3_2024-07-18_12-49-12/Record Node 102/analysis/Animal=PV_126,recNames=block_007/lizMov.mat",True,False,2,0,99.90000000002328,2
PV_126,007,PV_126_block_007,PV_126_007_855709_L,855708.85,855758.8,16.905587623596325,270.9354541757483,L,binocular,2,"/Volumes/Data-1/Nimrod/experiments/PV_126/2024_07_18/block_007/oe_files/PV126_Trial16_wake3_2024-07-18_12-49-12/Record Node 102/analysis/Animal=PV_126,recNames=block_007/lizMov.mat",True,True,2,1,33.300000000046566,2
PV_126,007,PV_126_block_007,PV_126_007_861503_R,861503.05,861553.0,14.183338422228541,197.6403471649457,R,binocular,2,"/Volumes/Data-1/Nimrod/experiments/PV_126/2024_07_18/block_007/oe_files/PV126_Trial16_wake3_2024-07-18_12-49-12/Record Node 102/analysis/Animal=PV_126,recNames=block_007/lizMov.mat",True,True,4,1,49.949999999953434,2
PV_126,007,PV_126_block_007,PV_126_007_861570_L,861569.65,861802.75,13.95980661068927,113.77349001953603,L,binocular,2,"/Volumes/Data-1/Nimrod/experiments/PV_126/2024_07_18/block_007/oe_files/PV126_Trial16_wake3_2024-07-18_12-49-12/Record Node 102/analysis/Animal=PV_126,recNames=block_007/lizMov.mat",True,False,2,0,33.29999999993015,2
PV_126,007,PV_126_block_007,PV_126_007_862252_L,862252.3,862452.1,7.298617590122873,154.97554796350542,L,binocular,2,"/Volumes/Data-1/Nimrod/experiments/PV_126/2024_07_18/block_007/oe_files/PV126_Trial16_wake3_2024-07-18_12-49-12/Record Node 102/analysis/Animal=PV_126,recNames=block_007/lizMov.mat",True,False,0,0,66.59999999997672,2
PV_126,007,PV_126_block_007,PV_126_007_863668_L,863667.55,863750.8,10.561352919467666,298.5866917964379,L,binocular,2,"/Volumes/Data-1/Nimrod/experiments/PV_126/2024_07_18/block_007/oe_files/PV126_Trial16_wake3_2024-07-18_12-49-12/Record Node 102/analysis/Animal=PV_126,recNames=block_007/lizMov.mat",True,False,2,0,49.949999999953434,2
PV_126,007,PV_126_block_007,PV_126_007_863751_L,863750.8,863850.7,15.299223508774437,147.01536640250345,L,binocular,2,"/Volumes/Data-1/Nimrod/experiments/PV_126/2024_07_18/block_007/oe_files/PV126_Trial16_wake3_2024-07-18_12-49-12/Record Node 102/analysis/Animal=PV_126,recNames=block_007/lizMov.mat",True,False,0,0,,2
PV_126,007,PV_126_block_007,PV_126_007_868912_L,868912.3,868995.55,14.431592616853207,183.88045356371117,L,binocular,2,"/Volumes/Data-1/Nimrod/experiments/PV_126/2024_07_18/block_007/oe_files/PV126_Trial16_wake3_2024-07-18_12-49-12/Record Node 102/analysis/Animal=PV_126,recNames=block_007/lizMov.mat",True,True,5,2,33.29999999993015,2
PV_126,007,PV_126_block_007,PV_126_007_868996_L,868995.55,869045.5,10.76940227855356,204.45791679793513,L,binocular,2,"/Volumes/Data-1/Nimrod/experiments/PV_126/2024_07_18/block_007/oe_files/PV126_Trial16_wake3_2024-07-18_12-49-12/Record Node 102/analysis/Animal=PV_126,recNames=block_007/lizMov.mat",True,True,4,2,33.29999999993015,2
PV_126,007,PV_126_block_007,PV_126_007_869029_R,869028.85,869095.45,10.4743155911858,1.0747048380296245,R,binocular,2,"/Volumes/Data-1/Nimrod/experiments/PV_126/2024_07_18/block_007/oe_files/PV126_Trial16_wake3_2024-07-18_12-49-12/Record Node 102/analysis/Animal=PV_126,recNames=block_007/lizMov.mat",True,False,2,0,66.59999999997672,2
PV_126,007,PV_126_block_007,PV_126_007_869162_R,869162.05,869228.65,9.102498243178431,171.12819675543338,R,binocular,2,"/Volumes/Data-1/Nimrod/experiments/PV_126/2024_07_18/block_007/oe_files/PV126_Trial16_wake3_2024-07-18_12-49-12/Record Node 102/analysis/Animal=PV_126,recNames=block_007/lizMov.mat",True,False,0,0,49.949999999953434,2
PV_126,007,PV_126_block_007,PV_126_007_869229_L,869228.65,869345.2,24.829791993961585,353.28572941361335,L,binocular,2,"/Volumes/Data-1/Nimrod/experiments/PV_126/2024_07_18/block_007/oe_files/PV126_Trial16_wake3_2024-07-18_12-49-12/Record Node 102/analysis/Animal=PV_126,recNames=block_007/lizMov.mat",True,True,2,1,99.90000000002328,2
PV_126,007,PV_126_block_007,PV_126_007_869329_L,869328.55,869461.75,11.656087027547414,169.7907938914049,L,binocular,2,"/Volumes/Data-1/Nimrod/experiments/PV_126/2024_07_18/block_007/oe_files/PV126_Trial16_wake3_2024-07-18_12-49-12/Record Node 102/analysis/Animal=PV_126,recNames=block_007/lizMov.mat",True,False,1,0,83.25,2
PV_126,007,PV_126_block_007,PV_126_007_873008_L,873008.2,873058.15,14.407520561792118,7.727850084321034,L,binocular,2,"/Volumes/Data-1/Nimrod/experiments/PV_126/2024_07_18/block_007/oe_files/PV126_Trial16_wake3_2024-07-18_12-49-12/Record Node 102/analysis/Animal=PV_126,recNames=block_007/lizMov.mat",True,True,3,1,33.300000000046566,2
PV_126,007,PV_126_block_007,PV_126_007_873058_R,873058.15,873141.4,22.47589263653626,105.2456888093545,R,binocular,2,"/Volumes/Data-1/Nimrod/experiments/PV_126/2024_07_18/block_007/oe_files/PV126_Trial16_wake3_2024-07-18_12-49-12/Record Node 102/analysis/Animal=PV_126,recNames=block_007/lizMov.mat",True,True,2,1,16.650000000023283,2
PV_126,007,PV_126_block_007,PV_126_007_881217_R,881216.65,881299.9,22.540640445680182,158.0335801807515,R,binocular,2,"/Volumes/Data-1/Nimrod/experiments/PV_126/2024_07_18/block_007/oe_files/PV126_Trial16_wake3_2024-07-18_12-49-12/Record Node 102/analysis/Animal=PV_126,recNames=block_007/lizMov.mat",True,False,2,0,83.25,2
PV_126,007,PV_126_block_007,PV_126_007_884480_R,884480.05,884579.95,29.338788475376727,332.650133430928,R,binocular,2,"/Volumes/Data-1/Nimrod/experiments/PV_126/2024_07_18/block_007/oe_files/PV126_Trial16_wake3_2024-07-18_12-49-12/Record Node 102/analysis/Animal=PV_126,recNames=block_007/lizMov.mat",True,False,0,0,,2
PV_126,007,PV_126_block_007,PV_126_007_885895_L,885895.3,885961.9,11.420260300154238,60.673903995706006,L,binocular,2,"/Volumes/Data-1/Nimrod/experiments/PV_126/2024_07_18/block_007/oe_files/PV126_Trial16_wake3_2024-07-18_12-49-12/Record Node 102/analysis/Animal=PV_126,recNames=block_007/lizMov.mat",True,False,1,0,99.89999999990687,2
PV_126,007,PV_126_block_007,PV_126_007_887743_R,887743.45,887810.05,21.22207283866907,353.84783770578065,R,binocular,2,"/Volumes/Data-1/Nimrod/experiments/PV_126/2024_07_18/block_007/oe_files/PV126_Trial16_wake3_2024-07-18_12-49-12/Record Node 102/analysis/Animal=PV_126,recNames=block_007/lizMov.mat",True,False,2,0,49.95000000006985,2
PV_126,007,PV_126_block_007,PV_126_007_887793_L,887793.4,887876.65,11.18129784453667,201.7012766736945,L,binocular,2,"/Volumes/Data-1/Nimrod/experiments/PV_126/2024_07_18/block_007/oe_files/PV126_Trial16_wake3_2024-07-18_12-49-12/Record Node 102/analysis/Animal=PV_126,recNames=block_007/lizMov.mat",True,False,0,0,,2
PV_126,007,PV_126_block_007,PV_126_007_897101_L,897100.75,897184.0,9.871290203978926,320.66276337832943,L,binocular,2,"/Volumes/Data-1/Nimrod/experiments/PV_126/2024_07_18/block_007/oe_files/PV126_Trial16_wake3_2024-07-18_12-49-12/Record Node 102/analysis/Animal=PV_126,recNames=block_007/lizMov.mat",True,False,0,0,,2
PV_126,007,PV_126_block_007,PV_126_007_899215_L,899215.3,899281.9,16.48640878352554,285.9708764059563,L,binocular,2,"/Volumes/Data-1/Nimrod/experiments/PV_126/2024_07_18/block_007/oe_files/PV126_Trial16_wake3_2024-07-18_12-49-12/Record Node 102/analysis/Animal=PV_126,recNames=block_007/lizMov.mat",True,True,2,1,99.89999999990687,2
PV_126,007,PV_126_block_007,PV_126_007_913168_R,913168.0,913234.6,12.70682169520372,351.0178011487063,R,binocular,2,"/Volumes/Data-1/Nimrod/experiments/PV_126/2024_07_18/block_007/oe_files/PV126_Trial16_wake3_2024-07-18_12-49-12/Record Node 102/analysis/Animal=PV_126,recNames=block_007/lizMov.mat",True,False,1,0,133.19999999995343,2
PV_126,007,PV_126_block_007,PV_126_007_913301_R,913301.2,913417.75,7.8009705063445836,188.04035442873712,R,binocular,2,"/Volumes/Data-1/Nimrod/experiments/PV_126/2024_07_18/block_007/oe_files/PV126_Trial16_wake3_2024-07-18_12-49-12/Record Node 102/analysis/Animal=PV_126,recNames=block_007/lizMov.mat",True,False,1,0,83.25,2
PV_126,007,PV_126_block_007,PV_126_007_913451_R,913451.05,913517.65,15.690356635818588,285.26812549149673,R,binocular,2,"/Volumes/Data-1/Nimrod/experiments/PV_126/2024_07_18/block_007/oe_files/PV126_Trial16_wake3_2024-07-18_12-49-12/Record Node 102/analysis/Animal=PV_126,recNames=block_007/lizMov.mat",True,True,3,1,66.59999999997672,2
PV_126,007,PV_126_block_007,PV_126_007_917014_L,917014.15,917180.65,20.610580425985557,88.34054389628534,L,binocular,2,"/Volumes/Data-1/Nimrod/experiments/PV_126/2024_07_18/block_007/oe_files/PV126_Trial16_wake3_2024-07-18_12-49-12/Record Node 102/analysis/Animal=PV_126,recNames=block_007/lizMov.mat",True,False,2,0,83.25,2
PV_126,007,PV_126_block_007,PV_126_007_917930_L,917929.9,918046.45,15.525162800332899,275.36760944683346,L,binocular,2,"/Volumes/Data-1/Nimrod/experiments/PV_126/2024_07_18/block_007/oe_files/PV126_Trial16_wake3_2024-07-18_12-49-12/Record Node 102/analysis/Animal=PV_126,recNames=block_007/lizMov.mat",True,False,0,0,,2
PV_126,007,PV_126_block_007,PV_126_007_920744_R,920743.75,920910.25,12.78713235807568,164.85912451662563,R,binocular,2,"/Volumes/Data-1/Nimrod/experiments/PV_126/2024_07_18/block_007/oe_files/PV126_Trial16_wake3_2024-07-18_12-49-12/Record Node 102/analysis/Animal=PV_126,recNames=block_007/lizMov.mat",True,False,2,0,83.25,2
PV_126,007,PV_126_block_007,PV_126_007_920877_R,920876.95,920943.55,11.66819824539527,338.85714568173705,R,binocular,2,"/Volumes/Data-1/Nimrod/experiments/PV_126/2024_07_18/block_007/oe_files/PV126_Trial16_wake3_2024-07-18_12-49-12/Record Node 102/analysis/Animal=PV_126,recNames=block_007/lizMov.mat",True,True,4,1,66.60000000009313,2
PV_126,007,PV_126_block_007,PV_126_007_923941_R,923940.55,923990.5,9.511316667382308,24.479896047565234,R,binocular,2,"/Volumes/Data-1/Nimrod/experiments/PV_126/2024_07_18/block_007/oe_files/PV126_Trial16_wake3_2024-07-18_12-49-12/Record Node 102/analysis/Animal=PV_126,recNames=block_007/lizMov.mat",True,False,1,0,33.29999999993015,2
PV_126,007,PV_126_block_007,PV_126_007_923974_R,923973.85,924090.4,10.871610887893087,209.15330961833902,R,binocular,2,"/Volumes/Data-1/Nimrod/experiments/PV_126/2024_07_18/block_007/oe_files/PV126_Trial16_wake3_2024-07-18_12-49-12/Record Node 102/analysis/Animal=PV_126,recNames=block_007/lizMov.mat",True,False,2,0,133.20000000006985,2
PV_126,007,PV_126_block_007,PV_126_007_924157_L,924157.0,924190.3,12.205930249881144,357.7190847576418,L,binocular,2,"/Volumes/Data-1/Nimrod/experiments/PV_126/2024_07_18/block_007/oe_files/PV126_Trial16_wake3_2024-07-18_12-49-12/Record Node 102/analysis/Animal=PV_126,recNames=block_007/lizMov.mat",True,False,1,0,33.300000000046566,2
PV_126,007,PV_126_block_007,PV_126_007_924190_R,924190.3,924390.1,17.519911841394222,201.01315091154657,R,binocular,2,"/Volumes/Data-1/Nimrod/experiments/PV_126/2024_07_18/block_007/oe_files/PV126_Trial16_wake3_2024-07-18_12-49-12/Record Node 102/analysis/Animal=PV_126,recNames=block_007/lizMov.mat",True,False,1,0,33.29999999993015,2
PV_126,007,PV_126_block_007,PV_126_007_925789_L,925788.7,925822.0,9.051646386076353,358.0165873892826,L,binocular,2,"/Volumes/Data-1/Nimrod/experiments/PV_126/2024_07_18/block_007/oe_files/PV126_Trial16_wake3_2024-07-18_12-49-12/Record Node 102/analysis/Animal=PV_126,recNames=block_007/lizMov.mat",True,False,2,0,83.25,2
PV_126,007,PV_126_block_007,PV_126_007_930318_L,930317.5,930367.45,11.583425199443019,350.61927672900777,L,binocular,2,"/Volumes/Data-1/Nimrod/experiments/PV_126/2024_07_18/block_007/oe_files/PV126_Trial16_wake3_2024-07-18_12-49-12/Record Node 102/analysis/Animal=PV_126,recNames=block_007/lizMov.mat",True,False,1,0,49.949999999953434,2
PV_126,007,PV_126_block_007,PV_126_007_930367_L,930367.45,930484.0,18.414628387501747,186.4375777774812,L,binocular,2,"/Volumes/Data-1/Nimrod/experiments/PV_126/2024_07_18/block_007/oe_files/PV126_Trial16_wake3_2024-07-18_12-49-12/Record Node 102/analysis/Animal=PV_126,recNames=block_007/lizMov.mat",True,True,2,1,116.55000000004657,2
PV_126,007,PV_126_block_007,PV_126_007_930900_R,930900.25,931033.45,18.72497029211348,105.58674762345103,R,binocular,2,"/Volumes/Data-1/Nimrod/experiments/PV_126/2024_07_18/block_007/oe_files/PV126_Trial16_wake3_2024-07-18_12-49-12/Record Node 102/analysis/Animal=PV_126,recNames=block_007/lizMov.mat",True,False,1,0,16.650000000023283,2
PV_126,007,PV_126_block_007,PV_126_007_931217_R,931216.6,931299.85,8.572626969529377,200.884831123262,R,binocular,2,"/Volumes/Data-1/Nimrod/experiments/PV_126/2024_07_18/block_007/oe_files/PV126_Trial16_wake3_2024-07-18_12-49-12/Record Node 102/analysis/Animal=PV_126,recNames=block_007/lizMov.mat",True,False,1,0,16.650000000023283,2
PV_126,007,PV_126_block_007,PV_126_007_931600_R,931599.55,931699.45,8.627048166186803,14.630044494262386,R,binocular,2,"/Volumes/Data-1/Nimrod/experiments/PV_126/2024_07_18/block_007/oe_files/PV126_Trial16_wake3_2024-07-18_12-49-12/Record Node 102/analysis/Animal=PV_126,recNames=block_007/lizMov.mat",True,True,3,1,33.29999999993015,2
PV_126,007,PV_126_block_007,PV_126_007_932216_L,932215.6,932282.2,7.846416417662705,44.66940544732617,L,binocular,2,"/Volumes/Data-1/Nimrod/experiments/PV_126/2024_07_18/block_007/oe_files/PV126_Trial16_wake3_2024-07-18_12-49-12/Record Node 102/analysis/Animal=PV_126,recNames=block_007/lizMov.mat",True,False,0,0,,2
PV_126,007,PV_126_block_007,PV_126_007_932565_L,932565.25,932681.8,8.045716474309394,172.90122567146113,L,binocular,2,"/Volumes/Data-1/Nimrod/experiments/PV_126/2024_07_18/block_007/oe_files/PV126_Trial16_wake3_2024-07-18_12-49-12/Record Node 102/analysis/Animal=PV_126,recNames=block_007/lizMov.mat",True,False,0,0,33.300000000046566,2
PV_126,007,PV_126_block_007,PV_126_007_932848_R,932848.3,932881.6,8.811403114637018,239.34047339529067,R,binocular,2,"/Volumes/Data-1/Nimrod/experiments/PV_126/2024_07_18/block_007/oe_files/PV126_Trial16_wake3_2024-07-18_12-49-12/Record Node 102/analysis/Animal=PV_126,recNames=block_007/lizMov.mat",True,True,3,2,16.649999999906868,2
PV_126,007,PV_126_block_007,PV_126_007_934347_R,934346.8,934380.1,12.625591607278212,146.93402991702646,R,binocular,2,"/Volumes/Data-1/Nimrod/experiments/PV_126/2024_07_18/block_007/oe_files/PV126_Trial16_wake3_2024-07-18_12-49-12/Record Node 102/analysis/Animal=PV_126,recNames=block_007/lizMov.mat",True,True,3,2,33.29999999993015,2
PV_126,007,PV_126_block_007,PV_126_007_934397_L,934396.75,934529.95,10.721010991368496,163.34533684670086,L,binocular,2,"/Volumes/Data-1/Nimrod/experiments/PV_126/2024_07_18/block_007/oe_files/PV126_Trial16_wake3_2024-07-18_12-49-12/Record Node 102/analysis/Animal=PV_126,recNames=block_007/lizMov.mat",True,False,1,0,116.55000000004657,2
PV_126,007,PV_126_block_007,PV_126_007_936312_L,936311.5,936361.45,13.058509078556051,178.96788544782615,L,binocular,2,"/Volumes/Data-1/Nimrod/experiments/PV_126/2024_07_18/block_007/oe_files/PV126_Trial16_wake3_2024-07-18_12-49-12/Record Node 102/analysis/Animal=PV_126,recNames=block_007/lizMov.mat",True,True,4,1,33.300000000046566,2
PV_126,007,PV_126_block_007,PV_126_007_936345_R,936344.8,936461.35,7.554088175193288,10.289963430880217,R,binocular,2,"/Volumes/Data-1/Nimrod/experiments/PV_126/2024_07_18/block_007/oe_files/PV126_Trial16_wake3_2024-07-18_12-49-12/Record Node 102/analysis/Animal=PV_126,recNames=block_007/lizMov.mat",True,True,3,2,49.949999999953434,2
PV_126,007,PV_126_block_007,PV_126_007_936461_L,936461.35,936511.3,8.899495652649204,207.48785978533851,L,binocular,2,"/Volumes/Data-1/Nimrod/experiments/PV_126/2024_07_18/block_007/oe_files/PV126_Trial16_wake3_2024-07-18_12-49-12/Record Node 102/analysis/Animal=PV_126,recNames=block_007/lizMov.mat",True,False,3,0,33.300000000046566,2
PV_126,007,PV_126_block_007,PV_126_007_937261_L,937260.55,937293.85,10.505479775869334,9.864383239042512,L,binocular,2,"/Volumes/Data-1/Nimrod/experiments/PV_126/2024_07_18/block_007/oe_files/PV126_Trial16_wake3_2024-07-18_12-49-12/Record Node 102/analysis/Animal=PV_126,recNames=block_007/lizMov.mat",True,True,4,1,33.29999999993015,2
PV_126,007,PV_126_block_007,PV_126_007_937294_L,937293.85,937393.75,7.231694536968693,194.95589120269275,L,binocular,2,"/Volumes/Data-1/Nimrod/experiments/PV_126/2024_07_18/block_007/oe_files/PV126_Trial16_wake3_2024-07-18_12-49-12/Record Node 102/analysis/Animal=PV_126,recNames=block_007/lizMov.mat",True,False,1,0,116.55000000004657,2
PV_126,007,PV_126_block_007,PV_126_007_937410_R,937410.4,937460.35,9.993363413911547,5.947808502850321,R,binocular,2,"/Volumes/Data-1/Nimrod/experiments/PV_126/2024_07_18/block_007/oe_files/PV126_Trial16_wake3_2024-07-18_12-49-12/Record Node 102/analysis/Animal=PV_126,recNames=block_007/lizMov.mat",True,False,2,0,16.650000000023283,2
PV_126,007,PV_126_block_007,PV_126_007_937460_L,937460.35,937560.25,9.603648526015926,205.25958887126382,L,binocular,2,"/Volumes/Data-1/Nimrod/experiments/PV_126/2024_07_18/block_007/oe_files/PV126_Trial16_wake3_2024-07-18_12-49-12/Record Node 102/analysis/Animal=PV_126,recNames=block_007/lizMov.mat",True,False,0,0,,2
PV_126,007,PV_126_block_007,PV_126_007_938842_L,938842.3,938892.25,20.32184088762344,38.734552024696,L,binocular,2,"/Volumes/Data-1/Nimrod/experiments/PV_126/2024_07_18/block_007/oe_files/PV126_Trial16_wake3_2024-07-18_12-49-12/Record Node 102/analysis/Animal=PV_126,recNames=block_007/lizMov.mat",True,False,2,0,33.29999999993015,2
PV_126,007,PV_126_block_007,PV_126_007_943088_L,943088.05,943171.3,22.224203097315474,223.97435273238327,L,binocular,2,"/Volumes/Data-1/Nimrod/experiments/PV_126/2024_07_18/block_007/oe_files/PV126_Trial16_wake3_2024-07-18_12-49-12/Record Node 102/analysis/Animal=PV_126,recNames=block_007/lizMov.mat",True,False,2,0,83.25,2
PV_126,007,PV_126_block_007,PV_126_007_943171_L,943171.3,943387.75,16.214048534482497,43.97584334190297,L,binocular,2,"/Volumes/Data-1/Nimrod/experiments/PV_126/2024_07_18/block_007/oe_files/PV126_Trial16_wake3_2024-07-18_12-49-12/Record Node 102/analysis/Animal=PV_126,recNames=block_007/lizMov.mat",True,False,1,0,99.89999999990687,2
PV_126,007,PV_126_block_007,PV_126_007_943404_L,943404.4,943520.95,8.753178149954467,240.908971765285,L,binocular,2,"/Volumes/Data-1/Nimrod/experiments/PV_126/2024_07_18/block_007/oe_files/PV126_Trial16_wake3_2024-07-18_12-49-12/Record Node 102/analysis/Animal=PV_126,recNames=block_007/lizMov.mat",True,False,0,0,33.29999999993015,2
PV_126,007,PV_126_block_007,PV_126_007_943754_L,943754.05,943804.0,9.619304521731989,233.1341161740348,L,binocular,2,"/Volumes/Data-1/Nimrod/experiments/PV_126/2024_07_18/block_007/oe_files/PV126_Trial16_wake3_2024-07-18_12-49-12/Record Node 102/analysis/Animal=PV_126,recNames=block_007/lizMov.mat",True,False,1,0,33.29999999993015,2
PV_126,007,PV_126_block_007,PV_126_007_943787_L,943787.35,943920.55,9.962376853925827,51.84135114570538,L,binocular,2,"/Volumes/Data-1/Nimrod/experiments/PV_126/2024_07_18/block_007/oe_files/PV126_Trial16_wake3_2024-07-18_12-49-12/Record Node 102/analysis/Animal=PV_126,recNames=block_007/lizMov.mat",True,False,0,0,,2
PV_126,007,PV_126_block_007,PV_126_007_948649_R,948649.15,948699.1,8.087158665915862,340.91730643973625,R,binocular,2,"/Volumes/Data-1/Nimrod/experiments/PV_126/2024_07_18/block_007/oe_files/PV126_Trial16_wake3_2024-07-18_12-49-12/Record Node 102/analysis/Animal=PV_126,recNames=block_007/lizMov.mat",True,False,3,0,66.59999999997672,2
PV_126,007,PV_126_block_007,PV_126_007_953877_L,953877.25,953960.5,14.774287415469814,250.4975909191905,L,binocular,2,"/Volumes/Data-1/Nimrod/experiments/PV_126/2024_07_18/block_007/oe_files/PV126_Trial16_wake3_2024-07-18_12-49-12/Record Node 102/analysis/Animal=PV_126,recNames=block_007/lizMov.mat",True,False,1,0,116.55000000004657,2
PV_126,007,PV_126_block_007,PV_126_007_958722_L,958722.4,958772.35,13.89071004216187,48.82952513155967,L,binocular,2,"/Volumes/Data-1/Nimrod/experiments/PV_126/2024_07_18/block_007/oe_files/PV126_Trial16_wake3_2024-07-18_12-49-12/Record Node 102/analysis/Animal=PV_126,recNames=block_007/lizMov.mat",True,False,3,0,16.650000000023283,2
PV_126,007,PV_126_block_007,PV_126_007_963035_L,963034.75,963151.3,25.347653152151345,44.81700810115229,L,binocular,2,"/Volumes/Data-1/Nimrod/experiments/PV_126/2024_07_18/block_007/oe_files/PV126_Trial16_wake3_2024-07-18_12-49-12/Record Node 102/analysis/Animal=PV_126,recNames=block_007/lizMov.mat",True,False,2,0,149.84999999997672,2
PV_126,007,PV_126_block_007,PV_126_007_969994_L,969994.45,970094.35,25.398162972876904,223.93340358858978,L,binocular,2,"/Volumes/Data-1/Nimrod/experiments/PV_126/2024_07_18/block_007/oe_files/PV126_Trial16_wake3_2024-07-18_12-49-12/Record Node 102/analysis/Animal=PV_126,recNames=block_007/lizMov.mat",True,True,3,1,66.60000000009313,2
PV_126,007,PV_126_block_007,PV_126_007_970977_R,970976.8,971060.05,15.285310651708373,119.60245391183281,R,binocular,2,"/Volumes/Data-1/Nimrod/experiments/PV_126/2024_07_18/block_007/oe_files/PV126_Trial16_wake3_2024-07-18_12-49-12/Record Node 102/analysis/Animal=PV_126,recNames=block_007/lizMov.mat",True,False,2,0,83.25,2
PV_126,007,PV_126_block_007,PV_126_007_971060_L,971060.05,971176.6,13.284178638416632,25.33168759456114,L,binocular,2,"/Volumes/Data-1/Nimrod/experiments/PV_126/2024_07_18/block_007/oe_files/PV126_Trial16_wake3_2024-07-18_12-49-12/Record Node 102/analysis/Animal=PV_126,recNames=block_007/lizMov.mat",True,True,2,1,116.54999999993015,2
PV_126,007,PV_126_block_007,PV_126_007_971177_L,971176.6,971226.55,17.044051526929394,209.80052746409493,L,binocular,2,"/Volumes/Data-1/Nimrod/experiments/PV_126/2024_07_18/block_007/oe_files/PV126_Trial16_wake3_2024-07-18_12-49-12/Record Node 102/analysis/Animal=PV_126,recNames=block_007/lizMov.mat",True,False,2,0,33.300000000046566,2
PV_126,007,PV_126_block_007,PV_126_007_971210_L,971209.9,971326.45,11.509224069485331,32.89213810049938,L,binocular,2,"/Volumes/Data-1/Nimrod/experiments/PV_126/2024_07_18/block_007/oe_files/PV126_Trial16_wake3_2024-07-18_12-49-12/Record Node 102/analysis/Animal=PV_126,recNames=block_007/lizMov.mat",True,False,0,0,,2
PV_126,007,PV_126_block_007,PV_126_007_972209_L,972208.9,972258.85,8.221229767847467,27.525023228808944,L,binocular,2,"/Volumes/Data-1/Nimrod/experiments/PV_126/2024_07_18/block_007/oe_files/PV126_Trial16_wake3_2024-07-18_12-49-12/Record Node 102/analysis/Animal=PV_126,recNames=block_007/lizMov.mat",True,False,2,0,66.59999999997672,2
PV_126,007,PV_126_block_007,PV_126_007_976738_L,976737.7,976771.0,12.721217663962292,210.40695412072586,L,binocular,2,"/Volumes/Data-1/Nimrod/experiments/PV_126/2024_07_18/block_007/oe_files/PV126_Trial16_wake3_2024-07-18_12-49-12/Record Node 102/analysis/Animal=PV_126,recNames=block_007/lizMov.mat",True,False,2,0,49.95000000006985,2
PV_126,007,PV_126_block_007,PV_126_007_979552_R,979551.55,979601.5,7.16930732009627,39.20526296600774,R,binocular,2,"/Volumes/Data-1/Nimrod/experiments/PV_126/2024_07_18/block_007/oe_files/PV126_Trial16_wake3_2024-07-18_12-49-12/Record Node 102/analysis/Animal=PV_126,recNames=block_007/lizMov.mat",True,False,2,0,49.949999999953434,2
PV_126,007,PV_126_block_007,PV_126_007_982399_R,982398.7,982448.65,7.664807989826888,270.30232664506127,R,binocular,2,"/Volumes/Data-1/Nimrod/experiments/PV_126/2024_07_18/block_007/oe_files/PV126_Trial16_wake3_2024-07-18_12-49-12/Record Node 102/analysis/Animal=PV_126,recNames=block_007/lizMov.mat",True,False,2,0,49.95000000006985,2
PV_126,007,PV_126_block_007,PV_126_007_982615_L,982615.15,982698.4,17.07300076556697,26.746196134957653,L,binocular,2,"/Volumes/Data-1/Nimrod/experiments/PV_126/2024_07_18/block_007/oe_files/PV126_Trial16_wake3_2024-07-18_12-49-12/Record Node 102/analysis/Animal=PV_126,recNames=block_007/lizMov.mat",True,False,2,0,83.25,2
PV_126,007,PV_126_block_007,PV_126_007_986378_L,986378.05,986494.6,21.100507944336087,216.42251090538193,L,binocular,2,"/Volumes/Data-1/Nimrod/experiments/PV_126/2024_07_18/block_007/oe_files/PV126_Trial16_wake3_2024-07-18_12-49-12/Record Node 102/analysis/Animal=PV_126,recNames=block_007/lizMov.mat",True,False,2,0,133.19999999995343,2
PV_126,007,PV_126_block_007,PV_126_007_986511_R,986511.25,986677.75,9.32671828859456,12.962379401465656,R,binocular,2,"/Volumes/Data-1/Nimrod/experiments/PV_126/2024_07_18/block_007/oe_files/PV126_Trial16_wake3_2024-07-18_12-49-12/Record Node 102/analysis/Animal=PV_126,recNames=block_007/lizMov.mat",True,False,1,0,83.25,2
PV_126,007,PV_126_block_007,PV_126_007_986694_L,986694.4,986744.35,11.24770066119782,197.1052338249008,L,binocular,2,"/Volumes/Data-1/Nimrod/experiments/PV_126/2024_07_18/block_007/oe_files/PV126_Trial16_wake3_2024-07-18_12-49-12/Record Node 102/analysis/Animal=PV_126,recNames=block_007/lizMov.mat",True,True,3,1,33.29999999993015,2
PV_126,007,PV_126_block_007,PV_126_007_992289_R,992288.8,992355.4,14.265438963456862,353.2908244608516,R,binocular,2,"/Volumes/Data-1/Nimrod/experiments/PV_126/2024_07_18/block_007/oe_files/PV126_Trial16_wake3_2024-07-18_12-49-12/Record Node 102/analysis/Animal=PV_126,recNames=block_007/lizMov.mat",True,True,3,1,83.25,2
PV_126,007,PV_126_block_007,PV_126_007_992455_R,992455.3,992571.85,13.197480870609388,179.27120219918206,R,binocular,2,"/Volumes/Data-1/Nimrod/experiments/PV_126/2024_07_18/block_007/oe_files/PV126_Trial16_wake3_2024-07-18_12-49-12/Record Node 102/analysis/Animal=PV_126,recNames=block_007/lizMov.mat",True,False,0,0,16.649999999906868,2
PV_126,007,PV_126_block_007,PV_126_007_993837_L,993837.25,993887.2,12.2516414173189,252.72004589419413,L,binocular,2,"/Volumes/Data-1/Nimrod/experiments/PV_126/2024_07_18/block_007/oe_files/PV126_Trial16_wake3_2024-07-18_12-49-12/Record Node 102/analysis/Animal=PV_126,recNames=block_007/lizMov.mat",True,True,2,1,16.650000000023283,2
PV_126,007,PV_126_block_007,PV_126_007_994154_L,994153.6,994203.55,17.01480046268253,218.45669081748588,L,binocular,2,"/Volumes/Data-1/Nimrod/experiments/PV_126/2024_07_18/block_007/oe_files/PV126_Trial16_wake3_2024-07-18_12-49-12/Record Node 102/analysis/Animal=PV_126,recNames=block_007/lizMov.mat",True,False,3,0,33.300000000046566,2
PV_126,007,PV_126_block_007,PV_126_007_994187_R,994186.9,994270.15,11.897765550339207,343.1319979255001,R,binocular,2,"/Volumes/Data-1/Nimrod/experiments/PV_126/2024_07_18/block_007/oe_files/PV126_Trial16_wake3_2024-07-18_12-49-12/Record Node 102/analysis/Animal=PV_126,recNames=block_007/lizMov.mat",True,False,1,0,99.90000000002328,2
PV_126,007,PV_126_block_007,PV_126_007_994503_L,994503.25,994536.55,13.902274406373301,257.2880358956144,L,binocular,2,"/Volumes/Data-1/Nimrod/experiments/PV_126/2024_07_18/block_007/oe_files/PV126_Trial16_wake3_2024-07-18_12-49-12/Record Node 102/analysis/Animal=PV_126,recNames=block_007/lizMov.mat",True,False,1,0,16.650000000023283,2
PV_126,007,PV_126_block_007,PV_126_007_995036_R,995036.05,995086.0,11.979557361784165,149.73085794214572,R,binocular,2,"/Volumes/Data-1/Nimrod/experiments/PV_126/2024_07_18/block_007/oe_files/PV126_Trial16_wake3_2024-07-18_12-49-12/Record Node 102/analysis/Animal=PV_126,recNames=block_007/lizMov.mat",True,False,0,0,33.29999999993015,2
PV_126,007,PV_126_block_007,PV_126_007_995069_L,995069.35,995202.55,14.74167288150192,36.04838203455416,L,binocular,2,"/Volumes/Data-1/Nimrod/experiments/PV_126/2024_07_18/block_007/oe_files/PV126_Trial16_wake3_2024-07-18_12-49-12/Record Node 102/analysis/Animal=PV_126,recNames=block_007/lizMov.mat",True,False,1,0,149.84999999997672,2
PV_126,007,PV_126_block_007,PV_126_007_995269_L,995269.15,995352.4,11.458861488533701,74.0515357696489,L,binocular,2,"/Volumes/Data-1/Nimrod/experiments/PV_126/2024_07_18/block_007/oe_files/PV126_Trial16_wake3_2024-07-18_12-49-12/Record Node 102/analysis/Animal=PV_126,recNames=block_007/lizMov.mat",True,False,0,0,,2
PV_126,007,PV_126_block_007,PV_126_007_996551_L,996551.2,996634.45,20.893845859204784,19.705235387967914,L,binocular,2,"/Volumes/Data-1/Nimrod/experiments/PV_126/2024_07_18/block_007/oe_files/PV126_Trial16_wake3_2024-07-18_12-49-12/Record Node 102/analysis/Animal=PV_126,recNames=block_007/lizMov.mat",True,True,3,2,33.300000000046566,2
PV_126,007,PV_126_block_007,PV_126_007_996634_L,996634.45,996800.95,22.53094478754238,188.93839507240386,L,binocular,2,"/Volumes/Data-1/Nimrod/experiments/PV_126/2024_07_18/block_007/oe_files/PV126_Trial16_wake3_2024-07-18_12-49-12/Record Node 102/analysis/Animal=PV_126,recNames=block_007/lizMov.mat",True,False,1,0,16.650000000023283,2
PV_126,007,PV_126_block_007,PV_126_007_996801_L,996800.95,996834.25,8.663940821120768,229.69787246848708,L,binocular,2,"/Volumes/Data-1/Nimrod/experiments/PV_126/2024_07_18/block_007/oe_files/PV126_Trial16_wake3_2024-07-18_12-49-12/Record Node 102/analysis/Animal=PV_126,recNames=block_007/lizMov.mat",True,True,3,1,33.300000000046566,2
PV_126,007,PV_126_block_007,PV_126_007_997101_L,997100.65,997200.55,14.788519071159588,201.09649082333192,L,binocular,2,"/Volumes/Data-1/Nimrod/experiments/PV_126/2024_07_18/block_007/oe_files/PV126_Trial16_wake3_2024-07-18_12-49-12/Record Node 102/analysis/Animal=PV_126,recNames=block_007/lizMov.mat",True,True,2,1,133.19999999995343,2
PV_126,007,PV_126_block_007,PV_126_007_997234_R,997233.85,997283.8,13.79354632207574,299.60350275229126,R,binocular,2,"/Volumes/Data-1/Nimrod/experiments/PV_126/2024_07_18/block_007/oe_files/PV126_Trial16_wake3_2024-07-18_12-49-12/Record Node 102/analysis/Animal=PV_126,recNames=block_007/lizMov.mat",True,False,2,0,33.300000000046566,2
PV_126,007,PV_126_block_007,PV_126_007_997267_R,997267.15,997367.05,11.420529336254122,127.84441445532654,R,binocular,2,"/Volumes/Data-1/Nimrod/experiments/PV_126/2024_07_18/block_007/oe_files/PV126_Trial16_wake3_2024-07-18_12-49-12/Record Node 102/analysis/Animal=PV_126,recNames=block_007/lizMov.mat",True,False,0,0,,2
PV_126,007,PV_126_block_007,PV_126_007_997600_L,997600.15,997633.45,16.235116031266884,34.26690306838402,L,binocular,2,"/Volumes/Data-1/Nimrod/experiments/PV_126/2024_07_18/block_007/oe_files/PV126_Trial16_wake3_2024-07-18_12-49-12/Record Node 102/analysis/Animal=PV_126,recNames=block_007/lizMov.mat",True,False,2,0,33.29999999993015,2
PV_126,007,PV_126_block_007,PV_126_007_997633_R,997633.45,997716.7,10.749295592774043,160.74095910461128,R,binocular,2,"/Volumes/Data-1/Nimrod/experiments/PV_126/2024_07_18/block_007/oe_files/PV126_Trial16_wake3_2024-07-18_12-49-12/Record Node 102/analysis/Animal=PV_126,recNames=block_007/lizMov.mat",True,False,0,0,,2
PV_126,007,PV_126_block_007,PV_126_007_998566_L,998565.85,998649.1,7.938647432020728,195.74528155088132,L,binocular,2,"/Volumes/Data-1/Nimrod/experiments/PV_126/2024_07_18/block_007/oe_files/PV126_Trial16_wake3_2024-07-18_12-49-12/Record Node 102/analysis/Animal=PV_126,recNames=block_007/lizMov.mat",True,True,2,1,99.90000000002328,2
PV_126,007,PV_126_block_007,PV_126_007_998882_L,998882.2,998982.1,10.193392447385948,56.14529794074318,L,binocular,2,"/Volumes/Data-1/Nimrod/experiments/PV_126/2024_07_18/block_007/oe_files/PV126_Trial16_wake3_2024-07-18_12-49-12/Record Node 102/analysis/Animal=PV_126,recNames=block_007/lizMov.mat",True,True,4,2,16.650000000023283,2
PV_126,007,PV_126_block_007,PV_126_007_998965_L,998965.45,999015.4,7.536161263340359,91.8858350063741,L,binocular,2,"/Volumes/Data-1/Nimrod/experiments/PV_126/2024_07_18/block_007/oe_files/PV126_Trial16_wake3_2024-07-18_12-49-12/Record Node 102/analysis/Animal=PV_126,recNames=block_007/lizMov.mat",True,True,3,2,66.60000000009313,2
PV_126,007,PV_126_block_007,PV_126_007_1000347_R,1000347.4,1000397.35,19.182756152057827,153.22156338111967,R,binocular,2,"/Volumes/Data-1/Nimrod/experiments/PV_126/2024_07_18/block_007/oe_files/PV126_Trial16_wake3_2024-07-18_12-49-12/Record Node 102/analysis/Animal=PV_126,recNames=block_007/lizMov.mat",True,True,4,2,49.949999999953434,2
PV_126,007,PV_126_block_007,PV_126_007_1000397_R,1000397.35,1000497.25,11.702176023297673,345.4545533924376,R,binocular,2,"/Volumes/Data-1/Nimrod/experiments/PV_126/2024_07_18/block_007/oe_files/PV126_Trial16_wake3_2024-07-18_12-49-12/Record Node 102/analysis/Animal=PV_126,recNames=block_007/lizMov.mat",True,True,2,1,49.95000000006985,2
PV_126,007,PV_126_block_007,PV_126_007_1001513_L,1001512.9,1001562.85,14.043490361376618,248.76416286262537,L,binocular,2,"/Volumes/Data-1/Nimrod/experiments/PV_126/2024_07_18/block_007/oe_files/PV126_Trial16_wake3_2024-07-18_12-49-12/Record Node 102/analysis/Animal=PV_126,recNames=block_007/lizMov.mat",True,True,3,2,16.650000000023283,2
PV_126,007,PV_126_block_007,PV_126_007_1002196_L,1002195.55,1002228.85,8.882060925274601,147.41334267863814,L,binocular,2,"/Volumes/Data-1/Nimrod/experiments/PV_126/2024_07_18/block_007/oe_files/PV126_Trial16_wake3_2024-07-18_12-49-12/Record Node 102/analysis/Animal=PV_126,recNames=block_007/lizMov.mat",True,False,2,0,16.649999999906868,2
PV_126,007,PV_126_block_007,PV_126_007_1002212_R,1002212.2,1002328.75,9.186340055240013,351.6326618397514,R,binocular,2,"/Volumes/Data-1/Nimrod/experiments/PV_126/2024_07_18/block_007/oe_files/PV126_Trial16_wake3_2024-07-18_12-49-12/Record Node 102/analysis/Animal=PV_126,recNames=block_007/lizMov.mat",True,False,1,0,99.90000000002328,2
PV_126,007,PV_126_block_007,PV_126_007_1002445_L,1002445.3,1002545.2,14.908721837212585,227.77356171005485,L,binocular,2,"/Volumes/Data-1/Nimrod/experiments/PV_126/2024_07_18/block_007/oe_files/PV126_Trial16_wake3_2024-07-18_12-49-12/Record Node 102/analysis/Animal=PV_126,recNames=block_007/lizMov.mat",True,False,0,0,33.29999999993015,2
PV_126,007,PV_126_block_007,PV_126_007_1002695_L,1002695.05,1002711.7,13.967789214022403,247.47673954798387,L,binocular,2,"/Volumes/Data-1/Nimrod/experiments/PV_126/2024_07_18/block_007/oe_files/PV126_Trial16_wake3_2024-07-18_12-49-12/Record Node 102/analysis/Animal=PV_126,recNames=block_007/lizMov.mat",True,False,0,0,16.649999999906868,2
PV_126,007,PV_126_block_007,PV_126_007_1002712_R,1002711.7,1002894.85,16.338613630856493,17.294601007678963,R,binocular,2,"/Volumes/Data-1/Nimrod/experiments/PV_126/2024_07_18/block_007/oe_files/PV126_Trial16_wake3_2024-07-18_12-49-12/Record Node 102/analysis/Animal=PV_126,recNames=block_007/lizMov.mat",True,False,0,0,,2
PV_126,007,PV_126_block_007,PV_126_007_1002978_R,1002978.1,1003028.05,14.596310679278664,164.8734074678958,R,binocular,2,"/Volumes/Data-1/Nimrod/experiments/PV_126/2024_07_18/block_007/oe_files/PV126_Trial16_wake3_2024-07-18_12-49-12/Record Node 102/analysis/Animal=PV_126,recNames=block_007/lizMov.mat",True,True,5,1,33.300000000046566,2
PV_126,007,PV_126_block_007,PV_126_007_1003011_R,1003011.4,1003094.65,8.831671083139339,327.08672590297726,R,binocular,2,"/Volumes/Data-1/Nimrod/experiments/PV_126/2024_07_18/block_007/oe_files/PV126_Trial16_wake3_2024-07-18_12-49-12/Record Node 102/analysis/Animal=PV_126,recNames=block_007/lizMov.mat",True,True,4,2,49.949999999953434,2
PV_126,007,PV_126_block_007,PV_126_007_1004144_R,1004143.6,1004260.15,9.674898923232465,260.0937990858191,R,binocular,2,"/Volumes/Data-1/Nimrod/experiments/PV_126/2024_07_18/block_007/oe_files/PV126_Trial16_wake3_2024-07-18_12-49-12/Record Node 102/analysis/Animal=PV_126,recNames=block_007/lizMov.mat",True,False,1,0,99.90000000002328,2
PV_126,007,PV_126_block_007,PV_126_007_1004244_R,1004243.5,1004310.1,9.794484986416174,14.659842870415888,R,binocular,2,"/Volumes/Data-1/Nimrod/experiments/PV_126/2024_07_18/block_007/oe_files/PV126_Trial16_wake3_2024-07-18_12-49-12/Record Node 102/analysis/Animal=PV_126,recNames=block_007/lizMov.mat",True,False,2,0,66.59999999997672,2
PV_126,007,PV_126_block_007,PV_126_007_1004310_L,1004310.1,1004376.7,7.169981985466008,237.56839594472964,L,binocular,2,"/Volumes/Data-1/Nimrod/experiments/PV_126/2024_07_18/block_007/oe_files/PV126_Trial16_wake3_2024-07-18_12-49-12/Record Node 102/analysis/Animal=PV_126,recNames=block_007/lizMov.mat",True,False,0,0,,2
PV_126,007,PV_126_block_007,PV_126_007_1005143_R,1005142.6,1005192.55,19.715774654585683,340.24531340580313,R,binocular,2,"/Volumes/Data-1/Nimrod/experiments/PV_126/2024_07_18/block_007/oe_files/PV126_Trial16_wake3_2024-07-18_12-49-12/Record Node 102/analysis/Animal=PV_126,recNames=block_007/lizMov.mat",True,True,4,2,49.95000000006985,2
PV_126,007,PV_126_block_007,PV_126_007_1005193_R,1005192.55,1005309.1,11.332597251637534,183.95748889141765,R,binocular,2,"/Volumes/Data-1/Nimrod/experiments/PV_126/2024_07_18/block_007/oe_files/PV126_Trial16_wake3_2024-07-18_12-49-12/Record Node 102/analysis/Animal=PV_126,recNames=block_007/lizMov.mat",True,False,2,0,66.59999999997672,2
PV_126,007,PV_126_block_007,PV_126_007_1005559_R,1005558.85,1005592.15,12.38454633754719,324.2394460440626,R,binocular,2,"/Volumes/Data-1/Nimrod/experiments/PV_126/2024_07_18/block_007/oe_files/PV126_Trial16_wake3_2024-07-18_12-49-12/Record Node 102/analysis/Animal=PV_126,recNames=block_007/lizMov.mat",True,True,4,2,33.300000000046566,2
PV_126,007,PV_126_block_007,PV_126_007_1005975_L,1005975.1,1006058.35,11.31004452268324,220.06122621849008,L,binocular,2,"/Volumes/Data-1/Nimrod/experiments/PV_126/2024_07_18/block_007/oe_files/PV126_Trial16_wake3_2024-07-18_12-49-12/Record Node 102/analysis/Animal=PV_126,recNames=block_007/lizMov.mat",True,False,2,0,33.300000000046566,2
PV_126,007,PV_126_block_007,PV_126_007_1009139_L,1009138.6,1009205.2,16.822152149451068,255.6492712386496,L,binocular,2,"/Volumes/Data-1/Nimrod/experiments/PV_126/2024_07_18/block_007/oe_files/PV126_Trial16_wake3_2024-07-18_12-49-12/Record Node 102/analysis/Animal=PV_126,recNames=block_007/lizMov.mat",True,True,3,1,33.300000000046566,2
PV_126,007,PV_126_block_007,PV_126_007_1009189_L,1009188.55,1009271.8,25.194215290494434,68.05609683562264,L,binocular,2,"/Volumes/Data-1/Nimrod/experiments/PV_126/2024_07_18/block_007/oe_files/PV126_Trial16_wake3_2024-07-18_12-49-12/Record Node 102/analysis/Animal=PV_126,recNames=block_007/lizMov.mat",True,False,1,0,83.25,2
PV_126,007,PV_126_block_007,PV_126_007_1014200_L,1014200.2,1014266.8,10.872395004287815,268.2675123421254,L,binocular,2,"/Volumes/Data-1/Nimrod/experiments/PV_126/2024_07_18/block_007/oe_files/PV126_Trial16_wake3_2024-07-18_12-49-12/Record Node 102/analysis/Animal=PV_126,recNames=block_007/lizMov.mat",True,False,2,0,83.25,2
PV_126,007,PV_126_block_007,PV_126_007_1014400_R,1014400.0,1014449.95,8.763539692393463,133.52424041095972,R,binocular,2,"/Volumes/Data-1/Nimrod/experiments/PV_126/2024_07_18/block_007/oe_files/PV126_Trial16_wake3_2024-07-18_12-49-12/Record Node 102/analysis/Animal=PV_126,recNames=block_007/lizMov.mat",True,False,2,0,49.949999999953434,2
PV_126,007,PV_126_block_007,PV_126_007_1015133_R,1015132.6,1015232.5,21.11339677009202,190.35051274792065,R,binocular,2,"/Volumes/Data-1/Nimrod/experiments/PV_126/2024_07_18/block_007/oe_files/PV126_Trial16_wake3_2024-07-18_12-49-12/Record Node 102/analysis/Animal=PV_126,recNames=block_007/lizMov.mat",True,False,1,0,66.59999999997672,2
PV_126,007,PV_126_block_007,PV_126_007_1018230_R,1018229.5,1018362.7,21.108763935866698,69.49436118969173,R,binocular,2,"/Volumes/Data-1/Nimrod/experiments/PV_126/2024_07_18/block_007/oe_files/PV126_Trial16_wake3_2024-07-18_12-49-12/Record Node 102/analysis/Animal=PV_126,recNames=block_007/lizMov.mat",True,False,1,0,66.59999999997672,2
PV_126,007,PV_126_block_007,PV_126_007_1022941_R,1022941.45,1023107.95,24.261784542973846,324.8212371399625,R,binocular,2,"/Volumes/Data-1/Nimrod/experiments/PV_126/2024_07_18/block_007/oe_files/PV126_Trial16_wake3_2024-07-18_12-49-12/Record Node 102/analysis/Animal=PV_126,recNames=block_007/lizMov.mat",True,False,1,0,83.25,2
PV_126,007,PV_126_block_007,PV_126_007_1023324_L,1023324.4,1023391.0,21.192550333791303,38.96742680297733,L,binocular,2,"/Volumes/Data-1/Nimrod/experiments/PV_126/2024_07_18/block_007/oe_files/PV126_Trial16_wake3_2024-07-18_12-49-12/Record Node 102/analysis/Animal=PV_126,recNames=block_007/lizMov.mat",True,False,2,0,66.59999999997672,2
PV_126,007,PV_126_block_007,PV_126_007_1023391_L,1023391.0,1023540.85,19.90644409637217,198.57204896367767,L,binocular,2,"/Volumes/Data-1/Nimrod/experiments/PV_126/2024_07_18/block_007/oe_files/PV126_Trial16_wake3_2024-07-18_12-49-12/Record Node 102/analysis/Animal=PV_126,recNames=block_007/lizMov.mat",True,True,3,1,116.55000000004657,2
PV_126,007,PV_126_block_007,PV_126_007_1023524_R,1023524.2,1023574.15,13.82003236954567,337.92420768879924,R,binocular,2,"/Volumes/Data-1/Nimrod/experiments/PV_126/2024_07_18/block_007/oe_files/PV126_Trial16_wake3_2024-07-18_12-49-12/Record Node 102/analysis/Animal=PV_126,recNames=block_007/lizMov.mat",True,False,3,0,49.95000000006985,2
PV_126,007,PV_126_block_007,PV_126_007_1023574_R,1023574.15,1023657.4,9.637587803498857,155.0138662763558,R,binocular,2,"/Volumes/Data-1/Nimrod/experiments/PV_126/2024_07_18/block_007/oe_files/PV126_Trial16_wake3_2024-07-18_12-49-12/Record Node 102/analysis/Animal=PV_126,recNames=block_007/lizMov.mat",True,False,1,0,49.949999999953434,2
PV_126,007,PV_126_block_007,PV_126_007_1026388_L,1026388.0,1026504.55,28.635649502272482,270.72264024743816,L,binocular,2,"/Volumes/Data-1/Nimrod/experiments/PV_126/2024_07_18/block_007/oe_files/PV126_Trial16_wake3_2024-07-18_12-49-12/Record Node 102/analysis/Animal=PV_126,recNames=block_007/lizMov.mat",True,True,6,3,49.949999999953434,2
PV_126,007,PV_126_block_007,PV_126_007_1026505_R,1026504.55,1026571.15,8.628163555021354,187.15844915503584,R,binocular,2,"/Volumes/Data-1/Nimrod/experiments/PV_126/2024_07_18/block_007/oe_files/PV126_Trial16_wake3_2024-07-18_12-49-12/Record Node 102/analysis/Animal=PV_126,recNames=block_007/lizMov.mat",True,False,3,0,33.29999999993015,2
PV_126,007,PV_126_block_007,PV_126_007_1026604_L,1026604.45,1026687.7,19.6284874456858,66.32343679576398,L,binocular,2,"/Volumes/Data-1/Nimrod/experiments/PV_126/2024_07_18/block_007/oe_files/PV126_Trial16_wake3_2024-07-18_12-49-12/Record Node 102/analysis/Animal=PV_126,recNames=block_007/lizMov.mat",True,True,5,1,33.300000000046566,2
PV_126,007,PV_126_block_007,PV_126_007_1026804_R,1026804.25,1026887.5,10.649257024050907,29.98000617240356,R,binocular,2,"/Volumes/Data-1/Nimrod/experiments/PV_126/2024_07_18/block_007/oe_files/PV126_Trial16_wake3_2024-07-18_12-49-12/Record Node 102/analysis/Animal=PV_126,recNames=block_007/lizMov.mat",True,False,0,0,83.25,2
PV_126,007,PV_126_block_007,PV_126_007_1027320_L,1027320.4,1027353.7,30.166399168257737,73.07863057085247,L,binocular,2,"/Volumes/Data-1/Nimrod/experiments/PV_126/2024_07_18/block_007/oe_files/PV126_Trial16_wake3_2024-07-18_12-49-12/Record Node 102/analysis/Animal=PV_126,recNames=block_007/lizMov.mat",True,True,3,1,33.29999999993015,2
PV_126,007,PV_126_block_007,PV_126_007_1027504_R,1027503.55,1027536.85,8.191107702525807,142.0730297748539,R,binocular,2,"/Volumes/Data-1/Nimrod/experiments/PV_126/2024_07_18/block_007/oe_files/PV126_Trial16_wake3_2024-07-18_12-49-12/Record Node 102/analysis/Animal=PV_126,recNames=block_007/lizMov.mat",True,False,2,0,33.29999999993015,2
PV_126,007,PV_126_block_007,PV_126_007_1029835_L,1029834.55,1029901.15,7.153979268612909,70.26305236647289,L,binocular,2,"/Volumes/Data-1/Nimrod/experiments/PV_126/2024_07_18/block_007/oe_files/PV126_Trial16_wake3_2024-07-18_12-49-12/Record Node 102/analysis/Animal=PV_126,recNames=block_007/lizMov.mat",True,False,0,0,,2
PV_126,007,PV_126_block_007,PV_126_007_1040657_L,1040657.05,1040707.0,12.364980851083946,337.8219367402987,L,binocular,2,"/Volumes/Data-1/Nimrod/experiments/PV_126/2024_07_18/block_007/oe_files/PV126_Trial16_wake3_2024-07-18_12-49-12/Record Node 102/analysis/Animal=PV_126,recNames=block_007/lizMov.mat",True,False,0,0,49.949999999953434,2
PV_126,007,PV_126_block_007,PV_126_007_1040707_L,1040707.0,1040840.2,14.525884629561874,198.96150208537398,L,binocular,2,"/Volumes/Data-1/Nimrod/experiments/PV_126/2024_07_18/block_007/oe_files/PV126_Trial16_wake3_2024-07-18_12-49-12/Record Node 102/analysis/Animal=PV_126,recNames=block_007/lizMov.mat",True,False,0,0,,2
PV_126,007,PV_126_block_007,PV_126_007_1046435_L,1046434.6,1046517.85,18.34838634618659,200.67291686749067,L,binocular,2,"/Volumes/Data-1/Nimrod/experiments/PV_126/2024_07_18/block_007/oe_files/PV126_Trial16_wake3_2024-07-18_12-49-12/Record Node 102/analysis/Animal=PV_126,recNames=block_007/lizMov.mat",True,False,3,0,83.25,2
PV_126,007,PV_126_block_007,PV_126_007_1046734_L,1046734.3,1046867.5,13.096675809725545,200.37891161392764,L,binocular,2,"/Volumes/Data-1/Nimrod/experiments/PV_126/2024_07_18/block_007/oe_files/PV126_Trial16_wake3_2024-07-18_12-49-12/Record Node 102/analysis/Animal=PV_126,recNames=block_007/lizMov.mat",True,False,1,0,33.29999999993015,2
PV_126,007,PV_126_block_007,PV_126_007_1082182_L,1082182.15,1082248.75,15.78066230065307,179.8028789599308,L,binocular,2,"/Volumes/Data-1/Nimrod/experiments/PV_126/2024_07_18/block_007/oe_files/PV126_Trial16_wake3_2024-07-18_12-49-12/Record Node 102/analysis/Animal=PV_126,recNames=block_007/lizMov.mat",True,False,3,0,49.950000000186265,2
PV_126,007,PV_126_block_007,PV_126_007_1082232_L,1082232.1,1082398.6,9.580174319006971,1.7327041615732495,L,binocular,2,"/Volumes/Data-1/Nimrod/experiments/PV_126/2024_07_18/block_007/oe_files/PV126_Trial16_wake3_2024-07-18_12-49-12/Record Node 102/analysis/Animal=PV_126,recNames=block_007/lizMov.mat",True,False,1,0,99.89999999990687,2
PV_126,007,PV_126_block_007,PV_126_007_1082415_L,1082415.25,1082548.45,10.781847740395062,131.22990176407131,L,binocular,2,"/Volumes/Data-1/Nimrod/experiments/PV_126/2024_07_18/block_007/oe_files/PV126_Trial16_wake3_2024-07-18_12-49-12/Record Node 102/analysis/Animal=PV_126,recNames=block_007/lizMov.mat",True,False,2,0,66.60000000009313,2
PV_126,007,PV_126_block_007,PV_126_007_1082582_R,1082581.75,1082648.35,7.043309963853594,108.46034133307,R,binocular,2,"/Volumes/Data-1/Nimrod/experiments/PV_126/2024_07_18/block_007/oe_files/PV126_Trial16_wake3_2024-07-18_12-49-12/Record Node 102/analysis/Animal=PV_126,recNames=block_007/lizMov.mat",True,True,2,1,83.25,2
PV_126,007,PV_126_block_007,PV_126_007_1083980_L,1083980.35,1084030.3,8.886411520900817,214.95310762369664,L,binocular,2,"/Volumes/Data-1/Nimrod/experiments/PV_126/2024_07_18/block_007/oe_files/PV126_Trial16_wake3_2024-07-18_12-49-12/Record Node 102/analysis/Animal=PV_126,recNames=block_007/lizMov.mat",True,False,2,0,49.949999999953434,2
PV_126,007,PV_126_block_007,PV_126_007_1088209_L,1088209.45,1088359.3,17.074786027811008,195.04192301361454,L,binocular,2,"/Volumes/Data-1/Nimrod/experiments/PV_126/2024_07_18/block_007/oe_files/PV126_Trial16_wake3_2024-07-18_12-49-12/Record Node 102/analysis/Animal=PV_126,recNames=block_007/lizMov.mat",True,False,0,0,,2
PV_126,007,PV_126_block_007,PV_126_007_1105476_L,1105475.5,1105542.1,21.654123547135992,19.400955469331826,L,binocular,2,"/Volumes/Data-1/Nimrod/experiments/PV_126/2024_07_18/block_007/oe_files/PV126_Trial16_wake3_2024-07-18_12-49-12/Record Node 102/analysis/Animal=PV_126,recNames=block_007/lizMov.mat",True,True,4,3,49.949999999953434,2
PV_126,007,PV_126_block_007,PV_126_007_1130018_L,1130017.6,1130150.8,41.080873522235144,88.8528156961332,L,binocular,2,"/Volumes/Data-1/Nimrod/experiments/PV_126/2024_07_18/block_007/oe_files/PV126_Trial16_wake3_2024-07-18_12-49-12/Record Node 102/analysis/Animal=PV_126,recNames=block_007/lizMov.mat",True,False,1,0,149.8499999998603,2
PV_126,007,PV_126_block_007,PV_126_007_1136728_R,1136727.55,1136810.8,11.09357033449492,346.9556178557056,R,binocular,2,"/Volumes/Data-1/Nimrod/experiments/PV_126/2024_07_18/block_007/oe_files/PV126_Trial16_wake3_2024-07-18_12-49-12/Record Node 102/analysis/Animal=PV_126,recNames=block_007/lizMov.mat",True,False,2,0,99.89999999990687,2
PV_126,007,PV_126_block_007,PV_126_007_1136861_R,1136860.75,1137010.6,10.739205784421777,170.93976510246446,R,binocular,2,"/Volumes/Data-1/Nimrod/experiments/PV_126/2024_07_18/block_007/oe_files/PV126_Trial16_wake3_2024-07-18_12-49-12/Record Node 102/analysis/Animal=PV_126,recNames=block_007/lizMov.mat",True,False,0,0,,2
PV_126,007,PV_126_block_007,PV_126_007_1164167_L,1164166.75,1164266.65,10.495970866969273,237.4136392749051,L,binocular,2,"/Volumes/Data-1/Nimrod/experiments/PV_126/2024_07_18/block_007/oe_files/PV126_Trial16_wake3_2024-07-18_12-49-12/Record Node 102/analysis/Animal=PV_126,recNames=block_007/lizMov.mat",True,False,0,0,,2
PV_126,007,PV_126_block_007,PV_126_007_1167946_L,1167946.3,1168012.9,7.508261328860873,218.88396490977772,L,binocular,2,"/Volumes/Data-1/Nimrod/experiments/PV_126/2024_07_18/block_007/oe_files/PV126_Trial16_wake3_2024-07-18_12-49-12/Record Node 102/analysis/Animal=PV_126,recNames=block_007/lizMov.mat",True,False,0,0,,2
PV_126,007,PV_126_block_007,PV_126_007_1168279_L,1168279.3,1168329.25,8.143679832179519,190.98168109596352,L,binocular,2,"/Volumes/Data-1/Nimrod/experiments/PV_126/2024_07_18/block_007/oe_files/PV126_Trial16_wake3_2024-07-18_12-49-12/Record Node 102/analysis/Animal=PV_126,recNames=block_007/lizMov.mat",True,False,1,0,49.949999999953434,2
PV_126,007,PV_126_block_007,PV_126_007_1168529_L,1168529.05,1168562.35,7.776529324740915,202.57112970176593,L,binocular,2,"/Volumes/Data-1/Nimrod/experiments/PV_126/2024_07_18/block_007/oe_files/PV126_Trial16_wake3_2024-07-18_12-49-12/Record Node 102/analysis/Animal=PV_126,recNames=block_007/lizMov.mat",True,False,3,0,16.649999999906868,2
PV_126,007,PV_126_block_007,PV_126_007_1179685_L,1179684.55,1179751.15,23.816447420743025,31.480760973149817,L,binocular,2,"/Volumes/Data-1/Nimrod/experiments/PV_126/2024_07_18/block_007/oe_files/PV126_Trial16_wake3_2024-07-18_12-49-12/Record Node 102/analysis/Animal=PV_126,recNames=block_007/lizMov.mat",True,True,3,2,49.949999999953434,2
PV_126,007,PV_126_block_007,PV_126_007_1179734_R,1179734.5,1179817.75,11.688322007177595,43.50269446670644,R,binocular,2,"/Volumes/Data-1/Nimrod/experiments/PV_126/2024_07_18/block_007/oe_files/PV126_Trial16_wake3_2024-07-18_12-49-12/Record Node 102/analysis/Animal=PV_126,recNames=block_007/lizMov.mat",True,False,1,0,33.300000000046566,2
PV_126,007,PV_126_block_007,PV_126_007_1207956_L,1207956.25,1208072.8,16.3551047762769,37.2005714992458,L,binocular,2,"/Volumes/Data-1/Nimrod/experiments/PV_126/2024_07_18/block_007/oe_files/PV126_Trial16_wake3_2024-07-18_12-49-12/Record Node 102/analysis/Animal=PV_126,recNames=block_007/lizMov.mat",True,False,0,0,,2
PV_126,007,PV_126_block_007,PV_126_007_1230600_R,1230600.25,1230750.1,20.396952234605173,11.908700375131568,R,binocular,2,"/Volumes/Data-1/Nimrod/experiments/PV_126/2024_07_18/block_007/oe_files/PV126_Trial16_wake3_2024-07-18_12-49-12/Record Node 102/analysis/Animal=PV_126,recNames=block_007/lizMov.mat",True,False,0,0,,2
PV_126,007,PV_126_block_007,PV_126_007_1244203_L,1244203.3,1244353.15,17.13397279303056,73.14569009863712,L,binocular,2,"/Volumes/Data-1/Nimrod/experiments/PV_126/2024_07_18/block_007/oe_files/PV126_Trial16_wake3_2024-07-18_12-49-12/Record Node 102/analysis/Animal=PV_126,recNames=block_007/lizMov.mat",True,False,0,0,,2
PV_126,007,PV_126_block_007,PV_126_007_1250996_R,1250996.5,1251146.35,31.637533408891787,153.9425908582408,R,binocular,2,"/Volumes/Data-1/Nimrod/experiments/PV_126/2024_07_18/block_007/oe_files/PV126_Trial16_wake3_2024-07-18_12-49-12/Record Node 102/analysis/Animal=PV_126,recNames=block_007/lizMov.mat",True,False,0,0,,2
PV_126,007,PV_126_block_007,PV_126_007_1255059_R,1255059.1,1255175.65,15.886555907045285,178.09296242388066,R,binocular,2,"/Volumes/Data-1/Nimrod/experiments/PV_126/2024_07_18/block_007/oe_files/PV126_Trial16_wake3_2024-07-18_12-49-12/Record Node 102/analysis/Animal=PV_126,recNames=block_007/lizMov.mat",True,False,0,0,83.25,2
PV_126,007,PV_126_block_007,PV_126_007_1255475_L,1255475.35,1255525.3,9.31348198063627,190.36355350207495,L,binocular,2,"/Volumes/Data-1/Nimrod/experiments/PV_126/2024_07_18/block_007/oe_files/PV126_Trial16_wake3_2024-07-18_12-49-12/Record Node 102/analysis/Animal=PV_126,recNames=block_007/lizMov.mat",True,False,2,0,49.949999999953434,2
PV_126,007,PV_126_block_007,PV_126_007_1326171_L,1326171.25,1326237.85,16.836156206930834,15.93746377673083,L,binocular,2,"/Volumes/Data-1/Nimrod/experiments/PV_126/2024_07_18/block_007/oe_files/PV126_Trial16_wake3_2024-07-18_12-49-12/Record Node 102/analysis/Animal=PV_126,recNames=block_007/lizMov.mat",True,True,2,1,66.60000000009313,2
PV_126,007,PV_126_block_007,PV_126_007_1326238_R,1326237.85,1326371.05,18.360903761139134,352.6883800853759,R,binocular,2,"/Volumes/Data-1/Nimrod/experiments/PV_126/2024_07_18/block_007/oe_files/PV126_Trial16_wake3_2024-07-18_12-49-12/Record Node 102/analysis/Animal=PV_126,recNames=block_007/lizMov.mat",True,False,1,0,16.649999999906868,2
PV_126,007,PV_126_block_007,PV_126_007_1326454_R,1326454.3,1326520.9,10.185233942369901,343.5266518566101,R,binocular,2,"/Volumes/Data-1/Nimrod/experiments/PV_126/2024_07_18/block_007/oe_files/PV126_Trial16_wake3_2024-07-18_12-49-12/Record Node 102/analysis/Animal=PV_126,recNames=block_007/lizMov.mat",True,False,2,0,99.89999999990687,2
PV_126,007,PV_126_block_007,PV_126_007_1331982_R,1331982.1,1332082.0,10.078447008085439,352.21540115104676,R,binocular,2,"/Volumes/Data-1/Nimrod/experiments/PV_126/2024_07_18/block_007/oe_files/PV126_Trial16_wake3_2024-07-18_12-49-12/Record Node 102/analysis/Animal=PV_126,recNames=block_007/lizMov.mat",True,False,1,0,133.19999999995343,2
PV_126,007,PV_126_block_007,PV_126_007_1342355_L,1342355.05,1342454.95,8.748390681976325,40.674789905305424,L,binocular,2,"/Volumes/Data-1/Nimrod/experiments/PV_126/2024_07_18/block_007/oe_files/PV126_Trial16_wake3_2024-07-18_12-49-12/Record Node 102/analysis/Animal=PV_126,recNames=block_007/lizMov.mat",True,False,1,0,149.8499999998603,2
PV_126,007,PV_126_block_007,PV_126_007_1347966_R,1347966.1,1348049.35,7.035905714265263,293.7334122242878,R,binocular,2,"/Volumes/Data-1/Nimrod/experiments/PV_126/2024_07_18/block_007/oe_files/PV126_Trial16_wake3_2024-07-18_12-49-12/Record Node 102/analysis/Animal=PV_126,recNames=block_007/lizMov.mat",True,False,0,0,,2
PV_126,007,PV_126_block_007,PV_126_007_1360387_L,1360387.0,1360520.2,19.73761998034755,215.46085131938196,L,binocular,2,"/Volumes/Data-1/Nimrod/experiments/PV_126/2024_07_18/block_007/oe_files/PV126_Trial16_wake3_2024-07-18_12-49-12/Record Node 102/analysis/Animal=PV_126,recNames=block_007/lizMov.mat",True,True,3,1,99.89999999990687,2
PV_126,007,PV_126_block_007,PV_126_007_1360570_R,1360570.15,1360653.4,8.059128673807908,341.6161052078042,R,binocular,2,"/Volumes/Data-1/Nimrod/experiments/PV_126/2024_07_18/block_007/oe_files/PV126_Trial16_wake3_2024-07-18_12-49-12/Record Node 102/analysis/Animal=PV_126,recNames=block_007/lizMov.mat",True,False,1,0,66.60000000009313,2
PV_126,007,PV_126_block_007,PV_126_007_1360637_L,1360636.75,1360703.35,10.787063123524751,202.18054694873524,L,binocular,2,"/Volumes/Data-1/Nimrod/experiments/PV_126/2024_07_18/block_007/oe_files/PV126_Trial16_wake3_2024-07-18_12-49-12/Record Node 102/analysis/Animal=PV_126,recNames=block_007/lizMov.mat",True,False,0,0,49.949999999953434,2
PV_126,007,PV_126_block_007,PV_126_007_1360687_L,1360686.7,1360819.9,17.54301174546006,27.590211902394223,L,binocular,2,"/Volumes/Data-1/Nimrod/experiments/PV_126/2024_07_18/block_007/oe_files/PV126_Trial16_wake3_2024-07-18_12-49-12/Record Node 102/analysis/Animal=PV_126,recNames=block_007/lizMov.mat",True,False,1,0,149.85000000009313,2
PV_126,007,PV_126_block_007,PV_126_007_1360837_R,1360836.55,1360886.5,12.42129240810681,189.5614035623853,R,binocular,2,"/Volumes/Data-1/Nimrod/experiments/PV_126/2024_07_18/block_007/oe_files/PV126_Trial16_wake3_2024-07-18_12-49-12/Record Node 102/analysis/Animal=PV_126,recNames=block_007/lizMov.mat",True,False,0,0,33.300000000046566,2
PV_126,007,PV_126_block_007,PV_126_007_1360870_R,1360869.85,1361019.7,12.920096867910058,5.405073234046834,R,binocular,2,"/Volumes/Data-1/Nimrod/experiments/PV_126/2024_07_18/block_007/oe_files/PV126_Trial16_wake3_2024-07-18_12-49-12/Record Node 102/analysis/Animal=PV_126,recNames=block_007/lizMov.mat",True,False,0,0,,2
PV_126,007,PV_126_block_007,PV_126_007_1365182_L,1365182.2,1365315.4,14.836374681632872,165.71951335826918,L,binocular,2,"/Volumes/Data-1/Nimrod/experiments/PV_126/2024_07_18/block_007/oe_files/PV126_Trial16_wake3_2024-07-18_12-49-12/Record Node 102/analysis/Animal=PV_126,recNames=block_007/lizMov.mat",True,False,1,0,149.85000000009313,2
PV_126,007,PV_126_block_007,PV_126_007_1408239_R,1408239.1,1408388.95,23.184034577062434,0.5600503439058391,R,binocular,2,"/Volumes/Data-1/Nimrod/experiments/PV_126/2024_07_18/block_007/oe_files/PV126_Trial16_wake3_2024-07-18_12-49-12/Record Node 102/analysis/Animal=PV_126,recNames=block_007/lizMov.mat",True,False,0,0,,2
PV_126,007,PV_126_block_007,PV_126_007_1441156_L,1441156.15,1441222.75,17.63876170097796,59.16974677734935,L,binocular,2,"/Volumes/Data-1/Nimrod/experiments/PV_126/2024_07_18/block_007/oe_files/PV126_Trial16_wake3_2024-07-18_12-49-12/Record Node 102/analysis/Animal=PV_126,recNames=block_007/lizMov.mat",True,False,0,0,,2
PV_126,007,PV_126_block_007,PV_126_007_1453244_R,1453244.05,1453327.3,14.087873476818134,157.50434415832473,R,binocular,2,"/Volumes/Data-1/Nimrod/experiments/PV_126/2024_07_18/block_007/oe_files/PV126_Trial16_wake3_2024-07-18_12-49-12/Record Node 102/analysis/Animal=PV_126,recNames=block_007/lizMov.mat",True,False,2,0,116.55000000004657,2
PV_126,007,PV_126_block_007,PV_126_007_1453760_R,1453760.2,1453860.1,17.688645147521303,332.1745551561799,R,binocular,2,"/Volumes/Data-1/Nimrod/experiments/PV_126/2024_07_18/block_007/oe_files/PV126_Trial16_wake3_2024-07-18_12-49-12/Record Node 102/analysis/Animal=PV_126,recNames=block_007/lizMov.mat",True,True,2,1,99.9000000001397,2
PV_126,007,PV_126_block_007,PV_126_007_1453943_R,1453943.35,1454043.25,12.337278635809247,193.11283331596,R,binocular,2,"/Volumes/Data-1/Nimrod/experiments/PV_126/2024_07_18/block_007/oe_files/PV126_Trial16_wake3_2024-07-18_12-49-12/Record Node 102/analysis/Animal=PV_126,recNames=block_007/lizMov.mat",True,True,5,2,83.25,2
PV_126,007,PV_126_block_007,PV_126_007_1454077_L,1454076.55,1454193.1,10.058693143832429,40.71604948846086,L,binocular,2,"/Volumes/Data-1/Nimrod/experiments/PV_126/2024_07_18/block_007/oe_files/PV126_Trial16_wake3_2024-07-18_12-49-12/Record Node 102/analysis/Animal=PV_126,recNames=block_007/lizMov.mat",True,False,0,0,,2
PV_126,007,PV_126_block_007,PV_126_007_1458772_L,1458771.85,1458838.45,19.493006327968693,19.608757274231273,L,binocular,2,"/Volumes/Data-1/Nimrod/experiments/PV_126/2024_07_18/block_007/oe_files/PV126_Trial16_wake3_2024-07-18_12-49-12/Record Node 102/analysis/Animal=PV_126,recNames=block_007/lizMov.mat",True,True,3,1,49.949999999953434,2
PV_126,007,PV_126_block_007,PV_126_007_1466081_L,1466081.2,1466181.1,9.791209571680895,198.96224082981615,L,binocular,2,"/Volumes/Data-1/Nimrod/experiments/PV_126/2024_07_18/block_007/oe_files/PV126_Trial16_wake3_2024-07-18_12-49-12/Record Node 102/analysis/Animal=PV_126,recNames=block_007/lizMov.mat",True,False,0,0,,2
PV_126,007,PV_126_block_007,PV_126_007_1501696_L,1501695.55,1501845.4,18.318366894405024,7.501392423735771,L,binocular,2,"/Volumes/Data-1/Nimrod/experiments/PV_126/2024_07_18/block_007/oe_files/PV126_Trial16_wake3_2024-07-18_12-49-12/Record Node 102/analysis/Animal=PV_126,recNames=block_007/lizMov.mat",True,False,1,0,149.8499999998603,2
PV_126,007,PV_126_block_007,PV_126_007_1501929_R,1501928.65,1501995.25,8.175478230079149,14.250794199994132,R,binocular,2,"/Volumes/Data-1/Nimrod/experiments/PV_126/2024_07_18/block_007/oe_files/PV126_Trial16_wake3_2024-07-18_12-49-12/Record Node 102/analysis/Animal=PV_126,recNames=block_007/lizMov.mat",True,True,4,2,33.300000000046566,2
PV_126,007,PV_126_block_007,PV_126_007_1501995_R,1501995.25,1502078.5,8.673841186400296,164.33148386461178,R,binocular,2,"/Volumes/Data-1/Nimrod/experiments/PV_126/2024_07_18/block_007/oe_files/PV126_Trial16_wake3_2024-07-18_12-49-12/Record Node 102/analysis/Animal=PV_126,recNames=block_007/lizMov.mat",True,True,3,1,83.25,2
PV_126,007,PV_126_block_007,PV_126_007_1502095_R,1502095.15,1502211.7,8.875038005571307,187.60527928222362,R,binocular,2,"/Volumes/Data-1/Nimrod/experiments/PV_126/2024_07_18/block_007/oe_files/PV126_Trial16_wake3_2024-07-18_12-49-12/Record Node 102/analysis/Animal=PV_126,recNames=block_007/lizMov.mat",True,False,0,0,,2
PV_126,007,PV_126_block_007,PV_126_007_1553677_L,1553676.85,1553793.4,9.376147976439318,196.9992973791734,L,binocular,2,"/Volumes/Data-1/Nimrod/experiments/PV_126/2024_07_18/block_007/oe_files/PV126_Trial16_wake3_2024-07-18_12-49-12/Record Node 102/analysis/Animal=PV_126,recNames=block_007/lizMov.mat",True,False,0,0,,2
PV_126,007,PV_126_block_007,PV_126_007_1566797_L,1566797.05,1566896.95,12.815463656453298,189.3760263490134,L,binocular,2,"/Volumes/Data-1/Nimrod/experiments/PV_126/2024_07_18/block_007/oe_files/PV126_Trial16_wake3_2024-07-18_12-49-12/Record Node 102/analysis/Animal=PV_126,recNames=block_007/lizMov.mat",True,False,1,0,116.55000000004657,2
PV_126,007,PV_126_block_007,PV_126_007_1586377_L,1586377.45,1586460.7,13.163107157861909,192.59425070858927,L,binocular,2,"/Volumes/Data-1/Nimrod/experiments/PV_126/2024_07_18/block_007/oe_files/PV126_Trial16_wake3_2024-07-18_12-49-12/Record Node 102/analysis/Animal=PV_126,recNames=block_007/lizMov.mat",True,True,2,1,33.300000000046566,2
PV_126,007,PV_126_block_007,PV_126_007_1586494_L,1586494.0,1586627.2,10.544511103703007,197.37906143815553,L,binocular,2,"/Volumes/Data-1/Nimrod/experiments/PV_126/2024_07_18/block_007/oe_files/PV126_Trial16_wake3_2024-07-18_12-49-12/Record Node 102/analysis/Animal=PV_126,recNames=block_007/lizMov.mat",True,True,3,2,99.89999999990687,2
PV_126,007,PV_126_block_007,PV_126_007_1587326_R,1587326.5,1587476.35,13.439685563143264,202.39237869058164,R,binocular,2,"/Volumes/Data-1/Nimrod/experiments/PV_126/2024_07_18/block_007/oe_files/PV126_Trial16_wake3_2024-07-18_12-49-12/Record Node 102/analysis/Animal=PV_126,recNames=block_007/lizMov.mat",True,False,2,0,16.649999999906868,2
PV_126,007,PV_126_block_007,PV_126_007_1588409_L,1588408.75,1588508.65,7.346544622829281,286.3106300665139,L,binocular,2,"/Volumes/Data-1/Nimrod/experiments/PV_126/2024_07_18/block_007/oe_files/PV126_Trial16_wake3_2024-07-18_12-49-12/Record Node 102/analysis/Animal=PV_126,recNames=block_007/lizMov.mat",True,False,0,0,,2
PV_126,007,PV_126_block_007,PV_126_007_1588842_L,1588841.65,1588874.95,13.08181517772041,189.59423952079766,L,binocular,2,"/Volumes/Data-1/Nimrod/experiments/PV_126/2024_07_18/block_007/oe_files/PV126_Trial16_wake3_2024-07-18_12-49-12/Record Node 102/analysis/Animal=PV_126,recNames=block_007/lizMov.mat",True,True,4,2,33.300000000046566,2
PV_126,007,PV_126_block_007,PV_126_007_1588958_L,1588958.2,1589024.8,15.094499826376191,232.57876953654505,L,binocular,2,"/Volumes/Data-1/Nimrod/experiments/PV_126/2024_07_18/block_007/oe_files/PV126_Trial16_wake3_2024-07-18_12-49-12/Record Node 102/analysis/Animal=PV_126,recNames=block_007/lizMov.mat",True,True,3,1,16.6500000001397,2
PV_126,007,PV_126_block_007,PV_126_007_1589025_L,1589024.8,1589074.75,12.177048599558894,217.14718542142822,L,binocular,2,"/Volumes/Data-1/Nimrod/experiments/PV_126/2024_07_18/block_007/oe_files/PV126_Trial16_wake3_2024-07-18_12-49-12/Record Node 102/analysis/Animal=PV_126,recNames=block_007/lizMov.mat",True,True,2,1,33.300000000046566,2
PV_126,007,PV_126_block_007,PV_126_007_1589058_L,1589058.1,1589124.7,23.13390478023645,14.986432511106166,L,binocular,2,"/Volumes/Data-1/Nimrod/experiments/PV_126/2024_07_18/block_007/oe_files/PV126_Trial16_wake3_2024-07-18_12-49-12/Record Node 102/analysis/Animal=PV_126,recNames=block_007/lizMov.mat",True,True,2,1,66.5999999998603,2
PV_126,007,PV_126_block_007,PV_126_007_1590890_R,1590889.6,1590972.85,18.83387270161981,358.9399697906977,R,binocular,2,"/Volumes/Data-1/Nimrod/experiments/PV_126/2024_07_18/block_007/oe_files/PV126_Trial16_wake3_2024-07-18_12-49-12/Record Node 102/analysis/Animal=PV_126,recNames=block_007/lizMov.mat",True,False,1,0,83.25,2
PV_126,007,PV_126_block_007,PV_126_007_1593903_L,1593903.25,1594069.75,11.455858676372427,51.96347171850487,L,binocular,2,"/Volumes/Data-1/Nimrod/experiments/PV_126/2024_07_18/block_007/oe_files/PV126_Trial16_wake3_2024-07-18_12-49-12/Record Node 102/analysis/Animal=PV_126,recNames=block_007/lizMov.mat",True,False,0,0,66.60000000009313,2
PV_126,007,PV_126_block_007,PV_126_007_1594136_L,1594136.35,1594186.3,15.678588697671561,1.5961764245908783,L,binocular,2,"/Volumes/Data-1/Nimrod/experiments/PV_126/2024_07_18/block_007/oe_files/PV126_Trial16_wake3_2024-07-18_12-49-12/Record Node 102/analysis/Animal=PV_126,recNames=block_007/lizMov.mat",True,False,2,0,49.949999999953434,2
PV_126,007,PV_126_block_007,PV_126_007_1596967_R,1596966.85,1597033.45,10.888234850660679,168.16479564086578,R,binocular,2,"/Volumes/Data-1/Nimrod/experiments/PV_126/2024_07_18/block_007/oe_files/PV126_Trial16_wake3_2024-07-18_12-49-12/Record Node 102/analysis/Animal=PV_126,recNames=block_007/lizMov.mat",True,True,3,1,83.25,2
PV_126,007,PV_126_block_007,PV_126_007_1597100_R,1597100.05,1597199.95,11.041278009053434,355.83540971545415,R,binocular,2,"/Volumes/Data-1/Nimrod/experiments/PV_126/2024_07_18/block_007/oe_files/PV126_Trial16_wake3_2024-07-18_12-49-12/Record Node 102/analysis/Animal=PV_126,recNames=block_007/lizMov.mat",True,False,0,0,99.89999999990687,2
PV_126,007,PV_126_block_007,PV_126_007_1597733_L,1597732.75,1597782.7,14.042559187492756,202.4025313740602,L,binocular,2,"/Volumes/Data-1/Nimrod/experiments/PV_126/2024_07_18/block_007/oe_files/PV126_Trial16_wake3_2024-07-18_12-49-12/Record Node 102/analysis/Animal=PV_126,recNames=block_007/lizMov.mat",True,True,2,1,33.300000000046566,2
PV_126,007,PV_126_block_007,PV_126_007_1597766_L,1597766.05,1597932.55,8.456613818099653,285.75851865612145,L,binocular,2,"/Volumes/Data-1/Nimrod/experiments/PV_126/2024_07_18/block_007/oe_files/PV126_Trial16_wake3_2024-07-18_12-49-12/Record Node 102/analysis/Animal=PV_126,recNames=block_007/lizMov.mat",True,False,1,0,133.19999999995343,2
PV_126,007,PV_126_block_007,PV_126_007_1604110_R,1604109.7,1604226.25,20.35315155974524,38.104929847786934,R,binocular,2,"/Volumes/Data-1/Nimrod/experiments/PV_126/2024_07_18/block_007/oe_files/PV126_Trial16_wake3_2024-07-18_12-49-12/Record Node 102/analysis/Animal=PV_126,recNames=block_007/lizMov.mat",True,False,1,0,49.949999999953434,2
PV_126,007,PV_126_block_007,PV_126_007_1623624_L,1623623.5,1623839.95,46.60666414996778,62.78600527015119,L,binocular,2,"/Volumes/Data-1/Nimrod/experiments/PV_126/2024_07_18/block_007/oe_files/PV126_Trial16_wake3_2024-07-18_12-49-12/Record Node 102/analysis/Animal=PV_126,recNames=block_007/lizMov.mat",True,False,1,0,116.55000000004657,2
PV_126,007,PV_126_block_007,PV_126_007_1630084_L,1630083.7,1630166.95,12.484421983048279,266.9885233956844,L,binocular,2,"/Volumes/Data-1/Nimrod/experiments/PV_126/2024_07_18/block_007/oe_files/PV126_Trial16_wake3_2024-07-18_12-49-12/Record Node 102/analysis/Animal=PV_126,recNames=block_007/lizMov.mat",True,False,0,0,,2
PV_126,007,PV_126_block_007,PV_126_007_1634413_L,1634412.7,1634495.95,10.142792032546236,227.09546654507324,L,binocular,2,"/Volumes/Data-1/Nimrod/experiments/PV_126/2024_07_18/block_007/oe_files/PV126_Trial16_wake3_2024-07-18_12-49-12/Record Node 102/analysis/Animal=PV_126,recNames=block_007/lizMov.mat",True,False,0,0,,2
PV_126,007,PV_126_block_007,PV_126_007_1639058_L,1639058.05,1639174.6,20.666614351959165,208.009722615253,L,binocular,2,"/Volumes/Data-1/Nimrod/experiments/PV_126/2024_07_18/block_007/oe_files/PV126_Trial16_wake3_2024-07-18_12-49-12/Record Node 102/analysis/Animal=PV_126,recNames=block_007/lizMov.mat",True,False,3,0,116.55000000004657,2
PV_126,007,PV_126_block_007,PV_126_007_1639241_L,1639241.2,1639307.8,7.2336866113070215,48.54489424626931,L,binocular,2,"/Volumes/Data-1/Nimrod/experiments/PV_126/2024_07_18/block_007/oe_files/PV126_Trial16_wake3_2024-07-18_12-49-12/Record Node 102/analysis/Animal=PV_126,recNames=block_007/lizMov.mat",True,True,4,1,66.60000000009313,2
PV_126,007,PV_126_block_007,PV_126_007_1639308_L,1639307.8,1639341.1,7.018974147743926,202.4221225891915,L,binocular,2,"/Volumes/Data-1/Nimrod/experiments/PV_126/2024_07_18/block_007/oe_files/PV126_Trial16_wake3_2024-07-18_12-49-12/Record Node 102/analysis/Animal=PV_126,recNames=block_007/lizMov.mat",True,False,2,0,16.649999999906868,2
PV_126,007,PV_126_block_007,PV_126_007_1639541_R,1639540.9,1639640.8,7.22551493445024,308.51718954962655,R,binocular,2,"/Volumes/Data-1/Nimrod/experiments/PV_126/2024_07_18/block_007/oe_files/PV126_Trial16_wake3_2024-07-18_12-49-12/Record Node 102/analysis/Animal=PV_126,recNames=block_007/lizMov.mat",True,False,0,0,99.9000000001397,2
PV_126,007,PV_126_block_007,PV_126_007_1639874_L,1639873.9,1639923.85,10.248636948318499,119.88861992903601,L,binocular,2,"/Volumes/Data-1/Nimrod/experiments/PV_126/2024_07_18/block_007/oe_files/PV126_Trial16_wake3_2024-07-18_12-49-12/Record Node 102/analysis/Animal=PV_126,recNames=block_007/lizMov.mat",True,False,2,0,49.950000000186265,2
PV_126,007,PV_126_block_007,PV_126_007_1640057_R,1640057.05,1640107.0,8.934464537037991,162.28646884182598,R,binocular,2,"/Volumes/Data-1/Nimrod/experiments/PV_126/2024_07_18/block_007/oe_files/PV126_Trial16_wake3_2024-07-18_12-49-12/Record Node 102/analysis/Animal=PV_126,recNames=block_007/lizMov.mat",True,False,2,0,33.300000000046566,2
PV_126,007,PV_126_block_007,PV_126_007_1640090_R,1640090.35,1640190.25,11.181003541747987,343.84186872500237,R,binocular,2,"/Volumes/Data-1/Nimrod/experiments/PV_126/2024_07_18/block_007/oe_files/PV126_Trial16_wake3_2024-07-18_12-49-12/Record Node 102/analysis/Animal=PV_126,recNames=block_007/lizMov.mat",True,True,4,1,83.25,2
PV_126,007,PV_126_block_007,PV_126_007_1640174_L,1640173.6,1640240.2,8.717482210739515,194.14743389151903,L,binocular,2,"/Volumes/Data-1/Nimrod/experiments/PV_126/2024_07_18/block_007/oe_files/PV126_Trial16_wake3_2024-07-18_12-49-12/Record Node 102/analysis/Animal=PV_126,recNames=block_007/lizMov.mat",True,False,2,0,66.5999999998603,2
PV_126,007,PV_126_block_007,PV_126_007_1641889_L,1641888.55,1641988.45,20.905516054599087,3.0014679015164174,L,binocular,2,"/Volumes/Data-1/Nimrod/experiments/PV_126/2024_07_18/block_007/oe_files/PV126_Trial16_wake3_2024-07-18_12-49-12/Record Node 102/analysis/Animal=PV_126,recNames=block_007/lizMov.mat",True,True,3,2,49.949999999953434,2
PV_126,007,PV_126_block_007,PV_126_007_1641988_L,1641988.45,1642105.0,9.357390030461108,195.95859338214922,L,binocular,2,"/Volumes/Data-1/Nimrod/experiments/PV_126/2024_07_18/block_007/oe_files/PV126_Trial16_wake3_2024-07-18_12-49-12/Record Node 102/analysis/Animal=PV_126,recNames=block_007/lizMov.mat",True,False,0,0,,2
PV_126,007,PV_126_block_007,PV_126_007_1645435_R,1645435.0,1645501.6,12.08762153784226,332.2107864291305,R,binocular,2,"/Volumes/Data-1/Nimrod/experiments/PV_126/2024_07_18/block_007/oe_files/PV126_Trial16_wake3_2024-07-18_12-49-12/Record Node 102/analysis/Animal=PV_126,recNames=block_007/lizMov.mat",True,True,3,1,83.25,2
PV_126,007,PV_126_block_007,PV_126_007_1645718_L,1645718.05,1645751.35,7.545240715063998,8.446746686022982,L,binocular,2,"/Volumes/Data-1/Nimrod/experiments/PV_126/2024_07_18/block_007/oe_files/PV126_Trial16_wake3_2024-07-18_12-49-12/Record Node 102/analysis/Animal=PV_126,recNames=block_007/lizMov.mat",True,False,2,0,33.300000000046566,2
PV_126,007,PV_126_block_007,PV_126_007_1647849_R,1647849.25,1647915.85,13.807568776368987,322.0706284916009,R,binocular,2,"/Volumes/Data-1/Nimrod/experiments/PV_126/2024_07_18/block_007/oe_files/PV126_Trial16_wake3_2024-07-18_12-49-12/Record Node 102/analysis/Animal=PV_126,recNames=block_007/lizMov.mat",True,False,2,0,49.949999999953434,2
PV_126,007,PV_126_block_007,PV_126_007_1647899_R,1647899.2,1648015.75,13.862926977150105,164.4505072582531,R,binocular,2,"/Volumes/Data-1/Nimrod/experiments/PV_126/2024_07_18/block_007/oe_files/PV126_Trial16_wake3_2024-07-18_12-49-12/Record Node 102/analysis/Animal=PV_126,recNames=block_007/lizMov.mat",True,True,2,1,49.949999999953434,2
PV_126,007,PV_126_block_007,PV_126_007_1648016_L,1648015.75,1648082.35,17.12512506974419,40.041765378584,L,binocular,2,"/Volumes/Data-1/Nimrod/experiments/PV_126/2024_07_18/block_007/oe_files/PV126_Trial16_wake3_2024-07-18_12-49-12/Record Node 102/analysis/Animal=PV_126,recNames=block_007/lizMov.mat",True,False,2,0,49.949999999953434,2
PV_126,007,PV_126_block_007,PV_126_007_1648066_R,1648065.7,1648215.55,14.555808741484947,205.52006653778585,R,binocular,2,"/Volumes/Data-1/Nimrod/experiments/PV_126/2024_07_18/block_007/oe_files/PV126_Trial16_wake3_2024-07-18_12-49-12/Record Node 102/analysis/Animal=PV_126,recNames=block_007/lizMov.mat",True,False,2,0,149.85000000009313,2
PV_126,007,PV_126_block_007,PV_126_007_1648216_L,1648215.55,1648248.85,12.97987723630504,22.98412463843379,L,binocular,2,"/Volumes/Data-1/Nimrod/experiments/PV_126/2024_07_18/block_007/oe_files/PV126_Trial16_wake3_2024-07-18_12-49-12/Record Node 102/analysis/Animal=PV_126,recNames=block_007/lizMov.mat",True,False,2,0,16.649999999906868,2
PV_126,007,PV_126_block_007,PV_126_007_1648232_L,1648232.2,1648382.05,10.686131713160085,202.76241197580083,L,binocular,2,"/Volumes/Data-1/Nimrod/experiments/PV_126/2024_07_18/block_007/oe_files/PV126_Trial16_wake3_2024-07-18_12-49-12/Record Node 102/analysis/Animal=PV_126,recNames=block_007/lizMov.mat",True,False,0,0,,2
PV_126,007,PV_126_block_007,PV_126_007_1656990_L,1656990.1,1657106.65,26.788538502735022,202.21717604017695,L,binocular,2,"/Volumes/Data-1/Nimrod/experiments/PV_126/2024_07_18/block_007/oe_files/PV126_Trial16_wake3_2024-07-18_12-49-12/Record Node 102/analysis/Animal=PV_126,recNames=block_007/lizMov.mat",True,True,4,1,99.89999999990687,2
PV_126,007,PV_126_block_007,PV_126_007_1657090_L,1657090.0,1657139.95,8.101720063182483,214.02993258135328,L,binocular,2,"/Volumes/Data-1/Nimrod/experiments/PV_126/2024_07_18/block_007/oe_files/PV126_Trial16_wake3_2024-07-18_12-49-12/Record Node 102/analysis/Animal=PV_126,recNames=block_007/lizMov.mat",True,True,4,1,33.300000000046566,2
PV_126,007,PV_126_block_007,PV_126_007_1657123_L,1657123.3,1657189.9,7.236647175290337,20.474485827683953,L,binocular,2,"/Volumes/Data-1/Nimrod/experiments/PV_126/2024_07_18/block_007/oe_files/PV126_Trial16_wake3_2024-07-18_12-49-12/Record Node 102/analysis/Animal=PV_126,recNames=block_007/lizMov.mat",True,False,2,0,33.300000000046566,2
PV_126,007,PV_126_block_007,PV_126_007_1657190_R,1657189.9,1657373.05,10.73128770860069,345.05920461827253,R,binocular,2,"/Volumes/Data-1/Nimrod/experiments/PV_126/2024_07_18/block_007/oe_files/PV126_Trial16_wake3_2024-07-18_12-49-12/Record Node 102/analysis/Animal=PV_126,recNames=block_007/lizMov.mat",True,False,0,0,,2
PV_126,007,PV_126_block_007,PV_126_007_1657473_L,1657472.95,1657522.9,16.072387285223147,181.36657734949702,L,binocular,2,"/Volumes/Data-1/Nimrod/experiments/PV_126/2024_07_18/block_007/oe_files/PV126_Trial16_wake3_2024-07-18_12-49-12/Record Node 102/analysis/Animal=PV_126,recNames=block_007/lizMov.mat",True,True,3,1,33.300000000046566,2
PV_126,007,PV_126_block_007,PV_126_007_1657506_L,1657506.25,1657689.4,15.843649218923844,5.634108308039758,L,binocular,2,"/Volumes/Data-1/Nimrod/experiments/PV_126/2024_07_18/block_007/oe_files/PV126_Trial16_wake3_2024-07-18_12-49-12/Record Node 102/analysis/Animal=PV_126,recNames=block_007/lizMov.mat",True,False,1,0,116.55000000004657,2
PV_126,007,PV_126_block_007,PV_126_007_1658289_L,1658288.8,1658372.05,28.488881337108005,105.69109466592522,L,binocular,2,"/Volumes/Data-1/Nimrod/experiments/PV_126/2024_07_18/block_007/oe_files/PV126_Trial16_wake3_2024-07-18_12-49-12/Record Node 102/analysis/Animal=PV_126,recNames=block_007/lizMov.mat",True,True,3,1,49.949999999953434,2
PV_126,007,PV_126_block_007,PV_126_007_1658455_R,1658455.3,1658588.5,17.813349993226836,222.851594584649,R,binocular,2,"/Volumes/Data-1/Nimrod/experiments/PV_126/2024_07_18/block_007/oe_files/PV126_Trial16_wake3_2024-07-18_12-49-12/Record Node 102/analysis/Animal=PV_126,recNames=block_007/lizMov.mat",True,False,0,0,33.300000000046566,2
PV_126,007,PV_126_block_007,PV_126_007_1660070_L,1660070.35,1660153.6,20.636254934907708,33.464077317242456,L,binocular,2,"/Volumes/Data-1/Nimrod/experiments/PV_126/2024_07_18/block_007/oe_files/PV126_Trial16_wake3_2024-07-18_12-49-12/Record Node 102/analysis/Animal=PV_126,recNames=block_007/lizMov.mat",True,True,3,1,83.25,2
PV_126,007,PV_126_block_007,PV_126_007_1660154_L,1660153.6,1660286.8,9.505260667833596,192.94299484185166,L,binocular,2,"/Volumes/Data-1/Nimrod/experiments/PV_126/2024_07_18/block_007/oe_files/PV126_Trial16_wake3_2024-07-18_12-49-12/Record Node 102/analysis/Animal=PV_126,recNames=block_007/lizMov.mat",True,False,3,0,33.299999999813735,2
PV_126,007,PV_126_block_007,PV_126_007_1660287_L,1660286.8,1660336.75,11.019025446634377,45.20817556831187,L,binocular,2,"/Volumes/Data-1/Nimrod/experiments/PV_126/2024_07_18/block_007/oe_files/PV126_Trial16_wake3_2024-07-18_12-49-12/Record Node 102/analysis/Animal=PV_126,recNames=block_007/lizMov.mat",True,True,9,5,33.300000000046566,2
PV_126,007,PV_126_block_007,PV_126_007_1660320_L,1660320.1,1660370.05,7.331989417982561,176.16986550685067,L,binocular,2,"/Volumes/Data-1/Nimrod/experiments/PV_126/2024_07_18/block_007/oe_files/PV126_Trial16_wake3_2024-07-18_12-49-12/Record Node 102/analysis/Animal=PV_126,recNames=block_007/lizMov.mat",True,True,7,4,33.299999999813735,2
PV_126,007,PV_126_block_007,PV_126_007_1661136_L,1661135.95,1661202.55,32.19767843517943,70.84080753078146,L,binocular,2,"/Volumes/Data-1/Nimrod/experiments/PV_126/2024_07_18/block_007/oe_files/PV126_Trial16_wake3_2024-07-18_12-49-12/Record Node 102/analysis/Animal=PV_126,recNames=block_007/lizMov.mat",True,True,6,4,49.949999999953434,2
PV_126,007,PV_126_block_007,PV_126_007_1663184_L,1663183.9,1663250.5,23.64287069337758,221.38176639990118,L,binocular,2,"/Volumes/Data-1/Nimrod/experiments/PV_126/2024_07_18/block_007/oe_files/PV126_Trial16_wake3_2024-07-18_12-49-12/Record Node 102/analysis/Animal=PV_126,recNames=block_007/lizMov.mat",True,True,3,1,49.950000000186265,2
PV_126,007,PV_126_block_007,PV_126_007_1663234_L,1663233.85,1663367.05,11.689746695260887,289.9131383892153,L,binocular,2,"/Volumes/Data-1/Nimrod/experiments/PV_126/2024_07_18/block_007/oe_files/PV126_Trial16_wake3_2024-07-18_12-49-12/Record Node 102/analysis/Animal=PV_126,recNames=block_007/lizMov.mat",True,False,2,0,83.25,2
PV_126,007,PV_126_block_007,PV_126_007_1665248_L,1665248.5,1665365.05,10.702444980106998,214.00076041111646,L,binocular,2,"/Volumes/Data-1/Nimrod/experiments/PV_126/2024_07_18/block_007/oe_files/PV126_Trial16_wake3_2024-07-18_12-49-12/Record Node 102/analysis/Animal=PV_126,recNames=block_007/lizMov.mat",True,False,1,0,133.19999999995343,2
PV_126,007,PV_126_block_007,PV_126_007_1676021_R,1676021.05,1676104.3,12.574211248261443,13.021471650791694,R,binocular,2,"/Volumes/Data-1/Nimrod/experiments/PV_126/2024_07_18/block_007/oe_files/PV126_Trial16_wake3_2024-07-18_12-49-12/Record Node 102/analysis/Animal=PV_126,recNames=block_007/lizMov.mat",True,False,1,0,33.300000000046566,2
PV_126,007,PV_126_block_007,PV_126_007_1677936_R,1677935.8,1678002.4,8.284774935471956,162.54107991347814,R,binocular,2,"/Volumes/Data-1/Nimrod/experiments/PV_126/2024_07_18/block_007/oe_files/PV126_Trial16_wake3_2024-07-18_12-49-12/Record Node 102/analysis/Animal=PV_126,recNames=block_007/lizMov.mat",True,True,3,1,83.25,2
PV_126,007,PV_126_block_007,PV_126_007_1678152_L,1678152.25,1678235.5,14.502387310064211,236.48300533094533,L,binocular,2,"/Volumes/Data-1/Nimrod/experiments/PV_126/2024_07_18/block_007/oe_files/PV126_Trial16_wake3_2024-07-18_12-49-12/Record Node 102/analysis/Animal=PV_126,recNames=block_007/lizMov.mat",True,False,1,0,16.649999999906868,2
PV_126,007,PV_126_block_007,PV_126_007_1678385_R,1678385.35,1678451.95,10.443334072600813,150.44303806062635,R,binocular,2,"/Volumes/Data-1/Nimrod/experiments/PV_126/2024_07_18/block_007/oe_files/PV126_Trial16_wake3_2024-07-18_12-49-12/Record Node 102/analysis/Animal=PV_126,recNames=block_007/lizMov.mat",True,False,0,0,33.299999999813735,2
PV_126,007,PV_126_block_007,PV_126_007_1678552_L,1678551.85,1678601.8,9.39020987476303,178.68278579098202,L,binocular,2,"/Volumes/Data-1/Nimrod/experiments/PV_126/2024_07_18/block_007/oe_files/PV126_Trial16_wake3_2024-07-18_12-49-12/Record Node 102/analysis/Animal=PV_126,recNames=block_007/lizMov.mat",True,True,2,1,33.299999999813735,2
PV_126,007,PV_126_block_007,PV_126_007_1678585_L,1678585.15,1678685.05,7.202392077632142,51.249638789108666,L,binocular,2,"/Volumes/Data-1/Nimrod/experiments/PV_126/2024_07_18/block_007/oe_files/PV126_Trial16_wake3_2024-07-18_12-49-12/Record Node 102/analysis/Animal=PV_126,recNames=block_007/lizMov.mat",True,False,0,0,,2
PV_126,007,PV_126_block_007,PV_126_007_1678785_R,1678784.95,1678851.55,16.80958841871542,128.38640887334668,R,binocular,2,"/Volumes/Data-1/Nimrod/experiments/PV_126/2024_07_18/block_007/oe_files/PV126_Trial16_wake3_2024-07-18_12-49-12/Record Node 102/analysis/Animal=PV_126,recNames=block_007/lizMov.mat",True,True,2,1,49.949999999953434,2
PV_126,007,PV_126_block_007,PV_126_007_1678835_L,1678834.9,1678934.8,15.078096555237963,54.124290634874555,L,binocular,2,"/Volumes/Data-1/Nimrod/experiments/PV_126/2024_07_18/block_007/oe_files/PV126_Trial16_wake3_2024-07-18_12-49-12/Record Node 102/analysis/Animal=PV_126,recNames=block_007/lizMov.mat",True,False,0,0,,2
PV_126,007,PV_126_block_007,PV_126_007_1681915_R,1681915.15,1681965.1,17.44931725822844,221.2065675142655,R,binocular,2,"/Volumes/Data-1/Nimrod/experiments/PV_126/2024_07_18/block_007/oe_files/PV126_Trial16_wake3_2024-07-18_12-49-12/Record Node 102/analysis/Animal=PV_126,recNames=block_007/lizMov.mat",True,True,3,1,49.950000000186265,2
PV_126,007,PV_126_block_007,PV_126_007_1681965_R,1681965.1,1682081.65,13.337858513276892,75.89384636324003,R,binocular,2,"/Volumes/Data-1/Nimrod/experiments/PV_126/2024_07_18/block_007/oe_files/PV126_Trial16_wake3_2024-07-18_12-49-12/Record Node 102/analysis/Animal=PV_126,recNames=block_007/lizMov.mat",True,False,2,0,99.89999999990687,2
PV_126,007,PV_126_block_007,PV_126_007_1686294_L,1686294.1,1686377.35,14.143463150710842,216.34277153865116,L,binocular,2,"/Volumes/Data-1/Nimrod/experiments/PV_126/2024_07_18/block_007/oe_files/PV126_Trial16_wake3_2024-07-18_12-49-12/Record Node 102/analysis/Animal=PV_126,recNames=block_007/lizMov.mat",True,True,6,3,33.299999999813735,2
PV_126,007,PV_126_block_007,PV_126_007_1686427_L,1686427.3,1686460.6,7.51431959299538,34.23343250340496,L,binocular,2,"/Volumes/Data-1/Nimrod/experiments/PV_126/2024_07_18/block_007/oe_files/PV126_Trial16_wake3_2024-07-18_12-49-12/Record Node 102/analysis/Animal=PV_126,recNames=block_007/lizMov.mat",True,False,1,0,33.300000000046566,2
PV_126,007,PV_126_block_007,PV_126_007_1686461_R,1686460.6,1686560.5,9.520337640819443,350.7705062843301,R,binocular,2,"/Volumes/Data-1/Nimrod/experiments/PV_126/2024_07_18/block_007/oe_files/PV126_Trial16_wake3_2024-07-18_12-49-12/Record Node 102/analysis/Animal=PV_126,recNames=block_007/lizMov.mat",True,False,0,0,16.649999999906868,2
PV_126,007,PV_126_block_007,PV_126_007_1686577_L,1686577.15,1686643.75,18.776317185942254,179.2087369168084,L,binocular,2,"/Volumes/Data-1/Nimrod/experiments/PV_126/2024_07_18/block_007/oe_files/PV126_Trial16_wake3_2024-07-18_12-49-12/Record Node 102/analysis/Animal=PV_126,recNames=block_007/lizMov.mat",True,True,4,1,49.950000000186265,2
PV_126,007,PV_126_block_007,PV_126_007_1686627_R,1686627.1,1686727.0,12.182231819522135,353.2828083621681,R,binocular,2,"/Volumes/Data-1/Nimrod/experiments/PV_126/2024_07_18/block_007/oe_files/PV126_Trial16_wake3_2024-07-18_12-49-12/Record Node 102/analysis/Animal=PV_126,recNames=block_007/lizMov.mat",True,False,1,0,66.5999999998603,2
PV_126,007,PV_126_block_007,PV_126_007_1687210_L,1687209.85,1687309.75,8.015710427487674,186.5764179228117,L,binocular,2,"/Volumes/Data-1/Nimrod/experiments/PV_126/2024_07_18/block_007/oe_files/PV126_Trial16_wake3_2024-07-18_12-49-12/Record Node 102/analysis/Animal=PV_126,recNames=block_007/lizMov.mat",True,True,2,1,66.5999999998603,2
PV_126,007,PV_126_block_007,PV_126_007_1687310_L,1687309.75,1687376.35,10.192405733758704,55.936340238133944,L,binocular,2,"/Volumes/Data-1/Nimrod/experiments/PV_126/2024_07_18/block_007/oe_files/PV126_Trial16_wake3_2024-07-18_12-49-12/Record Node 102/analysis/Animal=PV_126,recNames=block_007/lizMov.mat",True,False,1,0,99.89999999990687,2
PV_126,007,PV_126_block_007,PV_126_007_1687510_L,1687509.55,1687559.5,12.969034409007413,194.08921851957825,L,binocular,2,"/Volumes/Data-1/Nimrod/experiments/PV_126/2024_07_18/block_007/oe_files/PV126_Trial16_wake3_2024-07-18_12-49-12/Record Node 102/analysis/Animal=PV_126,recNames=block_007/lizMov.mat",True,False,2,0,33.300000000046566,2
PV_126,007,PV_126_block_007,PV_126_007_1687543_L,1687542.85,1687642.75,7.274168597080666,6.0060899840844035,L,binocular,2,"/Volumes/Data-1/Nimrod/experiments/PV_126/2024_07_18/block_007/oe_files/PV126_Trial16_wake3_2024-07-18_12-49-12/Record Node 102/analysis/Animal=PV_126,recNames=block_007/lizMov.mat",True,False,0,0,,2
PV_126,007,PV_126_block_007,PV_126_007_1688342_L,1688342.05,1688392.0,13.016677179579645,181.33268096254815,L,binocular,2,"/Volumes/Data-1/Nimrod/experiments/PV_126/2024_07_18/block_007/oe_files/PV126_Trial16_wake3_2024-07-18_12-49-12/Record Node 102/analysis/Animal=PV_126,recNames=block_007/lizMov.mat",True,False,2,0,49.949999999953434,2
PV_126,007,PV_126_block_007,PV_126_007_1688392_L,1688392.0,1688475.25,8.929733822486472,18.779109836188034,L,binocular,2,"/Volumes/Data-1/Nimrod/experiments/PV_126/2024_07_18/block_007/oe_files/PV126_Trial16_wake3_2024-07-18_12-49-12/Record Node 102/analysis/Animal=PV_126,recNames=block_007/lizMov.mat",True,False,0,0,,2
PV_126,007,PV_126_block_007,PV_126_007_1688775_R,1688774.95,1688841.55,20.104121197607135,3.3952604660433026,R,binocular,2,"/Volumes/Data-1/Nimrod/experiments/PV_126/2024_07_18/block_007/oe_files/PV126_Trial16_wake3_2024-07-18_12-49-12/Record Node 102/analysis/Animal=PV_126,recNames=block_007/lizMov.mat",True,False,3,0,66.60000000009313,2
PV_126,007,PV_126_block_007,PV_126_007_1690390_R,1690390.0,1690456.6,24.390000458960767,196.17878292614495,R,binocular,2,"/Volumes/Data-1/Nimrod/experiments/PV_126/2024_07_18/block_007/oe_files/PV126_Trial16_wake3_2024-07-18_12-49-12/Record Node 102/analysis/Animal=PV_126,recNames=block_007/lizMov.mat",True,True,4,2,33.300000000046566,2
PV_126,007,PV_126_block_007,PV_126_007_1690457_L,1690456.6,1690523.2,26.40258064229126,209.69159410290112,L,binocular,2,"/Volumes/Data-1/Nimrod/experiments/PV_126/2024_07_18/block_007/oe_files/PV126_Trial16_wake3_2024-07-18_12-49-12/Record Node 102/analysis/Animal=PV_126,recNames=block_007/lizMov.mat",True,True,3,1,33.299999999813735,2
PV_126,007,PV_126_block_007,PV_126_007_1690490_R,1690489.9,1690623.1,16.263885025534993,11.912094528412876,R,binocular,2,"/Volumes/Data-1/Nimrod/experiments/PV_126/2024_07_18/block_007/oe_files/PV126_Trial16_wake3_2024-07-18_12-49-12/Record Node 102/analysis/Animal=PV_126,recNames=block_007/lizMov.mat",True,True,2,1,116.55000000004657,2
PV_126,007,PV_126_block_007,PV_126_007_1690740_R,1690739.65,1690822.9,18.88590156189783,341.58572813489894,R,binocular,2,"/Volumes/Data-1/Nimrod/experiments/PV_126/2024_07_18/block_007/oe_files/PV126_Trial16_wake3_2024-07-18_12-49-12/Record Node 102/analysis/Animal=PV_126,recNames=block_007/lizMov.mat",True,False,2,0,49.950000000186265,2
PV_126,007,PV_126_block_007,PV_126_007_1690823_L,1690822.9,1690972.75,16.10057389837692,162.8996095171075,L,binocular,2,"/Volumes/Data-1/Nimrod/experiments/PV_126/2024_07_18/block_007/oe_files/PV126_Trial16_wake3_2024-07-18_12-49-12/Record Node 102/analysis/Animal=PV_126,recNames=block_007/lizMov.mat",True,False,0,0,,2
PV_126,007,PV_126_block_007,PV_126_007_1691339_L,1691339.05,1691372.35,12.328486898442264,211.21953696179037,L,binocular,2,"/Volumes/Data-1/Nimrod/experiments/PV_126/2024_07_18/block_007/oe_files/PV126_Trial16_wake3_2024-07-18_12-49-12/Record Node 102/analysis/Animal=PV_126,recNames=block_007/lizMov.mat",True,False,1,0,33.300000000046566,2
PV_126,007,PV_126_block_007,PV_126_007_1692688_L,1692687.7,1692721.0,7.664187763347423,217.8099913680526,L,binocular,2,"/Volumes/Data-1/Nimrod/experiments/PV_126/2024_07_18/block_007/oe_files/PV126_Trial16_wake3_2024-07-18_12-49-12/Record Node 102/analysis/Animal=PV_126,recNames=block_007/lizMov.mat",True,False,2,0,16.6500000001397,2
PV_126,007,PV_126_block_007,PV_126_007_1692704_L,1692704.35,1692820.9,7.849497523391323,52.801849661075806,L,binocular,2,"/Volumes/Data-1/Nimrod/experiments/PV_126/2024_07_18/block_007/oe_files/PV126_Trial16_wake3_2024-07-18_12-49-12/Record Node 102/analysis/Animal=PV_126,recNames=block_007/lizMov.mat",True,False,1,0,33.299999999813735,2
PV_126,007,PV_126_block_007,PV_126_007_1696334_L,1696334.05,1696384.0,20.38984547752809,220.9307633665517,L,binocular,2,"/Volumes/Data-1/Nimrod/experiments/PV_126/2024_07_18/block_007/oe_files/PV126_Trial16_wake3_2024-07-18_12-49-12/Record Node 102/analysis/Animal=PV_126,recNames=block_007/lizMov.mat",True,True,6,2,33.300000000046566,2
PV_126,007,PV_126_block_007,PV_126_007_1696367_L,1696367.35,1696433.95,10.374888988391271,25.14553394641235,L,binocular,2,"/Volumes/Data-1/Nimrod/experiments/PV_126/2024_07_18/block_007/oe_files/PV126_Trial16_wake3_2024-07-18_12-49-12/Record Node 102/analysis/Animal=PV_126,recNames=block_007/lizMov.mat",True,True,4,1,66.5999999998603,2
PV_126,007,PV_126_block_007,PV_126_007_1697849_L,1697849.2,1697949.1,17.563547561859984,12.443394541674428,L,binocular,2,"/Volumes/Data-1/Nimrod/experiments/PV_126/2024_07_18/block_007/oe_files/PV126_Trial16_wake3_2024-07-18_12-49-12/Record Node 102/analysis/Animal=PV_126,recNames=block_007/lizMov.mat",True,True,5,2,49.949999999953434,2
PV_126,007,PV_126_block_007,PV_126_007_1698082_R,1698082.3,1698148.9,15.397425727896405,22.727119039831216,R,binocular,2,"/Volumes/Data-1/Nimrod/experiments/PV_126/2024_07_18/block_007/oe_files/PV126_Trial16_wake3_2024-07-18_12-49-12/Record Node 102/analysis/Animal=PV_126,recNames=block_007/lizMov.mat",True,True,5,1,16.649999999906868,2
PV_126,007,PV_126_block_007,PV_126_007_1698182_R,1698182.2,1698215.5,8.207825558981924,310.5363800137021,R,binocular,2,"/Volumes/Data-1/Nimrod/experiments/PV_126/2024_07_18/block_007/oe_files/PV126_Trial16_wake3_2024-07-18_12-49-12/Record Node 102/analysis/Animal=PV_126,recNames=block_007/lizMov.mat",True,False,1,0,16.6500000001397,2
PV_126,007,PV_126_block_007,PV_126_007_1698199_R,1698198.85,1698282.1,15.56666139956487,174.83221240523116,R,binocular,2,"/Volumes/Data-1/Nimrod/experiments/PV_126/2024_07_18/block_007/oe_files/PV126_Trial16_wake3_2024-07-18_12-49-12/Record Node 102/analysis/Animal=PV_126,recNames=block_007/lizMov.mat",True,False,3,0,49.949999999953434,2
PV_126,007,PV_126_block_007,PV_126_007_1698282_R,1698282.1,1698348.7,17.11338266948473,2.963745619770273,R,binocular,2,"/Volumes/Data-1/Nimrod/experiments/PV_126/2024_07_18/block_007/oe_files/PV126_Trial16_wake3_2024-07-18_12-49-12/Record Node 102/analysis/Animal=PV_126,recNames=block_007/lizMov.mat",True,False,2,0,49.949999999953434,2
PV_126,007,PV_126_block_007,PV_126_007_1698332_R,1698332.05,1698448.6,14.19564314057419,140.52877047836736,R,binocular,2,"/Volumes/Data-1/Nimrod/experiments/PV_126/2024_07_18/block_007/oe_files/PV126_Trial16_wake3_2024-07-18_12-49-12/Record Node 102/analysis/Animal=PV_126,recNames=block_007/lizMov.mat",True,False,0,0,,2
PV_126,007,PV_126_block_007,PV_126_007_1717896_L,1717895.8,1717962.4,13.941667188199917,195.7266784933519,L,binocular,2,"/Volumes/Data-1/Nimrod/experiments/PV_126/2024_07_18/block_007/oe_files/PV126_Trial16_wake3_2024-07-18_12-49-12/Record Node 102/analysis/Animal=PV_126,recNames=block_007/lizMov.mat",True,False,2,0,49.949999999953434,2
PV_126,007,PV_126_block_007,PV_126_007_1718112_R,1718112.25,1718245.45,11.659246109810175,338.338607589348,R,binocular,2,"/Volumes/Data-1/Nimrod/experiments/PV_126/2024_07_18/block_007/oe_files/PV126_Trial16_wake3_2024-07-18_12-49-12/Record Node 102/analysis/Animal=PV_126,recNames=block_007/lizMov.mat",True,False,1,0,16.649999999906868,2
PV_126,007,PV_126_block_007,PV_126_007_1718395_R,1718395.3,1718528.5,14.765175892853872,334.7760979720626,R,binocular,2,"/Volumes/Data-1/Nimrod/experiments/PV_126/2024_07_18/block_007/oe_files/PV126_Trial16_wake3_2024-07-18_12-49-12/Record Node 102/analysis/Animal=PV_126,recNames=block_007/lizMov.mat",True,False,1,0,33.300000000046566,2
PV_126,007,PV_126_block_007,PV_126_007_1718528_L,1718528.5,1718595.1,22.11377105930676,219.53138086974258,L,binocular,2,"/Volumes/Data-1/Nimrod/experiments/PV_126/2024_07_18/block_007/oe_files/PV126_Trial16_wake3_2024-07-18_12-49-12/Record Node 102/analysis/Animal=PV_126,recNames=block_007/lizMov.mat",True,False,1,0,33.300000000046566,2
PV_126,007,PV_126_block_007,PV_126_007_1718562_L,1718561.8,1718728.3,23.84539035086169,51.9827695412147,L,binocular,2,"/Volumes/Data-1/Nimrod/experiments/PV_126/2024_07_18/block_007/oe_files/PV126_Trial16_wake3_2024-07-18_12-49-12/Record Node 102/analysis/Animal=PV_126,recNames=block_007/lizMov.mat",True,False,1,0,149.8499999998603,2
PV_126,007,PV_126_block_007,PV_126_007_1718712_R,1718711.65,1718778.25,20.799750384114805,132.3190893722836,R,binocular,2,"/Volumes/Data-1/Nimrod/experiments/PV_126/2024_07_18/block_007/oe_files/PV126_Trial16_wake3_2024-07-18_12-49-12/Record Node 102/analysis/Animal=PV_126,recNames=block_007/lizMov.mat",True,True,3,1,49.950000000186265,2
PV_126,007,PV_126_block_007,PV_126_007_1722874_R,1722874.15,1722974.05,28.97461946411804,328.32860048885794,R,binocular,2,"/Volumes/Data-1/Nimrod/experiments/PV_126/2024_07_18/block_007/oe_files/PV126_Trial16_wake3_2024-07-18_12-49-12/Record Node 102/analysis/Animal=PV_126,recNames=block_007/lizMov.mat",True,True,3,1,83.25,2
PV_126,007,PV_126_block_007,PV_126_007_1722991_L,1722990.7,1723073.95,9.173153132345819,206.11092757349013,L,binocular,2,"/Volumes/Data-1/Nimrod/experiments/PV_126/2024_07_18/block_007/oe_files/PV126_Trial16_wake3_2024-07-18_12-49-12/Record Node 102/analysis/Animal=PV_126,recNames=block_007/lizMov.mat",True,False,1,0,66.60000000009313,2
PV_126,007,PV_126_block_007,PV_126_007_1723057_R,1723057.3,1723157.2,16.68091244061845,180.21913830725433,R,binocular,2,"/Volumes/Data-1/Nimrod/experiments/PV_126/2024_07_18/block_007/oe_files/PV126_Trial16_wake3_2024-07-18_12-49-12/Record Node 102/analysis/Animal=PV_126,recNames=block_007/lizMov.mat",True,True,4,1,33.300000000046566,2
PV_126,007,PV_126_block_007,PV_126_007_1723174_R,1723173.85,1723307.05,14.71852852558193,137.0342140187272,R,binocular,2,"/Volumes/Data-1/Nimrod/experiments/PV_126/2024_07_18/block_007/oe_files/PV126_Trial16_wake3_2024-07-18_12-49-12/Record Node 102/analysis/Animal=PV_126,recNames=block_007/lizMov.mat",True,False,2,0,33.299999999813735,2
PV_126,007,PV_126_block_007,PV_126_007_1723524_R,1723523.5,1723556.8,19.18747252466903,107.58733432426699,R,binocular,2,"/Volumes/Data-1/Nimrod/experiments/PV_126/2024_07_18/block_007/oe_files/PV126_Trial16_wake3_2024-07-18_12-49-12/Record Node 102/analysis/Animal=PV_126,recNames=block_007/lizMov.mat",True,True,8,3,16.649999999906868,2
PV_126,007,PV_126_block_007,PV_126_007_1723757_R,1723756.6,1723806.55,8.397584593861417,27.7972757572118,R,binocular,2,"/Volumes/Data-1/Nimrod/experiments/PV_126/2024_07_18/block_007/oe_files/PV126_Trial16_wake3_2024-07-18_12-49-12/Record Node 102/analysis/Animal=PV_126,recNames=block_007/lizMov.mat",True,False,1,0,33.299999999813735,2
PV_126,007,PV_126_block_007,PV_126_007_1723790_R,1723789.9,1724006.35,15.930160007855298,234.06263173767934,R,binocular,2,"/Volumes/Data-1/Nimrod/experiments/PV_126/2024_07_18/block_007/oe_files/PV126_Trial16_wake3_2024-07-18_12-49-12/Record Node 102/analysis/Animal=PV_126,recNames=block_007/lizMov.mat",True,False,1,0,66.60000000009313,2
PV_126,007,PV_126_block_007,PV_126_007_1725172_R,1725171.85,1725238.45,9.745822380631404,244.06331263494184,R,binocular,2,"/Volumes/Data-1/Nimrod/experiments/PV_126/2024_07_18/block_007/oe_files/PV126_Trial16_wake3_2024-07-18_12-49-12/Record Node 102/analysis/Animal=PV_126,recNames=block_007/lizMov.mat",True,False,1,0,33.299999999813735,2
PV_126,007,PV_126_block_007,PV_126_007_1725555_L,1725554.8,1725588.1,9.890887712594854,188.36584829827444,L,binocular,2,"/Volumes/Data-1/Nimrod/experiments/PV_126/2024_07_18/block_007/oe_files/PV126_Trial16_wake3_2024-07-18_12-49-12/Record Node 102/analysis/Animal=PV_126,recNames=block_007/lizMov.mat",True,False,2,0,33.300000000046566,2
PV_126,007,PV_126_block_007,PV_126_007_1727420_L,1727419.6,1727452.9,10.863616442700446,323.36485894902114,L,binocular,2,"/Volumes/Data-1/Nimrod/experiments/PV_126/2024_07_18/block_007/oe_files/PV126_Trial16_wake3_2024-07-18_12-49-12/Record Node 102/analysis/Animal=PV_126,recNames=block_007/lizMov.mat",True,False,1,0,33.299999999813735,2
PV_126,007,PV_126_block_007,PV_126_007_1727470_R,1727469.55,1727652.7,14.318270713242347,43.378529268460184,R,binocular,2,"/Volumes/Data-1/Nimrod/experiments/PV_126/2024_07_18/block_007/oe_files/PV126_Trial16_wake3_2024-07-18_12-49-12/Record Node 102/analysis/Animal=PV_126,recNames=block_007/lizMov.mat",True,False,0,0,,2
PV_126,007,PV_126_block_007,PV_126_007_1753027_L,1753027.3,1753060.6,7.326024558766008,206.9328847431357,L,binocular,2,"/Volumes/Data-1/Nimrod/experiments/PV_126/2024_07_18/block_007/oe_files/PV126_Trial16_wake3_2024-07-18_12-49-12/Record Node 102/analysis/Animal=PV_126,recNames=block_007/lizMov.mat",True,False,0,0,49.949999999953434,2
PV_126,007,PV_126_block_007,PV_126_007_1753077_L,1753077.25,1753277.05,15.85347017067197,8.461845298493133,L,binocular,2,"/Volumes/Data-1/Nimrod/experiments/PV_126/2024_07_18/block_007/oe_files/PV126_Trial16_wake3_2024-07-18_12-49-12/Record Node 102/analysis/Animal=PV_126,recNames=block_007/lizMov.mat",True,False,0,0,,2
PV_126,007,PV_126_block_007,PV_126_007_1753310_L,1753310.35,1753426.9,13.629556645657074,198.5023274380854,L,binocular,2,"/Volumes/Data-1/Nimrod/experiments/PV_126/2024_07_18/block_007/oe_files/PV126_Trial16_wake3_2024-07-18_12-49-12/Record Node 102/analysis/Animal=PV_126,recNames=block_007/lizMov.mat",True,False,1,0,33.299999999813735,2
PV_126,007,PV_126_block_007,PV_126_007_1755308_R,1755308.35,1755441.55,7.383172165271699,357.53070032019247,R,binocular,2,"/Volumes/Data-1/Nimrod/experiments/PV_126/2024_07_18/block_007/oe_files/PV126_Trial16_wake3_2024-07-18_12-49-12/Record Node 102/analysis/Animal=PV_126,recNames=block_007/lizMov.mat",True,False,2,0,33.299999999813735,2
PV_126,007,PV_126_block_007,PV_126_007_1756690_R,1756690.3,1756790.2,14.228704117320596,288.2172405965734,R,binocular,2,"/Volumes/Data-1/Nimrod/experiments/PV_126/2024_07_18/block_007/oe_files/PV126_Trial16_wake3_2024-07-18_12-49-12/Record Node 102/analysis/Animal=PV_126,recNames=block_007/lizMov.mat",True,True,3,1,83.25,2
PV_126,007,PV_126_block_007,PV_126_007_279702_L,279702.1,279768.7,10.325278815334274,186.0764612289874,L,monocular,1,"/Volumes/Data-1/Nimrod/experiments/PV_126/2024_07_18/block_007/oe_files/PV126_Trial16_wake3_2024-07-18_12-49-12/Record Node 102/analysis/Animal=PV_126,recNames=block_007/lizMov.mat",True,False,1,0,83.25,1
PV_126,007,PV_126_block_007,PV_126_007_279785_L,279785.35,279918.55,8.409809055676085,124.08134955193795,L,monocular,1,"/Volumes/Data-1/Nimrod/experiments/PV_126/2024_07_18/block_007/oe_files/PV126_Trial16_wake3_2024-07-18_12-49-12/Record Node 102/analysis/Animal=PV_126,recNames=block_007/lizMov.mat",True,False,2,0,116.55000000004657,1
PV_126,007,PV_126_block_007,PV_126_007_281700_L,281700.1,281783.35,9.788130577931042,170.50308817352627,L,monocular,1,"/Volumes/Data-1/Nimrod/experiments/PV_126/2024_07_18/block_007/oe_files/PV126_Trial16_wake3_2024-07-18_12-49-12/Record Node 102/analysis/Animal=PV_126,recNames=block_007/lizMov.mat",True,False,1,0,16.650000000023283,1
PV_126,007,PV_126_block_007,PV_126_007_291340_L,291340.45,291373.75,7.23579197876705,160.27073843030723,L,monocular,1,"/Volumes/Data-1/Nimrod/experiments/PV_126/2024_07_18/block_007/oe_files/PV126_Trial16_wake3_2024-07-18_12-49-12/Record Node 102/analysis/Animal=PV_126,recNames=block_007/lizMov.mat",True,False,1,0,33.29999999998836,1
PV_126,007,PV_126_block_007,PV_126_007_294387_L,294387.4,294520.6,12.25006395042316,161.74307734562652,L,monocular,1,"/Volumes/Data-1/Nimrod/experiments/PV_126/2024_07_18/block_007/oe_files/PV126_Trial16_wake3_2024-07-18_12-49-12/Record Node 102/analysis/Animal=PV_126,recNames=block_007/lizMov.mat",True,False,1,0,49.949999999953434,1
PV_126,007,PV_126_block_007,PV_126_007_310122_L,310121.65,310271.5,13.650853156081599,163.68467517212844,L,monocular,1,"/Volumes/Data-1/Nimrod/experiments/PV_126/2024_07_18/block_007/oe_files/PV126_Trial16_wake3_2024-07-18_12-49-12/Record Node 102/analysis/Animal=PV_126,recNames=block_007/lizMov.mat",True,False,1,0,83.25,1
PV_126,007,PV_126_block_007,PV_126_007_317331_L,317331.1,317447.65,12.62474122807167,173.79692145734472,L,monocular,1,"/Volumes/Data-1/Nimrod/experiments/PV_126/2024_07_18/block_007/oe_files/PV126_Trial16_wake3_2024-07-18_12-49-12/Record Node 102/analysis/Animal=PV_126,recNames=block_007/lizMov.mat",True,False,1,0,133.20000000001164,1
PV_126,007,PV_126_block_007,PV_126_007_318963_L,318962.8,319029.4,7.140942963480471,230.1434022020567,L,monocular,1,"/Volumes/Data-1/Nimrod/experiments/PV_126/2024_07_18/block_007/oe_files/PV126_Trial16_wake3_2024-07-18_12-49-12/Record Node 102/analysis/Animal=PV_126,recNames=block_007/lizMov.mat",True,False,0,0,,1
PV_126,007,PV_126_block_007,PV_126_007_320478_L,320477.95,320594.5,19.387714462519092,354.8413969968617,L,monocular,1,"/Volumes/Data-1/Nimrod/experiments/PV_126/2024_07_18/block_007/oe_files/PV126_Trial16_wake3_2024-07-18_12-49-12/Record Node 102/analysis/Animal=PV_126,recNames=block_007/lizMov.mat",True,False,1,0,133.20000000001164,1
PV_126,007,PV_126_block_007,PV_126_007_322826_L,322825.6,322942.15,12.434932518564526,184.3667313241686,L,monocular,1,"/Volumes/Data-1/Nimrod/experiments/PV_126/2024_07_18/block_007/oe_files/PV126_Trial16_wake3_2024-07-18_12-49-12/Record Node 102/analysis/Animal=PV_126,recNames=block_007/lizMov.mat",True,False,0,0,,1
PV_126,007,PV_126_block_007,PV_126_007_323059_L,323058.7,323092.0,17.65412851743286,18.396499224930054,L,monocular,1,"/Volumes/Data-1/Nimrod/experiments/PV_126/2024_07_18/block_007/oe_files/PV126_Trial16_wake3_2024-07-18_12-49-12/Record Node 102/analysis/Animal=PV_126,recNames=block_007/lizMov.mat",True,False,1,0,33.29999999998836,1
PV_126,007,PV_126_block_007,PV_126_007_323775_L,323774.65,323857.9,23.12346850646542,151.25030320136895,L,monocular,1,"/Volumes/Data-1/Nimrod/experiments/PV_126/2024_07_18/block_007/oe_files/PV126_Trial16_wake3_2024-07-18_12-49-12/Record Node 102/analysis/Animal=PV_126,recNames=block_007/lizMov.mat",True,True,2,1,16.649999999965075,1
PV_126,007,PV_126_block_007,PV_126_007_323858_L,323857.9,324041.05,23.072570678556495,322.2919283984314,L,monocular,1,"/Volumes/Data-1/Nimrod/experiments/PV_126/2024_07_18/block_007/oe_files/PV126_Trial16_wake3_2024-07-18_12-49-12/Record Node 102/analysis/Animal=PV_126,recNames=block_007/lizMov.mat",True,False,1,0,149.84999999997672,1
PV_126,007,PV_126_block_007,PV_126_007_327238_L,327237.85,327271.15,12.596897881143597,354.2482623147828,L,monocular,1,"/Volumes/Data-1/Nimrod/experiments/PV_126/2024_07_18/block_007/oe_files/PV126_Trial16_wake3_2024-07-18_12-49-12/Record Node 102/analysis/Animal=PV_126,recNames=block_007/lizMov.mat",True,False,2,0,33.300000000046566,1
PV_126,007,PV_126_block_007,PV_126_007_327271_L,327271.15,327337.75,20.030197361604337,200.9153126741811,L,monocular,1,"/Volumes/Data-1/Nimrod/experiments/PV_126/2024_07_18/block_007/oe_files/PV126_Trial16_wake3_2024-07-18_12-49-12/Record Node 102/analysis/Animal=PV_126,recNames=block_007/lizMov.mat",True,False,2,0,83.25,1
PV_126,007,PV_126_block_007,PV_126_007_329769_L,329768.65,329868.55,17.79976328250963,10.002336635991957,L,monocular,1,"/Volumes/Data-1/Nimrod/experiments/PV_126/2024_07_18/block_007/oe_files/PV126_Trial16_wake3_2024-07-18_12-49-12/Record Node 102/analysis/Animal=PV_126,recNames=block_007/lizMov.mat",True,True,3,2,116.54999999998836,1
PV_126,007,PV_126_block_007,PV_126_007_329902_L,329901.85,329935.15,9.13519848487046,81.285010580015,L,monocular,1,"/Volumes/Data-1/Nimrod/experiments/PV_126/2024_07_18/block_007/oe_files/PV126_Trial16_wake3_2024-07-18_12-49-12/Record Node 102/analysis/Animal=PV_126,recNames=block_007/lizMov.mat",True,True,6,4,16.650000000023283,1
PV_126,007,PV_126_block_007,PV_126_007_333415_L,333415.0,333481.6,9.402858225133551,191.51666130726065,L,monocular,1,"/Volumes/Data-1/Nimrod/experiments/PV_126/2024_07_18/block_007/oe_files/PV126_Trial16_wake3_2024-07-18_12-49-12/Record Node 102/analysis/Animal=PV_126,recNames=block_007/lizMov.mat",True,False,1,0,49.95000000001164,1
PV_126,007,PV_126_block_007,PV_126_007_334297_L,334297.45,334380.7,15.352693102983812,20.43086859656006,L,monocular,1,"/Volumes/Data-1/Nimrod/experiments/PV_126/2024_07_18/block_007/oe_files/PV126_Trial16_wake3_2024-07-18_12-49-12/Record Node 102/analysis/Animal=PV_126,recNames=block_007/lizMov.mat",True,True,4,1,83.25,1
PV_126,007,PV_126_block_007,PV_126_007_334730_L,334730.35,334796.95,8.165473915060122,38.922315758531795,L,monocular,1,"/Volumes/Data-1/Nimrod/experiments/PV_126/2024_07_18/block_007/oe_files/PV126_Trial16_wake3_2024-07-18_12-49-12/Record Node 102/analysis/Animal=PV_126,recNames=block_007/lizMov.mat",True,False,2,0,66.60000000003492,1
PV_126,007,PV_126_block_007,PV_126_007_334997_L,334996.75,335030.05,8.149748794063816,73.30786102654162,L,monocular,1,"/Volumes/Data-1/Nimrod/experiments/PV_126/2024_07_18/block_007/oe_files/PV126_Trial16_wake3_2024-07-18_12-49-12/Record Node 102/analysis/Animal=PV_126,recNames=block_007/lizMov.mat",True,False,2,0,16.650000000023283,1
PV_126,007,PV_126_block_007,PV_126_007_335263_L,335263.15,335313.1,9.2889593076482,57.65945539765283,L,monocular,1,"/Volumes/Data-1/Nimrod/experiments/PV_126/2024_07_18/block_007/oe_files/PV126_Trial16_wake3_2024-07-18_12-49-12/Record Node 102/analysis/Animal=PV_126,recNames=block_007/lizMov.mat",True,False,1,0,66.59999999997672,1
PV_126,007,PV_126_block_007,PV_126_007_338244_L,338243.5,338260.15,23.736036489777735,66.48945331727967,L,monocular,1,"/Volumes/Data-1/Nimrod/experiments/PV_126/2024_07_18/block_007/oe_files/PV126_Trial16_wake3_2024-07-18_12-49-12/Record Node 102/analysis/Animal=PV_126,recNames=block_007/lizMov.mat",True,False,3,0,16.650000000023283,1
PV_126,007,PV_126_block_007,PV_126_007_360654_L,360654.4,360737.65,14.374986685033347,207.7856138530039,L,monocular,1,"/Volumes/Data-1/Nimrod/experiments/PV_126/2024_07_18/block_007/oe_files/PV126_Trial16_wake3_2024-07-18_12-49-12/Record Node 102/analysis/Animal=PV_126,recNames=block_007/lizMov.mat",True,False,1,0,99.89999999996508,1
PV_126,007,PV_126_block_007,PV_126_007_380152_L,380151.55,380218.15,9.829039114583226,241.22018890525163,L,monocular,1,"/Volumes/Data-1/Nimrod/experiments/PV_126/2024_07_18/block_007/oe_files/PV126_Trial16_wake3_2024-07-18_12-49-12/Record Node 102/analysis/Animal=PV_126,recNames=block_007/lizMov.mat",True,False,0,0,,1
PV_126,007,PV_126_block_007,PV_126_007_381717_L,381716.65,381783.25,10.469429028862661,182.49704071705784,L,monocular,1,"/Volumes/Data-1/Nimrod/experiments/PV_126/2024_07_18/block_007/oe_files/PV126_Trial16_wake3_2024-07-18_12-49-12/Record Node 102/analysis/Animal=PV_126,recNames=block_007/lizMov.mat",True,False,2,0,66.59999999997672,1
PV_126,007,PV_126_block_007,PV_126_007_381866_L,381866.5,381899.8,22.54611508874202,16.399528345273662,L,monocular,1,"/Volumes/Data-1/Nimrod/experiments/PV_126/2024_07_18/block_007/oe_files/PV126_Trial16_wake3_2024-07-18_12-49-12/Record Node 102/analysis/Animal=PV_126,recNames=block_007/lizMov.mat",True,False,2,0,33.29999999998836,1
PV_126,007,PV_126_block_007,PV_126_007_381900_L,381899.8,381999.7,16.919305059165524,173.39570345959402,L,monocular,1,"/Volumes/Data-1/Nimrod/experiments/PV_126/2024_07_18/block_007/oe_files/PV126_Trial16_wake3_2024-07-18_12-49-12/Record Node 102/analysis/Animal=PV_126,recNames=block_007/lizMov.mat",True,False,1,0,116.54999999998836,1
PV_126,007,PV_126_block_007,PV_126_007_382233_L,382232.8,382266.1,13.924136817262019,354.9033762687423,L,monocular,1,"/Volumes/Data-1/Nimrod/experiments/PV_126/2024_07_18/block_007/oe_files/PV126_Trial16_wake3_2024-07-18_12-49-12/Record Node 102/analysis/Animal=PV_126,recNames=block_007/lizMov.mat",True,False,0,0,33.29999999998836,1
PV_126,007,PV_126_block_007,PV_126_007_382266_L,382266.1,382332.7,16.39596088118859,169.9868159586901,L,monocular,1,"/Volumes/Data-1/Nimrod/experiments/PV_126/2024_07_18/block_007/oe_files/PV126_Trial16_wake3_2024-07-18_12-49-12/Record Node 102/analysis/Animal=PV_126,recNames=block_007/lizMov.mat",True,True,3,2,66.60000000003492,1
PV_126,007,PV_126_block_007,PV_126_007_382333_L,382332.7,382382.65,17.812436582949815,341.14201749110407,L,monocular,1,"/Volumes/Data-1/Nimrod/experiments/PV_126/2024_07_18/block_007/oe_files/PV126_Trial16_wake3_2024-07-18_12-49-12/Record Node 102/analysis/Animal=PV_126,recNames=block_007/lizMov.mat",True,True,5,3,49.95000000001164,1
PV_126,007,PV_126_block_007,PV_126_007_382383_L,382382.65,382399.3,15.451085712925156,212.34891740991696,L,monocular,1,"/Volumes/Data-1/Nimrod/experiments/PV_126/2024_07_18/block_007/oe_files/PV126_Trial16_wake3_2024-07-18_12-49-12/Record Node 102/analysis/Animal=PV_126,recNames=block_007/lizMov.mat",True,True,6,3,16.649999999965075,1
PV_126,007,PV_126_block_007,PV_126_007_382416_L,382415.95,382432.6,8.9240364237704,18.523543401729203,L,monocular,1,"/Volumes/Data-1/Nimrod/experiments/PV_126/2024_07_18/block_007/oe_files/PV126_Trial16_wake3_2024-07-18_12-49-12/Record Node 102/analysis/Animal=PV_126,recNames=block_007/lizMov.mat",True,False,1,0,16.649999999965075,1
PV_126,007,PV_126_block_007,PV_126_007_382433_L,382432.6,382532.5,14.37994153798209,134.48129614381233,L,monocular,1,"/Volumes/Data-1/Nimrod/experiments/PV_126/2024_07_18/block_007/oe_files/PV126_Trial16_wake3_2024-07-18_12-49-12/Record Node 102/analysis/Animal=PV_126,recNames=block_007/lizMov.mat",True,True,3,1,99.90000000002328,1
PV_126,007,PV_126_block_007,PV_126_007_382832_L,382832.2,382865.5,7.454044616521637,27.675419003352452,L,monocular,1,"/Volumes/Data-1/Nimrod/experiments/PV_126/2024_07_18/block_007/oe_files/PV126_Trial16_wake3_2024-07-18_12-49-12/Record Node 102/analysis/Animal=PV_126,recNames=block_007/lizMov.mat",True,False,2,0,49.95000000001164,1
PV_126,007,PV_126_block_007,PV_126_007_385047_L,385046.65,385129.9,13.844726932197418,153.30676468275234,L,monocular,1,"/Volumes/Data-1/Nimrod/experiments/PV_126/2024_07_18/block_007/oe_files/PV126_Trial16_wake3_2024-07-18_12-49-12/Record Node 102/analysis/Animal=PV_126,recNames=block_007/lizMov.mat",True,False,1,0,49.949999999953434,1
PV_126,007,PV_126_block_007,PV_126_007_411487_L,411486.85,411620.05,10.518142201258273,53.652780694003226,L,monocular,1,"/Volumes/Data-1/Nimrod/experiments/PV_126/2024_07_18/block_007/oe_files/PV126_Trial16_wake3_2024-07-18_12-49-12/Record Node 102/analysis/Animal=PV_126,recNames=block_007/lizMov.mat",True,True,4,2,49.95000000001164,1
PV_126,007,PV_126_block_007,PV_126_007_421061_L,421060.6,421193.8,9.72363592855022,164.83854773350475,L,monocular,1,"/Volumes/Data-1/Nimrod/experiments/PV_126/2024_07_18/block_007/oe_files/PV126_Trial16_wake3_2024-07-18_12-49-12/Record Node 102/analysis/Animal=PV_126,recNames=block_007/lizMov.mat",True,False,1,0,49.95000000001164,1
PV_126,007,PV_126_block_007,PV_126_007_425007_L,425006.65,425106.55,30.60226294927792,51.83004583511413,L,monocular,1,"/Volumes/Data-1/Nimrod/experiments/PV_126/2024_07_18/block_007/oe_files/PV126_Trial16_wake3_2024-07-18_12-49-12/Record Node 102/analysis/Animal=PV_126,recNames=block_007/lizMov.mat",True,True,5,3,83.25,1
PV_126,007,PV_126_block_007,PV_126_007_432199_L,432199.45,432232.75,11.386123781526212,1.2338693356695865,L,monocular,1,"/Volumes/Data-1/Nimrod/experiments/PV_126/2024_07_18/block_007/oe_files/PV126_Trial16_wake3_2024-07-18_12-49-12/Record Node 102/analysis/Animal=PV_126,recNames=block_007/lizMov.mat",True,False,2,0,33.29999999998836,1
PV_126,007,PV_126_block_007,PV_126_007_433465_L,433464.85,433498.15,19.814329115526675,7.17443323487267,L,monocular,1,"/Volumes/Data-1/Nimrod/experiments/PV_126/2024_07_18/block_007/oe_files/PV126_Trial16_wake3_2024-07-18_12-49-12/Record Node 102/analysis/Animal=PV_126,recNames=block_007/lizMov.mat",True,True,2,1,16.650000000023283,1
PV_126,007,PV_126_block_007,PV_126_007_439142_L,439142.5,439259.05,11.232076597910847,163.5583415457062,L,monocular,1,"/Volumes/Data-1/Nimrod/experiments/PV_126/2024_07_18/block_007/oe_files/PV126_Trial16_wake3_2024-07-18_12-49-12/Record Node 102/analysis/Animal=PV_126,recNames=block_007/lizMov.mat",True,False,1,0,83.25,1
PV_126,007,PV_126_block_007,PV_126_007_439542_L,439542.1,439592.05,13.424512886368461,79.58891185787569,L,monocular,1,"/Volumes/Data-1/Nimrod/experiments/PV_126/2024_07_18/block_007/oe_files/PV126_Trial16_wake3_2024-07-18_12-49-12/Record Node 102/analysis/Animal=PV_126,recNames=block_007/lizMov.mat",True,True,3,2,16.650000000023283,1
PV_126,007,PV_126_block_007,PV_126_007_446285_L,446285.35,446351.95,9.406021823997184,272.7298242279042,L,monocular,1,"/Volumes/Data-1/Nimrod/experiments/PV_126/2024_07_18/block_007/oe_files/PV126_Trial16_wake3_2024-07-18_12-49-12/Record Node 102/analysis/Animal=PV_126,recNames=block_007/lizMov.mat",True,False,0,0,83.25,1
PV_126,007,PV_126_block_007,PV_126_007_446369_L,446368.6,446468.5,18.477155751155333,52.57894857307368,L,monocular,1,"/Volumes/Data-1/Nimrod/experiments/PV_126/2024_07_18/block_007/oe_files/PV126_Trial16_wake3_2024-07-18_12-49-12/Record Node 102/analysis/Animal=PV_126,recNames=block_007/lizMov.mat",True,False,3,0,99.90000000002328,1
PV_126,007,PV_126_block_007,PV_126_007_446502_L,446501.8,446601.7,9.937072839160601,225.42009152116503,L,monocular,1,"/Volumes/Data-1/Nimrod/experiments/PV_126/2024_07_18/block_007/oe_files/PV126_Trial16_wake3_2024-07-18_12-49-12/Record Node 102/analysis/Animal=PV_126,recNames=block_007/lizMov.mat",True,False,0,0,,1
PV_126,007,PV_126_block_007,PV_126_007_446985_L,446984.65,447017.95,8.694055807902542,34.94602204762667,L,monocular,1,"/Volumes/Data-1/Nimrod/experiments/PV_126/2024_07_18/block_007/oe_files/PV126_Trial16_wake3_2024-07-18_12-49-12/Record Node 102/analysis/Animal=PV_126,recNames=block_007/lizMov.mat",True,False,0,0,33.29999999998836,1
PV_126,007,PV_126_block_007,PV_126_007_447018_L,447017.95,447117.85,19.94740445632213,216.44940905142383,L,monocular,1,"/Volumes/Data-1/Nimrod/experiments/PV_126/2024_07_18/block_007/oe_files/PV126_Trial16_wake3_2024-07-18_12-49-12/Record Node 102/analysis/Animal=PV_126,recNames=block_007/lizMov.mat",True,False,0,0,,1
PV_126,007,PV_126_block_007,PV_126_007_449982_L,449981.65,450098.2,8.010901079637899,127.78857815727633,L,monocular,1,"/Volumes/Data-1/Nimrod/experiments/PV_126/2024_07_18/block_007/oe_files/PV126_Trial16_wake3_2024-07-18_12-49-12/Record Node 102/analysis/Animal=PV_126,recNames=block_007/lizMov.mat",True,False,2,0,133.19999999995343,1
PV_126,007,PV_126_block_007,PV_126_007_453212_L,453211.75,453278.35,12.572939573114937,343.0024261639959,L,monocular,1,"/Volumes/Data-1/Nimrod/experiments/PV_126/2024_07_18/block_007/oe_files/PV126_Trial16_wake3_2024-07-18_12-49-12/Record Node 102/analysis/Animal=PV_126,recNames=block_007/lizMov.mat",True,False,1,0,66.59999999997672,1
PV_126,007,PV_126_block_007,PV_126_007_453278_L,453278.35,453378.25,8.534796079574873,74.23589852158155,L,monocular,1,"/Volumes/Data-1/Nimrod/experiments/PV_126/2024_07_18/block_007/oe_files/PV126_Trial16_wake3_2024-07-18_12-49-12/Record Node 102/analysis/Animal=PV_126,recNames=block_007/lizMov.mat",True,False,0,0,149.85000000003492,1
PV_126,007,PV_126_block_007,PV_126_007_456991_L,456991.3,457007.95,10.46045971652667,67.68554750537109,L,monocular,1,"/Volumes/Data-1/Nimrod/experiments/PV_126/2024_07_18/block_007/oe_files/PV126_Trial16_wake3_2024-07-18_12-49-12/Record Node 102/analysis/Animal=PV_126,recNames=block_007/lizMov.mat",True,True,2,1,16.650000000023283,1
PV_126,007,PV_126_block_007,PV_126_007_457108_L,457107.85,457191.1,10.72094190460493,355.127479949332,L,monocular,1,"/Volumes/Data-1/Nimrod/experiments/PV_126/2024_07_18/block_007/oe_files/PV126_Trial16_wake3_2024-07-18_12-49-12/Record Node 102/analysis/Animal=PV_126,recNames=block_007/lizMov.mat",True,False,0,0,83.25,1
PV_126,007,PV_126_block_007,PV_126_007_457191_L,457191.1,457274.35,13.259761803379508,198.81897541661718,L,monocular,1,"/Volumes/Data-1/Nimrod/experiments/PV_126/2024_07_18/block_007/oe_files/PV126_Trial16_wake3_2024-07-18_12-49-12/Record Node 102/analysis/Animal=PV_126,recNames=block_007/lizMov.mat",True,False,1,0,149.85000000003492,1
PV_126,007,PV_126_block_007,PV_126_007_457607_L,457607.35,457640.65,8.43042907397984,50.765017129839194,L,monocular,1,"/Volumes/Data-1/Nimrod/experiments/PV_126/2024_07_18/block_007/oe_files/PV126_Trial16_wake3_2024-07-18_12-49-12/Record Node 102/analysis/Animal=PV_126,recNames=block_007/lizMov.mat",True,False,1,0,33.300000000046566,1
PV_126,007,PV_126_block_007,PV_126_007_457641_L,457640.65,457707.25,11.018508155257058,215.81931188548393,L,monocular,1,"/Volumes/Data-1/Nimrod/experiments/PV_126/2024_07_18/block_007/oe_files/PV126_Trial16_wake3_2024-07-18_12-49-12/Record Node 102/analysis/Animal=PV_126,recNames=block_007/lizMov.mat",True,True,2,1,99.89999999996508,1
PV_126,007,PV_126_block_007,PV_126_007_458440_L,458439.85,458489.8,8.75711205528412,53.75919399523971,L,monocular,1,"/Volumes/Data-1/Nimrod/experiments/PV_126/2024_07_18/block_007/oe_files/PV126_Trial16_wake3_2024-07-18_12-49-12/Record Node 102/analysis/Animal=PV_126,recNames=block_007/lizMov.mat",True,True,2,1,49.95000000001164,1
PV_126,007,PV_126_block_007,PV_126_007_488743_L,488742.85,488826.1,13.208500688702319,338.92305280417435,L,monocular,1,"/Volumes/Data-1/Nimrod/experiments/PV_126/2024_07_18/block_007/oe_files/PV126_Trial16_wake3_2024-07-18_12-49-12/Record Node 102/analysis/Animal=PV_126,recNames=block_007/lizMov.mat",True,False,1,0,83.25,1
PV_126,007,PV_126_block_007,PV_126_007_490558_L,490557.7,490591.0,8.87876619464587,230.06389838320808,L,monocular,1,"/Volumes/Data-1/Nimrod/experiments/PV_126/2024_07_18/block_007/oe_files/PV126_Trial16_wake3_2024-07-18_12-49-12/Record Node 102/analysis/Animal=PV_126,recNames=block_007/lizMov.mat",True,True,3,1,33.29999999998836,1
PV_126,007,PV_126_block_007,PV_126_007_492689_L,492688.9,492855.4,14.8277708688884,163.39475720877786,L,monocular,1,"/Volumes/Data-1/Nimrod/experiments/PV_126/2024_07_18/block_007/oe_files/PV126_Trial16_wake3_2024-07-18_12-49-12/Record Node 102/analysis/Animal=PV_126,recNames=block_007/lizMov.mat",True,False,1,0,99.89999999996508,1
PV_126,007,PV_126_block_007,PV_126_007_494038_L,494037.55,494137.45,8.582164246734735,221.63607163691677,L,monocular,1,"/Volumes/Data-1/Nimrod/experiments/PV_126/2024_07_18/block_007/oe_files/PV126_Trial16_wake3_2024-07-18_12-49-12/Record Node 102/analysis/Animal=PV_126,recNames=block_007/lizMov.mat",True,False,0,0,,1
PV_126,007,PV_126_block_007,PV_126_007_497517_L,497517.4,497617.3,14.034431834210217,274.61500004838115,L,monocular,1,"/Volumes/Data-1/Nimrod/experiments/PV_126/2024_07_18/block_007/oe_files/PV126_Trial16_wake3_2024-07-18_12-49-12/Record Node 102/analysis/Animal=PV_126,recNames=block_007/lizMov.mat",True,False,1,0,49.949999999953434,1
PV_126,007,PV_126_block_007,PV_126_007_518496_L,518496.4,518612.95,36.193555489256944,272.93094081948266,L,monocular,1,"/Volumes/Data-1/Nimrod/experiments/PV_126/2024_07_18/block_007/oe_files/PV126_Trial16_wake3_2024-07-18_12-49-12/Record Node 102/analysis/Animal=PV_126,recNames=block_007/lizMov.mat",True,False,0,0,,1
PV_126,007,PV_126_block_007,PV_126_007_547218_L,547217.65,547384.15,23.52313435815547,199.3611309509772,L,monocular,1,"/Volumes/Data-1/Nimrod/experiments/PV_126/2024_07_18/block_007/oe_files/PV126_Trial16_wake3_2024-07-18_12-49-12/Record Node 102/analysis/Animal=PV_126,recNames=block_007/lizMov.mat",True,False,2,0,49.949999999953434,1
PV_126,007,PV_126_block_007,PV_126_007_552246_L,552245.95,552329.2,9.282873356190223,223.37625905572415,L,monocular,1,"/Volumes/Data-1/Nimrod/experiments/PV_126/2024_07_18/block_007/oe_files/PV126_Trial16_wake3_2024-07-18_12-49-12/Record Node 102/analysis/Animal=PV_126,recNames=block_007/lizMov.mat",True,False,3,0,66.60000000009313,1
PV_126,007,PV_126_block_007,PV_126_007_552579_L,552578.95,552662.2,7.578121834359973,173.3772273099994,L,monocular,1,"/Volumes/Data-1/Nimrod/experiments/PV_126/2024_07_18/block_007/oe_files/PV126_Trial16_wake3_2024-07-18_12-49-12/Record Node 102/analysis/Animal=PV_126,recNames=block_007/lizMov.mat",True,False,0,0,,1
PV_126,007,PV_126_block_007,PV_126_007_561287_L,561286.9,561353.5,9.202149923108083,207.49865080911565,L,monocular,1,"/Volumes/Data-1/Nimrod/experiments/PV_126/2024_07_18/block_007/oe_files/PV126_Trial16_wake3_2024-07-18_12-49-12/Record Node 102/analysis/Animal=PV_126,recNames=block_007/lizMov.mat",True,False,1,0,83.25,1
PV_126,007,PV_126_block_007,PV_126_007_561370_L,561370.15,561436.75,7.222616216829522,51.90066767034615,L,monocular,1,"/Volumes/Data-1/Nimrod/experiments/PV_126/2024_07_18/block_007/oe_files/PV126_Trial16_wake3_2024-07-18_12-49-12/Record Node 102/analysis/Animal=PV_126,recNames=block_007/lizMov.mat",True,True,2,1,99.90000000002328,1
PV_126,007,PV_126_block_007,PV_126_007_561553_L,561553.3,561653.2,8.538741399101987,251.41679860415337,L,monocular,1,"/Volumes/Data-1/Nimrod/experiments/PV_126/2024_07_18/block_007/oe_files/PV126_Trial16_wake3_2024-07-18_12-49-12/Record Node 102/analysis/Animal=PV_126,recNames=block_007/lizMov.mat",True,False,1,0,116.54999999993015,1
PV_126,007,PV_126_block_007,PV_126_007_561670_L,561669.85,561919.6,8.126677439699673,280.72517763243593,L,monocular,1,"/Volumes/Data-1/Nimrod/experiments/PV_126/2024_07_18/block_007/oe_files/PV126_Trial16_wake3_2024-07-18_12-49-12/Record Node 102/analysis/Animal=PV_126,recNames=block_007/lizMov.mat",True,False,0,0,,1
PV_126,007,PV_126_block_007,PV_126_007_566382_L,566381.8,566398.45,9.066861057517384,204.66461514906845,L,monocular,1,"/Volumes/Data-1/Nimrod/experiments/PV_126/2024_07_18/block_007/oe_files/PV126_Trial16_wake3_2024-07-18_12-49-12/Record Node 102/analysis/Animal=PV_126,recNames=block_007/lizMov.mat",True,True,3,1,16.649999999906868,1
PV_126,007,PV_126_block_007,PV_126_007_566398_L,566398.45,566448.4,8.00514225443832,62.84885572866597,L,monocular,1,"/Volumes/Data-1/Nimrod/experiments/PV_126/2024_07_18/block_007/oe_files/PV126_Trial16_wake3_2024-07-18_12-49-12/Record Node 102/analysis/Animal=PV_126,recNames=block_007/lizMov.mat",True,False,2,0,83.25,1
PV_126,007,PV_126_block_007,PV_126_007_576871_L,576871.3,577037.8,8.658990729810451,259.71415518117635,L,monocular,1,"/Volumes/Data-1/Nimrod/experiments/PV_126/2024_07_18/block_007/oe_files/PV126_Trial16_wake3_2024-07-18_12-49-12/Record Node 102/analysis/Animal=PV_126,recNames=block_007/lizMov.mat",True,False,0,0,,1
PV_126,007,PV_126_block_007,PV_126_007_577088_L,577087.75,577121.05,7.892431545465702,43.58639582133182,L,monocular,1,"/Volumes/Data-1/Nimrod/experiments/PV_126/2024_07_18/block_007/oe_files/PV126_Trial16_wake3_2024-07-18_12-49-12/Record Node 102/analysis/Animal=PV_126,recNames=block_007/lizMov.mat",True,True,3,1,33.300000000046566,1
PV_126,007,PV_126_block_007,PV_126_007_577121_L,577121.05,577171.0,7.496730698545809,215.01194263906714,L,monocular,1,"/Volumes/Data-1/Nimrod/experiments/PV_126/2024_07_18/block_007/oe_files/PV126_Trial16_wake3_2024-07-18_12-49-12/Record Node 102/analysis/Animal=PV_126,recNames=block_007/lizMov.mat",True,True,2,1,66.59999999997672,1
PV_126,007,PV_126_block_007,PV_126_007_580484_L,580484.35,580534.3,13.817419805161231,2.5815116275889234,L,monocular,1,"/Volumes/Data-1/Nimrod/experiments/PV_126/2024_07_18/block_007/oe_files/PV126_Trial16_wake3_2024-07-18_12-49-12/Record Node 102/analysis/Animal=PV_126,recNames=block_007/lizMov.mat",True,True,5,2,16.650000000023283,1
PV_126,007,PV_126_block_007,PV_126_007_585163_L,585163.0,585246.25,8.157662912000022,60.49928920821977,L,monocular,1,"/Volumes/Data-1/Nimrod/experiments/PV_126/2024_07_18/block_007/oe_files/PV126_Trial16_wake3_2024-07-18_12-49-12/Record Node 102/analysis/Animal=PV_126,recNames=block_007/lizMov.mat",True,False,0,0,,1
PV_126,007,PV_126_block_007,PV_126_007_615849_L,615848.95,616015.45,17.3229893382875,329.82018025599274,L,monocular,1,"/Volumes/Data-1/Nimrod/experiments/PV_126/2024_07_18/block_007/oe_files/PV126_Trial16_wake3_2024-07-18_12-49-12/Record Node 102/analysis/Animal=PV_126,recNames=block_007/lizMov.mat",True,False,0,0,,1
PV_126,007,PV_126_block_007,PV_126_007_616482_L,616481.65,616581.55,9.870431063449885,88.03866407838083,L,monocular,1,"/Volumes/Data-1/Nimrod/experiments/PV_126/2024_07_18/block_007/oe_files/PV126_Trial16_wake3_2024-07-18_12-49-12/Record Node 102/analysis/Animal=PV_126,recNames=block_007/lizMov.mat",True,False,1,0,149.84999999997672,1
PV_126,007,PV_126_block_007,PV_126_007_625489_L,625489.3,625522.6,13.284084119606739,211.95655151043627,L,monocular,1,"/Volumes/Data-1/Nimrod/experiments/PV_126/2024_07_18/block_007/oe_files/PV126_Trial16_wake3_2024-07-18_12-49-12/Record Node 102/analysis/Animal=PV_126,recNames=block_007/lizMov.mat",True,False,4,0,33.29999999993015,1
PV_126,007,PV_126_block_007,PV_126_007_625672_L,625672.45,625705.75,10.866924338700713,271.51833943788944,L,monocular,1,"/Volumes/Data-1/Nimrod/experiments/PV_126/2024_07_18/block_007/oe_files/PV126_Trial16_wake3_2024-07-18_12-49-12/Record Node 102/analysis/Animal=PV_126,recNames=block_007/lizMov.mat",True,False,2,0,33.300000000046566,1
PV_126,007,PV_126_block_007,PV_126_007_625706_L,625705.75,625789.0,7.804207118974919,59.4239369831587,L,monocular,1,"/Volumes/Data-1/Nimrod/experiments/PV_126/2024_07_18/block_007/oe_files/PV126_Trial16_wake3_2024-07-18_12-49-12/Record Node 102/analysis/Animal=PV_126,recNames=block_007/lizMov.mat",True,False,1,0,99.90000000002328,1
PV_126,007,PV_126_block_007,PV_126_007_625856_L,625855.6,625872.25,12.05689726835082,54.30047053109718,L,monocular,1,"/Volumes/Data-1/Nimrod/experiments/PV_126/2024_07_18/block_007/oe_files/PV126_Trial16_wake3_2024-07-18_12-49-12/Record Node 102/analysis/Animal=PV_126,recNames=block_007/lizMov.mat",True,True,2,1,16.650000000023283,1
PV_126,007,PV_126_block_007,PV_126_007_626005_L,626005.45,626155.3,22.245372284512168,227.12441269681565,L,monocular,1,"/Volumes/Data-1/Nimrod/experiments/PV_126/2024_07_18/block_007/oe_files/PV126_Trial16_wake3_2024-07-18_12-49-12/Record Node 102/analysis/Animal=PV_126,recNames=block_007/lizMov.mat",True,False,3,0,33.300000000046566,1
PV_126,007,PV_126_block_007,PV_126_007_654960_L,654959.8,655126.3,11.428526255131166,279.0180880885505,L,monocular,1,"/Volumes/Data-1/Nimrod/experiments/PV_126/2024_07_18/block_007/oe_files/PV126_Trial16_wake3_2024-07-18_12-49-12/Record Node 102/analysis/Animal=PV_126,recNames=block_007/lizMov.mat",True,False,0,0,66.59999999997672,1
PV_126,007,PV_126_block_007,PV_126_007_656425_L,656425.0,656441.65,7.183312270736192,4.283643669657068,L,monocular,1,"/Volumes/Data-1/Nimrod/experiments/PV_126/2024_07_18/block_007/oe_files/PV126_Trial16_wake3_2024-07-18_12-49-12/Record Node 102/analysis/Animal=PV_126,recNames=block_007/lizMov.mat",True,False,1,0,16.650000000023283,1
PV_126,007,PV_126_block_007,PV_126_007_656458_L,656458.3,656474.95,8.831840421353608,290.19228242102724,L,monocular,1,"/Volumes/Data-1/Nimrod/experiments/PV_126/2024_07_18/block_007/oe_files/PV126_Trial16_wake3_2024-07-18_12-49-12/Record Node 102/analysis/Animal=PV_126,recNames=block_007/lizMov.mat",True,False,1,0,16.649999999906868,1
PV_126,007,PV_126_block_007,PV_126_007_656475_L,656474.95,656558.2,9.019665282445759,204.475649205941,L,monocular,1,"/Volumes/Data-1/Nimrod/experiments/PV_126/2024_07_18/block_007/oe_files/PV126_Trial16_wake3_2024-07-18_12-49-12/Record Node 102/analysis/Animal=PV_126,recNames=block_007/lizMov.mat",True,False,0,0,,1
PV_126,007,PV_126_block_007,PV_126_007_659355_L,659355.4,659455.3,8.561980890043408,223.5546634098482,L,monocular,1,"/Volumes/Data-1/Nimrod/experiments/PV_126/2024_07_18/block_007/oe_files/PV126_Trial16_wake3_2024-07-18_12-49-12/Record Node 102/analysis/Animal=PV_126,recNames=block_007/lizMov.mat",True,False,0,0,,1
PV_126,007,PV_126_block_007,PV_126_007_721743_L,721742.95,721776.25,12.351672974103467,77.44056120071629,L,monocular,1,"/Volumes/Data-1/Nimrod/experiments/PV_126/2024_07_18/block_007/oe_files/PV126_Trial16_wake3_2024-07-18_12-49-12/Record Node 102/analysis/Animal=PV_126,recNames=block_007/lizMov.mat",True,False,1,0,33.300000000046566,1
PV_126,007,PV_126_block_007,PV_126_007_723774_L,723774.25,723924.1,22.041125314246,276.1564049653326,L,monocular,1,"/Volumes/Data-1/Nimrod/experiments/PV_126/2024_07_18/block_007/oe_files/PV126_Trial16_wake3_2024-07-18_12-49-12/Record Node 102/analysis/Animal=PV_126,recNames=block_007/lizMov.mat",True,False,2,0,49.949999999953434,1
PV_126,007,PV_126_block_007,PV_126_007_723924_L,723924.1,724057.3,14.646051529629839,87.13215086518177,L,monocular,1,"/Volumes/Data-1/Nimrod/experiments/PV_126/2024_07_18/block_007/oe_files/PV126_Trial16_wake3_2024-07-18_12-49-12/Record Node 102/analysis/Animal=PV_126,recNames=block_007/lizMov.mat",True,False,0,0,,1
PV_126,007,PV_126_block_007,PV_126_007_753478_L,753477.85,753627.7,13.583257394679215,179.13705037086922,L,monocular,1,"/Volumes/Data-1/Nimrod/experiments/PV_126/2024_07_18/block_007/oe_files/PV126_Trial16_wake3_2024-07-18_12-49-12/Record Node 102/analysis/Animal=PV_126,recNames=block_007/lizMov.mat",True,False,0,0,,1
PV_126,007,PV_126_block_007,PV_126_007_753761_L,753760.9,753844.15,16.28913353460955,182.23090122423318,L,monocular,1,"/Volumes/Data-1/Nimrod/experiments/PV_126/2024_07_18/block_007/oe_files/PV126_Trial16_wake3_2024-07-18_12-49-12/Record Node 102/analysis/Animal=PV_126,recNames=block_007/lizMov.mat",True,False,2,0,83.25,1
PV_126,007,PV_126_block_007,PV_126_007_753977_L,753977.35,754027.3,14.182564523927903,190.23572807173028,L,monocular,1,"/Volumes/Data-1/Nimrod/experiments/PV_126/2024_07_18/block_007/oe_files/PV126_Trial16_wake3_2024-07-18_12-49-12/Record Node 102/analysis/Animal=PV_126,recNames=block_007/lizMov.mat",True,False,1,0,33.300000000046566,1
PV_126,007,PV_126_block_007,PV_126_007_754061_L,754060.6,754143.85,18.270816220175814,145.92311842251598,L,monocular,1,"/Volumes/Data-1/Nimrod/experiments/PV_126/2024_07_18/block_007/oe_files/PV126_Trial16_wake3_2024-07-18_12-49-12/Record Node 102/analysis/Animal=PV_126,recNames=block_007/lizMov.mat",True,True,3,2,83.25,1
PV_126,007,PV_126_block_007,PV_126_007_764300_L,764300.35,764350.3,9.31733173638261,16.791972984010084,L,monocular,1,"/Volumes/Data-1/Nimrod/experiments/PV_126/2024_07_18/block_007/oe_files/PV126_Trial16_wake3_2024-07-18_12-49-12/Record Node 102/analysis/Animal=PV_126,recNames=block_007/lizMov.mat",True,True,4,1,16.650000000023283,1
PV_126,007,PV_126_block_007,PV_126_007_779535_L,779535.1,779585.05,17.931680008327252,311.60600151164454,L,monocular,1,"/Volumes/Data-1/Nimrod/experiments/PV_126/2024_07_18/block_007/oe_files/PV126_Trial16_wake3_2024-07-18_12-49-12/Record Node 102/analysis/Animal=PV_126,recNames=block_007/lizMov.mat",True,True,2,1,49.95000000006985,1
PV_126,007,PV_126_block_007,PV_126_007_816132_L,816131.8,816215.05,8.83949370892305,58.80755436336708,L,monocular,1,"/Volumes/Data-1/Nimrod/experiments/PV_126/2024_07_18/block_007/oe_files/PV126_Trial16_wake3_2024-07-18_12-49-12/Record Node 102/analysis/Animal=PV_126,recNames=block_007/lizMov.mat",True,False,0,0,,1
PV_126,007,PV_126_block_007,PV_126_007_825955_L,825955.3,826138.45,8.964489190780355,349.47711670116297,L,monocular,1,"/Volumes/Data-1/Nimrod/experiments/PV_126/2024_07_18/block_007/oe_files/PV126_Trial16_wake3_2024-07-18_12-49-12/Record Node 102/analysis/Animal=PV_126,recNames=block_007/lizMov.mat",True,False,1,0,83.25,1
PV_126,007,PV_126_block_007,PV_126_007_830701_L,830700.55,830783.8,21.03287555927964,179.34657681693633,L,monocular,1,"/Volumes/Data-1/Nimrod/experiments/PV_126/2024_07_18/block_007/oe_files/PV126_Trial16_wake3_2024-07-18_12-49-12/Record Node 102/analysis/Animal=PV_126,recNames=block_007/lizMov.mat",True,True,5,2,49.949999999953434,1
PV_126,007,PV_126_block_007,PV_126_007_832932_L,832931.65,833048.2,11.719282578539781,157.16428932672423,L,monocular,1,"/Volumes/Data-1/Nimrod/experiments/PV_126/2024_07_18/block_007/oe_files/PV126_Trial16_wake3_2024-07-18_12-49-12/Record Node 102/analysis/Animal=PV_126,recNames=block_007/lizMov.mat",True,False,2,0,149.84999999997672,1
PV_126,007,PV_126_block_007,PV_126_007_847983_L,847983.25,848083.15,11.644359530510574,169.23413386553096,L,monocular,1,"/Volumes/Data-1/Nimrod/experiments/PV_126/2024_07_18/block_007/oe_files/PV126_Trial16_wake3_2024-07-18_12-49-12/Record Node 102/analysis/Animal=PV_126,recNames=block_007/lizMov.mat",True,False,0,0,,1
PV_126,007,PV_126_block_007,PV_126_007_849998_L,849997.9,850047.85,13.4040417102406,347.76434467738096,L,monocular,1,"/Volumes/Data-1/Nimrod/experiments/PV_126/2024_07_18/block_007/oe_files/PV126_Trial16_wake3_2024-07-18_12-49-12/Record Node 102/analysis/Animal=PV_126,recNames=block_007/lizMov.mat",True,False,2,0,33.29999999993015,1
PV_126,007,PV_126_block_007,PV_126_007_850098_L,850097.8,850147.75,9.177103825924936,338.6423389282229,L,monocular,1,"/Volumes/Data-1/Nimrod/experiments/PV_126/2024_07_18/block_007/oe_files/PV126_Trial16_wake3_2024-07-18_12-49-12/Record Node 102/analysis/Animal=PV_126,recNames=block_007/lizMov.mat",True,False,1,0,83.25,1
PV_126,007,PV_126_block_007,PV_126_007_862319_L,862318.9,862418.8,13.940161377832032,322.1147434251478,L,monocular,1,"/Volumes/Data-1/Nimrod/experiments/PV_126/2024_07_18/block_007/oe_files/PV126_Trial16_wake3_2024-07-18_12-49-12/Record Node 102/analysis/Animal=PV_126,recNames=block_007/lizMov.mat",True,False,0,0,,1
PV_126,007,PV_126_block_007,PV_126_007_868946_L,868945.6,869012.2,8.831891781922028,0.10255768930949764,L,monocular,1,"/Volumes/Data-1/Nimrod/experiments/PV_126/2024_07_18/block_007/oe_files/PV126_Trial16_wake3_2024-07-18_12-49-12/Record Node 102/analysis/Animal=PV_126,recNames=block_007/lizMov.mat",True,False,1,0,49.95000000006985,1
PV_126,007,PV_126_block_007,PV_126_007_869212_L,869212.0,869245.3,12.200100709980163,189.45492977074895,L,monocular,1,"/Volumes/Data-1/Nimrod/experiments/PV_126/2024_07_18/block_007/oe_files/PV126_Trial16_wake3_2024-07-18_12-49-12/Record Node 102/analysis/Animal=PV_126,recNames=block_007/lizMov.mat",True,False,2,0,16.650000000023283,1
PV_126,007,PV_126_block_007,PV_126_007_873075_L,873074.8,873208.0,16.476410859183268,136.3874827671451,L,monocular,1,"/Volumes/Data-1/Nimrod/experiments/PV_126/2024_07_18/block_007/oe_files/PV126_Trial16_wake3_2024-07-18_12-49-12/Record Node 102/analysis/Animal=PV_126,recNames=block_007/lizMov.mat",True,False,1,0,83.25,1
PV_126,007,PV_126_block_007,PV_126_007_924224_L,924223.6,924406.75,14.00361979508626,153.06844505389356,L,monocular,1,"/Volumes/Data-1/Nimrod/experiments/PV_126/2024_07_18/block_007/oe_files/PV126_Trial16_wake3_2024-07-18_12-49-12/Record Node 102/analysis/Animal=PV_126,recNames=block_007/lizMov.mat",True,False,0,0,,1
PV_126,007,PV_126_block_007,PV_126_007_930484_L,930484.0,930517.3,12.417190925141016,358.78385105986354,L,monocular,1,"/Volumes/Data-1/Nimrod/experiments/PV_126/2024_07_18/block_007/oe_files/PV126_Trial16_wake3_2024-07-18_12-49-12/Record Node 102/analysis/Animal=PV_126,recNames=block_007/lizMov.mat",True,False,2,0,33.300000000046566,1
PV_126,007,PV_126_block_007,PV_126_007_930517_L,930517.3,930583.9,7.633613028460883,155.75933435756187,L,monocular,1,"/Volumes/Data-1/Nimrod/experiments/PV_126/2024_07_18/block_007/oe_files/PV126_Trial16_wake3_2024-07-18_12-49-12/Record Node 102/analysis/Animal=PV_126,recNames=block_007/lizMov.mat",True,False,1,0,116.54999999993015,1
PV_126,007,PV_126_block_007,PV_126_007_930667_L,930667.15,930700.45,13.806953957955026,20.546129451927126,L,monocular,1,"/Volumes/Data-1/Nimrod/experiments/PV_126/2024_07_18/block_007/oe_files/PV126_Trial16_wake3_2024-07-18_12-49-12/Record Node 102/analysis/Animal=PV_126,recNames=block_007/lizMov.mat",True,False,2,0,33.29999999993015,1
PV_126,007,PV_126_block_007,PV_126_007_930734_L,930733.75,930817.0,14.227262642590208,176.51580020242946,L,monocular,1,"/Volumes/Data-1/Nimrod/experiments/PV_126/2024_07_18/block_007/oe_files/PV126_Trial16_wake3_2024-07-18_12-49-12/Record Node 102/analysis/Animal=PV_126,recNames=block_007/lizMov.mat",True,False,1,0,83.25,1
PV_126,007,PV_126_block_007,PV_126_007_930917_L,930916.9,931000.15,11.716142412208209,212.97250248596305,L,monocular,1,"/Volumes/Data-1/Nimrod/experiments/PV_126/2024_07_18/block_007/oe_files/PV126_Trial16_wake3_2024-07-18_12-49-12/Record Node 102/analysis/Animal=PV_126,recNames=block_007/lizMov.mat",True,False,0,0,,1
PV_126,007,PV_126_block_007,PV_126_007_937427_L,937427.05,937460.35,13.665925613367609,11.673097051972075,L,monocular,1,"/Volumes/Data-1/Nimrod/experiments/PV_126/2024_07_18/block_007/oe_files/PV126_Trial16_wake3_2024-07-18_12-49-12/Record Node 102/analysis/Animal=PV_126,recNames=block_007/lizMov.mat",True,False,2,0,33.29999999993015,1
PV_126,007,PV_126_block_007,PV_126_007_943438_L,943437.7,943570.9,11.072610639755009,43.68775651345809,L,monocular,1,"/Volumes/Data-1/Nimrod/experiments/PV_126/2024_07_18/block_007/oe_files/PV126_Trial16_wake3_2024-07-18_12-49-12/Record Node 102/analysis/Animal=PV_126,recNames=block_007/lizMov.mat",True,False,0,0,,1
PV_126,007,PV_126_block_007,PV_126_007_976604_L,976604.5,976671.1,7.626912953598664,177.00511025583555,L,monocular,1,"/Volumes/Data-1/Nimrod/experiments/PV_126/2024_07_18/block_007/oe_files/PV126_Trial16_wake3_2024-07-18_12-49-12/Record Node 102/analysis/Animal=PV_126,recNames=block_007/lizMov.mat",True,False,2,0,83.25,1
PV_126,007,PV_126_block_007,PV_126_007_986594_L,986594.5,986694.4,7.31231869103009,33.20499282705245,L,monocular,1,"/Volumes/Data-1/Nimrod/experiments/PV_126/2024_07_18/block_007/oe_files/PV126_Trial16_wake3_2024-07-18_12-49-12/Record Node 102/analysis/Animal=PV_126,recNames=block_007/lizMov.mat",True,True,3,2,99.90000000002328,1
PV_126,007,PV_126_block_007,PV_126_007_992472_L,992471.95,992621.8,13.760812147486924,154.05869894347308,L,monocular,1,"/Volumes/Data-1/Nimrod/experiments/PV_126/2024_07_18/block_007/oe_files/PV126_Trial16_wake3_2024-07-18_12-49-12/Record Node 102/analysis/Animal=PV_126,recNames=block_007/lizMov.mat",True,False,0,0,,1
PV_126,007,PV_126_block_007,PV_126_007_993854_L,993853.9,993870.55,8.530959146977585,64.03672102756487,L,monocular,1,"/Volumes/Data-1/Nimrod/experiments/PV_126/2024_07_18/block_007/oe_files/PV126_Trial16_wake3_2024-07-18_12-49-12/Record Node 102/analysis/Animal=PV_126,recNames=block_007/lizMov.mat",True,False,1,0,16.650000000023283,1
PV_126,007,PV_126_block_007,PV_126_007_994520_L,994519.9,994536.55,15.381200770508464,65.44001920973446,L,monocular,1,"/Volumes/Data-1/Nimrod/experiments/PV_126/2024_07_18/block_007/oe_files/PV126_Trial16_wake3_2024-07-18_12-49-12/Record Node 102/analysis/Animal=PV_126,recNames=block_007/lizMov.mat",True,False,1,0,16.650000000023283,1
PV_126,007,PV_126_block_007,PV_126_007_998899_L,998898.85,998965.45,8.03753683739823,246.72583536490663,L,monocular,1,"/Volumes/Data-1/Nimrod/experiments/PV_126/2024_07_18/block_007/oe_files/PV126_Trial16_wake3_2024-07-18_12-49-12/Record Node 102/analysis/Animal=PV_126,recNames=block_007/lizMov.mat",True,True,4,2,66.59999999997672,1
PV_126,007,PV_126_block_007,PV_126_007_1001530_L,1001529.55,1001546.2,9.646349415116658,62.451906437964354,L,monocular,1,"/Volumes/Data-1/Nimrod/experiments/PV_126/2024_07_18/block_007/oe_files/PV126_Trial16_wake3_2024-07-18_12-49-12/Record Node 102/analysis/Animal=PV_126,recNames=block_007/lizMov.mat",True,True,2,1,16.649999999906868,1
PV_126,007,PV_126_block_007,PV_126_007_1002479_L,1002478.6,1002595.15,16.15172163535144,46.353595940938426,L,monocular,1,"/Volumes/Data-1/Nimrod/experiments/PV_126/2024_07_18/block_007/oe_files/PV126_Trial16_wake3_2024-07-18_12-49-12/Record Node 102/analysis/Animal=PV_126,recNames=block_007/lizMov.mat",True,False,0,0,,1
PV_126,007,PV_126_block_007,PV_126_007_1002878_L,1002878.2,1002994.75,10.750099973704433,45.23570768190014,L,monocular,1,"/Volumes/Data-1/Nimrod/experiments/PV_126/2024_07_18/block_007/oe_files/PV126_Trial16_wake3_2024-07-18_12-49-12/Record Node 102/analysis/Animal=PV_126,recNames=block_007/lizMov.mat",True,False,3,0,49.95000000006985,1
PV_126,007,PV_126_block_007,PV_126_007_1003877_L,1003877.2,1004043.7,25.488241091585003,62.52590953540211,L,monocular,1,"/Volumes/Data-1/Nimrod/experiments/PV_126/2024_07_18/block_007/oe_files/PV126_Trial16_wake3_2024-07-18_12-49-12/Record Node 102/analysis/Animal=PV_126,recNames=block_007/lizMov.mat",True,False,1,0,66.60000000009313,1
PV_126,007,PV_126_block_007,PV_126_007_1005292_L,1005292.45,1005442.3,11.380606271489167,254.49396231148313,L,monocular,1,"/Volumes/Data-1/Nimrod/experiments/PV_126/2024_07_18/block_007/oe_files/PV126_Trial16_wake3_2024-07-18_12-49-12/Record Node 102/analysis/Animal=PV_126,recNames=block_007/lizMov.mat",True,False,2,0,49.95000000006985,1
PV_126,007,PV_126_block_007,PV_126_007_1006408_L,1006408.0,1006474.6,13.292323276839651,249.37659712638703,L,monocular,1,"/Volumes/Data-1/Nimrod/experiments/PV_126/2024_07_18/block_007/oe_files/PV126_Trial16_wake3_2024-07-18_12-49-12/Record Node 102/analysis/Animal=PV_126,recNames=block_007/lizMov.mat",True,False,1,0,16.650000000023283,1
PV_126,007,PV_126_block_007,PV_126_007_1008955_L,1008955.45,1008988.75,21.266635799031707,47.83942223214328,L,monocular,1,"/Volumes/Data-1/Nimrod/experiments/PV_126/2024_07_18/block_007/oe_files/PV126_Trial16_wake3_2024-07-18_12-49-12/Record Node 102/analysis/Animal=PV_126,recNames=block_007/lizMov.mat",True,False,2,0,33.300000000046566,1
PV_126,007,PV_126_block_007,PV_126_007_1008989_L,1008988.75,1009088.65,30.30502510949223,242.76819999673464,L,monocular,1,"/Volumes/Data-1/Nimrod/experiments/PV_126/2024_07_18/block_007/oe_files/PV126_Trial16_wake3_2024-07-18_12-49-12/Record Node 102/analysis/Animal=PV_126,recNames=block_007/lizMov.mat",True,False,3,0,49.949999999953434,1
PV_126,007,PV_126_block_007,PV_126_007_1009089_L,1009088.65,1009155.25,13.588567185348609,74.54092262826286,L,monocular,1,"/Volumes/Data-1/Nimrod/experiments/PV_126/2024_07_18/block_007/oe_files/PV126_Trial16_wake3_2024-07-18_12-49-12/Record Node 102/analysis/Animal=PV_126,recNames=block_007/lizMov.mat",True,True,3,1,49.949999999953434,1
PV_126,007,PV_126_block_007,PV_126_007_1015199_L,1015199.2,1015299.1,23.06139687713032,249.58025636500997,L,monocular,1,"/Volumes/Data-1/Nimrod/experiments/PV_126/2024_07_18/block_007/oe_files/PV126_Trial16_wake3_2024-07-18_12-49-12/Record Node 102/analysis/Animal=PV_126,recNames=block_007/lizMov.mat",True,False,1,0,66.60000000009313,1
PV_126,007,PV_126_block_007,PV_126_007_1026638_L,1026637.75,1026671.05,8.693191852756405,240.73897753200694,L,monocular,1,"/Volumes/Data-1/Nimrod/experiments/PV_126/2024_07_18/block_007/oe_files/PV126_Trial16_wake3_2024-07-18_12-49-12/Record Node 102/analysis/Animal=PV_126,recNames=block_007/lizMov.mat",True,False,3,0,33.300000000046566,1
PV_126,007,PV_126_block_007,PV_126_007_1026704_L,1026704.35,1026721.0,10.217229576632814,281.9321570877232,L,monocular,1,"/Volumes/Data-1/Nimrod/experiments/PV_126/2024_07_18/block_007/oe_files/PV126_Trial16_wake3_2024-07-18_12-49-12/Record Node 102/analysis/Animal=PV_126,recNames=block_007/lizMov.mat",True,False,2,0,16.650000000023283,1
PV_126,007,PV_126_block_007,PV_126_007_1046768_L,1046767.6,1046867.5,8.631121198284207,28.333567824644014,L,monocular,1,"/Volumes/Data-1/Nimrod/experiments/PV_126/2024_07_18/block_007/oe_files/PV126_Trial16_wake3_2024-07-18_12-49-12/Record Node 102/analysis/Animal=PV_126,recNames=block_007/lizMov.mat",True,False,0,0,,1
PV_126,007,PV_126_block_007,PV_126_007_1255142_L,1255142.35,1255275.55,16.574754994340978,218.7566443211371,L,monocular,1,"/Volumes/Data-1/Nimrod/experiments/PV_126/2024_07_18/block_007/oe_files/PV126_Trial16_wake3_2024-07-18_12-49-12/Record Node 102/analysis/Animal=PV_126,recNames=block_007/lizMov.mat",True,False,0,0,,1
PV_126,007,PV_126_block_007,PV_126_007_1326254_L,1326254.5,1326354.4,8.97185326771503,64.43572813684028,L,monocular,1,"/Volumes/Data-1/Nimrod/experiments/PV_126/2024_07_18/block_007/oe_files/PV126_Trial16_wake3_2024-07-18_12-49-12/Record Node 102/analysis/Animal=PV_126,recNames=block_007/lizMov.mat",True,False,0,0,,1
PV_126,007,PV_126_block_007,PV_126_007_1360537_L,1360536.85,1360586.8,9.908475161562514,218.45946293673103,L,monocular,1,"/Volumes/Data-1/Nimrod/experiments/PV_126/2024_07_18/block_007/oe_files/PV126_Trial16_wake3_2024-07-18_12-49-12/Record Node 102/analysis/Animal=PV_126,recNames=block_007/lizMov.mat",True,True,4,2,16.649999999906868,1
PV_126,007,PV_126_block_007,PV_126_007_1439458_L,1439457.85,1439607.7,24.13618410337177,84.32403893415605,L,monocular,1,"/Volumes/Data-1/Nimrod/experiments/PV_126/2024_07_18/block_007/oe_files/PV126_Trial16_wake3_2024-07-18_12-49-12/Record Node 102/analysis/Animal=PV_126,recNames=block_007/lizMov.mat",True,False,1,0,116.54999999981374,1
PV_126,007,PV_126_block_007,PV_126_007_1586411_L,1586410.75,1586494.0,27.275233539612355,79.35934663756288,L,monocular,1,"/Volumes/Data-1/Nimrod/experiments/PV_126/2024_07_18/block_007/oe_files/PV126_Trial16_wake3_2024-07-18_12-49-12/Record Node 102/analysis/Animal=PV_126,recNames=block_007/lizMov.mat",True,True,2,1,83.25,1
PV_126,007,PV_126_block_007,PV_126_007_1588975_L,1588974.85,1589041.45,16.10800934671388,42.59252218629357,L,monocular,1,"/Volumes/Data-1/Nimrod/experiments/PV_126/2024_07_18/block_007/oe_files/PV126_Trial16_wake3_2024-07-18_12-49-12/Record Node 102/analysis/Animal=PV_126,recNames=block_007/lizMov.mat",True,True,4,2,49.949999999953434,1
PV_126,007,PV_126_block_007,PV_126_007_1593970_L,1593969.85,1594086.4,11.98028345496002,201.39704651034262,L,monocular,1,"/Volumes/Data-1/Nimrod/experiments/PV_126/2024_07_18/block_007/oe_files/PV126_Trial16_wake3_2024-07-18_12-49-12/Record Node 102/analysis/Animal=PV_126,recNames=block_007/lizMov.mat",True,False,2,0,116.54999999981374,1
PV_126,007,PV_126_block_007,PV_126_007_1597450_L,1597449.7,1597616.2,14.059001162882454,73.33136419216332,L,monocular,1,"/Volumes/Data-1/Nimrod/experiments/PV_126/2024_07_18/block_007/oe_files/PV126_Trial16_wake3_2024-07-18_12-49-12/Record Node 102/analysis/Animal=PV_126,recNames=block_007/lizMov.mat",True,False,1,0,49.949999999953434,1
PV_126,007,PV_126_block_007,PV_126_007_1597683_L,1597682.8,1597749.4,9.66743615046719,23.701998173525325,L,monocular,1,"/Volumes/Data-1/Nimrod/experiments/PV_126/2024_07_18/block_007/oe_files/PV126_Trial16_wake3_2024-07-18_12-49-12/Record Node 102/analysis/Animal=PV_126,recNames=block_007/lizMov.mat",True,True,2,1,49.949999999953434,1
PV_126,007,PV_126_block_007,PV_126_007_1615848_L,1615847.95,1615931.2,21.43758829117487,91.18899367179242,L,monocular,1,"/Volumes/Data-1/Nimrod/experiments/PV_126/2024_07_18/block_007/oe_files/PV126_Trial16_wake3_2024-07-18_12-49-12/Record Node 102/analysis/Animal=PV_126,recNames=block_007/lizMov.mat",True,True,2,1,99.9000000001397,1
PV_126,007,PV_126_block_007,PV_126_007_1623740_L,1623740.05,1623839.95,10.311392572936686,224.15772521730128,L,monocular,1,"/Volumes/Data-1/Nimrod/experiments/PV_126/2024_07_18/block_007/oe_files/PV126_Trial16_wake3_2024-07-18_12-49-12/Record Node 102/analysis/Animal=PV_126,recNames=block_007/lizMov.mat",True,False,0,0,,1
PV_126,007,PV_126_block_007,PV_126_007_1629235_L,1629234.55,1629301.15,24.860854859113697,279.4082598382684,L,monocular,1,"/Volumes/Data-1/Nimrod/experiments/PV_126/2024_07_18/block_007/oe_files/PV126_Trial16_wake3_2024-07-18_12-49-12/Record Node 102/analysis/Animal=PV_126,recNames=block_007/lizMov.mat",True,False,1,0,99.89999999990687,1
PV_126,007,PV_126_block_007,PV_126_007_1639641_L,1639640.8,1639724.05,7.341603057383179,76.98963628234405,L,monocular,1,"/Volumes/Data-1/Nimrod/experiments/PV_126/2024_07_18/block_007/oe_files/PV126_Trial16_wake3_2024-07-18_12-49-12/Record Node 102/analysis/Animal=PV_126,recNames=block_007/lizMov.mat",True,False,0,0,,1
PV_126,007,PV_126_block_007,PV_126_007_1658489_L,1658488.6,1658588.5,21.899345976456196,202.34205226585908,L,monocular,1,"/Volumes/Data-1/Nimrod/experiments/PV_126/2024_07_18/block_007/oe_files/PV126_Trial16_wake3_2024-07-18_12-49-12/Record Node 102/analysis/Animal=PV_126,recNames=block_007/lizMov.mat",True,False,1,0,133.19999999995343,1
PV_126,007,PV_126_block_007,PV_126_007_1678136_L,1678135.6,1678152.25,9.816623081735287,30.224503961813518,L,monocular,1,"/Volumes/Data-1/Nimrod/experiments/PV_126/2024_07_18/block_007/oe_files/PV126_Trial16_wake3_2024-07-18_12-49-12/Record Node 102/analysis/Animal=PV_126,recNames=block_007/lizMov.mat",True,False,1,0,16.649999999906868,1
PV_126,007,PV_126_block_007,PV_126_007_1678169_L,1678168.9,1678302.1,13.750908338824978,66.6240021390539,L,monocular,1,"/Volumes/Data-1/Nimrod/experiments/PV_126/2024_07_18/block_007/oe_files/PV126_Trial16_wake3_2024-07-18_12-49-12/Record Node 102/analysis/Animal=PV_126,recNames=block_007/lizMov.mat",True,False,0,0,,1
PV_126,007,PV_126_block_007,PV_126_007_1678502_L,1678501.9,1678551.85,14.769534857311749,42.29677597900638,L,monocular,1,"/Volumes/Data-1/Nimrod/experiments/PV_126/2024_07_18/block_007/oe_files/PV126_Trial16_wake3_2024-07-18_12-49-12/Record Node 102/analysis/Animal=PV_126,recNames=block_007/lizMov.mat",True,True,4,2,49.950000000186265,1
PV_126,007,PV_126_block_007,PV_126_007_1686477_L,1686477.25,1686577.15,13.067513433858805,32.410672574275864,L,monocular,1,"/Volumes/Data-1/Nimrod/experiments/PV_126/2024_07_18/block_007/oe_files/PV126_Trial16_wake3_2024-07-18_12-49-12/Record Node 102/analysis/Animal=PV_126,recNames=block_007/lizMov.mat",True,False,1,0,99.89999999990687,1
PV_126,007,PV_126_block_007,PV_126_007_1686927_L,1686926.8,1686976.75,16.35121996096391,153.31179358850028,L,monocular,1,"/Volumes/Data-1/Nimrod/experiments/PV_126/2024_07_18/block_007/oe_files/PV126_Trial16_wake3_2024-07-18_12-49-12/Record Node 102/analysis/Animal=PV_126,recNames=block_007/lizMov.mat",True,True,2,1,49.949999999953434,1
PV_126,007,PV_126_block_007,PV_126_007_1686977_L,1686976.75,1687043.35,12.512727902156614,26.60241525578502,L,monocular,1,"/Volumes/Data-1/Nimrod/experiments/PV_126/2024_07_18/block_007/oe_files/PV126_Trial16_wake3_2024-07-18_12-49-12/Record Node 102/analysis/Animal=PV_126,recNames=block_007/lizMov.mat",True,False,1,0,66.60000000009313,1
PV_126,007,PV_126_block_007,PV_126_007_1687043_L,1687043.35,1687193.2,8.983584291408318,276.4048766421978,L,monocular,1,"/Volumes/Data-1/Nimrod/experiments/PV_126/2024_07_18/block_007/oe_files/PV126_Trial16_wake3_2024-07-18_12-49-12/Record Node 102/analysis/Animal=PV_126,recNames=block_007/lizMov.mat",True,False,0,0,,1
PV_126,007,PV_126_block_007,PV_126_007_1690423_L,1690423.3,1690456.6,12.935262667851692,334.73906423967674,L,monocular,1,"/Volumes/Data-1/Nimrod/experiments/PV_126/2024_07_18/block_007/oe_files/PV126_Trial16_wake3_2024-07-18_12-49-12/Record Node 102/analysis/Animal=PV_126,recNames=block_007/lizMov.mat",True,False,2,0,33.300000000046566,1
PV_126,007,PV_126_block_007,PV_126_007_1690790_L,1690789.6,1690822.9,21.967852138486496,24.706369588507314,L,monocular,1,"/Volumes/Data-1/Nimrod/experiments/PV_126/2024_07_18/block_007/oe_files/PV126_Trial16_wake3_2024-07-18_12-49-12/Record Node 102/analysis/Animal=PV_126,recNames=block_007/lizMov.mat",True,False,2,0,33.299999999813735,1
PV_126,007,PV_126_block_007,PV_126_007_1698099_L,1698098.95,1698148.9,15.543012757671852,14.825266333823592,L,monocular,1,"/Volumes/Data-1/Nimrod/experiments/PV_126/2024_07_18/block_007/oe_files/PV126_Trial16_wake3_2024-07-18_12-49-12/Record Node 102/analysis/Animal=PV_126,recNames=block_007/lizMov.mat",True,True,6,2,49.949999999953434,1
PV_126,007,PV_126_block_007,PV_126_007_1698249_L,1698248.8,1698298.75,11.8534640889973,168.3487153594815,L,monocular,1,"/Volumes/Data-1/Nimrod/experiments/PV_126/2024_07_18/block_007/oe_files/PV126_Trial16_wake3_2024-07-18_12-49-12/Record Node 102/analysis/Animal=PV_126,recNames=block_007/lizMov.mat",True,False,1,0,33.300000000046566,1
PV_126,007,PV_126_block_007,PV_126_007_1717996_L,1717995.7,1718095.6,8.521708350238487,4.437754488781811,L,monocular,1,"/Volumes/Data-1/Nimrod/experiments/PV_126/2024_07_18/block_007/oe_files/PV126_Trial16_wake3_2024-07-18_12-49-12/Record Node 102/analysis/Animal=PV_126,recNames=block_007/lizMov.mat",True,False,2,0,99.9000000001397,1
PV_126,007,PV_126_block_007,PV_126_007_1718129_L,1718128.9,1718245.45,10.213585706299305,3.7105192727696688,L,monocular,1,"/Volumes/Data-1/Nimrod/experiments/PV_126/2024_07_18/block_007/oe_files/PV126_Trial16_wake3_2024-07-18_12-49-12/Record Node 102/analysis/Animal=PV_126,recNames=block_007/lizMov.mat",True,False,0,0,,1
PV_126,007,PV_126_block_007,PV_126_007_1718429_L,1718428.6,1718528.5,12.110748868300753,21.819958859616772,L,monocular,1,"/Volumes/Data-1/Nimrod/experiments/PV_126/2024_07_18/block_007/oe_files/PV126_Trial16_wake3_2024-07-18_12-49-12/Record Node 102/analysis/Animal=PV_126,recNames=block_007/lizMov.mat",True,False,0,0,99.89999999990687,1
PV_126,007,PV_126_block_007,PV_126_007_1723091_L,1723090.6,1723173.85,18.483557236054637,168.87993426446582,L,monocular,1,"/Volumes/Data-1/Nimrod/experiments/PV_126/2024_07_18/block_007/oe_files/PV126_Trial16_wake3_2024-07-18_12-49-12/Record Node 102/analysis/Animal=PV_126,recNames=block_007/lizMov.mat",True,True,4,1,66.5999999998603,1
PV_126,007,PV_126_block_007,PV_126_007_1723207_L,1723207.15,1723307.05,13.77622412276169,222.1398223008632,L,monocular,1,"/Volumes/Data-1/Nimrod/experiments/PV_126/2024_07_18/block_007/oe_files/PV126_Trial16_wake3_2024-07-18_12-49-12/Record Node 102/analysis/Animal=PV_126,recNames=block_007/lizMov.mat",True,True,2,1,116.55000000004657,1
PV_126,007,PV_126_block_007,PV_126_007_1723424_L,1723423.6,1723456.9,11.200374928779528,36.75598789382225,L,monocular,1,"/Volumes/Data-1/Nimrod/experiments/PV_126/2024_07_18/block_007/oe_files/PV126_Trial16_wake3_2024-07-18_12-49-12/Record Node 102/analysis/Animal=PV_126,recNames=block_007/lizMov.mat",True,True,8,6,49.949999999953434,1
PV_126,007,PV_126_block_007,PV_126_007_1723640_L,1723640.05,1723773.25,14.517548177094392,271.8123605217793,L,monocular,1,"/Volumes/Data-1/Nimrod/experiments/PV_126/2024_07_18/block_007/oe_files/PV126_Trial16_wake3_2024-07-18_12-49-12/Record Node 102/analysis/Animal=PV_126,recNames=block_007/lizMov.mat",True,True,3,1,66.5999999998603,1
PV_126,007,PV_126_block_007,PV_126_007_1723856_L,1723856.5,1724023.0,10.321986343662736,92.8477640887129,L,monocular,1,"/Volumes/Data-1/Nimrod/experiments/PV_126/2024_07_18/block_007/oe_files/PV126_Trial16_wake3_2024-07-18_12-49-12/Record Node 102/analysis/Animal=PV_126,recNames=block_007/lizMov.mat",True,False,0,0,,1
PV_126,007,PV_126_block_007,PV_126_007_1753344_L,1753343.65,1753476.85,12.687987022286585,33.94078347716124,L,monocular,1,"/Volumes/Data-1/Nimrod/experiments/PV_126/2024_07_18/block_007/oe_files/PV126_Trial16_wake3_2024-07-18_12-49-12/Record Node 102/analysis/Animal=PV_126,recNames=block_007/lizMov.mat",True,False,0,0,,1
PV_126,007,PV_126_block_007,PV_126_007_1756824_L,1756823.5,1756890.1,8.763497935141114,105.50108321244974,L,monocular,1,"/Volumes/Data-1/Nimrod/experiments/PV_126/2024_07_18/block_007/oe_files/PV126_Trial16_wake3_2024-07-18_12-49-12/Record Node 102/analysis/Animal=PV_126,recNames=block_007/lizMov.mat",True,True,3,1,49.949999999953434,1
PV_126,007,PV_126_block_007,PV_126_007_1756907_L,1756906.75,1756940.05,11.58149564235164,22.192902851501128,L,monocular,1,"/Volumes/Data-1/Nimrod/experiments/PV_126/2024_07_18/block_007/oe_files/PV126_Trial16_wake3_2024-07-18_12-49-12/Record Node 102/analysis/Animal=PV_126,recNames=block_007/lizMov.mat",True,False,2,0,33.300000000046566,1
PV_126,007,PV_126_block_007,PV_126_007_1756940_L,1756940.05,1757006.65,7.538291057620623,126.99151170431762,L,monocular,1,"/Volumes/Data-1/Nimrod/experiments/PV_126/2024_07_18/block_007/oe_files/PV126_Trial16_wake3_2024-07-18_12-49-12/Record Node 102/analysis/Animal=PV_126,recNames=block_007/lizMov.mat",True,False,0,0,66.5999999998603,1
PV_126,007,PV_126_block_007,PV_126_007_1757007_L,1757006.65,1757056.6,13.835181046221217,354.8635994710728,L,monocular,1,"/Volumes/Data-1/Nimrod/experiments/PV_126/2024_07_18/block_007/oe_files/PV126_Trial16_wake3_2024-07-18_12-49-12/Record Node 102/analysis/Animal=PV_126,recNames=block_007/lizMov.mat",True,True,2,1,49.950000000186265,1
PV_126,007,PV_126_block_007,PV_126_007_1757057_L,1757056.6,1757139.85,11.172652408878244,190.43423702539246,L,monocular,1,"/Volumes/Data-1/Nimrod/experiments/PV_126/2024_07_18/block_007/oe_files/PV126_Trial16_wake3_2024-07-18_12-49-12/Record Node 102/analysis/Animal=PV_126,recNames=block_007/lizMov.mat",True,False,1,0,99.89999999990687,1
PV_126,007,PV_126_block_007,PV_126_007_1757323_L,1757323.0,1757372.95,7.04645528598563,34.36519337902669,L,monocular,1,"/Volumes/Data-1/Nimrod/experiments/PV_126/2024_07_18/block_007/oe_files/PV126_Trial16_wake3_2024-07-18_12-49-12/Record Node 102/analysis/Animal=PV_126,recNames=block_007/lizMov.mat",True,True,2,1,49.949999999953434,1
PV_126,007,PV_126_block_007,PV_126_007_1757806_L,1757805.85,1757855.8,8.479355450508965,233.58275704165266,L,monocular,1,"/Volumes/Data-1/Nimrod/experiments/PV_126/2024_07_18/block_007/oe_files/PV126_Trial16_wake3_2024-07-18_12-49-12/Record Node 102/analysis/Animal=PV_126,recNames=block_007/lizMov.mat",True,False,1,0,49.949999999953434,1
PV_126,007,PV_126_block_007,PV_126_007_1757856_L,1757855.8,1757905.75,13.427508462029476,46.37320132642052,L,monocular,1,"/Volumes/Data-1/Nimrod/experiments/PV_126/2024_07_18/block_007/oe_files/PV126_Trial16_wake3_2024-07-18_12-49-12/Record Node 102/analysis/Animal=PV_126,recNames=block_007/lizMov.mat",True,False,2,0,49.949999999953434,1
PV_126,007,PV_126_block_007,PV_126_007_1761669_L,1761668.65,1761701.95,14.573131613079688,324.6518042943269,L,monocular,1,"/Volumes/Data-1/Nimrod/experiments/PV_126/2024_07_18/block_007/oe_files/PV126_Trial16_wake3_2024-07-18_12-49-12/Record Node 102/analysis/Animal=PV_126,recNames=block_007/lizMov.mat",True,False,1,0,33.300000000046566,1
PV_126,007,PV_126_block_007,PV_126_007_1761702_L,1761701.95,1761785.2,10.561255828375277,125.13235428149304,L,monocular,1,"/Volumes/Data-1/Nimrod/experiments/PV_126/2024_07_18/block_007/oe_files/PV126_Trial16_wake3_2024-07-18_12-49-12/Record Node 102/analysis/Animal=PV_126,recNames=block_007/lizMov.mat",True,False,1,0,133.19999999995343,1
PV_126,007,PV_126_block_007,PV_126_007_259755_R,259755.4,259788.7,19.414048014418096,190.0957710738347,R,monocular,1,"/Volumes/Data-1/Nimrod/experiments/PV_126/2024_07_18/block_007/oe_files/PV126_Trial16_wake3_2024-07-18_12-49-12/Record Node 102/analysis/Animal=PV_126,recNames=block_007/lizMov.mat",True,False,1,0,33.30000000001746,1
PV_126,007,PV_126_block_007,PV_126_007_279269_R,279269.2,279435.7,13.15723974109783,201.4824697069925,R,monocular,1,"/Volumes/Data-1/Nimrod/experiments/PV_126/2024_07_18/block_007/oe_files/PV126_Trial16_wake3_2024-07-18_12-49-12/Record Node 102/analysis/Animal=PV_126,recNames=block_007/lizMov.mat",True,False,1,0,49.95000000001164,1
PV_126,007,PV_126_block_007,PV_126_007_279669_R,279668.8,279702.1,14.459575639618002,19.694588947642256,R,monocular,1,"/Volumes/Data-1/Nimrod/experiments/PV_126/2024_07_18/block_007/oe_files/PV126_Trial16_wake3_2024-07-18_12-49-12/Record Node 102/analysis/Animal=PV_126,recNames=block_007/lizMov.mat",True,True,3,1,16.650000000023283,1
PV_126,007,PV_126_block_007,PV_126_007_281634_R,281633.5,281716.75,16.833721465927546,9.570124930408154,R,monocular,1,"/Volumes/Data-1/Nimrod/experiments/PV_126/2024_07_18/block_007/oe_files/PV126_Trial16_wake3_2024-07-18_12-49-12/Record Node 102/analysis/Animal=PV_126,recNames=block_007/lizMov.mat",True,True,3,1,49.95000000001164,1
PV_126,007,PV_126_block_007,PV_126_007_294321_R,294320.8,294420.7,25.602775389888464,348.52857820848175,R,monocular,1,"/Volumes/Data-1/Nimrod/experiments/PV_126/2024_07_18/block_007/oe_files/PV126_Trial16_wake3_2024-07-18_12-49-12/Record Node 102/analysis/Animal=PV_126,recNames=block_007/lizMov.mat",True,False,2,0,66.60000000003492,1
PV_126,007,PV_126_block_007,PV_126_007_301946_R,301946.5,301996.45,17.614364673335846,355.6490761204691,R,monocular,1,"/Volumes/Data-1/Nimrod/experiments/PV_126/2024_07_18/block_007/oe_files/PV126_Trial16_wake3_2024-07-18_12-49-12/Record Node 102/analysis/Animal=PV_126,recNames=block_007/lizMov.mat",True,False,3,0,49.95000000001164,1
PV_126,007,PV_126_block_007,PV_126_007_318930_R,318929.5,318962.8,10.08028220941561,333.0268068247109,R,monocular,1,"/Volumes/Data-1/Nimrod/experiments/PV_126/2024_07_18/block_007/oe_files/PV126_Trial16_wake3_2024-07-18_12-49-12/Record Node 102/analysis/Animal=PV_126,recNames=block_007/lizMov.mat",True,True,2,1,16.650000000023283,1
PV_126,007,PV_126_block_007,PV_126_007_320428_R,320428.0,320594.5,25.62262917264965,12.26381527303032,R,monocular,1,"/Volumes/Data-1/Nimrod/experiments/PV_126/2024_07_18/block_007/oe_files/PV126_Trial16_wake3_2024-07-18_12-49-12/Record Node 102/analysis/Animal=PV_126,recNames=block_007/lizMov.mat",True,False,1,0,49.95000000001164,1
PV_126,007,PV_126_block_007,PV_126_007_322493_R,322492.6,322542.55,8.79570089791691,284.07749148275485,R,monocular,1,"/Volumes/Data-1/Nimrod/experiments/PV_126/2024_07_18/block_007/oe_files/PV126_Trial16_wake3_2024-07-18_12-49-12/Record Node 102/analysis/Animal=PV_126,recNames=block_007/lizMov.mat",True,True,3,2,66.60000000003492,1
PV_126,007,PV_126_block_007,PV_126_007_324074_R,324074.35,324124.3,8.165102514108106,184.59175834657256,R,monocular,1,"/Volumes/Data-1/Nimrod/experiments/PV_126/2024_07_18/block_007/oe_files/PV126_Trial16_wake3_2024-07-18_12-49-12/Record Node 102/analysis/Animal=PV_126,recNames=block_007/lizMov.mat",True,True,6,3,33.300000000046566,1
PV_126,007,PV_126_block_007,PV_126_007_329652_R,329652.1,329718.7,36.19964504482798,148.5521758833217,R,monocular,1,"/Volumes/Data-1/Nimrod/experiments/PV_126/2024_07_18/block_007/oe_files/PV126_Trial16_wake3_2024-07-18_12-49-12/Record Node 102/analysis/Animal=PV_126,recNames=block_007/lizMov.mat",True,True,3,1,33.300000000046566,1
PV_126,007,PV_126_block_007,PV_126_007_330501_R,330501.25,330567.85,9.600249353734045,82.19437254558201,R,monocular,1,"/Volumes/Data-1/Nimrod/experiments/PV_126/2024_07_18/block_007/oe_files/PV126_Trial16_wake3_2024-07-18_12-49-12/Record Node 102/analysis/Animal=PV_126,recNames=block_007/lizMov.mat",True,False,0,0,,1
PV_126,007,PV_126_block_007,PV_126_007_335996_R,335995.75,336029.05,11.787237107774295,317.7720862585317,R,monocular,1,"/Volumes/Data-1/Nimrod/experiments/PV_126/2024_07_18/block_007/oe_files/PV126_Trial16_wake3_2024-07-18_12-49-12/Record Node 102/analysis/Animal=PV_126,recNames=block_007/lizMov.mat",True,True,4,3,16.650000000023283,1
PV_126,007,PV_126_block_007,PV_126_007_336745_R,336745.0,336761.65,7.757974301861583,346.28997733865174,R,monocular,1,"/Volumes/Data-1/Nimrod/experiments/PV_126/2024_07_18/block_007/oe_files/PV126_Trial16_wake3_2024-07-18_12-49-12/Record Node 102/analysis/Animal=PV_126,recNames=block_007/lizMov.mat",True,False,1,0,49.95000000001164,1
PV_126,007,PV_126_block_007,PV_126_007_337877_R,337877.2,337893.85,7.006017815165775,115.78905575690546,R,monocular,1,"/Volumes/Data-1/Nimrod/experiments/PV_126/2024_07_18/block_007/oe_files/PV126_Trial16_wake3_2024-07-18_12-49-12/Record Node 102/analysis/Animal=PV_126,recNames=block_007/lizMov.mat",True,False,2,0,16.649999999965075,1
PV_126,007,PV_126_block_007,PV_126_007_339692_R,339692.05,339725.35,9.682790453939075,306.8488277274251,R,monocular,1,"/Volumes/Data-1/Nimrod/experiments/PV_126/2024_07_18/block_007/oe_files/PV126_Trial16_wake3_2024-07-18_12-49-12/Record Node 102/analysis/Animal=PV_126,recNames=block_007/lizMov.mat",True,True,3,1,16.650000000023283,1
PV_126,007,PV_126_block_007,PV_126_007_360455_R,360454.6,360537.85,10.980356244467949,107.11931890147162,R,monocular,1,"/Volumes/Data-1/Nimrod/experiments/PV_126/2024_07_18/block_007/oe_files/PV126_Trial16_wake3_2024-07-18_12-49-12/Record Node 102/analysis/Animal=PV_126,recNames=block_007/lizMov.mat",True,True,2,1,83.25,1
PV_126,007,PV_126_block_007,PV_126_007_360571_R,360571.15,360654.4,15.687253079281291,326.0851187936096,R,monocular,1,"/Volumes/Data-1/Nimrod/experiments/PV_126/2024_07_18/block_007/oe_files/PV126_Trial16_wake3_2024-07-18_12-49-12/Record Node 102/analysis/Animal=PV_126,recNames=block_007/lizMov.mat",True,True,3,1,66.59999999997672,1
PV_126,007,PV_126_block_007,PV_126_007_361820_R,361819.9,361853.2,8.008421033810711,126.71873651855243,R,monocular,1,"/Volumes/Data-1/Nimrod/experiments/PV_126/2024_07_18/block_007/oe_files/PV126_Trial16_wake3_2024-07-18_12-49-12/Record Node 102/analysis/Animal=PV_126,recNames=block_007/lizMov.mat",True,True,3,1,33.29999999998836,1
PV_126,007,PV_126_block_007,PV_126_007_374457_R,374457.25,374557.15,8.956750191821822,160.16685529973634,R,monocular,1,"/Volumes/Data-1/Nimrod/experiments/PV_126/2024_07_18/block_007/oe_files/PV126_Trial16_wake3_2024-07-18_12-49-12/Record Node 102/analysis/Animal=PV_126,recNames=block_007/lizMov.mat",True,True,2,1,49.95000000001164,1
PV_126,007,PV_126_block_007,PV_126_007_379852_R,379851.85,379935.1,12.389324523952073,150.7065031927031,R,monocular,1,"/Volumes/Data-1/Nimrod/experiments/PV_126/2024_07_18/block_007/oe_files/PV126_Trial16_wake3_2024-07-18_12-49-12/Record Node 102/analysis/Animal=PV_126,recNames=block_007/lizMov.mat",True,False,0,0,,1
PV_126,007,PV_126_block_007,PV_126_007_380118_R,380118.25,380151.55,7.586819272178961,336.01424031247524,R,monocular,1,"/Volumes/Data-1/Nimrod/experiments/PV_126/2024_07_18/block_007/oe_files/PV126_Trial16_wake3_2024-07-18_12-49-12/Record Node 102/analysis/Animal=PV_126,recNames=block_007/lizMov.mat",True,False,2,0,16.650000000023283,1
PV_126,007,PV_126_block_007,PV_126_007_380634_R,380634.4,380651.05,16.613681945009652,103.01398516357929,R,monocular,1,"/Volumes/Data-1/Nimrod/experiments/PV_126/2024_07_18/block_007/oe_files/PV126_Trial16_wake3_2024-07-18_12-49-12/Record Node 102/analysis/Animal=PV_126,recNames=block_007/lizMov.mat",True,True,3,1,16.649999999965075,1
PV_126,007,PV_126_block_007,PV_126_007_384114_R,384114.25,384130.9,7.1233556519274766,13.22740577218785,R,monocular,1,"/Volumes/Data-1/Nimrod/experiments/PV_126/2024_07_18/block_007/oe_files/PV126_Trial16_wake3_2024-07-18_12-49-12/Record Node 102/analysis/Animal=PV_126,recNames=block_007/lizMov.mat",True,False,2,0,16.650000000023283,1
PV_126,007,PV_126_block_007,PV_126_007_385097_R,385096.6,385229.8,22.651375450719435,10.97425627769105,R,monocular,1,"/Volumes/Data-1/Nimrod/experiments/PV_126/2024_07_18/block_007/oe_files/PV126_Trial16_wake3_2024-07-18_12-49-12/Record Node 102/analysis/Animal=PV_126,recNames=block_007/lizMov.mat",True,True,2,1,49.95000000001164,1
PV_126,007,PV_126_block_007,PV_126_007_385230_R,385229.8,385279.75,18.563257781559976,169.81053993997702,R,monocular,1,"/Volumes/Data-1/Nimrod/experiments/PV_126/2024_07_18/block_007/oe_files/PV126_Trial16_wake3_2024-07-18_12-49-12/Record Node 102/analysis/Animal=PV_126,recNames=block_007/lizMov.mat",True,True,3,1,33.29999999998836,1
PV_126,007,PV_126_block_007,PV_126_007_411287_R,411287.05,411337.0,12.699193990285002,252.8330696581076,R,monocular,1,"/Volumes/Data-1/Nimrod/experiments/PV_126/2024_07_18/block_007/oe_files/PV126_Trial16_wake3_2024-07-18_12-49-12/Record Node 102/analysis/Animal=PV_126,recNames=block_007/lizMov.mat",True,True,2,1,49.95000000001164,1
PV_126,007,PV_126_block_007,PV_126_007_416832_R,416831.5,416931.4,13.452216677835958,20.221739038191444,R,monocular,1,"/Volumes/Data-1/Nimrod/experiments/PV_126/2024_07_18/block_007/oe_files/PV126_Trial16_wake3_2024-07-18_12-49-12/Record Node 102/analysis/Animal=PV_126,recNames=block_007/lizMov.mat",True,True,3,2,99.90000000002328,1
PV_126,007,PV_126_block_007,PV_126_007_421111_R,421110.55,421193.8,7.001967936007104,289.30955637600573,R,monocular,1,"/Volumes/Data-1/Nimrod/experiments/PV_126/2024_07_18/block_007/oe_files/PV126_Trial16_wake3_2024-07-18_12-49-12/Record Node 102/analysis/Animal=PV_126,recNames=block_007/lizMov.mat",True,False,0,0,,1
PV_126,007,PV_126_block_007,PV_126_007_423009_R,423008.65,423058.6,14.620208013946343,262.65860480901756,R,monocular,1,"/Volumes/Data-1/Nimrod/experiments/PV_126/2024_07_18/block_007/oe_files/PV126_Trial16_wake3_2024-07-18_12-49-12/Record Node 102/analysis/Animal=PV_126,recNames=block_007/lizMov.mat",True,False,2,0,49.949999999953434,1
PV_126,007,PV_126_block_007,PV_126_007_424158_R,424157.5,424307.35,11.193165952184177,137.6115868667881,R,monocular,1,"/Volumes/Data-1/Nimrod/experiments/PV_126/2024_07_18/block_007/oe_files/PV126_Trial16_wake3_2024-07-18_12-49-12/Record Node 102/analysis/Animal=PV_126,recNames=block_007/lizMov.mat",True,False,2,0,83.25,1
PV_126,007,PV_126_block_007,PV_126_007_424424_R,424423.9,424457.2,9.858641097643476,165.79100486930525,R,monocular,1,"/Volumes/Data-1/Nimrod/experiments/PV_126/2024_07_18/block_007/oe_files/PV126_Trial16_wake3_2024-07-18_12-49-12/Record Node 102/analysis/Animal=PV_126,recNames=block_007/lizMov.mat",True,False,1,0,33.29999999998836,1
PV_126,007,PV_126_block_007,PV_126_007_424657_R,424657.0,424723.6,13.5890581899669,154.51449668325336,R,monocular,1,"/Volumes/Data-1/Nimrod/experiments/PV_126/2024_07_18/block_007/oe_files/PV126_Trial16_wake3_2024-07-18_12-49-12/Record Node 102/analysis/Animal=PV_126,recNames=block_007/lizMov.mat",True,False,1,0,66.59999999997672,1
PV_126,007,PV_126_block_007,PV_126_007_424724_R,424723.6,424840.15,7.157488889779466,328.002919080153,R,monocular,1,"/Volumes/Data-1/Nimrod/experiments/PV_126/2024_07_18/block_007/oe_files/PV126_Trial16_wake3_2024-07-18_12-49-12/Record Node 102/analysis/Animal=PV_126,recNames=block_007/lizMov.mat",True,False,0,0,116.55000000004657,1
PV_126,007,PV_126_block_007,PV_126_007_424840_R,424840.15,424906.75,12.014771411686118,145.16253441553008,R,monocular,1,"/Volumes/Data-1/Nimrod/experiments/PV_126/2024_07_18/block_007/oe_files/PV126_Trial16_wake3_2024-07-18_12-49-12/Record Node 102/analysis/Animal=PV_126,recNames=block_007/lizMov.mat",True,False,0,0,66.59999999997672,1
PV_126,007,PV_126_block_007,PV_126_007_424907_R,424906.75,425006.65,14.506503868106101,294.0972305734655,R,monocular,1,"/Volumes/Data-1/Nimrod/experiments/PV_126/2024_07_18/block_007/oe_files/PV126_Trial16_wake3_2024-07-18_12-49-12/Record Node 102/analysis/Animal=PV_126,recNames=block_007/lizMov.mat",True,False,0,0,99.90000000002328,1
PV_126,007,PV_126_block_007,PV_126_007_427771_R,427770.55,427803.85,11.738222231210642,355.30682319351666,R,monocular,1,"/Volumes/Data-1/Nimrod/experiments/PV_126/2024_07_18/block_007/oe_files/PV126_Trial16_wake3_2024-07-18_12-49-12/Record Node 102/analysis/Animal=PV_126,recNames=block_007/lizMov.mat",True,False,2,0,33.29999999998836,1
PV_126,007,PV_126_block_007,PV_126_007_434231_R,434230.75,434363.95,8.79381040984045,258.3419845990249,R,monocular,1,"/Volumes/Data-1/Nimrod/experiments/PV_126/2024_07_18/block_007/oe_files/PV126_Trial16_wake3_2024-07-18_12-49-12/Record Node 102/analysis/Animal=PV_126,recNames=block_007/lizMov.mat",True,False,0,0,,1
PV_126,007,PV_126_block_007,PV_126_007_436645_R,436645.0,436661.65,8.346351435660939,299.00789789729794,R,monocular,1,"/Volumes/Data-1/Nimrod/experiments/PV_126/2024_07_18/block_007/oe_files/PV126_Trial16_wake3_2024-07-18_12-49-12/Record Node 102/analysis/Animal=PV_126,recNames=block_007/lizMov.mat",True,True,3,1,16.650000000023283,1
PV_126,007,PV_126_block_007,PV_126_007_439226_R,439225.75,439259.05,7.268912873553225,322.1715653559486,R,monocular,1,"/Volumes/Data-1/Nimrod/experiments/PV_126/2024_07_18/block_007/oe_files/PV126_Trial16_wake3_2024-07-18_12-49-12/Record Node 102/analysis/Animal=PV_126,recNames=block_007/lizMov.mat",True,False,0,0,33.29999999998836,1
PV_126,007,PV_126_block_007,PV_126_007_447800_R,447800.5,447833.8,8.767641071383359,82.28597620842154,R,monocular,1,"/Volumes/Data-1/Nimrod/experiments/PV_126/2024_07_18/block_007/oe_files/PV126_Trial16_wake3_2024-07-18_12-49-12/Record Node 102/analysis/Animal=PV_126,recNames=block_007/lizMov.mat",True,True,2,1,33.29999999998836,1
PV_126,007,PV_126_block_007,PV_126_007_447967_R,447967.0,448050.25,8.290126324183424,254.29242755662915,R,monocular,1,"/Volumes/Data-1/Nimrod/experiments/PV_126/2024_07_18/block_007/oe_files/PV126_Trial16_wake3_2024-07-18_12-49-12/Record Node 102/analysis/Animal=PV_126,recNames=block_007/lizMov.mat",True,False,1,0,83.25,1
PV_126,007,PV_126_block_007,PV_126_007_454161_R,454160.8,454227.4,9.572420954232781,340.0724568936467,R,monocular,1,"/Volumes/Data-1/Nimrod/experiments/PV_126/2024_07_18/block_007/oe_files/PV126_Trial16_wake3_2024-07-18_12-49-12/Record Node 102/analysis/Animal=PV_126,recNames=block_007/lizMov.mat",True,False,1,0,83.25,1
PV_126,007,PV_126_block_007,PV_126_007_454510_R,454510.45,454543.75,7.485841577640803,329.58629716866596,R,monocular,1,"/Volumes/Data-1/Nimrod/experiments/PV_126/2024_07_18/block_007/oe_files/PV126_Trial16_wake3_2024-07-18_12-49-12/Record Node 102/analysis/Animal=PV_126,recNames=block_007/lizMov.mat",True,True,4,3,33.29999999998836,1
PV_126,007,PV_126_block_007,PV_126_007_455010_R,455009.95,455043.25,22.95541167407849,301.3591255126999,R,monocular,1,"/Volumes/Data-1/Nimrod/experiments/PV_126/2024_07_18/block_007/oe_files/PV126_Trial16_wake3_2024-07-18_12-49-12/Record Node 102/analysis/Animal=PV_126,recNames=block_007/lizMov.mat",True,True,3,2,33.29999999998836,1
PV_126,007,PV_126_block_007,PV_126_007_458323_R,458323.3,458339.95,10.620994575054198,322.1332143243464,R,monocular,1,"/Volumes/Data-1/Nimrod/experiments/PV_126/2024_07_18/block_007/oe_files/PV126_Trial16_wake3_2024-07-18_12-49-12/Record Node 102/analysis/Animal=PV_126,recNames=block_007/lizMov.mat",True,True,3,2,16.650000000023283,1
PV_126,007,PV_126_block_007,PV_126_007_458373_R,458373.25,458489.8,8.222123621075115,322.6688761339575,R,monocular,1,"/Volumes/Data-1/Nimrod/experiments/PV_126/2024_07_18/block_007/oe_files/PV126_Trial16_wake3_2024-07-18_12-49-12/Record Node 102/analysis/Animal=PV_126,recNames=block_007/lizMov.mat",True,False,1,0,66.59999999997672,1
PV_126,007,PV_126_block_007,PV_126_007_488710_R,488709.55,488742.85,9.97358884525357,189.35546429200656,R,monocular,1,"/Volumes/Data-1/Nimrod/experiments/PV_126/2024_07_18/block_007/oe_files/PV126_Trial16_wake3_2024-07-18_12-49-12/Record Node 102/analysis/Animal=PV_126,recNames=block_007/lizMov.mat",True,False,2,0,16.650000000023283,1
PV_126,007,PV_126_block_007,PV_126_007_488959_R,488959.3,488992.6,13.895225464554914,197.09656165840613,R,monocular,1,"/Volumes/Data-1/Nimrod/experiments/PV_126/2024_07_18/block_007/oe_files/PV126_Trial16_wake3_2024-07-18_12-49-12/Record Node 102/analysis/Animal=PV_126,recNames=block_007/lizMov.mat",True,False,1,0,33.29999999998836,1
PV_126,007,PV_126_block_007,PV_126_007_488993_R,488992.6,489075.85,18.705102494027564,26.6822217164546,R,monocular,1,"/Volumes/Data-1/Nimrod/experiments/PV_126/2024_07_18/block_007/oe_files/PV126_Trial16_wake3_2024-07-18_12-49-12/Record Node 102/analysis/Animal=PV_126,recNames=block_007/lizMov.mat",True,False,1,0,83.25,1
PV_126,007,PV_126_block_007,PV_126_007_489242_R,489242.35,489292.3,11.747440622191702,299.1684532004987,R,monocular,1,"/Volumes/Data-1/Nimrod/experiments/PV_126/2024_07_18/block_007/oe_files/PV126_Trial16_wake3_2024-07-18_12-49-12/Record Node 102/analysis/Animal=PV_126,recNames=block_007/lizMov.mat",True,True,2,1,49.95000000001164,1
PV_126,007,PV_126_block_007,PV_126_007_489342_R,489342.25,489425.5,8.820890620650603,277.5950789579297,R,monocular,1,"/Volumes/Data-1/Nimrod/experiments/PV_126/2024_07_18/block_007/oe_files/PV126_Trial16_wake3_2024-07-18_12-49-12/Record Node 102/analysis/Animal=PV_126,recNames=block_007/lizMov.mat",True,False,0,0,,1
PV_126,007,PV_126_block_007,PV_126_007_492589_R,492589.0,492622.3,13.329238017601128,199.3763037248297,R,monocular,1,"/Volumes/Data-1/Nimrod/experiments/PV_126/2024_07_18/block_007/oe_files/PV126_Trial16_wake3_2024-07-18_12-49-12/Record Node 102/analysis/Animal=PV_126,recNames=block_007/lizMov.mat",True,True,3,2,16.650000000023283,1
PV_126,007,PV_126_block_007,PV_126_007_556026_R,556025.5,556058.8,11.579762710000296,242.8530081124224,R,monocular,1,"/Volumes/Data-1/Nimrod/experiments/PV_126/2024_07_18/block_007/oe_files/PV126_Trial16_wake3_2024-07-18_12-49-12/Record Node 102/analysis/Animal=PV_126,recNames=block_007/lizMov.mat",True,False,1,0,33.300000000046566,1
PV_126,007,PV_126_block_007,PV_126_007_556242_R,556241.95,556358.5,10.77640752675834,326.1311871246058,R,monocular,1,"/Volumes/Data-1/Nimrod/experiments/PV_126/2024_07_18/block_007/oe_files/PV126_Trial16_wake3_2024-07-18_12-49-12/Record Node 102/analysis/Animal=PV_126,recNames=block_007/lizMov.mat",True,False,3,0,99.90000000002328,1
PV_126,007,PV_126_block_007,PV_126_007_561120_R,561120.4,561137.05,7.1917485629807585,190.6639520904503,R,monocular,1,"/Volumes/Data-1/Nimrod/experiments/PV_126/2024_07_18/block_007/oe_files/PV126_Trial16_wake3_2024-07-18_12-49-12/Record Node 102/analysis/Animal=PV_126,recNames=block_007/lizMov.mat",True,False,3,0,16.650000000023283,1
PV_126,007,PV_126_block_007,PV_126_007_561137_R,561137.05,561203.65,10.594521865373018,199.19378914360988,R,monocular,1,"/Volumes/Data-1/Nimrod/experiments/PV_126/2024_07_18/block_007/oe_files/PV126_Trial16_wake3_2024-07-18_12-49-12/Record Node 102/analysis/Animal=PV_126,recNames=block_007/lizMov.mat",True,True,5,1,49.949999999953434,1
PV_126,007,PV_126_block_007,PV_126_007_561870_R,561869.65,562019.5,23.024377455720895,96.86621414437968,R,monocular,1,"/Volumes/Data-1/Nimrod/experiments/PV_126/2024_07_18/block_007/oe_files/PV126_Trial16_wake3_2024-07-18_12-49-12/Record Node 102/analysis/Animal=PV_126,recNames=block_007/lizMov.mat",True,True,2,1,133.19999999995343,1
PV_126,007,PV_126_block_007,PV_126_007_564350_R,564350.5,564500.35,12.452004364094542,127.56016445727576,R,monocular,1,"/Volumes/Data-1/Nimrod/experiments/PV_126/2024_07_18/block_007/oe_files/PV126_Trial16_wake3_2024-07-18_12-49-12/Record Node 102/analysis/Animal=PV_126,recNames=block_007/lizMov.mat",True,True,2,1,99.90000000002328,1
PV_126,007,PV_126_block_007,PV_126_007_568913_R,568912.6,569095.75,13.226768763961815,90.9716284376052,R,monocular,1,"/Volumes/Data-1/Nimrod/experiments/PV_126/2024_07_18/block_007/oe_files/PV126_Trial16_wake3_2024-07-18_12-49-12/Record Node 102/analysis/Animal=PV_126,recNames=block_007/lizMov.mat",True,True,2,1,83.25,1
PV_126,007,PV_126_block_007,PV_126_007_570544_R,570544.3,570627.55,9.272263662376176,275.2056390018409,R,monocular,1,"/Volumes/Data-1/Nimrod/experiments/PV_126/2024_07_18/block_007/oe_files/PV126_Trial16_wake3_2024-07-18_12-49-12/Record Node 102/analysis/Animal=PV_126,recNames=block_007/lizMov.mat",True,False,2,0,66.59999999997672,1
PV_126,007,PV_126_block_007,PV_126_007_573891_R,573890.95,573907.6,13.483878057203402,282.70021884149264,R,monocular,1,"/Volumes/Data-1/Nimrod/experiments/PV_126/2024_07_18/block_007/oe_files/PV126_Trial16_wake3_2024-07-18_12-49-12/Record Node 102/analysis/Animal=PV_126,recNames=block_007/lizMov.mat",True,False,2,0,16.650000000023283,1
PV_126,007,PV_126_block_007,PV_126_007_574407_R,574407.1,574473.7,24.631450974855404,190.75702940804823,R,monocular,1,"/Volumes/Data-1/Nimrod/experiments/PV_126/2024_07_18/block_007/oe_files/PV126_Trial16_wake3_2024-07-18_12-49-12/Record Node 102/analysis/Animal=PV_126,recNames=block_007/lizMov.mat",True,False,0,0,,1
PV_126,007,PV_126_block_007,PV_126_007_574690_R,574690.15,574773.4,14.33497740935692,84.15327298269622,R,monocular,1,"/Volumes/Data-1/Nimrod/experiments/PV_126/2024_07_18/block_007/oe_files/PV126_Trial16_wake3_2024-07-18_12-49-12/Record Node 102/analysis/Animal=PV_126,recNames=block_007/lizMov.mat",True,True,4,2,83.25,1
PV_126,007,PV_126_block_007,PV_126_007_577587_R,577587.25,577603.9,9.32662068399814,133.24168836214324,R,monocular,1,"/Volumes/Data-1/Nimrod/experiments/PV_126/2024_07_18/block_007/oe_files/PV126_Trial16_wake3_2024-07-18_12-49-12/Record Node 102/analysis/Animal=PV_126,recNames=block_007/lizMov.mat",True,True,4,3,16.650000000023283,1
PV_126,007,PV_126_block_007,PV_126_007_577637_R,577637.2,577653.85,10.639109222333156,100.28450568800072,R,monocular,1,"/Volumes/Data-1/Nimrod/experiments/PV_126/2024_07_18/block_007/oe_files/PV126_Trial16_wake3_2024-07-18_12-49-12/Record Node 102/analysis/Animal=PV_126,recNames=block_007/lizMov.mat",True,True,5,4,16.650000000023283,1
PV_126,007,PV_126_block_007,PV_126_007_577654_R,577653.85,577670.5,12.298612197589037,305.0546442512496,R,monocular,1,"/Volumes/Data-1/Nimrod/experiments/PV_126/2024_07_18/block_007/oe_files/PV126_Trial16_wake3_2024-07-18_12-49-12/Record Node 102/analysis/Animal=PV_126,recNames=block_007/lizMov.mat",True,True,5,4,16.650000000023283,1
PV_126,007,PV_126_block_007,PV_126_007_580934_R,580933.9,580967.2,10.486731860592558,12.247369159753312,R,monocular,1,"/Volumes/Data-1/Nimrod/experiments/PV_126/2024_07_18/block_007/oe_files/PV126_Trial16_wake3_2024-07-18_12-49-12/Record Node 102/analysis/Animal=PV_126,recNames=block_007/lizMov.mat",True,False,3,0,33.29999999993015,1
PV_126,007,PV_126_block_007,PV_126_007_626039_R,626038.75,626138.65,12.215505853771434,62.893912999602186,R,monocular,1,"/Volumes/Data-1/Nimrod/experiments/PV_126/2024_07_18/block_007/oe_files/PV126_Trial16_wake3_2024-07-18_12-49-12/Record Node 102/analysis/Animal=PV_126,recNames=block_007/lizMov.mat",True,False,2,0,99.90000000002328,1
PV_126,007,PV_126_block_007,PV_126_007_626205_R,626205.25,626238.55,10.219978857905318,158.7685700528603,R,monocular,1,"/Volumes/Data-1/Nimrod/experiments/PV_126/2024_07_18/block_007/oe_files/PV126_Trial16_wake3_2024-07-18_12-49-12/Record Node 102/analysis/Animal=PV_126,recNames=block_007/lizMov.mat",True,True,6,4,33.300000000046566,1
PV_126,007,PV_126_block_007,PV_126_007_626322_R,626321.8,626338.45,7.440065314620407,198.52129851978816,R,monocular,1,"/Volumes/Data-1/Nimrod/experiments/PV_126/2024_07_18/block_007/oe_files/PV126_Trial16_wake3_2024-07-18_12-49-12/Record Node 102/analysis/Animal=PV_126,recNames=block_007/lizMov.mat",True,True,2,1,16.649999999906868,1
PV_126,007,PV_126_block_007,PV_126_007_626355_R,626355.1,626421.7,13.179104397253107,352.4051320399594,R,monocular,1,"/Volumes/Data-1/Nimrod/experiments/PV_126/2024_07_18/block_007/oe_files/PV126_Trial16_wake3_2024-07-18_12-49-12/Record Node 102/analysis/Animal=PV_126,recNames=block_007/lizMov.mat",True,False,2,0,66.59999999997672,1
PV_126,007,PV_126_block_007,PV_126_007_626422_R,626421.7,626471.65,12.137376416366989,175.10860301455847,R,monocular,1,"/Volumes/Data-1/Nimrod/experiments/PV_126/2024_07_18/block_007/oe_files/PV126_Trial16_wake3_2024-07-18_12-49-12/Record Node 102/analysis/Animal=PV_126,recNames=block_007/lizMov.mat",True,False,1,0,49.95000000006985,1
PV_126,007,PV_126_block_007,PV_126_007_626555_R,626554.9,626638.15,12.690944774040537,18.940600180471264,R,monocular,1,"/Volumes/Data-1/Nimrod/experiments/PV_126/2024_07_18/block_007/oe_files/PV126_Trial16_wake3_2024-07-18_12-49-12/Record Node 102/analysis/Animal=PV_126,recNames=block_007/lizMov.mat",True,False,1,0,133.19999999995343,1
PV_126,007,PV_126_block_007,PV_126_007_627371_R,627370.75,627487.3,12.633776667103024,205.0138096922988,R,monocular,1,"/Volumes/Data-1/Nimrod/experiments/PV_126/2024_07_18/block_007/oe_files/PV126_Trial16_wake3_2024-07-18_12-49-12/Record Node 102/analysis/Animal=PV_126,recNames=block_007/lizMov.mat",True,False,1,0,116.55000000004657,1
PV_126,007,PV_126_block_007,PV_126_007_627487_R,627487.3,627537.25,11.168793690853576,1.1731051989808179,R,monocular,1,"/Volumes/Data-1/Nimrod/experiments/PV_126/2024_07_18/block_007/oe_files/PV126_Trial16_wake3_2024-07-18_12-49-12/Record Node 102/analysis/Animal=PV_126,recNames=block_007/lizMov.mat",True,True,5,3,49.949999999953434,1
PV_126,007,PV_126_block_007,PV_126_007_654360_R,654360.4,654510.25,12.336641038894834,326.1534442488765,R,monocular,1,"/Volumes/Data-1/Nimrod/experiments/PV_126/2024_07_18/block_007/oe_files/PV126_Trial16_wake3_2024-07-18_12-49-12/Record Node 102/analysis/Animal=PV_126,recNames=block_007/lizMov.mat",True,False,0,0,,1
PV_126,007,PV_126_block_007,PV_126_007_654693_R,654693.4,654743.35,8.808532890618238,298.86883212895293,R,monocular,1,"/Volumes/Data-1/Nimrod/experiments/PV_126/2024_07_18/block_007/oe_files/PV126_Trial16_wake3_2024-07-18_12-49-12/Record Node 102/analysis/Animal=PV_126,recNames=block_007/lizMov.mat",True,True,2,1,33.29999999993015,1
PV_126,007,PV_126_block_007,PV_126_007_655026_R,655026.4,655109.65,13.118353133126819,120.30462240683887,R,monocular,1,"/Volumes/Data-1/Nimrod/experiments/PV_126/2024_07_18/block_007/oe_files/PV126_Trial16_wake3_2024-07-18_12-49-12/Record Node 102/analysis/Animal=PV_126,recNames=block_007/lizMov.mat",True,True,3,2,99.90000000002328,1
PV_126,007,PV_126_block_007,PV_126_007_710038_R,710038.0,710121.25,9.616770390281236,273.7770758330419,R,monocular,1,"/Volumes/Data-1/Nimrod/experiments/PV_126/2024_07_18/block_007/oe_files/PV126_Trial16_wake3_2024-07-18_12-49-12/Record Node 102/analysis/Animal=PV_126,recNames=block_007/lizMov.mat",True,False,0,0,,1
PV_126,007,PV_126_block_007,PV_126_007_721477_R,721476.55,721576.45,17.040459643135765,328.2705714182128,R,monocular,1,"/Volumes/Data-1/Nimrod/experiments/PV_126/2024_07_18/block_007/oe_files/PV126_Trial16_wake3_2024-07-18_12-49-12/Record Node 102/analysis/Animal=PV_126,recNames=block_007/lizMov.mat",True,True,3,1,99.89999999990687,1
PV_126,007,PV_126_block_007,PV_126_007_721610_R,721609.75,721659.7,9.22588758584528,353.1929343185212,R,monocular,1,"/Volumes/Data-1/Nimrod/experiments/PV_126/2024_07_18/block_007/oe_files/PV126_Trial16_wake3_2024-07-18_12-49-12/Record Node 102/analysis/Animal=PV_126,recNames=block_007/lizMov.mat",True,False,0,0,83.25,1
PV_126,007,PV_126_block_007,PV_126_007_721693_R,721693.0,721776.25,9.821357191857883,303.0025193545335,R,monocular,1,"/Volumes/Data-1/Nimrod/experiments/PV_126/2024_07_18/block_007/oe_files/PV126_Trial16_wake3_2024-07-18_12-49-12/Record Node 102/analysis/Animal=PV_126,recNames=block_007/lizMov.mat",True,False,1,0,49.949999999953434,1
PV_126,007,PV_126_block_007,PV_126_007_723824_R,723824.2,724024.0,12.649593631515609,21.518904939108992,R,monocular,1,"/Volumes/Data-1/Nimrod/experiments/PV_126/2024_07_18/block_007/oe_files/PV126_Trial16_wake3_2024-07-18_12-49-12/Record Node 102/analysis/Animal=PV_126,recNames=block_007/lizMov.mat",True,False,0,0,99.90000000002328,1
PV_126,007,PV_126_block_007,PV_126_007_749299_R,749298.7,749431.9,16.044089811752762,136.0288254005255,R,monocular,1,"/Volumes/Data-1/Nimrod/experiments/PV_126/2024_07_18/block_007/oe_files/PV126_Trial16_wake3_2024-07-18_12-49-12/Record Node 102/analysis/Animal=PV_126,recNames=block_007/lizMov.mat",True,False,1,0,133.20000000006985,1
PV_126,007,PV_126_block_007,PV_126_007_749482_R,749481.85,749565.1,10.96874063185275,133.6942697227142,R,monocular,1,"/Volumes/Data-1/Nimrod/experiments/PV_126/2024_07_18/block_007/oe_files/PV126_Trial16_wake3_2024-07-18_12-49-12/Record Node 102/analysis/Animal=PV_126,recNames=block_007/lizMov.mat",True,False,1,0,49.95000000006985,1
PV_126,007,PV_126_block_007,PV_126_007_753927_R,753927.4,753960.7,15.724459992859336,16.47691753538019,R,monocular,1,"/Volumes/Data-1/Nimrod/experiments/PV_126/2024_07_18/block_007/oe_files/PV126_Trial16_wake3_2024-07-18_12-49-12/Record Node 102/analysis/Animal=PV_126,recNames=block_007/lizMov.mat",True,True,5,2,16.650000000023283,1
PV_126,007,PV_126_block_007,PV_126_007_754011_R,754010.65,754043.95,14.98184450778791,0.1670034160608607,R,monocular,1,"/Volumes/Data-1/Nimrod/experiments/PV_126/2024_07_18/block_007/oe_files/PV126_Trial16_wake3_2024-07-18_12-49-12/Record Node 102/analysis/Animal=PV_126,recNames=block_007/lizMov.mat",True,True,3,1,16.650000000023283,1
PV_126,007,PV_126_block_007,PV_126_007_758107_R,758106.55,758173.15,9.546855101500757,14.02553358164889,R,monocular,1,"/Volumes/Data-1/Nimrod/experiments/PV_126/2024_07_18/block_007/oe_files/PV126_Trial16_wake3_2024-07-18_12-49-12/Record Node 102/analysis/Animal=PV_126,recNames=block_007/lizMov.mat",True,False,0,0,,1
PV_126,007,PV_126_block_007,PV_126_007_826771_R,826771.15,826804.45,14.797932015801363,161.73254522389706,R,monocular,1,"/Volumes/Data-1/Nimrod/experiments/PV_126/2024_07_18/block_007/oe_files/PV126_Trial16_wake3_2024-07-18_12-49-12/Record Node 102/analysis/Animal=PV_126,recNames=block_007/lizMov.mat",True,False,3,0,16.650000000023283,1
PV_126,007,PV_126_block_007,PV_126_007_868896_R,868895.65,868928.95,14.0701243906693,174.19056873673614,R,monocular,1,"/Volumes/Data-1/Nimrod/experiments/PV_126/2024_07_18/block_007/oe_files/PV126_Trial16_wake3_2024-07-18_12-49-12/Record Node 102/analysis/Animal=PV_126,recNames=block_007/lizMov.mat",True,True,6,2,16.650000000023283,1
PV_126,007,PV_126_block_007,PV_126_007_869095_R,869095.45,869128.75,10.495503714646764,180.1660492520393,R,monocular,1,"/Volumes/Data-1/Nimrod/experiments/PV_126/2024_07_18/block_007/oe_files/PV126_Trial16_wake3_2024-07-18_12-49-12/Record Node 102/analysis/Animal=PV_126,recNames=block_007/lizMov.mat",True,True,3,1,33.300000000046566,1
PV_126,007,PV_126_block_007,PV_126_007_869129_R,869128.75,869195.35,9.46319336847682,14.852202800454242,R,monocular,1,"/Volumes/Data-1/Nimrod/experiments/PV_126/2024_07_18/block_007/oe_files/PV126_Trial16_wake3_2024-07-18_12-49-12/Record Node 102/analysis/Animal=PV_126,recNames=block_007/lizMov.mat",True,True,2,1,33.300000000046566,1
PV_126,007,PV_126_block_007,PV_126_007_931200_R,931199.95,931216.6,11.534766344100232,15.877018708627393,R,monocular,1,"/Volumes/Data-1/Nimrod/experiments/PV_126/2024_07_18/block_007/oe_files/PV126_Trial16_wake3_2024-07-18_12-49-12/Record Node 102/analysis/Animal=PV_126,recNames=block_007/lizMov.mat",True,True,3,1,16.650000000023283,1
PV_126,007,PV_126_block_007,PV_126_007_931633_R,931632.85,931732.75,8.041387129234376,190.01725886910458,R,monocular,1,"/Volumes/Data-1/Nimrod/experiments/PV_126/2024_07_18/block_007/oe_files/PV126_Trial16_wake3_2024-07-18_12-49-12/Record Node 102/analysis/Animal=PV_126,recNames=block_007/lizMov.mat",True,True,4,2,83.25,1
PV_126,007,PV_126_block_007,PV_126_007_931883_R,931882.6,931899.25,8.758798076016129,8.236700899025234,R,monocular,1,"/Volumes/Data-1/Nimrod/experiments/PV_126/2024_07_18/block_007/oe_files/PV126_Trial16_wake3_2024-07-18_12-49-12/Record Node 102/analysis/Animal=PV_126,recNames=block_007/lizMov.mat",True,True,6,3,16.650000000023283,1
PV_126,007,PV_126_block_007,PV_126_007_932549_R,932548.6,932565.25,7.716117012969904,31.162584692739756,R,monocular,1,"/Volumes/Data-1/Nimrod/experiments/PV_126/2024_07_18/block_007/oe_files/PV126_Trial16_wake3_2024-07-18_12-49-12/Record Node 102/analysis/Animal=PV_126,recNames=block_007/lizMov.mat",True,False,1,0,16.650000000023283,1
PV_126,007,PV_126_block_007,PV_126_007_932599_R,932598.55,932698.45,12.091574626161103,295.74019609298887,R,monocular,1,"/Volumes/Data-1/Nimrod/experiments/PV_126/2024_07_18/block_007/oe_files/PV126_Trial16_wake3_2024-07-18_12-49-12/Record Node 102/analysis/Animal=PV_126,recNames=block_007/lizMov.mat",True,False,1,0,133.19999999995343,1
PV_126,007,PV_126_block_007,PV_126_007_932865_R,932864.95,932931.55,17.82189821178281,94.44170294692186,R,monocular,1,"/Volumes/Data-1/Nimrod/experiments/PV_126/2024_07_18/block_007/oe_files/PV126_Trial16_wake3_2024-07-18_12-49-12/Record Node 102/analysis/Animal=PV_126,recNames=block_007/lizMov.mat",True,True,3,2,49.95000000006985,1
PV_126,007,PV_126_block_007,PV_126_007_943371_R,943371.1,943421.05,10.089738861844296,166.82671340397462,R,monocular,1,"/Volumes/Data-1/Nimrod/experiments/PV_126/2024_07_18/block_007/oe_files/PV126_Trial16_wake3_2024-07-18_12-49-12/Record Node 102/analysis/Animal=PV_126,recNames=block_007/lizMov.mat",True,True,2,1,33.300000000046566,1
PV_126,007,PV_126_block_007,PV_126_007_971510_R,971509.6,971542.9,9.368036669214094,239.49258401824557,R,monocular,1,"/Volumes/Data-1/Nimrod/experiments/PV_126/2024_07_18/block_007/oe_files/PV126_Trial16_wake3_2024-07-18_12-49-12/Record Node 102/analysis/Animal=PV_126,recNames=block_007/lizMov.mat",True,False,3,0,33.300000000046566,1
PV_126,007,PV_126_block_007,PV_126_007_992422_R,992422.0,992455.3,8.223742353061436,328.0684144925495,R,monocular,1,"/Volumes/Data-1/Nimrod/experiments/PV_126/2024_07_18/block_007/oe_files/PV126_Trial16_wake3_2024-07-18_12-49-12/Record Node 102/analysis/Animal=PV_126,recNames=block_007/lizMov.mat",True,False,1,0,33.300000000046566,1
PV_126,007,PV_126_block_007,PV_126_007_996584_R,996584.5,996634.45,12.240349115676304,340.56917687799574,R,monocular,1,"/Volumes/Data-1/Nimrod/experiments/PV_126/2024_07_18/block_007/oe_files/PV126_Trial16_wake3_2024-07-18_12-49-12/Record Node 102/analysis/Animal=PV_126,recNames=block_007/lizMov.mat",True,True,2,1,49.949999999953434,1
PV_126,007,PV_126_block_007,PV_126_007_1002429_R,1002428.65,1002461.95,13.08889334259267,152.82334166331157,R,monocular,1,"/Volumes/Data-1/Nimrod/experiments/PV_126/2024_07_18/block_007/oe_files/PV126_Trial16_wake3_2024-07-18_12-49-12/Record Node 102/analysis/Animal=PV_126,recNames=block_007/lizMov.mat",True,False,1,0,16.650000000023283,1
PV_126,007,PV_126_block_007,PV_126_007_1003161_R,1003161.25,1003227.85,7.499004668435275,326.55926620559376,R,monocular,1,"/Volumes/Data-1/Nimrod/experiments/PV_126/2024_07_18/block_007/oe_files/PV126_Trial16_wake3_2024-07-18_12-49-12/Record Node 102/analysis/Animal=PV_126,recNames=block_007/lizMov.mat",True,False,1,0,66.59999999997672,1
PV_126,007,PV_126_block_007,PV_126_007_1003228_R,1003227.85,1003261.15,9.405247622968636,113.85442739253922,R,monocular,1,"/Volumes/Data-1/Nimrod/experiments/PV_126/2024_07_18/block_007/oe_files/PV126_Trial16_wake3_2024-07-18_12-49-12/Record Node 102/analysis/Animal=PV_126,recNames=block_007/lizMov.mat",True,True,2,1,33.300000000046566,1
PV_126,007,PV_126_block_007,PV_126_007_1003428_R,1003427.65,1003494.25,11.309241886323747,155.73665040777988,R,monocular,1,"/Volumes/Data-1/Nimrod/experiments/PV_126/2024_07_18/block_007/oe_files/PV126_Trial16_wake3_2024-07-18_12-49-12/Record Node 102/analysis/Animal=PV_126,recNames=block_007/lizMov.mat",True,False,1,0,66.59999999997672,1
PV_126,007,PV_126_block_007,PV_126_007_1003761_R,1003760.65,1003810.6,16.769333825822777,148.6684566458251,R,monocular,1,"/Volumes/Data-1/Nimrod/experiments/PV_126/2024_07_18/block_007/oe_files/PV126_Trial16_wake3_2024-07-18_12-49-12/Record Node 102/analysis/Animal=PV_126,recNames=block_007/lizMov.mat",True,False,1,0,49.949999999953434,1
PV_126,007,PV_126_block_007,PV_126_007_1003811_R,1003810.6,1003893.85,7.091559206895313,346.8706816440694,R,monocular,1,"/Volumes/Data-1/Nimrod/experiments/PV_126/2024_07_18/block_007/oe_files/PV126_Trial16_wake3_2024-07-18_12-49-12/Record Node 102/analysis/Animal=PV_126,recNames=block_007/lizMov.mat",True,False,1,0,66.59999999997672,1
PV_126,007,PV_126_block_007,PV_126_007_1005958_R,1005958.45,1005975.1,9.431174218999324,4.839509652729669,R,monocular,1,"/Volumes/Data-1/Nimrod/experiments/PV_126/2024_07_18/block_007/oe_files/PV126_Trial16_wake3_2024-07-18_12-49-12/Record Node 102/analysis/Animal=PV_126,recNames=block_007/lizMov.mat",True,False,3,0,16.650000000023283,1
PV_126,007,PV_126_block_007,PV_126_007_1009039_R,1009038.7,1009138.6,10.892934939759286,0.7072114803046148,R,monocular,1,"/Volumes/Data-1/Nimrod/experiments/PV_126/2024_07_18/block_007/oe_files/PV126_Trial16_wake3_2024-07-18_12-49-12/Record Node 102/analysis/Animal=PV_126,recNames=block_007/lizMov.mat",True,True,3,1,49.95000000006985,1
PV_126,007,PV_126_block_007,PV_126_007_1026571_R,1026571.15,1026621.1,7.65197556623688,349.1400251713495,R,monocular,1,"/Volumes/Data-1/Nimrod/experiments/PV_126/2024_07_18/block_007/oe_files/PV126_Trial16_wake3_2024-07-18_12-49-12/Record Node 102/analysis/Animal=PV_126,recNames=block_007/lizMov.mat",True,False,4,0,33.29999999993015,1
PV_126,007,PV_126_block_007,PV_126_007_1026888_R,1026887.5,1027004.05,15.045217770080827,77.09353414218101,R,monocular,1,"/Volumes/Data-1/Nimrod/experiments/PV_126/2024_07_18/block_007/oe_files/PV126_Trial16_wake3_2024-07-18_12-49-12/Record Node 102/analysis/Animal=PV_126,recNames=block_007/lizMov.mat",True,False,1,0,149.84999999997672,1
PV_126,007,PV_126_block_007,PV_126_007_1046718_R,1046717.65,1046750.95,12.98551514212914,156.11331338761894,R,monocular,1,"/Volumes/Data-1/Nimrod/experiments/PV_126/2024_07_18/block_007/oe_files/PV126_Trial16_wake3_2024-07-18_12-49-12/Record Node 102/analysis/Animal=PV_126,recNames=block_007/lizMov.mat",True,False,2,0,16.650000000023283,1
PV_126,007,PV_126_block_007,PV_126_007_1326621_R,1326620.8,1326670.75,9.656481527993442,356.58814095692594,R,monocular,1,"/Volumes/Data-1/Nimrod/experiments/PV_126/2024_07_18/block_007/oe_files/PV126_Trial16_wake3_2024-07-18_12-49-12/Record Node 102/analysis/Animal=PV_126,recNames=block_007/lizMov.mat",True,True,3,1,33.300000000046566,1
PV_126,007,PV_126_block_007,PV_126_007_1587310_R,1587309.85,1587326.5,7.519400764141549,12.342951055089344,R,monocular,1,"/Volumes/Data-1/Nimrod/experiments/PV_126/2024_07_18/block_007/oe_files/PV126_Trial16_wake3_2024-07-18_12-49-12/Record Node 102/analysis/Animal=PV_126,recNames=block_007/lizMov.mat",True,True,3,1,16.649999999906868,1
PV_126,007,PV_126_block_007,PV_126_007_1588192_R,1588192.3,1588225.6,7.801888003458977,31.0364958879148,R,monocular,1,"/Volumes/Data-1/Nimrod/experiments/PV_126/2024_07_18/block_007/oe_files/PV126_Trial16_wake3_2024-07-18_12-49-12/Record Node 102/analysis/Animal=PV_126,recNames=block_007/lizMov.mat",True,True,5,2,33.300000000046566,1
PV_126,007,PV_126_block_007,PV_126_007_1590856_R,1590856.3,1590889.6,12.76014679663492,199.35403727702567,R,monocular,1,"/Volumes/Data-1/Nimrod/experiments/PV_126/2024_07_18/block_007/oe_files/PV126_Trial16_wake3_2024-07-18_12-49-12/Record Node 102/analysis/Animal=PV_126,recNames=block_007/lizMov.mat",True,False,1,0,33.300000000046566,1
PV_126,007,PV_126_block_007,PV_126_007_1597200_R,1597199.95,1597249.9,15.05767290681511,161.68629481280962,R,monocular,1,"/Volumes/Data-1/Nimrod/experiments/PV_126/2024_07_18/block_007/oe_files/PV126_Trial16_wake3_2024-07-18_12-49-12/Record Node 102/analysis/Animal=PV_126,recNames=block_007/lizMov.mat",True,False,1,0,66.60000000009313,1
PV_126,007,PV_126_block_007,PV_126_007_1598865_R,1598864.95,1598914.9,7.466928869773142,313.47921124182847,R,monocular,1,"/Volumes/Data-1/Nimrod/experiments/PV_126/2024_07_18/block_007/oe_files/PV126_Trial16_wake3_2024-07-18_12-49-12/Record Node 102/analysis/Animal=PV_126,recNames=block_007/lizMov.mat",True,False,1,0,49.949999999953434,1
PV_126,007,PV_126_block_007,PV_126_007_1598948_R,1598948.2,1599048.1,10.196483018233083,77.15921343785885,R,monocular,1,"/Volumes/Data-1/Nimrod/experiments/PV_126/2024_07_18/block_007/oe_files/PV126_Trial16_wake3_2024-07-18_12-49-12/Record Node 102/analysis/Animal=PV_126,recNames=block_007/lizMov.mat",True,False,1,0,133.19999999995343,1
PV_126,007,PV_126_block_007,PV_126_007_1599298_R,1599297.85,1599347.8,7.6797290758165175,101.51537057468069,R,monocular,1,"/Volumes/Data-1/Nimrod/experiments/PV_126/2024_07_18/block_007/oe_files/PV126_Trial16_wake3_2024-07-18_12-49-12/Record Node 102/analysis/Animal=PV_126,recNames=block_007/lizMov.mat",True,True,3,1,33.299999999813735,1
PV_126,007,PV_126_block_007,PV_126_007_1615731_R,1615731.4,1615781.35,19.848586900639294,211.06568975696268,R,monocular,1,"/Volumes/Data-1/Nimrod/experiments/PV_126/2024_07_18/block_007/oe_files/PV126_Trial16_wake3_2024-07-18_12-49-12/Record Node 102/analysis/Animal=PV_126,recNames=block_007/lizMov.mat",True,False,2,0,33.300000000046566,1
PV_126,007,PV_126_block_007,PV_126_007_1615798_R,1615798.0,1615931.2,33.173140703013985,29.079184346088752,R,monocular,1,"/Volumes/Data-1/Nimrod/experiments/PV_126/2024_07_18/block_007/oe_files/PV126_Trial16_wake3_2024-07-18_12-49-12/Record Node 102/analysis/Animal=PV_126,recNames=block_007/lizMov.mat",True,False,2,0,49.949999999953434,1
PV_126,007,PV_126_block_007,PV_126_007_1641938_R,1641938.5,1642005.1,9.025482132584292,24.184015438111796,R,monocular,1,"/Volumes/Data-1/Nimrod/experiments/PV_126/2024_07_18/block_007/oe_files/PV126_Trial16_wake3_2024-07-18_12-49-12/Record Node 102/analysis/Animal=PV_126,recNames=block_007/lizMov.mat",True,False,1,0,49.949999999953434,1
PV_126,007,PV_126_block_007,PV_126_007_1645585_R,1645584.85,1645634.8,11.511283848261678,18.980772351881352,R,monocular,1,"/Volumes/Data-1/Nimrod/experiments/PV_126/2024_07_18/block_007/oe_files/PV126_Trial16_wake3_2024-07-18_12-49-12/Record Node 102/analysis/Animal=PV_126,recNames=block_007/lizMov.mat",True,True,8,3,49.949999999953434,1
PV_126,007,PV_126_block_007,PV_126_007_1645701_R,1645701.4,1645734.7,8.472545981174488,343.1058458765426,R,monocular,1,"/Volumes/Data-1/Nimrod/experiments/PV_126/2024_07_18/block_007/oe_files/PV126_Trial16_wake3_2024-07-18_12-49-12/Record Node 102/analysis/Animal=PV_126,recNames=block_007/lizMov.mat",True,True,4,1,16.6500000001397,1
PV_126,007,PV_126_block_007,PV_126_007_1658422_R,1658422.0,1658471.95,12.026925541417581,3.9400081604760806,R,monocular,1,"/Volumes/Data-1/Nimrod/experiments/PV_126/2024_07_18/block_007/oe_files/PV126_Trial16_wake3_2024-07-18_12-49-12/Record Node 102/analysis/Animal=PV_126,recNames=block_007/lizMov.mat",True,False,1,0,33.300000000046566,1
PV_126,007,PV_126_block_007,PV_126_007_1660037_R,1660037.05,1660070.35,11.954661769959372,177.50511417950517,R,monocular,1,"/Volumes/Data-1/Nimrod/experiments/PV_126/2024_07_18/block_007/oe_files/PV126_Trial16_wake3_2024-07-18_12-49-12/Record Node 102/analysis/Animal=PV_126,recNames=block_007/lizMov.mat",True,True,3,1,33.300000000046566,1
PV_126,007,PV_126_block_007,PV_126_007_1661669_R,1661668.75,1661785.3,7.990524257001476,83.26016588602253,R,monocular,1,"/Volumes/Data-1/Nimrod/experiments/PV_126/2024_07_18/block_007/oe_files/PV126_Trial16_wake3_2024-07-18_12-49-12/Record Node 102/analysis/Animal=PV_126,recNames=block_007/lizMov.mat",True,False,0,0,,1
PV_126,007,PV_126_block_007,PV_126_007_1675988_R,1675987.75,1676037.7,13.50026214996948,210.10262856089804,R,monocular,1,"/Volumes/Data-1/Nimrod/experiments/PV_126/2024_07_18/block_007/oe_files/PV126_Trial16_wake3_2024-07-18_12-49-12/Record Node 102/analysis/Animal=PV_126,recNames=block_007/lizMov.mat",True,True,3,1,33.300000000046566,1
PV_126,007,PV_126_block_007,PV_126_007_1678419_R,1678418.65,1678535.2,14.566038670561646,13.08793417170315,R,monocular,1,"/Volumes/Data-1/Nimrod/experiments/PV_126/2024_07_18/block_007/oe_files/PV126_Trial16_wake3_2024-07-18_12-49-12/Record Node 102/analysis/Animal=PV_126,recNames=block_007/lizMov.mat",True,False,2,0,83.25,1
PV_126,007,PV_126_block_007,PV_126_007_1686694_R,1686693.7,1686727.0,14.253517080564777,200.0524586883123,R,monocular,1,"/Volumes/Data-1/Nimrod/experiments/PV_126/2024_07_18/block_007/oe_files/PV126_Trial16_wake3_2024-07-18_12-49-12/Record Node 102/analysis/Animal=PV_126,recNames=block_007/lizMov.mat",True,True,3,1,33.300000000046566,1
PV_126,007,PV_126_block_007,PV_126_007_1686727_R,1686727.0,1686776.95,7.6601387307276525,321.81578253697955,R,monocular,1,"/Volumes/Data-1/Nimrod/experiments/PV_126/2024_07_18/block_007/oe_files/PV126_Trial16_wake3_2024-07-18_12-49-12/Record Node 102/analysis/Animal=PV_126,recNames=block_007/lizMov.mat",True,True,2,1,99.89999999990687,1
PV_126,007,PV_126_block_007,PV_126_007_1686860_R,1686860.2,1687143.25,9.214068183817728,12.174294490946028,R,monocular,1,"/Volumes/Data-1/Nimrod/experiments/PV_126/2024_07_18/block_007/oe_files/PV126_Trial16_wake3_2024-07-18_12-49-12/Record Node 102/analysis/Animal=PV_126,recNames=block_007/lizMov.mat",True,False,0,0,66.60000000009313,1
PV_126,007,PV_126_block_007,PV_126_007_1700413_R,1700413.3,1700463.25,12.869511883766021,167.22508135625745,R,monocular,1,"/Volumes/Data-1/Nimrod/experiments/PV_126/2024_07_18/block_007/oe_files/PV126_Trial16_wake3_2024-07-18_12-49-12/Record Node 102/analysis/Animal=PV_126,recNames=block_007/lizMov.mat",True,True,5,3,33.300000000046566,1
PV_126,007,PV_126_block_007,PV_126_007_1717946_R,1717945.75,1718078.95,10.66773579501958,337.8631954709139,R,monocular,1,"/Volumes/Data-1/Nimrod/experiments/PV_126/2024_07_18/block_007/oe_files/PV126_Trial16_wake3_2024-07-18_12-49-12/Record Node 102/analysis/Animal=PV_126,recNames=block_007/lizMov.mat",True,True,2,1,49.949999999953434,1
PV_126,007,PV_126_block_007,PV_126_007_1718379_R,1718378.65,1718411.95,11.037754432576802,149.1201887425801,R,monocular,1,"/Volumes/Data-1/Nimrod/experiments/PV_126/2024_07_18/block_007/oe_files/PV126_Trial16_wake3_2024-07-18_12-49-12/Record Node 102/analysis/Animal=PV_126,recNames=block_007/lizMov.mat",True,False,0,0,16.6500000001397,1
PV_126,007,PV_126_block_007,PV_126_007_1718762_R,1718761.6,1718844.85,12.282879685797393,316.63748661251407,R,monocular,1,"/Volumes/Data-1/Nimrod/experiments/PV_126/2024_07_18/block_007/oe_files/PV126_Trial16_wake3_2024-07-18_12-49-12/Record Node 102/analysis/Animal=PV_126,recNames=block_007/lizMov.mat",True,False,2,0,66.5999999998603,1
PV_126,007,PV_126_block_007,PV_126_007_1720027_R,1720027.0,1720076.95,9.810783245701208,104.7134712223408,R,monocular,1,"/Volumes/Data-1/Nimrod/experiments/PV_126/2024_07_18/block_007/oe_files/PV126_Trial16_wake3_2024-07-18_12-49-12/Record Node 102/analysis/Animal=PV_126,recNames=block_007/lizMov.mat",True,False,2,0,33.300000000046566,1
PV_126,007,PV_126_block_007,PV_126_007_1723157_R,1723157.2,1723190.5,13.308945360758463,311.1758185140743,R,monocular,1,"/Volumes/Data-1/Nimrod/experiments/PV_126/2024_07_18/block_007/oe_files/PV126_Trial16_wake3_2024-07-18_12-49-12/Record Node 102/analysis/Animal=PV_126,recNames=block_007/lizMov.mat",True,False,1,0,16.6500000001397,1
PV_126,007,PV_126_block_007,PV_126_007_1723707_R,1723706.65,1723756.6,13.41261397959122,128.68163818590605,R,monocular,1,"/Volumes/Data-1/Nimrod/experiments/PV_126/2024_07_18/block_007/oe_files/PV126_Trial16_wake3_2024-07-18_12-49-12/Record Node 102/analysis/Animal=PV_126,recNames=block_007/lizMov.mat",True,True,4,2,49.950000000186265,1
PV_126,007,PV_126_block_007,PV_126_007_1724090_R,1724089.6,1724122.9,12.008972659298491,26.35359995962591,R,monocular,1,"/Volumes/Data-1/Nimrod/experiments/PV_126/2024_07_18/block_007/oe_files/PV126_Trial16_wake3_2024-07-18_12-49-12/Record Node 102/analysis/Animal=PV_126,recNames=block_007/lizMov.mat",True,False,2,0,33.299999999813735,1
PV_126,007,PV_126_block_007,PV_126_007_1725139_R,1725138.55,1725171.85,10.57094599545614,163.80674466853372,R,monocular,1,"/Volumes/Data-1/Nimrod/experiments/PV_126/2024_07_18/block_007/oe_files/PV126_Trial16_wake3_2024-07-18_12-49-12/Record Node 102/analysis/Animal=PV_126,recNames=block_007/lizMov.mat",True,True,3,2,33.300000000046566,1
PV_126,007,PV_126_block_007,PV_126_007_1753277_R,1753277.05,1753327.0,13.203114363454045,166.92805688598006,R,monocular,1,"/Volumes/Data-1/Nimrod/experiments/PV_126/2024_07_18/block_007/oe_files/PV126_Trial16_wake3_2024-07-18_12-49-12/Record Node 102/analysis/Animal=PV_126,recNames=block_007/lizMov.mat",True,False,2,0,33.300000000046566,1
PV_126,007,PV_126_block_007,PV_126_007_1791755_R,1791755.2,1791838.45,34.42242320496642,120.43606290109825,R,monocular,1,"/Volumes/Data-1/Nimrod/experiments/PV_126/2024_07_18/block_007/oe_files/PV126_Trial16_wake3_2024-07-18_12-49-12/Record Node 102/analysis/Animal=PV_126,recNames=block_007/lizMov.mat",True,True,2,1,66.60000000009313,1
PV_126,008,PV_126_block_008,PV_126_008_284603_L,284603.2,284668.85,9.836636524158827,123.69195796842799,L,binocular,2,"/Volumes/Data-1/Nimrod/experiments/PV_126/2024_07_18/block_008/oe_files/PV126_Trial16_wake4_2024-07-18_13-24-41/Record Node 102/analysis/recNames=block_008,Animal=PV_126/lizMov.mat",True,False,1,0,98.5,2
PV_126,008,PV_126_block_008,PV_126_008_381002_L,381001.6,381083.9,12.254741310000734,13.328451739440093,L,binocular,2,"/Volumes/Data-1/Nimrod/experiments/PV_126/2024_07_18/block_008/oe_files/PV126_Trial16_wake4_2024-07-18_13-24-41/Record Node 102/analysis/recNames=block_008,Animal=PV_126/lizMov.mat",True,False,1,0,49.5,2
PV_126,008,PV_126_block_008,PV_126_008_444604_R,444604.2,444669.85,11.767282251731492,57.98598791306042,R,binocular,2,"/Volumes/Data-1/Nimrod/experiments/PV_126/2024_07_18/block_008/oe_files/PV126_Trial16_wake4_2024-07-18_13-24-41/Record Node 102/analysis/recNames=block_008,Animal=PV_126/lizMov.mat",True,False,0,0,,2
PV_126,008,PV_126_block_008,PV_126_008_447624_L,447624.3,447771.8,15.848770090627726,320.99101512234506,L,binocular,2,"/Volumes/Data-1/Nimrod/experiments/PV_126/2024_07_18/block_008/oe_files/PV126_Trial16_wake4_2024-07-18_13-24-41/Record Node 102/analysis/recNames=block_008,Animal=PV_126/lizMov.mat",True,False,1,0,49.04999999998836,2
PV_126,008,PV_126_block_008,PV_126_008_504214_L,504214.25,504296.05,20.769861627449963,26.64029810184022,L,binocular,2,"/Volumes/Data-1/Nimrod/experiments/PV_126/2024_07_18/block_008/oe_files/PV126_Trial16_wake4_2024-07-18_13-24-41/Record Node 102/analysis/recNames=block_008,Animal=PV_126/lizMov.mat",True,False,2,0,65.65000000002328,2
PV_126,008,PV_126_block_008,PV_126_008_511304_L,511303.75,511352.75,11.061753618793562,9.653114655272947,L,binocular,2,"/Volumes/Data-1/Nimrod/experiments/PV_126/2024_07_18/block_008/oe_files/PV126_Trial16_wake4_2024-07-18_13-24-41/Record Node 102/analysis/recNames=block_008,Animal=PV_126/lizMov.mat",True,False,1,0,81.79999999998836,2
PV_126,008,PV_126_block_008,PV_126_008_513732_L,513732.45,513781.45,8.786265721442769,118.18115368921086,L,binocular,2,"/Volumes/Data-1/Nimrod/experiments/PV_126/2024_07_18/block_008/oe_files/PV126_Trial16_wake4_2024-07-18_13-24-41/Record Node 102/analysis/recNames=block_008,Animal=PV_126/lizMov.mat",True,False,1,0,16.149999999965075,2
PV_126,008,PV_126_block_008,PV_126_008_559456_R,559456.35,559522.0,10.965343510579322,92.60483154343713,R,binocular,2,"/Volumes/Data-1/Nimrod/experiments/PV_126/2024_07_18/block_008/oe_files/PV126_Trial16_wake4_2024-07-18_13-24-41/Record Node 102/analysis/recNames=block_008,Animal=PV_126/lizMov.mat",True,False,0,0,,2
PV_126,008,PV_126_block_008,PV_126_008_560736_R,560736.5,560802.2,16.34645920456991,151.54855864429527,R,binocular,2,"/Volumes/Data-1/Nimrod/experiments/PV_126/2024_07_18/block_008/oe_files/PV126_Trial16_wake4_2024-07-18_13-24-41/Record Node 102/analysis/recNames=block_008,Animal=PV_126/lizMov.mat",True,True,2,1,49.050000000046566,2
PV_126,008,PV_126_block_008,PV_126_008_562279_R,562279.15,562344.8,8.510576691619987,163.39532404295824,R,binocular,2,"/Volumes/Data-1/Nimrod/experiments/PV_126/2024_07_18/block_008/oe_files/PV126_Trial16_wake4_2024-07-18_13-24-41/Record Node 102/analysis/recNames=block_008,Animal=PV_126/lizMov.mat",True,False,1,0,32.79999999993015,2
PV_126,008,PV_126_block_008,PV_126_008_571863_R,571863.3,571912.3,15.311703069290418,230.61199738248212,R,binocular,2,"/Volumes/Data-1/Nimrod/experiments/PV_126/2024_07_18/block_008/oe_files/PV126_Trial16_wake4_2024-07-18_13-24-41/Record Node 102/analysis/recNames=block_008,Animal=PV_126/lizMov.mat",True,True,4,3,32.79999999993015,2
PV_126,008,PV_126_block_008,PV_126_008_571896_L,571896.1,571977.95,12.38470578464078,140.54356457316217,L,binocular,2,"/Volumes/Data-1/Nimrod/experiments/PV_126/2024_07_18/block_008/oe_files/PV126_Trial16_wake4_2024-07-18_13-24-41/Record Node 102/analysis/recNames=block_008,Animal=PV_126/lizMov.mat",True,True,2,1,49.0,2
PV_126,008,PV_126_block_008,PV_126_008_634052_R,634052.35,634199.75,30.454826728945008,51.89413805175533,R,binocular,2,"/Volumes/Data-1/Nimrod/experiments/PV_126/2024_07_18/block_008/oe_files/PV126_Trial16_wake4_2024-07-18_13-24-41/Record Node 102/analysis/recNames=block_008,Animal=PV_126/lizMov.mat",True,False,0,0,,2
PV_126,008,PV_126_block_008,PV_126_008_640173_R,640172.8,640205.65,8.319670630265513,149.18642268177675,R,binocular,2,"/Volumes/Data-1/Nimrod/experiments/PV_126/2024_07_18/block_008/oe_files/PV126_Trial16_wake4_2024-07-18_13-24-41/Record Node 102/analysis/recNames=block_008,Animal=PV_126/lizMov.mat",True,False,3,0,32.84999999997672,2
PV_126,008,PV_126_block_008,PV_126_008_676359_R,676358.6,676473.25,32.54458971219449,84.58830200011977,R,binocular,2,"/Volumes/Data-1/Nimrod/experiments/PV_126/2024_07_18/block_008/oe_files/PV126_Trial16_wake4_2024-07-18_13-24-41/Record Node 102/analysis/recNames=block_008,Animal=PV_126/lizMov.mat",True,False,0,0,,2
PV_126,008,PV_126_block_008,PV_126_008_680905_R,680904.75,680987.05,7.753957577084264,93.50088010071443,R,binocular,2,"/Volumes/Data-1/Nimrod/experiments/PV_126/2024_07_18/block_008/oe_files/PV126_Trial16_wake4_2024-07-18_13-24-41/Record Node 102/analysis/recNames=block_008,Animal=PV_126/lizMov.mat",True,False,1,0,98.44999999995343,2
PV_126,008,PV_126_block_008,PV_126_008_681250_R,681249.6,681331.4,19.312121046406173,299.2929565871623,R,binocular,2,"/Volumes/Data-1/Nimrod/experiments/PV_126/2024_07_18/block_008/oe_files/PV126_Trial16_wake4_2024-07-18_13-24-41/Record Node 102/analysis/recNames=block_008,Animal=PV_126/lizMov.mat",True,False,2,0,114.65000000002328,2
PV_126,008,PV_126_block_008,PV_126_008_681512_R,681512.2,681545.0,10.925124764699452,32.54689474284008,R,binocular,2,"/Volumes/Data-1/Nimrod/experiments/PV_126/2024_07_18/block_008/oe_files/PV126_Trial16_wake4_2024-07-18_13-24-41/Record Node 102/analysis/recNames=block_008,Animal=PV_126/lizMov.mat",True,False,3,0,32.800000000046566,2
PV_126,008,PV_126_block_008,PV_126_008_684811_R,684810.6,684843.4,10.603076718141258,160.49212273255978,R,binocular,2,"/Volumes/Data-1/Nimrod/experiments/PV_126/2024_07_18/block_008/oe_files/PV126_Trial16_wake4_2024-07-18_13-24-41/Record Node 102/analysis/recNames=block_008,Animal=PV_126/lizMov.mat",True,True,2,1,65.65000000002328,2
PV_126,008,PV_126_block_008,PV_126_008_692016_L,692015.55,692097.4,19.220752087306668,348.9850871534259,L,binocular,2,"/Volumes/Data-1/Nimrod/experiments/PV_126/2024_07_18/block_008/oe_files/PV126_Trial16_wake4_2024-07-18_13-24-41/Record Node 102/analysis/recNames=block_008,Animal=PV_126/lizMov.mat",True,False,3,0,81.84999999997672,2
PV_126,008,PV_126_block_008,PV_126_008_698121_L,698121.25,698203.05,8.246244605072972,77.03474313375432,L,binocular,2,"/Volumes/Data-1/Nimrod/experiments/PV_126/2024_07_18/block_008/oe_files/PV126_Trial16_wake4_2024-07-18_13-24-41/Record Node 102/analysis/recNames=block_008,Animal=PV_126/lizMov.mat",True,False,0,0,49.0,2
PV_126,008,PV_126_block_008,PV_126_008_703225_L,703225.45,703307.75,20.162562297187606,260.3697038999162,L,binocular,2,"/Volumes/Data-1/Nimrod/experiments/PV_126/2024_07_18/block_008/oe_files/PV126_Trial16_wake4_2024-07-18_13-24-41/Record Node 102/analysis/recNames=block_008,Animal=PV_126/lizMov.mat",True,False,1,0,82.30000000004657,2
PV_126,008,PV_126_block_008,PV_126_008_720442_R,720441.7,720540.2,22.46002821670782,102.0614158016204,R,binocular,2,"/Volumes/Data-1/Nimrod/experiments/PV_126/2024_07_18/block_008/oe_files/PV126_Trial16_wake4_2024-07-18_13-24-41/Record Node 102/analysis/recNames=block_008,Animal=PV_126/lizMov.mat",True,False,0,0,,2
PV_126,008,PV_126_block_008,PV_126_008_739448_R,739448.5,739514.1,8.024461733048723,29.65312100296207,R,binocular,2,"/Volumes/Data-1/Nimrod/experiments/PV_126/2024_07_18/block_008/oe_files/PV126_Trial16_wake4_2024-07-18_13-24-41/Record Node 102/analysis/recNames=block_008,Animal=PV_126/lizMov.mat",True,False,1,0,48.949999999953434,2
PV_126,008,PV_126_block_008,PV_126_008_740220_R,740219.55,740301.85,7.630859728003787,86.1644527047814,R,binocular,2,"/Volumes/Data-1/Nimrod/experiments/PV_126/2024_07_18/block_008/oe_files/PV126_Trial16_wake4_2024-07-18_13-24-41/Record Node 102/analysis/recNames=block_008,Animal=PV_126/lizMov.mat",True,False,0,0,,2
PV_126,008,PV_126_block_008,PV_126_008_751938_L,751937.5,751970.3,10.727209109548657,304.3978575132959,L,binocular,2,"/Volumes/Data-1/Nimrod/experiments/PV_126/2024_07_18/block_008/oe_files/PV126_Trial16_wake4_2024-07-18_13-24-41/Record Node 102/analysis/recNames=block_008,Animal=PV_126/lizMov.mat",True,True,4,2,16.650000000023283,2
PV_126,008,PV_126_block_008,PV_126_008_772352_R,772352.25,772533.0,12.640580911912286,328.1298157394368,R,binocular,2,"/Volumes/Data-1/Nimrod/experiments/PV_126/2024_07_18/block_008/oe_files/PV126_Trial16_wake4_2024-07-18_13-24-41/Record Node 102/analysis/recNames=block_008,Animal=PV_126/lizMov.mat",True,False,0,0,,2
PV_126,008,PV_126_block_008,PV_126_008_775568_R,775568.35,775634.0,11.500856695795841,82.0469265159403,R,binocular,2,"/Volumes/Data-1/Nimrod/experiments/PV_126/2024_07_18/block_008/oe_files/PV126_Trial16_wake4_2024-07-18_13-24-41/Record Node 102/analysis/recNames=block_008,Animal=PV_126/lizMov.mat",True,True,2,1,65.65000000002328,2
PV_126,008,PV_126_block_008,PV_126_008_784858_R,784857.5,785005.4,32.129413792497665,249.51761824090158,R,binocular,2,"/Volumes/Data-1/Nimrod/experiments/PV_126/2024_07_18/block_008/oe_files/PV126_Trial16_wake4_2024-07-18_13-24-41/Record Node 102/analysis/recNames=block_008,Animal=PV_126/lizMov.mat",True,False,0,0,,2
PV_126,008,PV_126_block_008,PV_126_008_789108_R,789107.95,789272.0,37.66740224861443,90.84255734665842,R,binocular,2,"/Volumes/Data-1/Nimrod/experiments/PV_126/2024_07_18/block_008/oe_files/PV126_Trial16_wake4_2024-07-18_13-24-41/Record Node 102/analysis/recNames=block_008,Animal=PV_126/lizMov.mat",True,False,1,0,98.45000000006985,2
PV_126,008,PV_126_block_008,PV_126_008_832006_R,832006.4,832121.05,7.349942739373549,298.1847895259371,R,binocular,2,"/Volumes/Data-1/Nimrod/experiments/PV_126/2024_07_18/block_008/oe_files/PV126_Trial16_wake4_2024-07-18_13-24-41/Record Node 102/analysis/recNames=block_008,Animal=PV_126/lizMov.mat",True,False,0,0,,2
PV_126,008,PV_126_block_008,PV_126_008_842526_R,842526.2,842559.0,8.724792325474791,190.74090588005538,R,binocular,2,"/Volumes/Data-1/Nimrod/experiments/PV_126/2024_07_18/block_008/oe_files/PV126_Trial16_wake4_2024-07-18_13-24-41/Record Node 102/analysis/recNames=block_008,Animal=PV_126/lizMov.mat",True,False,1,0,32.800000000046566,2
PV_126,008,PV_126_block_008,PV_126_008_844086_L,844085.7,844184.2,14.959090785045188,358.7924415104982,L,binocular,2,"/Volumes/Data-1/Nimrod/experiments/PV_126/2024_07_18/block_008/oe_files/PV126_Trial16_wake4_2024-07-18_13-24-41/Record Node 102/analysis/recNames=block_008,Animal=PV_126/lizMov.mat",True,False,2,0,114.65000000002328,2
PV_126,008,PV_126_block_008,PV_126_008_874385_R,874384.85,874532.25,20.75979120629893,119.14048552042351,R,binocular,2,"/Volumes/Data-1/Nimrod/experiments/PV_126/2024_07_18/block_008/oe_files/PV126_Trial16_wake4_2024-07-18_13-24-41/Record Node 102/analysis/recNames=block_008,Animal=PV_126/lizMov.mat",True,False,1,0,98.45000000006985,2
PV_126,008,PV_126_block_008,PV_126_008_887973_R,887973.25,888087.85,7.123795137836962,31.137485269286433,R,binocular,2,"/Volumes/Data-1/Nimrod/experiments/PV_126/2024_07_18/block_008/oe_files/PV126_Trial16_wake4_2024-07-18_13-24-41/Record Node 102/analysis/recNames=block_008,Animal=PV_126/lizMov.mat",True,False,0,0,,2
PV_126,008,PV_126_block_008,PV_126_008_908590_R,908589.5,908704.15,17.993936376858713,116.53435699057722,R,binocular,2,"/Volumes/Data-1/Nimrod/experiments/PV_126/2024_07_18/block_008/oe_files/PV126_Trial16_wake4_2024-07-18_13-24-41/Record Node 102/analysis/recNames=block_008,Animal=PV_126/lizMov.mat",True,False,1,0,49.0,2
PV_126,008,PV_126_block_008,PV_126_008_937314_L,937314.15,937379.8,7.040578860753799,329.1376770246792,L,binocular,2,"/Volumes/Data-1/Nimrod/experiments/PV_126/2024_07_18/block_008/oe_files/PV126_Trial16_wake4_2024-07-18_13-24-41/Record Node 102/analysis/recNames=block_008,Animal=PV_126/lizMov.mat",True,False,0,0,,2
PV_126,008,PV_126_block_008,PV_126_008_979084_L,979083.75,979182.2,12.594235068820774,59.8660747107441,L,binocular,2,"/Volumes/Data-1/Nimrod/experiments/PV_126/2024_07_18/block_008/oe_files/PV126_Trial16_wake4_2024-07-18_13-24-41/Record Node 102/analysis/recNames=block_008,Animal=PV_126/lizMov.mat",True,False,0,0,,2
PV_126,008,PV_126_block_008,PV_126_008_994282_L,994282.35,994364.7,7.399095049858404,311.94884665033845,L,binocular,2,"/Volumes/Data-1/Nimrod/experiments/PV_126/2024_07_18/block_008/oe_files/PV126_Trial16_wake4_2024-07-18_13-24-41/Record Node 102/analysis/recNames=block_008,Animal=PV_126/lizMov.mat",True,False,0,0,,2
PV_126,008,PV_126_block_008,PV_126_008_1014733_L,1014733.0,1014798.6,17.11274494724075,95.04291807147614,L,binocular,2,"/Volumes/Data-1/Nimrod/experiments/PV_126/2024_07_18/block_008/oe_files/PV126_Trial16_wake4_2024-07-18_13-24-41/Record Node 102/analysis/recNames=block_008,Animal=PV_126/lizMov.mat",True,False,1,0,49.449999999953434,2
PV_126,008,PV_126_block_008,PV_126_008_1024645_L,1024644.7,1024710.35,7.452278897768083,13.95808915083469,L,binocular,2,"/Volumes/Data-1/Nimrod/experiments/PV_126/2024_07_18/block_008/oe_files/PV126_Trial16_wake4_2024-07-18_13-24-41/Record Node 102/analysis/recNames=block_008,Animal=PV_126/lizMov.mat",True,False,1,0,82.30000000004657,2
PV_126,008,PV_126_block_008,PV_126_008_1099931_L,1099930.6,1099979.6,12.026352678375607,351.9466421924523,L,binocular,2,"/Volumes/Data-1/Nimrod/experiments/PV_126/2024_07_18/block_008/oe_files/PV126_Trial16_wake4_2024-07-18_13-24-41/Record Node 102/analysis/recNames=block_008,Animal=PV_126/lizMov.mat",True,False,1,0,49.0,2
PV_126,008,PV_126_block_008,PV_126_008_1173678_L,1173678.15,1173809.45,24.46148715624865,63.30960953811182,L,binocular,2,"/Volumes/Data-1/Nimrod/experiments/PV_126/2024_07_18/block_008/oe_files/PV126_Trial16_wake4_2024-07-18_13-24-41/Record Node 102/analysis/recNames=block_008,Animal=PV_126/lizMov.mat",True,False,0,0,,2
PV_126,008,PV_126_block_008,PV_126_008_1211872_R,1211871.7,1211920.7,12.047171442157223,190.87682749714793,R,binocular,2,"/Volumes/Data-1/Nimrod/experiments/PV_126/2024_07_18/block_008/oe_files/PV126_Trial16_wake4_2024-07-18_13-24-41/Record Node 102/analysis/recNames=block_008,Animal=PV_126/lizMov.mat",True,False,2,0,65.6500000001397,2
PV_126,008,PV_126_block_008,PV_126_008_1211937_R,1211937.35,1212019.2,10.295861616824734,18.731963240655574,R,binocular,2,"/Volumes/Data-1/Nimrod/experiments/PV_126/2024_07_18/block_008/oe_files/PV126_Trial16_wake4_2024-07-18_13-24-41/Record Node 102/analysis/recNames=block_008,Animal=PV_126/lizMov.mat",True,False,0,0,,2
PV_126,008,PV_126_block_008,PV_126_008_1215844_R,1215843.85,1215975.15,15.208528156268528,159.44147044874043,R,binocular,2,"/Volumes/Data-1/Nimrod/experiments/PV_126/2024_07_18/block_008/oe_files/PV126_Trial16_wake4_2024-07-18_13-24-41/Record Node 102/analysis/recNames=block_008,Animal=PV_126/lizMov.mat",True,False,1,0,32.799999999813735,2
PV_126,008,PV_126_block_008,PV_126_008_1222869_R,1222869.15,1222951.0,10.49210712190404,227.18120508375569,R,binocular,2,"/Volumes/Data-1/Nimrod/experiments/PV_126/2024_07_18/block_008/oe_files/PV126_Trial16_wake4_2024-07-18_13-24-41/Record Node 102/analysis/recNames=block_008,Animal=PV_126/lizMov.mat",True,False,0,0,65.6500000001397,2
PV_126,008,PV_126_block_008,PV_126_008_1224461_R,1224461.25,1224576.45,16.360452362932897,155.65278467563763,R,binocular,2,"/Volumes/Data-1/Nimrod/experiments/PV_126/2024_07_18/block_008/oe_files/PV126_Trial16_wake4_2024-07-18_13-24-41/Record Node 102/analysis/recNames=block_008,Animal=PV_126/lizMov.mat",True,False,0,0,32.85000000009313,2
PV_126,008,PV_126_block_008,PV_126_008_1231552_R,1231552.2,1231617.85,14.400576049077879,161.3498737375436,R,binocular,2,"/Volumes/Data-1/Nimrod/experiments/PV_126/2024_07_18/block_008/oe_files/PV126_Trial16_wake4_2024-07-18_13-24-41/Record Node 102/analysis/recNames=block_008,Animal=PV_126/lizMov.mat",True,False,2,0,49.5,2
PV_126,008,PV_126_block_008,PV_126_008_1236608_L,1236607.75,1236657.2,12.696584259915198,324.3822687420806,L,binocular,2,"/Volumes/Data-1/Nimrod/experiments/PV_126/2024_07_18/block_008/oe_files/PV126_Trial16_wake4_2024-07-18_13-24-41/Record Node 102/analysis/recNames=block_008,Animal=PV_126/lizMov.mat",True,True,3,2,49.449999999953434,2
PV_126,008,PV_126_block_008,PV_126_008_1236657_L,1236657.2,1236739.05,9.204449965323713,139.20920878672666,L,binocular,2,"/Volumes/Data-1/Nimrod/experiments/PV_126/2024_07_18/block_008/oe_files/PV126_Trial16_wake4_2024-07-18_13-24-41/Record Node 102/analysis/recNames=block_008,Animal=PV_126/lizMov.mat",True,False,1,0,32.85000000009313,2
PV_126,008,PV_126_block_008,PV_126_008_1240695_R,1240694.95,1240793.45,9.383889419778072,31.89144338719865,R,binocular,2,"/Volumes/Data-1/Nimrod/experiments/PV_126/2024_07_18/block_008/oe_files/PV126_Trial16_wake4_2024-07-18_13-24-41/Record Node 102/analysis/recNames=block_008,Animal=PV_126/lizMov.mat",True,False,1,0,65.69999999995343,2
PV_126,008,PV_126_block_008,PV_126_008_1248902_L,1248902.35,1248984.2,17.20359592491918,68.49958281535463,L,binocular,2,"/Volumes/Data-1/Nimrod/experiments/PV_126/2024_07_18/block_008/oe_files/PV126_Trial16_wake4_2024-07-18_13-24-41/Record Node 102/analysis/recNames=block_008,Animal=PV_126/lizMov.mat",True,True,2,1,81.8499999998603,2
PV_126,008,PV_126_block_008,PV_126_008_1249132_L,1249132.15,1249213.95,13.373871245258734,223.29994190086742,L,binocular,2,"/Volumes/Data-1/Nimrod/experiments/PV_126/2024_07_18/block_008/oe_files/PV126_Trial16_wake4_2024-07-18_13-24-41/Record Node 102/analysis/recNames=block_008,Animal=PV_126/lizMov.mat",True,False,1,0,32.85000000009313,2
PV_126,008,PV_126_block_008,PV_126_008_1250790_R,1250789.75,1250822.6,8.975467001312166,22.67235537432906,R,binocular,2,"/Volumes/Data-1/Nimrod/experiments/PV_126/2024_07_18/block_008/oe_files/PV126_Trial16_wake4_2024-07-18_13-24-41/Record Node 102/analysis/recNames=block_008,Animal=PV_126/lizMov.mat",True,True,3,1,32.85000000009313,2
PV_126,008,PV_126_block_008,PV_126_008_1250921_R,1250921.1,1251036.25,9.796480083066433,206.00560258704166,R,binocular,2,"/Volumes/Data-1/Nimrod/experiments/PV_126/2024_07_18/block_008/oe_files/PV126_Trial16_wake4_2024-07-18_13-24-41/Record Node 102/analysis/recNames=block_008,Animal=PV_126/lizMov.mat",True,False,0,0,,2
PV_126,008,PV_126_block_008,PV_126_008_1251184_R,1251183.7,1251233.2,10.223914378276572,35.08324755434302,R,binocular,2,"/Volumes/Data-1/Nimrod/experiments/PV_126/2024_07_18/block_008/oe_files/PV126_Trial16_wake4_2024-07-18_13-24-41/Record Node 102/analysis/recNames=block_008,Animal=PV_126/lizMov.mat",True,False,2,0,49.5,2
PV_126,008,PV_126_block_008,PV_126_008_1252514_R,1252513.6,1252546.4,11.758489472152919,170.09438611267694,R,binocular,2,"/Volumes/Data-1/Nimrod/experiments/PV_126/2024_07_18/block_008/oe_files/PV126_Trial16_wake4_2024-07-18_13-24-41/Record Node 102/analysis/recNames=block_008,Animal=PV_126/lizMov.mat",True,False,3,0,32.799999999813735,2
PV_126,008,PV_126_block_008,PV_126_008_1252579_L,1252579.2,1252677.7,12.6592251759167,116.44534519844942,L,binocular,2,"/Volumes/Data-1/Nimrod/experiments/PV_126/2024_07_18/block_008/oe_files/PV126_Trial16_wake4_2024-07-18_13-24-41/Record Node 102/analysis/recNames=block_008,Animal=PV_126/lizMov.mat",True,True,3,1,49.050000000046566,2
PV_126,008,PV_126_block_008,PV_126_008_1252678_R,1252677.7,1252743.35,7.313657166489301,17.734134877160436,R,binocular,2,"/Volumes/Data-1/Nimrod/experiments/PV_126/2024_07_18/block_008/oe_files/PV126_Trial16_wake4_2024-07-18_13-24-41/Record Node 102/analysis/recNames=block_008,Animal=PV_126/lizMov.mat",True,False,0,0,,2
PV_126,008,PV_126_block_008,PV_126_008_1254680_R,1254680.4,1254746.05,11.695943956226113,166.13793804385344,R,binocular,2,"/Volumes/Data-1/Nimrod/experiments/PV_126/2024_07_18/block_008/oe_files/PV126_Trial16_wake4_2024-07-18_13-24-41/Record Node 102/analysis/recNames=block_008,Animal=PV_126/lizMov.mat",True,True,5,1,49.0,2
PV_126,008,PV_126_block_008,PV_126_008_1259769_R,1259768.7,1259949.05,10.260279989162678,342.7043366357544,R,binocular,2,"/Volumes/Data-1/Nimrod/experiments/PV_126/2024_07_18/block_008/oe_files/PV126_Trial16_wake4_2024-07-18_13-24-41/Record Node 102/analysis/recNames=block_008,Animal=PV_126/lizMov.mat",True,False,2,0,16.199999999953434,2
PV_126,008,PV_126_block_008,PV_126_008_1262346_R,1262345.65,1262493.6,9.77953420791608,53.83095357584047,R,binocular,2,"/Volumes/Data-1/Nimrod/experiments/PV_126/2024_07_18/block_008/oe_files/PV126_Trial16_wake4_2024-07-18_13-24-41/Record Node 102/analysis/recNames=block_008,Animal=PV_126/lizMov.mat",True,False,1,0,147.95000000018626,2
PV_126,008,PV_126_block_008,PV_126_008_1271537_R,1271536.9,1271619.2,16.99356424713205,137.0836648670516,R,binocular,2,"/Volumes/Data-1/Nimrod/experiments/PV_126/2024_07_18/block_008/oe_files/PV126_Trial16_wake4_2024-07-18_13-24-41/Record Node 102/analysis/recNames=block_008,Animal=PV_126/lizMov.mat",True,False,1,0,115.1500000001397,2
PV_126,008,PV_126_block_008,PV_126_008_1279644_L,1279644.0,1279742.45,25.2617737456528,78.30905274826311,L,binocular,2,"/Volumes/Data-1/Nimrod/experiments/PV_126/2024_07_18/block_008/oe_files/PV126_Trial16_wake4_2024-07-18_13-24-41/Record Node 102/analysis/recNames=block_008,Animal=PV_126/lizMov.mat",True,True,2,1,147.89999999990687,2
PV_126,008,PV_126_block_008,PV_126_008_1281006_R,1281006.3,1281104.8,10.362363790178122,311.80293885552874,R,binocular,2,"/Volumes/Data-1/Nimrod/experiments/PV_126/2024_07_18/block_008/oe_files/PV126_Trial16_wake4_2024-07-18_13-24-41/Record Node 102/analysis/recNames=block_008,Animal=PV_126/lizMov.mat",True,False,0,0,,2
PV_126,008,PV_126_block_008,PV_126_008_1291723_L,1291723.1,1291821.6,19.691689921296664,244.9675433969651,L,binocular,2,"/Volumes/Data-1/Nimrod/experiments/PV_126/2024_07_18/block_008/oe_files/PV126_Trial16_wake4_2024-07-18_13-24-41/Record Node 102/analysis/recNames=block_008,Animal=PV_126/lizMov.mat",True,False,0,0,,2
PV_126,008,PV_126_block_008,PV_126_008_1296056_R,1296055.85,1296154.35,7.220978156574306,140.2228358999589,R,binocular,2,"/Volumes/Data-1/Nimrod/experiments/PV_126/2024_07_18/block_008/oe_files/PV126_Trial16_wake4_2024-07-18_13-24-41/Record Node 102/analysis/recNames=block_008,Animal=PV_126/lizMov.mat",True,False,0,0,,2
PV_126,008,PV_126_block_008,PV_126_008_1296302_R,1296302.3,1296400.75,7.95212993619807,344.5505802291839,R,binocular,2,"/Volumes/Data-1/Nimrod/experiments/PV_126/2024_07_18/block_008/oe_files/PV126_Trial16_wake4_2024-07-18_13-24-41/Record Node 102/analysis/recNames=block_008,Animal=PV_126/lizMov.mat",True,False,3,0,114.64999999990687,2
PV_126,008,PV_126_block_008,PV_126_008_1298731_L,1298731.05,1298780.1,13.569765615490995,120.9964231364809,L,binocular,2,"/Volumes/Data-1/Nimrod/experiments/PV_126/2024_07_18/block_008/oe_files/PV126_Trial16_wake4_2024-07-18_13-24-41/Record Node 102/analysis/recNames=block_008,Animal=PV_126/lizMov.mat",True,False,4,0,32.8499999998603,2
PV_126,008,PV_126_block_008,PV_126_008_1299962_L,1299961.75,1300027.4,34.58043188429314,81.01317144880738,L,binocular,2,"/Volumes/Data-1/Nimrod/experiments/PV_126/2024_07_18/block_008/oe_files/PV126_Trial16_wake4_2024-07-18_13-24-41/Record Node 102/analysis/recNames=block_008,Animal=PV_126/lizMov.mat",True,True,4,2,49.449999999953434,2
PV_126,008,PV_126_block_008,PV_126_008_1300651_L,1300651.0,1300683.85,9.6059379812462,263.3167837833718,L,binocular,2,"/Volumes/Data-1/Nimrod/experiments/PV_126/2024_07_18/block_008/oe_files/PV126_Trial16_wake4_2024-07-18_13-24-41/Record Node 102/analysis/recNames=block_008,Animal=PV_126/lizMov.mat",True,False,4,0,32.85000000009313,2
PV_126,008,PV_126_block_008,PV_126_008_1304377_R,1304376.85,1304458.65,11.83412838867907,138.49955089665107,R,binocular,2,"/Volumes/Data-1/Nimrod/experiments/PV_126/2024_07_18/block_008/oe_files/PV126_Trial16_wake4_2024-07-18_13-24-41/Record Node 102/analysis/recNames=block_008,Animal=PV_126/lizMov.mat",True,False,2,0,65.64999999990687,2
PV_126,008,PV_126_block_008,PV_126_008_1374840_L,1374840.45,1374922.75,35.90837520083447,66.14864023318283,L,binocular,2,"/Volumes/Data-1/Nimrod/experiments/PV_126/2024_07_18/block_008/oe_files/PV126_Trial16_wake4_2024-07-18_13-24-41/Record Node 102/analysis/recNames=block_008,Animal=PV_126/lizMov.mat",True,False,0,0,,2
PV_126,008,PV_126_block_008,PV_126_008_1377778_L,1377778.35,1377860.15,12.53859285368346,83.46709217980454,L,binocular,2,"/Volumes/Data-1/Nimrod/experiments/PV_126/2024_07_18/block_008/oe_files/PV126_Trial16_wake4_2024-07-18_13-24-41/Record Node 102/analysis/recNames=block_008,Animal=PV_126/lizMov.mat",True,False,0,0,,2
PV_126,008,PV_126_block_008,PV_126_008_284554_L,284554.2,284603.2,14.536991544632503,310.4804553849384,L,monocular,1,"/Volumes/Data-1/Nimrod/experiments/PV_126/2024_07_18/block_008/oe_files/PV126_Trial16_wake4_2024-07-18_13-24-41/Record Node 102/analysis/recNames=block_008,Animal=PV_126/lizMov.mat",True,True,3,1,49.0,1
PV_126,008,PV_126_block_008,PV_126_008_447673_L,447673.35,447788.45,14.637388237498511,175.33031368738574,L,monocular,1,"/Volumes/Data-1/Nimrod/experiments/PV_126/2024_07_18/block_008/oe_files/PV126_Trial16_wake4_2024-07-18_13-24-41/Record Node 102/analysis/recNames=block_008,Animal=PV_126/lizMov.mat",True,False,0,0,,1
PV_126,008,PV_126_block_008,PV_126_008_703915_L,703914.8,703980.45,10.62151473691071,98.41832580062712,L,monocular,1,"/Volumes/Data-1/Nimrod/experiments/PV_126/2024_07_18/block_008/oe_files/PV126_Trial16_wake4_2024-07-18_13-24-41/Record Node 102/analysis/recNames=block_008,Animal=PV_126/lizMov.mat",True,False,0,0,,1
PV_126,008,PV_126_block_008,PV_126_008_751970_L,751970.3,752052.6,9.347305484244815,124.81915929574717,L,monocular,1,"/Volumes/Data-1/Nimrod/experiments/PV_126/2024_07_18/block_008/oe_files/PV126_Trial16_wake4_2024-07-18_13-24-41/Record Node 102/analysis/recNames=block_008,Animal=PV_126/lizMov.mat",True,False,1,0,32.79999999993015,1
PV_126,008,PV_126_block_008,PV_126_008_1215877_L,1215876.65,1215991.3,15.661561766396348,159.39816747628817,L,monocular,1,"/Volumes/Data-1/Nimrod/experiments/PV_126/2024_07_18/block_008/oe_files/PV126_Trial16_wake4_2024-07-18_13-24-41/Record Node 102/analysis/recNames=block_008,Animal=PV_126/lizMov.mat",True,False,2,0,98.5,1
PV_126,008,PV_126_block_008,PV_126_008_1224494_L,1224494.1,1224609.25,16.456398373660537,152.74652210059762,L,monocular,1,"/Volumes/Data-1/Nimrod/experiments/PV_126/2024_07_18/block_008/oe_files/PV126_Trial16_wake4_2024-07-18_13-24-41/Record Node 102/analysis/recNames=block_008,Animal=PV_126/lizMov.mat",True,False,0,0,,1
PV_126,008,PV_126_block_008,PV_126_008_1244700_L,1244700.15,1244749.1,15.389907709450187,292.33960124408856,L,monocular,1,"/Volumes/Data-1/Nimrod/experiments/PV_126/2024_07_18/block_008/oe_files/PV126_Trial16_wake4_2024-07-18_13-24-41/Record Node 102/analysis/recNames=block_008,Animal=PV_126/lizMov.mat",True,False,2,0,48.950000000186265,1
PV_126,008,PV_126_block_008,PV_126_008_1252546_L,1252546.4,1252579.2,11.555866651019505,306.73042540987694,L,monocular,1,"/Volumes/Data-1/Nimrod/experiments/PV_126/2024_07_18/block_008/oe_files/PV126_Trial16_wake4_2024-07-18_13-24-41/Record Node 102/analysis/recNames=block_008,Animal=PV_126/lizMov.mat",True,True,3,1,32.800000000046566,1
PV_126,008,PV_126_block_008,PV_126_008_1299568_L,1299567.85,1299633.5,18.843633618417883,236.50688131618475,L,monocular,1,"/Volumes/Data-1/Nimrod/experiments/PV_126/2024_07_18/block_008/oe_files/PV126_Trial16_wake4_2024-07-18_13-24-41/Record Node 102/analysis/recNames=block_008,Animal=PV_126/lizMov.mat",True,True,2,1,98.44999999995343,1
PV_126,008,PV_126_block_008,PV_126_008_1299749_L,1299748.65,1299961.75,10.390541835317473,180.7277735669504,L,monocular,1,"/Volumes/Data-1/Nimrod/experiments/PV_126/2024_07_18/block_008/oe_files/PV126_Trial16_wake4_2024-07-18_13-24-41/Record Node 102/analysis/recNames=block_008,Animal=PV_126/lizMov.mat",True,False,1,0,98.45000000018626,1
PV_126,008,PV_126_block_008,PV_126_008_1300093_L,1300093.0,1300109.65,9.440984422619705,217.78259019039933,L,monocular,1,"/Volumes/Data-1/Nimrod/experiments/PV_126/2024_07_18/block_008/oe_files/PV126_Trial16_wake4_2024-07-18_13-24-41/Record Node 102/analysis/recNames=block_008,Animal=PV_126/lizMov.mat",True,False,1,0,16.649999999906868,1
PV_126,008,PV_126_block_008,PV_126_008_1300684_L,1300683.85,1300733.3,7.036177728046773,202.44981118616676,L,monocular,1,"/Volumes/Data-1/Nimrod/experiments/PV_126/2024_07_18/block_008/oe_files/PV126_Trial16_wake4_2024-07-18_13-24-41/Record Node 102/analysis/recNames=block_008,Animal=PV_126/lizMov.mat",True,True,5,3,49.449999999953434,1
PV_126,008,PV_126_block_008,PV_126_008_1301554_L,1301553.8,1301668.4,32.75546706447726,171.5636565498952,L,monocular,1,"/Volumes/Data-1/Nimrod/experiments/PV_126/2024_07_18/block_008/oe_files/PV126_Trial16_wake4_2024-07-18_13-24-41/Record Node 102/analysis/recNames=block_008,Animal=PV_126/lizMov.mat",True,True,2,1,114.5999999998603,1
PV_126,008,PV_126_block_008,PV_126_008_1301685_L,1301685.05,1301766.9,16.254431505908915,237.14297838818516,L,monocular,1,"/Volumes/Data-1/Nimrod/experiments/PV_126/2024_07_18/block_008/oe_files/PV126_Trial16_wake4_2024-07-18_13-24-41/Record Node 102/analysis/recNames=block_008,Animal=PV_126/lizMov.mat",True,False,1,0,131.30000000004657,1
PV_126,008,PV_126_block_008,PV_126_008_1302670_L,1302669.75,1302718.75,8.12393629548448,329.10367158238785,L,monocular,1,"/Volumes/Data-1/Nimrod/experiments/PV_126/2024_07_18/block_008/oe_files/PV126_Trial16_wake4_2024-07-18_13-24-41/Record Node 102/analysis/recNames=block_008,Animal=PV_126/lizMov.mat",True,True,3,1,49.0,1
PV_126,008,PV_126_block_008,PV_126_008_1374791_L,1374791.45,1374857.1,7.161245989758656,265.98737661818143,L,monocular,1,"/Volumes/Data-1/Nimrod/experiments/PV_126/2024_07_18/block_008/oe_files/PV126_Trial16_wake4_2024-07-18_13-24-41/Record Node 102/analysis/recNames=block_008,Animal=PV_126/lizMov.mat",True,False,1,0,49.0,1
PV_126,008,PV_126_block_008,PV_126_008_639713_R,639713.4,639795.65,8.01628325989152,184.38766672696727,R,monocular,1,"/Volumes/Data-1/Nimrod/experiments/PV_126/2024_07_18/block_008/oe_files/PV126_Trial16_wake4_2024-07-18_13-24-41/Record Node 102/analysis/recNames=block_008,Animal=PV_126/lizMov.mat",True,False,1,0,147.90000000002328,1
PV_126,008,PV_126_block_008,PV_126_008_698170_R,698170.25,698268.75,12.431233517623642,8.052741197676145,R,monocular,1,"/Volumes/Data-1/Nimrod/experiments/PV_126/2024_07_18/block_008/oe_files/PV126_Trial16_wake4_2024-07-18_13-24-41/Record Node 102/analysis/recNames=block_008,Animal=PV_126/lizMov.mat",True,False,0,0,,1
PV_126,008,PV_126_block_008,PV_126_008_723544_R,723543.55,723674.9,16.465608443889366,271.25548063410986,R,monocular,1,"/Volumes/Data-1/Nimrod/experiments/PV_126/2024_07_18/block_008/oe_files/PV126_Trial16_wake4_2024-07-18_13-24-41/Record Node 102/analysis/recNames=block_008,Animal=PV_126/lizMov.mat",True,False,0,0,,1
PV_126,008,PV_126_block_008,PV_126_008_794966_R,794966.35,795081.5,35.12254145305419,257.8986480027213,R,monocular,1,"/Volumes/Data-1/Nimrod/experiments/PV_126/2024_07_18/block_008/oe_files/PV126_Trial16_wake4_2024-07-18_13-24-41/Record Node 102/analysis/recNames=block_008,Animal=PV_126/lizMov.mat",True,False,1,0,147.95000000006985,1
PV_126,008,PV_126_block_008,PV_126_008_877568_R,877568.4,877683.05,21.12218592721202,281.5869759996804,R,monocular,1,"/Volumes/Data-1/Nimrod/experiments/PV_126/2024_07_18/block_008/oe_files/PV126_Trial16_wake4_2024-07-18_13-24-41/Record Node 102/analysis/recNames=block_008,Animal=PV_126/lizMov.mat",True,False,1,0,49.04999999993015,1
PV_126,008,PV_126_block_008,PV_126_008_910526_R,910526.5,910624.95,11.245782830821069,270.3223863588087,R,monocular,1,"/Volumes/Data-1/Nimrod/experiments/PV_126/2024_07_18/block_008/oe_files/PV126_Trial16_wake4_2024-07-18_13-24-41/Record Node 102/analysis/recNames=block_008,Animal=PV_126/lizMov.mat",True,False,0,0,,1
PV_126,008,PV_126_block_008,PV_126_008_934508_R,934507.55,934589.85,7.1285847511539036,121.80362056291015,R,monocular,1,"/Volumes/Data-1/Nimrod/experiments/PV_126/2024_07_18/block_008/oe_files/PV126_Trial16_wake4_2024-07-18_13-24-41/Record Node 102/analysis/recNames=block_008,Animal=PV_126/lizMov.mat",True,False,0,0,,1
PV_126,008,PV_126_block_008,PV_126_008_935148_R,935147.85,935196.85,9.71878711492867,31.49036173405626,R,monocular,1,"/Volumes/Data-1/Nimrod/experiments/PV_126/2024_07_18/block_008/oe_files/PV126_Trial16_wake4_2024-07-18_13-24-41/Record Node 102/analysis/recNames=block_008,Animal=PV_126/lizMov.mat",True,False,3,0,49.0,1
PV_126,008,PV_126_block_008,PV_126_008_1222935_R,1222934.8,1223016.65,11.081649871137893,2.7457299687902252,R,monocular,1,"/Volumes/Data-1/Nimrod/experiments/PV_126/2024_07_18/block_008/oe_files/PV126_Trial16_wake4_2024-07-18_13-24-41/Record Node 102/analysis/recNames=block_008,Animal=PV_126/lizMov.mat",True,False,0,0,,1
PV_126,008,PV_126_block_008,PV_126_008_1250823_R,1250822.6,1250888.25,8.800135874925015,205.83337996074644,R,monocular,1,"/Volumes/Data-1/Nimrod/experiments/PV_126/2024_07_18/block_008/oe_files/PV126_Trial16_wake4_2024-07-18_13-24-41/Record Node 102/analysis/recNames=block_008,Animal=PV_126/lizMov.mat",True,True,3,2,32.8499999998603,1
PV_126,008,PV_126_block_008,PV_126_008_1259752_R,1259752.05,1259784.9,8.067409029361809,149.4266529646424,R,monocular,1,"/Volumes/Data-1/Nimrod/experiments/PV_126/2024_07_18/block_008/oe_files/PV126_Trial16_wake4_2024-07-18_13-24-41/Record Node 102/analysis/recNames=block_008,Animal=PV_126/lizMov.mat",True,True,3,1,16.649999999906868,1
PV_126,008,PV_126_block_008,PV_126_008_1297254_R,1297254.1,1297303.15,7.74806621837722,204.5601999852163,R,monocular,1,"/Volumes/Data-1/Nimrod/experiments/PV_126/2024_07_18/block_008/oe_files/PV126_Trial16_wake4_2024-07-18_13-24-41/Record Node 102/analysis/recNames=block_008,Animal=PV_126/lizMov.mat",True,False,1,0,49.049999999813735,1
PV_126,008,PV_126_block_008,PV_126_008_1303605_R,1303605.2,1303687.5,14.303986572374479,56.37873451693704,R,monocular,1,"/Volumes/Data-1/Nimrod/experiments/PV_126/2024_07_18/block_008/oe_files/PV126_Trial16_wake4_2024-07-18_13-24-41/Record Node 102/analysis/recNames=block_008,Animal=PV_126/lizMov.mat",True,False,1,0,65.6500000001397,1
PV_126,008,PV_126_block_008,PV_126_008_1315751_R,1315751.25,1315833.55,10.620354714764485,147.71622182782457,R,monocular,1,"/Volumes/Data-1/Nimrod/experiments/PV_126/2024_07_18/block_008/oe_files/PV126_Trial16_wake4_2024-07-18_13-24-41/Record Node 102/analysis/recNames=block_008,Animal=PV_126/lizMov.mat",True,False,0,0,,1
PV_126,008,PV_126_block_008,PV_126_008_1375382_R,1375382.25,1375513.55,9.885493216961004,181.68143312275868,R,monocular,1,"/Volumes/Data-1/Nimrod/experiments/PV_126/2024_07_18/block_008/oe_files/PV126_Trial16_wake4_2024-07-18_13-24-41/Record Node 102/analysis/recNames=block_008,Animal=PV_126/lizMov.mat",True,False,1,0,131.30000000004657,1
PV_126,008,PV_126_block_008,PV_126_008_1377155_R,1377154.75,1377286.0,10.189108980542738,262.9321364672436,R,monocular,1,"/Volumes/Data-1/Nimrod/experiments/PV_126/2024_07_18/block_008/oe_files/PV126_Trial16_wake4_2024-07-18_13-24-41/Record Node 102/analysis/recNames=block_008,Animal=PV_126/lizMov.mat",True,False,0,0,,1
PV_126,008,PV_126_block_008,PV_126_008_1396276_R,1396275.85,1396374.35,17.796576371213227,35.95994317309791,R,monocular,1,"/Volumes/Data-1/Nimrod/experiments/PV_126/2024_07_18/block_008/oe_files/PV126_Trial16_wake4_2024-07-18_13-24-41/Record Node 102/analysis/recNames=block_008,Animal=PV_126/lizMov.mat",True,False,0,0,,1
PV_126,008,PV_126_block_008,PV_126_008_1577893_R,1577892.65,1577991.15,16.552103944142523,31.204794214628592,R,monocular,1,"/Volumes/Data-1/Nimrod/experiments/PV_126/2024_07_18/block_008/oe_files/PV126_Trial16_wake4_2024-07-18_13-24-41/Record Node 102/analysis/recNames=block_008,Animal=PV_126/lizMov.mat",True,False,0,0,,1
PV_126,009,PV_126_block_009,PV_126_009_51375_L,51375.15,51424.6,12.127245276351687,53.29793776607445,L,binocular,2,"/Volumes/Data-1/Nimrod/experiments/PV_126/2024_07_18/block_009/oe_files/PV126_Trial18_wake5_2024-07-18_14-39-15/Record Node 102/analysis/recNames=block_009,Animal=PV_126/lizMov.mat",True,True,3,1,49.44999999999709,2
PV_126,009,PV_126_block_009,PV_126_009_51441_L,51440.8,51539.3,8.653573119662186,226.46319494395226,L,binocular,2,"/Volumes/Data-1/Nimrod/experiments/PV_126/2024_07_18/block_009/oe_files/PV126_Trial18_wake5_2024-07-18_14-39-15/Record Node 102/analysis/recNames=block_009,Animal=PV_126/lizMov.mat",True,False,0,0,,2
PV_126,009,PV_126_block_009,PV_126_009_52738_L,52737.95,52786.95,9.714360327067268,228.30696996038847,L,binocular,2,"/Volumes/Data-1/Nimrod/experiments/PV_126/2024_07_18/block_009/oe_files/PV126_Trial18_wake5_2024-07-18_14-39-15/Record Node 102/analysis/recNames=block_009,Animal=PV_126/lizMov.mat",True,False,0,0,,2
PV_126,009,PV_126_block_009,PV_126_009_83582_L,83581.65,83647.3,12.487552708940466,56.319744349193044,L,binocular,2,"/Volumes/Data-1/Nimrod/experiments/PV_126/2024_07_18/block_009/oe_files/PV126_Trial18_wake5_2024-07-18_14-39-15/Record Node 102/analysis/recNames=block_009,Animal=PV_126/lizMov.mat",True,False,2,0,49.5,2
PV_126,009,PV_126_block_009,PV_126_009_84550_L,84550.4,84599.4,7.775015421929725,169.57093705080135,L,binocular,2,"/Volumes/Data-1/Nimrod/experiments/PV_126/2024_07_18/block_009/oe_files/PV126_Trial18_wake5_2024-07-18_14-39-15/Record Node 102/analysis/recNames=block_009,Animal=PV_126/lizMov.mat",True,False,1,0,32.80000000000291,2
PV_126,009,PV_126_block_009,PV_126_009_89770_L,89770.45,89819.45,8.214347049487857,196.2189640363774,L,binocular,2,"/Volumes/Data-1/Nimrod/experiments/PV_126/2024_07_18/block_009/oe_files/PV126_Trial18_wake5_2024-07-18_14-39-15/Record Node 102/analysis/recNames=block_009,Animal=PV_126/lizMov.mat",True,True,4,2,81.85000000000582,2
PV_126,009,PV_126_block_009,PV_126_009_91773_R,91773.1,91854.95,10.368650713327161,183.13415601510448,R,binocular,2,"/Volumes/Data-1/Nimrod/experiments/PV_126/2024_07_18/block_009/oe_files/PV126_Trial18_wake5_2024-07-18_14-39-15/Record Node 102/analysis/recNames=block_009,Animal=PV_126/lizMov.mat",True,True,3,1,49.04999999998836,2
PV_126,009,PV_126_block_009,PV_126_009_93152_R,93151.9,93200.9,8.424895273206225,153.97244230649855,R,binocular,2,"/Volumes/Data-1/Nimrod/experiments/PV_126/2024_07_18/block_009/oe_files/PV126_Trial18_wake5_2024-07-18_14-39-15/Record Node 102/analysis/recNames=block_009,Animal=PV_126/lizMov.mat",True,False,2,0,65.65000000000873,2
PV_126,009,PV_126_block_009,PV_126_009_99357_L,99356.65,99405.7,14.742985620508733,7.833588536951317,L,binocular,2,"/Volumes/Data-1/Nimrod/experiments/PV_126/2024_07_18/block_009/oe_files/PV126_Trial18_wake5_2024-07-18_14-39-15/Record Node 102/analysis/recNames=block_009,Animal=PV_126/lizMov.mat",True,False,4,0,32.85000000000582,2
PV_126,009,PV_126_block_009,PV_126_009_100210_L,100210.35,100357.85,19.196156975911997,69.99043234007758,L,binocular,2,"/Volumes/Data-1/Nimrod/experiments/PV_126/2024_07_18/block_009/oe_files/PV126_Trial18_wake5_2024-07-18_14-39-15/Record Node 102/analysis/recNames=block_009,Animal=PV_126/lizMov.mat",True,False,1,0,81.79999999998836,2
PV_126,009,PV_126_block_009,PV_126_009_119072_R,119071.85,119187.0,9.35050567475272,207.86762132028784,R,binocular,2,"/Volumes/Data-1/Nimrod/experiments/PV_126/2024_07_18/block_009/oe_files/PV126_Trial18_wake5_2024-07-18_14-39-15/Record Node 102/analysis/recNames=block_009,Animal=PV_126/lizMov.mat",True,False,0,0,,2
PV_126,009,PV_126_block_009,PV_126_009_119614_L,119613.75,119662.8,9.592306708195812,183.37475690400692,L,binocular,2,"/Volumes/Data-1/Nimrod/experiments/PV_126/2024_07_18/block_009/oe_files/PV126_Trial18_wake5_2024-07-18_14-39-15/Record Node 102/analysis/recNames=block_009,Animal=PV_126/lizMov.mat",True,False,3,0,49.05000000000291,2
PV_126,009,PV_126_block_009,PV_126_009_119827_L,119826.95,119909.25,8.13884833248619,342.96841311828354,L,binocular,2,"/Volumes/Data-1/Nimrod/experiments/PV_126/2024_07_18/block_009/oe_files/PV126_Trial18_wake5_2024-07-18_14-39-15/Record Node 102/analysis/recNames=block_009,Animal=PV_126/lizMov.mat",True,False,1,0,98.44999999999709,2
PV_126,009,PV_126_block_009,PV_126_009_149559_R,149558.95,149640.85,14.966259844750827,270.69390500340756,R,binocular,2,"/Volumes/Data-1/Nimrod/experiments/PV_126/2024_07_18/block_009/oe_files/PV126_Trial18_wake5_2024-07-18_14-39-15/Record Node 102/analysis/recNames=block_009,Animal=PV_126/lizMov.mat",True,False,0,0,,2
PV_126,009,PV_126_block_009,PV_126_009_155419_L,155419.35,155452.15,7.701358045516569,17.22611459868126,L,binocular,2,"/Volumes/Data-1/Nimrod/experiments/PV_126/2024_07_18/block_009/oe_files/PV126_Trial18_wake5_2024-07-18_14-39-15/Record Node 102/analysis/recNames=block_009,Animal=PV_126/lizMov.mat",True,False,4,0,32.79999999998836,2
PV_126,009,PV_126_block_009,PV_126_009_207847_L,207846.8,207961.95,9.180249997178535,169.19994701355503,L,binocular,2,"/Volumes/Data-1/Nimrod/experiments/PV_126/2024_07_18/block_009/oe_files/PV126_Trial18_wake5_2024-07-18_14-39-15/Record Node 102/analysis/recNames=block_009,Animal=PV_126/lizMov.mat",True,False,1,0,65.65000000002328,2
PV_126,009,PV_126_block_009,PV_126_009_209407_L,209406.8,209455.8,8.074038628808593,54.038034760565445,L,binocular,2,"/Volumes/Data-1/Nimrod/experiments/PV_126/2024_07_18/block_009/oe_files/PV126_Trial18_wake5_2024-07-18_14-39-15/Record Node 102/analysis/recNames=block_009,Animal=PV_126/lizMov.mat",True,True,2,1,32.85000000000582,2
PV_126,009,PV_126_block_009,PV_126_009_209850_L,209849.8,210013.95,13.429851624633306,60.14956093477855,L,binocular,2,"/Volumes/Data-1/Nimrod/experiments/PV_126/2024_07_18/block_009/oe_files/PV126_Trial18_wake5_2024-07-18_14-39-15/Record Node 102/analysis/recNames=block_009,Animal=PV_126/lizMov.mat",True,False,2,0,32.80000000001746,2
PV_126,009,PV_126_block_009,PV_126_009_211672_L,211672.05,211737.7,10.177437687107219,53.554740466437,L,binocular,2,"/Volumes/Data-1/Nimrod/experiments/PV_126/2024_07_18/block_009/oe_files/PV126_Trial18_wake5_2024-07-18_14-39-15/Record Node 102/analysis/recNames=block_009,Animal=PV_126/lizMov.mat",True,True,2,1,65.65000000002328,2
PV_126,009,PV_126_block_009,PV_126_009_227660_L,227659.55,227725.2,12.084590064562406,227.1100602651432,L,binocular,2,"/Volumes/Data-1/Nimrod/experiments/PV_126/2024_07_18/block_009/oe_files/PV126_Trial18_wake5_2024-07-18_14-39-15/Record Node 102/analysis/recNames=block_009,Animal=PV_126/lizMov.mat",True,False,0,0,,2
PV_126,009,PV_126_block_009,PV_126_009_266694_L,266693.8,266759.45,10.608557657001814,39.00245280064403,L,binocular,2,"/Volumes/Data-1/Nimrod/experiments/PV_126/2024_07_18/block_009/oe_files/PV126_Trial18_wake5_2024-07-18_14-39-15/Record Node 102/analysis/recNames=block_009,Animal=PV_126/lizMov.mat",True,False,1,0,81.79999999998836,2
PV_126,009,PV_126_block_009,PV_126_009_345959_L,345958.6,346057.05,14.026114698447579,48.0268611667191,L,binocular,2,"/Volumes/Data-1/Nimrod/experiments/PV_126/2024_07_18/block_009/oe_files/PV126_Trial18_wake5_2024-07-18_14-39-15/Record Node 102/analysis/recNames=block_009,Animal=PV_126/lizMov.mat",True,True,2,1,98.45000000001164,2
PV_126,009,PV_126_block_009,PV_126_009_360798_R,360798.2,360863.9,10.366854967892186,190.1826208625901,R,binocular,2,"/Volumes/Data-1/Nimrod/experiments/PV_126/2024_07_18/block_009/oe_files/PV126_Trial18_wake5_2024-07-18_14-39-15/Record Node 102/analysis/recNames=block_009,Animal=PV_126/lizMov.mat",True,True,3,1,49.5,2
PV_126,009,PV_126_block_009,PV_126_009_499510_R,499510.4,499674.6,9.120777056626654,48.44677388591141,R,binocular,2,"/Volumes/Data-1/Nimrod/experiments/PV_126/2024_07_18/block_009/oe_files/PV126_Trial18_wake5_2024-07-18_14-39-15/Record Node 102/analysis/recNames=block_009,Animal=PV_126/lizMov.mat",True,False,0,0,,2
PV_126,009,PV_126_block_009,PV_126_009_500380_L,500380.3,500446.0,13.322957299708467,185.8334361312364,L,binocular,2,"/Volumes/Data-1/Nimrod/experiments/PV_126/2024_07_18/block_009/oe_files/PV126_Trial18_wake5_2024-07-18_14-39-15/Record Node 102/analysis/recNames=block_009,Animal=PV_126/lizMov.mat",True,False,4,0,49.54999999998836,2
PV_126,009,PV_126_block_009,PV_126_009_520244_L,520243.85,520359.0,7.180608040450665,204.77010992895111,L,binocular,2,"/Volumes/Data-1/Nimrod/experiments/PV_126/2024_07_18/block_009/oe_files/PV126_Trial18_wake5_2024-07-18_14-39-15/Record Node 102/analysis/recNames=block_009,Animal=PV_126/lizMov.mat",True,False,1,0,98.5,2
PV_126,009,PV_126_block_009,PV_126_009_520441_L,520440.85,520506.55,12.743975826370187,64.61098556090202,L,binocular,2,"/Volumes/Data-1/Nimrod/experiments/PV_126/2024_07_18/block_009/oe_files/PV126_Trial18_wake5_2024-07-18_14-39-15/Record Node 102/analysis/recNames=block_009,Animal=PV_126/lizMov.mat",True,False,1,0,49.5,2
PV_126,009,PV_126_block_009,PV_126_009_557479_L,557479.45,557528.95,11.884490657393593,214.86871161950032,L,binocular,2,"/Volumes/Data-1/Nimrod/experiments/PV_126/2024_07_18/block_009/oe_files/PV126_Trial18_wake5_2024-07-18_14-39-15/Record Node 102/analysis/recNames=block_009,Animal=PV_126/lizMov.mat",True,False,4,0,16.650000000023283,2
PV_126,009,PV_126_block_009,PV_126_009_557611_L,557610.8,557676.45,9.559228783239885,71.51900958049032,L,binocular,2,"/Volumes/Data-1/Nimrod/experiments/PV_126/2024_07_18/block_009/oe_files/PV126_Trial18_wake5_2024-07-18_14-39-15/Record Node 102/analysis/recNames=block_009,Animal=PV_126/lizMov.mat",True,False,1,0,49.5,2
PV_126,009,PV_126_block_009,PV_126_009_559614_L,559613.55,559728.7,10.278480288807167,146.5017430897363,L,binocular,2,"/Volumes/Data-1/Nimrod/experiments/PV_126/2024_07_18/block_009/oe_files/PV126_Trial18_wake5_2024-07-18_14-39-15/Record Node 102/analysis/recNames=block_009,Animal=PV_126/lizMov.mat",True,False,0,0,,2
PV_126,009,PV_126_block_009,PV_126_009_578738_L,578738.05,578770.85,8.148003335281862,164.1365884987411,L,binocular,2,"/Volumes/Data-1/Nimrod/experiments/PV_126/2024_07_18/block_009/oe_files/PV126_Trial18_wake5_2024-07-18_14-39-15/Record Node 102/analysis/recNames=block_009,Animal=PV_126/lizMov.mat",True,False,2,0,32.79999999993015,2
PV_126,009,PV_126_block_009,PV_126_009_580182_R,580182.5,580346.65,7.9329575199511115,4.257811148766548,R,binocular,2,"/Volumes/Data-1/Nimrod/experiments/PV_126/2024_07_18/block_009/oe_files/PV126_Trial18_wake5_2024-07-18_14-39-15/Record Node 102/analysis/recNames=block_009,Animal=PV_126/lizMov.mat",True,False,1,0,65.65000000002328,2
PV_126,009,PV_126_block_009,PV_126_009_580445_L,580445.1,580477.95,7.048692884504654,197.9693291930437,L,binocular,2,"/Volumes/Data-1/Nimrod/experiments/PV_126/2024_07_18/block_009/oe_files/PV126_Trial18_wake5_2024-07-18_14-39-15/Record Node 102/analysis/recNames=block_009,Animal=PV_126/lizMov.mat",True,False,2,0,16.20000000006985,2
PV_126,009,PV_126_block_009,PV_126_009_580987_R,580986.55,581019.4,7.238679431845296,352.77097355431357,R,binocular,2,"/Volumes/Data-1/Nimrod/experiments/PV_126/2024_07_18/block_009/oe_files/PV126_Trial18_wake5_2024-07-18_14-39-15/Record Node 102/analysis/recNames=block_009,Animal=PV_126/lizMov.mat",True,False,2,0,32.84999999997672,2
PV_126,009,PV_126_block_009,PV_126_009_619433_L,619432.95,619482.45,12.689701027077017,19.27342629259444,L,binocular,2,"/Volumes/Data-1/Nimrod/experiments/PV_126/2024_07_18/block_009/oe_files/PV126_Trial18_wake5_2024-07-18_14-39-15/Record Node 102/analysis/recNames=block_009,Animal=PV_126/lizMov.mat",True,False,2,0,32.85000000009313,2
PV_126,009,PV_126_block_009,PV_126_009_209915_L,209915.45,210013.95,12.732108938431628,239.8620910228317,L,monocular,1,"/Volumes/Data-1/Nimrod/experiments/PV_126/2024_07_18/block_009/oe_files/PV126_Trial18_wake5_2024-07-18_14-39-15/Record Node 102/analysis/recNames=block_009,Animal=PV_126/lizMov.mat",True,False,0,0,,1
PV_126,009,PV_126_block_009,PV_126_009_247964_L,247964.5,248030.2,9.153194777198907,254.00944228137163,L,monocular,1,"/Volumes/Data-1/Nimrod/experiments/PV_126/2024_07_18/block_009/oe_files/PV126_Trial18_wake5_2024-07-18_14-39-15/Record Node 102/analysis/recNames=block_009,Animal=PV_126/lizMov.mat",True,False,1,0,49.5,1
PV_126,009,PV_126_block_009,PV_126_009_361373_L,361372.95,361405.8,9.794044832032654,166.99041778875593,L,monocular,1,"/Volumes/Data-1/Nimrod/experiments/PV_126/2024_07_18/block_009/oe_files/PV126_Trial18_wake5_2024-07-18_14-39-15/Record Node 102/analysis/recNames=block_009,Animal=PV_126/lizMov.mat",True,False,2,0,49.0,1
PV_126,009,PV_126_block_009,PV_126_009_362227_L,362226.6,362275.6,10.802346325745852,50.27226098003359,L,monocular,1,"/Volumes/Data-1/Nimrod/experiments/PV_126/2024_07_18/block_009/oe_files/PV126_Trial18_wake5_2024-07-18_14-39-15/Record Node 102/analysis/recNames=block_009,Animal=PV_126/lizMov.mat",True,False,1,0,65.65000000002328,1
PV_126,009,PV_126_block_009,PV_126_009_519554_L,519554.25,519619.95,27.749683175040133,331.1704816529205,L,monocular,1,"/Volumes/Data-1/Nimrod/experiments/PV_126/2024_07_18/block_009/oe_files/PV126_Trial18_wake5_2024-07-18_14-39-15/Record Node 102/analysis/recNames=block_009,Animal=PV_126/lizMov.mat",True,False,1,0,115.15000000002328,1
PV_126,009,PV_126_block_009,PV_126_009_557496_L,557496.1,557545.15,12.954852738899955,32.90386925397764,L,monocular,1,"/Volumes/Data-1/Nimrod/experiments/PV_126/2024_07_18/block_009/oe_files/PV126_Trial18_wake5_2024-07-18_14-39-15/Record Node 102/analysis/recNames=block_009,Animal=PV_126/lizMov.mat",True,False,6,0,16.20000000006985,1
PV_126,009,PV_126_block_009,PV_126_009_619466_L,619465.8,619548.1,8.884978533453333,198.09185087730572,L,monocular,1,"/Volumes/Data-1/Nimrod/experiments/PV_126/2024_07_18/block_009/oe_files/PV126_Trial18_wake5_2024-07-18_14-39-15/Record Node 102/analysis/recNames=block_009,Animal=PV_126/lizMov.mat",True,True,3,1,16.649999999906868,1
PV_126,009,PV_126_block_009,PV_126_009_1320142_L,1320141.6,1320190.6,8.4048142664759,143.61727016514945,L,monocular,1,"/Volumes/Data-1/Nimrod/experiments/PV_126/2024_07_18/block_009/oe_files/PV126_Trial18_wake5_2024-07-18_14-39-15/Record Node 102/analysis/recNames=block_009,Animal=PV_126/lizMov.mat",True,False,1,0,65.64999999990687,1
PV_126,009,PV_126_block_009,PV_126_009_1323786_L,1323786.1,1323835.1,9.516731682019087,108.10875767621621,L,monocular,1,"/Volumes/Data-1/Nimrod/experiments/PV_126/2024_07_18/block_009/oe_files/PV126_Trial18_wake5_2024-07-18_14-39-15/Record Node 102/analysis/recNames=block_009,Animal=PV_126/lizMov.mat",True,False,2,0,49.0,1
PV_126,009,PV_126_block_009,PV_126_009_251592_R,251592.35,251674.2,9.679677308904706,263.883420876584,R,monocular,1,"/Volumes/Data-1/Nimrod/experiments/PV_126/2024_07_18/block_009/oe_files/PV126_Trial18_wake5_2024-07-18_14-39-15/Record Node 102/analysis/recNames=block_009,Animal=PV_126/lizMov.mat",True,False,0,0,,1
PV_126,009,PV_126_block_009,PV_126_009_393300_R,393299.85,393349.3,8.230274651861208,223.52811667514416,R,monocular,1,"/Volumes/Data-1/Nimrod/experiments/PV_126/2024_07_18/block_009/oe_files/PV126_Trial18_wake5_2024-07-18_14-39-15/Record Node 102/analysis/recNames=block_009,Animal=PV_126/lizMov.mat",True,False,1,0,49.45000000001164,1
PV_126,009,PV_126_block_009,PV_126_009_499428_R,499428.05,499510.4,15.370090282258559,188.54196962165355,R,monocular,1,"/Volumes/Data-1/Nimrod/experiments/PV_126/2024_07_18/block_009/oe_files/PV126_Trial18_wake5_2024-07-18_14-39-15/Record Node 102/analysis/recNames=block_009,Animal=PV_126/lizMov.mat",True,True,2,1,82.35000000003492,1
PV_126,009,PV_126_block_009,PV_126_009_619482_R,619482.45,619548.1,7.080226349382584,162.98046975206216,R,monocular,1,"/Volumes/Data-1/Nimrod/experiments/PV_126/2024_07_18/block_009/oe_files/PV126_Trial18_wake5_2024-07-18_14-39-15/Record Node 102/analysis/recNames=block_009,Animal=PV_126/lizMov.mat",True,False,2,0,114.65000000002328,1
PV_126,009,PV_126_block_009,PV_126_009_621009_R,621008.9,621058.35,12.290387339245841,283.94433500018414,R,monocular,1,"/Volumes/Data-1/Nimrod/experiments/PV_126/2024_07_18/block_009/oe_files/PV126_Trial18_wake5_2024-07-18_14-39-15/Record Node 102/analysis/recNames=block_009,Animal=PV_126/lizMov.mat",True,False,0,0,49.449999999953434,1
PV_126,009,PV_126_block_009,PV_126_009_621058_R,621058.35,621173.05,12.487099574909877,109.68984789051426,R,monocular,1,"/Volumes/Data-1/Nimrod/experiments/PV_126/2024_07_18/block_009/oe_files/PV126_Trial18_wake5_2024-07-18_14-39-15/Record Node 102/analysis/recNames=block_009,Animal=PV_126/lizMov.mat",True,False,0,0,,1
PV_126,009,PV_126_block_009,PV_126_009_622339_R,622338.8,622420.65,14.499738130432375,135.0830618369272,R,monocular,1,"/Volumes/Data-1/Nimrod/experiments/PV_126/2024_07_18/block_009/oe_files/PV126_Trial18_wake5_2024-07-18_14-39-15/Record Node 102/analysis/recNames=block_009,Animal=PV_126/lizMov.mat",True,False,0,0,,1
PV_126,009,PV_126_block_009,PV_126_009_1023575_R,1023574.85,1023689.55,18.858925944743042,75.0448725192295,R,monocular,1,"/Volumes/Data-1/Nimrod/experiments/PV_126/2024_07_18/block_009/oe_files/PV126_Trial18_wake5_2024-07-18_14-39-15/Record Node 102/analysis/recNames=block_009,Animal=PV_126/lizMov.mat",True,False,0,0,,1
PV_126,009,PV_126_block_009,PV_126_009_1321094_R,1321093.7,1321126.55,15.600648592381674,64.93212563145421,R,monocular,1,"/Volumes/Data-1/Nimrod/experiments/PV_126/2024_07_18/block_009/oe_files/PV126_Trial18_wake5_2024-07-18_14-39-15/Record Node 102/analysis/recNames=block_009,Animal=PV_126/lizMov.mat",True,True,4,2,32.85000000009313,1
PV_126,009,PV_126_block_009,PV_126_009_1321127_R,1321126.55,1321159.35,9.27325943073289,274.6324050242207,R,monocular,1,"/Volumes/Data-1/Nimrod/experiments/PV_126/2024_07_18/block_009/oe_files/PV126_Trial18_wake5_2024-07-18_14-39-15/Record Node 102/analysis/recNames=block_009,Animal=PV_126/lizMov.mat",True,False,2,0,32.800000000046566,1
PV_126,009,PV_126_block_009,PV_126_009_1321159_R,1321159.35,1321175.55,9.610497633783375,94.88617231947084,R,monocular,1,"/Volumes/Data-1/Nimrod/experiments/PV_126/2024_07_18/block_009/oe_files/PV126_Trial18_wake5_2024-07-18_14-39-15/Record Node 102/analysis/recNames=block_009,Animal=PV_126/lizMov.mat",True,False,2,0,16.199999999953434,1
PV_126,009,PV_126_block_009,PV_126_009_1322161_R,1322160.65,1322226.3,17.584142476807614,112.22829622779682,R,monocular,1,"/Volumes/Data-1/Nimrod/experiments/PV_126/2024_07_18/block_009/oe_files/PV126_Trial18_wake5_2024-07-18_14-39-15/Record Node 102/analysis/recNames=block_009,Animal=PV_126/lizMov.mat",True,True,5,1,65.6500000001397,1
PV_126,010,PV_126_block_010,PV_126_010_122883_L,122883.45,122932.45,8.966259790380086,220.64791149972368,L,binocular,2,"/Volumes/Data-1/Nimrod/experiments/PV_126/2024_07_18/block_010/oe_files/PV126_Trial19_wake6_2024-07-18_15-24-57/Record Node 102/analysis/recNames=block_010,Animal=PV_126/lizMov.mat",True,False,1,0,49.0,2
PV_126,010,PV_126_block_010,PV_126_010_130795_L,130795.2,130877.0,7.005366951690928,89.39495580785515,L,binocular,2,"/Volumes/Data-1/Nimrod/experiments/PV_126/2024_07_18/block_010/oe_files/PV126_Trial19_wake6_2024-07-18_15-24-57/Record Node 102/analysis/recNames=block_010,Animal=PV_126/lizMov.mat",True,False,1,0,16.15000000000873,2
PV_126,010,PV_126_block_010,PV_126_010_131058_R,131057.8,131172.45,21.372020817779056,195.76574611934194,R,binocular,2,"/Volumes/Data-1/Nimrod/experiments/PV_126/2024_07_18/block_010/oe_files/PV126_Trial19_wake6_2024-07-18_15-24-57/Record Node 102/analysis/recNames=block_010,Animal=PV_126/lizMov.mat",True,False,3,0,48.99999999998545,2
PV_126,010,PV_126_block_010,PV_126_010_131172_R,131172.45,131320.4,12.583852360677037,65.28056552010548,R,binocular,2,"/Volumes/Data-1/Nimrod/experiments/PV_126/2024_07_18/block_010/oe_files/PV126_Trial19_wake6_2024-07-18_15-24-57/Record Node 102/analysis/recNames=block_010,Animal=PV_126/lizMov.mat",True,True,2,1,49.44999999998254,2
PV_126,010,PV_126_block_010,PV_126_010_159360_R,159359.6,159458.1,9.868719309096326,34.41775547652606,R,binocular,2,"/Volumes/Data-1/Nimrod/experiments/PV_126/2024_07_18/block_010/oe_files/PV126_Trial19_wake6_2024-07-18_15-24-57/Record Node 102/analysis/recNames=block_010,Animal=PV_126/lizMov.mat",True,False,1,0,32.85000000000582,2
PV_126,010,PV_126_block_010,PV_126_010_619056_L,619056.3,619105.8,8.742392860244339,177.47048318145073,L,binocular,2,"/Volumes/Data-1/Nimrod/experiments/PV_126/2024_07_18/block_010/oe_files/PV126_Trial19_wake6_2024-07-18_15-24-57/Record Node 102/analysis/recNames=block_010,Animal=PV_126/lizMov.mat",True,False,2,0,49.5,2
PV_126,010,PV_126_block_010,PV_126_010_619106_R,619105.8,619253.3,11.810557345507984,348.05490259790605,R,binocular,2,"/Volumes/Data-1/Nimrod/experiments/PV_126/2024_07_18/block_010/oe_files/PV126_Trial19_wake6_2024-07-18_15-24-57/Record Node 102/analysis/recNames=block_010,Animal=PV_126/lizMov.mat",True,False,1,0,98.5,2
PV_126,010,PV_126_block_010,PV_126_010_658816_R,658816.35,658865.85,8.1832729712101,161.91553825528837,R,binocular,2,"/Volumes/Data-1/Nimrod/experiments/PV_126/2024_07_18/block_010/oe_files/PV126_Trial19_wake6_2024-07-18_15-24-57/Record Node 102/analysis/recNames=block_010,Animal=PV_126/lizMov.mat",True,False,3,0,32.84999999997672,2
PV_126,010,PV_126_block_010,PV_126_010_659687_R,659686.65,659785.15,8.838783162309653,31.951401121222762,R,binocular,2,"/Volumes/Data-1/Nimrod/experiments/PV_126/2024_07_18/block_010/oe_files/PV126_Trial19_wake6_2024-07-18_15-24-57/Record Node 102/analysis/recNames=block_010,Animal=PV_126/lizMov.mat",True,False,1,0,49.0,2
PV_126,010,PV_126_block_010,PV_126_010_660918_R,660917.75,661016.3,7.002943135274874,272.70541111285894,R,binocular,2,"/Volumes/Data-1/Nimrod/experiments/PV_126/2024_07_18/block_010/oe_files/PV126_Trial19_wake6_2024-07-18_15-24-57/Record Node 102/analysis/recNames=block_010,Animal=PV_126/lizMov.mat",True,False,1,0,49.5,2
PV_126,010,PV_126_block_010,PV_126_010_719296_R,719295.95,719394.45,11.631024733902434,94.44092542320773,R,binocular,2,"/Volumes/Data-1/Nimrod/experiments/PV_126/2024_07_18/block_010/oe_files/PV126_Trial19_wake6_2024-07-18_15-24-57/Record Node 102/analysis/recNames=block_010,Animal=PV_126/lizMov.mat",True,False,0,0,,2
PV_126,010,PV_126_block_010,PV_126_010_768351_R,768351.45,768433.75,11.118031403219753,152.4908643143166,R,binocular,2,"/Volumes/Data-1/Nimrod/experiments/PV_126/2024_07_18/block_010/oe_files/PV126_Trial19_wake6_2024-07-18_15-24-57/Record Node 102/analysis/recNames=block_010,Animal=PV_126/lizMov.mat",True,False,1,0,32.85000000009313,2
PV_126,010,PV_126_block_010,PV_126_010_769550_R,769550.0,769714.2,17.582295781107643,60.809923221097236,R,binocular,2,"/Volumes/Data-1/Nimrod/experiments/PV_126/2024_07_18/block_010/oe_files/PV126_Trial19_wake6_2024-07-18_15-24-57/Record Node 102/analysis/recNames=block_010,Animal=PV_126/lizMov.mat",True,False,1,0,114.69999999995343,2
PV_126,010,PV_126_block_010,PV_126_010_914925_R,914925.15,914958.0,8.053828773885398,21.123664297713777,R,binocular,2,"/Volumes/Data-1/Nimrod/experiments/PV_126/2024_07_18/block_010/oe_files/PV126_Trial19_wake6_2024-07-18_15-24-57/Record Node 102/analysis/recNames=block_010,Animal=PV_126/lizMov.mat",True,False,2,0,32.84999999997672,2
PV_126,010,PV_126_block_010,PV_126_010_916780_L,916779.85,916845.5,8.49265124705262,300.0629750789046,L,binocular,2,"/Volumes/Data-1/Nimrod/experiments/PV_126/2024_07_18/block_010/oe_files/PV126_Trial19_wake6_2024-07-18_15-24-57/Record Node 102/analysis/recNames=block_010,Animal=PV_126/lizMov.mat",True,True,2,1,32.800000000046566,2
PV_126,010,PV_126_block_010,PV_126_010_156618_L,156617.65,156667.1,7.048474856132004,50.48095095941107,L,monocular,1,"/Volumes/Data-1/Nimrod/experiments/PV_126/2024_07_18/block_010/oe_files/PV126_Trial19_wake6_2024-07-18_15-24-57/Record Node 102/analysis/recNames=block_010,Animal=PV_126/lizMov.mat",True,True,5,3,65.64999999999418,1
PV_126,010,PV_126_block_010,PV_126_010_680323_L,680322.7,680421.2,13.132228092699735,262.46004083300494,L,monocular,1,"/Volumes/Data-1/Nimrod/experiments/PV_126/2024_07_18/block_010/oe_files/PV126_Trial19_wake6_2024-07-18_15-24-57/Record Node 102/analysis/recNames=block_010,Animal=PV_126/lizMov.mat",True,False,0,0,98.5,1
PV_126,010,PV_126_block_010,PV_126_010_793896_L,793895.8,793978.1,16.208637814180157,269.6125152222237,L,monocular,1,"/Volumes/Data-1/Nimrod/experiments/PV_126/2024_07_18/block_010/oe_files/PV126_Trial19_wake6_2024-07-18_15-24-57/Record Node 102/analysis/recNames=block_010,Animal=PV_126/lizMov.mat",True,False,0,0,,1
PV_126,010,PV_126_block_010,PV_126_010_913103_L,913102.95,913218.05,7.6881903526758455,63.00501551940813,L,monocular,1,"/Volumes/Data-1/Nimrod/experiments/PV_126/2024_07_18/block_010/oe_files/PV126_Trial19_wake6_2024-07-18_15-24-57/Record Node 102/analysis/recNames=block_010,Animal=PV_126/lizMov.mat",True,False,1,0,147.95000000006985,1
PV_126,010,PV_126_block_010,PV_126_010_913267_L,913267.05,913332.75,8.085097490648508,324.883963628695,L,monocular,1,"/Volumes/Data-1/Nimrod/experiments/PV_126/2024_07_18/block_010/oe_files/PV126_Trial19_wake6_2024-07-18_15-24-57/Record Node 102/analysis/recNames=block_010,Animal=PV_126/lizMov.mat",True,False,1,0,65.69999999995343,1
PV_126,010,PV_126_block_010,PV_126_010_916813_L,916812.65,916911.1,9.810355704413169,114.130410551477,L,monocular,1,"/Volumes/Data-1/Nimrod/experiments/PV_126/2024_07_18/block_010/oe_files/PV126_Trial19_wake6_2024-07-18_15-24-57/Record Node 102/analysis/recNames=block_010,Animal=PV_126/lizMov.mat",True,True,2,1,32.84999999997672,1
PV_126,010,PV_126_block_010,PV_126_010_159327_R,159326.75,159375.8,11.632485968847643,193.63231496735602,R,monocular,1,"/Volumes/Data-1/Nimrod/experiments/PV_126/2024_07_18/block_010/oe_files/PV126_Trial19_wake6_2024-07-18_15-24-57/Record Node 102/analysis/recNames=block_010,Animal=PV_126/lizMov.mat",True,True,3,1,32.85000000000582,1
PV_126,010,PV_126_block_010,PV_126_010_661575_R,661574.55,661607.4,7.391544723140635,291.329099912057,R,monocular,1,"/Volumes/Data-1/Nimrod/experiments/PV_126/2024_07_18/block_010/oe_files/PV126_Trial19_wake6_2024-07-18_15-24-57/Record Node 102/analysis/recNames=block_010,Animal=PV_126/lizMov.mat",True,True,4,1,16.649999999906868,1
PV_126,010,PV_126_block_010,PV_126_010_661772_R,661771.55,661935.75,21.157810796807308,74.70574550353221,R,monocular,1,"/Volumes/Data-1/Nimrod/experiments/PV_126/2024_07_18/block_010/oe_files/PV126_Trial19_wake6_2024-07-18_15-24-57/Record Node 102/analysis/recNames=block_010,Animal=PV_126/lizMov.mat",True,False,0,0,,1
PV_126,010,PV_126_block_010,PV_126_010_770863_R,770863.4,770912.45,7.848194382879455,76.69096658931953,R,monocular,1,"/Volumes/Data-1/Nimrod/experiments/PV_126/2024_07_18/block_010/oe_files/PV126_Trial19_wake6_2024-07-18_15-24-57/Record Node 102/analysis/recNames=block_010,Animal=PV_126/lizMov.mat",True,False,2,0,32.90000000002328,1
PV_126,010,PV_126_block_010,PV_126_010_913825_R,913825.15,913923.65,11.588859856637447,116.54421573998658,R,monocular,1,"/Volumes/Data-1/Nimrod/experiments/PV_126/2024_07_18/block_010/oe_files/PV126_Trial19_wake6_2024-07-18_15-24-57/Record Node 102/analysis/recNames=block_010,Animal=PV_126/lizMov.mat",True,False,0,0,,1
PV_126,011,PV_126_block_011,PV_126_011_487112_R,487111.55,487209.95,8.772221543067891,149.6349789017513,R,binocular,2,"/Volumes/Data-1/Nimrod/experiments/PV_126/2024_08_13/block_011/oe_files/PV126_Trial115_eyeTracking_w7/Record Node 102/analysis/recNames=block_011,Animal=PV_126/lizMov.mat",True,False,0,0,,2
PV_126,011,PV_126_block_011,PV_126_011_489080_R,489079.8,489194.9,14.302640750915621,10.27740863140098,R,binocular,2,"/Volumes/Data-1/Nimrod/experiments/PV_126/2024_08_13/block_011/oe_files/PV126_Trial115_eyeTracking_w7/Record Node 102/analysis/recNames=block_011,Animal=PV_126/lizMov.mat",True,False,0,0,,2
PV_126,011,PV_126_block_011,PV_126_011_508403_R,508403.35,508534.65,15.860760828119219,209.70406298002177,R,binocular,2,"/Volumes/Data-1/Nimrod/experiments/PV_126/2024_08_13/block_011/oe_files/PV126_Trial115_eyeTracking_w7/Record Node 102/analysis/recNames=block_011,Animal=PV_126/lizMov.mat",True,False,1,0,65.65000000002328,2
PV_126,011,PV_126_block_011,PV_126_011_557167_R,557167.3,557249.05,7.409487751059491,4.48131956378024,R,binocular,2,"/Volumes/Data-1/Nimrod/experiments/PV_126/2024_08_13/block_011/oe_files/PV126_Trial115_eyeTracking_w7/Record Node 102/analysis/recNames=block_011,Animal=PV_126/lizMov.mat",True,True,3,1,48.949999999953434,2
PV_126,011,PV_126_block_011,PV_126_011_564877_L,564877.4,564975.8,13.082465296422654,137.30020144261775,L,binocular,2,"/Volumes/Data-1/Nimrod/experiments/PV_126/2024_08_13/block_011/oe_files/PV126_Trial115_eyeTracking_w7/Record Node 102/analysis/recNames=block_011,Animal=PV_126/lizMov.mat",True,False,2,0,48.949999999953434,2
PV_126,011,PV_126_block_011,PV_126_011_593647_R,593647.4,593729.2,14.874643692841625,7.102182451432418,R,binocular,2,"/Volumes/Data-1/Nimrod/experiments/PV_126/2024_08_13/block_011/oe_files/PV126_Trial115_eyeTracking_w7/Record Node 102/analysis/recNames=block_011,Animal=PV_126/lizMov.mat",True,True,4,2,65.65000000002328,2
PV_126,011,PV_126_block_011,PV_126_011_597880_L,597879.6,597945.25,18.48083572762873,96.80803235734903,L,binocular,2,"/Volumes/Data-1/Nimrod/experiments/PV_126/2024_08_13/block_011/oe_files/PV126_Trial115_eyeTracking_w7/Record Node 102/analysis/recNames=block_011,Animal=PV_126/lizMov.mat",True,False,2,0,65.65000000002328,2
PV_126,011,PV_126_block_011,PV_126_011_597945_R,597945.25,598027.0,18.06956175149222,89.02749802192935,R,binocular,2,"/Volumes/Data-1/Nimrod/experiments/PV_126/2024_08_13/block_011/oe_files/PV126_Trial115_eyeTracking_w7/Record Node 102/analysis/recNames=block_011,Animal=PV_126/lizMov.mat",True,False,1,0,98.40000000002328,2
PV_126,011,PV_126_block_011,PV_126_011_598683_R,598683.25,598765.55,10.429450147273837,52.33396855440056,R,binocular,2,"/Volumes/Data-1/Nimrod/experiments/PV_126/2024_08_13/block_011/oe_files/PV126_Trial115_eyeTracking_w7/Record Node 102/analysis/recNames=block_011,Animal=PV_126/lizMov.mat",True,False,2,0,82.30000000004657,2
PV_126,011,PV_126_block_011,PV_126_011_598766_R,598765.55,598847.3,7.508049236627405,210.86692671438888,R,binocular,2,"/Volumes/Data-1/Nimrod/experiments/PV_126/2024_08_13/block_011/oe_files/PV126_Trial115_eyeTracking_w7/Record Node 102/analysis/recNames=block_011,Animal=PV_126/lizMov.mat",True,False,0,0,,2
PV_126,011,PV_126_block_011,PV_126_011_599503_R,599503.4,599716.85,15.183527940996417,343.0329290225121,R,binocular,2,"/Volumes/Data-1/Nimrod/experiments/PV_126/2024_08_13/block_011/oe_files/PV126_Trial115_eyeTracking_w7/Record Node 102/analysis/recNames=block_011,Animal=PV_126/lizMov.mat",True,False,1,0,98.40000000002328,2
PV_126,011,PV_126_block_011,PV_126_011_604506_R,604506.5,604621.05,8.576001997893329,53.386559962803034,R,binocular,2,"/Volumes/Data-1/Nimrod/experiments/PV_126/2024_08_13/block_011/oe_files/PV126_Trial115_eyeTracking_w7/Record Node 102/analysis/recNames=block_011,Animal=PV_126/lizMov.mat",True,False,0,0,,2
PV_126,011,PV_126_block_011,PV_126_011_605786_R,605786.0,605818.8,11.572957577752954,228.86619134293042,R,binocular,2,"/Volumes/Data-1/Nimrod/experiments/PV_126/2024_08_13/block_011/oe_files/PV126_Trial115_eyeTracking_w7/Record Node 102/analysis/recNames=block_011,Animal=PV_126/lizMov.mat",True,True,5,2,32.800000000046566,2
PV_126,011,PV_126_block_011,PV_126_011_605819_L,605818.8,605900.6,11.096041257543131,137.23915362032827,L,binocular,2,"/Volumes/Data-1/Nimrod/experiments/PV_126/2024_08_13/block_011/oe_files/PV126_Trial115_eyeTracking_w7/Record Node 102/analysis/recNames=block_011,Animal=PV_126/lizMov.mat",True,True,3,1,32.84999999997672,2
PV_126,011,PV_126_block_011,PV_126_011_607394_R,607393.65,607492.1,8.595403758535667,171.22499732990156,R,binocular,2,"/Volumes/Data-1/Nimrod/experiments/PV_126/2024_08_13/block_011/oe_files/PV126_Trial115_eyeTracking_w7/Record Node 102/analysis/recNames=block_011,Animal=PV_126/lizMov.mat",True,True,3,1,48.949999999953434,2
PV_126,011,PV_126_block_011,PV_126_011_635131_R,635130.6,635212.85,9.865388580408085,9.29232334603476,R,binocular,2,"/Volumes/Data-1/Nimrod/experiments/PV_126/2024_08_13/block_011/oe_files/PV126_Trial115_eyeTracking_w7/Record Node 102/analysis/recNames=block_011,Animal=PV_126/lizMov.mat",True,False,0,0,,2
PV_126,011,PV_126_block_011,PV_126_011_636148_R,636147.55,636311.6,8.200661706008,187.0085821953076,R,binocular,2,"/Volumes/Data-1/Nimrod/experiments/PV_126/2024_08_13/block_011/oe_files/PV126_Trial115_eyeTracking_w7/Record Node 102/analysis/recNames=block_011,Animal=PV_126/lizMov.mat",True,False,0,0,49.5,2
PV_126,011,PV_126_block_011,PV_126_011_642954_R,642954.25,643003.2,10.322027548092441,282.21348116660636,R,binocular,2,"/Volumes/Data-1/Nimrod/experiments/PV_126/2024_08_13/block_011/oe_files/PV126_Trial115_eyeTracking_w7/Record Node 102/analysis/recNames=block_011,Animal=PV_126/lizMov.mat",True,False,1,0,48.949999999953434,2
PV_126,011,PV_126_block_011,PV_126_011_644398_R,644397.5,644495.95,9.947629166283697,191.928979499311,R,binocular,2,"/Volumes/Data-1/Nimrod/experiments/PV_126/2024_08_13/block_011/oe_files/PV126_Trial115_eyeTracking_w7/Record Node 102/analysis/recNames=block_011,Animal=PV_126/lizMov.mat",True,True,4,3,114.59999999997672,2
PV_126,011,PV_126_block_011,PV_126_011_646612_L,646611.75,646661.2,9.864896694771602,6.878493078715618,L,binocular,2,"/Volumes/Data-1/Nimrod/experiments/PV_126/2024_08_13/block_011/oe_files/PV126_Trial115_eyeTracking_w7/Record Node 102/analysis/recNames=block_011,Animal=PV_126/lizMov.mat",True,True,3,1,32.800000000046566,2
PV_126,011,PV_126_block_011,PV_126_011_647826_R,647825.65,647940.7,14.020152417639327,176.26833786299704,R,binocular,2,"/Volumes/Data-1/Nimrod/experiments/PV_126/2024_08_13/block_011/oe_files/PV126_Trial115_eyeTracking_w7/Record Node 102/analysis/recNames=block_011,Animal=PV_126/lizMov.mat",True,True,4,2,16.650000000023283,2
PV_126,011,PV_126_block_011,PV_126_011_648974_L,648973.85,649072.25,11.655152675341307,201.58731937405867,L,binocular,2,"/Volumes/Data-1/Nimrod/experiments/PV_126/2024_08_13/block_011/oe_files/PV126_Trial115_eyeTracking_w7/Record Node 102/analysis/recNames=block_011,Animal=PV_126/lizMov.mat",True,False,2,0,115.05000000004657,2
PV_126,011,PV_126_block_011,PV_126_011_649089_R,649088.9,649187.35,7.723877275240723,14.02674208479591,R,binocular,2,"/Volumes/Data-1/Nimrod/experiments/PV_126/2024_08_13/block_011/oe_files/PV126_Trial115_eyeTracking_w7/Record Node 102/analysis/recNames=block_011,Animal=PV_126/lizMov.mat",True,True,3,1,114.59999999997672,2
PV_126,011,PV_126_block_011,PV_126_011_653092_L,653091.65,653140.6,8.568131300115025,354.3971009625627,L,binocular,2,"/Volumes/Data-1/Nimrod/experiments/PV_126/2024_08_13/block_011/oe_files/PV126_Trial115_eyeTracking_w7/Record Node 102/analysis/recNames=block_011,Animal=PV_126/lizMov.mat",True,True,3,2,32.79999999993015,2
PV_126,011,PV_126_block_011,PV_126_011_654256_L,654256.2,654321.8,8.322306011665816,60.2142199988562,L,binocular,2,"/Volumes/Data-1/Nimrod/experiments/PV_126/2024_08_13/block_011/oe_files/PV126_Trial115_eyeTracking_w7/Record Node 102/analysis/recNames=block_011,Animal=PV_126/lizMov.mat",True,False,0,0,,2
PV_126,011,PV_126_block_011,PV_126_011_658456_R,658456.1,658488.9,12.915495245018388,177.9947823098861,R,binocular,2,"/Volumes/Data-1/Nimrod/experiments/PV_126/2024_08_13/block_011/oe_files/PV126_Trial115_eyeTracking_w7/Record Node 102/analysis/recNames=block_011,Animal=PV_126/lizMov.mat",True,True,5,3,32.800000000046566,2
PV_126,011,PV_126_block_011,PV_126_011_658489_R,658488.9,658521.7,9.829737444696862,346.739521703974,R,binocular,2,"/Volumes/Data-1/Nimrod/experiments/PV_126/2024_08_13/block_011/oe_files/PV126_Trial115_eyeTracking_w7/Record Node 102/analysis/recNames=block_011,Animal=PV_126/lizMov.mat",True,False,2,0,16.650000000023283,2
PV_126,011,PV_126_block_011,PV_126_011_666806_R,666806.2,666855.15,13.97398503376028,209.34759691528197,R,binocular,2,"/Volumes/Data-1/Nimrod/experiments/PV_126/2024_08_13/block_011/oe_files/PV126_Trial115_eyeTracking_w7/Record Node 102/analysis/recNames=block_011,Animal=PV_126/lizMov.mat",True,False,2,0,48.95000000006985,2
PV_126,011,PV_126_block_011,PV_126_011_666855_R,666855.15,666937.45,11.461360234246683,8.643810512612216,R,binocular,2,"/Volumes/Data-1/Nimrod/experiments/PV_126/2024_08_13/block_011/oe_files/PV126_Trial115_eyeTracking_w7/Record Node 102/analysis/recNames=block_011,Animal=PV_126/lizMov.mat",True,False,0,0,,2
PV_126,011,PV_126_block_011,PV_126_011_670350_L,670349.85,670431.6,7.462910179202723,279.47368678404933,L,binocular,2,"/Volumes/Data-1/Nimrod/experiments/PV_126/2024_08_13/block_011/oe_files/PV126_Trial115_eyeTracking_w7/Record Node 102/analysis/recNames=block_011,Animal=PV_126/lizMov.mat",True,True,2,1,32.800000000046566,2
PV_126,011,PV_126_block_011,PV_126_011_671153_L,671153.45,671202.9,9.464856217532583,31.15134833901177,L,binocular,2,"/Volumes/Data-1/Nimrod/experiments/PV_126/2024_08_13/block_011/oe_files/PV126_Trial115_eyeTracking_w7/Record Node 102/analysis/recNames=block_011,Animal=PV_126/lizMov.mat",True,True,3,1,32.800000000046566,2
PV_126,011,PV_126_block_011,PV_126_011_674352_R,674352.45,674418.1,14.23612965973029,1.9011790474153758,R,binocular,2,"/Volumes/Data-1/Nimrod/experiments/PV_126/2024_08_13/block_011/oe_files/PV126_Trial115_eyeTracking_w7/Record Node 102/analysis/recNames=block_011,Animal=PV_126/lizMov.mat",True,False,2,0,65.65000000002328,2
PV_126,011,PV_126_block_011,PV_126_011_679372_L,679371.8,679486.35,16.8308616903382,3.8650123701569195,L,binocular,2,"/Volumes/Data-1/Nimrod/experiments/PV_126/2024_08_13/block_011/oe_files/PV126_Trial115_eyeTracking_w7/Record Node 102/analysis/recNames=block_011,Animal=PV_126/lizMov.mat",True,True,3,1,65.59999999997672,2
PV_126,011,PV_126_block_011,PV_126_011_680438_R,680437.65,680503.25,11.229008246800268,203.9966727138187,R,binocular,2,"/Volumes/Data-1/Nimrod/experiments/PV_126/2024_08_13/block_011/oe_files/PV126_Trial115_eyeTracking_w7/Record Node 102/analysis/recNames=block_011,Animal=PV_126/lizMov.mat",True,False,1,0,65.59999999997672,2
PV_126,011,PV_126_block_011,PV_126_011_682800_L,682799.7,682930.9,20.52124638887602,48.441927075869394,L,binocular,2,"/Volumes/Data-1/Nimrod/experiments/PV_126/2024_08_13/block_011/oe_files/PV126_Trial115_eyeTracking_w7/Record Node 102/analysis/recNames=block_011,Animal=PV_126/lizMov.mat",True,False,2,0,98.40000000002328,2
PV_126,011,PV_126_block_011,PV_126_011_685015_R,685014.55,685113.0,11.107866786925962,234.8484777988172,R,binocular,2,"/Volumes/Data-1/Nimrod/experiments/PV_126/2024_08_13/block_011/oe_files/PV126_Trial115_eyeTracking_w7/Record Node 102/analysis/recNames=block_011,Animal=PV_126/lizMov.mat",True,False,0,0,81.79999999993015,2
PV_126,011,PV_126_block_011,PV_126_011_687705_R,687704.55,687851.95,18.250179684958113,17.646453869662924,R,binocular,2,"/Volumes/Data-1/Nimrod/experiments/PV_126/2024_08_13/block_011/oe_files/PV126_Trial115_eyeTracking_w7/Record Node 102/analysis/recNames=block_011,Animal=PV_126/lizMov.mat",True,False,1,0,114.59999999997672,2
PV_126,011,PV_126_block_011,PV_126_011_688065_L,688065.45,688163.85,7.337322065982866,129.25842093458093,L,binocular,2,"/Volumes/Data-1/Nimrod/experiments/PV_126/2024_08_13/block_011/oe_files/PV126_Trial115_eyeTracking_w7/Record Node 102/analysis/recNames=block_011,Animal=PV_126/lizMov.mat",True,False,0,0,,2
PV_126,011,PV_126_block_011,PV_126_011_693675_L,693675.1,693822.5,18.79165934374342,59.082323019494574,L,binocular,2,"/Volumes/Data-1/Nimrod/experiments/PV_126/2024_08_13/block_011/oe_files/PV126_Trial115_eyeTracking_w7/Record Node 102/analysis/recNames=block_011,Animal=PV_126/lizMov.mat",True,False,0,0,,2
PV_126,011,PV_126_block_011,PV_126_011_731140_R,731139.9,731205.55,12.2156024880719,157.3266046684433,R,binocular,2,"/Volumes/Data-1/Nimrod/experiments/PV_126/2024_08_13/block_011/oe_files/PV126_Trial115_eyeTracking_w7/Record Node 102/analysis/recNames=block_011,Animal=PV_126/lizMov.mat",True,False,0,0,65.65000000002328,2
PV_126,011,PV_126_block_011,PV_126_011_731550_R,731549.75,731664.85,7.024856466448065,8.944928815080052,R,binocular,2,"/Volumes/Data-1/Nimrod/experiments/PV_126/2024_08_13/block_011/oe_files/PV126_Trial115_eyeTracking_w7/Record Node 102/analysis/recNames=block_011,Animal=PV_126/lizMov.mat",True,False,0,0,,2
PV_126,011,PV_126_block_011,PV_126_011_733797_L,733797.35,733846.35,8.256931989824599,16.885028411737615,L,binocular,2,"/Volumes/Data-1/Nimrod/experiments/PV_126/2024_08_13/block_011/oe_files/PV126_Trial115_eyeTracking_w7/Record Node 102/analysis/recNames=block_011,Animal=PV_126/lizMov.mat",True,True,2,1,49.0,2
PV_126,011,PV_126_block_011,PV_126_011_738800_L,738800.5,738964.6,9.936049853039291,16.000982775944674,L,binocular,2,"/Volumes/Data-1/Nimrod/experiments/PV_126/2024_08_13/block_011/oe_files/PV126_Trial115_eyeTracking_w7/Record Node 102/analysis/recNames=block_011,Animal=PV_126/lizMov.mat",True,False,2,0,49.5,2
PV_126,011,PV_126_block_011,PV_126_011_745051_L,745050.9,745149.35,8.169634383557469,134.93410285294485,L,binocular,2,"/Volumes/Data-1/Nimrod/experiments/PV_126/2024_08_13/block_011/oe_files/PV126_Trial115_eyeTracking_w7/Record Node 102/analysis/recNames=block_011,Animal=PV_126/lizMov.mat",True,False,0,0,,2
PV_126,011,PV_126_block_011,PV_126_011_750596_R,750595.5,750677.25,13.528733662920782,205.91735781513614,R,binocular,2,"/Volumes/Data-1/Nimrod/experiments/PV_126/2024_08_13/block_011/oe_files/PV126_Trial115_eyeTracking_w7/Record Node 102/analysis/recNames=block_011,Animal=PV_126/lizMov.mat",True,True,2,1,32.800000000046566,2
PV_126,011,PV_126_block_011,PV_126_011_778462_L,778462.2,778527.8,7.961829548973755,142.18230725748842,L,binocular,2,"/Volumes/Data-1/Nimrod/experiments/PV_126/2024_08_13/block_011/oe_files/PV126_Trial115_eyeTracking_w7/Record Node 102/analysis/recNames=block_011,Animal=PV_126/lizMov.mat",True,True,5,3,49.45000000006985,2
PV_126,011,PV_126_block_011,PV_126_011_788697_R,788696.9,788762.55,10.731471840135836,203.19127459658213,R,binocular,2,"/Volumes/Data-1/Nimrod/experiments/PV_126/2024_08_13/block_011/oe_files/PV126_Trial115_eyeTracking_w7/Record Node 102/analysis/recNames=block_011,Animal=PV_126/lizMov.mat",True,False,2,0,65.65000000002328,2
PV_126,011,PV_126_block_011,PV_126_011_789009_R,789008.85,789057.8,9.420857301971377,170.0828329485219,R,binocular,2,"/Volumes/Data-1/Nimrod/experiments/PV_126/2024_08_13/block_011/oe_files/PV126_Trial115_eyeTracking_w7/Record Node 102/analysis/recNames=block_011,Animal=PV_126/lizMov.mat",True,True,4,1,32.800000000046566,2
PV_126,011,PV_126_block_011,PV_126_011_789042_R,789041.65,789140.05,9.477914587748897,331.81917863829466,R,binocular,2,"/Volumes/Data-1/Nimrod/experiments/PV_126/2024_08_13/block_011/oe_files/PV126_Trial115_eyeTracking_w7/Record Node 102/analysis/recNames=block_011,Animal=PV_126/lizMov.mat",True,True,4,1,48.949999999953434,2
PV_126,011,PV_126_block_011,PV_126_011_789173_R,789172.85,789287.4,11.282549481610326,33.38871268684621,R,binocular,2,"/Volumes/Data-1/Nimrod/experiments/PV_126/2024_08_13/block_011/oe_files/PV126_Trial115_eyeTracking_w7/Record Node 102/analysis/recNames=block_011,Animal=PV_126/lizMov.mat",True,False,1,0,65.59999999997672,2
PV_126,011,PV_126_block_011,PV_126_011_793027_R,793027.0,793092.6,11.630849414036707,309.0709649324356,R,binocular,2,"/Volumes/Data-1/Nimrod/experiments/PV_126/2024_08_13/block_011/oe_files/PV126_Trial115_eyeTracking_w7/Record Node 102/analysis/recNames=block_011,Animal=PV_126/lizMov.mat",True,False,2,0,49.449999999953434,2
PV_126,011,PV_126_block_011,PV_126_011_796996_R,796995.75,797078.0,7.151115732625726,5.708094146792413,R,binocular,2,"/Volumes/Data-1/Nimrod/experiments/PV_126/2024_08_13/block_011/oe_files/PV126_Trial115_eyeTracking_w7/Record Node 102/analysis/recNames=block_011,Animal=PV_126/lizMov.mat",True,True,4,2,16.650000000023283,2
PV_126,011,PV_126_block_011,PV_126_011_797586_L,797586.1,797733.95,11.385424806405691,228.3680821059654,L,binocular,2,"/Volumes/Data-1/Nimrod/experiments/PV_126/2024_08_13/block_011/oe_files/PV126_Trial115_eyeTracking_w7/Record Node 102/analysis/recNames=block_011,Animal=PV_126/lizMov.mat",True,True,3,2,49.45000000006985,2
PV_126,011,PV_126_block_011,PV_126_011_797717_R,797717.3,797815.7,7.758280053207453,341.16156493503837,R,binocular,2,"/Volumes/Data-1/Nimrod/experiments/PV_126/2024_08_13/block_011/oe_files/PV126_Trial115_eyeTracking_w7/Record Node 102/analysis/recNames=block_011,Animal=PV_126/lizMov.mat",True,False,0,0,,2
PV_126,011,PV_126_block_011,PV_126_011_801965_R,801965.1,802030.7,7.090600016614885,335.59861026607643,R,binocular,2,"/Volumes/Data-1/Nimrod/experiments/PV_126/2024_08_13/block_011/oe_files/PV126_Trial115_eyeTracking_w7/Record Node 102/analysis/recNames=block_011,Animal=PV_126/lizMov.mat",True,False,0,0,,2
PV_126,011,PV_126_block_011,PV_126_011_805442_L,805442.0,805556.55,9.064227712241816,180.4734644776114,L,binocular,2,"/Volumes/Data-1/Nimrod/experiments/PV_126/2024_08_13/block_011/oe_files/PV126_Trial115_eyeTracking_w7/Record Node 102/analysis/recNames=block_011,Animal=PV_126/lizMov.mat",True,False,1,0,147.34999999997672,2
PV_126,011,PV_126_block_011,PV_126_011_806918_R,806918.1,806967.05,15.519688448110195,162.02797559202222,R,binocular,2,"/Volumes/Data-1/Nimrod/experiments/PV_126/2024_08_13/block_011/oe_files/PV126_Trial115_eyeTracking_w7/Record Node 102/analysis/recNames=block_011,Animal=PV_126/lizMov.mat",True,True,6,2,32.800000000046566,2
PV_126,011,PV_126_block_011,PV_126_011_808132_R,808131.95,808230.4,11.530841610020113,11.778472757848688,R,binocular,2,"/Volumes/Data-1/Nimrod/experiments/PV_126/2024_08_13/block_011/oe_files/PV126_Trial115_eyeTracking_w7/Record Node 102/analysis/recNames=block_011,Animal=PV_126/lizMov.mat",True,False,2,0,49.0,2
PV_126,011,PV_126_block_011,PV_126_011_811888_R,811887.9,811920.7,7.1149831266335735,126.15054913566262,R,binocular,2,"/Volumes/Data-1/Nimrod/experiments/PV_126/2024_08_13/block_011/oe_files/PV126_Trial115_eyeTracking_w7/Record Node 102/analysis/recNames=block_011,Animal=PV_126/lizMov.mat",True,True,2,1,32.79999999993015,2
PV_126,011,PV_126_block_011,PV_126_011_811921_L,811920.7,812051.95,7.187276617338869,293.6417892601757,L,binocular,2,"/Volumes/Data-1/Nimrod/experiments/PV_126/2024_08_13/block_011/oe_files/PV126_Trial115_eyeTracking_w7/Record Node 102/analysis/recNames=block_011,Animal=PV_126/lizMov.mat",True,False,1,0,65.60000000009313,2
PV_126,011,PV_126_block_011,PV_126_011_812889_L,812888.7,812921.5,7.768083787276138,1.1202590435167024,L,binocular,2,"/Volumes/Data-1/Nimrod/experiments/PV_126/2024_08_13/block_011/oe_files/PV126_Trial115_eyeTracking_w7/Record Node 102/analysis/recNames=block_011,Animal=PV_126/lizMov.mat",True,False,0,0,32.800000000046566,2
PV_126,011,PV_126_block_011,PV_126_011_812922_R,812921.5,813003.3,8.848142310041151,209.5254488452556,R,binocular,2,"/Volumes/Data-1/Nimrod/experiments/PV_126/2024_08_13/block_011/oe_files/PV126_Trial115_eyeTracking_w7/Record Node 102/analysis/recNames=block_011,Animal=PV_126/lizMov.mat",True,False,0,0,,2
PV_126,011,PV_126_block_011,PV_126_011_848582_R,848582.4,848664.2,15.46284491621673,163.81718138679076,R,binocular,2,"/Volumes/Data-1/Nimrod/experiments/PV_126/2024_08_13/block_011/oe_files/PV126_Trial115_eyeTracking_w7/Record Node 102/analysis/recNames=block_011,Animal=PV_126/lizMov.mat",True,True,3,1,81.79999999993015,2
PV_126,011,PV_126_block_011,PV_126_011_848664_L,848664.2,848729.85,8.419004189803818,160.10068509458623,L,binocular,2,"/Volumes/Data-1/Nimrod/experiments/PV_126/2024_08_13/block_011/oe_files/PV126_Trial115_eyeTracking_w7/Record Node 102/analysis/recNames=block_011,Animal=PV_126/lizMov.mat",True,False,2,0,65.65000000002328,2
PV_126,011,PV_126_block_011,PV_126_011_850387_L,850387.0,850534.4,14.422777512004071,44.93203128145575,L,binocular,2,"/Volumes/Data-1/Nimrod/experiments/PV_126/2024_08_13/block_011/oe_files/PV126_Trial115_eyeTracking_w7/Record Node 102/analysis/recNames=block_011,Animal=PV_126/lizMov.mat",True,False,0,0,,2
PV_126,011,PV_126_block_011,PV_126_011_863347_L,863346.75,863477.95,15.919691233432498,13.195547397543805,L,binocular,2,"/Volumes/Data-1/Nimrod/experiments/PV_126/2024_08_13/block_011/oe_files/PV126_Trial115_eyeTracking_w7/Record Node 102/analysis/recNames=block_011,Animal=PV_126/lizMov.mat",True,False,1,0,48.949999999953434,2
PV_126,011,PV_126_block_011,PV_126_011_863494_L,863494.1,863609.2,13.062188745624157,156.578151427773,L,binocular,2,"/Volumes/Data-1/Nimrod/experiments/PV_126/2024_08_13/block_011/oe_files/PV126_Trial115_eyeTracking_w7/Record Node 102/analysis/recNames=block_011,Animal=PV_126/lizMov.mat",True,False,1,0,147.90000000002328,2
PV_126,011,PV_126_block_011,PV_126_011_864938_R,864937.75,864987.2,11.235863954603916,17.939377363483796,R,binocular,2,"/Volumes/Data-1/Nimrod/experiments/PV_126/2024_08_13/block_011/oe_files/PV126_Trial115_eyeTracking_w7/Record Node 102/analysis/recNames=block_011,Animal=PV_126/lizMov.mat",True,False,2,0,65.59999999997672,2
PV_126,011,PV_126_block_011,PV_126_011_865003_L,865003.35,865069.0,9.246970721910023,171.07310410460977,L,binocular,2,"/Volumes/Data-1/Nimrod/experiments/PV_126/2024_08_13/block_011/oe_files/PV126_Trial115_eyeTracking_w7/Record Node 102/analysis/recNames=block_011,Animal=PV_126/lizMov.mat",True,False,0,0,,2
PV_126,011,PV_126_block_011,PV_126_011_866595_L,866594.8,866643.75,9.5463691475534,352.46219694929516,L,binocular,2,"/Volumes/Data-1/Nimrod/experiments/PV_126/2024_08_13/block_011/oe_files/PV126_Trial115_eyeTracking_w7/Record Node 102/analysis/recNames=block_011,Animal=PV_126/lizMov.mat",True,True,4,1,48.949999999953434,2
PV_126,011,PV_126_block_011,PV_126_011_869334_R,869333.95,869399.6,12.845133523531505,167.87202553734718,R,binocular,2,"/Volumes/Data-1/Nimrod/experiments/PV_126/2024_08_13/block_011/oe_files/PV126_Trial115_eyeTracking_w7/Record Node 102/analysis/recNames=block_011,Animal=PV_126/lizMov.mat",True,True,2,1,65.65000000002328,2
PV_126,011,PV_126_block_011,PV_126_011_882818_R,882817.65,882981.65,23.330970717766697,267.50146451241767,R,binocular,2,"/Volumes/Data-1/Nimrod/experiments/PV_126/2024_08_13/block_011/oe_files/PV126_Trial115_eyeTracking_w7/Record Node 102/analysis/recNames=block_011,Animal=PV_126/lizMov.mat",True,False,0,0,,2
PV_126,011,PV_126_block_011,PV_126_011_902816_R,902816.35,902980.45,14.305700143247185,36.255720384185736,R,binocular,2,"/Volumes/Data-1/Nimrod/experiments/PV_126/2024_08_13/block_011/oe_files/PV126_Trial115_eyeTracking_w7/Record Node 102/analysis/recNames=block_011,Animal=PV_126/lizMov.mat",True,True,2,1,81.84999999997672,2
PV_126,011,PV_126_block_011,PV_126_011_920617_R,920616.65,920666.1,14.280560999187312,197.14825532285775,R,binocular,2,"/Volumes/Data-1/Nimrod/experiments/PV_126/2024_08_13/block_011/oe_files/PV126_Trial115_eyeTracking_w7/Record Node 102/analysis/recNames=block_011,Animal=PV_126/lizMov.mat",True,False,3,0,49.449999999953434,2
PV_126,011,PV_126_block_011,PV_126_011_925325_R,925325.25,925390.85,10.18760481916243,170.43452810745688,R,binocular,2,"/Volumes/Data-1/Nimrod/experiments/PV_126/2024_08_13/block_011/oe_files/PV126_Trial115_eyeTracking_w7/Record Node 102/analysis/recNames=block_011,Animal=PV_126/lizMov.mat",True,False,0,0,32.800000000046566,2
PV_126,011,PV_126_block_011,PV_126_011_926457_L,926457.0,926555.4,7.527758013443255,55.60927301916339,L,binocular,2,"/Volumes/Data-1/Nimrod/experiments/PV_126/2024_08_13/block_011/oe_files/PV126_Trial115_eyeTracking_w7/Record Node 102/analysis/recNames=block_011,Animal=PV_126/lizMov.mat",True,False,3,0,16.650000000023283,2
PV_126,011,PV_126_block_011,PV_126_011_932280_L,932280.4,932394.95,7.5054067108706555,65.98127034002225,L,binocular,2,"/Volumes/Data-1/Nimrod/experiments/PV_126/2024_08_13/block_011/oe_files/PV126_Trial115_eyeTracking_w7/Record Node 102/analysis/recNames=block_011,Animal=PV_126/lizMov.mat",True,True,3,1,32.79999999993015,2
PV_126,011,PV_126_block_011,PV_126_011_935134_L,935134.45,935265.65,13.327326456829988,64.9265605586087,L,binocular,2,"/Volumes/Data-1/Nimrod/experiments/PV_126/2024_08_13/block_011/oe_files/PV126_Trial115_eyeTracking_w7/Record Node 102/analysis/recNames=block_011,Animal=PV_126/lizMov.mat",True,False,0,0,,2
PV_126,011,PV_126_block_011,PV_126_011_1046835_R,1046835.1,1046916.85,7.97378911323709,32.45967595107599,R,binocular,2,"/Volumes/Data-1/Nimrod/experiments/PV_126/2024_08_13/block_011/oe_files/PV126_Trial115_eyeTracking_w7/Record Node 102/analysis/recNames=block_011,Animal=PV_126/lizMov.mat",True,False,0,0,,2
PV_126,011,PV_126_block_011,PV_126_011_1051559_R,1051559.0,1051690.25,7.849142879065236,207.7134078840482,R,binocular,2,"/Volumes/Data-1/Nimrod/experiments/PV_126/2024_08_13/block_011/oe_files/PV126_Trial115_eyeTracking_w7/Record Node 102/analysis/recNames=block_011,Animal=PV_126/lizMov.mat",True,True,2,1,65.64999999990687,2
PV_126,011,PV_126_block_011,PV_126_011_1057710_R,1057710.3,1057841.55,8.18223147673276,27.68858157307096,R,binocular,2,"/Volumes/Data-1/Nimrod/experiments/PV_126/2024_08_13/block_011/oe_files/PV126_Trial115_eyeTracking_w7/Record Node 102/analysis/recNames=block_011,Animal=PV_126/lizMov.mat",True,False,1,0,82.25,2
PV_126,011,PV_126_block_011,PV_126_011_1090993_R,1090993.1,1091042.05,11.120139036939745,171.8541241550191,R,binocular,2,"/Volumes/Data-1/Nimrod/experiments/PV_126/2024_08_13/block_011/oe_files/PV126_Trial115_eyeTracking_w7/Record Node 102/analysis/recNames=block_011,Animal=PV_126/lizMov.mat",True,True,3,1,32.799999999813735,2
PV_126,011,PV_126_block_011,PV_126_011_1118222_R,1118222.1,1118320.55,13.860972375139292,21.33271267936226,R,binocular,2,"/Volumes/Data-1/Nimrod/experiments/PV_126/2024_08_13/block_011/oe_files/PV126_Trial115_eyeTracking_w7/Record Node 102/analysis/recNames=block_011,Animal=PV_126/lizMov.mat",True,False,0,0,,2
PV_126,011,PV_126_block_011,PV_126_011_1164860_R,1164859.75,1164974.85,7.751198243336569,290.0414820162641,R,binocular,2,"/Volumes/Data-1/Nimrod/experiments/PV_126/2024_08_13/block_011/oe_files/PV126_Trial115_eyeTracking_w7/Record Node 102/analysis/recNames=block_011,Animal=PV_126/lizMov.mat",True,False,1,0,82.30000000004657,2
PV_126,011,PV_126_block_011,PV_126_011_1174112_L,1174111.55,1174144.4,7.667035267433906,359.5382386067167,L,binocular,2,"/Volumes/Data-1/Nimrod/experiments/PV_126/2024_08_13/block_011/oe_files/PV126_Trial115_eyeTracking_w7/Record Node 102/analysis/recNames=block_011,Animal=PV_126/lizMov.mat",True,False,1,0,16.649999999906868,2
PV_126,011,PV_126_block_011,PV_126_011_1174128_R,1174128.2,1174242.8,10.76677245652821,208.51111500442448,R,binocular,2,"/Volumes/Data-1/Nimrod/experiments/PV_126/2024_08_13/block_011/oe_files/PV126_Trial115_eyeTracking_w7/Record Node 102/analysis/recNames=block_011,Animal=PV_126/lizMov.mat",True,False,0,0,49.0,2
PV_126,011,PV_126_block_011,PV_126_011_1176622_R,1176621.8,1176687.4,7.805889539704364,354.9401092760425,R,binocular,2,"/Volumes/Data-1/Nimrod/experiments/PV_126/2024_08_13/block_011/oe_files/PV126_Trial115_eyeTracking_w7/Record Node 102/analysis/recNames=block_011,Animal=PV_126/lizMov.mat",True,False,2,0,98.39999999990687,2
PV_126,011,PV_126_block_011,PV_126_011_1193912_L,1193912.0,1194026.55,8.51981383305203,197.82804971808469,L,binocular,2,"/Volumes/Data-1/Nimrod/experiments/PV_126/2024_08_13/block_011/oe_files/PV126_Trial115_eyeTracking_w7/Record Node 102/analysis/recNames=block_011,Animal=PV_126/lizMov.mat",True,True,3,1,65.60000000009313,2
PV_126,011,PV_126_block_011,PV_126_011_1195848_R,1195847.7,1195913.35,16.929226857197033,182.90568658607148,R,binocular,2,"/Volumes/Data-1/Nimrod/experiments/PV_126/2024_08_13/block_011/oe_files/PV126_Trial115_eyeTracking_w7/Record Node 102/analysis/recNames=block_011,Animal=PV_126/lizMov.mat",True,True,3,1,49.0,2
PV_126,011,PV_126_block_011,PV_126_011_1195897_R,1195896.7,1195995.15,12.94161342227102,349.7502949225793,R,binocular,2,"/Volumes/Data-1/Nimrod/experiments/PV_126/2024_08_13/block_011/oe_files/PV126_Trial115_eyeTracking_w7/Record Node 102/analysis/recNames=block_011,Animal=PV_126/lizMov.mat",True,True,3,1,16.6500000001397,2
PV_126,011,PV_126_block_011,PV_126_011_1196980_R,1196979.55,1197077.95,17.264410894058425,13.611549988213852,R,binocular,2,"/Volumes/Data-1/Nimrod/experiments/PV_126/2024_08_13/block_011/oe_files/PV126_Trial115_eyeTracking_w7/Record Node 102/analysis/recNames=block_011,Animal=PV_126/lizMov.mat",True,False,2,0,115.05000000004657,2
PV_126,011,PV_126_block_011,PV_126_011_1197095_L,1197094.6,1197258.65,13.388928719133874,178.042112694221,L,binocular,2,"/Volumes/Data-1/Nimrod/experiments/PV_126/2024_08_13/block_011/oe_files/PV126_Trial115_eyeTracking_w7/Record Node 102/analysis/recNames=block_011,Animal=PV_126/lizMov.mat",True,False,0,0,,2
PV_126,011,PV_126_block_011,PV_126_011_1197488_R,1197488.3,1197521.1,8.250540573399931,28.166748561241135,R,binocular,2,"/Volumes/Data-1/Nimrod/experiments/PV_126/2024_08_13/block_011/oe_files/PV126_Trial115_eyeTracking_w7/Record Node 102/analysis/recNames=block_011,Animal=PV_126/lizMov.mat",True,False,2,0,32.800000000046566,2
PV_126,011,PV_126_block_011,PV_126_011_1199637_R,1199637.15,1199702.8,10.778907587605772,181.8206486447334,R,binocular,2,"/Volumes/Data-1/Nimrod/experiments/PV_126/2024_08_13/block_011/oe_files/PV126_Trial115_eyeTracking_w7/Record Node 102/analysis/recNames=block_011,Animal=PV_126/lizMov.mat",True,True,5,3,49.450000000186265,2
PV_126,011,PV_126_block_011,PV_126_011_1214318_L,1214318.35,1214482.4,15.92192608231265,160.11656010836876,L,binocular,2,"/Volumes/Data-1/Nimrod/experiments/PV_126/2024_08_13/block_011/oe_files/PV126_Trial115_eyeTracking_w7/Record Node 102/analysis/recNames=block_011,Animal=PV_126/lizMov.mat",True,False,1,0,81.79999999981374,2
PV_126,011,PV_126_block_011,PV_126_011_1216008_L,1216007.85,1216122.95,7.803817481680726,5.843674662102835,L,binocular,2,"/Volumes/Data-1/Nimrod/experiments/PV_126/2024_08_13/block_011/oe_files/PV126_Trial115_eyeTracking_w7/Record Node 102/analysis/recNames=block_011,Animal=PV_126/lizMov.mat",True,True,2,1,32.8499999998603,2
PV_126,011,PV_126_block_011,PV_126_011_1220929_L,1220929.2,1221011.5,8.462325326810877,225.1991045391181,L,binocular,2,"/Volumes/Data-1/Nimrod/experiments/PV_126/2024_08_13/block_011/oe_files/PV126_Trial115_eyeTracking_w7/Record Node 102/analysis/recNames=block_011,Animal=PV_126/lizMov.mat",True,False,1,0,49.449999999953434,2
PV_126,011,PV_126_block_011,PV_126_011_1221996_R,1221995.9,1222044.85,15.05092546304289,133.62083018145213,R,binocular,2,"/Volumes/Data-1/Nimrod/experiments/PV_126/2024_08_13/block_011/oe_files/PV126_Trial115_eyeTracking_w7/Record Node 102/analysis/recNames=block_011,Animal=PV_126/lizMov.mat",True,True,3,1,48.950000000186265,2
PV_126,011,PV_126_block_011,PV_126_011_1256609_R,1256608.55,1256723.15,17.957188363339135,260.640587875228,R,binocular,2,"/Volumes/Data-1/Nimrod/experiments/PV_126/2024_08_13/block_011/oe_files/PV126_Trial115_eyeTracking_w7/Record Node 102/analysis/recNames=block_011,Animal=PV_126/lizMov.mat",True,False,0,0,,2
PV_126,011,PV_126_block_011,PV_126_011_1326882_R,1326882.25,1326947.85,8.820850000683725,297.1910342477433,R,binocular,2,"/Volumes/Data-1/Nimrod/experiments/PV_126/2024_08_13/block_011/oe_files/PV126_Trial115_eyeTracking_w7/Record Node 102/analysis/recNames=block_011,Animal=PV_126/lizMov.mat",True,False,1,0,48.949999999953434,2
PV_126,011,PV_126_block_011,PV_126_011_1375979_L,1375979.25,1376044.9,11.960116851522018,350.55739063379434,L,binocular,2,"/Volumes/Data-1/Nimrod/experiments/PV_126/2024_08_13/block_011/oe_files/PV126_Trial115_eyeTracking_w7/Record Node 102/analysis/recNames=block_011,Animal=PV_126/lizMov.mat",True,False,2,0,65.64999999990687,2
PV_126,011,PV_126_block_011,PV_126_011_1430448_L,1430447.6,1430513.25,7.162288808011143,337.9869102561856,L,binocular,2,"/Volumes/Data-1/Nimrod/experiments/PV_126/2024_08_13/block_011/oe_files/PV126_Trial115_eyeTracking_w7/Record Node 102/analysis/recNames=block_011,Animal=PV_126/lizMov.mat",True,True,3,1,32.8499999998603,2
PV_126,011,PV_126_block_011,PV_126_011_1430694_L,1430693.95,1430742.95,9.151024150975827,171.28585306465885,L,binocular,2,"/Volumes/Data-1/Nimrod/experiments/PV_126/2024_08_13/block_011/oe_files/PV126_Trial115_eyeTracking_w7/Record Node 102/analysis/recNames=block_011,Animal=PV_126/lizMov.mat",True,True,4,1,98.44999999995343,2
PV_126,011,PV_126_block_011,PV_126_011_1432055_R,1432055.35,1432153.8,13.089595665965005,13.040068767130004,R,binocular,2,"/Volumes/Data-1/Nimrod/experiments/PV_126/2024_08_13/block_011/oe_files/PV126_Trial115_eyeTracking_w7/Record Node 102/analysis/recNames=block_011,Animal=PV_126/lizMov.mat",True,False,2,0,16.649999999906868,2
PV_126,011,PV_126_block_011,PV_126_011_1479172_R,1479172.0,1479254.25,7.358120147085346,2.215135369519752,R,binocular,2,"/Volumes/Data-1/Nimrod/experiments/PV_126/2024_08_13/block_011/oe_files/PV126_Trial115_eyeTracking_w7/Record Node 102/analysis/recNames=block_011,Animal=PV_126/lizMov.mat",True,False,1,0,98.39999999990687,2
PV_126,011,PV_126_block_011,PV_126_011_1481928_R,1481927.95,1482043.05,9.458996846731111,352.3055543303263,R,binocular,2,"/Volumes/Data-1/Nimrod/experiments/PV_126/2024_08_13/block_011/oe_files/PV126_Trial115_eyeTracking_w7/Record Node 102/analysis/recNames=block_011,Animal=PV_126/lizMov.mat",True,True,3,2,32.85000000009313,2
PV_126,011,PV_126_block_011,PV_126_011_1483520_R,1483519.6,1483618.0,8.89724708882633,171.72295088715856,R,binocular,2,"/Volumes/Data-1/Nimrod/experiments/PV_126/2024_08_13/block_011/oe_files/PV126_Trial115_eyeTracking_w7/Record Node 102/analysis/recNames=block_011,Animal=PV_126/lizMov.mat",True,True,3,1,65.5999999998603,2
PV_126,011,PV_126_block_011,PV_126_011_1501189_R,1501188.95,1501304.0,12.18868057094606,188.88615942517362,R,binocular,2,"/Volumes/Data-1/Nimrod/experiments/PV_126/2024_08_13/block_011/oe_files/PV126_Trial115_eyeTracking_w7/Record Node 102/analysis/recNames=block_011,Animal=PV_126/lizMov.mat",True,False,1,0,65.60000000009313,2
PV_126,011,PV_126_block_011,PV_126_011_1591873_L,1591873.3,1591971.75,12.686053362379063,279.49961499094405,L,binocular,2,"/Volumes/Data-1/Nimrod/experiments/PV_126/2024_08_13/block_011/oe_files/PV126_Trial115_eyeTracking_w7/Record Node 102/analysis/recNames=block_011,Animal=PV_126/lizMov.mat",True,False,0,0,,2
PV_126,011,PV_126_block_011,PV_126_011_1680702_R,1680702.0,1680750.95,14.668653655812221,165.85490993229934,R,binocular,2,"/Volumes/Data-1/Nimrod/experiments/PV_126/2024_08_13/block_011/oe_files/PV126_Trial115_eyeTracking_w7/Record Node 102/analysis/recNames=block_011,Animal=PV_126/lizMov.mat",True,True,3,2,48.949999999953434,2
PV_126,011,PV_126_block_011,PV_126_011_1680751_L,1680750.95,1680833.25,7.71942796814577,157.60353367569175,L,binocular,2,"/Volumes/Data-1/Nimrod/experiments/PV_126/2024_08_13/block_011/oe_files/PV126_Trial115_eyeTracking_w7/Record Node 102/analysis/recNames=block_011,Animal=PV_126/lizMov.mat",True,False,1,0,32.800000000046566,2
PV_126,011,PV_126_block_011,PV_126_011_1686361_R,1686360.55,1686442.8,11.819420554095032,246.25276860922065,R,binocular,2,"/Volumes/Data-1/Nimrod/experiments/PV_126/2024_08_13/block_011/oe_files/PV126_Trial115_eyeTracking_w7/Record Node 102/analysis/recNames=block_011,Animal=PV_126/lizMov.mat",True,False,0,0,,2
PV_126,011,PV_126_block_011,PV_126_011_1769507_R,1769507.25,1769556.7,7.285411419390432,192.46135171127608,R,binocular,2,"/Volumes/Data-1/Nimrod/experiments/PV_126/2024_08_13/block_011/oe_files/PV126_Trial115_eyeTracking_w7/Record Node 102/analysis/recNames=block_011,Animal=PV_126/lizMov.mat",True,False,2,0,32.800000000046566,2
PV_126,011,PV_126_block_011,PV_126_011_1769770_R,1769769.7,1769819.15,8.692659429074974,32.89350603608612,R,binocular,2,"/Volumes/Data-1/Nimrod/experiments/PV_126/2024_08_13/block_011/oe_files/PV126_Trial115_eyeTracking_w7/Record Node 102/analysis/recNames=block_011,Animal=PV_126/lizMov.mat",True,True,3,1,65.60000000009313,2
PV_126,011,PV_126_block_011,PV_126_011_1769835_R,1769835.3,1769900.9,7.70115802712793,217.95366002855732,R,binocular,2,"/Volumes/Data-1/Nimrod/experiments/PV_126/2024_08_13/block_011/oe_files/PV126_Trial115_eyeTracking_w7/Record Node 102/analysis/recNames=block_011,Animal=PV_126/lizMov.mat",True,True,3,1,65.5999999998603,2
PV_126,011,PV_126_block_011,PV_126_011_1769901_R,1769900.9,1769950.35,9.067880269859435,34.44771103494955,R,binocular,2,"/Volumes/Data-1/Nimrod/experiments/PV_126/2024_08_13/block_011/oe_files/PV126_Trial115_eyeTracking_w7/Record Node 102/analysis/recNames=block_011,Animal=PV_126/lizMov.mat",True,True,4,1,65.6500000001397,2
PV_126,011,PV_126_block_011,PV_126_011_1770065_R,1770064.95,1770180.05,16.343089907137486,220.06755797222996,R,binocular,2,"/Volumes/Data-1/Nimrod/experiments/PV_126/2024_08_13/block_011/oe_files/PV126_Trial115_eyeTracking_w7/Record Node 102/analysis/recNames=block_011,Animal=PV_126/lizMov.mat",True,False,1,0,82.30000000004657,2
PV_126,011,PV_126_block_011,PV_126_011_1772444_L,1772444.1,1772493.05,8.55683982639808,318.3008418110031,L,binocular,2,"/Volumes/Data-1/Nimrod/experiments/PV_126/2024_08_13/block_011/oe_files/PV126_Trial115_eyeTracking_w7/Record Node 102/analysis/recNames=block_011,Animal=PV_126/lizMov.mat",True,True,2,1,32.799999999813735,2
PV_126,011,PV_126_block_011,PV_126_011_1772493_L,1772493.05,1772591.5,14.787832033631577,155.87421965590966,L,binocular,2,"/Volumes/Data-1/Nimrod/experiments/PV_126/2024_08_13/block_011/oe_files/PV126_Trial115_eyeTracking_w7/Record Node 102/analysis/recNames=block_011,Animal=PV_126/lizMov.mat",True,False,2,0,98.44999999995343,2
PV_126,011,PV_126_block_011,PV_126_011_1772592_R,1772591.5,1772722.75,10.467382583610894,5.1497614089614,R,binocular,2,"/Volumes/Data-1/Nimrod/experiments/PV_126/2024_08_13/block_011/oe_files/PV126_Trial115_eyeTracking_w7/Record Node 102/analysis/recNames=block_011,Animal=PV_126/lizMov.mat",True,False,0,0,,2
PV_126,011,PV_126_block_011,PV_126_011_1774446_R,1774445.6,1774593.0,15.943257492152245,90.04830688950817,R,binocular,2,"/Volumes/Data-1/Nimrod/experiments/PV_126/2024_08_13/block_011/oe_files/PV126_Trial115_eyeTracking_w7/Record Node 102/analysis/recNames=block_011,Animal=PV_126/lizMov.mat",True,False,1,0,48.949999999953434,2
PV_126,011,PV_126_block_011,PV_126_011_1778743_L,1778743.45,1778858.0,13.162697766811505,189.60507994610293,L,binocular,2,"/Volumes/Data-1/Nimrod/experiments/PV_126/2024_08_13/block_011/oe_files/PV126_Trial115_eyeTracking_w7/Record Node 102/analysis/recNames=block_011,Animal=PV_126/lizMov.mat",True,False,2,0,65.60000000009313,2
PV_126,011,PV_126_block_011,PV_126_011_1781056_R,1781056.25,1781121.85,15.391954745532097,169.38487355469104,R,binocular,2,"/Volumes/Data-1/Nimrod/experiments/PV_126/2024_08_13/block_011/oe_files/PV126_Trial115_eyeTracking_w7/Record Node 102/analysis/recNames=block_011,Animal=PV_126/lizMov.mat",True,False,2,0,49.449999999953434,2
PV_126,011,PV_126_block_011,PV_126_011_1781581_R,1781581.2,1781827.55,21.668473463987866,351.3031849235994,R,binocular,2,"/Volumes/Data-1/Nimrod/experiments/PV_126/2024_08_13/block_011/oe_files/PV126_Trial115_eyeTracking_w7/Record Node 102/analysis/recNames=block_011,Animal=PV_126/lizMov.mat",True,False,1,0,147.9000000001397,2
PV_126,011,PV_126_block_011,PV_126_011_1784403_R,1784402.75,1784452.2,9.787116458072438,203.50050236289198,R,binocular,2,"/Volumes/Data-1/Nimrod/experiments/PV_126/2024_08_13/block_011/oe_files/PV126_Trial115_eyeTracking_w7/Record Node 102/analysis/recNames=block_011,Animal=PV_126/lizMov.mat",True,False,2,0,49.449999999953434,2
PV_126,011,PV_126_block_011,PV_126_011_1785026_R,1785026.05,1785173.9,12.396059677765065,330.00362328679074,R,binocular,2,"/Volumes/Data-1/Nimrod/experiments/PV_126/2024_08_13/block_011/oe_files/PV126_Trial115_eyeTracking_w7/Record Node 102/analysis/recNames=block_011,Animal=PV_126/lizMov.mat",True,True,2,1,16.649999999906868,2
PV_126,011,PV_126_block_011,PV_126_011_1786502_R,1786502.5,1786650.35,12.08469061965547,21.94535910820874,R,binocular,2,"/Volumes/Data-1/Nimrod/experiments/PV_126/2024_08_13/block_011/oe_files/PV126_Trial115_eyeTracking_w7/Record Node 102/analysis/recNames=block_011,Animal=PV_126/lizMov.mat",True,False,1,0,49.449999999953434,2
PV_126,011,PV_126_block_011,PV_126_011_1786749_R,1786748.8,1786797.75,7.32233076120352,219.66863310415025,R,binocular,2,"/Volumes/Data-1/Nimrod/experiments/PV_126/2024_08_13/block_011/oe_files/PV126_Trial115_eyeTracking_w7/Record Node 102/analysis/recNames=block_011,Animal=PV_126/lizMov.mat",True,False,1,0,32.800000000046566,2
PV_126,011,PV_126_block_011,PV_126_011_1786782_R,1786781.6,1786896.2,9.42683409537804,16.027580595404388,R,binocular,2,"/Volumes/Data-1/Nimrod/experiments/PV_126/2024_08_13/block_011/oe_files/PV126_Trial115_eyeTracking_w7/Record Node 102/analysis/recNames=block_011,Animal=PV_126/lizMov.mat",True,False,0,0,,2
PV_126,011,PV_126_block_011,PV_126_011_1790456_R,1790456.05,1790505.05,7.488457204135163,141.32237071885737,R,binocular,2,"/Volumes/Data-1/Nimrod/experiments/PV_126/2024_08_13/block_011/oe_files/PV126_Trial115_eyeTracking_w7/Record Node 102/analysis/recNames=block_011,Animal=PV_126/lizMov.mat",True,False,3,0,32.8499999998603,2
PV_126,011,PV_126_block_011,PV_126_011_1792342_L,1792342.2,1792490.1,20.69802208857056,73.73693920597533,L,binocular,2,"/Volumes/Data-1/Nimrod/experiments/PV_126/2024_08_13/block_011/oe_files/PV126_Trial115_eyeTracking_w7/Record Node 102/analysis/recNames=block_011,Animal=PV_126/lizMov.mat",True,False,0,0,,2
PV_126,011,PV_126_block_011,PV_126_011_647908_L,647907.9,647956.85,7.690532494848058,153.22795617531781,L,monocular,1,"/Volumes/Data-1/Nimrod/experiments/PV_126/2024_08_13/block_011/oe_files/PV126_Trial115_eyeTracking_w7/Record Node 102/analysis/recNames=block_011,Animal=PV_126/lizMov.mat",True,False,2,0,65.59999999997672,1
PV_126,011,PV_126_block_011,PV_126_011_653436_L,653435.95,653518.2,7.466868505222635,24.734066020518533,L,monocular,1,"/Volumes/Data-1/Nimrod/experiments/PV_126/2024_08_13/block_011/oe_files/PV126_Trial115_eyeTracking_w7/Record Node 102/analysis/recNames=block_011,Animal=PV_126/lizMov.mat",True,False,0,0,,1
PV_126,011,PV_126_block_011,PV_126_011_668168_L,668167.55,668200.35,7.06068447183394,219.23919370056893,L,monocular,1,"/Volumes/Data-1/Nimrod/experiments/PV_126/2024_08_13/block_011/oe_files/PV126_Trial115_eyeTracking_w7/Record Node 102/analysis/recNames=block_011,Animal=PV_126/lizMov.mat",True,True,2,1,32.79999999993015,1
PV_126,011,PV_126_block_011,PV_126_011_697661_L,697660.65,697742.9,7.3255729612417015,210.3427806972676,L,monocular,1,"/Volumes/Data-1/Nimrod/experiments/PV_126/2024_08_13/block_011/oe_files/PV126_Trial115_eyeTracking_w7/Record Node 102/analysis/recNames=block_011,Animal=PV_126/lizMov.mat",True,False,0,0,,1
PV_126,011,PV_126_block_011,PV_126_011_733846_L,733846.35,733911.95,7.074117347188106,220.74320872331967,L,monocular,1,"/Volumes/Data-1/Nimrod/experiments/PV_126/2024_08_13/block_011/oe_files/PV126_Trial115_eyeTracking_w7/Record Node 102/analysis/recNames=block_011,Animal=PV_126/lizMov.mat",True,False,1,0,65.59999999997672,1
PV_126,011,PV_126_block_011,PV_126_011_740064_L,740064.05,740096.85,9.697661694961193,175.59205275573294,L,monocular,1,"/Volumes/Data-1/Nimrod/experiments/PV_126/2024_08_13/block_011/oe_files/PV126_Trial115_eyeTracking_w7/Record Node 102/analysis/recNames=block_011,Animal=PV_126/lizMov.mat",True,False,1,0,65.59999999997672,1
PV_126,011,PV_126_block_011,PV_126_011_767620_L,767620.4,767669.35,12.61839275659098,304.5169634449679,L,monocular,1,"/Volumes/Data-1/Nimrod/experiments/PV_126/2024_08_13/block_011/oe_files/PV126_Trial115_eyeTracking_w7/Record Node 102/analysis/recNames=block_011,Animal=PV_126/lizMov.mat",True,True,3,1,48.949999999953434,1
PV_126,011,PV_126_block_011,PV_126_011_790551_L,790550.65,790599.6,8.67750818367687,334.5193870333238,L,monocular,1,"/Volumes/Data-1/Nimrod/experiments/PV_126/2024_08_13/block_011/oe_files/PV126_Trial115_eyeTracking_w7/Record Node 102/analysis/recNames=block_011,Animal=PV_126/lizMov.mat",True,False,0,0,48.949999999953434,1
PV_126,011,PV_126_block_011,PV_126_011_790600_L,790599.6,790665.2,9.289200232404486,156.03447651375987,L,monocular,1,"/Volumes/Data-1/Nimrod/experiments/PV_126/2024_08_13/block_011/oe_files/PV126_Trial115_eyeTracking_w7/Record Node 102/analysis/recNames=block_011,Animal=PV_126/lizMov.mat",True,False,0,0,,1
PV_126,011,PV_126_block_011,PV_126_011_925276_L,925275.8,925325.25,7.632664067947249,4.374463476843685,L,monocular,1,"/Volumes/Data-1/Nimrod/experiments/PV_126/2024_08_13/block_011/oe_files/PV126_Trial115_eyeTracking_w7/Record Node 102/analysis/recNames=block_011,Animal=PV_126/lizMov.mat",True,False,1,0,49.449999999953434,1
PV_126,011,PV_126_block_011,PV_126_011_1785043_L,1785042.7,1785108.3,9.175037889302413,215.0002771204332,L,monocular,1,"/Volumes/Data-1/Nimrod/experiments/PV_126/2024_08_13/block_011/oe_files/PV126_Trial115_eyeTracking_w7/Record Node 102/analysis/recNames=block_011,Animal=PV_126/lizMov.mat",True,False,1,0,98.4000000001397,1
PV_126,011,PV_126_block_011,PV_126_011_547818_R,547817.9,547949.1,23.368350663472363,260.49014348495274,R,monocular,1,"/Volumes/Data-1/Nimrod/experiments/PV_126/2024_08_13/block_011/oe_files/PV126_Trial115_eyeTracking_w7/Record Node 102/analysis/recNames=block_011,Animal=PV_126/lizMov.mat",True,False,0,0,,1
PV_126,011,PV_126_block_011,PV_126_011_605917_R,605917.25,606031.85,7.199445182129835,347.82733075433316,R,monocular,1,"/Volumes/Data-1/Nimrod/experiments/PV_126/2024_08_13/block_011/oe_files/PV126_Trial115_eyeTracking_w7/Record Node 102/analysis/recNames=block_011,Animal=PV_126/lizMov.mat",True,False,0,0,,1
PV_126,011,PV_126_block_011,PV_126_011_636197_R,636197.05,636262.65,11.604346000080447,355.01052796099725,R,monocular,1,"/Volumes/Data-1/Nimrod/experiments/PV_126/2024_08_13/block_011/oe_files/PV126_Trial115_eyeTracking_w7/Record Node 102/analysis/recNames=block_011,Animal=PV_126/lizMov.mat",True,False,0,0,,1
PV_126,011,PV_126_block_011,PV_126_011_644365_R,644364.7,644397.5,7.582790389374801,7.941177131398576,R,monocular,1,"/Volumes/Data-1/Nimrod/experiments/PV_126/2024_08_13/block_011/oe_files/PV126_Trial115_eyeTracking_w7/Record Node 102/analysis/recNames=block_011,Animal=PV_126/lizMov.mat",True,True,2,1,32.800000000046566,1
PV_126,011,PV_126_block_011,PV_126_011_658538_R,658538.35,658604.0,11.071324511290808,40.584121473344034,R,monocular,1,"/Volumes/Data-1/Nimrod/experiments/PV_126/2024_08_13/block_011/oe_files/PV126_Trial115_eyeTracking_w7/Record Node 102/analysis/recNames=block_011,Animal=PV_126/lizMov.mat",True,False,1,0,49.0,1
PV_126,011,PV_126_block_011,PV_126_011_680503_R,680503.25,680601.7,17.271754643871702,10.265509417022184,R,monocular,1,"/Volumes/Data-1/Nimrod/experiments/PV_126/2024_08_13/block_011/oe_files/PV126_Trial115_eyeTracking_w7/Record Node 102/analysis/recNames=block_011,Animal=PV_126/lizMov.mat",True,False,1,0,49.449999999953434,1
PV_126,011,PV_126_block_011,PV_126_011_685096_R,685096.35,685194.75,13.14056422387807,16.79562456042488,R,monocular,1,"/Volumes/Data-1/Nimrod/experiments/PV_126/2024_08_13/block_011/oe_files/PV126_Trial115_eyeTracking_w7/Record Node 102/analysis/recNames=block_011,Animal=PV_126/lizMov.mat",True,False,0,0,,1
PV_126,011,PV_126_block_011,PV_126_011_730697_R,730696.8,730795.25,14.953966508907806,203.76464171154447,R,monocular,1,"/Volumes/Data-1/Nimrod/experiments/PV_126/2024_08_13/block_011/oe_files/PV126_Trial115_eyeTracking_w7/Record Node 102/analysis/recNames=block_011,Animal=PV_126/lizMov.mat",True,True,4,3,49.449999999953434,1
PV_126,011,PV_126_block_011,PV_126_011_731206_R,731205.55,731336.75,21.824408356887584,340.0938752866939,R,monocular,1,"/Volumes/Data-1/Nimrod/experiments/PV_126/2024_08_13/block_011/oe_files/PV126_Trial115_eyeTracking_w7/Record Node 102/analysis/recNames=block_011,Animal=PV_126/lizMov.mat",True,False,0,0,,1
PV_126,011,PV_126_block_011,PV_126_011_737882_R,737881.8,737996.85,7.705222780033054,39.502186667014094,R,monocular,1,"/Volumes/Data-1/Nimrod/experiments/PV_126/2024_08_13/block_011/oe_files/PV126_Trial115_eyeTracking_w7/Record Node 102/analysis/recNames=block_011,Animal=PV_126/lizMov.mat",True,False,1,0,147.89999999990687,1
PV_126,011,PV_126_block_011,PV_126_011_740015_R,740014.55,740064.05,10.137618077371993,0.4712649306416315,R,monocular,1,"/Volumes/Data-1/Nimrod/experiments/PV_126/2024_08_13/block_011/oe_files/PV126_Trial115_eyeTracking_w7/Record Node 102/analysis/recNames=block_011,Animal=PV_126/lizMov.mat",True,True,4,1,32.84999999997672,1
PV_126,011,PV_126_block_011,PV_126_011_792994_R,792994.2,793027.0,7.362169069568962,175.98625532425925,R,monocular,1,"/Volumes/Data-1/Nimrod/experiments/PV_126/2024_08_13/block_011/oe_files/PV126_Trial115_eyeTracking_w7/Record Node 102/analysis/recNames=block_011,Animal=PV_126/lizMov.mat",True,True,3,1,32.800000000046566,1
PV_126,011,PV_126_block_011,PV_126_011_797636_R,797635.55,797684.5,11.758926880214448,106.67779445720704,R,monocular,1,"/Volumes/Data-1/Nimrod/experiments/PV_126/2024_08_13/block_011/oe_files/PV126_Trial115_eyeTracking_w7/Record Node 102/analysis/recNames=block_011,Animal=PV_126/lizMov.mat",True,True,3,2,48.949999999953434,1
PV_126,011,PV_126_block_011,PV_126_011_806951_R,806950.9,806967.05,7.850430428861906,343.29830554131223,R,monocular,1,"/Volumes/Data-1/Nimrod/experiments/PV_126/2024_08_13/block_011/oe_files/PV126_Trial115_eyeTracking_w7/Record Node 102/analysis/recNames=block_011,Animal=PV_126/lizMov.mat",True,True,5,1,16.150000000023283,1
PV_126,011,PV_126_block_011,PV_126_011_808115_R,808115.3,808148.15,7.294699085193334,209.6014075379941,R,monocular,1,"/Volumes/Data-1/Nimrod/experiments/PV_126/2024_08_13/block_011/oe_files/PV126_Trial115_eyeTracking_w7/Record Node 102/analysis/recNames=block_011,Animal=PV_126/lizMov.mat",True,False,2,0,16.649999999906868,1
PV_126,011,PV_126_block_011,PV_126_011_847877_R,847876.65,848007.9,10.26314383433464,37.966925606327706,R,monocular,1,"/Volumes/Data-1/Nimrod/experiments/PV_126/2024_08_13/block_011/oe_files/PV126_Trial115_eyeTracking_w7/Record Node 102/analysis/recNames=block_011,Animal=PV_126/lizMov.mat",True,False,0,0,,1
PV_126,011,PV_126_block_011,PV_126_011_848730_R,848729.85,848828.25,7.919348408543987,0.19597613394220553,R,monocular,1,"/Volumes/Data-1/Nimrod/experiments/PV_126/2024_08_13/block_011/oe_files/PV126_Trial115_eyeTracking_w7/Record Node 102/analysis/recNames=block_011,Animal=PV_126/lizMov.mat",True,False,1,0,82.25,1
PV_126,011,PV_126_block_011,PV_126_011_863396_R,863395.7,863494.1,22.177966719045937,16.122206047413506,R,monocular,1,"/Volumes/Data-1/Nimrod/experiments/PV_126/2024_08_13/block_011/oe_files/PV126_Trial115_eyeTracking_w7/Record Node 102/analysis/recNames=block_011,Animal=PV_126/lizMov.mat",True,False,2,0,98.40000000002328,1
PV_126,011,PV_126_block_011,PV_126_011_866562_R,866562.0,866610.95,7.952061761416166,85.81319230309144,R,monocular,1,"/Volumes/Data-1/Nimrod/experiments/PV_126/2024_08_13/block_011/oe_files/PV126_Trial115_eyeTracking_w7/Record Node 102/analysis/recNames=block_011,Animal=PV_126/lizMov.mat",True,True,4,2,32.800000000046566,1
PV_126,011,PV_126_block_011,PV_126_011_921798_R,921797.95,921863.6,17.35988682194063,26.83599630491712,R,monocular,1,"/Volumes/Data-1/Nimrod/experiments/PV_126/2024_08_13/block_011/oe_files/PV126_Trial115_eyeTracking_w7/Record Node 102/analysis/recNames=block_011,Animal=PV_126/lizMov.mat",True,False,1,0,82.30000000004657,1
PV_126,011,PV_126_block_011,PV_126_011_921880_R,921880.25,921962.05,7.844036077230942,202.2663653199355,R,monocular,1,"/Volumes/Data-1/Nimrod/experiments/PV_126/2024_08_13/block_011/oe_files/PV126_Trial115_eyeTracking_w7/Record Node 102/analysis/recNames=block_011,Animal=PV_126/lizMov.mat",True,True,2,1,98.44999999995343,1
PV_126,011,PV_126_block_011,PV_126_011_924587_R,924586.8,924669.05,8.222154753903874,14.555558481131712,R,monocular,1,"/Volumes/Data-1/Nimrod/experiments/PV_126/2024_08_13/block_011/oe_files/PV126_Trial115_eyeTracking_w7/Record Node 102/analysis/recNames=block_011,Animal=PV_126/lizMov.mat",True,False,0,0,,1
PV_126,011,PV_126_block_011,PV_126_011_925358_R,925358.05,925439.8,11.157216628250968,333.96835790191676,R,monocular,1,"/Volumes/Data-1/Nimrod/experiments/PV_126/2024_08_13/block_011/oe_files/PV126_Trial115_eyeTracking_w7/Record Node 102/analysis/recNames=block_011,Animal=PV_126/lizMov.mat",True,False,0,0,,1
PV_126,011,PV_126_block_011,PV_126_011_932248_R,932247.6,932313.2,12.783506724233561,134.4963228065433,R,monocular,1,"/Volumes/Data-1/Nimrod/experiments/PV_126/2024_08_13/block_011/oe_files/PV126_Trial115_eyeTracking_w7/Record Node 102/analysis/recNames=block_011,Animal=PV_126/lizMov.mat",True,True,5,2,32.800000000046566,1
PV_126,011,PV_126_block_011,PV_126_011_988315_R,988314.6,988363.55,9.948768632253914,185.28306878204955,R,monocular,1,"/Volumes/Data-1/Nimrod/experiments/PV_126/2024_08_13/block_011/oe_files/PV126_Trial115_eyeTracking_w7/Record Node 102/analysis/recNames=block_011,Animal=PV_126/lizMov.mat",True,False,2,0,32.800000000046566,1
PV_126,011,PV_126_block_011,PV_126_011_1005422_R,1005421.9,1005438.55,7.1729984827724245,333.6264056301206,R,monocular,1,"/Volumes/Data-1/Nimrod/experiments/PV_126/2024_08_13/block_011/oe_files/PV126_Trial115_eyeTracking_w7/Record Node 102/analysis/recNames=block_011,Animal=PV_126/lizMov.mat",True,False,0,0,,1
PV_126,011,PV_126_block_011,PV_126_011_1046277_R,1046277.3,1046424.7,13.783528213091987,252.4852096287268,R,monocular,1,"/Volumes/Data-1/Nimrod/experiments/PV_126/2024_08_13/block_011/oe_files/PV126_Trial115_eyeTracking_w7/Record Node 102/analysis/recNames=block_011,Animal=PV_126/lizMov.mat",True,False,1,0,49.0,1
PV_126,011,PV_126_block_011,PV_126_011_1046671_R,1046671.05,1046802.3,15.464379413554605,9.105569327273766,R,monocular,1,"/Volumes/Data-1/Nimrod/experiments/PV_126/2024_08_13/block_011/oe_files/PV126_Trial115_eyeTracking_w7/Record Node 102/analysis/recNames=block_011,Animal=PV_126/lizMov.mat",True,True,3,1,81.79999999993015,1
PV_126,011,PV_126_block_011,PV_126_011_1052445_R,1052444.85,1052493.8,9.099979036923289,35.2807104194979,R,monocular,1,"/Volumes/Data-1/Nimrod/experiments/PV_126/2024_08_13/block_011/oe_files/PV126_Trial115_eyeTracking_w7/Record Node 102/analysis/recNames=block_011,Animal=PV_126/lizMov.mat",True,False,0,0,,1
PV_126,011,PV_126_block_011,PV_126_011_1174177_R,1174177.2,1174259.45,11.229979457413476,64.95387825401126,R,monocular,1,"/Volumes/Data-1/Nimrod/experiments/PV_126/2024_08_13/block_011/oe_files/PV126_Trial115_eyeTracking_w7/Record Node 102/analysis/recNames=block_011,Animal=PV_126/lizMov.mat",True,False,0,0,,1
PV_126,011,PV_126_block_011,PV_126_011_1213826_R,1213826.25,1213859.05,8.49155973380504,91.98741107709012,R,monocular,1,"/Volumes/Data-1/Nimrod/experiments/PV_126/2024_08_13/block_011/oe_files/PV126_Trial115_eyeTracking_w7/Record Node 102/analysis/recNames=block_011,Animal=PV_126/lizMov.mat",True,False,0,0,,1
PV_126,011,PV_126_block_011,PV_126_011_1216353_R,1216352.65,1216401.6,9.046531191549393,9.680362481116868,R,monocular,1,"/Volumes/Data-1/Nimrod/experiments/PV_126/2024_08_13/block_011/oe_files/PV126_Trial115_eyeTracking_w7/Record Node 102/analysis/recNames=block_011,Animal=PV_126/lizMov.mat",True,False,1,0,48.950000000186265,1
PV_126,011,PV_126_block_011,PV_126_011_1218288_R,1218288.3,1218386.75,11.857112705114574,25.17121768487002,R,monocular,1,"/Volumes/Data-1/Nimrod/experiments/PV_126/2024_08_13/block_011/oe_files/PV126_Trial115_eyeTracking_w7/Record Node 102/analysis/recNames=block_011,Animal=PV_126/lizMov.mat",True,True,3,1,49.0,1
PV_126,011,PV_126_block_011,PV_126_011_1426658_R,1426658.1,1426739.9,8.818535104423965,324.9209155996508,R,monocular,1,"/Volumes/Data-1/Nimrod/experiments/PV_126/2024_08_13/block_011/oe_files/PV126_Trial115_eyeTracking_w7/Record Node 102/analysis/recNames=block_011,Animal=PV_126/lizMov.mat",True,False,0,0,98.44999999995343,1
PV_126,011,PV_126_block_011,PV_126_011_1426757_R,1426756.55,1426822.15,10.848762088073558,104.03820860174817,R,monocular,1,"/Volumes/Data-1/Nimrod/experiments/PV_126/2024_08_13/block_011/oe_files/PV126_Trial115_eyeTracking_w7/Record Node 102/analysis/recNames=block_011,Animal=PV_126/lizMov.mat",True,True,2,1,65.5999999998603,1
PV_126,011,PV_126_block_011,PV_126_011_1426822_R,1426822.15,1426871.15,8.980938862421365,250.3344804922471,R,monocular,1,"/Volumes/Data-1/Nimrod/experiments/PV_126/2024_08_13/block_011/oe_files/PV126_Trial115_eyeTracking_w7/Record Node 102/analysis/recNames=block_011,Animal=PV_126/lizMov.mat",True,False,1,0,49.0,1
PV_126,011,PV_126_block_011,PV_126_011_1481961_R,1481960.8,1481977.45,9.093217825877584,113.98155619251844,R,monocular,1,"/Volumes/Data-1/Nimrod/experiments/PV_126/2024_08_13/block_011/oe_files/PV126_Trial115_eyeTracking_w7/Record Node 102/analysis/recNames=block_011,Animal=PV_126/lizMov.mat",True,True,2,1,16.649999999906868,1
PV_126,011,PV_126_block_011,PV_126_011_1481977_R,1481977.45,1481993.6,7.8773539575369345,309.3833976924385,R,monocular,1,"/Volumes/Data-1/Nimrod/experiments/PV_126/2024_08_13/block_011/oe_files/PV126_Trial115_eyeTracking_w7/Record Node 102/analysis/recNames=block_011,Animal=PV_126/lizMov.mat",True,False,1,0,16.1500000001397,1
PV_126,011,PV_126_block_011,PV_126_011_1500074_R,1500073.55,1500287.05,22.057252974787787,82.64637086224948,R,monocular,1,"/Volumes/Data-1/Nimrod/experiments/PV_126/2024_08_13/block_011/oe_files/PV126_Trial115_eyeTracking_w7/Record Node 102/analysis/recNames=block_011,Animal=PV_126/lizMov.mat",True,True,2,1,65.5999999998603,1
PV_126,011,PV_126_block_011,PV_126_011_1776545_R,1776545.25,1776643.7,18.031497734449566,268.2531602148489,R,monocular,1,"/Volumes/Data-1/Nimrod/experiments/PV_126/2024_08_13/block_011/oe_files/PV126_Trial115_eyeTracking_w7/Record Node 102/analysis/recNames=block_011,Animal=PV_126/lizMov.mat",True,False,0,0,,1
PV_126,011,PV_126_block_011,PV_126_011_1778858_R,1778858.0,1779054.85,7.586885738065619,354.44983344707003,R,monocular,1,"/Volumes/Data-1/Nimrod/experiments/PV_126/2024_08_13/block_011/oe_files/PV126_Trial115_eyeTracking_w7/Record Node 102/analysis/recNames=block_011,Animal=PV_126/lizMov.mat",True,True,2,1,115.10000000009313,1
PV_126,011,PV_126_block_011,PV_126_011_1780662_R,1780662.5,1780728.1,8.985306957256471,7.6677669652610465,R,monocular,1,"/Volumes/Data-1/Nimrod/experiments/PV_126/2024_08_13/block_011/oe_files/PV126_Trial115_eyeTracking_w7/Record Node 102/analysis/recNames=block_011,Animal=PV_126/lizMov.mat",True,False,0,0,,1
PV_126,012,PV_126_block_012,PV_126_012_38121_R,38121.3,38170.75,14.419362024947036,155.97734276541667,R,binocular,2,"/Volumes/Data-1/Nimrod/experiments/PV_126/2024_08_13/block_012/oe_files/PV126_Trial116_eyeTracking_h8/Record Node 102/analysis/recNames=block_012,Animal=PV_126/lizMov.mat",True,True,4,2,32.799999999995634,2
PV_126,012,PV_126_block_012,PV_126_012_38154_R,38154.1,38252.55,13.177298846323763,10.802928704165756,R,binocular,2,"/Volumes/Data-1/Nimrod/experiments/PV_126/2024_08_13/block_012/oe_files/PV126_Trial116_eyeTracking_h8/Record Node 102/analysis/recNames=block_012,Animal=PV_126/lizMov.mat",True,False,2,0,32.849999999998545,2
PV_126,012,PV_126_block_012,PV_126_012_85881_L,85881.25,85979.65,8.753500571879538,198.89207232780038,L,binocular,2,"/Volumes/Data-1/Nimrod/experiments/PV_126/2024_08_13/block_012/oe_files/PV126_Trial116_eyeTracking_h8/Record Node 102/analysis/recNames=block_012,Animal=PV_126/lizMov.mat",True,False,1,0,65.60000000000582,2
PV_126,012,PV_126_block_012,PV_126_012_92230_L,92230.15,92328.6,21.99684854414314,54.147521521551525,L,binocular,2,"/Volumes/Data-1/Nimrod/experiments/PV_126/2024_08_13/block_012/oe_files/PV126_Trial116_eyeTracking_h8/Record Node 102/analysis/recNames=block_012,Animal=PV_126/lizMov.mat",True,False,2,0,65.65000000000873,2
PV_126,012,PV_126_block_012,PV_126_012_94560_L,94559.55,94707.45,20.822487786784485,282.2263820796614,L,binocular,2,"/Volumes/Data-1/Nimrod/experiments/PV_126/2024_08_13/block_012/oe_files/PV126_Trial116_eyeTracking_h8/Record Node 102/analysis/recNames=block_012,Animal=PV_126/lizMov.mat",True,True,3,1,65.59999999999127,2
PV_126,012,PV_126_block_012,PV_126_012_112867_L,112866.85,112916.3,9.193776511540804,322.9558345539633,L,binocular,2,"/Volumes/Data-1/Nimrod/experiments/PV_126/2024_08_13/block_012/oe_files/PV126_Trial116_eyeTracking_h8/Record Node 102/analysis/recNames=block_012,Animal=PV_126/lizMov.mat",True,True,3,1,32.79999999998836,2
PV_126,012,PV_126_block_012,PV_126_012_115836_R,115836.45,115918.25,13.13750751009968,356.1492409473266,R,binocular,2,"/Volumes/Data-1/Nimrod/experiments/PV_126/2024_08_13/block_012/oe_files/PV126_Trial116_eyeTracking_h8/Record Node 102/analysis/recNames=block_012,Animal=PV_126/lizMov.mat",True,False,1,0,131.25,2
PV_126,012,PV_126_block_012,PV_126_012_156360_L,156360.2,156425.8,9.366444328190473,172.33897202133363,L,binocular,2,"/Volumes/Data-1/Nimrod/experiments/PV_126/2024_08_13/block_012/oe_files/PV126_Trial116_eyeTracking_h8/Record Node 102/analysis/recNames=block_012,Animal=PV_126/lizMov.mat",True,False,0,0,,2
PV_126,012,PV_126_block_012,PV_126_012_157000_R,156999.95,157065.55,10.457707531706136,126.6720468182705,R,binocular,2,"/Volumes/Data-1/Nimrod/experiments/PV_126/2024_08_13/block_012/oe_files/PV126_Trial116_eyeTracking_h8/Record Node 102/analysis/recNames=block_012,Animal=PV_126/lizMov.mat",True,False,2,0,65.59999999997672,2
PV_126,012,PV_126_block_012,PV_126_012_198276_R,198276.15,198325.65,11.323801979670582,86.96676543047275,R,binocular,2,"/Volumes/Data-1/Nimrod/experiments/PV_126/2024_08_13/block_012/oe_files/PV126_Trial116_eyeTracking_h8/Record Node 102/analysis/recNames=block_012,Animal=PV_126/lizMov.mat",True,False,2,0,49.5,2
PV_126,012,PV_126_block_012,PV_126_012_200606_R,200606.0,200671.6,7.848723189484623,311.65365737726137,R,binocular,2,"/Volumes/Data-1/Nimrod/experiments/PV_126/2024_08_13/block_012/oe_files/PV126_Trial116_eyeTracking_h8/Record Node 102/analysis/recNames=block_012,Animal=PV_126/lizMov.mat",True,False,1,0,82.25,2
PV_126,012,PV_126_block_012,PV_126_012_217522_L,217521.6,217620.05,7.845978701661034,49.330685638615854,L,binocular,2,"/Volumes/Data-1/Nimrod/experiments/PV_126/2024_08_13/block_012/oe_files/PV126_Trial116_eyeTracking_h8/Record Node 102/analysis/recNames=block_012,Animal=PV_126/lizMov.mat",True,False,0,0,,2
PV_126,012,PV_126_block_012,PV_126_012_283657_L,283656.8,283722.45,9.281282131208746,357.4947429929985,L,binocular,2,"/Volumes/Data-1/Nimrod/experiments/PV_126/2024_08_13/block_012/oe_files/PV126_Trial116_eyeTracking_h8/Record Node 102/analysis/recNames=block_012,Animal=PV_126/lizMov.mat",True,True,3,1,49.5,2
PV_126,012,PV_126_block_012,PV_126_012_283706_L,283706.3,283788.05,7.66295438007158,201.59374921080487,L,binocular,2,"/Volumes/Data-1/Nimrod/experiments/PV_126/2024_08_13/block_012/oe_files/PV126_Trial116_eyeTracking_h8/Record Node 102/analysis/recNames=block_012,Animal=PV_126/lizMov.mat",True,False,2,0,32.79999999998836,2
PV_126,012,PV_126_block_012,PV_126_012_286988_R,286987.6,287102.2,13.850245227560979,61.59231064208039,R,binocular,2,"/Volumes/Data-1/Nimrod/experiments/PV_126/2024_08_13/block_012/oe_files/PV126_Trial116_eyeTracking_h8/Record Node 102/analysis/recNames=block_012,Animal=PV_126/lizMov.mat",True,False,0,0,,2
PV_126,012,PV_126_block_012,PV_126_012_369043_R,369043.45,369207.5,18.00005216517814,342.03807605957354,R,binocular,2,"/Volumes/Data-1/Nimrod/experiments/PV_126/2024_08_13/block_012/oe_files/PV126_Trial116_eyeTracking_h8/Record Node 102/analysis/recNames=block_012,Animal=PV_126/lizMov.mat",True,False,1,0,65.59999999997672,2
PV_126,012,PV_126_block_012,PV_126_012_372488_R,372488.2,372569.95,21.98026247437413,153.3491057631034,R,binocular,2,"/Volumes/Data-1/Nimrod/experiments/PV_126/2024_08_13/block_012/oe_files/PV126_Trial116_eyeTracking_h8/Record Node 102/analysis/recNames=block_012,Animal=PV_126/lizMov.mat",True,True,3,1,65.59999999997672,2
PV_126,012,PV_126_block_012,PV_126_012_372554_R,372553.8,372652.25,17.722708366470542,331.7738001378916,R,binocular,2,"/Volumes/Data-1/Nimrod/experiments/PV_126/2024_08_13/block_012/oe_files/PV126_Trial116_eyeTracking_h8/Record Node 102/analysis/recNames=block_012,Animal=PV_126/lizMov.mat",True,False,1,0,49.0,2
PV_126,012,PV_126_block_012,PV_126_012_430549_L,430549.45,430647.9,25.246564417247566,57.61233937020324,L,binocular,2,"/Volumes/Data-1/Nimrod/experiments/PV_126/2024_08_13/block_012/oe_files/PV126_Trial116_eyeTracking_h8/Record Node 102/analysis/recNames=block_012,Animal=PV_126/lizMov.mat",True,True,4,2,65.64999999996508,2
PV_126,012,PV_126_block_012,PV_126_012_462117_R,462116.65,462182.3,7.827705017375585,34.38608437759151,R,binocular,2,"/Volumes/Data-1/Nimrod/experiments/PV_126/2024_08_13/block_012/oe_files/PV126_Trial116_eyeTracking_h8/Record Node 102/analysis/recNames=block_012,Animal=PV_126/lizMov.mat",True,False,0,0,,2
PV_126,012,PV_126_block_012,PV_126_012_481560_L,481559.6,481658.05,28.499424110128505,49.889853450742265,L,binocular,2,"/Volumes/Data-1/Nimrod/experiments/PV_126/2024_08_13/block_012/oe_files/PV126_Trial116_eyeTracking_h8/Record Node 102/analysis/recNames=block_012,Animal=PV_126/lizMov.mat",True,False,2,0,114.60000000003492,2
PV_126,012,PV_126_block_012,PV_126_012_484923_R,484923.05,485005.35,10.778322734839435,96.89966987757802,R,binocular,2,"/Volumes/Data-1/Nimrod/experiments/PV_126/2024_08_13/block_012/oe_files/PV126_Trial116_eyeTracking_h8/Record Node 102/analysis/recNames=block_012,Animal=PV_126/lizMov.mat",True,False,2,0,32.850000000034925,2
PV_126,012,PV_126_block_012,PV_126_012_510798_R,510797.8,510846.8,7.732914514996283,205.47161711916476,R,binocular,2,"/Volumes/Data-1/Nimrod/experiments/PV_126/2024_08_13/block_012/oe_files/PV126_Trial116_eyeTracking_h8/Record Node 102/analysis/recNames=block_012,Animal=PV_126/lizMov.mat",True,False,1,0,32.79999999998836,2
PV_126,012,PV_126_block_012,PV_126_012_510831_R,510830.6,510896.25,9.460644630018622,29.059118800402576,R,binocular,2,"/Volumes/Data-1/Nimrod/experiments/PV_126/2024_08_13/block_012/oe_files/PV126_Trial116_eyeTracking_h8/Record Node 102/analysis/recNames=block_012,Animal=PV_126/lizMov.mat",True,False,0,0,,2
PV_126,012,PV_126_block_012,PV_126_012_810716_R,810716.0,810797.8,13.667328347341469,88.24977334812279,R,binocular,2,"/Volumes/Data-1/Nimrod/experiments/PV_126/2024_08_13/block_012/oe_files/PV126_Trial116_eyeTracking_h8/Record Node 102/analysis/recNames=block_012,Animal=PV_126/lizMov.mat",True,False,0,0,,2
PV_126,012,PV_126_block_012,PV_126_012_104468_L,104468.0,104583.1,13.118494760039361,173.33737662613862,L,monocular,1,"/Volumes/Data-1/Nimrod/experiments/PV_126/2024_08_13/block_012/oe_files/PV126_Trial116_eyeTracking_h8/Record Node 102/analysis/recNames=block_012,Animal=PV_126/lizMov.mat",True,False,1,0,49.44999999999709,1
PV_126,012,PV_126_block_012,PV_126_012_112900_L,112899.65,112981.95,7.937279221234602,146.4353290312452,L,monocular,1,"/Volumes/Data-1/Nimrod/experiments/PV_126/2024_08_13/block_012/oe_files/PV126_Trial116_eyeTracking_h8/Record Node 102/analysis/recNames=block_012,Animal=PV_126/lizMov.mat",True,False,2,0,16.65000000000873,1
PV_126,012,PV_126_block_012,PV_126_012_225412_L,225412.45,225461.9,9.936211672055757,304.2163217404476,L,monocular,1,"/Volumes/Data-1/Nimrod/experiments/PV_126/2024_08_13/block_012/oe_files/PV126_Trial116_eyeTracking_h8/Record Node 102/analysis/recNames=block_012,Animal=PV_126/lizMov.mat",True,False,1,0,49.44999999998254,1
PV_126,012,PV_126_block_012,PV_126_012_369109_L,369109.05,369190.85,13.590968616092756,54.55774857717933,L,monocular,1,"/Volumes/Data-1/Nimrod/experiments/PV_126/2024_08_13/block_012/oe_files/PV126_Trial116_eyeTracking_h8/Record Node 102/analysis/recNames=block_012,Animal=PV_126/lizMov.mat",True,False,2,0,114.60000000003492,1
PV_126,012,PV_126_block_012,PV_126_012_434339_L,434339.35,434388.35,8.845793465465968,233.2941469621298,L,monocular,1,"/Volumes/Data-1/Nimrod/experiments/PV_126/2024_08_13/block_012/oe_files/PV126_Trial116_eyeTracking_h8/Record Node 102/analysis/recNames=block_012,Animal=PV_126/lizMov.mat",True,False,1,0,81.80000000004657,1
PV_126,012,PV_126_block_012,PV_126_012_506631_L,506630.7,506696.3,10.832291660362722,188.43475946048335,L,monocular,1,"/Volumes/Data-1/Nimrod/experiments/PV_126/2024_08_13/block_012/oe_files/PV126_Trial116_eyeTracking_h8/Record Node 102/analysis/recNames=block_012,Animal=PV_126/lizMov.mat",True,True,3,1,81.79999999998836,1
PV_126,012,PV_126_block_012,PV_126_012_55941_R,55940.8,56006.4,13.860051540036883,202.65532860883383,R,monocular,1,"/Volumes/Data-1/Nimrod/experiments/PV_126/2024_08_13/block_012/oe_files/PV126_Trial116_eyeTracking_h8/Record Node 102/analysis/recNames=block_012,Animal=PV_126/lizMov.mat",True,False,1,0,98.39999999999418,1
PV_126,012,PV_126_block_012,PV_126_012_94625_R,94625.15,94641.8,7.717977375788294,298.772018099148,R,monocular,1,"/Volumes/Data-1/Nimrod/experiments/PV_126/2024_08_13/block_012/oe_files/PV126_Trial116_eyeTracking_h8/Record Node 102/analysis/recNames=block_012,Animal=PV_126/lizMov.mat",True,False,3,0,16.65000000000873,1
PV_126,012,PV_126_block_012,PV_126_012_289366_R,289366.4,289464.8,12.039193515545675,264.9957109867851,R,monocular,1,"/Volumes/Data-1/Nimrod/experiments/PV_126/2024_08_13/block_012/oe_files/PV126_Trial116_eyeTracking_h8/Record Node 102/analysis/recNames=block_012,Animal=PV_126/lizMov.mat",True,False,0,0,,1
PV_126,012,PV_126_block_012,PV_126_012_296208_R,296208.4,296306.85,9.520604179029505,3.512995877903441,R,monocular,1,"/Volumes/Data-1/Nimrod/experiments/PV_126/2024_08_13/block_012/oe_files/PV126_Trial116_eyeTracking_h8/Record Node 102/analysis/recNames=block_012,Animal=PV_126/lizMov.mat",True,False,1,0,114.59999999997672,1
PV_126,012,PV_126_block_012,PV_126_012_430632_R,430631.75,430664.55,9.57873294265851,326.89528768625104,R,monocular,1,"/Volumes/Data-1/Nimrod/experiments/PV_126/2024_08_13/block_012/oe_files/PV126_Trial116_eyeTracking_h8/Record Node 102/analysis/recNames=block_012,Animal=PV_126/lizMov.mat",True,False,2,0,32.79999999998836,1
PV_126,012,PV_126_block_012,PV_126_012_816015_R,816014.9,816047.7,20.46006686676114,218.11604741622025,R,monocular,1,"/Volumes/Data-1/Nimrod/experiments/PV_126/2024_08_13/block_012/oe_files/PV126_Trial116_eyeTracking_h8/Record Node 102/analysis/recNames=block_012,Animal=PV_126/lizMov.mat",True,False,1,0,32.79999999993015,1
PV_126,012,PV_126_block_012,PV_126_012_816048_R,816047.7,816146.1,17.532545819693148,33.37400076957444,R,monocular,1,"/Volumes/Data-1/Nimrod/experiments/PV_126/2024_08_13/block_012/oe_files/PV126_Trial116_eyeTracking_h8/Record Node 102/analysis/recNames=block_012,Animal=PV_126/lizMov.mat",True,False,0,0,,1
