event_id,animal,block,block_key,saccade_on_ms,saccade_off_ms,amp_deg,overall_angle_deg,primary_eye,concurrency,eyes,n_secondary,n_same,n_reverse,has_secondary,has_multi_secondary,has_both_directions,secondary_class,first_secondary_eye,first_secondary_latency_ms,first_secondary_amp_deg,first_secondary_angle_diff_deg,first_secondary_smaller,has_subsequent_head,head_onset_ms,head_latency_ms,final_along_deg,remaining_frac,lizmov_path
PV_106_008_171402_L,PV_106,008,PV_106_block_008,171402.25,171485.5,7.281168541189229,92.31415042619379,L,binocular,2,0,0,0,False,False,False,none,,,,,False,True,171556.0,153.75,7.722910903767024,1.0606691577153968,"/Volumes/Data-1/Nimrod/experiments/PV_106/2025_08_06/block_008/oe_files/PV106_ET_d3t12025-08-06_11-52-19/Record Node 102/analysis/recNames=Block008,Animal=PV_106/lizMov.mat"
PV_106_008_179910_L,PV_106,008,PV_106_block_008,179910.4,179993.65,6.7146234126515765,17.295815803740343,L,binocular,2,0,0,0,False,False,False,none,,,,,False,True,179912.0,1.6000000000058208,4.76164868274515,0.7091460518505528,"/Volumes/Data-1/Nimrod/experiments/PV_106/2025_08_06/block_008/oe_files/PV106_ET_d3t12025-08-06_11-52-19/Record Node 102/analysis/recNames=Block008,Animal=PV_106/lizMov.mat"
PV_106_008_399657_L,PV_106,008,PV_106_block_008,399657.1,399773.65,18.944411773537897,314.71821457230783,L,binocular,2,0,0,0,False,False,False,none,,,,,False,False,,,18.429647089707444,0.9728276237877446,"/Volumes/Data-1/Nimrod/experiments/PV_106/2025_08_06/block_008/oe_files/PV106_ET_d3t12025-08-06_11-52-19/Record Node 102/analysis/recNames=Block008,Animal=PV_106/lizMov.mat"
PV_106_008_484605_L,PV_106,008,PV_106_block_008,484605.4,484688.65,10.03554510175634,155.26161703130873,L,binocular,2,2,2,0,True,True,False,same,L,166.5,7.148312160829165,28.135455826538987,True,True,484648.0,42.59999999997672,20.275432056300147,2.020361809021386,"/Volumes/Data-1/Nimrod/experiments/PV_106/2025_08_06/block_008/oe_files/PV106_ET_d3t12025-08-06_11-52-19/Record Node 102/analysis/recNames=Block008,Animal=PV_106/lizMov.mat"
PV_106_008_518788_L,PV_106,008,PV_106_block_008,518787.85,518937.7,20.8204643726309,323.61506805386745,L,binocular,2,0,0,0,False,False,False,none,,,,,False,False,,,20.003430874046014,0.9607581519815235,"/Volumes/Data-1/Nimrod/experiments/PV_106/2025_08_06/block_008/oe_files/PV106_ET_d3t12025-08-06_11-52-19/Record Node 102/analysis/recNames=Block008,Animal=PV_106/lizMov.mat"
PV_106_008_549257_L,PV_106,008,PV_106_block_008,549257.35,549340.6,7.093253705127265,18.39367324090345,L,binocular,2,3,0,3,True,True,False,reverse,L,49.95000000006985,1.3958936648736784,150.8204585592399,True,False,,,1.1435407874805803,0.16121526664892685,"/Volumes/Data-1/Nimrod/experiments/PV_106/2025_08_06/block_008/oe_files/PV106_ET_d3t12025-08-06_11-52-19/Record Node 102/analysis/recNames=Block008,Animal=PV_106/lizMov.mat"
PV_106_008_650606_L,PV_106,008,PV_106_block_008,650605.9,650672.5,10.025337630856786,331.0506009639352,L,binocular,2,0,0,0,False,False,False,none,,,,,False,False,,,9.80516857646166,0.9780387391924367,"/Volumes/Data-1/Nimrod/experiments/PV_106/2025_08_06/block_008/oe_files/PV106_ET_d3t12025-08-06_11-52-19/Record Node 102/analysis/recNames=Block008,Animal=PV_106/lizMov.mat"
PV_106_008_851155_R,PV_106,008,PV_106_block_008,851155.15,851271.7,7.528267441870485,250.19118070626757,R,binocular,2,0,0,0,False,False,False,none,,,,,False,False,,,8.378026247584595,1.1128757462823315,"/Volumes/Data-1/Nimrod/experiments/PV_106/2025_08_06/block_008/oe_files/PV106_ET_d3t12025-08-06_11-52-19/Record Node 102/analysis/recNames=Block008,Animal=PV_106/lizMov.mat"
PV_106_008_861778_R,PV_106,008,PV_106_block_008,861777.85,861861.1,6.076606967228133,270.84456947996733,R,binocular,2,1,1,0,True,False,False,same,L,99.90000000002328,1.2722300830323845,62.25519723987108,True,False,,,4.235508106948334,0.697018604262368,"/Volumes/Data-1/Nimrod/experiments/PV_106/2025_08_06/block_008/oe_files/PV106_ET_d3t12025-08-06_11-52-19/Record Node 102/analysis/recNames=Block008,Animal=PV_106/lizMov.mat"
PV_106_008_924598_R,PV_106,008,PV_106_block_008,924598.3,924681.55,7.160196707696032,291.1796648516429,R,binocular,2,0,0,0,False,False,False,none,,,,,False,True,924656.0,57.699999999953434,7.107086177490778,0.9925825319647757,"/Volumes/Data-1/Nimrod/experiments/PV_106/2025_08_06/block_008/oe_files/PV106_ET_d3t12025-08-06_11-52-19/Record Node 102/analysis/recNames=Block008,Animal=PV_106/lizMov.mat"
PV_106_008_50656_L,PV_106,008,PV_106_block_008,50656.45,50773.0,6.405611878777194,297.76983804367273,L,monocular,1,1,1,0,True,False,False,same,L,133.20000000000437,0.7370297222012084,26.57628685187484,True,True,50684.0,27.55000000000291,7.851081492560202,1.2256567586575262,"/Volumes/Data-1/Nimrod/experiments/PV_106/2025_08_06/block_008/oe_files/PV106_ET_d3t12025-08-06_11-52-19/Record Node 102/analysis/recNames=Block008,Animal=PV_106/lizMov.mat"
PV_106_008_489600_L,PV_106,008,PV_106_block_008,489600.4,489617.05,5.600906062393629,342.14815718800304,L,monocular,1,1,0,1,True,False,False,reverse,L,16.649999999965075,7.4909709459000435,174.1793425986604,False,True,489704.0,103.59999999997672,-4.167857667019358,-0.7441398981860736,"/Volumes/Data-1/Nimrod/experiments/PV_106/2025_08_06/block_008/oe_files/PV106_ET_d3t12025-08-06_11-52-19/Record Node 102/analysis/recNames=Block008,Animal=PV_106/lizMov.mat"
PV_106_008_489617_L,PV_106,008,PV_106_block_008,489617.05,489683.65,7.4909709459000435,156.32749978666345,L,monocular,1,0,0,0,False,False,False,none,,,,,False,True,489704.0,86.95000000001164,9.802597105354684,1.3085883226819668,"/Volumes/Data-1/Nimrod/experiments/PV_106/2025_08_06/block_008/oe_files/PV106_ET_d3t12025-08-06_11-52-19/Record Node 102/analysis/recNames=Block008,Animal=PV_106/lizMov.mat"
PV_106_008_672384_L,PV_106,008,PV_106_block_008,672384.1,672400.75,6.219152091069397,138.55569120531598,L,monocular,1,0,0,0,False,False,False,none,,,,,False,True,672416.0,31.900000000023283,1.7739537473964502,0.2852404510164367,"/Volumes/Data-1/Nimrod/experiments/PV_106/2025_08_06/block_008/oe_files/PV106_ET_d3t12025-08-06_11-52-19/Record Node 102/analysis/recNames=Block008,Animal=PV_106/lizMov.mat"
PV_106_008_797126_L,PV_106,008,PV_106_block_008,797125.9,797192.5,8.352601916122788,236.64913993534356,L,monocular,1,0,0,0,False,False,False,none,,,,,False,False,,,9.490443435493871,1.1362259964975392,"/Volumes/Data-1/Nimrod/experiments/PV_106/2025_08_06/block_008/oe_files/PV106_ET_d3t12025-08-06_11-52-19/Record Node 102/analysis/recNames=Block008,Animal=PV_106/lizMov.mat"
PV_106_008_865391_L,PV_106,008,PV_106_block_008,865390.9,865474.15,9.877240325387746,160.94095160372444,L,monocular,1,2,1,1,True,True,True,reverse,L,83.25,0.9201023260442243,111.51747924409975,True,True,865436.0,45.09999999997672,10.420220102396542,1.0549728222784212,"/Volumes/Data-1/Nimrod/experiments/PV_106/2025_08_06/block_008/oe_files/PV106_ET_d3t12025-08-06_11-52-19/Record Node 102/analysis/recNames=Block008,Animal=PV_106/lizMov.mat"
PV_106_008_907582_L,PV_106,008,PV_106_block_008,907582.0,907681.9,8.741691455311708,291.03785635597524,L,monocular,1,0,0,0,False,False,False,none,,,,,False,False,,,8.158152138943567,0.9332464066764145,"/Volumes/Data-1/Nimrod/experiments/PV_106/2025_08_06/block_008/oe_files/PV106_ET_d3t12025-08-06_11-52-19/Record Node 102/analysis/recNames=Block008,Animal=PV_106/lizMov.mat"
PV_106_008_922567_L,PV_106,008,PV_106_block_008,922567.0,922666.9,9.461087067991988,288.62953752737826,L,monocular,1,2,0,2,True,True,False,reverse,L,149.84999999997672,8.538926313180031,103.42168628425557,True,True,922576.0,9.0,6.2674746298294775,0.6624476220109113,"/Volumes/Data-1/Nimrod/experiments/PV_106/2025_08_06/block_008/oe_files/PV106_ET_d3t12025-08-06_11-52-19/Record Node 102/analysis/recNames=Block008,Animal=PV_106/lizMov.mat"
PV_106_008_609380_R,PV_106,008,PV_106_block_008,609380.5,609463.75,7.879761108747204,256.9652637445704,R,monocular,1,2,1,1,True,True,True,reverse,L,183.15000000002328,2.3416493884447225,112.46100752350969,True,True,609452.0,71.5,8.548426634588823,1.084858603784237,"/Volumes/Data-1/Nimrod/experiments/PV_106/2025_08_06/block_008/oe_files/PV106_ET_d3t12025-08-06_11-52-19/Record Node 102/analysis/recNames=Block008,Animal=PV_106/lizMov.mat"
PV_106_008_711378_R,PV_106,008,PV_106_block_008,711378.4,711478.3,6.0248936922116405,261.47169950635504,R,monocular,1,0,0,0,False,False,False,none,,,,,False,False,,,6.833766305955467,1.1342550848307005,"/Volumes/Data-1/Nimrod/experiments/PV_106/2025_08_06/block_008/oe_files/PV106_ET_d3t12025-08-06_11-52-19/Record Node 102/analysis/recNames=Block008,Animal=PV_106/lizMov.mat"
PV_106_009_245475_R,PV_106,009,PV_106_block_009,245474.95,245591.5,6.693330129758293,179.95327168224452,R,binocular,2,0,0,0,False,False,False,none,,,,,False,False,,,8.966972933040376,1.3396878323950514,"/Volumes/Data-1/Nimrod/experiments/PV_106/2025_08_06/block_009/oe_files/PV106_ET_d3t2_2025-08-06_12-09-43/Record Node 102/analysis/recNames=Block009,Animal=PV_106/lizMov.mat"
PV_106_009_283753_L,PV_106,009,PV_106_block_009,283753.3,283819.9,11.617000405983788,168.9707654039303,L,binocular,2,2,1,1,True,True,True,same,L,199.79999999998836,5.7332594731377515,10.294063687726492,True,True,283760.0,6.7000000000116415,19.496236411723974,1.6782504717553146,"/Volumes/Data-1/Nimrod/experiments/PV_106/2025_08_06/block_009/oe_files/PV106_ET_d3t2_2025-08-06_12-09-43/Record Node 102/analysis/recNames=Block009,Animal=PV_106/lizMov.mat"
PV_106_009_283953_L,PV_106,009,PV_106_block_009,283953.1,284003.05,5.7332594731377515,158.6767017162038,L,binocular,2,0,0,0,False,False,False,none,,,,,False,True,284016.0,62.90000000002328,5.263696051394497,0.9180983480787296,"/Volumes/Data-1/Nimrod/experiments/PV_106/2025_08_06/block_009/oe_files/PV106_ET_d3t2_2025-08-06_12-09-43/Record Node 102/analysis/recNames=Block009,Animal=PV_106/lizMov.mat"
PV_106_009_285651_R,PV_106,009,PV_106_block_009,285651.4,285751.3,7.118652259702976,190.35786296730205,R,binocular,2,0,0,0,False,False,False,none,,,,,False,False,,,9.01469314603763,1.2663482941943514,"/Volumes/Data-1/Nimrod/experiments/PV_106/2025_08_06/block_009/oe_files/PV106_ET_d3t2_2025-08-06_12-09-43/Record Node 102/analysis/recNames=Block009,Animal=PV_106/lizMov.mat"
PV_106_009_335502_R,PV_106,009,PV_106_block_009,335501.5,335601.4,5.531329390389222,32.20800111490249,R,binocular,2,0,0,0,False,False,False,none,,,,,False,False,,,7.837146770217927,1.4168649554364097,"/Volumes/Data-1/Nimrod/experiments/PV_106/2025_08_06/block_009/oe_files/PV106_ET_d3t2_2025-08-06_12-09-43/Record Node 102/analysis/recNames=Block009,Animal=PV_106/lizMov.mat"
PV_106_009_364256_L,PV_106,009,PV_106_block_009,364256.05,364355.95,19.588431424048366,324.3750688139604,L,binocular,2,0,0,0,False,False,False,none,,,,,False,True,364344.0,87.95000000001164,17.616166899388432,0.8993148311896674,"/Volumes/Data-1/Nimrod/experiments/PV_106/2025_08_06/block_009/oe_files/PV106_ET_d3t2_2025-08-06_12-09-43/Record Node 102/analysis/recNames=Block009,Animal=PV_106/lizMov.mat"
PV_106_009_408811_L,PV_106,009,PV_106_block_009,408811.45,408878.05,10.26836403400634,158.23234865205117,L,binocular,2,2,1,1,True,True,True,same,L,233.09999999997672,3.502145097608535,3.3497441468448983,True,True,408972.0,160.54999999998836,12.850919831109715,1.2515060615839657,"/Volumes/Data-1/Nimrod/experiments/PV_106/2025_08_06/block_009/oe_files/PV106_ET_d3t2_2025-08-06_12-09-43/Record Node 102/analysis/recNames=Block009,Animal=PV_106/lizMov.mat"
PV_106_009_536184_R,PV_106,009,PV_106_block_009,536183.95,536283.85,5.781857101229321,318.11177555318557,R,binocular,2,0,0,0,False,False,False,none,,,,,False,False,,,4.373554819890336,0.7564273456292172,"/Volumes/Data-1/Nimrod/experiments/PV_106/2025_08_06/block_009/oe_files/PV106_ET_d3t2_2025-08-06_12-09-43/Record Node 102/analysis/recNames=Block009,Animal=PV_106/lizMov.mat"
PV_106_009_574762_L,PV_106,009,PV_106_block_009,574762.0,574845.25,7.943499985867412,37.56232190852512,L,binocular,2,0,0,0,False,False,False,none,,,,,False,False,,,6.020229643566578,0.7578812430638134,"/Volumes/Data-1/Nimrod/experiments/PV_106/2025_08_06/block_009/oe_files/PV106_ET_d3t2_2025-08-06_12-09-43/Record Node 102/analysis/recNames=Block009,Animal=PV_106/lizMov.mat"
PV_106_009_789947_R,PV_106,009,PV_106_block_009,789946.6,790063.15,6.877996346827876,319.71105937571195,R,binocular,2,0,0,0,False,False,False,none,,,,,False,False,,,6.852389598971621,0.996277004731463,"/Volumes/Data-1/Nimrod/experiments/PV_106/2025_08_06/block_009/oe_files/PV106_ET_d3t2_2025-08-06_12-09-43/Record Node 102/analysis/recNames=Block009,Animal=PV_106/lizMov.mat"
PV_106_009_821149_L,PV_106,009,PV_106_block_009,821148.7,821265.25,19.333043819747218,323.2758142493122,L,binocular,2,0,0,0,False,False,False,none,,,,,False,False,,,17.958707830428104,0.9289125912022537,"/Volumes/Data-1/Nimrod/experiments/PV_106/2025_08_06/block_009/oe_files/PV106_ET_d3t2_2025-08-06_12-09-43/Record Node 102/analysis/recNames=Block009,Animal=PV_106/lizMov.mat"
PV_106_009_869933_L,PV_106,009,PV_106_block_009,869933.2,870033.1,16.807313432516718,326.84177569695083,L,binocular,2,0,0,0,False,False,False,none,,,,,False,False,,,17.9312881481957,1.0668741450078782,"/Volumes/Data-1/Nimrod/experiments/PV_106/2025_08_06/block_009/oe_files/PV106_ET_d3t2_2025-08-06_12-09-43/Record Node 102/analysis/recNames=Block009,Animal=PV_106/lizMov.mat"
PV_106_009_920716_L,PV_106,009,PV_106_block_009,920715.7,920815.6,8.796891878453039,350.80023660732667,L,binocular,2,0,0,0,False,False,False,none,,,,,False,True,920724.0,8.300000000046566,8.175891429922,0.9294068340146243,"/Volumes/Data-1/Nimrod/experiments/PV_106/2025_08_06/block_009/oe_files/PV106_ET_d3t2_2025-08-06_12-09-43/Record Node 102/analysis/recNames=Block009,Animal=PV_106/lizMov.mat"
PV_106_009_933370_L,PV_106,009,PV_106_block_009,933369.7,933436.3,19.319361331924657,354.131664712068,L,binocular,2,2,0,2,True,True,False,reverse,L,66.60000000009313,10.80568063964905,164.24283418493025,True,False,,,6.367736641406395,0.3296038896940089,"/Volumes/Data-1/Nimrod/experiments/PV_106/2025_08_06/block_009/oe_files/PV106_ET_d3t2_2025-08-06_12-09-43/Record Node 102/analysis/recNames=Block009,Animal=PV_106/lizMov.mat"
PV_106_009_933436_L,PV_106,009,PV_106_block_009,933436.3,933486.25,10.80568063964905,189.88883052713777,L,binocular,2,0,0,0,False,False,False,none,,,,,False,False,,,13.841401462740011,1.28093749244745,"/Volumes/Data-1/Nimrod/experiments/PV_106/2025_08_06/block_009/oe_files/PV106_ET_d3t2_2025-08-06_12-09-43/Record Node 102/analysis/recNames=Block009,Animal=PV_106/lizMov.mat"
PV_106_009_237250_L,PV_106,009,PV_106_block_009,237249.85,237333.1,5.978320537196648,299.06443060181186,L,monocular,1,1,1,0,True,False,False,same,L,99.89999999999418,1.277823428804032,32.946885927806306,True,False,,,7.398691503160273,1.2375869539156,"/Volumes/Data-1/Nimrod/experiments/PV_106/2025_08_06/block_009/oe_files/PV106_ET_d3t2_2025-08-06_12-09-43/Record Node 102/analysis/recNames=Block009,Animal=PV_106/lizMov.mat"
PV_106_009_262408_L,PV_106,009,PV_106_block_009,262408.0,262474.6,11.954764914681597,352.88969986979936,L,monocular,1,1,0,1,True,False,False,reverse,R,199.79999999998836,7.513740734726567,98.36591009292513,True,False,,,10.87155297663912,0.9093907788423183,"/Volumes/Data-1/Nimrod/experiments/PV_106/2025_08_06/block_009/oe_files/PV106_ET_d3t2_2025-08-06_12-09-43/Record Node 102/analysis/recNames=Block009,Animal=PV_106/lizMov.mat"
PV_106_009_302634_L,PV_106,009,PV_106_block_009,302634.4,302734.3,6.444248963055863,285.7939270480384,L,monocular,1,0,0,0,False,False,False,none,,,,,False,False,,,8.519587345302432,1.3220450349054242,"/Volumes/Data-1/Nimrod/experiments/PV_106/2025_08_06/block_009/oe_files/PV106_ET_d3t2_2025-08-06_12-09-43/Record Node 102/analysis/recNames=Block009,Animal=PV_106/lizMov.mat"
PV_106_009_316371_L,PV_106,009,PV_106_block_009,316370.65,316470.55,7.941670831770579,287.34294747747947,L,monocular,1,1,0,1,True,False,False,reverse,L,99.89999999996508,0.8109444661394781,179.94615472585093,True,False,,,7.128314157795414,0.8975836834332972,"/Volumes/Data-1/Nimrod/experiments/PV_106/2025_08_06/block_009/oe_files/PV106_ET_d3t2_2025-08-06_12-09-43/Record Node 102/analysis/recNames=Block009,Animal=PV_106/lizMov.mat"
PV_106_009_360443_L,PV_106,009,PV_106_block_009,360443.2,360509.8,7.046576331239562,285.46668134362466,L,monocular,1,0,0,0,False,False,False,none,,,,,False,False,,,7.389154587000536,1.0486162697538977,"/Volumes/Data-1/Nimrod/experiments/PV_106/2025_08_06/block_009/oe_files/PV106_ET_d3t2_2025-08-06_12-09-43/Record Node 102/analysis/recNames=Block009,Animal=PV_106/lizMov.mat"
PV_106_009_422997_L,PV_106,009,PV_106_block_009,422997.25,423063.85,6.254443177669875,190.41013217202055,L,monocular,1,0,0,0,False,False,False,none,,,,,False,False,,,7.77011582414881,1.2423353451975252,"/Volumes/Data-1/Nimrod/experiments/PV_106/2025_08_06/block_009/oe_files/PV106_ET_d3t2_2025-08-06_12-09-43/Record Node 102/analysis/recNames=Block009,Animal=PV_106/lizMov.mat"
PV_106_009_466970_L,PV_106,009,PV_106_block_009,466969.9,467036.5,6.922974135565471,283.6501914501251,L,monocular,1,1,0,1,True,False,False,reverse,L,66.59999999997672,0.8732266288394409,166.86129737528006,True,False,,,6.415939527964517,0.9267605803990862,"/Volumes/Data-1/Nimrod/experiments/PV_106/2025_08_06/block_009/oe_files/PV106_ET_d3t2_2025-08-06_12-09-43/Record Node 102/analysis/recNames=Block009,Animal=PV_106/lizMov.mat"
PV_106_009_519151_L,PV_106,009,PV_106_block_009,519151.0,519217.6,25.136460820370353,88.62699095975621,L,monocular,1,0,0,0,False,False,False,none,,,,,False,False,,,27.320331549227475,1.0868805972512778,"/Volumes/Data-1/Nimrod/experiments/PV_106/2025_08_06/block_009/oe_files/PV106_ET_d3t2_2025-08-06_12-09-43/Record Node 102/analysis/recNames=Block009,Animal=PV_106/lizMov.mat"
PV_106_009_596240_L,PV_106,009,PV_106_block_009,596240.5,596290.45,6.124547742391992,9.054395480982585,L,monocular,1,3,1,2,True,True,True,reverse,R,83.25,2.5008348931196864,117.25805982440363,True,True,596416.0,175.5,4.379897752631599,0.7151381517226927,"/Volumes/Data-1/Nimrod/experiments/PV_106/2025_08_06/block_009/oe_files/PV106_ET_d3t2_2025-08-06_12-09-43/Record Node 102/analysis/recNames=Block009,Animal=PV_106/lizMov.mat"
PV_106_009_763456_L,PV_106,009,PV_106_block_009,763456.45,763556.35,6.214726500641452,290.6477712490892,L,monocular,1,0,0,0,False,False,False,none,,,,,False,False,,,5.679790244071212,0.9139244089800208,"/Volumes/Data-1/Nimrod/experiments/PV_106/2025_08_06/block_009/oe_files/PV106_ET_d3t2_2025-08-06_12-09-43/Record Node 102/analysis/recNames=Block009,Animal=PV_106/lizMov.mat"
PV_106_009_236834_R,PV_106,009,PV_106_block_009,236833.6,236933.5,10.169813315876235,183.50668151026392,R,monocular,1,0,0,0,False,False,False,none,,,,,False,False,,,12.873146734381232,1.2658193749028595,"/Volumes/Data-1/Nimrod/experiments/PV_106/2025_08_06/block_009/oe_files/PV106_ET_d3t2_2025-08-06_12-09-43/Record Node 102/analysis/recNames=Block009,Animal=PV_106/lizMov.mat"
PV_106_009_262608_R,PV_106,009,PV_106_block_009,262607.8,262691.05,7.513740734726567,254.52378977687422,R,monocular,1,0,0,0,False,False,False,none,,,,,False,False,,,7.327677533733414,0.9752369415498705,"/Volumes/Data-1/Nimrod/experiments/PV_106/2025_08_06/block_009/oe_files/PV106_ET_d3t2_2025-08-06_12-09-43/Record Node 102/analysis/recNames=Block009,Animal=PV_106/lizMov.mat"
PV_106_009_390163_R,PV_106,009,PV_106_block_009,390163.45,390246.7,5.545924197353573,254.93365170932748,R,monocular,1,0,0,0,False,False,False,none,,,,,False,False,,,7.752243416164564,1.3978271502275152,"/Volumes/Data-1/Nimrod/experiments/PV_106/2025_08_06/block_009/oe_files/PV106_ET_d3t2_2025-08-06_12-09-43/Record Node 102/analysis/recNames=Block009,Animal=PV_106/lizMov.mat"
PV_106_009_519700_R,PV_106,009,PV_106_block_009,519700.45,519783.7,5.957007971954414,262.3778000492507,R,monocular,1,0,0,0,False,False,False,none,,,,,False,False,,,6.735539428469621,1.1306916929069983,"/Volumes/Data-1/Nimrod/experiments/PV_106/2025_08_06/block_009/oe_files/PV106_ET_d3t2_2025-08-06_12-09-43/Record Node 102/analysis/recNames=Block009,Animal=PV_106/lizMov.mat"
PV_106_009_644442_R,PV_106,009,PV_106_block_009,644442.25,644525.5,7.601017654895635,85.99365964718135,R,monocular,1,0,0,0,False,False,False,none,,,,,False,False,,,8.108835746947408,1.0668092241207596,"/Volumes/Data-1/Nimrod/experiments/PV_106/2025_08_06/block_009/oe_files/PV106_ET_d3t2_2025-08-06_12-09-43/Record Node 102/analysis/recNames=Block009,Animal=PV_106/lizMov.mat"
PV_106_009_847089_R,PV_106,009,PV_106_block_009,847089.4,847139.35,6.734435219703706,133.3790921425418,R,monocular,1,1,0,1,True,False,False,reverse,L,216.44999999995343,3.6308749475637954,158.5292593793381,True,False,,,6.637431390610309,0.9855958479176424,"/Volumes/Data-1/Nimrod/experiments/PV_106/2025_08_06/block_009/oe_files/PV106_ET_d3t2_2025-08-06_12-09-43/Record Node 102/analysis/recNames=Block009,Animal=PV_106/lizMov.mat"
PV_106_009_916287_R,PV_106,009,PV_106_block_009,916286.8,916336.75,6.947636882503276,97.72009407013694,R,monocular,1,1,0,1,True,False,False,reverse,L,166.5,3.7752545436118554,167.98456551413074,True,True,916396.0,109.19999999995343,6.898121754456305,0.9928730978771115,"/Volumes/Data-1/Nimrod/experiments/PV_106/2025_08_06/block_009/oe_files/PV106_ET_d3t2_2025-08-06_12-09-43/Record Node 102/analysis/recNames=Block009,Animal=PV_106/lizMov.mat"
PV_106_010_35901_L,PV_106,010,PV_106_block_010,35900.95,36000.85,8.888049997661096,8.794968678859243,L,binocular,2,3,1,2,True,True,True,reverse,R,133.20000000000437,0.5138530655411844,138.56377688214127,True,True,35948.0,47.05000000000291,8.604458791130625,0.9680929780317282,"/Volumes/Data-1/Nimrod/experiments/PV_106/2025_08_06/block_010/oe_files/PV106_ET_d3t3_2025-08-06_12-26-43/Record Node 102/analysis/recNames=Block010,Animal=PV_106/lizMov.mat"
PV_106_010_75062_L,PV_106,010,PV_106_block_010,75061.75,75128.35,7.9689133113486355,344.7152845624788,L,binocular,2,0,0,0,False,False,False,none,,,,,False,False,,,7.971990958882847,1.0003862066776192,"/Volumes/Data-1/Nimrod/experiments/PV_106/2025_08_06/block_010/oe_files/PV106_ET_d3t3_2025-08-06_12-26-43/Record Node 102/analysis/recNames=Block010,Animal=PV_106/lizMov.mat"
PV_106_010_137965_L,PV_106,010,PV_106_block_010,137965.45,138032.05,10.71016968898325,342.7082865352064,L,binocular,2,0,0,0,False,False,False,none,,,,,False,False,,,9.27165409013987,0.8656869460879717,"/Volumes/Data-1/Nimrod/experiments/PV_106/2025_08_06/block_010/oe_files/PV106_ET_d3t3_2025-08-06_12-26-43/Record Node 102/analysis/recNames=Block010,Animal=PV_106/lizMov.mat"
PV_106_010_224396_R,PV_106,010,PV_106_block_010,224395.6,224478.85,6.19340582468138,314.1052295967216,R,binocular,2,0,0,0,False,False,False,none,,,,,False,True,224496.0,100.39999999999418,7.353498718631113,1.1873109766724212,"/Volumes/Data-1/Nimrod/experiments/PV_106/2025_08_06/block_010/oe_files/PV106_ET_d3t3_2025-08-06_12-26-43/Record Node 102/analysis/recNames=Block010,Animal=PV_106/lizMov.mat"
PV_106_010_250686_L,PV_106,010,PV_106_block_010,250685.95,250769.2,8.427638197303978,131.514440782136,L,binocular,2,5,2,3,True,True,True,reverse,R,66.59999999997672,0.6608028905120864,103.48201451892275,True,True,250800.0,114.04999999998836,25.868694801304954,3.069507042860527,"/Volumes/Data-1/Nimrod/experiments/PV_106/2025_08_06/block_010/oe_files/PV106_ET_d3t3_2025-08-06_12-26-43/Record Node 102/analysis/recNames=Block010,Animal=PV_106/lizMov.mat"
PV_106_010_252917_R,PV_106,010,PV_106_block_010,252917.05,253033.6,8.168492229100446,301.0127537007377,R,binocular,2,0,0,0,False,False,False,none,,,,,False,False,,,8.518715051255693,1.0428748430349937,"/Volumes/Data-1/Nimrod/experiments/PV_106/2025_08_06/block_010/oe_files/PV106_ET_d3t3_2025-08-06_12-26-43/Record Node 102/analysis/recNames=Block010,Animal=PV_106/lizMov.mat"
PV_106_010_258495_L,PV_106,010,PV_106_block_010,258494.8,258578.05,8.082332349986922,324.94080099278045,L,binocular,2,0,0,0,False,False,False,none,,,,,False,True,258504.0,9.200000000011642,5.495694619362837,0.6799639486950483,"/Volumes/Data-1/Nimrod/experiments/PV_106/2025_08_06/block_010/oe_files/PV106_ET_d3t3_2025-08-06_12-26-43/Record Node 102/analysis/recNames=Block010,Animal=PV_106/lizMov.mat"
PV_106_010_262924_L,PV_106,010,PV_106_block_010,262923.7,262990.3,6.657196095071715,349.83750553273154,L,binocular,2,0,0,0,False,False,False,none,,,,,False,True,262984.0,60.29999999998836,4.857645041808188,0.7296833340096854,"/Volumes/Data-1/Nimrod/experiments/PV_106/2025_08_06/block_010/oe_files/PV106_ET_d3t3_2025-08-06_12-26-43/Record Node 102/analysis/recNames=Block010,Animal=PV_106/lizMov.mat"
PV_106_010_376943_L,PV_106,010,PV_106_block_010,376942.9,377026.15,11.861528648441224,141.30149633977888,L,binocular,2,0,0,0,False,False,False,none,,,,,False,False,,,11.611418331139399,0.9789141581397527,"/Volumes/Data-1/Nimrod/experiments/PV_106/2025_08_06/block_010/oe_files/PV106_ET_d3t3_2025-08-06_12-26-43/Record Node 102/analysis/recNames=Block010,Animal=PV_106/lizMov.mat"
PV_106_010_390846_R,PV_106,010,PV_106_block_010,390845.65,390945.55,14.12965362719668,221.17462854480218,R,binocular,2,0,0,0,False,False,False,none,,,,,False,False,,,14.655247639666857,1.037197940327321,"/Volumes/Data-1/Nimrod/experiments/PV_106/2025_08_06/block_010/oe_files/PV106_ET_d3t3_2025-08-06_12-26-43/Record Node 102/analysis/recNames=Block010,Animal=PV_106/lizMov.mat"
PV_106_010_483769_R,PV_106,010,PV_106_block_010,483769.3,483835.9,5.721963772834159,296.0589912481606,R,binocular,2,0,0,0,False,False,False,none,,,,,False,True,483780.0,10.700000000011642,6.528793942927035,1.1410058158570346,"/Volumes/Data-1/Nimrod/experiments/PV_106/2025_08_06/block_010/oe_files/PV106_ET_d3t3_2025-08-06_12-26-43/Record Node 102/analysis/recNames=Block010,Animal=PV_106/lizMov.mat"
PV_106_010_580223_L,PV_106,010,PV_106_block_010,580222.75,580339.3,23.647292071613705,312.83699258347485,L,binocular,2,0,0,0,False,False,False,none,,,,,False,False,,,22.849959696335908,0.9662822968116963,"/Volumes/Data-1/Nimrod/experiments/PV_106/2025_08_06/block_010/oe_files/PV106_ET_d3t3_2025-08-06_12-26-43/Record Node 102/analysis/recNames=Block010,Animal=PV_106/lizMov.mat"
PV_106_010_597172_L,PV_106,010,PV_106_block_010,597172.45,597222.4,9.108078290254067,149.37324816234292,L,binocular,2,0,0,0,False,False,False,none,,,,,False,True,597272.0,99.55000000004657,9.140514697149275,1.0035612788846926,"/Volumes/Data-1/Nimrod/experiments/PV_106/2025_08_06/block_010/oe_files/PV106_ET_d3t3_2025-08-06_12-26-43/Record Node 102/analysis/recNames=Block010,Animal=PV_106/lizMov.mat"
PV_106_010_722797_L,PV_106,010,PV_106_block_010,722796.7,722879.95,6.279529644951047,289.3143653575271,L,binocular,2,0,0,0,False,False,False,none,,,,,False,False,,,8.010115999459444,1.2755917166343576,"/Volumes/Data-1/Nimrod/experiments/PV_106/2025_08_06/block_010/oe_files/PV106_ET_d3t3_2025-08-06_12-26-43/Record Node 102/analysis/recNames=Block010,Animal=PV_106/lizMov.mat"
PV_106_010_909893_L,PV_106,010,PV_106_block_010,909892.75,909942.7,11.082124679782801,162.1433434038233,L,binocular,2,4,2,2,True,True,True,same,L,166.5,11.695848894207034,9.010568765749838,False,True,909928.0,35.25,24.188339059522836,2.1826445522355287,"/Volumes/Data-1/Nimrod/experiments/PV_106/2025_08_06/block_010/oe_files/PV106_ET_d3t3_2025-08-06_12-26-43/Record Node 102/analysis/recNames=Block010,Animal=PV_106/lizMov.mat"
PV_106_010_97040_L,PV_106,010,PV_106_block_010,97039.75,97106.35,8.025485980678953,156.75948927707415,L,monocular,1,3,3,0,True,True,False,same,L,183.14999999999418,13.3392456902266,6.858914255950737,False,True,97116.0,76.25,23.101518045370362,2.878519519065434,"/Volumes/Data-1/Nimrod/experiments/PV_106/2025_08_06/block_010/oe_files/PV106_ET_d3t3_2025-08-06_12-26-43/Record Node 102/analysis/recNames=Block010,Animal=PV_106/lizMov.mat"
PV_106_010_137399_L,PV_106,010,PV_106_block_010,137399.35,137465.95,5.847792774540615,355.3871778060258,L,monocular,1,1,1,0,True,False,False,same,L,233.10000000000582,1.0280497141287372,53.76145844908285,True,False,,,5.967204534549976,1.020419971194814,"/Volumes/Data-1/Nimrod/experiments/PV_106/2025_08_06/block_010/oe_files/PV106_ET_d3t3_2025-08-06_12-26-43/Record Node 102/analysis/recNames=Block010,Animal=PV_106/lizMov.mat"
PV_106_010_159544_L,PV_106,010,PV_106_block_010,159543.85,159577.15,7.008241935827961,137.38518043459115,L,monocular,1,4,2,2,True,True,True,reverse,L,33.29999999998836,1.174420471906749,151.9718526679609,True,True,159584.0,40.14999999999418,9.718497079974947,1.3867239700004441,"/Volumes/Data-1/Nimrod/experiments/PV_106/2025_08_06/block_010/oe_files/PV106_ET_d3t3_2025-08-06_12-26-43/Record Node 102/analysis/recNames=Block010,Animal=PV_106/lizMov.mat"
PV_106_010_189697_L,PV_106,010,PV_106_block_010,189697.0,189830.2,8.509330655036537,290.32750005566425,L,monocular,1,0,0,0,False,False,False,none,,,,,False,False,,,8.03729920284702,0.9445277811704109,"/Volumes/Data-1/Nimrod/experiments/PV_106/2025_08_06/block_010/oe_files/PV106_ET_d3t3_2025-08-06_12-26-43/Record Node 102/analysis/recNames=Block010,Animal=PV_106/lizMov.mat"
PV_106_010_250320_L,PV_106,010,PV_106_block_010,250319.65,250419.55,9.39500335060271,286.15167494638234,L,monocular,1,0,0,0,False,False,False,none,,,,,False,False,,,8.801148269219498,0.9367903278773057,"/Volumes/Data-1/Nimrod/experiments/PV_106/2025_08_06/block_010/oe_files/PV106_ET_d3t3_2025-08-06_12-26-43/Record Node 102/analysis/recNames=Block010,Animal=PV_106/lizMov.mat"
PV_106_010_317336_L,PV_106,010,PV_106_block_010,317335.9,317402.5,5.949723224126003,302.6772888857531,L,monocular,1,0,0,0,False,False,False,none,,,,,False,False,,,4.8282892911430375,0.8115149409916121,"/Volumes/Data-1/Nimrod/experiments/PV_106/2025_08_06/block_010/oe_files/PV106_ET_d3t3_2025-08-06_12-26-43/Record Node 102/analysis/recNames=Block010,Animal=PV_106/lizMov.mat"
PV_106_010_373280_L,PV_106,010,PV_106_block_010,373279.9,373413.1,8.859802045467644,292.4873497948702,L,monocular,1,0,0,0,False,False,False,none,,,,,False,False,,,8.074210841131022,0.9113308400904394,"/Volumes/Data-1/Nimrod/experiments/PV_106/2025_08_06/block_010/oe_files/PV106_ET_d3t3_2025-08-06_12-26-43/Record Node 102/analysis/recNames=Block010,Animal=PV_106/lizMov.mat"
PV_106_010_408228_L,PV_106,010,PV_106_block_010,408228.25,408294.85,6.270844280294828,288.19576450640153,L,monocular,1,0,0,0,False,False,False,none,,,,,False,False,,,8.272121666608742,1.3191400227562058,"/Volumes/Data-1/Nimrod/experiments/PV_106/2025_08_06/block_010/oe_files/PV106_ET_d3t3_2025-08-06_12-26-43/Record Node 102/analysis/recNames=Block010,Animal=PV_106/lizMov.mat"
PV_106_010_449837_L,PV_106,010,PV_106_block_010,449836.6,449953.15,24.363533614999593,307.53610063833065,L,monocular,1,0,0,0,False,False,False,none,,,,,False,False,,,23.125050635381882,0.9491665289941673,"/Volumes/Data-1/Nimrod/experiments/PV_106/2025_08_06/block_010/oe_files/PV106_ET_d3t3_2025-08-06_12-26-43/Record Node 102/analysis/recNames=Block010,Animal=PV_106/lizMov.mat"
PV_106_010_635900_L,PV_106,010,PV_106_block_010,635900.35,636000.25,7.847809595426575,306.6868521787291,L,monocular,1,0,0,0,False,False,False,none,,,,,False,False,,,7.681146218944265,0.9787630708345122,"/Volumes/Data-1/Nimrod/experiments/PV_106/2025_08_06/block_010/oe_files/PV106_ET_d3t3_2025-08-06_12-26-43/Record Node 102/analysis/recNames=Block010,Animal=PV_106/lizMov.mat"
PV_106_010_653050_L,PV_106,010,PV_106_block_010,653049.85,653199.7,7.668533959668183,293.1609114929486,L,monocular,1,0,0,0,False,False,False,none,,,,,False,False,,,8.11425223519241,1.058123009934941,"/Volumes/Data-1/Nimrod/experiments/PV_106/2025_08_06/block_010/oe_files/PV106_ET_d3t3_2025-08-06_12-26-43/Record Node 102/analysis/recNames=Block010,Animal=PV_106/lizMov.mat"
PV_106_010_686833_L,PV_106,010,PV_106_block_010,686832.7,686965.9,9.526819923397996,285.75409355259126,L,monocular,1,0,0,0,False,False,False,none,,,,,False,False,,,8.666074094271424,0.9096502467720032,"/Volumes/Data-1/Nimrod/experiments/PV_106/2025_08_06/block_010/oe_files/PV106_ET_d3t3_2025-08-06_12-26-43/Record Node 102/analysis/recNames=Block010,Animal=PV_106/lizMov.mat"
PV_106_010_137799_R,PV_106,010,PV_106_block_010,137798.95,137898.85,6.482812546697895,240.2571709181471,R,monocular,1,2,0,2,True,True,False,reverse,L,166.5,10.71016968898325,102.45111561705932,False,False,,,2.217939952062278,0.3421261892250786,"/Volumes/Data-1/Nimrod/experiments/PV_106/2025_08_06/block_010/oe_files/PV106_ET_d3t3_2025-08-06_12-26-43/Record Node 102/analysis/recNames=Block010,Animal=PV_106/lizMov.mat"
PV_106_010_450153_R,PV_106,010,PV_106_block_010,450152.95,450236.2,5.711816606210795,249.66413914230736,R,monocular,1,0,0,0,False,False,False,none,,,,,False,False,,,7.744373198957803,1.3558511648530327,"/Volumes/Data-1/Nimrod/experiments/PV_106/2025_08_06/block_010/oe_files/PV106_ET_d3t3_2025-08-06_12-26-43/Record Node 102/analysis/recNames=Block010,Animal=PV_106/lizMov.mat"
PV_106_010_481788_R,PV_106,010,PV_106_block_010,481787.95,481821.25,6.14885518386461,99.04092367712748,R,monocular,1,4,2,2,True,True,True,reverse,R,33.29999999998836,0.537515538110691,177.58961839632963,True,True,481880.0,92.04999999998836,11.779658894297354,1.9157483046939696,"/Volumes/Data-1/Nimrod/experiments/PV_106/2025_08_06/block_010/oe_files/PV106_ET_d3t3_2025-08-06_12-26-43/Record Node 102/analysis/recNames=Block010,Animal=PV_106/lizMov.mat"
PV_106_010_635717_R,PV_106,010,PV_106_block_010,635717.2,635767.15,11.053447922339016,120.42071697235991,R,monocular,1,1,0,1,True,False,False,reverse,L,183.15000000002328,7.847809595426575,173.7338647936308,True,False,,,10.005789095173037,0.9052188209030542,"/Volumes/Data-1/Nimrod/experiments/PV_106/2025_08_06/block_010/oe_files/PV106_ET_d3t3_2025-08-06_12-26-43/Record Node 102/analysis/recNames=Block010,Animal=PV_106/lizMov.mat"
PV_106_011_328619_L,PV_106,011,PV_106_block_011,328619.3,328669.25,5.767524258079194,306.5798025872551,L,binocular,2,4,1,3,True,True,True,reverse,L,49.95000000001164,5.754296512645758,165.09024380538523,True,True,328620.0,0.7000000000116415,7.816379666953191,1.3552400158532396,"/Volumes/Data-1/Nimrod/experiments/PV_106/2025_08_06/block_011/oe_files/PV106_ET_d3t4_2025-08-06_12-44-30/Record Node 102/analysis/recNames=Block011,Animal=PV_106/lizMov.mat"
PV_106_011_496435_R,PV_106,011,PV_106_block_011,496434.65,496551.2,11.986052166287404,235.03230003975818,R,binocular,2,0,0,0,False,False,False,none,,,,,False,False,,,11.604429434394639,0.9681610987005265,"/Volumes/Data-1/Nimrod/experiments/PV_106/2025_08_06/block_011/oe_files/PV106_ET_d3t4_2025-08-06_12-44-30/Record Node 102/analysis/recNames=Block011,Animal=PV_106/lizMov.mat"
PV_106_011_505226_R,PV_106,011,PV_106_block_011,505225.85,505342.4,6.1841114158442165,184.06780943393957,R,binocular,2,5,3,2,True,True,True,reverse,L,99.90000000002328,7.42679318241635,144.03149466114928,False,True,505236.0,10.150000000023283,4.745503344846983,0.7673702858406791,"/Volumes/Data-1/Nimrod/experiments/PV_106/2025_08_06/block_011/oe_files/PV106_ET_d3t4_2025-08-06_12-44-30/Record Node 102/analysis/recNames=Block011,Animal=PV_106/lizMov.mat"
PV_106_011_843238_L,PV_106,011,PV_106_block_011,843237.5,843370.7,7.541958783179878,216.30602445688052,L,binocular,2,4,2,2,True,True,True,reverse,L,149.84999999997672,0.7469632447567853,118.4061989356859,True,True,843240.0,2.5,10.180477002741897,1.3498452186514807,"/Volumes/Data-1/Nimrod/experiments/PV_106/2025_08_06/block_011/oe_files/PV106_ET_d3t4_2025-08-06_12-44-30/Record Node 102/analysis/recNames=Block011,Animal=PV_106/lizMov.mat"
PV_106_011_884196_R,PV_106,011,PV_106_block_011,884196.5,884279.75,7.099634253478126,353.7243574047392,R,binocular,2,3,2,1,True,True,True,same,L,49.949999999953434,0.5435557308057005,20.259557385746007,True,True,884204.0,7.5,5.890258717328927,0.8296566424451058,"/Volumes/Data-1/Nimrod/experiments/PV_106/2025_08_06/block_011/oe_files/PV106_ET_d3t4_2025-08-06_12-44-30/Record Node 102/analysis/recNames=Block011,Animal=PV_106/lizMov.mat"
PV_106_011_885462_L,PV_106,011,PV_106_block_011,885461.9,885545.15,14.459662163346584,337.1779467167189,L,binocular,2,0,0,0,False,False,False,none,,,,,False,True,885480.0,18.099999999976717,10.682793529544007,0.7387996627351044,"/Volumes/Data-1/Nimrod/experiments/PV_106/2025_08_06/block_011/oe_files/PV106_ET_d3t4_2025-08-06_12-44-30/Record Node 102/analysis/recNames=Block011,Animal=PV_106/lizMov.mat"
PV_106_011_1024340_R,PV_106,011,PV_106_block_011,1024339.55,1024456.1,14.674298847459209,246.90344030704824,R,binocular,2,2,0,2,True,True,False,reverse,R,116.54999999993015,8.797073122985788,179.32009595269068,True,False,,,8.62395865389268,0.5876913604894916,"/Volumes/Data-1/Nimrod/experiments/PV_106/2025_08_06/block_011/oe_files/PV106_ET_d3t4_2025-08-06_12-44-30/Record Node 102/analysis/recNames=Block011,Animal=PV_106/lizMov.mat"
PV_106_011_1024456_L,PV_106,011,PV_106_block_011,1024456.1,1024539.35,8.861342408400976,143.3891609679759,L,binocular,2,0,0,0,False,False,False,none,,,,,False,False,,,5.052636921363635,0.5701886563567946,"/Volumes/Data-1/Nimrod/experiments/PV_106/2025_08_06/block_011/oe_files/PV106_ET_d3t4_2025-08-06_12-44-30/Record Node 102/analysis/recNames=Block011,Animal=PV_106/lizMov.mat"
PV_106_011_1030816_L,PV_106,011,PV_106_block_011,1030816.4,1030916.3,7.8584728543323195,319.6493368108863,L,binocular,2,1,0,1,True,False,False,reverse,L,16.650000000023283,17.786666130935888,178.22079954147077,False,True,1030832.0,15.599999999976717,-10.846182393317797,-1.3801895857333621,"/Volumes/Data-1/Nimrod/experiments/PV_106/2025_08_06/block_011/oe_files/PV106_ET_d3t4_2025-08-06_12-44-30/Record Node 102/analysis/recNames=Block011,Animal=PV_106/lizMov.mat"
PV_106_011_1045402_R,PV_106,011,PV_106_block_011,1045401.8,1045518.35,13.142222250130962,30.335733523594115,R,binocular,2,0,0,0,False,False,False,none,,,,,False,False,,,10.8980466591379,0.8292392604324814,"/Volumes/Data-1/Nimrod/experiments/PV_106/2025_08_06/block_011/oe_files/PV106_ET_d3t4_2025-08-06_12-44-30/Record Node 102/analysis/recNames=Block011,Animal=PV_106/lizMov.mat"
PV_106_011_1126537_L,PV_106,011,PV_106_block_011,1126537.25,1126603.85,5.883937211420036,340.6927672080055,L,binocular,2,5,2,3,True,True,True,reverse,L,149.85000000009313,1.5632738046867196,179.59523803207375,True,True,1126640.0,102.75,8.372038226785733,1.4228632845599685,"/Volumes/Data-1/Nimrod/experiments/PV_106/2025_08_06/block_011/oe_files/PV106_ET_d3t4_2025-08-06_12-44-30/Record Node 102/analysis/recNames=Block011,Animal=PV_106/lizMov.mat"
PV_106_011_1264566_L,PV_106,011,PV_106_block_011,1264565.75,1264698.95,6.800478388741016,146.98212146505702,L,binocular,2,5,3,2,True,True,True,reverse,L,149.85000000009313,4.065186225429045,161.06726503700952,True,True,1264632.0,66.25,1.3799654458649957,0.2029218191693233,"/Volumes/Data-1/Nimrod/experiments/PV_106/2025_08_06/block_011/oe_files/PV106_ET_d3t4_2025-08-06_12-44-30/Record Node 102/analysis/recNames=Block011,Animal=PV_106/lizMov.mat"
PV_106_011_1264799_L,PV_106,011,PV_106_block_011,1264798.85,1264882.1,5.556517189950615,137.8896898932935,L,binocular,2,0,0,0,False,False,False,none,,,,,False,False,,,8.108694860536074,1.4593124763838161,"/Volumes/Data-1/Nimrod/experiments/PV_106/2025_08_06/block_011/oe_files/PV106_ET_d3t4_2025-08-06_12-44-30/Record Node 102/analysis/recNames=Block011,Animal=PV_106/lizMov.mat"
PV_106_011_1355292_L,PV_106,011,PV_106_block_011,1355291.6,1355391.5,5.949325821677582,352.7619024688474,L,binocular,2,4,2,2,True,True,True,reverse,L,149.8499999998603,5.123760511401703,161.5601026215985,True,True,1355332.0,40.39999999990687,4.287594018784343,0.7206856957071708,"/Volumes/Data-1/Nimrod/experiments/PV_106/2025_08_06/block_011/oe_files/PV106_ET_d3t4_2025-08-06_12-44-30/Record Node 102/analysis/recNames=Block011,Animal=PV_106/lizMov.mat"
PV_106_011_1365298_R,PV_106,011,PV_106_block_011,1365298.25,1365431.45,13.796501782605576,23.195140414512597,R,binocular,2,0,0,0,False,False,False,none,,,,,False,True,1365376.0,77.75,18.307836148769013,1.3269911777093568,"/Volumes/Data-1/Nimrod/experiments/PV_106/2025_08_06/block_011/oe_files/PV106_ET_d3t4_2025-08-06_12-44-30/Record Node 102/analysis/recNames=Block011,Animal=PV_106/lizMov.mat"
PV_106_011_1409304_L,PV_106,011,PV_106_block_011,1409304.2,1409354.15,6.510288549144725,214.18554714152233,L,binocular,2,5,3,2,True,True,True,reverse,R,133.19999999995343,0.6267400741017294,109.02197435437017,True,False,,,12.356966953115968,1.8980674757863594,"/Volumes/Data-1/Nimrod/experiments/PV_106/2025_08_06/block_011/oe_files/PV106_ET_d3t4_2025-08-06_12-44-30/Record Node 102/analysis/recNames=Block011,Animal=PV_106/lizMov.mat"
PV_106_011_1413833_L,PV_106,011,PV_106_block_011,1413833.0,1413932.9,15.022456932549037,275.6082281646089,L,binocular,2,4,1,3,True,True,True,reverse,L,49.949999999953434,8.944060367051703,144.40374331290946,True,True,1413844.0,11.0,8.138804913222916,0.5417758859130848,"/Volumes/Data-1/Nimrod/experiments/PV_106/2025_08_06/block_011/oe_files/PV106_ET_d3t4_2025-08-06_12-44-30/Record Node 102/analysis/recNames=Block011,Animal=PV_106/lizMov.mat"
PV_106_011_1438192_R,PV_106,011,PV_106_block_011,1438191.95,1438291.85,12.289871733604729,241.94585849086414,R,binocular,2,3,1,2,True,True,True,reverse,R,83.25,3.9037437130845936,172.11993093247276,True,True,1438248.0,56.050000000046566,-0.6314493051683299,-0.05137964975189535,"/Volumes/Data-1/Nimrod/experiments/PV_106/2025_08_06/block_011/oe_files/PV106_ET_d3t4_2025-08-06_12-44-30/Record Node 102/analysis/recNames=Block011,Animal=PV_106/lizMov.mat"
PV_106_011_1495668_R,PV_106,011,PV_106_block_011,1495667.75,1495717.7,8.761426621047846,97.13739322943145,R,binocular,2,1,0,1,True,False,False,reverse,R,83.25,0.6287827440048323,176.3364612493221,True,False,,,5.768153588300773,0.6583578037900539,"/Volumes/Data-1/Nimrod/experiments/PV_106/2025_08_06/block_011/oe_files/PV106_ET_d3t4_2025-08-06_12-44-30/Record Node 102/analysis/recNames=Block011,Animal=PV_106/lizMov.mat"
PV_106_011_1752028_R,PV_106,011,PV_106_block_011,1752027.8,1752144.35,18.321093154609297,258.63071729680604,R,binocular,2,0,0,0,False,False,False,none,,,,,False,False,,,17.903844225304336,0.9772257623612384,"/Volumes/Data-1/Nimrod/experiments/PV_106/2025_08_06/block_011/oe_files/PV106_ET_d3t4_2025-08-06_12-44-30/Record Node 102/analysis/recNames=Block011,Animal=PV_106/lizMov.mat"
PV_106_011_1809221_R,PV_106,011,PV_106_block_011,1809220.55,1809320.45,17.000847576047473,248.41101595743618,R,binocular,2,0,0,0,False,False,False,none,,,,,False,False,,,20.59845581329027,1.211613463455285,"/Volumes/Data-1/Nimrod/experiments/PV_106/2025_08_06/block_011/oe_files/PV106_ET_d3t4_2025-08-06_12-44-30/Record Node 102/analysis/recNames=Block011,Animal=PV_106/lizMov.mat"
PV_106_011_1824056_R,PV_106,011,PV_106_block_011,1824055.7,1824188.9,10.500116729782915,92.81166920987495,R,binocular,2,2,2,0,True,True,False,same,L,33.300000000046566,0.710589035903713,5.607027896218995,True,False,,,12.39963715027675,1.1809046955740945,"/Volumes/Data-1/Nimrod/experiments/PV_106/2025_08_06/block_011/oe_files/PV106_ET_d3t4_2025-08-06_12-44-30/Record Node 102/analysis/recNames=Block011,Animal=PV_106/lizMov.mat"
PV_106_011_1875637_L,PV_106,011,PV_106_block_011,1875637.4,1875720.65,5.822142229792832,335.5358979258273,L,binocular,2,0,0,0,False,False,False,none,,,,,False,False,,,4.745627298352556,0.8150998568994798,"/Volumes/Data-1/Nimrod/experiments/PV_106/2025_08_06/block_011/oe_files/PV106_ET_d3t4_2025-08-06_12-44-30/Record Node 102/analysis/recNames=Block011,Animal=PV_106/lizMov.mat"
PV_106_011_1918261_R,PV_106,011,PV_106_block_011,1918261.4,1918361.3,10.144901453358885,355.7929898870174,R,binocular,2,1,1,0,True,False,False,same,R,133.20000000018626,1.0147801025160346,23.947604073561365,True,False,,,12.85182092351487,1.2668256052166724,"/Volumes/Data-1/Nimrod/experiments/PV_106/2025_08_06/block_011/oe_files/PV106_ET_d3t4_2025-08-06_12-44-30/Record Node 102/analysis/recNames=Block011,Animal=PV_106/lizMov.mat"
PV_106_011_1918711_L,PV_106,011,PV_106_block_011,1918710.95,1918777.55,6.795532350517184,329.5007061221173,L,binocular,2,1,0,1,True,False,False,reverse,L,133.19999999995343,0.72678495319047,160.81293873849734,True,False,,,1.8285477975636497,0.2690808759705905,"/Volumes/Data-1/Nimrod/experiments/PV_106/2025_08_06/block_011/oe_files/PV106_ET_d3t4_2025-08-06_12-44-30/Record Node 102/analysis/recNames=Block011,Animal=PV_106/lizMov.mat"
PV_106_011_1925654_L,PV_106,011,PV_106_block_011,1925654.0,1925753.9,6.318367861167098,351.98950276720797,L,binocular,2,0,0,0,False,False,False,none,,,,,False,False,,,5.1685844445390146,0.8180252492586431,"/Volumes/Data-1/Nimrod/experiments/PV_106/2025_08_06/block_011/oe_files/PV106_ET_d3t4_2025-08-06_12-44-30/Record Node 102/analysis/recNames=Block011,Animal=PV_106/lizMov.mat"
PV_106_011_1926054_L,PV_106,011,PV_106_block_011,1926053.6,1926120.2,6.500757038110194,342.4381592378285,L,binocular,2,0,0,0,False,False,False,none,,,,,False,False,,,3.618774774401019,0.5566697467981385,"/Volumes/Data-1/Nimrod/experiments/PV_106/2025_08_06/block_011/oe_files/PV106_ET_d3t4_2025-08-06_12-44-30/Record Node 102/analysis/recNames=Block011,Animal=PV_106/lizMov.mat"
PV_106_011_1927252_L,PV_106,011,PV_106_block_011,1927252.4,1927319.0,6.257254934948873,348.70893422157104,L,binocular,2,1,0,1,True,False,False,reverse,L,33.300000000046566,0.542022208016446,178.3347755287315,True,False,,,4.520719628511033,0.7224764973632917,"/Volumes/Data-1/Nimrod/experiments/PV_106/2025_08_06/block_011/oe_files/PV106_ET_d3t4_2025-08-06_12-44-30/Record Node 102/analysis/recNames=Block011,Animal=PV_106/lizMov.mat"
PV_106_011_1986044_L,PV_106,011,PV_106_block_011,1986043.55,1986176.75,13.187358138663877,332.9366105531788,L,binocular,2,0,0,0,False,False,False,none,,,,,False,False,,,11.777517154088741,0.8930914767195381,"/Volumes/Data-1/Nimrod/experiments/PV_106/2025_08_06/block_011/oe_files/PV106_ET_d3t4_2025-08-06_12-44-30/Record Node 102/analysis/recNames=Block011,Animal=PV_106/lizMov.mat"
PV_106_011_2005258_L,PV_106,011,PV_106_block_011,2005257.65,2005374.2,17.122734176676712,165.52294272958662,L,binocular,2,0,0,0,False,False,False,none,,,,,False,False,,,15.392565639533435,0.8989548912404434,"/Volumes/Data-1/Nimrod/experiments/PV_106/2025_08_06/block_011/oe_files/PV106_ET_d3t4_2025-08-06_12-44-30/Record Node 102/analysis/recNames=Block011,Animal=PV_106/lizMov.mat"
PV_106_011_2013266_L,PV_106,011,PV_106_block_011,2013266.3,2013366.2,11.326068156986631,173.91330347659408,L,binocular,2,1,1,0,True,False,False,same,L,83.25,0.7363393669213317,63.892487052416385,True,False,,,10.223764992057951,0.9026755666971058,"/Volumes/Data-1/Nimrod/experiments/PV_106/2025_08_06/block_011/oe_files/PV106_ET_d3t4_2025-08-06_12-44-30/Record Node 102/analysis/recNames=Block011,Animal=PV_106/lizMov.mat"
PV_106_011_2020442_R,PV_106,011,PV_106_block_011,2020442.45,2020575.65,13.607643035651277,256.525790875006,R,binocular,2,1,0,1,True,False,False,reverse,L,99.9000000001397,0.7353389786511086,140.35054836573903,True,False,,,14.26031708109113,1.0479637835685345,"/Volumes/Data-1/Nimrod/experiments/PV_106/2025_08_06/block_011/oe_files/PV106_ET_d3t4_2025-08-06_12-44-30/Record Node 102/analysis/recNames=Block011,Animal=PV_106/lizMov.mat"
PV_106_011_2031398_R,PV_106,011,PV_106_block_011,2031398.15,2031531.35,19.73210170865349,177.81399765572493,R,binocular,2,2,0,2,True,True,False,reverse,R,66.60000000009313,18.65035039811955,176.4697828266772,True,False,,,-0.42374833939328505,-0.02147507374784363,"/Volumes/Data-1/Nimrod/experiments/PV_106/2025_08_06/block_011/oe_files/PV106_ET_d3t4_2025-08-06_12-44-30/Record Node 102/analysis/recNames=Block011,Animal=PV_106/lizMov.mat"
PV_106_011_2053726_R,PV_106,011,PV_106_block_011,2053725.8,2053825.7,5.667418084578171,251.55621558106964,R,binocular,2,2,1,1,True,True,True,same,L,33.300000000046566,1.8910735999609567,14.878221100756718,True,False,,,6.422070806985629,1.1331563528833302,"/Volumes/Data-1/Nimrod/experiments/PV_106/2025_08_06/block_011/oe_files/PV106_ET_d3t4_2025-08-06_12-44-30/Record Node 102/analysis/recNames=Block011,Animal=PV_106/lizMov.mat"
PV_106_011_2104658_L,PV_106,011,PV_106_block_011,2104658.15,2104791.35,14.980774380596532,354.403133787584,L,binocular,2,5,3,2,True,True,True,same,L,149.85000000009313,0.6725925484695994,17.74664578126692,True,False,,,16.428724045447474,1.096653859678066,"/Volumes/Data-1/Nimrod/experiments/PV_106/2025_08_06/block_011/oe_files/PV106_ET_d3t4_2025-08-06_12-44-30/Record Node 102/analysis/recNames=Block011,Animal=PV_106/lizMov.mat"
PV_106_011_2104958_L,PV_106,011,PV_106_block_011,2104957.85,2105041.1,5.7657029595631695,158.04995485225984,L,binocular,2,0,0,0,False,False,False,none,,,,,False,False,,,7.696429213174472,1.3348639822675814,"/Volumes/Data-1/Nimrod/experiments/PV_106/2025_08_06/block_011/oe_files/PV106_ET_d3t4_2025-08-06_12-44-30/Record Node 102/analysis/recNames=Block011,Animal=PV_106/lizMov.mat"
PV_106_011_2106040_L,PV_106,011,PV_106_block_011,2106040.1,2106073.4,14.49308085942324,72.29458540885248,L,binocular,2,2,1,1,True,True,True,reverse,L,16.649999999906868,2.6772271168406236,102.9116165839178,True,False,,,14.467410512095443,0.998228786027154,"/Volumes/Data-1/Nimrod/experiments/PV_106/2025_08_06/block_011/oe_files/PV106_ET_d3t4_2025-08-06_12-44-30/Record Node 102/analysis/recNames=Block011,Animal=PV_106/lizMov.mat"
PV_106_011_2110402_L,PV_106,011,PV_106_block_011,2110402.4,2110452.35,15.074312301537066,345.9864217824072,L,binocular,2,5,2,2,True,True,True,reverse,L,49.950000000186265,6.550601714403651,129.6679792034584,True,False,,,7.850603905063655,0.5207935027499172,"/Volumes/Data-1/Nimrod/experiments/PV_106/2025_08_06/block_011/oe_files/PV106_ET_d3t4_2025-08-06_12-44-30/Record Node 102/analysis/recNames=Block011,Animal=PV_106/lizMov.mat"
PV_106_011_2110452_L,PV_106,011,PV_106_block_011,2110452.35,2110485.65,6.550601714403651,216.3184425789488,L,binocular,2,3,1,2,True,True,True,reverse,L,33.299999999813735,2.2479160929850854,139.94827846485913,True,False,,,6.87043959127108,1.048825724843591,"/Volumes/Data-1/Nimrod/experiments/PV_106/2025_08_06/block_011/oe_files/PV106_ET_d3t4_2025-08-06_12-44-30/Record Node 102/analysis/recNames=Block011,Animal=PV_106/lizMov.mat"
PV_106_011_2114382_L,PV_106,011,PV_106_block_011,2114381.75,2114448.35,8.244526923263425,140.53864499606897,L,binocular,2,1,0,1,True,False,False,reverse,L,83.25,0.5551443916497706,168.77890644787902,True,False,,,4.517995941211353,0.5479994162506777,"/Volumes/Data-1/Nimrod/experiments/PV_106/2025_08_06/block_011/oe_files/PV106_ET_d3t4_2025-08-06_12-44-30/Record Node 102/analysis/recNames=Block011,Animal=PV_106/lizMov.mat"
PV_106_011_2120026_R,PV_106,011,PV_106_block_011,2120026.1,2120076.05,6.77902958957549,48.75347498780016,R,binocular,2,5,2,3,True,True,True,same,L,49.9499999997206,1.9895263226116093,81.38845565266388,True,False,,,7.61312790429324,1.1230409609069107,"/Volumes/Data-1/Nimrod/experiments/PV_106/2025_08_06/block_011/oe_files/PV106_ET_d3t4_2025-08-06_12-44-30/Record Node 102/analysis/recNames=Block011,Animal=PV_106/lizMov.mat"
PV_106_011_2120992_L,PV_106,011,PV_106_block_011,2120991.8,2121075.05,16.832855782457493,304.2083691485751,L,binocular,2,3,0,3,True,True,False,reverse,L,83.25,3.5565744937039603,109.90334259424762,True,False,,,10.60000127605257,0.6297209108806988,"/Volumes/Data-1/Nimrod/experiments/PV_106/2025_08_06/block_011/oe_files/PV106_ET_d3t4_2025-08-06_12-44-30/Record Node 102/analysis/recNames=Block011,Animal=PV_106/lizMov.mat"
PV_106_011_2122107_R,PV_106,011,PV_106_block_011,2122107.35,2122190.6,8.04581082533744,189.889875451901,R,binocular,2,5,2,3,True,True,True,reverse,L,33.299999999813735,8.569375236747499,134.68008644267508,False,False,,,0.3286079161085948,0.04084211314958589,"/Volumes/Data-1/Nimrod/experiments/PV_106/2025_08_06/block_011/oe_files/PV106_ET_d3t4_2025-08-06_12-44-30/Record Node 102/analysis/recNames=Block011,Animal=PV_106/lizMov.mat"
PV_106_011_2125104_L,PV_106,011,PV_106_block_011,2125104.35,2125170.95,7.608846637628675,137.38485469621912,L,binocular,2,3,1,2,True,True,True,same,L,166.5,2.012349898728658,0.5520815119868416,True,False,,,5.8178129797192,0.7646116759599116,"/Volumes/Data-1/Nimrod/experiments/PV_106/2025_08_06/block_011/oe_files/PV106_ET_d3t4_2025-08-06_12-44-30/Record Node 102/analysis/recNames=Block011,Animal=PV_106/lizMov.mat"
PV_106_011_2131365_L,PV_106,011,PV_106_block_011,2131364.75,2131448.0,9.51194138463797,325.25349549369605,L,binocular,2,0,0,0,False,False,False,none,,,,,False,False,,,5.503205902234814,0.5785575919467537,"/Volumes/Data-1/Nimrod/experiments/PV_106/2025_08_06/block_011/oe_files/PV106_ET_d3t4_2025-08-06_12-44-30/Record Node 102/analysis/recNames=Block011,Animal=PV_106/lizMov.mat"
PV_106_011_2133429_L,PV_106,011,PV_106_block_011,2133429.35,2133545.9,17.361281906545837,158.12095546070327,L,binocular,2,2,0,2,True,True,False,reverse,L,133.1999999997206,3.4777136878071824,172.42118697506237,True,False,,,11.354499067027689,0.6540127122033902,"/Volumes/Data-1/Nimrod/experiments/PV_106/2025_08_06/block_011/oe_files/PV106_ET_d3t4_2025-08-06_12-44-30/Record Node 102/analysis/recNames=Block011,Animal=PV_106/lizMov.mat"
PV_106_011_2133563_R,PV_106,011,PV_106_block_011,2133562.55,2133645.8,7.294392616622886,14.154533220035914,R,binocular,2,0,0,0,False,False,False,none,,,,,False,False,,,10.815802262133744,1.4827557043592723,"/Volumes/Data-1/Nimrod/experiments/PV_106/2025_08_06/block_011/oe_files/PV106_ET_d3t4_2025-08-06_12-44-30/Record Node 102/analysis/recNames=Block011,Animal=PV_106/lizMov.mat"
PV_106_011_2151278_L,PV_106,011,PV_106_block_011,2151278.15,2151461.3,19.85803078467526,340.73039662028066,L,binocular,2,2,0,2,True,True,False,reverse,L,199.8000000002794,6.474041715521762,171.196044055595,True,False,,,15.648111380881783,0.7879991500948657,"/Volumes/Data-1/Nimrod/experiments/PV_106/2025_08_06/block_011/oe_files/PV106_ET_d3t4_2025-08-06_12-44-30/Record Node 102/analysis/recNames=Block011,Animal=PV_106/lizMov.mat"
PV_106_011_2155141_R,PV_106,011,PV_106_block_011,2155140.95,2155224.2,7.423435939758214,15.102160074830275,R,binocular,2,2,2,0,True,True,False,same,L,216.4499999997206,1.7351777127982597,55.63362239223528,True,False,,,10.461071601953908,1.4091953762174758,"/Volumes/Data-1/Nimrod/experiments/PV_106/2025_08_06/block_011/oe_files/PV106_ET_d3t4_2025-08-06_12-44-30/Record Node 102/analysis/recNames=Block011,Animal=PV_106/lizMov.mat"
PV_106_011_2155407_L,PV_106,011,PV_106_block_011,2155407.35,2155540.55,8.940368440629822,151.12905150713567,L,binocular,2,5,3,2,True,True,True,same,R,83.25,3.153098727909316,59.74754874422075,True,False,,,5.191556184907417,0.580687051029598,"/Volumes/Data-1/Nimrod/experiments/PV_106/2025_08_06/block_011/oe_files/PV106_ET_d3t4_2025-08-06_12-44-30/Record Node 102/analysis/recNames=Block011,Animal=PV_106/lizMov.mat"
PV_106_011_2156922_R,PV_106,011,PV_106_block_011,2156922.5,2157055.7,11.78577385464048,101.59771320735081,R,binocular,2,1,1,0,True,False,False,same,L,66.60000000009313,6.321898789960136,24.802432687979433,True,False,,,11.93573604149663,1.012724000027975,"/Volumes/Data-1/Nimrod/experiments/PV_106/2025_08_06/block_011/oe_files/PV106_ET_d3t4_2025-08-06_12-44-30/Record Node 102/analysis/recNames=Block011,Animal=PV_106/lizMov.mat"
PV_106_011_2159953_R,PV_106,011,PV_106_block_011,2159952.8,2160119.3,10.65974424679106,306.0929779490456,R,binocular,2,2,0,2,True,True,False,reverse,R,83.25,0.6503628308318524,125.24403943919594,True,False,,,8.115040747143476,0.7612791225817989,"/Volumes/Data-1/Nimrod/experiments/PV_106/2025_08_06/block_011/oe_files/PV106_ET_d3t4_2025-08-06_12-44-30/Record Node 102/analysis/recNames=Block011,Animal=PV_106/lizMov.mat"
PV_106_011_2163100_R,PV_106,011,PV_106_block_011,2163099.65,2163232.85,20.228863651111357,132.96572817490284,R,binocular,2,2,0,2,True,True,False,reverse,R,166.5,0.6298323000000345,176.16865418243998,True,False,,,15.012768454005254,0.7421459115515104,"/Volumes/Data-1/Nimrod/experiments/PV_106/2025_08_06/block_011/oe_files/PV106_ET_d3t4_2025-08-06_12-44-30/Record Node 102/analysis/recNames=Block011,Animal=PV_106/lizMov.mat"
PV_106_011_2165747_L,PV_106,011,PV_106_block_011,2165747.0,2165863.55,8.875591707256975,334.8304638437384,L,binocular,2,2,2,0,True,True,False,same,L,216.45000000018626,2.915826489493921,26.616451550234558,True,False,,,12.615282877500263,1.4213455613540216,"/Volumes/Data-1/Nimrod/experiments/PV_106/2025_08_06/block_011/oe_files/PV106_ET_d3t4_2025-08-06_12-44-30/Record Node 102/analysis/recNames=Block011,Animal=PV_106/lizMov.mat"
PV_106_011_2169160_R,PV_106,011,PV_106_block_011,2169160.25,2169210.2,6.914218417611566,235.7891583497266,R,binocular,2,1,1,0,True,False,False,same,R,66.60000000009313,0.9490536319536247,12.803786101345196,True,False,,,7.008459100659751,1.0136299835145706,"/Volumes/Data-1/Nimrod/experiments/PV_106/2025_08_06/block_011/oe_files/PV106_ET_d3t4_2025-08-06_12-44-30/Record Node 102/analysis/recNames=Block011,Animal=PV_106/lizMov.mat"
PV_106_011_2169926_L,PV_106,011,PV_106_block_011,2169926.15,2169992.75,9.047551257892058,325.59826853812785,L,binocular,2,5,2,3,True,True,True,reverse,L,33.3000000002794,6.338889684793006,106.86627030458251,True,False,,,-2.27380730831324,-0.2513174276111261,"/Volumes/Data-1/Nimrod/experiments/PV_106/2025_08_06/block_011/oe_files/PV106_ET_d3t4_2025-08-06_12-44-30/Record Node 102/analysis/recNames=Block011,Animal=PV_106/lizMov.mat"
PV_106_011_2170942_R,PV_106,011,PV_106_block_011,2170941.8,2171025.05,7.453191022864501,351.55166026860013,R,binocular,2,2,0,2,True,True,False,reverse,L,83.25,1.3695082335193376,135.83695433667341,True,False,,,5.965612735337382,0.8004105512707771,"/Volumes/Data-1/Nimrod/experiments/PV_106/2025_08_06/block_011/oe_files/PV106_ET_d3t4_2025-08-06_12-44-30/Record Node 102/analysis/recNames=Block011,Animal=PV_106/lizMov.mat"
PV_106_011_42589_L,PV_106,011,PV_106_block_011,42588.95,42672.2,5.875710295271703,55.87986187582651,L,monocular,1,0,0,0,False,False,False,none,,,,,False,False,,,5.750404322357776,0.9786739021127772,"/Volumes/Data-1/Nimrod/experiments/PV_106/2025_08_06/block_011/oe_files/PV106_ET_d3t4_2025-08-06_12-44-30/Record Node 102/analysis/recNames=Block011,Animal=PV_106/lizMov.mat"
PV_106_011_82349_L,PV_106,011,PV_106_block_011,82349.15,82432.4,6.251176420363156,278.1583721813234,L,monocular,1,1,1,0,True,False,False,same,L,99.90000000000873,0.6791219129813738,9.846248540455178,True,False,,,9.02275909823388,1.443369774182395,"/Volumes/Data-1/Nimrod/experiments/PV_106/2025_08_06/block_011/oe_files/PV106_ET_d3t4_2025-08-06_12-44-30/Record Node 102/analysis/recNames=Block011,Animal=PV_106/lizMov.mat"
PV_106_011_145719_L,PV_106,011,PV_106_block_011,145719.05,145852.25,8.914576969208786,274.85187996097795,L,monocular,1,0,0,0,False,False,False,none,,,,,False,False,,,9.068056611815114,1.0172167050816265,"/Volumes/Data-1/Nimrod/experiments/PV_106/2025_08_06/block_011/oe_files/PV106_ET_d3t4_2025-08-06_12-44-30/Record Node 102/analysis/recNames=Block011,Animal=PV_106/lizMov.mat"
PV_106_011_528303_L,PV_106,011,PV_106_block_011,528302.75,528386.0,8.193194395813661,119.36755222476776,L,monocular,1,0,0,0,False,False,False,none,,,,,False,True,528516.0,213.25,9.943002780931966,1.213568518038871,"/Volumes/Data-1/Nimrod/experiments/PV_106/2025_08_06/block_011/oe_files/PV106_ET_d3t4_2025-08-06_12-44-30/Record Node 102/analysis/recNames=Block011,Animal=PV_106/lizMov.mat"
PV_106_011_546801_L,PV_106,011,PV_106_block_011,546800.9,546917.45,8.520734451513722,153.80785304012775,L,monocular,1,0,0,0,False,False,False,none,,,,,False,False,,,10.262552377458052,1.2044211019432596,"/Volumes/Data-1/Nimrod/experiments/PV_106/2025_08_06/block_011/oe_files/PV106_ET_d3t4_2025-08-06_12-44-30/Record Node 102/analysis/recNames=Block011,Animal=PV_106/lizMov.mat"
PV_106_011_550747_L,PV_106,011,PV_106_block_011,550746.95,550846.85,8.724905636138702,296.27829905376893,L,monocular,1,3,1,2,True,True,True,reverse,R,66.60000000009313,0.6633425443432845,111.1712029124597,True,True,550764.0,17.050000000046566,8.428327368255207,0.9660078538093222,"/Volumes/Data-1/Nimrod/experiments/PV_106/2025_08_06/block_011/oe_files/PV106_ET_d3t4_2025-08-06_12-44-30/Record Node 102/analysis/recNames=Block011,Animal=PV_106/lizMov.mat"
PV_106_011_552079_L,PV_106,011,PV_106_block_011,552078.95,552095.6,8.678479241174694,109.60392727612033,L,monocular,1,3,1,1,True,True,True,unknown,L,16.650000000023283,,,False,True,552160.0,81.05000000004657,-1.6416034650104434,-0.1891579641306189,"/Volumes/Data-1/Nimrod/experiments/PV_106/2025_08_06/block_011/oe_files/PV106_ET_d3t4_2025-08-06_12-44-30/Record Node 102/analysis/recNames=Block011,Animal=PV_106/lizMov.mat"
PV_106_011_745752_L,PV_106,011,PV_106_block_011,745751.75,745918.25,17.760906990384882,271.8975688529471,L,monocular,1,1,0,1,True,False,False,reverse,R,83.25,0.569686324653279,110.32970519413294,True,False,,,16.142987895464074,0.9089056039876403,"/Volumes/Data-1/Nimrod/experiments/PV_106/2025_08_06/block_011/oe_files/PV106_ET_d3t4_2025-08-06_12-44-30/Record Node 102/analysis/recNames=Block011,Animal=PV_106/lizMov.mat"
PV_106_011_848782_L,PV_106,011,PV_106_block_011,848781.95,848881.85,10.185611233641389,101.32621236707409,L,monocular,1,0,0,0,False,False,False,none,,,,,False,False,,,7.530671172443397,0.7393440609210409,"/Volumes/Data-1/Nimrod/experiments/PV_106/2025_08_06/block_011/oe_files/PV106_ET_d3t4_2025-08-06_12-44-30/Record Node 102/analysis/recNames=Block011,Animal=PV_106/lizMov.mat"
PV_106_011_883064_L,PV_106,011,PV_106_block_011,883064.3,883147.55,6.734514685472343,283.4068337184479,L,monocular,1,1,1,0,True,False,False,same,R,49.949999999953434,2.554270888447871,88.49241439176967,True,False,,,5.908423560140821,0.8773347206275218,"/Volumes/Data-1/Nimrod/experiments/PV_106/2025_08_06/block_011/oe_files/PV106_ET_d3t4_2025-08-06_12-44-30/Record Node 102/analysis/recNames=Block011,Animal=PV_106/lizMov.mat"
PV_106_011_951562_L,PV_106,011,PV_106_block_011,951562.4,951695.6,10.30357535999393,293.76227077374705,L,monocular,1,0,0,0,False,False,False,none,,,,,False,False,,,10.076799716793015,0.9779905872206822,"/Volumes/Data-1/Nimrod/experiments/PV_106/2025_08_06/block_011/oe_files/PV106_ET_d3t4_2025-08-06_12-44-30/Record Node 102/analysis/recNames=Block011,Animal=PV_106/lizMov.mat"
PV_106_011_1030766_L,PV_106,011,PV_106_block_011,1030766.45,1030799.75,6.396916868453469,307.35770475570854,L,monocular,1,5,1,3,True,True,True,unknown,R,16.650000000023283,,,False,True,1030832.0,65.55000000004657,-5.834261757970495,-0.9120427665305891,"/Volumes/Data-1/Nimrod/experiments/PV_106/2025_08_06/block_011/oe_files/PV106_ET_d3t4_2025-08-06_12-44-30/Record Node 102/analysis/recNames=Block011,Animal=PV_106/lizMov.mat"
PV_106_011_1116680_L,PV_106,011,PV_106_block_011,1116680.45,1116797.0,7.411181601232132,282.11225274739866,L,monocular,1,0,0,0,False,False,False,none,,,,,False,False,,,7.481380848064466,1.009472072148477,"/Volumes/Data-1/Nimrod/experiments/PV_106/2025_08_06/block_011/oe_files/PV106_ET_d3t4_2025-08-06_12-44-30/Record Node 102/analysis/recNames=Block011,Animal=PV_106/lizMov.mat"
PV_106_011_1162518_L,PV_106,011,PV_106_block_011,1162517.9,1162667.75,10.788143537320979,182.86043893256883,L,monocular,1,0,0,0,False,False,False,none,,,,,False,False,,,12.900296679321231,1.1957846718198897,"/Volumes/Data-1/Nimrod/experiments/PV_106/2025_08_06/block_011/oe_files/PV106_ET_d3t4_2025-08-06_12-44-30/Record Node 102/analysis/recNames=Block011,Animal=PV_106/lizMov.mat"
PV_106_011_1241339_L,PV_106,011,PV_106_block_011,1241339.0,1241438.9,8.114867348951938,285.3526893765225,L,monocular,1,1,0,1,True,False,False,reverse,L,99.89999999990687,0.5694798504994955,170.51408626127466,True,False,,,7.565937816405634,0.9323550824749833,"/Volumes/Data-1/Nimrod/experiments/PV_106/2025_08_06/block_011/oe_files/PV106_ET_d3t4_2025-08-06_12-44-30/Record Node 102/analysis/recNames=Block011,Animal=PV_106/lizMov.mat"
PV_106_011_1264449_L,PV_106,011,PV_106_block_011,1264449.2,1264532.45,7.965303166533056,341.9935059893277,L,monocular,1,3,1,2,True,True,True,same,R,49.949999999953434,4.936493687215869,18.601169818203402,True,True,1264632.0,182.80000000004657,0.6795054447914158,0.08530817102435216,"/Volumes/Data-1/Nimrod/experiments/PV_106/2025_08_06/block_011/oe_files/PV106_ET_d3t4_2025-08-06_12-44-30/Record Node 102/analysis/recNames=Block011,Animal=PV_106/lizMov.mat"
PV_106_011_1266664_L,PV_106,011,PV_106_block_011,1266663.65,1266746.9,5.719075862813414,170.1242570583576,L,monocular,1,1,1,0,True,False,False,same,L,99.9000000001397,6.997301735424441,1.6139261883655251,False,False,,,14.995529965495074,2.622019767738882,"/Volumes/Data-1/Nimrod/experiments/PV_106/2025_08_06/block_011/oe_files/PV106_ET_d3t4_2025-08-06_12-44-30/Record Node 102/analysis/recNames=Block011,Animal=PV_106/lizMov.mat"
PV_106_011_1266764_L,PV_106,011,PV_106_block_011,1266763.55,1266863.45,6.997301735424441,171.73818324672314,L,monocular,1,0,0,0,False,False,False,none,,,,,False,False,,,9.217601162106714,1.3173079439238438,"/Volumes/Data-1/Nimrod/experiments/PV_106/2025_08_06/block_011/oe_files/PV106_ET_d3t4_2025-08-06_12-44-30/Record Node 102/analysis/recNames=Block011,Animal=PV_106/lizMov.mat"
PV_106_011_1274123_L,PV_106,011,PV_106_block_011,1274122.85,1274289.35,10.135251599546153,282.7109068194513,L,monocular,1,0,0,0,False,False,False,none,,,,,False,False,,,9.792067870544992,0.9661395945003941,"/Volumes/Data-1/Nimrod/experiments/PV_106/2025_08_06/block_011/oe_files/PV106_ET_d3t4_2025-08-06_12-44-30/Record Node 102/analysis/recNames=Block011,Animal=PV_106/lizMov.mat"
PV_106_011_1333630_L,PV_106,011,PV_106_block_011,1333629.95,1333763.15,13.278076280632629,292.5597929821521,L,monocular,1,0,0,0,False,False,False,none,,,,,False,False,,,14.958584510559144,1.1265626280802212,"/Volumes/Data-1/Nimrod/experiments/PV_106/2025_08_06/block_011/oe_files/PV106_ET_d3t4_2025-08-06_12-44-30/Record Node 102/analysis/recNames=Block011,Animal=PV_106/lizMov.mat"
PV_106_011_1357506_L,PV_106,011,PV_106_block_011,1357506.05,1357622.6,8.399239469812258,169.18763081469675,L,monocular,1,0,0,0,False,False,False,none,,,,,False,False,,,11.050611082734038,1.3156680580963414,"/Volumes/Data-1/Nimrod/experiments/PV_106/2025_08_06/block_011/oe_files/PV106_ET_d3t4_2025-08-06_12-44-30/Record Node 102/analysis/recNames=Block011,Animal=PV_106/lizMov.mat"
PV_106_011_1396101_L,PV_106,011,PV_106_block_011,1396100.75,1396117.4,6.007469826191535,142.28656457917916,L,monocular,1,5,1,4,True,True,True,reverse,L,16.649999999906868,0.5761091958229229,155.1225369449187,True,False,,,-20.45033484887373,-3.4041510720060195,"/Volumes/Data-1/Nimrod/experiments/PV_106/2025_08_06/block_011/oe_files/PV106_ET_d3t4_2025-08-06_12-44-30/Record Node 102/analysis/recNames=Block011,Animal=PV_106/lizMov.mat"
PV_106_011_1396151_L,PV_106,011,PV_106_block_011,1396150.7,1396267.25,25.950674012465125,18.08256002820259,L,monocular,1,2,2,0,True,True,False,same,L,116.55000000004657,9.603444135357938,75.01758310280218,True,False,,,34.097427392069875,1.3139322460638805,"/Volumes/Data-1/Nimrod/experiments/PV_106/2025_08_06/block_011/oe_files/PV106_ET_d3t4_2025-08-06_12-44-30/Record Node 102/analysis/recNames=Block011,Animal=PV_106/lizMov.mat"
PV_106_011_1396267_L,PV_106,011,PV_106_block_011,1396267.25,1396283.9,9.603444135357938,303.0649769254004,L,monocular,1,1,0,1,True,False,False,reverse,L,16.649999999906868,9.488860081012401,133.07039888357593,True,False,,,2.412497225733584,0.25121166861910066,"/Volumes/Data-1/Nimrod/experiments/PV_106/2025_08_06/block_011/oe_files/PV106_ET_d3t4_2025-08-06_12-44-30/Record Node 102/analysis/recNames=Block011,Animal=PV_106/lizMov.mat"
PV_106_011_1396284_L,PV_106,011,PV_106_block_011,1396283.9,1396383.8,9.488860081012401,76.13537580897633,L,monocular,1,0,0,0,False,False,False,none,,,,,False,False,,,10.762569238802785,1.1342320517866131,"/Volumes/Data-1/Nimrod/experiments/PV_106/2025_08_06/block_011/oe_files/PV106_ET_d3t4_2025-08-06_12-44-30/Record Node 102/analysis/recNames=Block011,Animal=PV_106/lizMov.mat"
PV_106_011_1397899_L,PV_106,011,PV_106_block_011,1397898.95,1398015.5,8.34841208526326,242.02898047432228,L,monocular,1,3,3,0,True,True,False,same,L,149.85000000009313,0.693508520488278,20.33352983465923,True,False,,,12.68051136268776,1.518912966104247,"/Volumes/Data-1/Nimrod/experiments/PV_106/2025_08_06/block_011/oe_files/PV106_ET_d3t4_2025-08-06_12-44-30/Record Node 102/analysis/recNames=Block011,Animal=PV_106/lizMov.mat"
PV_106_011_1410303_L,PV_106,011,PV_106_block_011,1410303.2,1410403.1,6.72693621744105,180.8476281678422,L,monocular,1,0,0,0,False,False,False,none,,,,,False,False,,,10.34528748089031,1.5378899318337365,"/Volumes/Data-1/Nimrod/experiments/PV_106/2025_08_06/block_011/oe_files/PV106_ET_d3t4_2025-08-06_12-44-30/Record Node 102/analysis/recNames=Block011,Animal=PV_106/lizMov.mat"
PV_106_011_1449947_L,PV_106,011,PV_106_block_011,1449946.85,1450013.45,9.825612086508313,129.20978648562107,L,monocular,1,0,0,0,False,False,False,none,,,,,False,True,1450128.0,181.14999999990687,9.185005375279022,0.9348023608515019,"/Volumes/Data-1/Nimrod/experiments/PV_106/2025_08_06/block_011/oe_files/PV106_ET_d3t4_2025-08-06_12-44-30/Record Node 102/analysis/recNames=Block011,Animal=PV_106/lizMov.mat"
PV_106_011_1512601_L,PV_106,011,PV_106_block_011,1512600.8,1512634.1,11.03069815083008,129.00379743946718,L,monocular,1,7,2,5,True,True,True,same,L,116.55000000004657,1.1504398914377687,15.738053750537603,True,True,1512652.0,51.199999999953434,19.453327702082984,1.7635626898755348,"/Volumes/Data-1/Nimrod/experiments/PV_106/2025_08_06/block_011/oe_files/PV106_ET_d3t4_2025-08-06_12-44-30/Record Node 102/analysis/recNames=Block011,Animal=PV_106/lizMov.mat"
PV_106_011_1615032_L,PV_106,011,PV_106_block_011,1615031.6,1615114.85,6.368146901414683,94.19548283809523,L,monocular,1,0,0,0,False,False,False,none,,,,,False,False,,,4.348079430121839,0.682785667076228,"/Volumes/Data-1/Nimrod/experiments/PV_106/2025_08_06/block_011/oe_files/PV106_ET_d3t4_2025-08-06_12-44-30/Record Node 102/analysis/recNames=Block011,Animal=PV_106/lizMov.mat"
PV_106_011_1980033_L,PV_106,011,PV_106_block_011,1980032.9,1980132.8,8.294991777495106,80.01464551898134,L,monocular,1,1,1,0,True,False,False,same,R,66.60000000009313,0.7121770938745583,34.03040259029274,True,False,,,7.329242578682698,0.8835744236139507,"/Volumes/Data-1/Nimrod/experiments/PV_106/2025_08_06/block_011/oe_files/PV106_ET_d3t4_2025-08-06_12-44-30/Record Node 102/analysis/recNames=Block011,Animal=PV_106/lizMov.mat"
PV_106_011_2071175_L,PV_106,011,PV_106_block_011,2071175.0,2071274.9,9.617522623846545,97.92171963050998,L,monocular,1,1,1,0,True,False,False,same,L,116.55000000004657,0.6567448803733389,15.967223364268818,True,False,,,11.003403848805878,1.1440996064332674,"/Volumes/Data-1/Nimrod/experiments/PV_106/2025_08_06/block_011/oe_files/PV106_ET_d3t4_2025-08-06_12-44-30/Record Node 102/analysis/recNames=Block011,Animal=PV_106/lizMov.mat"
PV_106_011_2101312_L,PV_106,011,PV_106_block_011,2101311.5,2101378.1,6.1875980935877415,74.54635762044201,L,monocular,1,0,0,0,False,False,False,none,,,,,False,False,,,5.449836305911298,0.8807676619396156,"/Volumes/Data-1/Nimrod/experiments/PV_106/2025_08_06/block_011/oe_files/PV106_ET_d3t4_2025-08-06_12-44-30/Record Node 102/analysis/recNames=Block011,Animal=PV_106/lizMov.mat"
PV_106_011_2120376_L,PV_106,011,PV_106_block_011,2120375.75,2120392.4,18.063089898097108,70.98651413914624,L,monocular,1,5,2,3,True,True,True,reverse,L,16.649999999906868,2.741869107232737,162.9512178205473,True,False,,,12.175373062638554,0.6740470833797485,"/Volumes/Data-1/Nimrod/experiments/PV_106/2025_08_06/block_011/oe_files/PV106_ET_d3t4_2025-08-06_12-44-30/Record Node 102/analysis/recNames=Block011,Animal=PV_106/lizMov.mat"
PV_106_011_2121258_L,PV_106,011,PV_106_block_011,2121258.2,2121308.15,5.697393445332571,218.59192183331436,L,monocular,1,6,3,3,True,True,True,reverse,L,49.9499999997206,9.66531019178204,168.98916368489614,False,False,,,-3.3130028060734276,-0.5814944742472563,"/Volumes/Data-1/Nimrod/experiments/PV_106/2025_08_06/block_011/oe_files/PV106_ET_d3t4_2025-08-06_12-44-30/Record Node 102/analysis/recNames=Block011,Animal=PV_106/lizMov.mat"
PV_106_011_2121308_L,PV_106,011,PV_106_block_011,2121308.15,2121358.1,9.66531019178204,49.60275814841823,L,monocular,1,5,3,2,True,True,True,reverse,L,49.950000000186265,1.3849044649212974,165.0519492305055,True,False,,,8.684511799965499,0.89852385775984,"/Volumes/Data-1/Nimrod/experiments/PV_106/2025_08_06/block_011/oe_files/PV106_ET_d3t4_2025-08-06_12-44-30/Record Node 102/analysis/recNames=Block011,Animal=PV_106/lizMov.mat"
PV_106_011_2122141_L,PV_106,011,PV_106_block_011,2122140.65,2122207.25,8.569375236747499,324.56996189457607,L,monocular,1,4,2,2,True,True,True,same,R,49.950000000186265,1.9039135486476775,3.7874518512239774,True,False,,,2.312953530398352,0.2699092368460962,"/Volumes/Data-1/Nimrod/experiments/PV_106/2025_08_06/block_011/oe_files/PV106_ET_d3t4_2025-08-06_12-44-30/Record Node 102/analysis/recNames=Block011,Animal=PV_106/lizMov.mat"
PV_106_011_2151478_L,PV_106,011,PV_106_block_011,2151477.95,2151594.5,6.474041715521762,151.92644067587565,L,monocular,1,5,3,2,True,True,True,same,R,49.9499999997206,1.6396510371259847,51.35886944140461,True,False,,,2.7294024941409276,0.42159173729095395,"/Volumes/Data-1/Nimrod/experiments/PV_106/2025_08_06/block_011/oe_files/PV106_ET_d3t4_2025-08-06_12-44-30/Record Node 102/analysis/recNames=Block011,Animal=PV_106/lizMov.mat"
PV_106_011_2156873_L,PV_106,011,PV_106_block_011,2156872.55,2156922.5,10.00825642806175,343.42099260768714,L,monocular,1,3,1,2,True,True,True,same,L,49.950000000186265,7.151126992625128,75.8024330129802,True,False,,,5.337744045349355,0.5333340611040968,"/Volumes/Data-1/Nimrod/experiments/PV_106/2025_08_06/block_011/oe_files/PV106_ET_d3t4_2025-08-06_12-44-30/Record Node 102/analysis/recNames=Block011,Animal=PV_106/lizMov.mat"
PV_106_011_2156989_L,PV_106,011,PV_106_block_011,2156989.1,2157055.7,6.321898789960136,126.40014589533025,L,monocular,1,0,0,0,False,False,False,none,,,,,False,False,,,10.232334331081223,1.6185539615615618,"/Volumes/Data-1/Nimrod/experiments/PV_106/2025_08_06/block_011/oe_files/PV106_ET_d3t4_2025-08-06_12-44-30/Record Node 102/analysis/recNames=Block011,Animal=PV_106/lizMov.mat"
PV_106_011_2169959_L,PV_106,011,PV_106_block_011,2169959.45,2170009.4,6.338889684793006,218.73199823354534,L,monocular,1,4,2,2,True,True,True,same,L,49.9499999997206,12.870425174098182,79.79368853543005,False,False,,,6.271341063064106,0.9893437770512162,"/Volumes/Data-1/Nimrod/experiments/PV_106/2025_08_06/block_011/oe_files/PV106_ET_d3t4_2025-08-06_12-44-30/Record Node 102/analysis/recNames=Block011,Animal=PV_106/lizMov.mat"
PV_106_011_2170009_L,PV_106,011,PV_106_block_011,2170009.4,2170076.0,12.870425174098182,138.9383096981153,L,monocular,1,6,2,4,True,True,True,reverse,L,133.20000000018626,1.673681117242729,131.6839951097318,True,False,,,14.55040514714011,1.1305302622342965,"/Volumes/Data-1/Nimrod/experiments/PV_106/2025_08_06/block_011/oe_files/PV106_ET_d3t4_2025-08-06_12-44-30/Record Node 102/analysis/recNames=Block011,Animal=PV_106/lizMov.mat"
PV_106_011_2170176_L,PV_106,011,PV_106_block_011,2170175.9,2170225.85,6.648674932120547,138.28933523922603,L,monocular,1,5,1,4,True,True,True,reverse,L,49.950000000186265,0.7350738436995137,156.9725156392626,True,False,,,-0.9350229059337924,-0.14063297055125745,"/Volumes/Data-1/Nimrod/experiments/PV_106/2025_08_06/block_011/oe_files/PV106_ET_d3t4_2025-08-06_12-44-30/Record Node 102/analysis/recNames=Block011,Animal=PV_106/lizMov.mat"
PV_106_011_293355_R,PV_106,011,PV_106_block_011,293354.6,293454.5,16.237196996666945,88.55757754230473,R,monocular,1,0,0,0,False,False,False,none,,,,,False,True,293372.0,17.400000000023283,16.309760565384625,1.0044689713829655,"/Volumes/Data-1/Nimrod/experiments/PV_106/2025_08_06/block_011/oe_files/PV106_ET_d3t4_2025-08-06_12-44-30/Record Node 102/analysis/recNames=Block011,Animal=PV_106/lizMov.mat"
PV_106_011_359971_R,PV_106,011,PV_106_block_011,359971.25,360037.85,9.917917092350985,45.260678084527186,R,monocular,1,0,0,0,False,False,False,none,,,,,False,True,360076.0,104.75,10.437664749822343,1.0524049205727082,"/Volumes/Data-1/Nimrod/experiments/PV_106/2025_08_06/block_011/oe_files/PV106_ET_d3t4_2025-08-06_12-44-30/Record Node 102/analysis/recNames=Block011,Animal=PV_106/lizMov.mat"
PV_106_011_546551_R,PV_106,011,PV_106_block_011,546551.15,546684.35,13.836607036350463,23.697509833840147,R,monocular,1,2,0,2,True,True,False,reverse,L,99.90000000002328,0.5820731895572924,176.10469128751288,True,False,,,15.002431018224241,1.0842564928534153,"/Volumes/Data-1/Nimrod/experiments/PV_106/2025_08_06/block_011/oe_files/PV106_ET_d3t4_2025-08-06_12-44-30/Record Node 102/analysis/recNames=Block011,Animal=PV_106/lizMov.mat"
PV_106_011_635579_R,PV_106,011,PV_106_block_011,635578.7,635628.65,7.791444858855876,36.76735505086179,R,monocular,1,0,0,0,False,False,False,none,,,,,False,False,,,9.92850970777417,1.274283510649411,"/Volumes/Data-1/Nimrod/experiments/PV_106/2025_08_06/block_011/oe_files/PV106_ET_d3t4_2025-08-06_12-44-30/Record Node 102/analysis/recNames=Block011,Animal=PV_106/lizMov.mat"
PV_106_011_1040074_R,PV_106,011,PV_106_block_011,1040073.8,1040140.4,10.264145468730808,16.03252075737469,R,monocular,1,2,1,1,True,True,True,reverse,R,66.59999999997672,5.72623590923162,171.24134373684012,True,False,,,15.110650056133784,1.4721780884894513,"/Volumes/Data-1/Nimrod/experiments/PV_106/2025_08_06/block_011/oe_files/PV106_ET_d3t4_2025-08-06_12-44-30/Record Node 102/analysis/recNames=Block011,Animal=PV_106/lizMov.mat"
PV_106_011_1040140_R,PV_106,011,PV_106_block_011,1040140.4,1040157.05,5.72623590923162,204.79117702053455,R,monocular,1,1,0,1,True,False,False,reverse,R,16.650000000023283,10.863209382032524,168.27137182921015,False,False,,,-5.41317959867381,-0.9453294772482019,"/Volumes/Data-1/Nimrod/experiments/PV_106/2025_08_06/block_011/oe_files/PV106_ET_d3t4_2025-08-06_12-44-30/Record Node 102/analysis/recNames=Block011,Animal=PV_106/lizMov.mat"
PV_106_011_1040157_R,PV_106,011,PV_106_block_011,1040157.05,1040240.3,10.863209382032524,36.5198051913244,R,monocular,1,0,0,0,False,False,False,none,,,,,False,False,,,11.547989277449535,1.063036610207442,"/Volumes/Data-1/Nimrod/experiments/PV_106/2025_08_06/block_011/oe_files/PV106_ET_d3t4_2025-08-06_12-44-30/Record Node 102/analysis/recNames=Block011,Animal=PV_106/lizMov.mat"
PV_106_011_1086727_R,PV_106,011,PV_106_block_011,1086727.1,1086743.75,5.700648104176752,203.06495212000672,R,monocular,1,1,0,1,True,False,False,reverse,R,16.649999999906868,9.577870805518062,162.44730080653744,False,False,,,-5.50907168299087,-0.9663939226409155,"/Volumes/Data-1/Nimrod/experiments/PV_106/2025_08_06/block_011/oe_files/PV106_ET_d3t4_2025-08-06_12-44-30/Record Node 102/analysis/recNames=Block011,Animal=PV_106/lizMov.mat"
PV_106_011_1086744_R,PV_106,011,PV_106_block_011,1086743.75,1086810.35,9.577870805518062,40.61765131346928,R,monocular,1,0,0,0,False,False,False,none,,,,,False,False,,,11.890564327355179,1.241462175549989,"/Volumes/Data-1/Nimrod/experiments/PV_106/2025_08_06/block_011/oe_files/PV106_ET_d3t4_2025-08-06_12-44-30/Record Node 102/analysis/recNames=Block011,Animal=PV_106/lizMov.mat"
PV_106_011_1291822_R,PV_106,011,PV_106_block_011,1291821.8,1291921.7,7.562532713086151,109.42939232653622,R,monocular,1,0,0,0,False,False,False,none,,,,,False,False,,,7.384159208179986,0.9764135228668156,"/Volumes/Data-1/Nimrod/experiments/PV_106/2025_08_06/block_011/oe_files/PV106_ET_d3t4_2025-08-06_12-44-30/Record Node 102/analysis/recNames=Block011,Animal=PV_106/lizMov.mat"
PV_106_011_1398332_R,PV_106,011,PV_106_block_011,1398331.85,1398431.75,7.186644272334084,354.93676570609284,R,monocular,1,0,0,0,False,False,False,none,,,,,False,False,,,9.501394421804061,1.3220905420880378,"/Volumes/Data-1/Nimrod/experiments/PV_106/2025_08_06/block_011/oe_files/PV106_ET_d3t4_2025-08-06_12-44-30/Record Node 102/analysis/recNames=Block011,Animal=PV_106/lizMov.mat"
PV_106_011_1409521_R,PV_106,011,PV_106_block_011,1409520.65,1409703.8,13.6510586648093,5.662276983880638,R,monocular,1,3,1,0,True,True,False,unknown,L,49.950000000186265,,,False,False,,,15.802943523047828,1.1576350165270195,"/Volumes/Data-1/Nimrod/experiments/PV_106/2025_08_06/block_011/oe_files/PV106_ET_d3t4_2025-08-06_12-44-30/Record Node 102/analysis/recNames=Block011,Animal=PV_106/lizMov.mat"
PV_106_011_1452278_R,PV_106,011,PV_106_block_011,1452277.85,1452361.1,7.360100678849815,41.97138459541709,R,monocular,1,0,0,0,False,False,False,none,,,,,False,False,,,8.969609696303221,1.218680299045166,"/Volumes/Data-1/Nimrod/experiments/PV_106/2025_08_06/block_011/oe_files/PV106_ET_d3t4_2025-08-06_12-44-30/Record Node 102/analysis/recNames=Block011,Animal=PV_106/lizMov.mat"
PV_106_011_1715081_R,PV_106,011,PV_106_block_011,1715081.45,1715181.35,7.216988105603383,247.91688056877052,R,monocular,1,0,0,0,False,False,False,none,,,,,False,False,,,8.093065646653201,1.121391019110814,"/Volumes/Data-1/Nimrod/experiments/PV_106/2025_08_06/block_011/oe_files/PV106_ET_d3t4_2025-08-06_12-44-30/Record Node 102/analysis/recNames=Block011,Animal=PV_106/lizMov.mat"
PV_106_011_1724755_R,PV_106,011,PV_106_block_011,1724755.1,1724855.0,7.127906054946977,248.2498541078785,R,monocular,1,0,0,0,False,False,False,none,,,,,False,False,,,7.686255029632034,1.078332818976696,"/Volumes/Data-1/Nimrod/experiments/PV_106/2025_08_06/block_011/oe_files/PV106_ET_d3t4_2025-08-06_12-44-30/Record Node 102/analysis/recNames=Block011,Animal=PV_106/lizMov.mat"
PV_106_011_1821009_R,PV_106,011,PV_106_block_011,1821008.75,1821125.3,14.218852259224816,219.45430485861968,R,monocular,1,0,0,0,False,False,False,none,,,,,False,False,,,12.025056933433342,0.8457122075821417,"/Volumes/Data-1/Nimrod/experiments/PV_106/2025_08_06/block_011/oe_files/PV106_ET_d3t4_2025-08-06_12-44-30/Record Node 102/analysis/recNames=Block011,Animal=PV_106/lizMov.mat"
PV_106_011_1843686_R,PV_106,011,PV_106_block_011,1843686.05,1843785.95,5.845848429257747,252.26425139694857,R,monocular,1,0,0,0,False,False,False,none,,,,,False,False,,,7.12349121763012,1.2185555790290301,"/Volumes/Data-1/Nimrod/experiments/PV_106/2025_08_06/block_011/oe_files/PV106_ET_d3t4_2025-08-06_12-44-30/Record Node 102/analysis/recNames=Block011,Animal=PV_106/lizMov.mat"
PV_106_011_1948614_R,PV_106,011,PV_106_block_011,1948614.35,1948714.25,21.400675495399234,124.51297635446491,R,monocular,1,0,0,0,False,False,False,none,,,,,False,False,,,18.90480863606774,0.883374388819266,"/Volumes/Data-1/Nimrod/experiments/PV_106/2025_08_06/block_011/oe_files/PV106_ET_d3t4_2025-08-06_12-44-30/Record Node 102/analysis/recNames=Block011,Animal=PV_106/lizMov.mat"
PV_106_011_1959936_R,PV_106,011,PV_106_block_011,1959936.35,1960036.25,12.80198752838164,235.1341858969211,R,monocular,1,0,0,0,False,False,False,none,,,,,False,False,,,10.886665816947122,0.8503887222832937,"/Volumes/Data-1/Nimrod/experiments/PV_106/2025_08_06/block_011/oe_files/PV106_ET_d3t4_2025-08-06_12-44-30/Record Node 102/analysis/recNames=Block011,Animal=PV_106/lizMov.mat"
PV_106_011_2031465_R,PV_106,011,PV_106_block_011,2031464.75,2031597.95,18.65035039811955,1.3442148290477407,R,monocular,1,1,1,0,True,False,False,same,L,66.60000000009313,2.201414389674193,23.242630832341888,True,False,,,21.712000891027674,1.1641604810393709,"/Volumes/Data-1/Nimrod/experiments/PV_106/2025_08_06/block_011/oe_files/PV106_ET_d3t4_2025-08-06_12-44-30/Record Node 102/analysis/recNames=Block011,Animal=PV_106/lizMov.mat"
PV_106_011_2065631_R,PV_106,011,PV_106_block_011,2065630.55,2065680.5,7.662555699353683,112.96545725857038,R,monocular,1,0,0,0,False,False,False,none,,,,,False,False,,,5.672456914274955,0.7402826337371241,"/Volumes/Data-1/Nimrod/experiments/PV_106/2025_08_06/block_011/oe_files/PV106_ET_d3t4_2025-08-06_12-44-30/Record Node 102/analysis/recNames=Block011,Animal=PV_106/lizMov.mat"
PV_106_011_2106073_R,PV_106,011,PV_106_block_011,2106073.4,2106156.65,9.869533138928645,0.6292336246392067,R,monocular,1,0,0,0,False,False,False,none,,,,,False,False,,,11.621885455343858,1.1775516928458718,"/Volumes/Data-1/Nimrod/experiments/PV_106/2025_08_06/block_011/oe_files/PV106_ET_d3t4_2025-08-06_12-44-30/Record Node 102/analysis/recNames=Block011,Animal=PV_106/lizMov.mat"
PV_106_011_2122224_R,PV_106,011,PV_106_block_011,2122223.9,2122257.2,8.080917425864481,19.91775486336389,R,monocular,1,3,2,1,True,True,True,same,L,183.14999999990687,3.974573713146846,29.648498363153237,True,False,,,11.049537972363716,1.3673618216908903,"/Volumes/Data-1/Nimrod/experiments/PV_106/2025_08_06/block_011/oe_files/PV106_ET_d3t4_2025-08-06_12-44-30/Record Node 102/analysis/recNames=Block011,Animal=PV_106/lizMov.mat"
PV_106_012_96655_L,PV_106,012,PV_106_block_012,96654.8,96738.05,6.738555706754383,296.9339125403883,L,binocular,2,1,0,1,True,False,False,reverse,R,66.59999999999127,0.6677882341712689,92.55517013986162,True,True,96664.0,9.19999999999709,4.472518637068868,0.6637206593967673,"/Volumes/Data-1/Nimrod/experiments/PV_106/2025_08_06/block_012/oe_files/PV106_ET_d3t5_2025-08-06_13-21-30/Record Node 102/analysis/recNames=Block012,Animal=PV_106/lizMov.mat"
PV_106_012_139728_R,PV_106,012,PV_106_block_012,139728.35,139811.6,8.702761446781473,234.49605713282278,R,binocular,2,0,0,0,False,False,False,none,,,,,False,False,,,5.781356108093641,0.6643128325931248,"/Volumes/Data-1/Nimrod/experiments/PV_106/2025_08_06/block_012/oe_files/PV106_ET_d3t5_2025-08-06_13-21-30/Record Node 102/analysis/recNames=Block012,Animal=PV_106/lizMov.mat"
PV_106_012_505762_R,PV_106,012,PV_106_block_012,505761.95,505878.5,7.439361539290739,51.30479847469939,R,binocular,2,1,1,0,True,False,False,same,L,49.95000000001164,4.672783087330651,16.817704712532418,True,False,,,8.329959970917479,1.1197143635140023,"/Volumes/Data-1/Nimrod/experiments/PV_106/2025_08_06/block_012/oe_files/PV106_ET_d3t5_2025-08-06_13-21-30/Record Node 102/analysis/recNames=Block012,Animal=PV_106/lizMov.mat"
PV_106_012_540461_L,PV_106,012,PV_106_block_012,540460.55,540543.8,8.437914704883848,331.474787453002,L,binocular,2,1,1,0,True,False,False,same,R,99.89999999990687,0.5550959551148902,17.02216851754656,True,True,540600.0,139.44999999995343,8.47501330648158,1.004396655203952,"/Volumes/Data-1/Nimrod/experiments/PV_106/2025_08_06/block_012/oe_files/PV106_ET_d3t5_2025-08-06_13-21-30/Record Node 102/analysis/recNames=Block012,Animal=PV_106/lizMov.mat"
PV_106_012_543058_L,PV_106,012,PV_106_block_012,543057.95,543141.2,6.537197334852026,338.89515731091893,L,binocular,2,2,2,0,True,True,False,same,L,183.15000000002328,6.48811343562392,3.4592379659077324,True,True,543084.0,26.050000000046566,14.708814660799522,2.2500184570506723,"/Volumes/Data-1/Nimrod/experiments/PV_106/2025_08_06/block_012/oe_files/PV106_ET_d3t5_2025-08-06_13-21-30/Record Node 102/analysis/recNames=Block012,Animal=PV_106/lizMov.mat"
PV_106_012_871113_L,PV_106,012,PV_106_block_012,871112.9,871246.1,27.079780792434935,137.4436305680985,L,binocular,2,0,0,0,False,False,False,none,,,,,False,False,,,28.09132813957859,1.037354340306412,"/Volumes/Data-1/Nimrod/experiments/PV_106/2025_08_06/block_012/oe_files/PV106_ET_d3t5_2025-08-06_13-21-30/Record Node 102/analysis/recNames=Block012,Animal=PV_106/lizMov.mat"
PV_106_012_950866_L,PV_106,012,PV_106_block_012,950866.4,950949.65,11.03213722685947,80.26690983836328,L,binocular,2,3,1,2,True,True,True,reverse,L,216.44999999995343,0.7417792495212037,175.1090005780173,True,True,950944.0,77.59999999997672,7.0466500007778015,0.6387384289982929,"/Volumes/Data-1/Nimrod/experiments/PV_106/2025_08_06/block_012/oe_files/PV106_ET_d3t5_2025-08-06_13-21-30/Record Node 102/analysis/recNames=Block012,Animal=PV_106/lizMov.mat"
PV_106_012_979371_L,PV_106,012,PV_106_block_012,979371.2,979487.75,13.315997915942354,273.1322779042721,L,binocular,2,3,0,2,True,True,False,reverse,L,166.5,1.7051173947494234,159.38972871591812,True,True,979440.0,68.80000000004657,12.777419240545553,0.9595540132405701,"/Volumes/Data-1/Nimrod/experiments/PV_106/2025_08_06/block_012/oe_files/PV106_ET_d3t5_2025-08-06_13-21-30/Record Node 102/analysis/recNames=Block012,Animal=PV_106/lizMov.mat"
PV_106_012_1021779_L,PV_106,012,PV_106_block_012,1021778.75,1021862.0,9.19031341761219,285.26605423374053,L,binocular,2,0,0,0,False,False,False,none,,,,,False,False,,,8.988717380607758,0.978064291407288,"/Volumes/Data-1/Nimrod/experiments/PV_106/2025_08_06/block_012/oe_files/PV106_ET_d3t5_2025-08-06_13-21-30/Record Node 102/analysis/recNames=Block012,Animal=PV_106/lizMov.mat"
PV_106_012_1037613_L,PV_106,012,PV_106_block_012,1037612.9,1037712.8,7.667886267624452,318.0858593460479,L,binocular,2,5,2,3,True,True,True,reverse,L,133.19999999995343,9.808549371660868,176.5256858777762,False,True,1037616.0,3.099999999976717,2.903382666759612,0.37864185323383703,"/Volumes/Data-1/Nimrod/experiments/PV_106/2025_08_06/block_012/oe_files/PV106_ET_d3t5_2025-08-06_13-21-30/Record Node 102/analysis/recNames=Block012,Animal=PV_106/lizMov.mat"
PV_106_012_1081519_R,PV_106,012,PV_106_block_012,1081518.95,1081635.5,7.805828710125787,238.65731982438214,R,binocular,2,0,0,0,False,False,False,none,,,,,False,True,1081608.0,89.05000000004657,7.607227613082959,0.9745573334468381,"/Volumes/Data-1/Nimrod/experiments/PV_106/2025_08_06/block_012/oe_files/PV106_ET_d3t5_2025-08-06_13-21-30/Record Node 102/analysis/recNames=Block012,Animal=PV_106/lizMov.mat"
PV_106_012_1090676_L,PV_106,012,PV_106_block_012,1090676.45,1090743.05,6.193601137071714,326.5608066266286,L,binocular,2,2,2,0,True,True,False,same,L,233.10000000009313,2.595980329844481,5.92439944833319,True,True,1090708.0,31.550000000046566,9.219673068466767,1.4885803693884228,"/Volumes/Data-1/Nimrod/experiments/PV_106/2025_08_06/block_012/oe_files/PV106_ET_d3t5_2025-08-06_13-21-30/Record Node 102/analysis/recNames=Block012,Animal=PV_106/lizMov.mat"
PV_106_012_1103430_R,PV_106,012,PV_106_block_012,1103430.35,1103496.95,6.114731656368848,351.4860185132063,R,binocular,2,1,1,0,True,False,False,same,R,199.79999999981374,5.893943380615625,54.05080793820588,True,True,1103448.0,17.649999999906868,12.511807496178825,2.046174419305392,"/Volumes/Data-1/Nimrod/experiments/PV_106/2025_08_06/block_012/oe_files/PV106_ET_d3t5_2025-08-06_13-21-30/Record Node 102/analysis/recNames=Block012,Animal=PV_106/lizMov.mat"
PV_106_012_1115818_R,PV_106,012,PV_106_block_012,1115817.95,1115901.2,5.622843952178323,353.2797478326281,R,binocular,2,0,0,0,False,False,False,none,,,,,False,False,,,5.560127611978826,0.9888461531685936,"/Volumes/Data-1/Nimrod/experiments/PV_106/2025_08_06/block_012/oe_files/PV106_ET_d3t5_2025-08-06_13-21-30/Record Node 102/analysis/recNames=Block012,Animal=PV_106/lizMov.mat"
PV_106_012_1496304_R,PV_106,012,PV_106_block_012,1496303.75,1496370.35,7.168290542092206,194.43652809893666,R,binocular,2,0,0,0,False,False,False,none,,,,,False,False,,,6.827718895207435,0.9524891402092405,"/Volumes/Data-1/Nimrod/experiments/PV_106/2025_08_06/block_012/oe_files/PV106_ET_d3t5_2025-08-06_13-21-30/Record Node 102/analysis/recNames=Block012,Animal=PV_106/lizMov.mat"
PV_106_012_1581419_R,PV_106,012,PV_106_block_012,1581418.55,1581535.1,8.470309705955826,195.36432145541372,R,binocular,2,1,1,0,True,False,False,same,L,66.5999999998603,8.328201600937245,37.91694272658046,True,False,,,11.858938633593622,1.400059625358812,"/Volumes/Data-1/Nimrod/experiments/PV_106/2025_08_06/block_012/oe_files/PV106_ET_d3t5_2025-08-06_13-21-30/Record Node 102/analysis/recNames=Block012,Animal=PV_106/lizMov.mat"
PV_106_012_1636730_L,PV_106,012,PV_106_block_012,1636729.85,1636779.8,12.815072247704807,75.88366068887501,L,binocular,2,2,2,0,True,True,False,same,R,49.949999999953434,1.720512477955053,7.26613361565046,True,False,,,10.524648277892677,0.8212710841156321,"/Volumes/Data-1/Nimrod/experiments/PV_106/2025_08_06/block_012/oe_files/PV106_ET_d3t5_2025-08-06_13-21-30/Record Node 102/analysis/recNames=Block012,Animal=PV_106/lizMov.mat"
PV_106_012_1788195_L,PV_106,012,PV_106_block_012,1788194.9,1788228.2,5.7253519648676905,188.77800704911746,L,binocular,2,7,4,3,True,True,True,reverse,L,16.6500000001397,5.438030033385436,126.18582610851331,True,True,1788208.0,13.100000000093132,15.608992010591816,2.7262938778913184,"/Volumes/Data-1/Nimrod/experiments/PV_106/2025_08_06/block_012/oe_files/PV106_ET_d3t5_2025-08-06_13-21-30/Record Node 102/analysis/recNames=Block012,Animal=PV_106/lizMov.mat"
PV_106_012_1802414_L,PV_106,012,PV_106_block_012,1802414.0,1802513.9,9.776134305885215,328.9620521689436,L,binocular,2,2,2,0,True,True,False,same,L,83.25,0.7403588072733435,2.5466092181996487,True,False,,,13.213978717626588,1.351656831235614,"/Volumes/Data-1/Nimrod/experiments/PV_106/2025_08_06/block_012/oe_files/PV106_ET_d3t5_2025-08-06_13-21-30/Record Node 102/analysis/recNames=Block012,Animal=PV_106/lizMov.mat"
PV_106_012_1803813_R,PV_106,012,PV_106_block_012,1803812.6,1803895.85,12.046990744957636,5.514994786330769,R,binocular,2,6,2,4,True,True,True,reverse,L,116.54999999981374,0.6239869142896186,147.45757587254332,True,False,,,11.33453078017597,0.9408599226259161,"/Volumes/Data-1/Nimrod/experiments/PV_106/2025_08_06/block_012/oe_files/PV106_ET_d3t5_2025-08-06_13-21-30/Record Node 102/analysis/recNames=Block012,Animal=PV_106/lizMov.mat"
PV_106_012_1804129_R,PV_106,012,PV_106_block_012,1804128.95,1804228.85,6.27233017970504,191.82882214013884,R,binocular,2,3,1,2,True,True,True,same,L,116.55000000004657,0.6777990960471163,51.34596130116546,True,False,,,1.8916028678338654,0.301578968842297,"/Volumes/Data-1/Nimrod/experiments/PV_106/2025_08_06/block_012/oe_files/PV106_ET_d3t5_2025-08-06_13-21-30/Record Node 102/analysis/recNames=Block012,Animal=PV_106/lizMov.mat"
PV_106_012_1807775_L,PV_106,012,PV_106_block_012,1807775.3,1807875.2,7.194066352735006,291.7632450767734,L,binocular,2,5,3,2,True,True,True,same,R,133.19999999995343,0.5470379601011268,73.24807642232847,True,False,,,4.345571342978981,0.604049383187424,"/Volumes/Data-1/Nimrod/experiments/PV_106/2025_08_06/block_012/oe_files/PV106_ET_d3t5_2025-08-06_13-21-30/Record Node 102/analysis/recNames=Block012,Animal=PV_106/lizMov.mat"
PV_106_012_1815001_L,PV_106,012,PV_106_block_012,1815001.4,1815084.65,6.163935490297348,338.6379665475221,L,binocular,2,0,0,0,False,False,False,none,,,,,False,False,,,3.2709266618123594,0.5306555636348118,"/Volumes/Data-1/Nimrod/experiments/PV_106/2025_08_06/block_012/oe_files/PV106_ET_d3t5_2025-08-06_13-21-30/Record Node 102/analysis/recNames=Block012,Animal=PV_106/lizMov.mat"
PV_106_012_1815451_L,PV_106,012,PV_106_block_012,1815450.95,1815517.55,20.709925584817533,274.60871896298437,L,binocular,2,4,0,4,True,True,False,reverse,R,49.949999999953434,5.546767244992145,156.63375389508178,True,False,,,14.238882028461365,0.6875390242300004,"/Volumes/Data-1/Nimrod/experiments/PV_106/2025_08_06/block_012/oe_files/PV106_ET_d3t5_2025-08-06_13-21-30/Record Node 102/analysis/recNames=Block012,Animal=PV_106/lizMov.mat"
PV_106_012_1815501_L,PV_106,012,PV_106_block_012,1815500.9,1815634.1,7.977557731751536,144.81357696597237,L,binocular,2,4,4,0,True,True,False,same,R,116.55000000004657,1.7297753695301532,31.660728522629768,True,False,,,10.162304509983091,1.2738616067341046,"/Volumes/Data-1/Nimrod/experiments/PV_106/2025_08_06/block_012/oe_files/PV106_ET_d3t5_2025-08-06_13-21-30/Record Node 102/analysis/recNames=Block012,Animal=PV_106/lizMov.mat"
PV_106_012_1815867_R,PV_106,012,PV_106_block_012,1815867.2,1816017.05,15.98659877517547,254.31294653877978,R,binocular,2,2,1,1,True,True,True,same,L,33.300000000046566,6.749200215817919,61.87511533833455,True,False,,,12.038043467090766,0.7530084188879405,"/Volumes/Data-1/Nimrod/experiments/PV_106/2025_08_06/block_012/oe_files/PV106_ET_d3t5_2025-08-06_13-21-30/Record Node 102/analysis/recNames=Block012,Animal=PV_106/lizMov.mat"
PV_106_012_1816816_L,PV_106,012,PV_106_block_012,1816816.25,1816982.75,26.735172096764565,346.65735109185175,L,binocular,2,5,2,3,True,True,True,reverse,R,166.5,2.817586237743072,96.13958148564254,True,False,,,21.70156704973239,0.8117234843743036,"/Volumes/Data-1/Nimrod/experiments/PV_106/2025_08_06/block_012/oe_files/PV106_ET_d3t5_2025-08-06_13-21-30/Record Node 102/analysis/recNames=Block012,Animal=PV_106/lizMov.mat"
PV_106_012_1816983_L,PV_106,012,PV_106_block_012,1816982.75,1817032.7,7.874118622715522,122.95008854308271,L,binocular,2,4,2,2,True,True,True,same,R,33.300000000046566,3.225130587266839,65.58041892280399,True,False,,,19.384406504268945,2.4617874625800225,"/Volumes/Data-1/Nimrod/experiments/PV_106/2025_08_06/block_012/oe_files/PV106_ET_d3t5_2025-08-06_13-21-30/Record Node 102/analysis/recNames=Block012,Animal=PV_106/lizMov.mat"
PV_106_012_1817049_L,PV_106,012,PV_106_block_012,1817049.35,1817165.9,7.9926856455180255,119.04624449829723,L,binocular,2,0,0,0,False,False,False,none,,,,,False,False,,,10.185689741612489,1.2743763727682962,"/Volumes/Data-1/Nimrod/experiments/PV_106/2025_08_06/block_012/oe_files/PV106_ET_d3t5_2025-08-06_13-21-30/Record Node 102/analysis/recNames=Block012,Animal=PV_106/lizMov.mat"
PV_106_012_1817482_R,PV_106,012,PV_106_block_012,1817482.25,1817548.85,8.89893345880427,42.72305604468528,R,binocular,2,2,0,2,True,True,False,reverse,L,49.949999999953434,3.7647974986003145,102.69385683328022,True,False,,,4.901248472989714,0.5507680775094012,"/Volumes/Data-1/Nimrod/experiments/PV_106/2025_08_06/block_012/oe_files/PV106_ET_d3t5_2025-08-06_13-21-30/Record Node 102/analysis/recNames=Block012,Animal=PV_106/lizMov.mat"
PV_106_012_1818082_R,PV_106,012,PV_106_block_012,1818081.65,1818148.25,17.773683537123087,208.5458944042222,R,binocular,2,2,1,1,True,True,True,reverse,R,66.60000000009313,13.447009242823276,175.11674285503057,True,False,,,0.5273972560161929,0.029672929357307514,"/Volumes/Data-1/Nimrod/experiments/PV_106/2025_08_06/block_012/oe_files/PV106_ET_d3t5_2025-08-06_13-21-30/Record Node 102/analysis/recNames=Block012,Animal=PV_106/lizMov.mat"
PV_106_012_1823110_R,PV_106,012,PV_106_block_012,1823109.95,1823193.2,13.720608865465286,120.625171216542,R,binocular,2,4,3,1,True,True,True,same,L,49.949999999953434,5.7928536642730455,67.15573122704893,True,False,,,14.267672013467342,1.0398716378672532,"/Volumes/Data-1/Nimrod/experiments/PV_106/2025_08_06/block_012/oe_files/PV106_ET_d3t5_2025-08-06_13-21-30/Record Node 102/analysis/recNames=Block012,Animal=PV_106/lizMov.mat"
PV_106_012_1823210_L,PV_106,012,PV_106_block_012,1823209.85,1823293.1,13.525202671757162,131.20873875407372,L,binocular,2,0,0,0,False,False,False,none,,,,,False,False,,,16.378480234118236,1.2109600596462178,"/Volumes/Data-1/Nimrod/experiments/PV_106/2025_08_06/block_012/oe_files/PV106_ET_d3t5_2025-08-06_13-21-30/Record Node 102/analysis/recNames=Block012,Animal=PV_106/lizMov.mat"
PV_106_012_1823892_R,PV_106,012,PV_106_block_012,1823892.5,1824025.7,20.27749320836598,309.3415128326135,R,binocular,2,0,0,0,False,False,False,none,,,,,False,False,,,17.235957937030314,0.850004374797137,"/Volumes/Data-1/Nimrod/experiments/PV_106/2025_08_06/block_012/oe_files/PV106_ET_d3t5_2025-08-06_13-21-30/Record Node 102/analysis/recNames=Block012,Animal=PV_106/lizMov.mat"
PV_106_012_1825374_L,PV_106,012,PV_106_block_012,1825374.35,1825490.9,21.279715201673174,30.89938151133777,L,binocular,2,3,0,3,True,True,False,reverse,L,99.89999999990687,0.5904134266710906,125.78934519744519,True,False,,,14.659691425372678,0.6889044936193517,"/Volumes/Data-1/Nimrod/experiments/PV_106/2025_08_06/block_012/oe_files/PV106_ET_d3t5_2025-08-06_13-21-30/Record Node 102/analysis/recNames=Block012,Animal=PV_106/lizMov.mat"
PV_106_012_1825524_L,PV_106,012,PV_106_block_012,1825524.2,1825624.1,5.704319519561284,184.7951196401924,L,binocular,2,0,0,0,False,False,False,none,,,,,False,False,,,9.505777124316639,1.6664173687535166,"/Volumes/Data-1/Nimrod/experiments/PV_106/2025_08_06/block_012/oe_files/PV106_ET_d3t5_2025-08-06_13-21-30/Record Node 102/analysis/recNames=Block012,Animal=PV_106/lizMov.mat"
PV_106_012_1825857_R,PV_106,012,PV_106_block_012,1825857.2,1825923.8,7.246261186821382,44.31138191107798,R,binocular,2,2,0,2,True,True,False,reverse,L,83.25,1.7264200138865227,99.50693862169703,True,False,,,3.0146804333028214,0.4160325381019325,"/Volumes/Data-1/Nimrod/experiments/PV_106/2025_08_06/block_012/oe_files/PV106_ET_d3t5_2025-08-06_13-21-30/Record Node 102/analysis/recNames=Block012,Animal=PV_106/lizMov.mat"
PV_106_012_1830353_R,PV_106,012,PV_106_block_012,1830352.7,1830469.25,18.84811215360441,129.46309038921385,R,binocular,2,3,0,3,True,True,False,reverse,R,199.80000000004657,0.7381434516122837,179.16493172114025,True,False,,,12.463592762432253,0.6612647813669117,"/Volumes/Data-1/Nimrod/experiments/PV_106/2025_08_06/block_012/oe_files/PV106_ET_d3t5_2025-08-06_13-21-30/Record Node 102/analysis/recNames=Block012,Animal=PV_106/lizMov.mat"
PV_106_012_1830552_L,PV_106,012,PV_106_block_012,1830552.5,1830652.4,5.799439768720963,22.968274456496236,L,binocular,2,1,1,0,True,False,False,same,R,33.300000000046566,3.3304762210399095,72.69531856381315,True,False,,,9.498573747389212,1.6378433307678053,"/Volumes/Data-1/Nimrod/experiments/PV_106/2025_08_06/block_012/oe_files/PV106_ET_d3t5_2025-08-06_13-21-30/Record Node 102/analysis/recNames=Block012,Animal=PV_106/lizMov.mat"
PV_106_012_1832634_R,PV_106,012,PV_106_block_012,1832633.75,1832750.3,11.55877507982407,312.25171424049165,R,binocular,2,3,3,0,True,True,False,same,L,83.25,0.5184962911864306,21.34128328105021,True,False,,,12.963972600256806,1.121569760699429,"/Volumes/Data-1/Nimrod/experiments/PV_106/2025_08_06/block_012/oe_files/PV106_ET_d3t5_2025-08-06_13-21-30/Record Node 102/analysis/recNames=Block012,Animal=PV_106/lizMov.mat"
PV_106_012_1840143_R,PV_106,012,PV_106_block_012,1840142.9,1840242.8,9.023455717732677,0.8293051141299498,R,binocular,2,0,0,0,False,False,False,none,,,,,False,False,,,6.123767255825073,0.6786498928332738,"/Volumes/Data-1/Nimrod/experiments/PV_106/2025_08_06/block_012/oe_files/PV106_ET_d3t5_2025-08-06_13-21-30/Record Node 102/analysis/recNames=Block012,Animal=PV_106/lizMov.mat"
PV_106_012_71347_L,PV_106,012,PV_106_block_012,71346.8,71363.45,6.00429870625792,323.7365924741803,L,monocular,1,1,0,1,True,False,False,reverse,L,16.64999999999418,16.524557962921463,174.22753630845023,False,True,71392.0,45.19999999999709,-9.149786842639779,-1.5238726935925933,"/Volumes/Data-1/Nimrod/experiments/PV_106/2025_08_06/block_012/oe_files/PV106_ET_d3t5_2025-08-06_13-21-30/Record Node 102/analysis/recNames=Block012,Animal=PV_106/lizMov.mat"
PV_106_012_71363_L,PV_106,012,PV_106_block_012,71363.45,71446.7,16.524557962921463,137.96412878263052,L,monocular,1,0,0,0,False,False,False,none,,,,,False,True,71392.0,28.55000000000291,14.950172848720138,0.9047245246902217,"/Volumes/Data-1/Nimrod/experiments/PV_106/2025_08_06/block_012/oe_files/PV106_ET_d3t5_2025-08-06_13-21-30/Record Node 102/analysis/recNames=Block012,Animal=PV_106/lizMov.mat"
PV_106_012_265403_L,PV_106,012,PV_106_block_012,265402.55,265485.8,13.312948631284787,78.56319721562873,L,monocular,1,1,1,0,True,False,False,same,R,83.25,0.5709250208513913,28.761070025668857,True,False,,,15.90333927271559,1.1945767773296676,"/Volumes/Data-1/Nimrod/experiments/PV_106/2025_08_06/block_012/oe_files/PV106_ET_d3t5_2025-08-06_13-21-30/Record Node 102/analysis/recNames=Block012,Animal=PV_106/lizMov.mat"
PV_106_012_288713_L,PV_106,012,PV_106_block_012,288712.55,288779.15,8.725071708056202,277.95887058891316,L,monocular,1,1,0,1,True,False,False,reverse,L,66.60000000003492,0.5179296397004413,102.43450562955306,True,False,,,7.708093377750703,0.8834418370033013,"/Volumes/Data-1/Nimrod/experiments/PV_106/2025_08_06/block_012/oe_files/PV106_ET_d3t5_2025-08-06_13-21-30/Record Node 102/analysis/recNames=Block012,Animal=PV_106/lizMov.mat"
PV_106_012_455895_L,PV_106,012,PV_106_block_012,455895.2,456028.4,10.145334118116637,286.8503158641088,L,monocular,1,0,0,0,False,False,False,none,,,,,False,False,,,10.174483943494284,1.0028732247788266,"/Volumes/Data-1/Nimrod/experiments/PV_106/2025_08_06/block_012/oe_files/PV106_ET_d3t5_2025-08-06_13-21-30/Record Node 102/analysis/recNames=Block012,Animal=PV_106/lizMov.mat"
PV_106_012_482735_L,PV_106,012,PV_106_block_012,482735.0,482851.55,9.562909185141764,284.7649906014218,L,monocular,1,0,0,0,False,False,False,none,,,,,False,False,,,9.65945667777768,1.010096037802589,"/Volumes/Data-1/Nimrod/experiments/PV_106/2025_08_06/block_012/oe_files/PV106_ET_d3t5_2025-08-06_13-21-30/Record Node 102/analysis/recNames=Block012,Animal=PV_106/lizMov.mat"
PV_106_012_519698_L,PV_106,012,PV_106_block_012,519698.0,519797.9,5.722006016503274,275.8431799649426,L,monocular,1,0,0,0,False,False,False,none,,,,,False,False,,,6.51238672164668,1.1381300024613412,"/Volumes/Data-1/Nimrod/experiments/PV_106/2025_08_06/block_012/oe_files/PV106_ET_d3t5_2025-08-06_13-21-30/Record Node 102/analysis/recNames=Block012,Animal=PV_106/lizMov.mat"
PV_106_012_547054_L,PV_106,012,PV_106_block_012,547053.95,547120.55,8.11757220287189,93.68257700888527,L,monocular,1,0,0,0,False,False,False,none,,,,,False,False,,,8.622538546205554,1.0622065724472414,"/Volumes/Data-1/Nimrod/experiments/PV_106/2025_08_06/block_012/oe_files/PV106_ET_d3t5_2025-08-06_13-21-30/Record Node 102/analysis/recNames=Block012,Animal=PV_106/lizMov.mat"
PV_106_012_556395_L,PV_106,012,PV_106_block_012,556394.6,556511.15,9.943182596960892,284.7337075628715,L,monocular,1,1,0,1,True,False,False,reverse,L,116.55000000004657,0.5950220338415693,176.56899440288805,True,False,,,8.723212827234448,0.8773059070544149,"/Volumes/Data-1/Nimrod/experiments/PV_106/2025_08_06/block_012/oe_files/PV106_ET_d3t5_2025-08-06_13-21-30/Record Node 102/analysis/recNames=Block012,Animal=PV_106/lizMov.mat"
PV_106_012_603731_L,PV_106,012,PV_106_block_012,603730.55,603847.1,6.68579341354592,283.1359888399745,L,monocular,1,0,0,0,False,False,False,none,,,,,False,False,,,6.268536326202073,0.9375904905319908,"/Volumes/Data-1/Nimrod/experiments/PV_106/2025_08_06/block_012/oe_files/PV106_ET_d3t5_2025-08-06_13-21-30/Record Node 102/analysis/recNames=Block012,Animal=PV_106/lizMov.mat"
PV_106_012_644390_L,PV_106,012,PV_106_block_012,644389.85,644456.45,8.203462638464321,96.56390651779064,L,monocular,1,0,0,0,False,False,False,none,,,,,False,False,,,8.760319806327745,1.067880746509704,"/Volumes/Data-1/Nimrod/experiments/PV_106/2025_08_06/block_012/oe_files/PV106_ET_d3t5_2025-08-06_13-21-30/Record Node 102/analysis/recNames=Block012,Animal=PV_106/lizMov.mat"
PV_106_012_670597_L,PV_106,012,PV_106_block_012,670596.95,670713.5,9.435272386514251,285.90904475878176,L,monocular,1,0,0,0,False,False,False,none,,,,,False,False,,,8.591551563324407,0.9105780110391124,"/Volumes/Data-1/Nimrod/experiments/PV_106/2025_08_06/block_012/oe_files/PV106_ET_d3t5_2025-08-06_13-21-30/Record Node 102/analysis/recNames=Block012,Animal=PV_106/lizMov.mat"
PV_106_012_707793_L,PV_106,012,PV_106_block_012,707793.05,707909.6,7.843703630110635,291.34840733155784,L,monocular,1,0,0,0,False,False,False,none,,,,,False,False,,,7.20550559645532,0.9186356262613771,"/Volumes/Data-1/Nimrod/experiments/PV_106/2025_08_06/block_012/oe_files/PV106_ET_d3t5_2025-08-06_13-21-30/Record Node 102/analysis/recNames=Block012,Animal=PV_106/lizMov.mat"
PV_106_012_794007_L,PV_106,012,PV_106_block_012,794006.75,794123.3,7.836136884185608,283.1042814235392,L,monocular,1,0,0,0,False,False,False,none,,,,,False,False,,,7.764633271354845,0.9908751449996915,"/Volumes/Data-1/Nimrod/experiments/PV_106/2025_08_06/block_012/oe_files/PV106_ET_d3t5_2025-08-06_13-21-30/Record Node 102/analysis/recNames=Block012,Animal=PV_106/lizMov.mat"
PV_106_012_940177_L,PV_106,012,PV_106_block_012,940177.1,940277.0,14.758191231594118,132.07058582477055,L,monocular,1,0,0,0,False,False,False,none,,,,,False,False,,,16.97454665023391,1.1501779848126004,"/Volumes/Data-1/Nimrod/experiments/PV_106/2025_08_06/block_012/oe_files/PV106_ET_d3t5_2025-08-06_13-21-30/Record Node 102/analysis/recNames=Block012,Animal=PV_106/lizMov.mat"
PV_106_012_1006860_L,PV_106,012,PV_106_block_012,1006860.35,1006943.6,13.579170249772869,260.1244920480756,L,monocular,1,0,0,0,False,False,False,none,,,,,False,True,1006992.0,131.65000000002328,11.459337506182628,0.843890848660234,"/Volumes/Data-1/Nimrod/experiments/PV_106/2025_08_06/block_012/oe_files/PV106_ET_d3t5_2025-08-06_13-21-30/Record Node 102/analysis/recNames=Block012,Animal=PV_106/lizMov.mat"
PV_106_012_1031819_L,PV_106,012,PV_106_block_012,1031818.7,1031868.65,16.376849085460286,307.1449738958473,L,monocular,1,2,0,2,True,True,False,reverse,L,49.95000000006985,2.448136104608603,149.65781992391015,True,False,,,0.7153560761915796,0.04368093474261101,"/Volumes/Data-1/Nimrod/experiments/PV_106/2025_08_06/block_012/oe_files/PV106_ET_d3t5_2025-08-06_13-21-30/Record Node 102/analysis/recNames=Block012,Animal=PV_106/lizMov.mat"
PV_106_012_1031885_L,PV_106,012,PV_106_block_012,1031885.3,1032018.5,15.727665235567144,161.97815660239095,L,monocular,1,0,0,0,False,False,False,none,,,,,False,False,,,15.93389208791308,1.0131123627860266,"/Volumes/Data-1/Nimrod/experiments/PV_106/2025_08_06/block_012/oe_files/PV106_ET_d3t5_2025-08-06_13-21-30/Record Node 102/analysis/recNames=Block012,Animal=PV_106/lizMov.mat"
PV_106_012_1032335_L,PV_106,012,PV_106_block_012,1032334.85,1032384.8,18.65840104666747,277.7010507789765,L,monocular,1,1,0,1,True,False,False,reverse,L,49.95000000006985,0.6602565055145955,125.36743589978718,True,False,,,15.945926275118532,0.8546244790877509,"/Volumes/Data-1/Nimrod/experiments/PV_106/2025_08_06/block_012/oe_files/PV106_ET_d3t5_2025-08-06_13-21-30/Record Node 102/analysis/recNames=Block012,Animal=PV_106/lizMov.mat"
PV_106_012_1178622_L,PV_106,012,PV_106_block_012,1178621.75,1178688.35,5.5666580209709196,272.69418632631863,L,monocular,1,0,0,0,False,False,False,none,,,,,False,False,,,3.127382729415493,0.5618061532851311,"/Volumes/Data-1/Nimrod/experiments/PV_106/2025_08_06/block_012/oe_files/PV106_ET_d3t5_2025-08-06_13-21-30/Record Node 102/analysis/recNames=Block012,Animal=PV_106/lizMov.mat"
PV_106_012_1222178_L,PV_106,012,PV_106_block_012,1222178.15,1222228.1,6.715728901272503,271.7219920128565,L,monocular,1,0,0,0,False,False,False,none,,,,,False,False,,,6.768188509665305,1.0078114541495058,"/Volumes/Data-1/Nimrod/experiments/PV_106/2025_08_06/block_012/oe_files/PV106_ET_d3t5_2025-08-06_13-21-30/Record Node 102/analysis/recNames=Block012,Animal=PV_106/lizMov.mat"
PV_106_012_1223843_L,PV_106,012,PV_106_block_012,1223843.15,1223943.05,18.815908121368153,87.36066379077913,L,monocular,1,0,0,0,False,False,False,none,,,,,False,False,,,19.75660644136051,1.0499948402131098,"/Volumes/Data-1/Nimrod/experiments/PV_106/2025_08_06/block_012/oe_files/PV106_ET_d3t5_2025-08-06_13-21-30/Record Node 102/analysis/recNames=Block012,Animal=PV_106/lizMov.mat"
PV_106_012_1446986_L,PV_106,012,PV_106_block_012,1446986.45,1447119.65,6.682231462514963,68.8069637401439,L,monocular,1,0,0,0,False,False,False,none,,,,,False,False,,,7.478070923270554,1.1190978590340634,"/Volumes/Data-1/Nimrod/experiments/PV_106/2025_08_06/block_012/oe_files/PV106_ET_d3t5_2025-08-06_13-21-30/Record Node 102/analysis/recNames=Block012,Animal=PV_106/lizMov.mat"
PV_106_012_1530819_L,PV_106,012,PV_106_block_012,1530819.2,1531002.35,14.203248827849528,358.6308358094773,L,monocular,1,1,1,0,True,False,False,same,R,149.85000000009313,0.6340582680865106,0.9594739839124031,True,False,,,14.64095346209535,1.0308172193243266,"/Volumes/Data-1/Nimrod/experiments/PV_106/2025_08_06/block_012/oe_files/PV106_ET_d3t5_2025-08-06_13-21-30/Record Node 102/analysis/recNames=Block012,Animal=PV_106/lizMov.mat"
PV_106_012_1581485_L,PV_106,012,PV_106_block_012,1581485.15,1581601.7,8.328201600937245,157.44737872883326,L,monocular,1,0,0,0,False,False,False,none,,,,,False,False,,,9.425278006298537,1.1317302891944678,"/Volumes/Data-1/Nimrod/experiments/PV_106/2025_08_06/block_012/oe_files/PV106_ET_d3t5_2025-08-06_13-21-30/Record Node 102/analysis/recNames=Block012,Animal=PV_106/lizMov.mat"
PV_106_012_1592840_L,PV_106,012,PV_106_block_012,1592840.45,1592923.7,6.528815011653975,150.38727081627175,L,monocular,1,8,4,4,True,True,True,reverse,L,99.9000000001397,2.380076274294896,146.59350994123741,True,True,1592852.0,11.550000000046566,4.471751062836148,0.6849253738778086,"/Volumes/Data-1/Nimrod/experiments/PV_106/2025_08_06/block_012/oe_files/PV106_ET_d3t5_2025-08-06_13-21-30/Record Node 102/analysis/recNames=Block012,Animal=PV_106/lizMov.mat"
PV_106_012_1621795_L,PV_106,012,PV_106_block_012,1621794.8,1621844.75,5.840105856920127,299.2593917196828,L,monocular,1,3,1,2,True,True,True,reverse,L,66.5999999998603,1.4233336026252024,150.07253358544955,True,True,1621836.0,41.199999999953434,3.9189918848722467,0.6710480907171414,"/Volumes/Data-1/Nimrod/experiments/PV_106/2025_08_06/block_012/oe_files/PV106_ET_d3t5_2025-08-06_13-21-30/Record Node 102/analysis/recNames=Block012,Animal=PV_106/lizMov.mat"
PV_106_012_1706010_L,PV_106,012,PV_106_block_012,1706010.5,1706060.45,7.062903215316924,88.43266321705413,L,monocular,1,0,0,0,False,False,False,none,,,,,False,False,,,7.056717982619719,0.999124264837186,"/Volumes/Data-1/Nimrod/experiments/PV_106/2025_08_06/block_012/oe_files/PV106_ET_d3t5_2025-08-06_13-21-30/Record Node 102/analysis/recNames=Block012,Animal=PV_106/lizMov.mat"
PV_106_012_1711755_L,PV_106,012,PV_106_block_012,1711754.75,1711904.6,10.475433217051643,284.9053350013942,L,monocular,1,0,0,0,False,False,False,none,,,,,False,False,,,10.516176540636877,1.0038894165750505,"/Volumes/Data-1/Nimrod/experiments/PV_106/2025_08_06/block_012/oe_files/PV106_ET_d3t5_2025-08-06_13-21-30/Record Node 102/analysis/recNames=Block012,Animal=PV_106/lizMov.mat"
PV_106_012_1762171_L,PV_106,012,PV_106_block_012,1762170.95,1762270.85,8.286589326844295,290.86917566147747,L,monocular,1,1,1,0,True,False,False,same,L,116.55000000004657,0.7338934631218059,18.82218038013923,True,False,,,8.907314959981553,1.0749072517840876,"/Volumes/Data-1/Nimrod/experiments/PV_106/2025_08_06/block_012/oe_files/PV106_ET_d3t5_2025-08-06_13-21-30/Record Node 102/analysis/recNames=Block012,Animal=PV_106/lizMov.mat"
PV_106_012_1770263_L,PV_106,012,PV_106_block_012,1770262.85,1770346.1,9.074085955683309,283.37916605508656,L,monocular,1,0,0,0,False,False,False,none,,,,,False,False,,,7.447601443131312,0.820755002708202,"/Volumes/Data-1/Nimrod/experiments/PV_106/2025_08_06/block_012/oe_files/PV106_ET_d3t5_2025-08-06_13-21-30/Record Node 102/analysis/recNames=Block012,Animal=PV_106/lizMov.mat"
PV_106_012_1808008_L,PV_106,012,PV_106_block_012,1808008.4,1808075.0,11.316844876713771,304.270847689392,L,monocular,1,4,1,3,True,True,True,same,R,16.6500000001397,5.3134415726702935,41.069893128719116,True,False,,,3.6695066489870385,0.3242517405657507,"/Volumes/Data-1/Nimrod/experiments/PV_106/2025_08_06/block_012/oe_files/PV106_ET_d3t5_2025-08-06_13-21-30/Record Node 102/analysis/recNames=Block012,Animal=PV_106/lizMov.mat"
PV_106_012_1815900_L,PV_106,012,PV_106_block_012,1815900.5,1816017.05,6.749200215817919,192.43783120044523,L,monocular,1,1,0,1,True,False,False,reverse,R,216.44999999995343,0.5563268114488048,95.42274970535074,True,False,,,7.029142290099233,1.0414778144564776,"/Volumes/Data-1/Nimrod/experiments/PV_106/2025_08_06/block_012/oe_files/PV106_ET_d3t5_2025-08-06_13-21-30/Record Node 102/analysis/recNames=Block012,Animal=PV_106/lizMov.mat"
PV_106_012_1823160_L,PV_106,012,PV_106_block_012,1823159.9,1823193.2,5.7928536642730455,187.78090244359095,L,monocular,1,3,2,1,True,True,True,reverse,L,33.300000000046566,6.846673032274574,133.85586654578566,False,False,,,8.113484315428941,1.4006023258395421,"/Volumes/Data-1/Nimrod/experiments/PV_106/2025_08_06/block_012/oe_files/PV106_ET_d3t5_2025-08-06_13-21-30/Record Node 102/analysis/recNames=Block012,Animal=PV_106/lizMov.mat"
PV_106_012_1823193_L,PV_106,012,PV_106_block_012,1823193.2,1823209.85,6.846673032274574,321.6367689893766,L,monocular,1,2,0,2,True,True,False,reverse,L,16.6500000001397,13.525202671757162,169.5719697646971,False,False,,,-8.621262003577439,-1.259189969045932,"/Volumes/Data-1/Nimrod/experiments/PV_106/2025_08_06/block_012/oe_files/PV106_ET_d3t5_2025-08-06_13-21-30/Record Node 102/analysis/recNames=Block012,Animal=PV_106/lizMov.mat"
PV_106_012_1877789_L,PV_106,012,PV_106_block_012,1877788.55,1877838.5,18.993586185572173,333.8086664760735,L,monocular,1,3,1,2,True,True,True,reverse,L,49.949999999953434,8.969452645774366,151.0218379996655,True,False,,,3.0135779717048266,0.15866292664594261,"/Volumes/Data-1/Nimrod/experiments/PV_106/2025_08_06/block_012/oe_files/PV106_ET_d3t5_2025-08-06_13-21-30/Record Node 102/analysis/recNames=Block012,Animal=PV_106/lizMov.mat"
PV_106_012_1877838_L,PV_106,012,PV_106_block_012,1877838.5,1877855.15,8.969452645774366,182.78682847640798,L,monocular,1,2,1,1,True,True,True,reverse,L,16.649999999906868,2.0788599787350686,145.66916088211167,True,False,,,15.099378291386564,1.6834224882719115,"/Volumes/Data-1/Nimrod/experiments/PV_106/2025_08_06/block_012/oe_files/PV106_ET_d3t5_2025-08-06_13-21-30/Record Node 102/analysis/recNames=Block012,Animal=PV_106/lizMov.mat"
PV_106_012_1877872_L,PV_106,012,PV_106_block_012,1877871.8,1877938.4,9.230076674325272,139.05837979716452,L,monocular,1,0,0,0,False,False,False,none,,,,,False,False,,,10.909304527377222,1.1819300003999915,"/Volumes/Data-1/Nimrod/experiments/PV_106/2025_08_06/block_012/oe_files/PV106_ET_d3t5_2025-08-06_13-21-30/Record Node 102/analysis/recNames=Block012,Animal=PV_106/lizMov.mat"
PV_106_012_160774_R,PV_106,012,PV_106_block_012,160773.95,160857.2,5.943156960767319,197.73284530025066,R,monocular,1,5,3,2,True,True,True,reverse,L,183.14999999999418,6.84874246841648,120.90057432594438,False,True,160832.0,58.04999999998836,3.1385432153485757,0.5280936101918734,"/Volumes/Data-1/Nimrod/experiments/PV_106/2025_08_06/block_012/oe_files/PV106_ET_d3t5_2025-08-06_13-21-30/Record Node 102/analysis/recNames=Block012,Animal=PV_106/lizMov.mat"
PV_106_012_692458_R,PV_106,012,PV_106_block_012,692458.4,692525.0,6.468493886336575,255.04450787028657,R,monocular,1,0,0,0,False,False,False,none,,,,,False,False,,,8.05088144880235,1.2446299850121616,"/Volumes/Data-1/Nimrod/experiments/PV_106/2025_08_06/block_012/oe_files/PV106_ET_d3t5_2025-08-06_13-21-30/Record Node 102/analysis/recNames=Block012,Animal=PV_106/lizMov.mat"
PV_106_012_790294_R,PV_106,012,PV_106_block_012,790293.8,790410.35,7.721505658898023,260.47338034882796,R,monocular,1,0,0,0,False,False,False,none,,,,,False,False,,,8.40273394179707,1.0882247987624047,"/Volumes/Data-1/Nimrod/experiments/PV_106/2025_08_06/block_012/oe_files/PV106_ET_d3t5_2025-08-06_13-21-30/Record Node 102/analysis/recNames=Block012,Animal=PV_106/lizMov.mat"
PV_106_012_801383_R,PV_106,012,PV_106_block_012,801382.7,801515.9,8.344914962662667,263.3726308517498,R,monocular,1,0,0,0,False,False,False,none,,,,,False,False,,,8.00325368153027,0.9590575479005982,"/Volumes/Data-1/Nimrod/experiments/PV_106/2025_08_06/block_012/oe_files/PV106_ET_d3t5_2025-08-06_13-21-30/Record Node 102/analysis/recNames=Block012,Animal=PV_106/lizMov.mat"
PV_106_012_836681_R,PV_106,012,PV_106_block_012,836680.7,836763.95,7.262119516782096,251.99509992027387,R,monocular,1,0,0,0,False,False,False,none,,,,,False,False,,,8.20262411077041,1.1295082781018535,"/Volumes/Data-1/Nimrod/experiments/PV_106/2025_08_06/block_012/oe_files/PV106_ET_d3t5_2025-08-06_13-21-30/Record Node 102/analysis/recNames=Block012,Animal=PV_106/lizMov.mat"
PV_106_012_1037263_R,PV_106,012,PV_106_block_012,1037263.25,1037313.2,13.892519654505826,240.09050666654446,R,monocular,1,4,0,3,True,True,False,reverse,L,33.300000000046566,3.578807838417404,148.1125046743166,True,True,1037420.0,156.75,6.3786629675667585,0.45914370655563097,"/Volumes/Data-1/Nimrod/experiments/PV_106/2025_08_06/block_012/oe_files/PV106_ET_d3t5_2025-08-06_13-21-30/Record Node 102/analysis/recNames=Block012,Animal=PV_106/lizMov.mat"
PV_106_012_1095022_R,PV_106,012,PV_106_block_012,1095022.1,1095138.65,10.353943584387642,351.7057298095496,R,monocular,1,3,1,2,True,True,True,reverse,R,116.54999999981374,1.4458977817787568,152.8937006053102,True,False,,,19.271613091738022,1.8612824123165042,"/Volumes/Data-1/Nimrod/experiments/PV_106/2025_08_06/block_012/oe_files/PV106_ET_d3t5_2025-08-06_13-21-30/Record Node 102/analysis/recNames=Block012,Animal=PV_106/lizMov.mat"
PV_106_012_1095172_R,PV_106,012,PV_106_block_012,1095171.95,1095305.15,13.583760253863858,18.32637838615596,R,monocular,1,0,0,0,False,False,False,none,,,,,False,False,,,16.8296978134225,1.2389572179496722,"/Volumes/Data-1/Nimrod/experiments/PV_106/2025_08_06/block_012/oe_files/PV106_ET_d3t5_2025-08-06_13-21-30/Record Node 102/analysis/recNames=Block012,Animal=PV_106/lizMov.mat"
PV_106_012_1150333_R,PV_106,012,PV_106_block_012,1150333.4,1150400.0,8.6848596698871,102.293841674078,R,monocular,1,0,0,0,False,False,False,none,,,,,False,False,,,7.463819118563608,0.8594058398482604,"/Volumes/Data-1/Nimrod/experiments/PV_106/2025_08_06/block_012/oe_files/PV106_ET_d3t5_2025-08-06_13-21-30/Record Node 102/analysis/recNames=Block012,Animal=PV_106/lizMov.mat"
PV_106_012_1310540_R,PV_106,012,PV_106_block_012,1310539.7,1310622.95,5.932517580152663,249.48100594111344,R,monocular,1,0,0,0,False,False,False,none,,,,,False,False,,,4.862596409125867,0.819651411635722,"/Volumes/Data-1/Nimrod/experiments/PV_106/2025_08_06/block_012/oe_files/PV106_ET_d3t5_2025-08-06_13-21-30/Record Node 102/analysis/recNames=Block012,Animal=PV_106/lizMov.mat"
PV_106_012_1430819_R,PV_106,012,PV_106_block_012,1430819.3,1430902.55,6.001040974424605,260.23590412655074,R,monocular,1,0,0,0,False,False,False,none,,,,,False,False,,,6.083164367331282,1.0136848578866022,"/Volumes/Data-1/Nimrod/experiments/PV_106/2025_08_06/block_012/oe_files/PV106_ET_d3t5_2025-08-06_13-21-30/Record Node 102/analysis/recNames=Block012,Animal=PV_106/lizMov.mat"
PV_106_012_1459291_R,PV_106,012,PV_106_block_012,1459290.8,1459390.7,7.714450653471663,260.55183271615846,R,monocular,1,0,0,0,False,False,False,none,,,,,False,False,,,8.502020175748086,1.1020901626899384,"/Volumes/Data-1/Nimrod/experiments/PV_106/2025_08_06/block_012/oe_files/PV106_ET_d3t5_2025-08-06_13-21-30/Record Node 102/analysis/recNames=Block012,Animal=PV_106/lizMov.mat"
PV_106_012_1532567_R,PV_106,012,PV_106_block_012,1532567.45,1532650.7,14.471997293002795,255.09993530436753,R,monocular,1,0,0,0,False,False,False,none,,,,,False,False,,,15.181120837239899,1.0489997012768904,"/Volumes/Data-1/Nimrod/experiments/PV_106/2025_08_06/block_012/oe_files/PV106_ET_d3t5_2025-08-06_13-21-30/Record Node 102/analysis/recNames=Block012,Animal=PV_106/lizMov.mat"
PV_106_012_1610340_R,PV_106,012,PV_106_block_012,1610339.6,1610439.5,8.661900332922334,228.67764607843716,R,monocular,1,0,0,0,False,False,False,none,,,,,False,False,,,8.920312102370282,1.0298331497149384,"/Volumes/Data-1/Nimrod/experiments/PV_106/2025_08_06/block_012/oe_files/PV106_ET_d3t5_2025-08-06_13-21-30/Record Node 102/analysis/recNames=Block012,Animal=PV_106/lizMov.mat"
PV_106_012_1655927_R,PV_106,012,PV_106_block_012,1655927.3,1655993.9,5.902139065134397,244.09130303874477,R,monocular,1,2,1,1,True,True,True,reverse,R,66.5999999998603,0.983479116487566,161.67492306729605,True,False,,,8.413159595410056,1.4254424544329982,"/Volumes/Data-1/Nimrod/experiments/PV_106/2025_08_06/block_012/oe_files/PV106_ET_d3t5_2025-08-06_13-21-30/Record Node 102/analysis/recNames=Block012,Animal=PV_106/lizMov.mat"
PV_106_012_1740293_R,PV_106,012,PV_106_block_012,1740292.85,1740392.75,5.789008331854117,259.3842538920341,R,monocular,1,0,0,0,False,False,False,none,,,,,False,False,,,6.535614828564668,1.1289696704360117,"/Volumes/Data-1/Nimrod/experiments/PV_106/2025_08_06/block_012/oe_files/PV106_ET_d3t5_2025-08-06_13-21-30/Record Node 102/analysis/recNames=Block012,Animal=PV_106/lizMov.mat"
PV_106_012_1818148_R,PV_106,012,PV_106_block_012,1818148.25,1818231.5,13.447009242823276,23.6626372592528,R,monocular,1,1,0,1,True,False,False,reverse,L,66.60000000009313,2.0039807487608314,124.14028967127928,True,False,,,13.602592349573046,1.011570089968727,"/Volumes/Data-1/Nimrod/experiments/PV_106/2025_08_06/block_012/oe_files/PV106_ET_d3t5_2025-08-06_13-21-30/Record Node 102/analysis/recNames=Block012,Animal=PV_106/lizMov.mat"
PV_143_001_52785_L,PV_143,001,PV_143_block_001,52784.65,52867.9,19.710157841980678,36.30622905113867,L,binocular,2,4,2,1,True,True,True,reverse,R,16.650000000001455,3.5918360169099586,148.34876850050364,True,True,52892.0,107.34999999999854,23.019015851455222,1.1678757743089712,"/Volumes/Data-1/Nimrod/experiments/PV_143/2025_08_25/block_001/oe_files/PV143_ET_d1t1_2025-08-11_13-29-08/Record Node 102/analysis/recNames=Block001,Animal=PV_143/lizMov.mat"
PV_143_001_52885_R,PV_143,001,PV_143_block_001,52884.55,53117.65,12.555875485763496,22.136910790430193,R,binocular,2,1,0,1,True,False,False,reverse,L,183.14999999999418,7.032574609813139,172.6205331266857,True,True,52892.0,7.44999999999709,14.414613191687486,1.1480372840612767,"/Volumes/Data-1/Nimrod/experiments/PV_143/2025_08_25/block_001/oe_files/PV143_ET_d1t1_2025-08-11_13-29-08/Record Node 102/analysis/recNames=Block001,Animal=PV_143/lizMov.mat"
PV_143_001_69868_L,PV_143,001,PV_143_block_001,69867.55,69917.5,5.63437046410981,210.6811756942312,L,binocular,2,0,0,0,False,False,False,none,,,,,False,False,,,5.272687358499829,0.9358077166004873,"/Volumes/Data-1/Nimrod/experiments/PV_143/2025_08_25/block_001/oe_files/PV143_ET_d1t1_2025-08-11_13-29-08/Record Node 102/analysis/recNames=Block001,Animal=PV_143/lizMov.mat"
PV_143_001_78659_L,PV_143,001,PV_143_block_001,78658.75,78725.35,5.631299422919305,195.89238929501573,L,binocular,2,0,0,0,False,False,False,none,,,,,False,False,,,5.00926243425529,0.8895393510541575,"/Volumes/Data-1/Nimrod/experiments/PV_143/2025_08_25/block_001/oe_files/PV143_ET_d1t1_2025-08-11_13-29-08/Record Node 102/analysis/recNames=Block001,Animal=PV_143/lizMov.mat"
PV_143_001_93777_R,PV_143,001,PV_143_block_001,93776.95,93876.85,10.425309562622546,150.3857901800932,R,binocular,2,0,0,0,False,False,False,none,,,,,False,True,93976.0,199.0500000000029,6.792098684115612,0.6515009116340351,"/Volumes/Data-1/Nimrod/experiments/PV_143/2025_08_25/block_001/oe_files/PV143_ET_d1t1_2025-08-11_13-29-08/Record Node 102/analysis/recNames=Block001,Animal=PV_143/lizMov.mat"
PV_143_001_102135_R,PV_143,001,PV_143_block_001,102135.25,102235.15,6.0948205051764255,164.419123177897,R,binocular,2,1,1,0,True,False,False,same,L,116.55000000000291,1.4253174831862923,2.479584055381679,True,False,,,5.746938067187701,0.9429216270285133,"/Volumes/Data-1/Nimrod/experiments/PV_143/2025_08_25/block_001/oe_files/PV143_ET_d1t1_2025-08-11_13-29-08/Record Node 102/analysis/recNames=Block001,Animal=PV_143/lizMov.mat"
PV_143_001_122115_R,PV_143,001,PV_143_block_001,122115.25,122165.2,6.375605453353051,307.04129987179044,R,binocular,2,0,0,0,False,False,False,none,,,,,False,False,,,6.4187996570220385,1.006774917925053,"/Volumes/Data-1/Nimrod/experiments/PV_143/2025_08_25/block_001/oe_files/PV143_ET_d1t1_2025-08-11_13-29-08/Record Node 102/analysis/recNames=Block001,Animal=PV_143/lizMov.mat"
PV_143_001_180091_R,PV_143,001,PV_143_block_001,180090.55,180157.15,6.821404200500502,146.584911552828,R,binocular,2,0,0,0,False,False,False,none,,,,,False,False,,,4.629316257778622,0.6786456456339236,"/Volumes/Data-1/Nimrod/experiments/PV_143/2025_08_25/block_001/oe_files/PV143_ET_d1t1_2025-08-11_13-29-08/Record Node 102/analysis/recNames=Block001,Animal=PV_143/lizMov.mat"
PV_143_001_188382_R,PV_143,001,PV_143_block_001,188382.25,188448.85,9.164479711359784,353.9655122245551,R,binocular,2,1,1,0,True,False,False,same,L,33.29999999998836,4.914263558275478,3.442644525828655,True,True,188384.0,1.75,10.20472535893286,1.1135084238643298,"/Volumes/Data-1/Nimrod/experiments/PV_143/2025_08_25/block_001/oe_files/PV143_ET_d1t1_2025-08-11_13-29-08/Record Node 102/analysis/recNames=Block001,Animal=PV_143/lizMov.mat"
PV_143_001_216587_R,PV_143,001,PV_143_block_001,216587.35,216653.95,9.269961478583854,162.38761245178162,R,binocular,2,0,0,0,False,False,False,none,,,,,False,True,216704.0,116.64999999999418,7.590787882279578,0.818858621992807,"/Volumes/Data-1/Nimrod/experiments/PV_143/2025_08_25/block_001/oe_files/PV143_ET_d1t1_2025-08-11_13-29-08/Record Node 102/analysis/recNames=Block001,Animal=PV_143/lizMov.mat"
PV_143_001_259711_L,PV_143,001,PV_143_block_001,259710.85,259810.75,12.551271460816794,27.605040733067955,L,binocular,2,0,0,0,False,False,False,none,,,,,False,True,259828.0,117.14999999999418,9.547884374372867,0.7607105307362639,"/Volumes/Data-1/Nimrod/experiments/PV_143/2025_08_25/block_001/oe_files/PV143_ET_d1t1_2025-08-11_13-29-08/Record Node 102/analysis/recNames=Block001,Animal=PV_143/lizMov.mat"
PV_143_001_313440_R,PV_143,001,PV_143_block_001,313440.4,313556.95,6.832404787930509,183.93659692753715,R,binocular,2,6,4,2,True,True,True,same,L,49.949999999953434,4.387267330235822,8.3259199985865,True,True,313480.0,39.59999999997672,1.5777488903760315,0.23092146021019364,"/Volumes/Data-1/Nimrod/experiments/PV_143/2025_08_25/block_001/oe_files/PV143_ET_d1t1_2025-08-11_13-29-08/Record Node 102/analysis/recNames=Block001,Animal=PV_143/lizMov.mat"
PV_143_001_367420_L,PV_143,001,PV_143_block_001,367419.7,367502.95,7.324878888632525,12.147258888389397,L,binocular,2,0,0,0,False,False,False,none,,,,,False,True,367620.0,200.29999999998836,3.9062029214170586,0.5332788406207087,"/Volumes/Data-1/Nimrod/experiments/PV_143/2025_08_25/block_001/oe_files/PV143_ET_d1t1_2025-08-11_13-29-08/Record Node 102/analysis/recNames=Block001,Animal=PV_143/lizMov.mat"
PV_143_001_391662_R,PV_143,001,PV_143_block_001,391662.1,391728.7,6.302836882914118,147.57597668468162,R,binocular,2,0,0,0,False,False,False,none,,,,,False,True,391896.0,233.90000000002328,5.7800917850762366,0.9170619345623633,"/Volumes/Data-1/Nimrod/experiments/PV_143/2025_08_25/block_001/oe_files/PV143_ET_d1t1_2025-08-11_13-29-08/Record Node 102/analysis/recNames=Block001,Animal=PV_143/lizMov.mat"
PV_143_001_410077_L,PV_143,001,PV_143_block_001,410077.0,410126.95,7.675734340788708,15.594331124842514,L,binocular,2,1,0,1,True,False,False,reverse,L,33.29999999998836,0.7209064613013249,142.3955594771686,True,False,,,6.993793467142176,0.9111562694369565,"/Volumes/Data-1/Nimrod/experiments/PV_143/2025_08_25/block_001/oe_files/PV143_ET_d1t1_2025-08-11_13-29-08/Record Node 102/analysis/recNames=Block001,Animal=PV_143/lizMov.mat"
PV_143_001_444626_L,PV_143,001,PV_143_block_001,444625.75,444709.0,11.433675249638036,23.152585255963174,L,binocular,2,3,2,1,True,True,True,reverse,R,133.20000000001164,0.7276873091128641,141.01336879966163,True,True,444832.0,206.25,9.019669178244303,0.7888687566607111,"/Volumes/Data-1/Nimrod/experiments/PV_143/2025_08_25/block_001/oe_files/PV143_ET_d1t1_2025-08-11_13-29-08/Record Node 102/analysis/recNames=Block001,Animal=PV_143/lizMov.mat"
PV_143_001_456514_R,PV_143,001,PV_143_block_001,456513.85,456563.8,12.246144547065441,192.73112404381746,R,binocular,2,7,2,4,True,True,True,unknown,L,16.650000000023283,,,False,False,,,6.417127314099364,0.5240120504405698,"/Volumes/Data-1/Nimrod/experiments/PV_143/2025_08_25/block_001/oe_files/PV143_ET_d1t1_2025-08-11_13-29-08/Record Node 102/analysis/recNames=Block001,Animal=PV_143/lizMov.mat"
PV_143_001_456647_R,PV_143,001,PV_143_block_001,456647.05,456730.3,9.285728243771977,2.1358238857987453,R,binocular,2,0,0,0,False,False,False,none,,,,,False,False,,,11.502892238291288,1.238771148187153,"/Volumes/Data-1/Nimrod/experiments/PV_143/2025_08_25/block_001/oe_files/PV143_ET_d1t1_2025-08-11_13-29-08/Record Node 102/analysis/recNames=Block001,Animal=PV_143/lizMov.mat"
PV_143_001_471066_R,PV_143,001,PV_143_block_001,471065.95,471149.2,5.588226369465251,332.4568801606573,R,binocular,2,0,0,0,False,False,False,none,,,,,False,True,471120.0,54.04999999998836,7.860006501957735,1.4065297255862375,"/Volumes/Data-1/Nimrod/experiments/PV_143/2025_08_25/block_001/oe_files/PV143_ET_d1t1_2025-08-11_13-29-08/Record Node 102/analysis/recNames=Block001,Animal=PV_143/lizMov.mat"
PV_143_001_502967_R,PV_143,001,PV_143_block_001,502967.35,503067.25,7.303414999283644,161.92117301989774,R,binocular,2,4,2,2,True,True,True,reverse,R,99.90000000002328,7.6677730291213555,171.42377198255974,False,True,502968.0,0.6500000000232831,8.026275071506614,1.0989756261001014,"/Volumes/Data-1/Nimrod/experiments/PV_143/2025_08_25/block_001/oe_files/PV143_ET_d1t1_2025-08-11_13-29-08/Record Node 102/analysis/recNames=Block001,Animal=PV_143/lizMov.mat"
PV_143_001_617819_L,PV_143,001,PV_143_block_001,617819.05,617902.3,9.668796310629899,149.03708780699208,L,binocular,2,0,0,0,False,False,False,none,,,,,False,False,,,7.479267336940373,0.7735468921521955,"/Volumes/Data-1/Nimrod/experiments/PV_143/2025_08_25/block_001/oe_files/PV143_ET_d1t1_2025-08-11_13-29-08/Record Node 102/analysis/recNames=Block001,Animal=PV_143/lizMov.mat"
PV_143_001_636534_L,PV_143,001,PV_143_block_001,636533.65,636600.25,6.337835564477419,204.3916268310978,L,binocular,2,0,0,0,False,False,False,none,,,,,False,True,636580.0,46.34999999997672,2.9629253937803903,0.4674979910155962,"/Volumes/Data-1/Nimrod/experiments/PV_143/2025_08_25/block_001/oe_files/PV143_ET_d1t1_2025-08-11_13-29-08/Record Node 102/analysis/recNames=Block001,Animal=PV_143/lizMov.mat"
PV_143_001_694326_R,PV_143,001,PV_143_block_001,694325.8,694359.1,8.45208045639082,198.57135369315884,R,binocular,2,5,1,4,True,True,True,reverse,R,33.29999999993015,1.0951341643545776,160.9099486588224,True,True,694352.0,26.199999999953434,7.877548232993101,0.9320247569385947,"/Volumes/Data-1/Nimrod/experiments/PV_143/2025_08_25/block_001/oe_files/PV143_ET_d1t1_2025-08-11_13-29-08/Record Node 102/analysis/recNames=Block001,Animal=PV_143/lizMov.mat"
PV_143_001_779674_R,PV_143,001,PV_143_block_001,779673.7,779773.6,16.13827044059259,147.903350706446,R,binocular,2,2,0,2,True,True,False,reverse,L,183.15000000002328,1.935804568675299,143.98735494292464,True,False,,,15.415687640764316,0.9552255117741267,"/Volumes/Data-1/Nimrod/experiments/PV_143/2025_08_25/block_001/oe_files/PV143_ET_d1t1_2025-08-11_13-29-08/Record Node 102/analysis/recNames=Block001,Animal=PV_143/lizMov.mat"
PV_143_001_849887_R,PV_143,001,PV_143_block_001,849886.75,849970.0,7.030215115545623,315.1739398708495,R,binocular,2,0,0,0,False,False,False,none,,,,,False,False,,,5.902454550852472,0.839583775722683,"/Volumes/Data-1/Nimrod/experiments/PV_143/2025_08_25/block_001/oe_files/PV143_ET_d1t1_2025-08-11_13-29-08/Record Node 102/analysis/recNames=Block001,Animal=PV_143/lizMov.mat"
PV_143_001_967020_L,PV_143,001,PV_143_block_001,967019.5,967102.75,8.690782207290273,340.2276090482579,L,binocular,2,3,2,1,True,True,True,reverse,L,83.25,2.2422880336747353,167.13487343049206,True,True,967040.0,20.5,12.412888660569633,1.4282820998732504,"/Volumes/Data-1/Nimrod/experiments/PV_143/2025_08_25/block_001/oe_files/PV143_ET_d1t1_2025-08-11_13-29-08/Record Node 102/analysis/recNames=Block001,Animal=PV_143/lizMov.mat"
PV_143_001_971998_R,PV_143,001,PV_143_block_001,971997.85,972097.75,6.295431089685925,297.45126071228276,R,binocular,2,2,2,0,True,True,False,same,R,116.55000000004657,0.7879740270594143,54.50908425158519,True,False,,,18.82429741533728,2.990152246472515,"/Volumes/Data-1/Nimrod/experiments/PV_143/2025_08_25/block_001/oe_files/PV143_ET_d1t1_2025-08-11_13-29-08/Record Node 102/analysis/recNames=Block001,Animal=PV_143/lizMov.mat"
PV_143_001_1021049_R,PV_143,001,PV_143_block_001,1021048.75,1021115.35,11.615774702178749,153.4505066740588,R,binocular,2,2,0,1,True,True,False,unknown,R,33.300000000046566,,,False,False,,,-4.717660825555739,-0.40614259027173244,"/Volumes/Data-1/Nimrod/experiments/PV_143/2025_08_25/block_001/oe_files/PV143_ET_d1t1_2025-08-11_13-29-08/Record Node 102/analysis/recNames=Block001,Animal=PV_143/lizMov.mat"
PV_143_001_1096923_R,PV_143,001,PV_143_block_001,1096922.8,1096989.4,6.0593678102504995,293.50104160680223,R,binocular,2,0,0,0,False,False,False,none,,,,,False,False,,,5.7815484584025745,0.9541504393613565,"/Volumes/Data-1/Nimrod/experiments/PV_143/2025_08_25/block_001/oe_files/PV143_ET_d1t1_2025-08-11_13-29-08/Record Node 102/analysis/recNames=Block001,Animal=PV_143/lizMov.mat"
PV_143_001_1112724_R,PV_143,001,PV_143_block_001,1112723.65,1112773.6,10.189276269466337,130.66672087123177,R,binocular,2,0,0,0,False,False,False,none,,,,,False,True,1112732.0,8.350000000093132,7.6926813122498725,0.7549781857718514,"/Volumes/Data-1/Nimrod/experiments/PV_143/2025_08_25/block_001/oe_files/PV143_ET_d1t1_2025-08-11_13-29-08/Record Node 102/analysis/recNames=Block001,Animal=PV_143/lizMov.mat"
PV_143_001_1147988_R,PV_143,001,PV_143_block_001,1147988.35,1148088.25,9.15692995046553,67.56832027519646,R,binocular,2,1,1,0,True,False,False,same,L,49.949999999953434,0.5670386520482895,69.38369519513759,True,True,1147996.0,7.649999999906868,7.98565097092482,0.8720882450912314,"/Volumes/Data-1/Nimrod/experiments/PV_143/2025_08_25/block_001/oe_files/PV143_ET_d1t1_2025-08-11_13-29-08/Record Node 102/analysis/recNames=Block001,Animal=PV_143/lizMov.mat"
PV_143_001_1165488_R,PV_143,001,PV_143_block_001,1165487.5,1165604.05,14.494567395991776,314.18057716354434,R,binocular,2,0,0,0,False,False,False,none,,,,,False,False,,,12.489168959350046,0.8616448230668624,"/Volumes/Data-1/Nimrod/experiments/PV_143/2025_08_25/block_001/oe_files/PV143_ET_d1t1_2025-08-11_13-29-08/Record Node 102/analysis/recNames=Block001,Animal=PV_143/lizMov.mat"
PV_143_001_1186600_L,PV_143,001,PV_143_block_001,1186599.7,1186682.95,5.886559602602947,17.527253568689414,L,binocular,2,0,0,0,False,False,False,none,,,,,False,False,,,3.2664684858993347,0.5549028135984475,"/Volumes/Data-1/Nimrod/experiments/PV_143/2025_08_25/block_001/oe_files/PV143_ET_d1t1_2025-08-11_13-29-08/Record Node 102/analysis/recNames=Block001,Animal=PV_143/lizMov.mat"
PV_143_001_779990_L,PV_143,001,PV_143_block_001,779990.05,780006.7,10.236258028910608,233.56967311180586,L,monocular,1,3,0,2,True,True,False,reverse,L,16.649999999906868,0.7318128699106254,129.96741333632505,True,False,,,8.710336618231011,0.8509297629690571,"/Volumes/Data-1/Nimrod/experiments/PV_143/2025_08_25/block_001/oe_files/PV143_ET_d1t1_2025-08-11_13-29-08/Record Node 102/analysis/recNames=Block001,Animal=PV_143/lizMov.mat"
PV_143_001_1049737_L,PV_143,001,PV_143_block_001,1049736.7,1049803.3,6.954712640002448,286.69275616398477,L,monocular,1,0,0,0,False,False,False,none,,,,,False,False,,,7.440610726257555,1.0698660191163463,"/Volumes/Data-1/Nimrod/experiments/PV_143/2025_08_25/block_001/oe_files/PV143_ET_d1t1_2025-08-11_13-29-08/Record Node 102/analysis/recNames=Block001,Animal=PV_143/lizMov.mat"
PV_143_001_1063323_L,PV_143,001,PV_143_block_001,1063323.1,1063423.0,11.936831247873354,265.9235810897749,L,monocular,1,0,0,0,False,False,False,none,,,,,False,False,,,11.6423388109825,0.9753290943990416,"/Volumes/Data-1/Nimrod/experiments/PV_143/2025_08_25/block_001/oe_files/PV143_ET_d1t1_2025-08-11_13-29-08/Record Node 102/analysis/recNames=Block001,Animal=PV_143/lizMov.mat"
PV_143_001_154766_R,PV_143,001,PV_143_block_001,154765.9,154865.8,7.008708365832446,329.36891364186243,R,monocular,1,2,1,1,True,True,True,reverse,R,216.45000000001164,4.354201969339336,151.2442383141872,True,True,154792.0,26.10000000000582,3.6985215759448264,0.5277037341110058,"/Volumes/Data-1/Nimrod/experiments/PV_143/2025_08_25/block_001/oe_files/PV143_ET_d1t1_2025-08-11_13-29-08/Record Node 102/analysis/recNames=Block001,Animal=PV_143/lizMov.mat"
PV_143_001_173197_R,PV_143,001,PV_143_block_001,173197.45,173230.75,6.036895276306514,202.56987693097884,R,monocular,1,3,1,2,True,True,True,reverse,R,33.29999999998836,1.9786630158458,124.82626201973426,True,False,,,6.476615656566971,1.0728388285922836,"/Volumes/Data-1/Nimrod/experiments/PV_143/2025_08_25/block_001/oe_files/PV143_ET_d1t1_2025-08-11_13-29-08/Record Node 102/analysis/recNames=Block001,Animal=PV_143/lizMov.mat"
PV_143_001_319568_R,PV_143,001,PV_143_block_001,319567.6,319634.2,9.41008463173878,344.6059984774385,R,monocular,1,0,0,0,False,False,False,none,,,,,False,True,319664.0,96.40000000002328,10.711778220277985,1.1383296367121707,"/Volumes/Data-1/Nimrod/experiments/PV_143/2025_08_25/block_001/oe_files/PV143_ET_d1t1_2025-08-11_13-29-08/Record Node 102/analysis/recNames=Block001,Animal=PV_143/lizMov.mat"
PV_143_001_359061_R,PV_143,001,PV_143_block_001,359061.4,359128.0,8.682605168093815,13.309682384443883,R,monocular,1,1,1,0,True,False,False,same,R,149.84999999997672,5.837516163648067,49.04035094767548,True,True,359072.0,10.599999999976717,13.62916284407964,1.569708927242605,"/Volumes/Data-1/Nimrod/experiments/PV_143/2025_08_25/block_001/oe_files/PV143_ET_d1t1_2025-08-11_13-29-08/Record Node 102/analysis/recNames=Block001,Animal=PV_143/lizMov.mat"
PV_143_001_359211_R,PV_143,001,PV_143_block_001,359211.25,359261.2,5.837516163648067,62.35003333211935,R,monocular,1,0,0,0,False,False,False,none,,,,,False,True,359376.0,164.75,4.008759962059965,0.6867235738075887,"/Volumes/Data-1/Nimrod/experiments/PV_143/2025_08_25/block_001/oe_files/PV143_ET_d1t1_2025-08-11_13-29-08/Record Node 102/analysis/recNames=Block001,Animal=PV_143/lizMov.mat"
PV_143_001_579757_R,PV_143,001,PV_143_block_001,579757.15,579790.45,8.735910440335998,207.3451698071347,R,monocular,1,5,2,3,True,True,True,reverse,R,33.29999999993015,6.626358567798024,179.18974668920973,True,True,579788.0,30.849999999976717,5.956576661169463,0.6818495567063487,"/Volumes/Data-1/Nimrod/experiments/PV_143/2025_08_25/block_001/oe_files/PV143_ET_d1t1_2025-08-11_13-29-08/Record Node 102/analysis/recNames=Block001,Animal=PV_143/lizMov.mat"
PV_143_001_868635_R,PV_143,001,PV_143_block_001,868634.65,868667.95,10.082301600326833,150.57670376771742,R,monocular,1,3,1,2,True,True,True,reverse,R,33.29999999993015,2.521516597687961,107.14171977415151,True,False,,,0.4619399433873682,0.04581691380591052,"/Volumes/Data-1/Nimrod/experiments/PV_143/2025_08_25/block_001/oe_files/PV143_ET_d1t1_2025-08-11_13-29-08/Record Node 102/analysis/recNames=Block001,Animal=PV_143/lizMov.mat"
PV_143_001_868701_R,PV_143,001,PV_143_block_001,868701.25,868751.2,9.241782354808246,313.89854029372725,R,monocular,1,0,0,0,False,False,False,none,,,,,False,False,,,9.867229971868618,1.0676760816310469,"/Volumes/Data-1/Nimrod/experiments/PV_143/2025_08_25/block_001/oe_files/PV143_ET_d1t1_2025-08-11_13-29-08/Record Node 102/analysis/recNames=Block001,Animal=PV_143/lizMov.mat"
PV_143_001_895108_R,PV_143,001,PV_143_block_001,895108.15,895158.1,7.43827343496584,139.98361612451404,R,monocular,1,0,0,0,False,False,False,none,,,,,False,False,,,6.135469317706073,0.8248512738002417,"/Volumes/Data-1/Nimrod/experiments/PV_143/2025_08_25/block_001/oe_files/PV143_ET_d1t1_2025-08-11_13-29-08/Record Node 102/analysis/recNames=Block001,Animal=PV_143/lizMov.mat"
PV_143_001_966337_R,PV_143,001,PV_143_block_001,966336.85,966536.65,27.336712975471173,74.61692331099006,R,monocular,1,0,0,0,False,False,False,none,,,,,False,False,,,28.220968670191173,1.0323468185627669,"/Volumes/Data-1/Nimrod/experiments/PV_143/2025_08_25/block_001/oe_files/PV143_ET_d1t1_2025-08-11_13-29-08/Record Node 102/analysis/recNames=Block001,Animal=PV_143/lizMov.mat"
PV_143_001_966986_R,PV_143,001,PV_143_block_001,966986.2,967036.15,7.403619802133726,172.8981246646219,R,monocular,1,5,1,4,True,True,True,reverse,L,33.300000000046566,8.690782207290273,167.329484383636,False,True,967040.0,53.800000000046566,0.7377293851451111,0.09964441784713166,"/Volumes/Data-1/Nimrod/experiments/PV_143/2025_08_25/block_001/oe_files/PV143_ET_d1t1_2025-08-11_13-29-08/Record Node 102/analysis/recNames=Block001,Animal=PV_143/lizMov.mat"
PV_143_001_971948_R,PV_143,001,PV_143_block_001,971947.9,972031.15,16.798357300453954,256.0776118316971,R,monocular,1,4,3,1,True,True,True,same,L,49.949999999953434,2.7407137893201146,85.86967009851429,True,False,,,20.905542305190064,1.2444992049684,"/Volumes/Data-1/Nimrod/experiments/PV_143/2025_08_25/block_001/oe_files/PV143_ET_d1t1_2025-08-11_13-29-08/Record Node 102/analysis/recNames=Block001,Animal=PV_143/lizMov.mat"
PV_143_001_1093443_R,PV_143,001,PV_143_block_001,1093442.95,1093526.2,6.201841144758921,133.26990255493277,R,monocular,1,0,0,0,False,False,False,none,,,,,False,True,1093476.0,33.050000000046566,1.8166379339946173,0.2929191334624605,"/Volumes/Data-1/Nimrod/experiments/PV_143/2025_08_25/block_001/oe_files/PV143_ET_d1t1_2025-08-11_13-29-08/Record Node 102/analysis/recNames=Block001,Animal=PV_143/lizMov.mat"
PV_143_001_1136566_R,PV_143,001,PV_143_block_001,1136566.45,1136583.1,6.827409913561158,205.600321296026,R,monocular,1,3,1,2,True,True,True,reverse,R,16.6500000001397,6.796072695644042,141.5278534945944,True,True,1136580.0,13.550000000046566,-1.0497373934979828,-0.1537533862457722,"/Volumes/Data-1/Nimrod/experiments/PV_143/2025_08_25/block_001/oe_files/PV143_ET_d1t1_2025-08-11_13-29-08/Record Node 102/analysis/recNames=Block001,Animal=PV_143/lizMov.mat"
PV_143_002_36132_L,PV_143,002,PV_143_block_002,36131.6,36214.85,6.854343882341075,15.28501431319716,L,binocular,2,3,2,1,True,True,True,reverse,L,166.5,0.5226870669742544,176.74013837216074,True,True,36160.0,28.400000000001455,9.173419443520421,1.3383366228756055,"/Volumes/Data-1/Nimrod/experiments/PV_143/2025_08_25/block_002/oe_files/PV143_ET_d1t2_2025-08-11_13-50-11/Record Node 102/analysis/recNames=Block002,Animal=PV_143/lizMov.mat"
PV_143_002_48419_R,PV_143,002,PV_143_block_002,48419.3,48552.5,12.302051689848609,157.76291477904346,R,binocular,2,0,0,0,False,False,False,none,,,,,False,True,48448.0,28.69999999999709,9.258941191042398,0.7526339040407933,"/Volumes/Data-1/Nimrod/experiments/PV_143/2025_08_25/block_002/oe_files/PV143_ET_d1t2_2025-08-11_13-50-11/Record Node 102/analysis/recNames=Block002,Animal=PV_143/lizMov.mat"
PV_143_002_76341_L,PV_143,002,PV_143_block_002,76341.35,76424.6,11.076968253135064,215.03479827247236,L,binocular,2,0,0,0,False,False,False,none,,,,,False,False,,,9.104489229093788,0.8219297032396014,"/Volumes/Data-1/Nimrod/experiments/PV_143/2025_08_25/block_002/oe_files/PV143_ET_d1t2_2025-08-11_13-50-11/Record Node 102/analysis/recNames=Block002,Animal=PV_143/lizMov.mat"
PV_143_002_87946_R,PV_143,002,PV_143_block_002,87946.4,88062.95,9.013872321283577,152.39057513539728,R,binocular,2,0,0,0,False,False,False,none,,,,,False,False,,,6.484559954835249,0.7193978041517063,"/Volumes/Data-1/Nimrod/experiments/PV_143/2025_08_25/block_002/oe_files/PV143_ET_d1t2_2025-08-11_13-50-11/Record Node 102/analysis/recNames=Block002,Animal=PV_143/lizMov.mat"
PV_143_002_273294_R,PV_143,002,PV_143_block_002,273294.2,273394.1,8.832150377485322,318.8146122355962,R,binocular,2,0,0,0,False,False,False,none,,,,,False,False,,,6.127170576168691,0.693734856665021,"/Volumes/Data-1/Nimrod/experiments/PV_143/2025_08_25/block_002/oe_files/PV143_ET_d1t2_2025-08-11_13-50-11/Record Node 102/analysis/recNames=Block002,Animal=PV_143/lizMov.mat"
PV_143_002_313421_R,PV_143,002,PV_143_block_002,313420.7,313503.95,6.593945346299759,145.8042506101134,R,binocular,2,0,0,0,False,False,False,none,,,,,False,False,,,5.089351374210963,0.7718218921949194,"/Volumes/Data-1/Nimrod/experiments/PV_143/2025_08_25/block_002/oe_files/PV143_ET_d1t2_2025-08-11_13-50-11/Record Node 102/analysis/recNames=Block002,Animal=PV_143/lizMov.mat"
PV_143_002_321396_L,PV_143,002,PV_143_block_002,321396.05,321462.65,7.646310946464294,205.2209889276723,L,binocular,2,7,2,5,True,True,True,reverse,R,99.90000000002328,3.4171665380664558,144.96142884744359,True,True,321496.0,99.95000000001164,5.0763394009539216,0.6638939269532657,"/Volumes/Data-1/Nimrod/experiments/PV_143/2025_08_25/block_002/oe_files/PV143_ET_d1t2_2025-08-11_13-50-11/Record Node 102/analysis/recNames=Block002,Animal=PV_143/lizMov.mat"
PV_143_002_325292_R,PV_143,002,PV_143_block_002,325292.15,325375.4,9.414196426676176,16.63434651367666,R,binocular,2,0,0,0,False,False,False,none,,,,,False,True,325300.0,7.849999999976717,10.388907299067313,1.1035362794884103,"/Volumes/Data-1/Nimrod/experiments/PV_143/2025_08_25/block_002/oe_files/PV143_ET_d1t2_2025-08-11_13-50-11/Record Node 102/analysis/recNames=Block002,Animal=PV_143/lizMov.mat"
PV_143_002_333018_R,PV_143,002,PV_143_block_002,333017.75,333084.35,5.552252420428335,150.92725007775363,R,binocular,2,0,0,0,False,False,False,none,,,,,False,False,,,3.9408076031964736,0.7097673709316795,"/Volumes/Data-1/Nimrod/experiments/PV_143/2025_08_25/block_002/oe_files/PV143_ET_d1t2_2025-08-11_13-50-11/Record Node 102/analysis/recNames=Block002,Animal=PV_143/lizMov.mat"
PV_143_002_340277_R,PV_143,002,PV_143_block_002,340277.15,340360.4,6.062707093878194,1.70304124580177,R,binocular,2,0,0,0,False,False,False,none,,,,,False,False,,,4.19095981214557,0.6912687265359369,"/Volumes/Data-1/Nimrod/experiments/PV_143/2025_08_25/block_002/oe_files/PV143_ET_d1t2_2025-08-11_13-50-11/Record Node 102/analysis/recNames=Block002,Animal=PV_143/lizMov.mat"
PV_143_002_372428_L,PV_143,002,PV_143_block_002,372428.3,372494.9,9.98800634085482,0.9777233891731741,L,binocular,2,0,0,0,False,False,False,none,,,,,False,False,,,6.628741480502578,0.6636701313843238,"/Volumes/Data-1/Nimrod/experiments/PV_143/2025_08_25/block_002/oe_files/PV143_ET_d1t2_2025-08-11_13-50-11/Record Node 102/analysis/recNames=Block002,Animal=PV_143/lizMov.mat"
PV_143_002_427290_L,PV_143,002,PV_143_block_002,427290.05,427340.0,5.993866101450092,31.1682497945416,L,binocular,2,0,0,0,False,False,False,none,,,,,False,True,427380.0,89.95000000001164,3.3704554521246646,0.5623174417108271,"/Volumes/Data-1/Nimrod/experiments/PV_143/2025_08_25/block_002/oe_files/PV143_ET_d1t2_2025-08-11_13-50-11/Record Node 102/analysis/recNames=Block002,Animal=PV_143/lizMov.mat"
PV_143_002_436747_L,PV_143,002,PV_143_block_002,436747.25,436797.2,8.621440079431597,349.85835606905573,L,binocular,2,4,1,3,True,True,True,reverse,L,83.25,1.7147266322230337,166.49602218100043,True,True,436880.0,132.75,5.520662924417259,0.6403411580378612,"/Volumes/Data-1/Nimrod/experiments/PV_143/2025_08_25/block_002/oe_files/PV143_ET_d1t2_2025-08-11_13-50-11/Record Node 102/analysis/recNames=Block002,Animal=PV_143/lizMov.mat"
PV_143_002_452498_L,PV_143,002,PV_143_block_002,452498.15,452564.75,6.207181587664586,220.95070071615186,L,binocular,2,0,0,0,False,False,False,none,,,,,False,False,,,6.1057068211022205,0.9836520383479639,"/Volumes/Data-1/Nimrod/experiments/PV_143/2025_08_25/block_002/oe_files/PV143_ET_d1t2_2025-08-11_13-50-11/Record Node 102/analysis/recNames=Block002,Animal=PV_143/lizMov.mat"
PV_143_002_478206_L,PV_143,002,PV_143_block_002,478205.75,478305.65,16.633797665835964,30.94373948128159,L,binocular,2,0,0,0,False,False,False,none,,,,,False,False,,,16.903029719679424,1.0161858439817646,"/Volumes/Data-1/Nimrod/experiments/PV_143/2025_08_25/block_002/oe_files/PV143_ET_d1t2_2025-08-11_13-50-11/Record Node 102/analysis/recNames=Block002,Animal=PV_143/lizMov.mat"
PV_143_002_501083_R,PV_143,002,PV_143_block_002,501082.85,501149.45,5.716965930111441,323.4779094762737,R,binocular,2,0,0,0,False,False,False,none,,,,,False,True,501120.0,37.15000000002328,3.6652182233938495,0.6411124831248387,"/Volumes/Data-1/Nimrod/experiments/PV_143/2025_08_25/block_002/oe_files/PV143_ET_d1t2_2025-08-11_13-50-11/Record Node 102/analysis/recNames=Block002,Animal=PV_143/lizMov.mat"
PV_143_002_549718_R,PV_143,002,PV_143_block_002,549717.5,549834.05,7.381921349079842,128.72786028837774,R,binocular,2,0,0,0,False,False,False,none,,,,,False,False,,,5.3781783690231055,0.7285607790569995,"/Volumes/Data-1/Nimrod/experiments/PV_143/2025_08_25/block_002/oe_files/PV143_ET_d1t2_2025-08-11_13-50-11/Record Node 102/analysis/recNames=Block002,Animal=PV_143/lizMov.mat"
PV_143_002_565518_L,PV_143,002,PV_143_block_002,565518.35,565634.9,11.403629028697924,29.31547968692138,L,binocular,2,0,0,0,False,False,False,none,,,,,False,False,,,12.428559478750044,1.089877568576882,"/Volumes/Data-1/Nimrod/experiments/PV_143/2025_08_25/block_002/oe_files/PV143_ET_d1t2_2025-08-11_13-50-11/Record Node 102/analysis/recNames=Block002,Animal=PV_143/lizMov.mat"
PV_143_002_577889_R,PV_143,002,PV_143_block_002,577889.3,577972.55,6.584638988472833,130.18817350613688,R,binocular,2,1,1,0,True,False,False,same,L,83.25,0.7005043114298711,0.3616417817623869,True,True,577996.0,106.69999999995343,5.177331667610815,0.7862741870396127,"/Volumes/Data-1/Nimrod/experiments/PV_143/2025_08_25/block_002/oe_files/PV143_ET_d1t2_2025-08-11_13-50-11/Record Node 102/analysis/recNames=Block002,Animal=PV_143/lizMov.mat"
PV_143_002_581952_L,PV_143,002,PV_143_block_002,581951.9,582051.8,8.662908088970243,214.3254746478245,L,binocular,2,0,0,0,False,False,False,none,,,,,False,True,582176.0,224.09999999997672,8.631226389389585,0.9963428332316032,"/Volumes/Data-1/Nimrod/experiments/PV_143/2025_08_25/block_002/oe_files/PV143_ET_d1t2_2025-08-11_13-50-11/Record Node 102/analysis/recNames=Block002,Animal=PV_143/lizMov.mat"
PV_143_002_595222_L,PV_143,002,PV_143_block_002,595221.95,595288.55,5.583763623017248,14.208384120180956,L,binocular,2,0,0,0,False,False,False,none,,,,,False,False,,,5.64992389806884,1.0118486883611741,"/Volumes/Data-1/Nimrod/experiments/PV_143/2025_08_25/block_002/oe_files/PV143_ET_d1t2_2025-08-11_13-50-11/Record Node 102/analysis/recNames=Block002,Animal=PV_143/lizMov.mat"
PV_143_002_812371_R,PV_143,002,PV_143_block_002,812371.25,812421.2,5.950358503998275,139.17902596707776,R,binocular,2,2,1,1,True,True,True,reverse,L,16.650000000023283,0.7509810918419192,136.04293110641743,True,False,,,8.758773519596048,1.4719740858825046,"/Volumes/Data-1/Nimrod/experiments/PV_143/2025_08_25/block_002/oe_files/PV143_ET_d1t2_2025-08-11_13-50-11/Record Node 102/analysis/recNames=Block002,Animal=PV_143/lizMov.mat"
PV_143_002_837280_R,PV_143,002,PV_143_block_002,837279.65,837429.5,11.182979281963224,284.4415143980067,R,binocular,2,4,2,1,True,True,True,same,L,49.949999999953434,5.672956576555443,79.47491932272914,True,False,,,13.052806244056846,1.1672029353670916,"/Volumes/Data-1/Nimrod/experiments/PV_143/2025_08_25/block_002/oe_files/PV143_ET_d1t2_2025-08-11_13-50-11/Record Node 102/analysis/recNames=Block002,Animal=PV_143/lizMov.mat"
PV_143_002_847819_R,PV_143,002,PV_143_block_002,847819.1,847985.6,14.408394958729378,132.1438656905235,R,binocular,2,3,1,1,True,True,True,unknown,L,33.300000000046566,,,False,False,,,11.948907977115072,0.8293018071298623,"/Volumes/Data-1/Nimrod/experiments/PV_143/2025_08_25/block_002/oe_files/PV143_ET_d1t2_2025-08-11_13-50-11/Record Node 102/analysis/recNames=Block002,Animal=PV_143/lizMov.mat"
PV_143_002_850799_R,PV_143,002,PV_143_block_002,850799.45,850832.75,13.602717352291652,202.39838173570848,R,binocular,2,6,2,4,True,True,True,same,L,33.300000000046566,9.609906661631154,58.95791436367523,True,False,,,-0.5874696775688575,-0.043187670695067876,"/Volumes/Data-1/Nimrod/experiments/PV_143/2025_08_25/block_002/oe_files/PV143_ET_d1t2_2025-08-11_13-50-11/Record Node 102/analysis/recNames=Block002,Animal=PV_143/lizMov.mat"
PV_143_002_850833_L,PV_143,002,PV_143_block_002,850832.75,850899.35,9.609906661631154,261.3562960993837,L,binocular,2,4,3,1,True,True,True,same,R,49.949999999953434,9.710127467216683,68.79121720071299,False,False,,,8.969194774189305,0.9333279801769586,"/Volumes/Data-1/Nimrod/experiments/PV_143/2025_08_25/block_002/oe_files/PV143_ET_d1t2_2025-08-11_13-50-11/Record Node 102/analysis/recNames=Block002,Animal=PV_143/lizMov.mat"
PV_143_002_850883_R,PV_143,002,PV_143_block_002,850882.7,850982.6,9.710127467216683,330.1475133000967,R,binocular,2,2,1,1,True,True,True,reverse,L,33.300000000046566,1.7101993727345568,178.51710318943617,True,False,,,13.583547074594497,1.3989051246191408,"/Volumes/Data-1/Nimrod/experiments/PV_143/2025_08_25/block_002/oe_files/PV143_ET_d1t2_2025-08-11_13-50-11/Record Node 102/analysis/recNames=Block002,Animal=PV_143/lizMov.mat"
PV_143_002_863503_R,PV_143,002,PV_143_block_002,863503.4,863636.6,9.31381885654741,332.02356751041873,R,binocular,2,2,1,1,True,True,True,reverse,L,83.25,24.74343920916221,123.32426774066653,False,False,,,13.347306160318015,1.4330648218410595,"/Volumes/Data-1/Nimrod/experiments/PV_143/2025_08_25/block_002/oe_files/PV143_ET_d1t2_2025-08-11_13-50-11/Record Node 102/analysis/recNames=Block002,Animal=PV_143/lizMov.mat"
PV_143_002_922161_L,PV_143,002,PV_143_block_002,922161.35,922277.9,13.599159781795011,32.36009350566506,L,binocular,2,1,1,0,True,False,False,same,R,249.75,1.5016810054589989,55.26604115476715,True,False,,,15.644904390644697,1.1504316914923152,"/Volumes/Data-1/Nimrod/experiments/PV_143/2025_08_25/block_002/oe_files/PV143_ET_d1t2_2025-08-11_13-50-11/Record Node 102/analysis/recNames=Block002,Animal=PV_143/lizMov.mat"
PV_143_002_1033833_R,PV_143,002,PV_143_block_002,1033832.9,1033899.5,6.557585080242892,166.17575195788592,R,binocular,2,0,0,0,False,False,False,none,,,,,False,True,1033968.0,135.09999999997672,5.046957652085681,0.7696366254235077,"/Volumes/Data-1/Nimrod/experiments/PV_143/2025_08_25/block_002/oe_files/PV143_ET_d1t2_2025-08-11_13-50-11/Record Node 102/analysis/recNames=Block002,Animal=PV_143/lizMov.mat"
PV_143_002_1297203_L,PV_143,002,PV_143_block_002,1297202.6,1297285.85,7.401660935571884,238.30875677240454,L,binocular,2,0,0,0,False,False,False,none,,,,,False,False,,,7.740349796896815,1.0457584945153615,"/Volumes/Data-1/Nimrod/experiments/PV_143/2025_08_25/block_002/oe_files/PV143_ET_d1t2_2025-08-11_13-50-11/Record Node 102/analysis/recNames=Block002,Animal=PV_143/lizMov.mat"
PV_143_002_554246_L,PV_143,002,PV_143_block_002,554246.3,554262.95,5.773213363035499,257.1390102976007,L,monocular,1,3,2,1,True,True,True,same,L,183.14999999990687,5.715655480260454,0.11929467513715508,True,False,,,5.590761355672922,0.9683968015921993,"/Volumes/Data-1/Nimrod/experiments/PV_143/2025_08_25/block_002/oe_files/PV143_ET_d1t2_2025-08-11_13-50-11/Record Node 102/analysis/recNames=Block002,Animal=PV_143/lizMov.mat"
PV_143_002_554429_L,PV_143,002,PV_143_block_002,554429.45,554446.1,5.715655480260454,257.25830497273785,L,monocular,1,3,2,1,True,True,True,reverse,L,16.650000000023283,5.6728107810927195,179.838686718557,True,False,,,5.56293760149232,0.973280776055247,"/Volumes/Data-1/Nimrod/experiments/PV_143/2025_08_25/block_002/oe_files/PV143_ET_d1t2_2025-08-11_13-50-11/Record Node 102/analysis/recNames=Block002,Animal=PV_143/lizMov.mat"
PV_143_002_554446_L,PV_143,002,PV_143_block_002,554446.1,554462.75,5.6728107810927195,77.41961825418085,L,monocular,1,2,0,2,True,True,False,reverse,L,16.650000000023283,5.674140754837231,179.6663178137245,False,False,,,-0.017266017404738054,-0.0030436441600141303,"/Volumes/Data-1/Nimrod/experiments/PV_143/2025_08_25/block_002/oe_files/PV143_ET_d1t2_2025-08-11_13-50-11/Record Node 102/analysis/recNames=Block002,Animal=PV_143/lizMov.mat"
PV_143_002_554463_L,PV_143,002,PV_143_block_002,554462.75,554479.4,5.674140754837231,257.7533004404563,L,monocular,1,1,1,0,True,False,False,same,L,149.84999999997672,5.67124858931678,0.6470904023422008,True,False,,,5.621713116402664,0.9907602506353279,"/Volumes/Data-1/Nimrod/experiments/PV_143/2025_08_25/block_002/oe_files/PV143_ET_d1t2_2025-08-11_13-50-11/Record Node 102/analysis/recNames=Block002,Animal=PV_143/lizMov.mat"
PV_143_002_554613_L,PV_143,002,PV_143_block_002,554612.6,554645.9,5.67124858931678,257.1062100381141,L,monocular,1,0,0,0,False,False,False,none,,,,,False,False,,,0.23055552637137255,0.0406533980551799,"/Volumes/Data-1/Nimrod/experiments/PV_143/2025_08_25/block_002/oe_files/PV143_ET_d1t2_2025-08-11_13-50-11/Record Node 102/analysis/recNames=Block002,Animal=PV_143/lizMov.mat"
PV_143_002_560174_L,PV_143,002,PV_143_block_002,560173.7,560190.35,5.585357388635708,76.78930078783137,L,monocular,1,0,0,0,False,False,False,none,,,,,False,False,,,5.574121247094242,0.9979882860200983,"/Volumes/Data-1/Nimrod/experiments/PV_143/2025_08_25/block_002/oe_files/PV143_ET_d1t2_2025-08-11_13-50-11/Record Node 102/analysis/recNames=Block002,Animal=PV_143/lizMov.mat"
PV_143_002_564303_L,PV_143,002,PV_143_block_002,564302.9,564319.55,5.640424493949088,257.2199143133304,L,monocular,1,2,1,1,True,True,True,reverse,L,16.650000000023283,5.683385968244261,179.61856958321493,False,False,,,0.12739666554180315,0.022586361306400116,"/Volumes/Data-1/Nimrod/experiments/PV_143/2025_08_25/block_002/oe_files/PV143_ET_d1t2_2025-08-11_13-50-11/Record Node 102/analysis/recNames=Block002,Animal=PV_143/lizMov.mat"
PV_143_002_564320_L,PV_143,002,PV_143_block_002,564319.55,564336.2,5.683385968244261,77.60134473011544,L,monocular,1,1,0,1,True,False,False,reverse,L,16.649999999906868,5.695095912723604,179.5480715613719,False,False,,,-0.028909477535256453,-0.005086664480784385,"/Volumes/Data-1/Nimrod/experiments/PV_143/2025_08_25/block_002/oe_files/PV143_ET_d1t2_2025-08-11_13-50-11/Record Node 102/analysis/recNames=Block002,Animal=PV_143/lizMov.mat"
PV_143_002_564336_L,PV_143,002,PV_143_block_002,564336.2,564369.5,5.695095912723604,257.14941629148734,L,monocular,1,0,0,0,False,False,False,none,,,,,False,False,,,5.7243818704761065,1.0051423115960303,"/Volumes/Data-1/Nimrod/experiments/PV_143/2025_08_25/block_002/oe_files/PV143_ET_d1t2_2025-08-11_13-50-11/Record Node 102/analysis/recNames=Block002,Animal=PV_143/lizMov.mat"
PV_143_002_720880_L,PV_143,002,PV_143_block_002,720879.5,720946.1,6.084524368288268,115.34637593960167,L,monocular,1,0,0,0,False,False,False,none,,,,,False,False,,,9.455919302950596,1.554093423018172,"/Volumes/Data-1/Nimrod/experiments/PV_143/2025_08_25/block_002/oe_files/PV143_ET_d1t2_2025-08-11_13-50-11/Record Node 102/analysis/recNames=Block002,Animal=PV_143/lizMov.mat"
PV_143_002_721579_L,PV_143,002,PV_143_block_002,721578.8,721678.7,9.13827739943832,309.6020743261338,L,monocular,1,2,0,1,True,True,False,unknown,L,99.89999999990687,,,False,False,,,-4.498607715382791,-0.4922818074727406,"/Volumes/Data-1/Nimrod/experiments/PV_143/2025_08_25/block_002/oe_files/PV143_ET_d1t2_2025-08-11_13-50-11/Record Node 102/analysis/recNames=Block002,Animal=PV_143/lizMov.mat"
PV_143_002_775908_L,PV_143,002,PV_143_block_002,775907.75,776074.25,20.62071903911267,87.69555028670673,L,monocular,1,0,0,0,False,False,False,none,,,,,False,False,,,22.21718820244216,1.0774206350564866,"/Volumes/Data-1/Nimrod/experiments/PV_143/2025_08_25/block_002/oe_files/PV143_ET_d1t2_2025-08-11_13-50-11/Record Node 102/analysis/recNames=Block002,Animal=PV_143/lizMov.mat"
PV_143_002_776640_L,PV_143,002,PV_143_block_002,776640.35,776673.65,5.711918199860163,355.44552024180484,L,monocular,1,3,0,2,True,True,False,reverse,L,33.300000000046566,3.4423897846841878,98.17838327403234,True,False,,,2.719759336162364,0.4761551620660373,"/Volumes/Data-1/Nimrod/experiments/PV_143/2025_08_25/block_002/oe_files/PV143_ET_d1t2_2025-08-11_13-50-11/Record Node 102/analysis/recNames=Block002,Animal=PV_143/lizMov.mat"
PV_143_002_836281_L,PV_143,002,PV_143_block_002,836280.65,836480.45,24.166683872970207,85.21947730224986,L,monocular,1,1,1,0,True,False,False,same,R,149.84999999997672,28.661956684310148,13.046847341767773,False,False,,,24.216033283229173,1.002042043108536,"/Volumes/Data-1/Nimrod/experiments/PV_143/2025_08_25/block_002/oe_files/PV143_ET_d1t2_2025-08-11_13-50-11/Record Node 102/analysis/recNames=Block002,Animal=PV_143/lizMov.mat"
PV_143_002_837330_L,PV_143,002,PV_143_block_002,837329.6,837362.9,5.672956576555443,3.9164337207358257,L,monocular,1,4,1,2,True,True,True,unknown,L,33.300000000046566,,,False,False,,,3.7407013580824007,0.659391854600395,"/Volumes/Data-1/Nimrod/experiments/PV_143/2025_08_25/block_002/oe_files/PV143_ET_d1t2_2025-08-11_13-50-11/Record Node 102/analysis/recNames=Block002,Animal=PV_143/lizMov.mat"
PV_143_002_857742_L,PV_143,002,PV_143_block_002,857742.5,857775.8,5.5806253258479686,77.29709462422696,L,monocular,1,0,0,0,False,False,False,none,,,,,False,False,,,0.0021048895942139927,0.000377178088710723,"/Volumes/Data-1/Nimrod/experiments/PV_143/2025_08_25/block_002/oe_files/PV143_ET_d1t2_2025-08-11_13-50-11/Record Node 102/analysis/recNames=Block002,Animal=PV_143/lizMov.mat"
PV_143_002_863287_L,PV_143,002,PV_143_block_002,863286.95,863386.85,6.012927315473384,289.5860340650055,L,monocular,1,4,4,0,True,True,False,same,R,149.85000000009313,14.721494223408031,89.35719918143363,False,False,,,5.857028235921357,0.9740726818448572,"/Volumes/Data-1/Nimrod/experiments/PV_143/2025_08_25/block_002/oe_files/PV143_ET_d1t2_2025-08-11_13-50-11/Record Node 102/analysis/recNames=Block002,Animal=PV_143/lizMov.mat"
PV_143_002_863587_L,PV_143,002,PV_143_block_002,863586.65,863769.8,24.74343920916221,95.34783525108524,L,monocular,1,1,0,1,True,False,False,reverse,R,66.59999999997672,0.6555629933810792,153.13447068342794,True,False,,,24.52063763949184,0.9909955294497674,"/Volumes/Data-1/Nimrod/experiments/PV_143/2025_08_25/block_002/oe_files/PV143_ET_d1t2_2025-08-11_13-50-11/Record Node 102/analysis/recNames=Block002,Animal=PV_143/lizMov.mat"
PV_143_002_1221079_L,PV_143,002,PV_143_block_002,1221078.8,1221128.75,5.798279927038395,242.11047997808214,L,monocular,1,0,0,0,False,False,False,none,,,,,False,False,,,2.796987916214281,0.48238235328574536,"/Volumes/Data-1/Nimrod/experiments/PV_143/2025_08_25/block_002/oe_files/PV143_ET_d1t2_2025-08-11_13-50-11/Record Node 102/analysis/recNames=Block002,Animal=PV_143/lizMov.mat"
PV_143_002_1250533_L,PV_143,002,PV_143_block_002,1250532.65,1250599.25,7.620690160434293,252.96872286441968,L,monocular,1,0,0,0,False,False,False,none,,,,,False,False,,,7.460118692096495,0.9789295372259765,"/Volumes/Data-1/Nimrod/experiments/PV_143/2025_08_25/block_002/oe_files/PV143_ET_d1t2_2025-08-11_13-50-11/Record Node 102/analysis/recNames=Block002,Animal=PV_143/lizMov.mat"
PV_143_002_1266683_L,PV_143,002,PV_143_block_002,1266683.15,1266783.05,11.50837829876563,58.183034444422155,L,monocular,1,0,0,0,False,False,False,none,,,,,False,False,,,11.018275065988007,0.9574133539883556,"/Volumes/Data-1/Nimrod/experiments/PV_143/2025_08_25/block_002/oe_files/PV143_ET_d1t2_2025-08-11_13-50-11/Record Node 102/analysis/recNames=Block002,Animal=PV_143/lizMov.mat"
PV_143_002_42159_R,PV_143,002,PV_143_block_002,42158.9,42192.2,8.680231374425881,181.1314331428123,R,monocular,1,5,1,3,True,True,True,unknown,L,16.650000000001455,,,False,False,,,-0.3369005298812719,-0.0388123905169008,"/Volumes/Data-1/Nimrod/experiments/PV_143/2025_08_25/block_002/oe_files/PV143_ET_d1t2_2025-08-11_13-50-11/Record Node 102/analysis/recNames=Block002,Animal=PV_143/lizMov.mat"
PV_143_002_234600_R,PV_143,002,PV_143_block_002,234599.6,234666.2,6.5905656208159815,99.6133760238756,R,monocular,1,0,0,0,False,False,False,none,,,,,False,False,,,3.303124965276196,0.5011899061961292,"/Volumes/Data-1/Nimrod/experiments/PV_143/2025_08_25/block_002/oe_files/PV143_ET_d1t2_2025-08-11_13-50-11/Record Node 102/analysis/recNames=Block002,Animal=PV_143/lizMov.mat"
PV_143_002_325192_R,PV_143,002,PV_143_block_002,325192.25,325208.9,6.573156835531661,192.68684188244475,R,monocular,1,5,1,3,True,True,True,unknown,L,16.650000000023283,,,False,True,325300.0,107.75,-1.1458734778559014,-0.1743262037597828,"/Volumes/Data-1/Nimrod/experiments/PV_143/2025_08_25/block_002/oe_files/PV143_ET_d1t2_2025-08-11_13-50-11/Record Node 102/analysis/recNames=Block002,Animal=PV_143/lizMov.mat"
PV_143_002_345056_R,PV_143,002,PV_143_block_002,345055.7,345138.95,9.47763901628501,8.009996179184606,R,monocular,1,3,1,2,True,True,True,same,L,66.59999999997672,0.9295809024043404,30.362780532152016,True,True,345104.0,48.29999999998836,8.213055366345268,0.8665718700863301,"/Volumes/Data-1/Nimrod/experiments/PV_143/2025_08_25/block_002/oe_files/PV143_ET_d1t2_2025-08-11_13-50-11/Record Node 102/analysis/recNames=Block002,Animal=PV_143/lizMov.mat"
PV_143_002_608992_R,PV_143,002,PV_143_block_002,608991.5,609058.1,5.743032558829602,65.34197340419784,R,monocular,1,0,0,0,False,False,False,none,,,,,False,False,,,4.351373984025814,0.7576787941652555,"/Volumes/Data-1/Nimrod/experiments/PV_143/2025_08_25/block_002/oe_files/PV143_ET_d1t2_2025-08-11_13-50-11/Record Node 102/analysis/recNames=Block002,Animal=PV_143/lizMov.mat"
PV_143_002_620064_R,PV_143,002,PV_143_block_002,620063.75,620113.7,5.701457619377365,317.8602554819996,R,monocular,1,0,0,0,False,False,False,none,,,,,False,False,,,5.4022684828301895,0.947524097078205,"/Volumes/Data-1/Nimrod/experiments/PV_143/2025_08_25/block_002/oe_files/PV143_ET_d1t2_2025-08-11_13-50-11/Record Node 102/analysis/recNames=Block002,Animal=PV_143/lizMov.mat"
PV_143_002_758375_R,PV_143,002,PV_143_block_002,758375.3,758408.6,6.977735545773504,140.98272528088742,R,monocular,1,1,0,1,True,False,False,reverse,R,33.29999999993015,1.0761564592495672,147.01024159806923,True,False,,,5.670712104684398,0.8126865897231108,"/Volumes/Data-1/Nimrod/experiments/PV_143/2025_08_25/block_002/oe_files/PV143_ET_d1t2_2025-08-11_13-50-11/Record Node 102/analysis/recNames=Block002,Animal=PV_143/lizMov.mat"
PV_143_002_836430_R,PV_143,002,PV_143_block_002,836430.5,836597.0,28.661956684310148,98.26632464401762,R,monocular,1,3,0,3,True,True,False,reverse,R,199.80000000004657,1.4789365335604627,169.26262201177417,True,False,,,25.54825732248909,0.8913647314411883,"/Volumes/Data-1/Nimrod/experiments/PV_143/2025_08_25/block_002/oe_files/PV143_ET_d1t2_2025-08-11_13-50-11/Record Node 102/analysis/recNames=Block002,Animal=PV_143/lizMov.mat"
PV_143_002_847086_R,PV_143,002,PV_143_block_002,847086.5,847269.65,23.953633934271753,72.18733351656232,R,monocular,1,1,1,0,True,False,False,same,L,116.55000000004657,1.7486879430390876,35.67101702233717,True,True,847276.0,189.5,24.556397411350595,1.025163759233059,"/Volumes/Data-1/Nimrod/experiments/PV_143/2025_08_25/block_002/oe_files/PV143_ET_d1t2_2025-08-11_13-50-11/Record Node 102/analysis/recNames=Block002,Animal=PV_143/lizMov.mat"
PV_143_002_860740_R,PV_143,002,PV_143_block_002,860739.5,860972.6,32.96651782549516,103.04153571217601,R,monocular,1,0,0,0,False,False,False,none,,,,,False,False,,,33.3191263282136,1.0106959583837436,"/Volumes/Data-1/Nimrod/experiments/PV_143/2025_08_25/block_002/oe_files/PV143_ET_d1t2_2025-08-11_13-50-11/Record Node 102/analysis/recNames=Block002,Animal=PV_143/lizMov.mat"
PV_143_002_861572_R,PV_143,002,PV_143_block_002,861572.0,861621.95,7.722331096882887,190.3454617102307,R,monocular,1,6,0,6,True,True,False,reverse,L,33.300000000046566,0.694876220960564,138.61159389387728,True,False,,,1.6830166639035369,0.21794153122790672,"/Volumes/Data-1/Nimrod/experiments/PV_143/2025_08_25/block_002/oe_files/PV143_ET_d1t2_2025-08-11_13-50-11/Record Node 102/analysis/recNames=Block002,Animal=PV_143/lizMov.mat"
PV_143_002_861672_R,PV_143,002,PV_143_block_002,861671.9,861721.85,7.695801667114212,94.76454195795262,R,monocular,1,1,1,0,True,False,False,same,R,49.949999999953434,2.2805952275455263,79.16461952122451,True,False,,,5.19584243162009,0.6751528503941341,"/Volumes/Data-1/Nimrod/experiments/PV_143/2025_08_25/block_002/oe_files/PV143_ET_d1t2_2025-08-11_13-50-11/Record Node 102/analysis/recNames=Block002,Animal=PV_143/lizMov.mat"
PV_143_002_863437_R,PV_143,002,PV_143_block_002,863436.8,863470.1,14.721494223408031,200.22883488357186,R,monocular,1,5,0,5,True,True,False,reverse,R,33.29999999993015,10.338508999592863,107.47854336309797,True,False,,,4.707287165361169,0.319756071899027,"/Volumes/Data-1/Nimrod/experiments/PV_143/2025_08_25/block_002/oe_files/PV143_ET_d1t2_2025-08-11_13-50-11/Record Node 102/analysis/recNames=Block002,Animal=PV_143/lizMov.mat"
PV_143_002_863470_R,PV_143,002,PV_143_block_002,863470.1,863503.4,10.338508999592863,307.70737824666986,R,monocular,1,4,3,1,True,True,True,same,R,33.300000000046566,9.31381885654741,24.316189263748868,True,False,,,21.854297101802146,2.113873199961695,"/Volumes/Data-1/Nimrod/experiments/PV_143/2025_08_25/block_002/oe_files/PV143_ET_d1t2_2025-08-11_13-50-11/Record Node 102/analysis/recNames=Block002,Animal=PV_143/lizMov.mat"
PV_143_002_930736_R,PV_143,002,PV_143_block_002,930736.1,930786.05,6.565894928401192,299.637322152258,R,monocular,1,3,0,3,True,True,False,reverse,L,33.300000000046566,4.403064574280106,108.44143816697999,True,True,930904.0,167.90000000002328,5.099293158459089,0.776633378094702,"/Volumes/Data-1/Nimrod/experiments/PV_143/2025_08_25/block_002/oe_files/PV143_ET_d1t2_2025-08-11_13-50-11/Record Node 102/analysis/recNames=Block002,Animal=PV_143/lizMov.mat"
PV_143_002_1057359_R,PV_143,002,PV_143_block_002,1057359.35,1057376.0,8.800390587415546,124.71058078468542,R,monocular,1,2,1,0,True,True,False,unknown,R,16.649999999906868,,,False,False,,,-9.278633321809068,-1.0543433532458666,"/Volumes/Data-1/Nimrod/experiments/PV_143/2025_08_25/block_002/oe_files/PV143_ET_d1t2_2025-08-11_13-50-11/Record Node 102/analysis/recNames=Block002,Animal=PV_143/lizMov.mat"
PV_143_002_1095471_R,PV_143,002,PV_143_block_002,1095471.2,1095587.75,13.025298771158248,78.21413003180068,R,monocular,1,0,0,0,False,False,False,none,,,,,False,False,,,13.052023974700722,1.0020517919789795,"/Volumes/Data-1/Nimrod/experiments/PV_143/2025_08_25/block_002/oe_files/PV143_ET_d1t2_2025-08-11_13-50-11/Record Node 102/analysis/recNames=Block002,Animal=PV_143/lizMov.mat"
PV_143_003_83064_R,PV_143,003,PV_143_block_003,83064.4,83114.35,7.160718089186692,131.88977838777222,R,binocular,2,0,0,0,False,False,False,none,,,,,False,False,,,5.985514168771288,0.8358818339476226,"/Volumes/Data-1/Nimrod/experiments/PV_143/2025_08_25/block_003/oe_files/PV143_ET_d1t3_2025-08-11_14-20-35/Record Node 102/analysis/recNames=Block003,Animal=PV_143/lizMov.mat"
PV_143_003_117297_R,PV_143,003,PV_143_block_003,117296.8,117346.75,6.3238512259254875,174.53327637703325,R,binocular,2,0,0,0,False,False,False,none,,,,,False,False,,,5.114731082429084,0.8088000333500176,"/Volumes/Data-1/Nimrod/experiments/PV_143/2025_08_25/block_003/oe_files/PV143_ET_d1t3_2025-08-11_14-20-35/Record Node 102/analysis/recNames=Block003,Animal=PV_143/lizMov.mat"
PV_143_003_162002_R,PV_143,003,PV_143_block_003,162002.05,162068.65,6.247910279768386,146.05971701386116,R,binocular,2,0,0,0,False,False,False,none,,,,,False,True,162048.0,45.95000000001164,8.375035699305844,1.3404538996703248,"/Volumes/Data-1/Nimrod/experiments/PV_143/2025_08_25/block_003/oe_files/PV143_ET_d1t3_2025-08-11_14-20-35/Record Node 102/analysis/recNames=Block003,Animal=PV_143/lizMov.mat"
PV_143_003_176321_R,PV_143,003,PV_143_block_003,176321.05,176371.0,7.387944830628882,156.4609375201575,R,binocular,2,0,0,0,False,False,False,none,,,,,False,False,,,3.2098103438488246,0.43446593300773156,"/Volumes/Data-1/Nimrod/experiments/PV_143/2025_08_25/block_003/oe_files/PV143_ET_d1t3_2025-08-11_14-20-35/Record Node 102/analysis/recNames=Block003,Animal=PV_143/lizMov.mat"
PV_143_003_221143_L,PV_143,003,PV_143_block_003,221142.85,221226.1,9.566067007739935,52.632089725386344,L,binocular,2,3,2,1,True,True,True,reverse,L,149.85000000000582,0.6218822340843871,166.0542705141051,True,True,221292.0,149.14999999999418,8.879923516955483,0.9282731879016431,"/Volumes/Data-1/Nimrod/experiments/PV_143/2025_08_25/block_003/oe_files/PV143_ET_d1t3_2025-08-11_14-20-35/Record Node 102/analysis/recNames=Block003,Animal=PV_143/lizMov.mat"
PV_143_003_287310_L,PV_143,003,PV_143_block_003,287309.95,287409.85,8.333257502751417,170.82464002945528,L,binocular,2,0,0,0,False,False,False,none,,,,,False,True,287360.0,50.04999999998836,6.192855445475039,0.7431494158713234,"/Volumes/Data-1/Nimrod/experiments/PV_143/2025_08_25/block_003/oe_files/PV143_ET_d1t3_2025-08-11_14-20-35/Record Node 102/analysis/recNames=Block003,Animal=PV_143/lizMov.mat"
PV_143_003_333547_R,PV_143,003,PV_143_block_003,333547.0,333630.25,6.239591851938005,61.10259548383983,R,binocular,2,0,0,0,False,False,False,none,,,,,False,True,333624.0,77.0,6.019116602290955,0.9646651167450045,"/Volumes/Data-1/Nimrod/experiments/PV_143/2025_08_25/block_003/oe_files/PV143_ET_d1t3_2025-08-11_14-20-35/Record Node 102/analysis/recNames=Block003,Animal=PV_143/lizMov.mat"
PV_143_003_568712_R,PV_143,003,PV_143_block_003,568711.6,568778.2,6.433804448763543,117.81427074189253,R,binocular,2,0,0,0,False,False,False,none,,,,,False,False,,,6.6075078159303375,1.0269985462800595,"/Volumes/Data-1/Nimrod/experiments/PV_143/2025_08_25/block_003/oe_files/PV143_ET_d1t3_2025-08-11_14-20-35/Record Node 102/analysis/recNames=Block003,Animal=PV_143/lizMov.mat"
PV_143_003_587942_R,PV_143,003,PV_143_block_003,587942.35,588042.25,10.515970568503006,134.2871697807638,R,binocular,2,0,0,0,False,False,False,none,,,,,False,False,,,7.210964740388059,0.6857155688497302,"/Volumes/Data-1/Nimrod/experiments/PV_143/2025_08_25/block_003/oe_files/PV143_ET_d1t3_2025-08-11_14-20-35/Record Node 102/analysis/recNames=Block003,Animal=PV_143/lizMov.mat"
PV_143_003_588409_R,PV_143,003,PV_143_block_003,588408.55,588458.5,7.4619068620961775,142.98352819759612,R,binocular,2,0,0,0,False,False,False,none,,,,,False,False,,,3.3260058519165936,0.44573135438228473,"/Volumes/Data-1/Nimrod/experiments/PV_143/2025_08_25/block_003/oe_files/PV143_ET_d1t3_2025-08-11_14-20-35/Record Node 102/analysis/recNames=Block003,Animal=PV_143/lizMov.mat"
PV_143_003_658588_R,PV_143,003,PV_143_block_003,658588.3,658721.5,19.68066153393187,135.3915678224479,R,binocular,2,1,0,1,True,False,False,reverse,R,166.5,0.5766980422690561,171.97826694888238,True,False,,,15.562377766623769,0.7907446474699199,"/Volumes/Data-1/Nimrod/experiments/PV_143/2025_08_25/block_003/oe_files/PV143_ET_d1t3_2025-08-11_14-20-35/Record Node 102/analysis/recNames=Block003,Animal=PV_143/lizMov.mat"
PV_143_003_695451_R,PV_143,003,PV_143_block_003,695451.4,695534.65,14.56852103079316,307.6691217265151,R,binocular,2,0,0,0,False,False,False,none,,,,,False,False,,,13.814173247335965,0.9482207025776503,"/Volumes/Data-1/Nimrod/experiments/PV_143/2025_08_25/block_003/oe_files/PV143_ET_d1t3_2025-08-11_14-20-35/Record Node 102/analysis/recNames=Block003,Animal=PV_143/lizMov.mat"
PV_143_003_704159_L,PV_143,003,PV_143_block_003,704159.35,704225.95,7.980215648386419,47.09846435231265,L,binocular,2,0,0,0,False,False,False,none,,,,,False,False,,,6.828066635707206,0.8556243260278091,"/Volumes/Data-1/Nimrod/experiments/PV_143/2025_08_25/block_003/oe_files/PV143_ET_d1t3_2025-08-11_14-20-35/Record Node 102/analysis/recNames=Block003,Animal=PV_143/lizMov.mat"
PV_143_003_708755_R,PV_143,003,PV_143_block_003,708754.75,708854.65,13.73933369437975,337.2972749160682,R,binocular,2,4,2,2,True,True,True,reverse,R,116.55000000004657,0.5334193524114682,179.61488262009084,True,True,708764.0,9.25,19.924522181116952,1.4501811095298844,"/Volumes/Data-1/Nimrod/experiments/PV_143/2025_08_25/block_003/oe_files/PV143_ET_d1t3_2025-08-11_14-20-35/Record Node 102/analysis/recNames=Block003,Animal=PV_143/lizMov.mat"
PV_143_003_718295_R,PV_143,003,PV_143_block_003,718295.2,718361.8,6.010306807055895,323.907816772079,R,binocular,2,0,0,0,False,False,False,none,,,,,False,False,,,6.765556149461269,1.1256590331659504,"/Volumes/Data-1/Nimrod/experiments/PV_143/2025_08_25/block_003/oe_files/PV143_ET_d1t3_2025-08-11_14-20-35/Record Node 102/analysis/recNames=Block003,Animal=PV_143/lizMov.mat"
PV_143_003_727103_R,PV_143,003,PV_143_block_003,727103.05,727153.0,7.046558923530855,154.90376476790354,R,binocular,2,2,0,2,True,True,False,reverse,L,83.25,2.3931647759767904,114.54036294249728,True,False,,,3.3583008279076187,0.4765873477184887,"/Volumes/Data-1/Nimrod/experiments/PV_143/2025_08_25/block_003/oe_files/PV143_ET_d1t3_2025-08-11_14-20-35/Record Node 102/analysis/recNames=Block003,Animal=PV_143/lizMov.mat"
PV_143_003_736194_L,PV_143,003,PV_143_block_003,736193.95,736260.55,14.893158871824365,23.540047522210415,L,binocular,2,1,1,0,True,False,False,same,R,99.90000000002328,4.900286637066462,38.13826206620854,True,False,,,12.581388249974948,0.8447763404832173,"/Volumes/Data-1/Nimrod/experiments/PV_143/2025_08_25/block_003/oe_files/PV143_ET_d1t3_2025-08-11_14-20-35/Record Node 102/analysis/recNames=Block003,Animal=PV_143/lizMov.mat"
PV_143_003_810020_L,PV_143,003,PV_143_block_003,810020.05,810070.0,8.290978230487518,29.577313623734945,L,binocular,2,0,0,0,False,False,False,none,,,,,False,False,,,7.078893210689693,0.8538067540280403,"/Volumes/Data-1/Nimrod/experiments/PV_143/2025_08_25/block_003/oe_files/PV143_ET_d1t3_2025-08-11_14-20-35/Record Node 102/analysis/recNames=Block003,Animal=PV_143/lizMov.mat"
PV_143_003_837509_R,PV_143,003,PV_143_block_003,837509.2,837575.8,8.764243308929267,182.87547906375585,R,binocular,2,0,0,0,False,False,False,none,,,,,False,False,,,8.654328115286612,0.9874586784314089,"/Volumes/Data-1/Nimrod/experiments/PV_143/2025_08_25/block_003/oe_files/PV143_ET_d1t3_2025-08-11_14-20-35/Record Node 102/analysis/recNames=Block003,Animal=PV_143/lizMov.mat"
PV_143_003_851628_R,PV_143,003,PV_143_block_003,851628.4,851695.0,6.94040599152308,358.72617632946856,R,binocular,2,0,0,0,False,False,False,none,,,,,False,False,,,6.977363067184666,1.005324915531847,"/Volumes/Data-1/Nimrod/experiments/PV_143/2025_08_25/block_003/oe_files/PV143_ET_d1t3_2025-08-11_14-20-35/Record Node 102/analysis/recNames=Block003,Animal=PV_143/lizMov.mat"
PV_143_003_866464_R,PV_143,003,PV_143_block_003,866463.55,866530.15,12.985584754870205,168.02006627479003,R,binocular,2,1,0,1,True,False,False,reverse,R,83.25,0.5641038484172481,130.22478908986534,True,True,866464.0,0.44999999995343387,14.358216483410118,1.1057042678055073,"/Volumes/Data-1/Nimrod/experiments/PV_143/2025_08_25/block_003/oe_files/PV143_ET_d1t3_2025-08-11_14-20-35/Record Node 102/analysis/recNames=Block003,Animal=PV_143/lizMov.mat"
PV_143_003_905441_L,PV_143,003,PV_143_block_003,905441.2,905524.45,12.12071553326516,31.764536486046723,L,binocular,2,0,0,0,False,False,False,none,,,,,False,False,,,10.843873618904357,0.8946562262882479,"/Volumes/Data-1/Nimrod/experiments/PV_143/2025_08_25/block_003/oe_files/PV143_ET_d1t3_2025-08-11_14-20-35/Record Node 102/analysis/recNames=Block003,Animal=PV_143/lizMov.mat"
PV_143_003_922241_R,PV_143,003,PV_143_block_003,922241.05,922274.35,5.930176060936435,182.164652968119,R,binocular,2,2,0,2,True,True,False,reverse,L,33.29999999993015,0.5433865132779906,113.73550094057518,True,False,,,5.725107545211852,0.9654194894692215,"/Volumes/Data-1/Nimrod/experiments/PV_143/2025_08_25/block_003/oe_files/PV143_ET_d1t3_2025-08-11_14-20-35/Record Node 102/analysis/recNames=Block003,Animal=PV_143/lizMov.mat"
PV_143_003_954126_L,PV_143,003,PV_143_block_003,954125.8,954242.35,19.33191042949617,73.49257034643469,L,binocular,2,0,0,0,False,False,False,none,,,,,False,True,954148.0,22.199999999953434,17.439056484934227,0.9020865552080217,"/Volumes/Data-1/Nimrod/experiments/PV_143/2025_08_25/block_003/oe_files/PV143_ET_d1t3_2025-08-11_14-20-35/Record Node 102/analysis/recNames=Block003,Animal=PV_143/lizMov.mat"
PV_143_003_1209404_R,PV_143,003,PV_143_block_003,1209403.6,1209486.85,8.823185241247794,331.5732879943377,R,binocular,2,3,1,2,True,True,True,same,L,33.299999999813735,3.411439672910214,81.63176849314942,True,True,1209404.0,0.39999999990686774,6.67984348657854,0.7570784590751563,"/Volumes/Data-1/Nimrod/experiments/PV_143/2025_08_25/block_003/oe_files/PV143_ET_d1t3_2025-08-11_14-20-35/Record Node 102/analysis/recNames=Block003,Animal=PV_143/lizMov.mat"
PV_143_003_1213716_L,PV_143,003,PV_143_block_003,1213715.95,1213815.85,9.514992179312577,91.90468966605373,L,binocular,2,0,0,0,False,False,False,none,,,,,False,True,1213864.0,148.05000000004657,6.241817504472499,0.6559981749689097,"/Volumes/Data-1/Nimrod/experiments/PV_143/2025_08_25/block_003/oe_files/PV143_ET_d1t3_2025-08-11_14-20-35/Record Node 102/analysis/recNames=Block003,Animal=PV_143/lizMov.mat"
PV_143_003_1296500_R,PV_143,003,PV_143_block_003,1296499.75,1296566.35,11.339218538743884,163.24581357447516,R,binocular,2,0,0,0,False,False,False,none,,,,,False,True,1296508.0,8.25,8.806873385051727,0.7766737500437415,"/Volumes/Data-1/Nimrod/experiments/PV_143/2025_08_25/block_003/oe_files/PV143_ET_d1t3_2025-08-11_14-20-35/Record Node 102/analysis/recNames=Block003,Animal=PV_143/lizMov.mat"
PV_143_003_103577_L,PV_143,003,PV_143_block_003,103577.2,103610.5,6.387310613420336,331.3991547831507,L,monocular,1,3,2,1,True,True,True,same,L,49.94999999999709,13.640442705549857,44.007431622901834,False,True,103584.0,6.80000000000291,15.643662703409026,2.4491783240571126,"/Volumes/Data-1/Nimrod/experiments/PV_143/2025_08_25/block_003/oe_files/PV143_ET_d1t3_2025-08-11_14-20-35/Record Node 102/analysis/recNames=Block003,Animal=PV_143/lizMov.mat"
PV_143_003_313284_L,PV_143,003,PV_143_block_003,313283.95,313383.85,13.111152138119301,14.970542741245533,L,monocular,1,0,0,0,False,False,False,none,,,,,False,True,313288.0,4.0499999999883585,13.693609127084434,1.0444245465866955,"/Volumes/Data-1/Nimrod/experiments/PV_143/2025_08_25/block_003/oe_files/PV143_ET_d1t3_2025-08-11_14-20-35/Record Node 102/analysis/recNames=Block003,Animal=PV_143/lizMov.mat"
PV_143_003_483996_R,PV_143,003,PV_143_block_003,483996.4,484063.0,7.480555610379412,151.44556387326762,R,monocular,1,1,1,0,True,False,False,same,R,99.89999999996508,1.6749339398643828,15.805624659237765,True,True,484004.0,7.599999999976717,12.149814125908105,1.6241860576572693,"/Volumes/Data-1/Nimrod/experiments/PV_143/2025_08_25/block_003/oe_files/PV143_ET_d1t3_2025-08-11_14-20-35/Record Node 102/analysis/recNames=Block003,Animal=PV_143/lizMov.mat"
PV_143_003_549547_R,PV_143,003,PV_143_block_003,549547.45,549614.05,7.155874726867041,56.14624412574845,R,monocular,1,0,0,0,False,False,False,none,,,,,False,False,,,7.1870034600662605,1.0043500947665203,"/Volumes/Data-1/Nimrod/experiments/PV_143/2025_08_25/block_003/oe_files/PV143_ET_d1t3_2025-08-11_14-20-35/Record Node 102/analysis/recNames=Block003,Animal=PV_143/lizMov.mat"
PV_143_003_1109554_R,PV_143,003,PV_143_block_003,1109553.55,1109653.45,18.119261105790233,150.4838122396379,R,monocular,1,0,0,0,False,False,False,none,,,,,False,False,,,18.86428181396961,1.0411176098092263,"/Volumes/Data-1/Nimrod/experiments/PV_143/2025_08_25/block_003/oe_files/PV143_ET_d1t3_2025-08-11_14-20-35/Record Node 102/analysis/recNames=Block003,Animal=PV_143/lizMov.mat"
PV_143_003_1373206_R,PV_143,003,PV_143_block_003,1373206.3,1373256.25,7.061410452068743,130.03458483270654,R,monocular,1,0,0,0,False,False,False,none,,,,,False,True,1373244.0,37.699999999953434,3.7308082258006334,0.528337539805187,"/Volumes/Data-1/Nimrod/experiments/PV_143/2025_08_25/block_003/oe_files/PV143_ET_d1t3_2025-08-11_14-20-35/Record Node 102/analysis/recNames=Block003,Animal=PV_143/lizMov.mat"
PV_143_004_147848_R,PV_143,004,PV_143_block_004,147847.8,147964.35,16.767175100433413,168.33275760613537,R,binocular,2,0,0,0,False,False,False,none,,,,,False,False,,,14.819228919996215,0.8838238302654307,"/Volumes/Data-1/Nimrod/experiments/PV_143/2025_08_25/block_004/oe_files/PV143_ET_d1t4_2025-08-11_14-58-28/Record Node 103/analysis/recNames=Block004,Animal=PV_143/lizMov.mat"
PV_143_004_198181_L,PV_143,004,PV_143_block_004,198180.75,198247.35,6.132723091486157,21.710933632477566,L,binocular,2,1,1,0,True,False,False,same,L,83.25,1.398048088091242,28.1072760607301,True,True,198232.0,51.25,7.864279530584053,1.2823470770271292,"/Volumes/Data-1/Nimrod/experiments/PV_143/2025_08_25/block_004/oe_files/PV143_ET_d1t4_2025-08-11_14-58-28/Record Node 103/analysis/recNames=Block004,Animal=PV_143/lizMov.mat"
PV_143_004_248314_L,PV_143,004,PV_143_block_004,248313.9,248380.5,5.530434136610292,255.61091886352654,L,binocular,2,0,0,0,False,False,False,none,,,,,False,False,,,5.475073738108811,0.98998986388157,"/Volumes/Data-1/Nimrod/experiments/PV_143/2025_08_25/block_004/oe_files/PV143_ET_d1t4_2025-08-11_14-58-28/Record Node 103/analysis/recNames=Block004,Animal=PV_143/lizMov.mat"
PV_143_004_260135_R,PV_143,004,PV_143_block_004,260135.4,260185.35,6.333572844108112,150.6628675831472,R,binocular,2,0,0,0,False,False,False,none,,,,,False,False,,,5.102806389338632,0.8056758033635918,"/Volumes/Data-1/Nimrod/experiments/PV_143/2025_08_25/block_004/oe_files/PV143_ET_d1t4_2025-08-11_14-58-28/Record Node 103/analysis/recNames=Block004,Animal=PV_143/lizMov.mat"
PV_143_004_456289_R,PV_143,004,PV_143_block_004,456289.05,456355.65,10.474277028814024,135.70515421726867,R,binocular,2,2,0,2,True,True,False,reverse,R,149.85000000003492,0.6865633389635059,175.26948699718605,True,True,456384.0,94.95000000001164,5.508171285887231,0.5258760361917703,"/Volumes/Data-1/Nimrod/experiments/PV_143/2025_08_25/block_004/oe_files/PV143_ET_d1t4_2025-08-11_14-58-28/Record Node 103/analysis/recNames=Block004,Animal=PV_143/lizMov.mat"
PV_143_004_525104_L,PV_143,004,PV_143_block_004,525103.5,525170.1,10.076572628958392,19.10284762981471,L,binocular,2,0,0,0,False,False,False,none,,,,,False,False,,,13.483749105592754,1.3381285087791364,"/Volumes/Data-1/Nimrod/experiments/PV_143/2025_08_25/block_004/oe_files/PV143_ET_d1t4_2025-08-11_14-58-28/Record Node 103/analysis/recNames=Block004,Animal=PV_143/lizMov.mat"
PV_143_004_540088_L,PV_143,004,PV_143_block_004,540088.5,540138.45,10.536058887839646,25.215881839626437,L,binocular,2,1,0,1,True,False,False,reverse,L,66.59999999997672,0.5283264044896742,178.1061177702461,True,False,,,8.15485490954581,0.773994811186739,"/Volumes/Data-1/Nimrod/experiments/PV_143/2025_08_25/block_004/oe_files/PV143_ET_d1t4_2025-08-11_14-58-28/Record Node 103/analysis/recNames=Block004,Animal=PV_143/lizMov.mat"
PV_143_004_637491_R,PV_143,004,PV_143_block_004,637491.0,637607.55,14.079585358395299,345.0959946770766,R,binocular,2,1,1,0,True,False,False,same,L,83.25,1.2728904263095788,35.58304469752005,True,False,,,12.37499970797449,0.8789321129116627,"/Volumes/Data-1/Nimrod/experiments/PV_143/2025_08_25/block_004/oe_files/PV143_ET_d1t4_2025-08-11_14-58-28/Record Node 103/analysis/recNames=Block004,Animal=PV_143/lizMov.mat"
PV_143_004_647498_L,PV_143,004,PV_143_block_004,647497.65,647564.25,9.71602566380183,198.9756723682987,L,binocular,2,0,0,0,False,False,False,none,,,,,False,False,,,8.346383372298352,0.8590326601743923,"/Volumes/Data-1/Nimrod/experiments/PV_143/2025_08_25/block_004/oe_files/PV143_ET_d1t4_2025-08-11_14-58-28/Record Node 103/analysis/recNames=Block004,Animal=PV_143/lizMov.mat"
PV_143_004_698147_R,PV_143,004,PV_143_block_004,698146.95,698230.2,6.339006650501903,245.57335293943152,R,binocular,2,0,0,0,False,False,False,none,,,,,False,True,698172.0,25.050000000046566,7.797678981020879,1.230110553741647,"/Volumes/Data-1/Nimrod/experiments/PV_143/2025_08_25/block_004/oe_files/PV143_ET_d1t4_2025-08-11_14-58-28/Record Node 103/analysis/recNames=Block004,Animal=PV_143/lizMov.mat"
PV_143_004_294468_L,PV_143,004,PV_143_block_004,294467.7,294567.6,7.249617042881319,317.6733527826696,L,monocular,1,0,0,0,False,False,False,none,,,,,False,False,,,7.217069884047488,0.995510499569658,"/Volumes/Data-1/Nimrod/experiments/PV_143/2025_08_25/block_004/oe_files/PV143_ET_d1t4_2025-08-11_14-58-28/Record Node 103/analysis/recNames=Block004,Animal=PV_143/lizMov.mat"
PV_143_004_339339_L,PV_143,004,PV_143_block_004,339339.45,339422.7,7.730797882085703,70.71343985962025,L,monocular,1,0,0,0,False,False,False,none,,,,,False,False,,,6.888175045915842,0.8910044151946541,"/Volumes/Data-1/Nimrod/experiments/PV_143/2025_08_25/block_004/oe_files/PV143_ET_d1t4_2025-08-11_14-58-28/Record Node 103/analysis/recNames=Block004,Animal=PV_143/lizMov.mat"
PV_143_004_367361_L,PV_143,004,PV_143_block_004,367361.4,367477.95,13.590265515652982,164.95273159104903,L,monocular,1,0,0,0,False,False,False,none,,,,,False,False,,,13.381294271910322,0.9846234612927929,"/Volumes/Data-1/Nimrod/experiments/PV_143/2025_08_25/block_004/oe_files/PV143_ET_d1t4_2025-08-11_14-58-28/Record Node 103/analysis/recNames=Block004,Animal=PV_143/lizMov.mat"
PV_143_004_414997_L,PV_143,004,PV_143_block_004,414997.05,415080.3,14.913713870083363,30.80873283266207,L,monocular,1,0,0,0,False,False,False,none,,,,,False,False,,,14.774054621722328,0.9906355150985438,"/Volumes/Data-1/Nimrod/experiments/PV_143/2025_08_25/block_004/oe_files/PV143_ET_d1t4_2025-08-11_14-58-28/Record Node 103/analysis/recNames=Block004,Animal=PV_143/lizMov.mat"
PV_143_004_433928_L,PV_143,004,PV_143_block_004,433928.1,434011.35,6.246272176803106,269.1889617430733,L,monocular,1,0,0,0,False,False,False,none,,,,,False,False,,,6.566352466492363,1.051243410570219,"/Volumes/Data-1/Nimrod/experiments/PV_143/2025_08_25/block_004/oe_files/PV143_ET_d1t4_2025-08-11_14-58-28/Record Node 103/analysis/recNames=Block004,Animal=PV_143/lizMov.mat"
PV_143_004_934993_L,PV_143,004,PV_143_block_004,934993.2,935043.15,5.508749751458984,19.203869154998742,L,monocular,1,0,0,0,False,False,False,none,,,,,False,False,,,6.184188972131645,1.1226120719122832,"/Volumes/Data-1/Nimrod/experiments/PV_143/2025_08_25/block_004/oe_files/PV143_ET_d1t4_2025-08-11_14-58-28/Record Node 103/analysis/recNames=Block004,Animal=PV_143/lizMov.mat"
PV_143_004_949862_L,PV_143,004,PV_143_block_004,949861.65,949961.55,13.701798424726352,25.848432124432584,L,monocular,1,0,0,0,False,False,False,none,,,,,False,True,949868.0,6.349999999976717,13.72369026258468,1.0015977346315956,"/Volumes/Data-1/Nimrod/experiments/PV_143/2025_08_25/block_004/oe_files/PV143_ET_d1t4_2025-08-11_14-58-28/Record Node 103/analysis/recNames=Block004,Animal=PV_143/lizMov.mat"
PV_143_004_971806_L,PV_143,004,PV_143_block_004,971806.35,971872.95,8.280641566935117,68.37159315115096,L,monocular,1,0,0,0,False,False,False,none,,,,,False,True,971964.0,157.65000000002328,7.588621047871679,0.9164291180255043,"/Volumes/Data-1/Nimrod/experiments/PV_143/2025_08_25/block_004/oe_files/PV143_ET_d1t4_2025-08-11_14-58-28/Record Node 103/analysis/recNames=Block004,Animal=PV_143/lizMov.mat"
PV_143_004_1070191_L,PV_143,004,PV_143_block_004,1070191.2,1070324.4,25.801889097164324,93.58108936812366,L,monocular,1,0,0,0,False,False,False,none,,,,,False,True,1070272.0,80.80000000004657,26.093265178054732,1.0112928196766193,"/Volumes/Data-1/Nimrod/experiments/PV_143/2025_08_25/block_004/oe_files/PV143_ET_d1t4_2025-08-11_14-58-28/Record Node 103/analysis/recNames=Block004,Animal=PV_143/lizMov.mat"
PV_143_004_1170424_L,PV_143,004,PV_143_block_004,1170424.2,1170474.15,5.987840618002627,70.07661077151809,L,monocular,1,0,0,0,False,False,False,none,,,,,False,True,1170456.0,31.800000000046566,5.3330375981703515,0.8906445475746982,"/Volumes/Data-1/Nimrod/experiments/PV_143/2025_08_25/block_004/oe_files/PV143_ET_d1t4_2025-08-11_14-58-28/Record Node 103/analysis/recNames=Block004,Animal=PV_143/lizMov.mat"
PV_143_004_1177367_L,PV_143,004,PV_143_block_004,1177367.25,1177433.85,7.78166886460473,260.482435954375,L,monocular,1,0,0,0,False,False,False,none,,,,,False,False,,,7.583227190280993,0.9744988282364008,"/Volumes/Data-1/Nimrod/experiments/PV_143/2025_08_25/block_004/oe_files/PV143_ET_d1t4_2025-08-11_14-58-28/Record Node 103/analysis/recNames=Block004,Animal=PV_143/lizMov.mat"
PV_143_004_149829_R,PV_143,004,PV_143_block_004,149829.15,149895.75,15.548478512555713,43.873445656251306,R,monocular,1,0,0,0,False,False,False,none,,,,,False,True,149872.0,42.85000000000582,14.698039708743167,0.9453040499669598,"/Volumes/Data-1/Nimrod/experiments/PV_143/2025_08_25/block_004/oe_files/PV143_ET_d1t4_2025-08-11_14-58-28/Record Node 103/analysis/recNames=Block004,Animal=PV_143/lizMov.mat"
PV_62_024_332330_L,PV_62,024,PV_62_block_024,332330.35,332364.3,6.192444100510417,20.016170072607743,L,binocular,2,0,0,0,False,False,False,none,,,,,False,True,332528.0,197.65000000002328,4.924913634727837,0.7953101481080623,"/Volumes/Data-1/Nimrod/experiments/PV_62/2023_04_27/block_024/oe_files/2023-04-27_11-22-56/Record Node 108/analysis/recNames=Block0024,Animal=PV_62/lizMov.mat"
PV_62_024_438916_R,PV_62,024,PV_62_block_024,438916.3,438967.25,8.158005889270914,151.16148452253054,R,binocular,2,2,0,2,True,True,False,reverse,L,101.90000000002328,1.4259576612116143,166.7649039010903,True,True,438944.0,27.70000000001164,4.133747843210639,0.5067105735541549,"/Volumes/Data-1/Nimrod/experiments/PV_62/2023_04_27/block_024/oe_files/2023-04-27_11-22-56/Record Node 108/analysis/recNames=Block0024,Animal=PV_62/lizMov.mat"
PV_62_024_566481_R,PV_62,024,PV_62_block_024,566480.55,566548.5,6.077795642220479,359.57693207856494,R,binocular,2,0,0,0,False,False,False,none,,,,,False,True,566668.0,187.44999999995343,6.168190491635002,1.0148729662423297,"/Volumes/Data-1/Nimrod/experiments/PV_62/2023_04_27/block_024/oe_files/2023-04-27_11-22-56/Record Node 108/analysis/recNames=Block0024,Animal=PV_62/lizMov.mat"
PV_62_024_640470_L,PV_62,024,PV_62_block_024,640469.5,640537.45,12.060773522981648,26.920527718699788,L,binocular,2,2,1,1,True,True,True,same,L,118.90000000002328,1.5358432546110188,11.736512657677906,True,True,640564.0,94.5,15.1642973321941,1.2573237780560862,"/Volumes/Data-1/Nimrod/experiments/PV_62/2023_04_27/block_024/oe_files/2023-04-27_11-22-56/Record Node 108/analysis/recNames=Block0024,Animal=PV_62/lizMov.mat"
PV_62_024_725019_L,PV_62,024,PV_62_block_024,725018.85,725103.8,9.187385646974029,42.17324514872155,L,binocular,2,0,0,0,False,False,False,none,,,,,False,False,,,9.964553100573164,1.0845907076791867,"/Volumes/Data-1/Nimrod/experiments/PV_62/2023_04_27/block_024/oe_files/2023-04-27_11-22-56/Record Node 108/analysis/recNames=Block0024,Animal=PV_62/lizMov.mat"
PV_62_024_1214058_R,PV_62,024,PV_62_block_024,1214058.3,1214126.2,5.705439925985741,147.00228223733603,R,binocular,2,0,0,0,False,False,False,none,,,,,False,False,,,6.409679186968923,1.1234329464719601,"/Volumes/Data-1/Nimrod/experiments/PV_62/2023_04_27/block_024/oe_files/2023-04-27_11-22-56/Record Node 108/analysis/recNames=Block0024,Animal=PV_62/lizMov.mat"
PV_62_024_944152_L,PV_62,024,PV_62_block_024,944152.15,944254.1,9.494697763579332,165.99276968197535,L,monocular,1,0,0,0,False,False,False,none,,,,,False,False,,,10.230525784758694,1.0774988356134854,"/Volumes/Data-1/Nimrod/experiments/PV_62/2023_04_27/block_024/oe_files/2023-04-27_11-22-56/Record Node 108/analysis/recNames=Block0024,Animal=PV_62/lizMov.mat"
PV_62_024_957147_L,PV_62,024,PV_62_block_024,957147.25,957232.2,12.11332606988668,5.579658377892685,L,monocular,1,0,0,0,False,False,False,none,,,,,False,False,,,11.701750699376708,0.9660229264749065,"/Volumes/Data-1/Nimrod/experiments/PV_62/2023_04_27/block_024/oe_files/2023-04-27_11-22-56/Record Node 108/analysis/recNames=Block0024,Animal=PV_62/lizMov.mat"
PV_62_024_1100234_L,PV_62,024,PV_62_block_024,1100233.6,1100318.55,16.54710094762354,116.77032130877961,L,monocular,1,0,0,0,False,False,False,none,,,,,False,False,,,15.588723397419159,0.9420818454400001,"/Volumes/Data-1/Nimrod/experiments/PV_62/2023_04_27/block_024/oe_files/2023-04-27_11-22-56/Record Node 108/analysis/recNames=Block0024,Animal=PV_62/lizMov.mat"
PV_62_024_1101847_L,PV_62,024,PV_62_block_024,1101846.85,1101931.8,7.365756671455434,293.3664124686689,L,monocular,1,0,0,0,False,False,False,none,,,,,False,False,,,8.057192226837307,1.0938716259880534,"/Volumes/Data-1/Nimrod/experiments/PV_62/2023_04_27/block_024/oe_files/2023-04-27_11-22-56/Record Node 108/analysis/recNames=Block0024,Animal=PV_62/lizMov.mat"
PV_62_024_1374036_L,PV_62,024,PV_62_block_024,1374036.35,1374172.25,12.04293192784508,32.1540963669751,L,monocular,1,0,0,0,False,False,False,none,,,,,False,False,,,12.800823637599693,1.0629324913812934,"/Volumes/Data-1/Nimrod/experiments/PV_62/2023_04_27/block_024/oe_files/2023-04-27_11-22-56/Record Node 108/analysis/recNames=Block0024,Animal=PV_62/lizMov.mat"
PV_62_024_897507_R,PV_62,024,PV_62_block_024,897507.3,897558.3,8.25367072392899,359.9173016458445,R,monocular,1,0,0,0,False,False,False,none,,,,,False,True,897516.0,8.699999999953434,6.364880289085852,0.7711575251763838,"/Volumes/Data-1/Nimrod/experiments/PV_62/2023_04_27/block_024/oe_files/2023-04-27_11-22-56/Record Node 108/analysis/recNames=Block0024,Animal=PV_62/lizMov.mat"
PV_62_024_1000070_R,PV_62,024,PV_62_block_024,1000069.75,1000154.7,15.584146318627981,81.55334812697642,R,monocular,1,1,0,1,True,False,False,reverse,L,50.949999999953434,1.249214243742858,108.6221345328089,True,False,,,14.188546960202869,0.9104474938895478,"/Volumes/Data-1/Nimrod/experiments/PV_62/2023_04_27/block_024/oe_files/2023-04-27_11-22-56/Record Node 108/analysis/recNames=Block0024,Animal=PV_62/lizMov.mat"
PV_62_024_1100132_R,PV_62,024,PV_62_block_024,1100131.7,1100284.6,19.606732512480967,119.40314399256573,R,monocular,1,2,1,1,True,True,True,reverse,L,34.0,3.649711277883051,91.83361691010356,True,False,,,19.372639360292347,0.9880605729669845,"/Volumes/Data-1/Nimrod/experiments/PV_62/2023_04_27/block_024/oe_files/2023-04-27_11-22-56/Record Node 108/analysis/recNames=Block0024,Animal=PV_62/lizMov.mat"
PV_62_024_1435344_R,PV_62,024,PV_62_block_024,1435343.7,1435428.65,7.352660267815782,122.87233614379447,R,monocular,1,0,0,0,False,False,False,none,,,,,False,False,,,6.051687622512599,0.823060960534539,"/Volumes/Data-1/Nimrod/experiments/PV_62/2023_04_27/block_024/oe_files/2023-04-27_11-22-56/Record Node 108/analysis/recNames=Block0024,Animal=PV_62/lizMov.mat"
PV_62_024_1453365_R,PV_62,024,PV_62_block_024,1453365.45,1453433.4,6.395116379946931,112.75186197794682,R,monocular,1,1,0,1,True,False,False,reverse,L,67.94999999995343,1.527334407140576,93.59476518487747,True,False,,,4.727083255918164,0.739170794567681,"/Volumes/Data-1/Nimrod/experiments/PV_62/2023_04_27/block_024/oe_files/2023-04-27_11-22-56/Record Node 108/analysis/recNames=Block0024,Animal=PV_62/lizMov.mat"
PV_62_024_1542472_R,PV_62,024,PV_62_block_024,1542471.85,1542573.8,14.648292963188261,39.15184598847646,R,monocular,1,1,1,0,True,False,False,same,L,34.0,3.568812255887333,1.65399188647757,True,False,,,14.300804410292645,0.9762778807217423,"/Volumes/Data-1/Nimrod/experiments/PV_62/2023_04_27/block_024/oe_files/2023-04-27_11-22-56/Record Node 108/analysis/recNames=Block0024,Animal=PV_62/lizMov.mat"
PV_62_026_227295_R,PV_62,026,PV_62_block_026,227295.0,227362.95,5.502807390573511,340.1075899255885,R,binocular,2,1,0,0,True,False,False,unknown,R,101.89999999999418,,,False,False,,,2.8391676660718037,0.5159489447032783,"/Volumes/Data-1/Nimrod/experiments/PV_62/2023_04_27/block_026/oe_files/2023-04-27_12-21-41/Record Node 108/analysis/recNames=Block0026,Animal=PV_62/lizMov.mat"
PV_62_026_228348_L,PV_62,026,PV_62_block_026,228348.05,228432.95,6.119562973683979,260.24899909763366,L,binocular,2,0,0,0,False,False,False,none,,,,,False,False,,,6.658023860054473,1.0879900882932398,"/Volumes/Data-1/Nimrod/experiments/PV_62/2023_04_27/block_026/oe_files/2023-04-27_12-21-41/Record Node 108/analysis/recNames=Block0026,Animal=PV_62/lizMov.mat"
PV_62_026_371560_L,PV_62,026,PV_62_block_026,371560.15,371628.1,7.935547769435212,23.722395264736413,L,binocular,2,0,0,0,False,False,False,none,,,,,False,True,371612.0,51.84999999997672,6.568070489444694,0.8276770149053184,"/Volumes/Data-1/Nimrod/experiments/PV_62/2023_04_27/block_026/oe_files/2023-04-27_12-21-41/Record Node 108/analysis/recNames=Block0026,Animal=PV_62/lizMov.mat"
PV_62_026_489033_R,PV_62,026,PV_62_block_026,489032.9,489168.75,12.145796960687573,247.27934973503812,R,binocular,2,0,0,0,False,False,False,none,,,,,False,False,,,12.97074623135852,1.0679205550151274,"/Volumes/Data-1/Nimrod/experiments/PV_62/2023_04_27/block_026/oe_files/2023-04-27_12-21-41/Record Node 108/analysis/recNames=Block0026,Animal=PV_62/lizMov.mat"
PV_62_026_503652_L,PV_62,026,PV_62_block_026,503651.9,503736.75,5.808963829012745,215.1737586258619,L,binocular,2,0,0,0,False,False,False,none,,,,,False,False,,,6.28627590954409,1.0821681963567098,"/Volumes/Data-1/Nimrod/experiments/PV_62/2023_04_27/block_026/oe_files/2023-04-27_12-21-41/Record Node 108/analysis/recNames=Block0026,Animal=PV_62/lizMov.mat"
PV_62_026_663266_L,PV_62,026,PV_62_block_026,663265.75,663350.65,7.512907204658328,27.279748126736422,L,binocular,2,1,1,0,True,False,False,same,L,186.80000000004657,1.2322100258440714,6.328417228426304,True,False,,,14.41861548222107,1.919179232412308,"/Volumes/Data-1/Nimrod/experiments/PV_62/2023_04_27/block_026/oe_files/2023-04-27_12-21-41/Record Node 108/analysis/recNames=Block0026,Animal=PV_62/lizMov.mat"
PV_62_026_697840_L,PV_62,026,PV_62_block_026,697840.3,697891.25,6.2905689520987,215.6020923019609,L,binocular,2,0,0,0,False,False,False,none,,,,,False,True,697968.0,127.69999999995343,5.801602007855449,0.9222698379166293,"/Volumes/Data-1/Nimrod/experiments/PV_62/2023_04_27/block_026/oe_files/2023-04-27_12-21-41/Record Node 108/analysis/recNames=Block0026,Animal=PV_62/lizMov.mat"
PV_62_026_833702_L,PV_62,026,PV_62_block_026,833702.4,833787.3,7.547060797669445,15.039465719313919,L,binocular,2,0,0,0,False,False,False,none,,,,,False,True,833812.0,109.59999999997672,7.388547160253456,0.9789966396633589,"/Volumes/Data-1/Nimrod/experiments/PV_62/2023_04_27/block_026/oe_files/2023-04-27_12-21-41/Record Node 108/analysis/recNames=Block0026,Animal=PV_62/lizMov.mat"
PV_62_026_848022_L,PV_62,026,PV_62_block_026,848022.25,848124.15,11.390936962031754,60.56893354644974,L,binocular,2,1,1,0,True,False,False,same,R,67.90000000002328,2.8427669504490614,1.9183836075388285,True,True,848024.0,1.75,8.94373329272042,0.7851622147090843,"/Volumes/Data-1/Nimrod/experiments/PV_62/2023_04_27/block_026/oe_files/2023-04-27_12-21-41/Record Node 108/analysis/recNames=Block0026,Animal=PV_62/lizMov.mat"
PV_62_026_896308_L,PV_62,026,PV_62_block_026,896307.6,896460.45,9.046901696836795,196.39008167886328,L,binocular,2,0,0,0,False,False,False,none,,,,,False,False,,,11.69536162735155,1.292747729473039,"/Volumes/Data-1/Nimrod/experiments/PV_62/2023_04_27/block_026/oe_files/2023-04-27_12-21-41/Record Node 108/analysis/recNames=Block0026,Animal=PV_62/lizMov.mat"
PV_62_026_1010160_L,PV_62,026,PV_62_block_026,1010160.25,1010262.15,17.693216492712818,255.32798506151397,L,binocular,2,0,0,0,False,False,False,none,,,,,False,False,,,19.043788085189878,1.076332734244975,"/Volumes/Data-1/Nimrod/experiments/PV_62/2023_04_27/block_026/oe_files/2023-04-27_12-21-41/Record Node 108/analysis/recNames=Block0026,Animal=PV_62/lizMov.mat"
PV_62_026_1182901_R,PV_62,026,PV_62_block_026,1182900.65,1182985.6,19.404935341968425,109.8161086205795,R,binocular,2,0,0,0,False,False,False,none,,,,,False,True,1183060.0,159.35000000009313,17.976171497782964,0.9263711102868056,"/Volumes/Data-1/Nimrod/experiments/PV_62/2023_04_27/block_026/oe_files/2023-04-27_12-21-41/Record Node 108/analysis/recNames=Block0026,Animal=PV_62/lizMov.mat"
PV_62_026_1224733_L,PV_62,026,PV_62_block_026,1224732.75,1224868.65,15.993695495369103,12.148217711340852,L,binocular,2,1,1,0,True,False,False,same,R,186.80000000004657,1.2216860694695346,11.777944469791976,True,True,1224756.0,23.25,23.12733992072096,1.4460285258911783,"/Volumes/Data-1/Nimrod/experiments/PV_62/2023_04_27/block_026/oe_files/2023-04-27_12-21-41/Record Node 108/analysis/recNames=Block0026,Animal=PV_62/lizMov.mat"
PV_62_026_1228588_L,PV_62,026,PV_62_block_026,1228587.95,1228689.85,8.637195949295705,218.9555802336143,L,binocular,2,0,0,0,False,False,False,none,,,,,False,False,,,9.577967255342354,1.1089209173404664,"/Volumes/Data-1/Nimrod/experiments/PV_62/2023_04_27/block_026/oe_files/2023-04-27_12-21-41/Record Node 108/analysis/recNames=Block0026,Animal=PV_62/lizMov.mat"
PV_62_026_1388252_L,PV_62,026,PV_62_block_026,1388252.0,1388370.9,8.000576469927461,283.51350487305496,L,binocular,2,2,1,1,True,True,True,same,R,101.89999999990687,2.608830053668752,50.12071109503563,True,True,1388272.0,20.0,7.065965399107513,0.8831820339030617,"/Volumes/Data-1/Nimrod/experiments/PV_62/2023_04_27/block_026/oe_files/2023-04-27_12-21-41/Record Node 108/analysis/recNames=Block0026,Animal=PV_62/lizMov.mat"
PV_62_026_1397442_R,PV_62,026,PV_62_block_026,1397441.5,1397509.45,5.922065212755276,21.531138007268893,R,binocular,2,0,0,0,False,False,False,none,,,,,False,True,1397460.0,18.5,3.423624870556363,0.5781133350545292,"/Volumes/Data-1/Nimrod/experiments/PV_62/2023_04_27/block_026/oe_files/2023-04-27_12-21-41/Record Node 108/analysis/recNames=Block0026,Animal=PV_62/lizMov.mat"
PV_62_026_1585095_L,PV_62,026,PV_62_block_026,1585094.6,1585145.6,6.01633947226916,187.8562974536261,L,binocular,2,0,0,0,False,False,False,none,,,,,False,True,1585248.0,153.39999999990687,5.069101076925941,0.8425556935892196,"/Volumes/Data-1/Nimrod/experiments/PV_62/2023_04_27/block_026/oe_files/2023-04-27_12-21-41/Record Node 108/analysis/recNames=Block0026,Animal=PV_62/lizMov.mat"
PV_62_026_1604032_R,PV_62,026,PV_62_block_026,1604031.75,1604150.65,18.336569241102573,61.23052430370896,R,binocular,2,0,0,0,False,False,False,none,,,,,False,False,,,18.858415797167527,1.0284593344154698,"/Volumes/Data-1/Nimrod/experiments/PV_62/2023_04_27/block_026/oe_files/2023-04-27_12-21-41/Record Node 108/analysis/recNames=Block0026,Animal=PV_62/lizMov.mat"
PV_62_026_62596_L,PV_62,026,PV_62_block_026,62596.0,62646.95,5.601144708233714,284.6875926591051,L,monocular,1,0,0,0,False,False,False,none,,,,,False,True,62800.0,204.0,4.9463440950328605,0.8830952158335968,"/Volumes/Data-1/Nimrod/experiments/PV_62/2023_04_27/block_026/oe_files/2023-04-27_12-21-41/Record Node 108/analysis/recNames=Block0026,Animal=PV_62/lizMov.mat"
PV_62_026_165442_L,PV_62,026,PV_62_block_026,165442.15,165493.1,6.725564701689068,7.725775329692404,L,monocular,1,0,0,0,False,False,False,none,,,,,False,False,,,6.049499119483317,0.899478242765851,"/Volumes/Data-1/Nimrod/experiments/PV_62/2023_04_27/block_026/oe_files/2023-04-27_12-21-41/Record Node 108/analysis/recNames=Block0026,Animal=PV_62/lizMov.mat"
PV_62_026_782205_L,PV_62,026,PV_62_block_026,782205.25,782341.1,9.19386874939894,336.2428045273128,L,monocular,1,0,0,0,False,False,False,none,,,,,False,True,782232.0,26.75,8.847271896940187,0.9623013051517174,"/Volumes/Data-1/Nimrod/experiments/PV_62/2023_04_27/block_026/oe_files/2023-04-27_12-21-41/Record Node 108/analysis/recNames=Block0026,Animal=PV_62/lizMov.mat"
PV_62_026_912252_L,PV_62,026,PV_62_block_026,912251.85,912302.75,5.560103078572054,68.14898575717258,L,monocular,1,0,0,0,False,False,False,none,,,,,False,False,,,5.858635895756918,1.0536919573191676,"/Volumes/Data-1/Nimrod/experiments/PV_62/2023_04_27/block_026/oe_files/2023-04-27_12-21-41/Record Node 108/analysis/recNames=Block0026,Animal=PV_62/lizMov.mat"
PV_62_026_187266_R,PV_62,026,PV_62_block_026,187266.3,187351.25,11.770542554401931,61.108383658267684,R,monocular,1,0,0,0,False,False,False,none,,,,,False,False,,,10.671970127122368,0.906667647459571,"/Volumes/Data-1/Nimrod/experiments/PV_62/2023_04_27/block_026/oe_files/2023-04-27_12-21-41/Record Node 108/analysis/recNames=Block0026,Animal=PV_62/lizMov.mat"
PV_62_026_398511_R,PV_62,026,PV_62_block_026,398511.1,398596.0,10.964169143788117,158.54649388263306,R,monocular,1,2,1,1,True,True,True,reverse,L,50.95000000001164,0.5499190057624632,104.43272319075538,True,True,398544.0,32.90000000002328,8.941508224413983,0.8155208212452562,"/Volumes/Data-1/Nimrod/experiments/PV_62/2023_04_27/block_026/oe_files/2023-04-27_12-21-41/Record Node 108/analysis/recNames=Block0026,Animal=PV_62/lizMov.mat"
PV_62_026_535035_R,PV_62,026,PV_62_block_026,535035.4,535154.25,6.432237864094416,337.3509258963798,R,monocular,1,0,0,0,False,False,False,none,,,,,False,True,535040.0,4.599999999976717,7.415417174083739,1.1528518271187633,"/Volumes/Data-1/Nimrod/experiments/PV_62/2023_04_27/block_026/oe_files/2023-04-27_12-21-41/Record Node 108/analysis/recNames=Block0026,Animal=PV_62/lizMov.mat"
PV_62_026_880056_R,PV_62,026,PV_62_block_026,880056.5,880175.35,21.279011085690712,73.22001744047031,R,monocular,1,0,0,0,False,False,False,none,,,,,False,True,880084.0,27.5,20.652895551148738,0.9705759101294416,"/Volumes/Data-1/Nimrod/experiments/PV_62/2023_04_27/block_026/oe_files/2023-04-27_12-21-41/Record Node 108/analysis/recNames=Block0026,Animal=PV_62/lizMov.mat"
PV_62_026_957416_R,PV_62,026,PV_62_block_026,957415.5,957483.4,6.493422768351821,78.39948678153176,R,monocular,1,0,0,0,False,False,False,none,,,,,False,False,,,5.369483328920579,0.8269110945757003,"/Volumes/Data-1/Nimrod/experiments/PV_62/2023_04_27/block_026/oe_files/2023-04-27_12-21-41/Record Node 108/analysis/recNames=Block0026,Animal=PV_62/lizMov.mat"
PV_62_026_1239848_R,PV_62,026,PV_62_block_026,1239847.9,1239983.75,23.939517250386793,114.93886713493093,R,monocular,1,3,1,2,True,True,True,same,L,118.9000000001397,0.9802274176299048,65.35275258161289,True,True,1239852.0,4.100000000093132,21.35535581565609,0.8920545720407561,"/Volumes/Data-1/Nimrod/experiments/PV_62/2023_04_27/block_026/oe_files/2023-04-27_12-21-41/Record Node 108/analysis/recNames=Block0026,Animal=PV_62/lizMov.mat"
PV_62_026_1275604_R,PV_62,026,PV_62_block_026,1275603.75,1275688.7,7.129694990081473,42.05582149024706,R,monocular,1,0,0,0,False,False,False,none,,,,,False,False,,,7.478532773757232,1.0489274483916982,"/Volumes/Data-1/Nimrod/experiments/PV_62/2023_04_27/block_026/oe_files/2023-04-27_12-21-41/Record Node 108/analysis/recNames=Block0026,Animal=PV_62/lizMov.mat"
PV_62_026_1285371_R,PV_62,026,PV_62_block_026,1285370.95,1285455.9,11.220113478519291,57.33532164803055,R,monocular,1,0,0,0,False,False,False,none,,,,,False,False,,,10.184060205001286,0.9076610699614125,"/Volumes/Data-1/Nimrod/experiments/PV_62/2023_04_27/block_026/oe_files/2023-04-27_12-21-41/Record Node 108/analysis/recNames=Block0026,Animal=PV_62/lizMov.mat"
PV_62_038_315090_R,PV_62,038,PV_62_block_038,315089.5,315310.35,11.867758429048225,5.519722207312036,R,binocular,2,2,1,1,True,True,True,same,L,68.0,1.803450962551765,76.7857603844684,True,False,,,11.481839361615283,0.9674817220336788,"/Volumes/Data-1/Nimrod/experiments/PV_62/2023_05_01/block_038/oe_files/2023-05-01_13-57-45/Record Node 108/analysis/recNames=Block0038,Animal=PV_62/lizMov.mat"
PV_62_038_317077_L,PV_62,038,PV_62_block_038,317077.0,317178.9,9.593330455567468,5.45154600947128,L,binocular,2,1,0,1,True,False,False,reverse,R,152.84999999997672,1.3768738635725775,100.45829576463666,True,False,,,5.766018181589582,0.6010444660793777,"/Volumes/Data-1/Nimrod/experiments/PV_62/2023_05_01/block_038/oe_files/2023-05-01_13-57-45/Record Node 108/analysis/recNames=Block0038,Animal=PV_62/lizMov.mat"
PV_62_038_339943_R,PV_62,038,PV_62_block_038,339943.15,339994.1,11.673119396670533,149.3464795119783,R,binocular,2,0,0,0,False,False,False,none,,,,,False,False,,,8.726380859689282,0.7475620323200212,"/Volumes/Data-1/Nimrod/experiments/PV_62/2023_05_01/block_038/oe_files/2023-05-01_13-57-45/Record Node 108/analysis/recNames=Block0038,Animal=PV_62/lizMov.mat"
PV_62_038_352225_R,PV_62,038,PV_62_block_038,352224.6,352343.5,10.94187795776997,254.38897815184822,R,binocular,2,0,0,0,False,False,False,none,,,,,False,False,,,11.39226938519047,1.0411621687939474,"/Volumes/Data-1/Nimrod/experiments/PV_62/2023_05_01/block_038/oe_files/2023-05-01_13-57-45/Record Node 108/analysis/recNames=Block0038,Animal=PV_62/lizMov.mat"
PV_62_038_367817_R,PV_62,038,PV_62_block_038,367817.2,367919.1,8.09056715631914,150.0719494429316,R,binocular,2,1,1,0,True,False,False,same,R,186.84999999997672,2.3030457733370593,34.18290981067969,True,False,,,16.512675045023883,2.0409786762756985,"/Volumes/Data-1/Nimrod/experiments/PV_62/2023_05_01/block_038/oe_files/2023-05-01_13-57-45/Record Node 108/analysis/recNames=Block0038,Animal=PV_62/lizMov.mat"
PV_62_038_377059_R,PV_62,038,PV_62_block_038,377058.95,377245.75,18.68475384332707,202.12361263316282,R,binocular,2,1,0,1,True,False,False,reverse,L,169.84999999997672,1.5545038485792364,159.17848605982323,True,False,,,18.522326019728858,0.9913069326489298,"/Volumes/Data-1/Nimrod/experiments/PV_62/2023_05_01/block_038/oe_files/2023-05-01_13-57-45/Record Node 108/analysis/recNames=Block0038,Animal=PV_62/lizMov.mat"
PV_62_038_439789_R,PV_62,038,PV_62_block_038,439789.2,439840.2,5.946676329865626,321.6172399331514,R,binocular,2,2,0,2,True,True,False,reverse,R,84.95000000001164,2.014082094871586,173.47574436335137,True,False,,,1.3728511926865967,0.23086025143016625,"/Volumes/Data-1/Nimrod/experiments/PV_62/2023_05_01/block_038/oe_files/2023-05-01_13-57-45/Record Node 108/analysis/recNames=Block0038,Animal=PV_62/lizMov.mat"
PV_62_038_448027_L,PV_62,038,PV_62_block_038,448027.0,448111.9,5.838040402123522,19.603049444145785,L,binocular,2,1,0,1,True,False,False,reverse,R,237.79999999998836,0.6246778545387841,134.07621539761203,True,False,,,4.899271755282705,0.8391979873076332,"/Volumes/Data-1/Nimrod/experiments/PV_62/2023_05_01/block_038/oe_files/2023-05-01_13-57-45/Record Node 108/analysis/recNames=Block0038,Animal=PV_62/lizMov.mat"
PV_62_038_461327_R,PV_62,038,PV_62_block_038,461326.55,461411.5,13.506531616336217,126.53074819629971,R,binocular,2,1,0,1,True,False,False,reverse,R,101.90000000002328,5.805504601642912,162.52363011033816,True,True,461540.0,213.45000000001164,5.421112395552305,0.40136968909142023,"/Volumes/Data-1/Nimrod/experiments/PV_62/2023_05_01/block_038/oe_files/2023-05-01_13-57-45/Record Node 108/analysis/recNames=Block0038,Animal=PV_62/lizMov.mat"
PV_62_038_461785_R,PV_62,038,PV_62_block_038,461785.15,461870.1,7.027160948336659,120.01418168502765,R,binocular,2,1,0,1,True,False,False,reverse,R,68.0,0.5611885259665003,159.4700722011379,True,False,,,1.3513221467499457,0.19229987141105767,"/Volumes/Data-1/Nimrod/experiments/PV_62/2023_05_01/block_038/oe_files/2023-05-01_13-57-45/Record Node 108/analysis/recNames=Block0038,Animal=PV_62/lizMov.mat"
PV_62_038_463790_R,PV_62,038,PV_62_block_038,463790.05,463841.05,13.517910010261845,123.33946103783131,R,binocular,2,2,0,2,True,True,False,reverse,R,135.95000000001164,0.6792625810739834,170.00958964814077,True,True,463812.0,21.95000000001164,7.285836208820582,0.5389765284196809,"/Volumes/Data-1/Nimrod/experiments/PV_62/2023_05_01/block_038/oe_files/2023-05-01_13-57-45/Record Node 108/analysis/recNames=Block0038,Animal=PV_62/lizMov.mat"
PV_62_038_472725_R,PV_62,038,PV_62_block_038,472724.65,472792.55,8.73493618009638,129.20129636106833,R,binocular,2,1,0,1,True,False,False,reverse,R,101.84999999997672,2.095784075251141,150.01174774995803,True,True,472860.0,135.34999999997672,4.731624844583157,0.5416896869109065,"/Volumes/Data-1/Nimrod/experiments/PV_62/2023_05_01/block_038/oe_files/2023-05-01_13-57-45/Record Node 108/analysis/recNames=Block0038,Animal=PV_62/lizMov.mat"
PV_62_038_508021_R,PV_62,038,PV_62_block_038,508021.25,508089.2,6.161344022565654,162.14919219443087,R,binocular,2,0,0,0,False,False,False,none,,,,,False,False,,,4.519157619474573,0.7334694512955866,"/Volumes/Data-1/Nimrod/experiments/PV_62/2023_05_01/block_038/oe_files/2023-05-01_13-57-45/Record Node 108/analysis/recNames=Block0038,Animal=PV_62/lizMov.mat"
PV_62_038_541297_R,PV_62,038,PV_62_block_038,541297.15,541433.0,19.262118443075497,324.27011028364257,R,binocular,2,1,0,1,True,False,False,reverse,R,169.84999999997672,1.064592408370381,132.74851674392505,True,False,,,17.39747333939353,0.903196260100234,"/Volumes/Data-1/Nimrod/experiments/PV_62/2023_05_01/block_038/oe_files/2023-05-01_13-57-45/Record Node 108/analysis/recNames=Block0038,Animal=PV_62/lizMov.mat"
PV_62_038_543573_L,PV_62,038,PV_62_block_038,543573.15,543658.1,12.37960206520265,25.276472713107484,L,binocular,2,3,0,3,True,True,False,reverse,L,186.90000000002328,0.6138741056160267,168.40560105045176,True,False,,,6.8518762241190725,0.5534811367950792,"/Volumes/Data-1/Nimrod/experiments/PV_62/2023_05_01/block_038/oe_files/2023-05-01_13-57-45/Record Node 108/analysis/recNames=Block0038,Animal=PV_62/lizMov.mat"
PV_62_038_547718_L,PV_62,038,PV_62_block_038,547718.3,547786.3,8.2412216771338,28.461439108400103,L,binocular,2,3,0,3,True,True,False,reverse,L,118.94999999995343,0.6458451736085778,169.0620561056266,True,False,,,3.024873454345217,0.36704187471841343,"/Volumes/Data-1/Nimrod/experiments/PV_62/2023_05_01/block_038/oe_files/2023-05-01_13-57-45/Record Node 108/analysis/recNames=Block0038,Animal=PV_62/lizMov.mat"
PV_62_038_563586_L,PV_62,038,PV_62_block_038,563585.6,563653.55,7.962311317204974,195.52267163248825,L,binocular,2,0,0,0,False,False,False,none,,,,,False,False,,,9.00017409881424,1.1303469231812941,"/Volumes/Data-1/Nimrod/experiments/PV_62/2023_05_01/block_038/oe_files/2023-05-01_13-57-45/Record Node 108/analysis/recNames=Block0038,Animal=PV_62/lizMov.mat"
PV_62_038_577603_R,PV_62,038,PV_62_block_038,577602.85,577687.8,14.283370675535267,144.98192858945345,R,binocular,2,0,0,0,False,False,False,none,,,,,False,False,,,21.477901570987505,1.503699795999492,"/Volumes/Data-1/Nimrod/experiments/PV_62/2023_05_01/block_038/oe_files/2023-05-01_13-57-45/Record Node 108/analysis/recNames=Block0038,Animal=PV_62/lizMov.mat"
PV_62_038_577858_R,PV_62,038,PV_62_block_038,577857.7,577908.65,6.591282503160046,133.15612495798268,R,binocular,2,3,0,3,True,True,False,reverse,R,84.90000000002328,8.738427588302859,143.44847629236904,False,False,,,-1.787411075235655,-0.2711780407498419,"/Volumes/Data-1/Nimrod/experiments/PV_62/2023_05_01/block_038/oe_files/2023-05-01_13-57-45/Record Node 108/analysis/recNames=Block0038,Animal=PV_62/lizMov.mat"
PV_62_038_577943_R,PV_62,038,PV_62_block_038,577942.6,578061.55,8.738427588302859,349.70764866561365,R,binocular,2,1,1,0,True,False,False,same,L,51.0,0.5734745382363188,12.246767310857933,True,False,,,9.417052701592924,1.0776598657404295,"/Volumes/Data-1/Nimrod/experiments/PV_62/2023_05_01/block_038/oe_files/2023-05-01_13-57-45/Record Node 108/analysis/recNames=Block0038,Animal=PV_62/lizMov.mat"
PV_62_038_579625_R,PV_62,038,PV_62_block_038,579624.55,579709.5,11.74628294043544,139.0785063418707,R,binocular,2,2,0,2,True,True,False,reverse,L,186.89999999990687,1.8603303560546978,136.26895337452316,True,False,,,9.665869710708122,0.8228875261836494,"/Volumes/Data-1/Nimrod/experiments/PV_62/2023_05_01/block_038/oe_files/2023-05-01_13-57-45/Record Node 108/analysis/recNames=Block0038,Animal=PV_62/lizMov.mat"
PV_62_038_579811_R,PV_62,038,PV_62_block_038,579811.45,579947.4,9.43550270846251,346.76755805801383,R,binocular,2,1,1,0,True,False,False,same,L,67.95000000006985,2.6435776560476243,16.934719251752483,True,False,,,11.083409356998084,1.1746495867207585,"/Volumes/Data-1/Nimrod/experiments/PV_62/2023_05_01/block_038/oe_files/2023-05-01_13-57-45/Record Node 108/analysis/recNames=Block0038,Animal=PV_62/lizMov.mat"
PV_62_038_581103_R,PV_62,038,PV_62_block_038,581102.6,581170.55,11.218916068022994,149.27900264591628,R,binocular,2,4,0,4,True,True,False,reverse,R,84.95000000006985,0.6338504580982289,131.27821737699708,True,False,,,4.869143358317819,0.4340119249306287,"/Volumes/Data-1/Nimrod/experiments/PV_62/2023_05_01/block_038/oe_files/2023-05-01_13-57-45/Record Node 108/analysis/recNames=Block0038,Animal=PV_62/lizMov.mat"
PV_62_038_583294_R,PV_62,038,PV_62_block_038,583294.15,583362.1,7.370820267186042,137.07406035241905,R,binocular,2,1,0,1,True,False,False,reverse,R,152.90000000002328,2.428893441594462,136.02745654435356,True,False,,,3.3942731675090347,0.46050141564567904,"/Volumes/Data-1/Nimrod/experiments/PV_62/2023_05_01/block_038/oe_files/2023-05-01_13-57-45/Record Node 108/analysis/recNames=Block0038,Animal=PV_62/lizMov.mat"
PV_62_038_585928_R,PV_62,038,PV_62_block_038,585927.55,585961.55,5.526549257950823,141.9428988175589,R,binocular,2,2,0,2,True,True,False,reverse,L,84.94999999995343,1.9708820349671394,134.93837969478938,True,False,,,-0.47435013382750213,-0.08583116003988815,"/Volumes/Data-1/Nimrod/experiments/PV_62/2023_05_01/block_038/oe_files/2023-05-01_13-57-45/Record Node 108/analysis/recNames=Block0038,Animal=PV_62/lizMov.mat"
PV_62_038_587083_R,PV_62,038,PV_62_block_038,587082.95,587133.9,8.328550006050834,147.11325609821245,R,binocular,2,3,0,3,True,True,False,reverse,R,101.95000000006985,3.809549238216469,172.3456878616272,True,False,,,0.37971619381533644,0.045592113097653986,"/Volumes/Data-1/Nimrod/experiments/PV_62/2023_05_01/block_038/oe_files/2023-05-01_13-57-45/Record Node 108/analysis/recNames=Block0038,Animal=PV_62/lizMov.mat"
PV_62_038_587559_L,PV_62,038,PV_62_block_038,587558.7,587592.65,6.956462076353942,183.1131447117817,L,binocular,2,3,0,3,True,True,False,reverse,L,33.95000000006985,0.549386502949699,93.53029244356296,True,False,,,-1.3472078749305423,-0.1936627929748807,"/Volumes/Data-1/Nimrod/experiments/PV_62/2023_05_01/block_038/oe_files/2023-05-01_13-57-45/Record Node 108/analysis/recNames=Block0038,Animal=PV_62/lizMov.mat"
PV_62_038_595816_R,PV_62,038,PV_62_block_038,595815.6,595951.5,11.738460002715982,97.3512608930735,R,binocular,2,0,0,0,False,False,False,none,,,,,False,False,,,11.564462520113633,0.985177145676512,"/Volumes/Data-1/Nimrod/experiments/PV_62/2023_05_01/block_038/oe_files/2023-05-01_13-57-45/Record Node 108/analysis/recNames=Block0038,Animal=PV_62/lizMov.mat"
PV_62_038_598041_L,PV_62,038,PV_62_block_038,598041.05,598193.95,26.95568184945922,280.05032034159944,L,binocular,2,0,0,0,False,False,False,none,,,,,False,False,,,28.874561420989036,1.071186460140251,"/Volumes/Data-1/Nimrod/experiments/PV_62/2023_05_01/block_038/oe_files/2023-05-01_13-57-45/Record Node 108/analysis/recNames=Block0038,Animal=PV_62/lizMov.mat"
PV_62_038_607980_L,PV_62,038,PV_62_block_038,607979.8,608047.75,9.299832435343129,2.896618470601854,L,binocular,2,2,1,1,True,True,True,same,L,84.94999999995343,1.599893220677692,56.63684781060289,True,True,608052.0,72.19999999995343,10.259513561389886,1.10319337823761,"/Volumes/Data-1/Nimrod/experiments/PV_62/2023_05_01/block_038/oe_files/2023-05-01_13-57-45/Record Node 108/analysis/recNames=Block0038,Animal=PV_62/lizMov.mat"
PV_62_038_652403_R,PV_62,038,PV_62_block_038,652402.85,652487.8,7.980605050821724,315.86870783116683,R,binocular,2,0,0,0,False,False,False,none,,,,,False,False,,,5.494683373657494,0.6885046106988758,"/Volumes/Data-1/Nimrod/experiments/PV_62/2023_05_01/block_038/oe_files/2023-05-01_13-57-45/Record Node 108/analysis/recNames=Block0038,Animal=PV_62/lizMov.mat"
PV_62_038_654662_R,PV_62,038,PV_62_block_038,654661.9,654746.85,17.906069791435577,329.1854676785357,R,binocular,2,3,0,3,True,True,False,reverse,R,118.90000000002328,3.9849705028042144,96.95482469197827,True,False,,,15.495590022105258,0.8653819739671045,"/Volumes/Data-1/Nimrod/experiments/PV_62/2023_05_01/block_038/oe_files/2023-05-01_13-57-45/Record Node 108/analysis/recNames=Block0038,Animal=PV_62/lizMov.mat"
PV_62_038_655426_R,PV_62,038,PV_62_block_038,655426.3,655511.2,14.632078382930258,301.54243830461417,R,binocular,2,2,0,2,True,True,False,reverse,L,101.89999999990687,1.9571044823097414,106.51679182715773,True,True,655500.0,73.69999999995343,11.170776815886917,0.7634442984476296,"/Volumes/Data-1/Nimrod/experiments/PV_62/2023_05_01/block_038/oe_files/2023-05-01_13-57-45/Record Node 108/analysis/recNames=Block0038,Animal=PV_62/lizMov.mat"
PV_62_038_660522_R,PV_62,038,PV_62_block_038,660522.5,660675.4,20.3562197284434,238.9991505448859,R,binocular,2,1,0,1,True,False,False,reverse,L,101.90000000002328,1.5480152990508511,149.15073561684983,True,True,660716.0,193.5,20.626565649283222,1.0132807527353458,"/Volumes/Data-1/Nimrod/experiments/PV_62/2023_05_01/block_038/oe_files/2023-05-01_13-57-45/Record Node 108/analysis/recNames=Block0038,Animal=PV_62/lizMov.mat"
PV_62_038_664871_L,PV_62,038,PV_62_block_038,664870.95,664989.85,10.347695890037016,249.07980570737084,L,binocular,2,0,0,0,False,False,False,none,,,,,False,False,,,11.773123513217351,1.1377531421804508,"/Volumes/Data-1/Nimrod/experiments/PV_62/2023_05_01/block_038/oe_files/2023-05-01_13-57-45/Record Node 108/analysis/recNames=Block0038,Animal=PV_62/lizMov.mat"
PV_62_038_666824_R,PV_62,038,PV_62_block_038,666824.2,666977.05,16.327035928424376,42.41645485406395,R,binocular,2,0,0,0,False,False,False,none,,,,,False,False,,,15.005332229419535,0.9190481539454547,"/Volumes/Data-1/Nimrod/experiments/PV_62/2023_05_01/block_038/oe_files/2023-05-01_13-57-45/Record Node 108/analysis/recNames=Block0038,Animal=PV_62/lizMov.mat"
PV_62_038_667962_R,PV_62,038,PV_62_block_038,667962.25,668030.2,8.942202531196074,147.49246799637328,R,binocular,2,2,0,2,True,True,False,reverse,R,84.94999999995343,5.0491892590827865,112.04868582604608,True,False,,,5.646319122743107,0.6314237575189295,"/Volumes/Data-1/Nimrod/experiments/PV_62/2023_05_01/block_038/oe_files/2023-05-01_13-57-45/Record Node 108/analysis/recNames=Block0038,Animal=PV_62/lizMov.mat"
PV_62_038_669763_R,PV_62,038,PV_62_block_038,669762.7,669898.6,16.908779923398484,277.22159115028893,R,binocular,2,0,0,0,False,False,False,none,,,,,False,False,,,15.368755166792555,0.90892159200234,"/Volumes/Data-1/Nimrod/experiments/PV_62/2023_05_01/block_038/oe_files/2023-05-01_13-57-45/Record Node 108/analysis/recNames=Block0038,Animal=PV_62/lizMov.mat"
PV_62_038_681261_R,PV_62,038,PV_62_block_038,681261.15,681346.05,8.79007233393699,150.04394818957655,R,binocular,2,0,0,0,False,False,False,none,,,,,False,False,,,4.521479985252545,0.5143848438875607,"/Volumes/Data-1/Nimrod/experiments/PV_62/2023_05_01/block_038/oe_files/2023-05-01_13-57-45/Record Node 108/analysis/recNames=Block0038,Animal=PV_62/lizMov.mat"
PV_62_038_681686_L,PV_62,038,PV_62_block_038,681685.8,681787.7,8.914321470538471,132.28761948551366,L,binocular,2,2,0,2,True,True,False,reverse,R,118.89999999990687,4.480473632772754,138.52562364048208,True,False,,,8.83885223556397,0.9915339338811232,"/Volumes/Data-1/Nimrod/experiments/PV_62/2023_05_01/block_038/oe_files/2023-05-01_13-57-45/Record Node 108/analysis/recNames=Block0038,Animal=PV_62/lizMov.mat"
PV_62_038_683690_L,PV_62,038,PV_62_block_038,683690.15,683775.1,7.638320789505576,211.54912010608683,L,binocular,2,1,1,0,True,False,False,same,R,101.90000000002328,0.5635685996666664,56.197738923852285,True,True,683696.0,5.849999999976717,6.600467339373154,0.8641254434406123,"/Volumes/Data-1/Nimrod/experiments/PV_62/2023_05_01/block_038/oe_files/2023-05-01_13-57-45/Record Node 108/analysis/recNames=Block0038,Animal=PV_62/lizMov.mat"
PV_62_038_684794_R,PV_62,038,PV_62_block_038,684794.2,684896.1,13.049298962981132,246.63451195293442,R,binocular,2,1,0,1,True,False,False,reverse,R,101.90000000002328,0.6275507091409358,130.4290985822463,True,False,,,11.962921236556785,0.9167481924120036,"/Volumes/Data-1/Nimrod/experiments/PV_62/2023_05_01/block_038/oe_files/2023-05-01_13-57-45/Record Node 108/analysis/recNames=Block0038,Animal=PV_62/lizMov.mat"
PV_62_038_688310_R,PV_62,038,PV_62_block_038,688309.6,688394.55,12.86269689948767,124.25977914278036,R,binocular,2,0,0,0,False,False,False,none,,,,,False,False,,,10.229314264270787,0.795269790169605,"/Volumes/Data-1/Nimrod/experiments/PV_62/2023_05_01/block_038/oe_files/2023-05-01_13-57-45/Record Node 108/analysis/recNames=Block0038,Animal=PV_62/lizMov.mat"
PV_62_038_698349_R,PV_62,038,PV_62_block_038,698348.8,698416.75,8.200787562845143,304.9884005768036,R,binocular,2,0,0,0,False,False,False,none,,,,,False,False,,,6.673490402628812,0.8137621358299815,"/Volumes/Data-1/Nimrod/experiments/PV_62/2023_05_01/block_038/oe_files/2023-05-01_13-57-45/Record Node 108/analysis/recNames=Block0038,Animal=PV_62/lizMov.mat"
PV_62_038_722283_R,PV_62,038,PV_62_block_038,722283.4,722385.3,8.95709464284459,271.0728505004209,R,binocular,2,0,0,0,False,False,False,none,,,,,False,False,,,11.727923590165041,1.309344609809827,"/Volumes/Data-1/Nimrod/experiments/PV_62/2023_05_01/block_038/oe_files/2023-05-01_13-57-45/Record Node 108/analysis/recNames=Block0038,Animal=PV_62/lizMov.mat"
PV_62_038_723592_R,PV_62,038,PV_62_block_038,723591.7,723659.65,10.735950487182397,126.15776589365929,R,binocular,2,1,0,1,True,False,False,reverse,R,135.90000000002328,1.7265117861058594,179.79796389438013,True,False,,,4.948253513348499,0.460905023663829,"/Volumes/Data-1/Nimrod/experiments/PV_62/2023_05_01/block_038/oe_files/2023-05-01_13-57-45/Record Node 108/analysis/recNames=Block0038,Animal=PV_62/lizMov.mat"
PV_62_038_734039_R,PV_62,038,PV_62_block_038,734038.7,734157.6,20.67487310698398,304.65349224689356,R,binocular,2,0,0,0,False,False,False,none,,,,,False,True,734256.0,217.30000000004657,18.366758809498698,0.8883613802347546,"/Volumes/Data-1/Nimrod/experiments/PV_62/2023_05_01/block_038/oe_files/2023-05-01_13-57-45/Record Node 108/analysis/recNames=Block0038,Animal=PV_62/lizMov.mat"
PV_62_038_735635_L,PV_62,038,PV_62_block_038,735635.4,735703.35,7.033825938863555,26.079337747828525,L,binocular,2,1,1,0,True,False,False,same,R,101.90000000002328,3.173348825115791,59.03806437386464,True,False,,,5.625631617615784,0.7997968198975235,"/Volumes/Data-1/Nimrod/experiments/PV_62/2023_05_01/block_038/oe_files/2023-05-01_13-57-45/Record Node 108/analysis/recNames=Block0038,Animal=PV_62/lizMov.mat"
PV_62_038_736638_R,PV_62,038,PV_62_block_038,736637.5,736688.45,6.064276165969357,324.8892068376945,R,binocular,2,1,0,1,True,False,False,reverse,R,101.94999999995343,1.5128613964901134,155.6922775459422,True,False,,,1.8730208221233662,0.3088613992604951,"/Volumes/Data-1/Nimrod/experiments/PV_62/2023_05_01/block_038/oe_files/2023-05-01_13-57-45/Record Node 108/analysis/recNames=Block0038,Animal=PV_62/lizMov.mat"
PV_62_038_740188_L,PV_62,038,PV_62_block_038,740187.6,740255.55,8.532594428552834,14.462817362700445,L,binocular,2,2,1,1,True,True,True,reverse,R,152.95000000006985,0.5884539466618756,174.00050521123416,True,True,740384.0,196.40000000002328,5.743084982566669,0.6730760533218878,"/Volumes/Data-1/Nimrod/experiments/PV_62/2023_05_01/block_038/oe_files/2023-05-01_13-57-45/Record Node 108/analysis/recNames=Block0038,Animal=PV_62/lizMov.mat"
PV_62_038_743109_R,PV_62,038,PV_62_block_038,743109.25,743177.2,9.238492341423783,312.4685953854094,R,binocular,2,1,0,1,True,False,False,reverse,R,220.90000000002328,0.6843631010610136,172.36212343571236,True,False,,,4.3911205298306175,0.47530704876396357,"/Volumes/Data-1/Nimrod/experiments/PV_62/2023_05_01/block_038/oe_files/2023-05-01_13-57-45/Record Node 108/analysis/recNames=Block0038,Animal=PV_62/lizMov.mat"
PV_62_038_750821_R,PV_62,038,PV_62_block_038,750820.9,750922.8,16.843873304703795,160.0106475527403,R,binocular,2,3,2,1,True,True,True,reverse,R,135.84999999997672,3.8024261200356824,168.12040185451627,True,False,,,19.861843633537617,1.179173179128047,"/Volumes/Data-1/Nimrod/experiments/PV_62/2023_05_01/block_038/oe_files/2023-05-01_13-57-45/Record Node 108/analysis/recNames=Block0038,Animal=PV_62/lizMov.mat"
PV_62_038_754982_R,PV_62,038,PV_62_block_038,754982.15,755067.05,13.00719941168021,174.15014453435936,R,binocular,2,2,0,2,True,True,False,reverse,R,135.84999999997672,2.814228869630877,173.2767135596107,True,False,,,5.861738618887599,0.4506533984267107,"/Volumes/Data-1/Nimrod/experiments/PV_62/2023_05_01/block_038/oe_files/2023-05-01_13-57-45/Record Node 108/analysis/recNames=Block0038,Animal=PV_62/lizMov.mat"
PV_62_038_757071_R,PV_62,038,PV_62_block_038,757071.35,757139.3,11.282402554941713,15.110458010321437,R,binocular,2,0,0,0,False,False,False,none,,,,,False,False,,,11.26737025893847,0.9986676334291353,"/Volumes/Data-1/Nimrod/experiments/PV_62/2023_05_01/block_038/oe_files/2023-05-01_13-57-45/Record Node 108/analysis/recNames=Block0038,Animal=PV_62/lizMov.mat"
PV_62_038_808400_R,PV_62,038,PV_62_block_038,808399.65,808552.55,19.180791473312244,324.84661912262163,R,binocular,2,0,0,0,False,False,False,none,,,,,False,True,808488.0,88.34999999997672,17.799870948439843,0.9280050290524359,"/Volumes/Data-1/Nimrod/experiments/PV_62/2023_05_01/block_038/oe_files/2023-05-01_13-57-45/Record Node 108/analysis/recNames=Block0038,Animal=PV_62/lizMov.mat"
PV_62_038_811033_R,PV_62,038,PV_62_block_038,811032.85,811117.8,16.032658148668215,320.41998039512623,R,binocular,2,3,1,2,True,True,True,same,L,118.90000000002328,1.704192586789037,88.8078353710111,True,False,,,11.216831402652751,0.6996239362581619,"/Volumes/Data-1/Nimrod/experiments/PV_62/2023_05_01/block_038/oe_files/2023-05-01_13-57-45/Record Node 108/analysis/recNames=Block0038,Animal=PV_62/lizMov.mat"
PV_62_038_813207_R,PV_62,038,PV_62_block_038,813207.4,813292.35,8.72296271158932,36.44095226631166,R,binocular,2,0,0,0,False,False,False,none,,,,,False,False,,,6.7056637488173,0.7687369498792149,"/Volumes/Data-1/Nimrod/experiments/PV_62/2023_05_01/block_038/oe_files/2023-05-01_13-57-45/Record Node 108/analysis/recNames=Block0038,Animal=PV_62/lizMov.mat"
PV_62_038_821565_L,PV_62,038,PV_62_block_038,821565.45,821650.35,11.29371486407442,34.13729538574161,L,binocular,2,2,0,2,True,True,False,reverse,L,135.85000000009313,1.2761199596702875,159.8022125670945,True,False,,,5.880629961658817,0.5206993475960017,"/Volumes/Data-1/Nimrod/experiments/PV_62/2023_05_01/block_038/oe_files/2023-05-01_13-57-45/Record Node 108/analysis/recNames=Block0038,Animal=PV_62/lizMov.mat"
PV_62_038_842713_R,PV_62,038,PV_62_block_038,842712.65,842780.6,8.647197789090967,151.95837722655966,R,binocular,2,1,0,1,True,False,False,reverse,R,152.84999999997672,1.5351208865508503,159.87752993898135,True,False,,,4.369351250740792,0.5052910037807887,"/Volumes/Data-1/Nimrod/experiments/PV_62/2023_05_01/block_038/oe_files/2023-05-01_13-57-45/Record Node 108/analysis/recNames=Block0038,Animal=PV_62/lizMov.mat"
PV_62_038_847622_R,PV_62,038,PV_62_block_038,847621.55,847689.5,11.172378336817626,139.39252635707376,R,binocular,2,0,0,0,False,False,False,none,,,,,False,False,,,7.884929883502034,0.7057521367243638,"/Volumes/Data-1/Nimrod/experiments/PV_62/2023_05_01/block_038/oe_files/2023-05-01_13-57-45/Record Node 108/analysis/recNames=Block0038,Animal=PV_62/lizMov.mat"
PV_62_038_848878_R,PV_62,038,PV_62_block_038,848878.3,848929.25,8.200751250143146,141.41718981371608,R,binocular,2,1,0,1,True,False,False,reverse,R,118.89999999990687,0.7392456072684213,157.62456347625096,True,False,,,3.360619280911979,0.40979407598216305,"/Volumes/Data-1/Nimrod/experiments/PV_62/2023_05_01/block_038/oe_files/2023-05-01_13-57-45/Record Node 108/analysis/recNames=Block0038,Animal=PV_62/lizMov.mat"
PV_62_038_850848_R,PV_62,038,PV_62_block_038,850848.45,850899.4,6.083598867076267,149.75080489474266,R,binocular,2,0,0,0,False,False,False,none,,,,,False,False,,,3.5669143877912846,0.5863164987907096,"/Volumes/Data-1/Nimrod/experiments/PV_62/2023_05_01/block_038/oe_files/2023-05-01_13-57-45/Record Node 108/analysis/recNames=Block0038,Animal=PV_62/lizMov.mat"
PV_62_038_872759_R,PV_62,038,PV_62_block_038,872759.0,872860.9,9.752868551205554,88.24716657419445,R,binocular,2,0,0,0,False,False,False,none,,,,,False,False,,,8.196645879123805,0.8404343641144038,"/Volumes/Data-1/Nimrod/experiments/PV_62/2023_05_01/block_038/oe_files/2023-05-01_13-57-45/Record Node 108/analysis/recNames=Block0038,Animal=PV_62/lizMov.mat"
PV_62_038_912626_L,PV_62,038,PV_62_block_038,912625.6,912693.55,13.162748156086195,31.232232435582045,L,binocular,2,3,0,3,True,True,False,reverse,L,101.95000000006985,1.2556042917531542,146.37135900613987,True,False,,,9.028113331788884,0.685883618278791,"/Volumes/Data-1/Nimrod/experiments/PV_62/2023_05_01/block_038/oe_files/2023-05-01_13-57-45/Record Node 108/analysis/recNames=Block0038,Animal=PV_62/lizMov.mat"
PV_62_038_914188_L,PV_62,038,PV_62_block_038,914188.2,914239.1,6.5477095235292335,28.505250957649483,L,binocular,2,0,0,0,False,False,False,none,,,,,False,False,,,2.9011115858439678,0.4430727379427578,"/Volumes/Data-1/Nimrod/experiments/PV_62/2023_05_01/block_038/oe_files/2023-05-01_13-57-45/Record Node 108/analysis/recNames=Block0038,Animal=PV_62/lizMov.mat"
PV_62_038_915751_R,PV_62,038,PV_62_block_038,915750.75,915801.75,7.959007629065205,326.3744360200756,R,binocular,2,3,1,2,True,True,True,same,L,68.0,0.7355080828482727,56.09765575804903,True,True,915944.0,193.25,2.8006313983940307,0.35188198440299373,"/Volumes/Data-1/Nimrod/experiments/PV_62/2023_05_01/block_038/oe_files/2023-05-01_13-57-45/Record Node 108/analysis/recNames=Block0038,Animal=PV_62/lizMov.mat"
PV_62_038_919878_R,PV_62,038,PV_62_block_038,919877.95,919962.85,9.743133564101637,13.356911295252374,R,binocular,2,2,0,2,True,True,False,reverse,L,101.90000000002328,3.3253452100264327,134.7535077849243,True,True,919960.0,82.05000000004657,10.223298446133697,1.049282387321592,"/Volumes/Data-1/Nimrod/experiments/PV_62/2023_05_01/block_038/oe_files/2023-05-01_13-57-45/Record Node 108/analysis/recNames=Block0038,Animal=PV_62/lizMov.mat"
PV_62_038_922426_L,PV_62,038,PV_62_block_038,922425.95,922527.9,12.395017158460893,330.36975152926647,L,binocular,2,0,0,0,False,False,False,none,,,,,False,False,,,12.780536269305191,1.0311027492673652,"/Volumes/Data-1/Nimrod/experiments/PV_62/2023_05_01/block_038/oe_files/2023-05-01_13-57-45/Record Node 108/analysis/recNames=Block0038,Animal=PV_62/lizMov.mat"
PV_62_038_938428_L,PV_62,038,PV_62_block_038,938428.0,938495.95,6.342577148667898,103.19825910902634,L,binocular,2,1,1,0,True,False,False,same,L,84.90000000002328,0.6073078596526604,89.20152156230068,True,False,,,5.918989480743479,0.9332152123662566,"/Volumes/Data-1/Nimrod/experiments/PV_62/2023_05_01/block_038/oe_files/2023-05-01_13-57-45/Record Node 108/analysis/recNames=Block0038,Animal=PV_62/lizMov.mat"
PV_62_038_949638_R,PV_62,038,PV_62_block_038,949637.55,949705.5,12.871502265843302,147.11498892770248,R,binocular,2,1,0,1,True,False,False,reverse,R,101.94999999995343,0.5688588062888599,164.46612644620666,True,False,,,8.894299866156846,0.6910071320703076,"/Volumes/Data-1/Nimrod/experiments/PV_62/2023_05_01/block_038/oe_files/2023-05-01_13-57-45/Record Node 108/analysis/recNames=Block0038,Animal=PV_62/lizMov.mat"
PV_62_038_951523_R,PV_62,038,PV_62_block_038,951522.85,951590.8,5.876892904826139,135.7116582972749,R,binocular,2,2,0,2,True,True,False,reverse,R,135.95000000006985,1.7523802794901235,166.71155874663452,True,False,,,-0.705127375804533,-0.11998302287004044,"/Volumes/Data-1/Nimrod/experiments/PV_62/2023_05_01/block_038/oe_files/2023-05-01_13-57-45/Record Node 108/analysis/recNames=Block0038,Animal=PV_62/lizMov.mat"
PV_62_038_952746_R,PV_62,038,PV_62_block_038,952745.8,952813.75,6.974437907034493,130.5631911867478,R,binocular,2,1,0,1,True,False,False,reverse,R,101.94999999995343,1.8138740822341008,164.68072094807394,True,False,,,1.6936614915189234,0.24283842140320416,"/Volumes/Data-1/Nimrod/experiments/PV_62/2023_05_01/block_038/oe_files/2023-05-01_13-57-45/Record Node 108/analysis/recNames=Block0038,Animal=PV_62/lizMov.mat"
PV_62_038_956924_R,PV_62,038,PV_62_block_038,956924.3,956992.2,7.421833062529272,154.25004627571803,R,binocular,2,1,0,1,True,False,False,reverse,R,84.89999999990687,0.7236669392788794,133.4742752380397,True,False,,,3.6854019956865947,0.4965622326232509,"/Volumes/Data-1/Nimrod/experiments/PV_62/2023_05_01/block_038/oe_files/2023-05-01_13-57-45/Record Node 108/analysis/recNames=Block0038,Animal=PV_62/lizMov.mat"
PV_62_038_960083_R,PV_62,038,PV_62_block_038,960083.35,960134.3,7.816983528431329,109.03323871219723,R,binocular,2,0,0,0,False,False,False,none,,,,,False,False,,,4.206723629431119,0.5381517837578585,"/Volumes/Data-1/Nimrod/experiments/PV_62/2023_05_01/block_038/oe_files/2023-05-01_13-57-45/Record Node 108/analysis/recNames=Block0038,Animal=PV_62/lizMov.mat"
PV_62_038_963411_R,PV_62,038,PV_62_block_038,963411.35,963513.25,8.496455835072844,195.9670326813118,R,binocular,2,0,0,0,False,False,False,none,,,,,False,False,,,10.21489713113191,1.2022538961440188,"/Volumes/Data-1/Nimrod/experiments/PV_62/2023_05_01/block_038/oe_files/2023-05-01_13-57-45/Record Node 108/analysis/recNames=Block0038,Animal=PV_62/lizMov.mat"
PV_62_038_1007993_R,PV_62,038,PV_62_block_038,1007993.2,1008061.15,7.286486623022095,332.3952815268551,R,binocular,2,1,0,1,True,False,False,reverse,R,186.90000000002328,1.1384231769976152,140.44992038866258,True,True,1008124.0,130.80000000004657,7.8207176643994,1.073318056975411,"/Volumes/Data-1/Nimrod/experiments/PV_62/2023_05_01/block_038/oe_files/2023-05-01_13-57-45/Record Node 108/analysis/recNames=Block0038,Animal=PV_62/lizMov.mat"
PV_62_038_1029922_R,PV_62,038,PV_62_block_038,1029922.3,1029990.25,6.357821620377808,112.89516013385774,R,binocular,2,1,0,1,True,False,False,reverse,R,135.84999999997672,1.6176740898576827,150.98011154816106,True,False,,,3.867482518015937,0.6083030869598565,"/Volumes/Data-1/Nimrod/experiments/PV_62/2023_05_01/block_038/oe_files/2023-05-01_13-57-45/Record Node 108/analysis/recNames=Block0038,Animal=PV_62/lizMov.mat"
PV_62_038_1036971_R,PV_62,038,PV_62_block_038,1036971.2,1037039.1,12.572093936630784,123.08947969507463,R,binocular,2,1,0,1,True,False,False,reverse,R,152.85000000009313,1.4987125654553999,162.81261264765556,True,False,,,8.101200908966922,0.6443796037319441,"/Volumes/Data-1/Nimrod/experiments/PV_62/2023_05_01/block_038/oe_files/2023-05-01_13-57-45/Record Node 108/analysis/recNames=Block0038,Animal=PV_62/lizMov.mat"
PV_62_038_1037888_R,PV_62,038,PV_62_block_038,1037888.4,1037956.3,5.99443630599339,117.146558709058,R,binocular,2,3,1,2,True,True,True,reverse,R,118.84999999997672,0.6950038169145774,150.51679186543794,True,False,,,2.3662714075257294,0.39474460762221647,"/Volumes/Data-1/Nimrod/experiments/PV_62/2023_05_01/block_038/oe_files/2023-05-01_13-57-45/Record Node 108/analysis/recNames=Block0038,Animal=PV_62/lizMov.mat"
PV_62_038_1039094_R,PV_62,038,PV_62_block_038,1039094.25,1039196.15,8.400721347782707,19.028257005999738,R,binocular,2,1,0,1,True,False,False,reverse,L,67.90000000002328,0.5448536172490882,159.69136309708927,True,False,,,10.365630093244217,1.233897621896497,"/Volumes/Data-1/Nimrod/experiments/PV_62/2023_05_01/block_038/oe_files/2023-05-01_13-57-45/Record Node 108/analysis/recNames=Block0038,Animal=PV_62/lizMov.mat"
PV_62_038_1039689_R,PV_62,038,PV_62_block_038,1039688.7,1039824.6,15.02462775484053,193.27909133691682,R,binocular,2,0,0,0,False,False,False,none,,,,,False,False,,,13.879342630909232,0.9237728120377346,"/Volumes/Data-1/Nimrod/experiments/PV_62/2023_05_01/block_038/oe_files/2023-05-01_13-57-45/Record Node 108/analysis/recNames=Block0038,Animal=PV_62/lizMov.mat"
PV_62_038_1045446_L,PV_62,038,PV_62_block_038,1045445.85,1045530.75,10.231232461333068,85.12647577277042,L,binocular,2,0,0,0,False,False,False,none,,,,,False,False,,,7.2375550786618,0.7073981659604273,"/Volumes/Data-1/Nimrod/experiments/PV_62/2023_05_01/block_038/oe_files/2023-05-01_13-57-45/Record Node 108/analysis/recNames=Block0038,Animal=PV_62/lizMov.mat"
PV_62_038_1049080_R,PV_62,038,PV_62_block_038,1049080.35,1049233.2,18.548135963161947,229.80363044917706,R,binocular,2,0,0,0,False,False,False,none,,,,,False,False,,,18.28906830239837,0.9860326848326912,"/Volumes/Data-1/Nimrod/experiments/PV_62/2023_05_01/block_038/oe_files/2023-05-01_13-57-45/Record Node 108/analysis/recNames=Block0038,Animal=PV_62/lizMov.mat"
PV_62_038_1051577_R,PV_62,038,PV_62_block_038,1051577.35,1051662.25,13.14666940284274,93.50024998036989,R,binocular,2,0,0,0,False,False,False,none,,,,,False,False,,,12.246151526011328,0.9315022041524303,"/Volumes/Data-1/Nimrod/experiments/PV_62/2023_05_01/block_038/oe_files/2023-05-01_13-57-45/Record Node 108/analysis/recNames=Block0038,Animal=PV_62/lizMov.mat"
PV_62_038_1056469_L,PV_62,038,PV_62_block_038,1056468.9,1056587.75,5.666057043842708,126.61210638800868,L,binocular,2,0,0,0,False,False,False,none,,,,,False,False,,,4.44720380313068,0.7848851094719294,"/Volumes/Data-1/Nimrod/experiments/PV_62/2023_05_01/block_038/oe_files/2023-05-01_13-57-45/Record Node 108/analysis/recNames=Block0038,Animal=PV_62/lizMov.mat"
PV_62_038_1073827_R,PV_62,038,PV_62_block_038,1073827.05,1073912.05,15.981408589479715,309.6215777433725,R,binocular,2,2,1,1,True,True,True,same,R,85.0,0.552859603284909,66.023086587367,True,False,,,15.198888290305453,0.9510355864570422,"/Volumes/Data-1/Nimrod/experiments/PV_62/2023_05_01/block_038/oe_files/2023-05-01_13-57-45/Record Node 108/analysis/recNames=Block0038,Animal=PV_62/lizMov.mat"
PV_62_038_1074574_R,PV_62,038,PV_62_block_038,1074574.35,1074642.3,6.714343893040478,31.00535012025511,R,binocular,2,1,0,1,True,False,False,reverse,R,84.94999999995343,0.7737400197246307,134.6812863603909,True,False,,,4.3195958110699895,0.6433384824907937,"/Volumes/Data-1/Nimrod/experiments/PV_62/2023_05_01/block_038/oe_files/2023-05-01_13-57-45/Record Node 108/analysis/recNames=Block0038,Animal=PV_62/lizMov.mat"
PV_62_038_1076833_L,PV_62,038,PV_62_block_038,1076833.05,1076884.0,5.7868381041787345,194.04132583687692,L,binocular,2,0,0,0,False,False,False,none,,,,,False,False,,,4.379302426693202,0.7567694737357284,"/Volumes/Data-1/Nimrod/experiments/PV_62/2023_05_01/block_038/oe_files/2023-05-01_13-57-45/Record Node 108/analysis/recNames=Block0038,Animal=PV_62/lizMov.mat"
PV_62_038_1127359_R,PV_62,038,PV_62_block_038,1127359.25,1127478.1,21.62302802110187,309.0880509031983,R,binocular,2,0,0,0,False,False,False,none,,,,,False,False,,,20.195855426926066,0.9339975607124483,"/Volumes/Data-1/Nimrod/experiments/PV_62/2023_05_01/block_038/oe_files/2023-05-01_13-57-45/Record Node 108/analysis/recNames=Block0038,Animal=PV_62/lizMov.mat"
PV_62_038_1127988_R,PV_62,038,PV_62_block_038,1127987.75,1128072.65,11.737388399509193,36.628640734414695,R,binocular,2,0,0,0,False,False,False,none,,,,,False,False,,,10.826363903674011,0.9223826915471863,"/Volumes/Data-1/Nimrod/experiments/PV_62/2023_05_01/block_038/oe_files/2023-05-01_13-57-45/Record Node 108/analysis/recNames=Block0038,Animal=PV_62/lizMov.mat"
PV_62_038_1139487_L,PV_62,038,PV_62_block_038,1139487.35,1139555.3,11.853814479897254,210.39980080637076,L,binocular,2,0,0,0,False,False,False,none,,,,,False,False,,,12.28478372829739,1.0363570097314254,"/Volumes/Data-1/Nimrod/experiments/PV_62/2023_05_01/block_038/oe_files/2023-05-01_13-57-45/Record Node 108/analysis/recNames=Block0038,Animal=PV_62/lizMov.mat"
PV_62_038_1153959_R,PV_62,038,PV_62_block_038,1153958.9,1154009.85,7.455790615157911,145.0064288892064,R,binocular,2,0,0,0,False,False,False,none,,,,,False,False,,,6.291038663331898,0.8437788811480265,"/Volumes/Data-1/Nimrod/experiments/PV_62/2023_05_01/block_038/oe_files/2023-05-01_13-57-45/Record Node 108/analysis/recNames=Block0038,Animal=PV_62/lizMov.mat"
PV_62_038_1154350_R,PV_62,038,PV_62_block_038,1154349.6,1154417.55,5.813469549111957,135.3028838623017,R,binocular,2,0,0,0,False,False,False,none,,,,,False,False,,,1.9134005526209426,0.32913229121725185,"/Volumes/Data-1/Nimrod/experiments/PV_62/2023_05_01/block_038/oe_files/2023-05-01_13-57-45/Record Node 108/analysis/recNames=Block0038,Animal=PV_62/lizMov.mat"
PV_62_038_1154944_R,PV_62,038,PV_62_block_038,1154944.15,1154995.1,6.246192665052443,293.9186230231169,R,binocular,2,0,0,0,False,False,False,none,,,,,False,False,,,6.16419765598487,0.9868728018067171,"/Volumes/Data-1/Nimrod/experiments/PV_62/2023_05_01/block_038/oe_files/2023-05-01_13-57-45/Record Node 108/analysis/recNames=Block0038,Animal=PV_62/lizMov.mat"
PV_62_038_1155318_R,PV_62,038,PV_62_block_038,1155317.8,1155385.7,13.276167718596392,317.24738795237386,R,binocular,2,2,0,2,True,True,False,reverse,L,101.89999999990687,9.186281516555184,125.30615893044222,True,False,,,10.041258110721518,0.7563370939232996,"/Volumes/Data-1/Nimrod/experiments/PV_62/2023_05_01/block_038/oe_files/2023-05-01_13-57-45/Record Node 108/analysis/recNames=Block0038,Animal=PV_62/lizMov.mat"
PV_62_038_1155420_L,PV_62,038,PV_62_block_038,1155419.7,1155572.55,9.186281516555184,191.94122902193163,L,binocular,2,0,0,0,False,False,False,none,,,,,False,False,,,11.066193022479233,1.2046433589626162,"/Volumes/Data-1/Nimrod/experiments/PV_62/2023_05_01/block_038/oe_files/2023-05-01_13-57-45/Record Node 108/analysis/recNames=Block0038,Animal=PV_62/lizMov.mat"
PV_62_038_1156252_R,PV_62,038,PV_62_block_038,1156251.95,1156336.8,8.552609935201788,86.5237582774912,R,binocular,2,0,0,0,False,False,False,none,,,,,False,False,,,6.950613180049291,0.8126891361479237,"/Volumes/Data-1/Nimrod/experiments/PV_62/2023_05_01/block_038/oe_files/2023-05-01_13-57-45/Record Node 108/analysis/recNames=Block0038,Animal=PV_62/lizMov.mat"
PV_62_038_1160583_R,PV_62,038,PV_62_block_038,1160583.15,1160617.1,6.275359728754661,105.39066410844895,R,binocular,2,0,0,0,False,False,False,none,,,,,False,False,,,4.116724151412718,0.6560140500869228,"/Volumes/Data-1/Nimrod/experiments/PV_62/2023_05_01/block_038/oe_files/2023-05-01_13-57-45/Record Node 108/analysis/recNames=Block0038,Animal=PV_62/lizMov.mat"
PV_62_038_1168600_R,PV_62,038,PV_62_block_038,1168600.45,1168651.4,6.447201414132967,132.3629111746552,R,binocular,2,2,0,2,True,True,False,reverse,R,152.85000000009313,0.5323868565575418,170.07305257568368,True,False,,,1.5613456840376325,0.24217417507928216,"/Volumes/Data-1/Nimrod/experiments/PV_62/2023_05_01/block_038/oe_files/2023-05-01_13-57-45/Record Node 108/analysis/recNames=Block0038,Animal=PV_62/lizMov.mat"
PV_62_038_1179031_R,PV_62,038,PV_62_block_038,1179031.3,1179099.25,11.905573631901909,94.03421869215934,R,binocular,2,0,0,0,False,False,False,none,,,,,False,False,,,12.193589988328505,1.0241917244251746,"/Volumes/Data-1/Nimrod/experiments/PV_62/2023_05_01/block_038/oe_files/2023-05-01_13-57-45/Record Node 108/analysis/recNames=Block0038,Animal=PV_62/lizMov.mat"
PV_62_038_1220459_L,PV_62,038,PV_62_block_038,1220459.4,1220510.35,9.114432210002171,34.18491597983032,L,binocular,2,0,0,0,False,False,False,none,,,,,False,False,,,7.9595087535669755,0.873286296960135,"/Volumes/Data-1/Nimrod/experiments/PV_62/2023_05_01/block_038/oe_files/2023-05-01_13-57-45/Record Node 108/analysis/recNames=Block0038,Animal=PV_62/lizMov.mat"
PV_62_038_1222973_L,PV_62,038,PV_62_block_038,1222973.2,1223058.15,10.985728274174093,24.226218076276396,L,binocular,2,2,0,2,True,True,False,reverse,L,118.9000000001397,0.5941493072482713,172.80493090598412,True,False,,,9.148750649411447,0.8327850845281579,"/Volumes/Data-1/Nimrod/experiments/PV_62/2023_05_01/block_038/oe_files/2023-05-01_13-57-45/Record Node 108/analysis/recNames=Block0038,Animal=PV_62/lizMov.mat"
PV_62_038_1228494_R,PV_62,038,PV_62_block_038,1228493.75,1228578.7,7.817132590679312,55.078907521812766,R,binocular,2,0,0,0,False,False,False,none,,,,,False,False,,,4.436736979930205,0.5675657830366481,"/Volumes/Data-1/Nimrod/experiments/PV_62/2023_05_01/block_038/oe_files/2023-05-01_13-57-45/Record Node 108/analysis/recNames=Block0038,Animal=PV_62/lizMov.mat"
PV_62_038_1244566_L,PV_62,038,PV_62_block_038,1244566.4,1244702.35,15.413773008106505,62.659255805551844,L,binocular,2,2,1,1,True,True,True,reverse,L,237.9000000001397,3.5895922503402202,175.62831220203543,True,False,,,14.446399364792008,0.9372396594392736,"/Volumes/Data-1/Nimrod/experiments/PV_62/2023_05_01/block_038/oe_files/2023-05-01_13-57-45/Record Node 108/analysis/recNames=Block0038,Animal=PV_62/lizMov.mat"
PV_62_038_1246469_L,PV_62,038,PV_62_block_038,1246469.3,1246571.25,7.873280099719866,45.98201325955635,L,binocular,2,0,0,0,False,False,False,none,,,,,False,False,,,5.673666133639326,0.7206229248520191,"/Volumes/Data-1/Nimrod/experiments/PV_62/2023_05_01/block_038/oe_files/2023-05-01_13-57-45/Record Node 108/analysis/recNames=Block0038,Animal=PV_62/lizMov.mat"
PV_62_038_1249884_R,PV_62,038,PV_62_block_038,1249883.9,1249951.85,5.632818274377085,288.96050864419584,R,binocular,2,0,0,0,False,False,False,none,,,,,False,True,1249944.0,60.10000000009313,3.464627712104642,0.6150789078115224,"/Volumes/Data-1/Nimrod/experiments/PV_62/2023_05_01/block_038/oe_files/2023-05-01_13-57-45/Record Node 108/analysis/recNames=Block0038,Animal=PV_62/lizMov.mat"
PV_62_038_1255813_R,PV_62,038,PV_62_block_038,1255812.65,1255880.55,9.96184375534193,122.85030437945805,R,binocular,2,0,0,0,False,False,False,none,,,,,False,False,,,7.270539096511058,0.7298387000511136,"/Volumes/Data-1/Nimrod/experiments/PV_62/2023_05_01/block_038/oe_files/2023-05-01_13-57-45/Record Node 108/analysis/recNames=Block0038,Animal=PV_62/lizMov.mat"
PV_62_038_1257630_R,PV_62,038,PV_62_block_038,1257630.1,1257715.0,5.635967242736517,124.09189190207805,R,binocular,2,1,0,1,True,False,False,reverse,R,84.89999999990687,1.530306625040849,146.38766171626673,True,False,,,0.32159019415603174,0.05706033770343299,"/Volumes/Data-1/Nimrod/experiments/PV_62/2023_05_01/block_038/oe_files/2023-05-01_13-57-45/Record Node 108/analysis/recNames=Block0038,Animal=PV_62/lizMov.mat"
PV_62_038_1287951_R,PV_62,038,PV_62_block_038,1287951.0,1288069.9,10.213509072151759,125.02473442212312,R,binocular,2,1,1,0,True,False,False,same,L,50.949999999953434,0.7588286474319944,41.70387950825875,True,False,,,11.859473602200582,1.161155634015808,"/Volumes/Data-1/Nimrod/experiments/PV_62/2023_05_01/block_038/oe_files/2023-05-01_13-57-45/Record Node 108/analysis/recNames=Block0038,Animal=PV_62/lizMov.mat"
PV_62_038_1321532_R,PV_62,038,PV_62_block_038,1321531.65,1321633.6,13.63830416097461,129.16069005364272,R,binocular,2,0,0,0,False,False,False,none,,,,,False,True,1321584.0,52.35000000009313,11.74988207386415,0.861535417833392,"/Volumes/Data-1/Nimrod/experiments/PV_62/2023_05_01/block_038/oe_files/2023-05-01_13-57-45/Record Node 108/analysis/recNames=Block0038,Animal=PV_62/lizMov.mat"
PV_62_038_1325065_R,PV_62,038,PV_62_block_038,1325065.15,1325184.15,11.562075548565481,121.48958277737286,R,binocular,2,2,1,1,True,True,True,same,R,186.95000000018626,0.6644004664373693,47.22085768721212,True,False,,,10.306019014683692,0.8913640956067244,"/Volumes/Data-1/Nimrod/experiments/PV_62/2023_05_01/block_038/oe_files/2023-05-01_13-57-45/Record Node 108/analysis/recNames=Block0038,Animal=PV_62/lizMov.mat"
PV_62_038_1327087_R,PV_62,038,PV_62_block_038,1327086.95,1327273.8,13.293777412445971,163.038388315015,R,binocular,2,0,0,0,False,False,False,none,,,,,False,True,1327120.0,33.050000000046566,12.442731695178338,0.93598164834091,"/Volumes/Data-1/Nimrod/experiments/PV_62/2023_05_01/block_038/oe_files/2023-05-01_13-57-45/Record Node 108/analysis/recNames=Block0038,Animal=PV_62/lizMov.mat"
PV_62_038_1346878_R,PV_62,038,PV_62_block_038,1346878.15,1346997.05,12.154337201187564,246.6820072989673,R,binocular,2,0,0,0,False,False,False,none,,,,,False,False,,,11.087226368262238,0.9122032888127325,"/Volumes/Data-1/Nimrod/experiments/PV_62/2023_05_01/block_038/oe_files/2023-05-01_13-57-45/Record Node 108/analysis/recNames=Block0038,Animal=PV_62/lizMov.mat"
PV_62_038_1357920_R,PV_62,038,PV_62_block_038,1357920.1,1358005.0,9.790372661600333,343.8633342793796,R,binocular,2,2,0,2,True,True,False,reverse,L,203.79999999981374,1.8718449066280263,126.0862491559476,True,False,,,8.485889912684355,0.866758621555602,"/Volumes/Data-1/Nimrod/experiments/PV_62/2023_05_01/block_038/oe_files/2023-05-01_13-57-45/Record Node 108/analysis/recNames=Block0038,Animal=PV_62/lizMov.mat"
PV_62_038_1359551_R,PV_62,038,PV_62_block_038,1359550.75,1359618.7,7.15518553336766,339.2262335296228,R,binocular,2,0,0,0,False,False,False,none,,,,,False,False,,,5.138308251746324,0.7181236919412106,"/Volumes/Data-1/Nimrod/experiments/PV_62/2023_05_01/block_038/oe_files/2023-05-01_13-57-45/Record Node 108/analysis/recNames=Block0038,Animal=PV_62/lizMov.mat"
PV_62_038_1387819_L,PV_62,038,PV_62_block_038,1387819.3,1387955.2,25.722206677652274,144.57844937312132,L,binocular,2,1,0,1,True,False,False,reverse,R,152.89999999990687,0.503854127283539,174.67047843074437,True,False,,,27.676721212201368,1.0759854921874645,"/Volumes/Data-1/Nimrod/experiments/PV_62/2023_05_01/block_038/oe_files/2023-05-01_13-57-45/Record Node 108/analysis/recNames=Block0038,Animal=PV_62/lizMov.mat"
PV_62_038_1395805_R,PV_62,038,PV_62_block_038,1395804.9,1395872.9,6.108108817080155,125.39765140373562,R,binocular,2,1,0,1,True,False,False,reverse,R,102.0,0.7625035089046142,179.24910609156456,True,False,,,1.9956849672105723,0.32672714697387545,"/Volumes/Data-1/Nimrod/experiments/PV_62/2023_05_01/block_038/oe_files/2023-05-01_13-57-45/Record Node 108/analysis/recNames=Block0038,Animal=PV_62/lizMov.mat"
PV_62_038_1405796_R,PV_62,038,PV_62_block_038,1405796.2,1405915.1,16.762260309610202,19.414392784067942,R,binocular,2,2,0,2,True,True,False,reverse,R,135.9000000001397,0.7322054550201409,164.49078125099987,True,False,,,13.06525219249024,0.779444534995058,"/Volumes/Data-1/Nimrod/experiments/PV_62/2023_05_01/block_038/oe_files/2023-05-01_13-57-45/Record Node 108/analysis/recNames=Block0038,Animal=PV_62/lizMov.mat"
PV_62_038_1428413_R,PV_62,038,PV_62_block_038,1428413.2,1428498.2,10.902039117610352,126.24519965929561,R,binocular,2,0,0,0,False,False,False,none,,,,,False,False,,,7.77928243978547,0.713562147031686,"/Volumes/Data-1/Nimrod/experiments/PV_62/2023_05_01/block_038/oe_files/2023-05-01_13-57-45/Record Node 108/analysis/recNames=Block0038,Animal=PV_62/lizMov.mat"
PV_62_038_1437028_R,PV_62,038,PV_62_block_038,1437028.45,1437096.4,16.54378718756434,332.5758669865101,R,binocular,2,3,1,2,True,True,True,same,L,67.94999999995343,0.8485831186462052,61.40749830627493,True,True,1437064.0,35.550000000046566,10.188138487277337,0.6158286716197349,"/Volumes/Data-1/Nimrod/experiments/PV_62/2023_05_01/block_038/oe_files/2023-05-01_13-57-45/Record Node 108/analysis/recNames=Block0038,Animal=PV_62/lizMov.mat"
PV_62_038_1439934_L,PV_62,038,PV_62_block_038,1439933.65,1440001.6,9.840436816177329,315.65881633942604,L,binocular,2,2,0,2,True,True,False,reverse,R,101.9000000001397,2.4470540485891554,118.5270321520255,True,False,,,3.91570984233179,0.3979203276722942,"/Volumes/Data-1/Nimrod/experiments/PV_62/2023_05_01/block_038/oe_files/2023-05-01_13-57-45/Record Node 108/analysis/recNames=Block0038,Animal=PV_62/lizMov.mat"
PV_62_038_1475387_R,PV_62,038,PV_62_block_038,1475386.6,1475437.55,5.5704570443290455,142.44686594047323,R,binocular,2,1,0,1,True,False,False,reverse,L,33.949999999953434,19.627567991260864,133.1821242979912,False,False,,,2.132282974878832,0.38278420566039256,"/Volumes/Data-1/Nimrod/experiments/PV_62/2023_05_01/block_038/oe_files/2023-05-01_13-57-45/Record Node 108/analysis/recNames=Block0038,Animal=PV_62/lizMov.mat"
PV_62_038_1476270_R,PV_62,038,PV_62_block_038,1476269.8,1476354.75,11.692967637016096,165.67797907892384,R,binocular,2,1,0,1,True,False,False,reverse,R,135.89999999990687,3.289031876358654,161.64456748420307,True,False,,,5.607042170568063,0.47952259380398937,"/Volumes/Data-1/Nimrod/experiments/PV_62/2023_05_01/block_038/oe_files/2023-05-01_13-57-45/Record Node 108/analysis/recNames=Block0038,Animal=PV_62/lizMov.mat"
PV_62_038_1477764_R,PV_62,038,PV_62_block_038,1477764.5,1477832.45,8.625919702634075,142.70686049137052,R,binocular,2,1,0,1,True,False,False,reverse,R,152.85000000009313,0.7511077056285889,174.17484037011457,True,False,,,6.190369272538319,0.7176474493088524,"/Volumes/Data-1/Nimrod/experiments/PV_62/2023_05_01/block_038/oe_files/2023-05-01_13-57-45/Record Node 108/analysis/recNames=Block0038,Animal=PV_62/lizMov.mat"
PV_62_038_1496875_R,PV_62,038,PV_62_block_038,1496874.65,1496925.65,6.126368920444569,28.038999053002097,R,binocular,2,2,0,1,True,True,False,unknown,L,84.95000000018626,,,False,False,,,0.2020555210226016,0.032981285268066936,"/Volumes/Data-1/Nimrod/experiments/PV_62/2023_05_01/block_038/oe_files/2023-05-01_13-57-45/Record Node 108/analysis/recNames=Block0038,Animal=PV_62/lizMov.mat"
PV_62_038_1496960_R,PV_62,038,PV_62_block_038,1496959.6,1497044.6,8.172333415013705,157.01065539936147,R,binocular,2,0,0,0,False,False,False,none,,,,,False,False,,,3.941764489827183,0.4823303565399837,"/Volumes/Data-1/Nimrod/experiments/PV_62/2023_05_01/block_038/oe_files/2023-05-01_13-57-45/Record Node 108/analysis/recNames=Block0038,Animal=PV_62/lizMov.mat"
PV_62_038_1498455_R,PV_62,038,PV_62_block_038,1498454.65,1498522.6,8.730179291657317,349.07019971769347,R,binocular,2,1,0,0,True,False,False,unknown,R,101.9000000001397,,,False,False,,,0.2355107256143741,0.026976619579787038,"/Volumes/Data-1/Nimrod/experiments/PV_62/2023_05_01/block_038/oe_files/2023-05-01_13-57-45/Record Node 108/analysis/recNames=Block0038,Animal=PV_62/lizMov.mat"
PV_62_038_1509139_L,PV_62,038,PV_62_block_038,1509138.85,1509240.7,6.0557050615711185,132.26283276400673,L,binocular,2,0,0,0,False,False,False,none,,,,,False,False,,,6.73042465214373,1.1114188329372765,"/Volumes/Data-1/Nimrod/experiments/PV_62/2023_05_01/block_038/oe_files/2023-05-01_13-57-45/Record Node 108/analysis/recNames=Block0038,Animal=PV_62/lizMov.mat"
PV_62_038_1512332_L,PV_62,038,PV_62_block_038,1512332.25,1512434.2,11.373139226714263,329.2008065213256,L,binocular,2,2,0,2,True,True,False,reverse,R,118.94999999995343,0.6327179974747212,165.27018455543606,True,False,,,10.482025160589838,0.9216474846248874,"/Volumes/Data-1/Nimrod/experiments/PV_62/2023_05_01/block_038/oe_files/2023-05-01_13-57-45/Record Node 108/analysis/recNames=Block0038,Animal=PV_62/lizMov.mat"
PV_62_038_1526224_L,PV_62,038,PV_62_block_038,1526224.25,1526309.15,19.920845294355917,137.89376684300615,L,binocular,2,0,0,0,False,False,False,none,,,,,False,False,,,17.24581125414041,0.8657168407922222,"/Volumes/Data-1/Nimrod/experiments/PV_62/2023_05_01/block_038/oe_files/2023-05-01_13-57-45/Record Node 108/analysis/recNames=Block0038,Animal=PV_62/lizMov.mat"
PV_62_038_1527209_R,PV_62,038,PV_62_block_038,1527209.2,1527294.1,8.454683537536164,263.1756092396015,R,binocular,2,1,1,0,True,False,False,same,L,118.85000000009313,0.7959444785798042,32.043528715924936,True,False,,,9.013101923484937,1.0660484077812693,"/Volumes/Data-1/Nimrod/experiments/PV_62/2023_05_01/block_038/oe_files/2023-05-01_13-57-45/Record Node 108/analysis/recNames=Block0038,Animal=PV_62/lizMov.mat"
PV_62_038_1547982_R,PV_62,038,PV_62_block_038,1547982.0,1548134.85,22.81234159463241,244.24769291563854,R,binocular,2,1,1,0,True,False,False,same,L,84.89999999990687,10.214435022148306,53.417360363440025,True,False,,,21.865458713076727,0.9584925169725461,"/Volumes/Data-1/Nimrod/experiments/PV_62/2023_05_01/block_038/oe_files/2023-05-01_13-57-45/Record Node 108/analysis/recNames=Block0038,Animal=PV_62/lizMov.mat"
PV_62_038_1553450_R,PV_62,038,PV_62_block_038,1553449.85,1553653.65,26.127046100303943,339.47255908872677,R,binocular,2,1,1,0,True,False,False,same,R,237.75,0.5425344971580033,42.517295990970524,True,False,,,27.62447430517024,1.0573133372642871,"/Volumes/Data-1/Nimrod/experiments/PV_62/2023_05_01/block_038/oe_files/2023-05-01_13-57-45/Record Node 108/analysis/recNames=Block0038,Animal=PV_62/lizMov.mat"
PV_62_038_1556507_R,PV_62,038,PV_62_block_038,1556507.0,1556608.85,12.195241114943542,177.8964180861851,R,binocular,2,3,1,1,True,True,True,same,R,101.85000000009313,0.5952623883274456,86.89701917213847,True,False,,,7.619975142641351,0.6248318561987389,"/Volumes/Data-1/Nimrod/experiments/PV_62/2023_05_01/block_038/oe_files/2023-05-01_13-57-45/Record Node 108/analysis/recNames=Block0038,Animal=PV_62/lizMov.mat"
PV_62_038_1561008_R,PV_62,038,PV_62_block_038,1561007.8,1561058.75,6.365326376282203,95.37010723498742,R,binocular,2,0,0,0,False,False,False,none,,,,,False,False,,,6.043990000571383,0.9495176905762209,"/Volumes/Data-1/Nimrod/experiments/PV_62/2023_05_01/block_038/oe_files/2023-05-01_13-57-45/Record Node 108/analysis/recNames=Block0038,Animal=PV_62/lizMov.mat"
PV_62_038_1565424_R,PV_62,038,PV_62_block_038,1565423.6,1565474.5,5.9940414438087135,73.22936066845406,R,binocular,2,0,0,0,False,False,False,none,,,,,False,False,,,6.212121571109206,1.0363828193957099,"/Volumes/Data-1/Nimrod/experiments/PV_62/2023_05_01/block_038/oe_files/2023-05-01_13-57-45/Record Node 108/analysis/recNames=Block0038,Animal=PV_62/lizMov.mat"
PV_62_038_1566476_L,PV_62,038,PV_62_block_038,1566476.3,1566578.2,19.58712610039286,113.71224985991734,L,binocular,2,4,3,0,True,True,False,same,L,118.89999999990687,6.573147748072666,58.33170960905298,True,False,,,19.978518466953417,1.0199821231841002,"/Volumes/Data-1/Nimrod/experiments/PV_62/2023_05_01/block_038/oe_files/2023-05-01_13-57-45/Record Node 108/analysis/recNames=Block0038,Animal=PV_62/lizMov.mat"
PV_62_038_1566595_L,PV_62,038,PV_62_block_038,1566595.2,1566663.1,6.573147748072666,55.380540250864364,L,binocular,2,2,1,0,True,True,False,same,R,67.9000000001397,4.562117007103166,20.89557403701346,True,False,,,2.233600715259807,0.33980686284052086,"/Volumes/Data-1/Nimrod/experiments/PV_62/2023_05_01/block_038/oe_files/2023-05-01_13-57-45/Record Node 108/analysis/recNames=Block0038,Animal=PV_62/lizMov.mat"
PV_62_038_1586313_R,PV_62,038,PV_62_block_038,1586312.8,1586363.75,5.769803026448987,284.80682194825323,R,binocular,2,0,0,0,False,False,False,none,,,,,False,True,1586416.0,103.19999999995343,7.779685157041491,1.348345016524677,"/Volumes/Data-1/Nimrod/experiments/PV_62/2023_05_01/block_038/oe_files/2023-05-01_13-57-45/Record Node 108/analysis/recNames=Block0038,Animal=PV_62/lizMov.mat"
PV_62_038_1593803_R,PV_62,038,PV_62_block_038,1593803.45,1593888.35,17.231019623782533,326.43938818722216,R,binocular,2,0,0,0,False,False,False,none,,,,,False,False,,,16.75026365861015,0.9720993896084458,"/Volumes/Data-1/Nimrod/experiments/PV_62/2023_05_01/block_038/oe_files/2023-05-01_13-57-45/Record Node 108/analysis/recNames=Block0038,Animal=PV_62/lizMov.mat"
PV_62_038_1597829_R,PV_62,038,PV_62_block_038,1597828.9,1597947.75,13.643970109284139,271.413432341335,R,binocular,2,0,0,0,False,False,False,none,,,,,False,False,,,13.923940155059498,1.0205196906423044,"/Volumes/Data-1/Nimrod/experiments/PV_62/2023_05_01/block_038/oe_files/2023-05-01_13-57-45/Record Node 108/analysis/recNames=Block0038,Animal=PV_62/lizMov.mat"
PV_62_038_1598593_R,PV_62,038,PV_62_block_038,1598593.25,1598678.2,8.381720417263079,298.6937478073797,R,binocular,2,1,0,1,True,False,False,reverse,R,118.89999999990687,0.552934444054077,127.36692804494913,True,False,,,7.382516616596272,0.8807877439327567,"/Volumes/Data-1/Nimrod/experiments/PV_62/2023_05_01/block_038/oe_files/2023-05-01_13-57-45/Record Node 108/analysis/recNames=Block0038,Animal=PV_62/lizMov.mat"
PV_62_038_1599544_R,PV_62,038,PV_62_block_038,1599544.4,1599680.3,27.194238778611137,66.1550966133835,R,binocular,2,2,0,2,True,True,False,reverse,L,135.9000000001397,1.5908555322277573,95.71093598739691,True,False,,,24.348382583373805,0.8953507682856834,"/Volumes/Data-1/Nimrod/experiments/PV_62/2023_05_01/block_038/oe_files/2023-05-01_13-57-45/Record Node 108/analysis/recNames=Block0038,Animal=PV_62/lizMov.mat"
PV_62_038_1624409_L,PV_62,038,PV_62_block_038,1624409.05,1624511.0,8.83488293784961,122.72870196820935,L,binocular,2,0,0,0,False,False,False,none,,,,,False,False,,,8.722042821660578,0.9872278877962704,"/Volumes/Data-1/Nimrod/experiments/PV_62/2023_05_01/block_038/oe_files/2023-05-01_13-57-45/Record Node 108/analysis/recNames=Block0038,Animal=PV_62/lizMov.mat"
PV_62_038_1675162_R,PV_62,038,PV_62_block_038,1675161.55,1675246.45,15.065582989827842,285.0197453205893,R,binocular,2,2,2,0,True,True,False,same,L,101.8499999998603,1.0336404206223235,41.406100689603136,True,False,,,16.827810048906606,1.116970386095819,"/Volumes/Data-1/Nimrod/experiments/PV_62/2023_05_01/block_038/oe_files/2023-05-01_13-57-45/Record Node 108/analysis/recNames=Block0038,Animal=PV_62/lizMov.mat"
PV_62_038_1683873_R,PV_62,038,PV_62_block_038,1683873.0,1683940.9,7.249481560452072,31.309598166466916,R,binocular,2,2,0,2,True,True,False,reverse,L,84.89999999990687,1.6339877408257253,116.82290334095148,True,False,,,3.8198884176145125,0.526918840438613,"/Volumes/Data-1/Nimrod/experiments/PV_62/2023_05_01/block_038/oe_files/2023-05-01_13-57-45/Record Node 108/analysis/recNames=Block0038,Animal=PV_62/lizMov.mat"
PV_62_038_1684332_R,PV_62,038,PV_62_block_038,1684331.55,1684365.5,9.010211213266647,15.723785312551646,R,binocular,2,2,1,1,True,True,True,same,R,50.949999999953434,3.875668638361402,79.94915829771423,True,False,,,7.881791878396621,0.874762166151162,"/Volumes/Data-1/Nimrod/experiments/PV_62/2023_05_01/block_038/oe_files/2023-05-01_13-57-45/Record Node 108/analysis/recNames=Block0038,Animal=PV_62/lizMov.mat"
PV_62_038_1685096_R,PV_62,038,PV_62_block_038,1685095.7,1685163.6,5.941797391378846,22.87093726037047,R,binocular,2,2,0,2,True,True,False,reverse,R,84.9000000001397,4.236131458112112,95.47829329935564,True,False,,,3.4131016527915294,0.5744224227072625,"/Volumes/Data-1/Nimrod/experiments/PV_62/2023_05_01/block_038/oe_files/2023-05-01_13-57-45/Record Node 108/analysis/recNames=Block0038,Animal=PV_62/lizMov.mat"
PV_62_038_1685181_L,PV_62,038,PV_62_block_038,1685180.6,1685248.5,26.955039188342543,120.63892713127738,L,binocular,2,0,0,0,False,False,False,none,,,,,False,False,,,32.59905169334493,1.2093861732333633,"/Volumes/Data-1/Nimrod/experiments/PV_62/2023_05_01/block_038/oe_files/2023-05-01_13-57-45/Record Node 108/analysis/recNames=Block0038,Animal=PV_62/lizMov.mat"
PV_62_038_1689104_R,PV_62,038,PV_62_block_038,1689103.75,1689188.65,6.510514070181255,205.5726959712585,R,binocular,2,2,0,1,True,True,False,reverse,R,135.85000000009313,0.6348343043724948,122.95857899720912,True,False,,,4.437838877401663,0.6816418534025396,"/Volumes/Data-1/Nimrod/experiments/PV_62/2023_05_01/block_038/oe_files/2023-05-01_13-57-45/Record Node 108/analysis/recNames=Block0038,Animal=PV_62/lizMov.mat"
PV_62_038_1708330_L,PV_62,038,PV_62_block_038,1708330.1,1708415.05,8.809605637990996,229.64072255967434,L,binocular,2,2,2,0,True,True,False,same,R,135.8499999998603,0.5542778906404324,22.764006214322677,True,False,,,9.461198104477539,1.0739638632263608,"/Volumes/Data-1/Nimrod/experiments/PV_62/2023_05_01/block_038/oe_files/2023-05-01_13-57-45/Record Node 108/analysis/recNames=Block0038,Animal=PV_62/lizMov.mat"
PV_62_038_1784568_R,PV_62,038,PV_62_block_038,1784567.85,1784669.75,19.752054154430546,316.7825567606878,R,binocular,2,4,0,4,True,True,False,reverse,L,169.79999999981374,0.7634725881603891,109.48515767598812,True,True,1784624.0,56.14999999990687,13.229050272222409,0.6697556704123873,"/Volumes/Data-1/Nimrod/experiments/PV_62/2023_05_01/block_038/oe_files/2023-05-01_13-57-45/Record Node 108/analysis/recNames=Block0038,Animal=PV_62/lizMov.mat"
PV_62_038_1784772_L,PV_62,038,PV_62_block_038,1784771.65,1784839.6,6.3357313732262375,134.84004908223287,L,binocular,2,2,0,1,True,True,False,unknown,R,50.950000000186265,,,False,False,,,9.278367612524855,1.4644509159169399,"/Volumes/Data-1/Nimrod/experiments/PV_62/2023_05_01/block_038/oe_files/2023-05-01_13-57-45/Record Node 108/analysis/recNames=Block0038,Animal=PV_62/lizMov.mat"
PV_62_038_1800787_L,PV_62,038,PV_62_block_038,1800787.45,1800872.35,9.8530082855121,291.20907835546336,L,binocular,2,1,1,0,True,False,False,same,R,50.949999999953434,2.627562158547422,18.958687778073454,True,False,,,16.020992253016765,1.6260000792422038,"/Volumes/Data-1/Nimrod/experiments/PV_62/2023_05_01/block_038/oe_files/2023-05-01_13-57-45/Record Node 108/analysis/recNames=Block0038,Animal=PV_62/lizMov.mat"
PV_62_038_1816482_R,PV_62,038,PV_62_block_038,1816482.4,1816584.35,9.929041219971484,289.38264221715747,R,binocular,2,2,2,0,True,True,False,same,R,118.9000000001397,2.658415485479531,27.41131627110161,True,False,,,11.064375398230947,1.1143447945382507,"/Volumes/Data-1/Nimrod/experiments/PV_62/2023_05_01/block_038/oe_files/2023-05-01_13-57-45/Record Node 108/analysis/recNames=Block0038,Animal=PV_62/lizMov.mat"
PV_62_038_1818997_L,PV_62,038,PV_62_block_038,1818996.8,1819081.7,33.568958759454844,128.35632646911844,L,binocular,2,4,2,2,True,True,True,reverse,L,17.0,3.167625199927931,117.16257523184585,True,False,,,-11.260094670129797,-0.3354317526145592,"/Volumes/Data-1/Nimrod/experiments/PV_62/2023_05_01/block_038/oe_files/2023-05-01_13-57-45/Record Node 108/analysis/recNames=Block0038,Animal=PV_62/lizMov.mat"
PV_62_038_1834402_R,PV_62,038,PV_62_block_038,1834402.35,1834504.25,9.650248095391918,101.46982549112593,R,binocular,2,1,1,0,True,False,False,same,R,135.8499999998603,0.576550702977713,73.84715069575759,True,False,,,12.334833839060765,1.2781882618075655,"/Volumes/Data-1/Nimrod/experiments/PV_62/2023_05_01/block_038/oe_files/2023-05-01_13-57-45/Record Node 108/analysis/recNames=Block0038,Animal=PV_62/lizMov.mat"
PV_62_038_1836237_R,PV_62,038,PV_62_block_038,1836236.85,1836304.8,13.806691832779295,302.4270088764242,R,binocular,2,1,0,1,True,False,False,reverse,L,67.94999999995343,0.6163923857886553,138.82151047096698,True,False,,,8.212024383913407,0.5947858099082611,"/Volumes/Data-1/Nimrod/experiments/PV_62/2023_05_01/block_038/oe_files/2023-05-01_13-57-45/Record Node 108/analysis/recNames=Block0038,Animal=PV_62/lizMov.mat"
PV_62_038_1861444_R,PV_62,038,PV_62_block_038,1861443.85,1861511.8,10.941200134341745,130.6477703298988,R,binocular,2,2,0,2,True,True,False,reverse,R,203.79999999981374,1.7129151244870198,174.90075817830473,True,False,,,7.069150843954278,0.646103787258762,"/Volumes/Data-1/Nimrod/experiments/PV_62/2023_05_01/block_038/oe_files/2023-05-01_13-57-45/Record Node 108/analysis/recNames=Block0038,Animal=PV_62/lizMov.mat"
PV_62_038_1869120_R,PV_62,038,PV_62_block_038,1869120.0,1869170.95,5.641128272496567,127.1152636152,R,binocular,2,3,0,3,True,True,False,reverse,R,118.89999999990687,1.3058408171470999,179.75965668782908,True,False,,,4.523318865224975,0.801846482959536,"/Volumes/Data-1/Nimrod/experiments/PV_62/2023_05_01/block_038/oe_files/2023-05-01_13-57-45/Record Node 108/analysis/recNames=Block0038,Animal=PV_62/lizMov.mat"
PV_62_038_1871583_R,PV_62,038,PV_62_block_038,1871582.95,1871633.9,5.726813091110293,121.48818790672905,R,binocular,2,0,0,0,False,False,False,none,,,,,False,False,,,2.989518847215946,0.5220213755284878,"/Volumes/Data-1/Nimrod/experiments/PV_62/2023_05_01/block_038/oe_files/2023-05-01_13-57-45/Record Node 108/analysis/recNames=Block0038,Animal=PV_62/lizMov.mat"
PV_62_038_1898251_L,PV_62,038,PV_62_block_038,1898250.55,1898318.45,8.37736857094677,134.96686842429392,L,binocular,2,0,0,0,False,False,False,none,,,,,False,False,,,11.188038566471867,1.3355075011588573,"/Volumes/Data-1/Nimrod/experiments/PV_62/2023_05_01/block_038/oe_files/2023-05-01_13-57-45/Record Node 108/analysis/recNames=Block0038,Animal=PV_62/lizMov.mat"
PV_62_038_1908304_R,PV_62,038,PV_62_block_038,1908304.1,1908389.0,22.180136026132345,322.6990581323526,R,binocular,2,1,0,1,True,False,False,reverse,L,169.79999999981374,6.491408444450117,168.59230456596242,True,False,,,20.039484146795868,0.903487883175541,"/Volumes/Data-1/Nimrod/experiments/PV_62/2023_05_01/block_038/oe_files/2023-05-01_13-57-45/Record Node 108/analysis/recNames=Block0038,Animal=PV_62/lizMov.mat"
PV_62_038_1919988_R,PV_62,038,PV_62_block_038,1919988.1,1920073.0,8.181560724915252,319.05447525081956,R,binocular,2,1,0,1,True,False,False,reverse,R,220.79999999981374,1.779687978144258,165.92083509255923,True,False,,,8.544106634031781,1.0443125610511537,"/Volumes/Data-1/Nimrod/experiments/PV_62/2023_05_01/block_038/oe_files/2023-05-01_13-57-45/Record Node 108/analysis/recNames=Block0038,Animal=PV_62/lizMov.mat"
PV_62_038_1933251_L,PV_62,038,PV_62_block_038,1933250.55,1933335.4,32.0719091588772,128.78189129125127,L,binocular,2,1,0,1,True,False,False,reverse,L,16.949999999953434,6.55016834406666,104.66027379062778,True,False,,,31.613482401333606,0.9857062841107261,"/Volumes/Data-1/Nimrod/experiments/PV_62/2023_05_01/block_038/oe_files/2023-05-01_13-57-45/Record Node 108/analysis/recNames=Block0038,Animal=PV_62/lizMov.mat"
PV_62_038_1936426_R,PV_62,038,PV_62_block_038,1936425.85,1936493.75,15.957847811376354,139.66299481548862,R,binocular,2,0,0,0,False,False,False,none,,,,,False,False,,,16.123307042610513,1.0103685179348685,"/Volumes/Data-1/Nimrod/experiments/PV_62/2023_05_01/block_038/oe_files/2023-05-01_13-57-45/Record Node 108/analysis/recNames=Block0038,Animal=PV_62/lizMov.mat"
PV_62_038_1948686_R,PV_62,038,PV_62_block_038,1948685.95,1948770.85,15.988806819382305,146.3863906695265,R,binocular,2,1,1,0,True,False,False,same,L,237.69999999995343,9.58559707788225,27.654778457681005,True,False,,,16.627378181922417,1.0399386501915833,"/Volumes/Data-1/Nimrod/experiments/PV_62/2023_05_01/block_038/oe_files/2023-05-01_13-57-45/Record Node 108/analysis/recNames=Block0038,Animal=PV_62/lizMov.mat"
PV_62_038_1948924_L,PV_62,038,PV_62_block_038,1948923.65,1949008.55,9.58559707788225,174.0411691272075,L,binocular,2,1,0,0,True,False,False,unknown,R,152.85000000009313,,,False,False,,,6.809734460470833,0.7104131756365573,"/Volumes/Data-1/Nimrod/experiments/PV_62/2023_05_01/block_038/oe_files/2023-05-01_13-57-45/Record Node 108/analysis/recNames=Block0038,Animal=PV_62/lizMov.mat"
PV_62_038_1951522_L,PV_62,038,PV_62_block_038,1951521.6,1951589.55,5.762492404931297,185.33820379064855,L,binocular,2,0,0,0,False,False,False,none,,,,,False,False,,,2.561006644987051,0.44442690159477694,"/Volumes/Data-1/Nimrod/experiments/PV_62/2023_05_01/block_038/oe_files/2023-05-01_13-57-45/Record Node 108/analysis/recNames=Block0038,Animal=PV_62/lizMov.mat"
PV_62_038_1960284_L,PV_62,038,PV_62_block_038,1960283.8,1960368.7,10.895012599521015,189.92264802084273,L,binocular,2,0,0,0,False,False,False,none,,,,,False,False,,,9.037454628115931,0.8295038253111566,"/Volumes/Data-1/Nimrod/experiments/PV_62/2023_05_01/block_038/oe_files/2023-05-01_13-57-45/Record Node 108/analysis/recNames=Block0038,Animal=PV_62/lizMov.mat"
PV_62_038_1962848_R,PV_62,038,PV_62_block_038,1962847.75,1962915.7,6.344255430192367,124.93118618861328,R,binocular,2,1,0,1,True,False,False,reverse,R,186.80000000004657,0.513453646824546,156.00188126658736,True,False,,,1.5452160805193986,0.24356145453502737,"/Volumes/Data-1/Nimrod/experiments/PV_62/2023_05_01/block_038/oe_files/2023-05-01_13-57-45/Record Node 108/analysis/recNames=Block0038,Animal=PV_62/lizMov.mat"
PV_62_038_1993990_R,PV_62,038,PV_62_block_038,1993990.25,1994075.15,5.8418252640110575,312.19200043894375,R,binocular,2,0,0,0,False,False,False,none,,,,,False,False,,,4.983570083460154,0.8530844142432262,"/Volumes/Data-1/Nimrod/experiments/PV_62/2023_05_01/block_038/oe_files/2023-05-01_13-57-45/Record Node 108/analysis/recNames=Block0038,Animal=PV_62/lizMov.mat"
PV_62_038_1994364_R,PV_62,038,PV_62_block_038,1994363.85,1994414.8,8.91321609215595,130.39249938646708,R,binocular,2,0,0,0,False,False,False,none,,,,,False,False,,,5.545908021034029,0.6222117767249791,"/Volumes/Data-1/Nimrod/experiments/PV_62/2023_05_01/block_038/oe_files/2023-05-01_13-57-45/Record Node 108/analysis/recNames=Block0038,Animal=PV_62/lizMov.mat"
PV_62_038_2000053_R,PV_62,038,PV_62_block_038,2000052.95,2000103.9,7.233469578412665,237.82824193677698,R,binocular,2,0,0,0,False,False,False,none,,,,,False,False,,,5.970324985862891,0.8253750045041369,"/Volumes/Data-1/Nimrod/experiments/PV_62/2023_05_01/block_038/oe_files/2023-05-01_13-57-45/Record Node 108/analysis/recNames=Block0038,Animal=PV_62/lizMov.mat"
PV_62_038_2002736_R,PV_62,038,PV_62_block_038,2002736.15,2002906.0,15.431044984926473,112.33984485812012,R,binocular,2,0,0,0,False,False,False,none,,,,,False,False,,,13.4146230678929,0.8693269367691381,"/Volumes/Data-1/Nimrod/experiments/PV_62/2023_05_01/block_038/oe_files/2023-05-01_13-57-45/Record Node 108/analysis/recNames=Block0038,Animal=PV_62/lizMov.mat"
PV_62_038_2047167_R,PV_62,038,PV_62_block_038,2047166.8,2047302.7,16.68164141197958,338.6108465195919,R,binocular,2,4,0,4,True,True,False,reverse,R,152.89999999990687,3.109361404289787,123.10628254562101,True,False,,,12.372513452890832,0.7416844150603648,"/Volumes/Data-1/Nimrod/experiments/PV_62/2023_05_01/block_038/oe_files/2023-05-01_13-57-45/Record Node 108/analysis/recNames=Block0038,Animal=PV_62/lizMov.mat"
PV_62_038_2047320_L,PV_62,038,PV_62_block_038,2047319.7,2047489.5,27.3742056379568,132.7371761494076,L,binocular,2,2,2,0,True,True,False,same,R,50.9000000001397,0.7797585071967291,52.05671346158218,True,False,,,28.761597418602648,1.0506824489811717,"/Volumes/Data-1/Nimrod/experiments/PV_62/2023_05_01/block_038/oe_files/2023-05-01_13-57-45/Record Node 108/analysis/recNames=Block0038,Animal=PV_62/lizMov.mat"
PV_62_038_2050071_L,PV_62,038,PV_62_block_038,2050071.25,2050190.2,10.843613248064178,318.8506596473546,L,binocular,2,3,0,3,True,True,False,reverse,R,67.94999999995343,2.9873051219182556,132.24857146765078,True,False,,,12.28135848144197,1.1325891287790497,"/Volumes/Data-1/Nimrod/experiments/PV_62/2023_05_01/block_038/oe_files/2023-05-01_13-57-45/Record Node 108/analysis/recNames=Block0038,Animal=PV_62/lizMov.mat"
PV_62_038_2051481_R,PV_62,038,PV_62_block_038,2051481.05,2051549.0,9.251680267109665,139.85716195581944,R,binocular,2,0,0,0,False,False,False,none,,,,,False,False,,,12.696522964614797,1.372347789595775,"/Volumes/Data-1/Nimrod/experiments/PV_62/2023_05_01/block_038/oe_files/2023-05-01_13-57-45/Record Node 108/analysis/recNames=Block0038,Animal=PV_62/lizMov.mat"
PV_62_038_2052008_R,PV_62,038,PV_62_block_038,2052007.55,2052092.5,12.935942550359835,261.2314412036093,R,binocular,2,3,2,1,True,True,True,reverse,R,84.94999999995343,5.024930953778842,160.6318703451151,True,False,,,7.7856198649117,0.6018594960979577,"/Volumes/Data-1/Nimrod/experiments/PV_62/2023_05_01/block_038/oe_files/2023-05-01_13-57-45/Record Node 108/analysis/recNames=Block0038,Animal=PV_62/lizMov.mat"
PV_62_038_2053298_L,PV_62,038,PV_62_block_038,2053298.35,2053366.25,10.006652121739169,4.775328375624407,L,binocular,2,2,0,2,True,True,False,reverse,L,135.8499999998603,0.5312689132450549,134.8252701268297,True,False,,,3.6415967779116585,0.3639175953764189,"/Volumes/Data-1/Nimrod/experiments/PV_62/2023_05_01/block_038/oe_files/2023-05-01_13-57-45/Record Node 108/analysis/recNames=Block0038,Animal=PV_62/lizMov.mat"
PV_62_038_2054419_L,PV_62,038,PV_62_block_038,2054419.2,2054470.15,6.327884302756419,21.293023301094525,L,binocular,2,3,0,3,True,True,False,reverse,L,135.9000000001397,0.7012165229914159,142.98578506477315,True,False,,,4.7696900421644735,0.7537574667866165,"/Volumes/Data-1/Nimrod/experiments/PV_62/2023_05_01/block_038/oe_files/2023-05-01_13-57-45/Record Node 108/analysis/recNames=Block0038,Animal=PV_62/lizMov.mat"
PV_62_038_2054555_R,PV_62,038,PV_62_block_038,2054555.1,2054589.1,6.074949378391926,261.6641769753312,R,binocular,2,2,1,1,True,True,True,same,R,68.0,2.2970336203505477,6.1680700921797325,True,False,,,3.3822236834020623,0.5567492785096024,"/Volumes/Data-1/Nimrod/experiments/PV_62/2023_05_01/block_038/oe_files/2023-05-01_13-57-45/Record Node 108/analysis/recNames=Block0038,Animal=PV_62/lizMov.mat"
PV_62_038_2058886_L,PV_62,038,PV_62_block_038,2058886.4,2058988.3,7.637935993679208,270.5129140234772,L,binocular,2,2,1,1,True,True,True,reverse,L,118.9000000001397,5.479008610845846,128.03382616057786,True,False,,,5.392876919219169,0.7060646912571743,"/Volumes/Data-1/Nimrod/experiments/PV_62/2023_05_01/block_038/oe_files/2023-05-01_13-57-45/Record Node 108/analysis/recNames=Block0038,Animal=PV_62/lizMov.mat"
PV_62_038_2071843_R,PV_62,038,PV_62_block_038,2071843.35,2071928.25,10.473320685144904,157.13393099281836,R,binocular,2,1,0,1,True,False,False,reverse,R,101.89999999990687,0.5325020958953044,174.25390131411712,True,False,,,8.72651990089236,0.8332142367482204,"/Volumes/Data-1/Nimrod/experiments/PV_62/2023_05_01/block_038/oe_files/2023-05-01_13-57-45/Record Node 108/analysis/recNames=Block0038,Animal=PV_62/lizMov.mat"
PV_62_038_2076768_R,PV_62,038,PV_62_block_038,2076768.45,2076819.45,7.797028603054508,111.85271255239064,R,binocular,2,1,1,0,True,False,False,same,R,135.9000000001397,0.6457495959898125,70.03563996493853,True,False,,,13.112559247226281,1.6817379946624025,"/Volumes/Data-1/Nimrod/experiments/PV_62/2023_05_01/block_038/oe_files/2023-05-01_13-57-45/Record Node 108/analysis/recNames=Block0038,Animal=PV_62/lizMov.mat"
PV_62_038_2083239_R,PV_62,038,PV_62_block_038,2083238.75,2083289.75,9.694990290432953,159.11538449689579,R,binocular,2,4,0,4,True,True,False,reverse,R,101.94999999995343,5.404395915149254,173.91453758512802,True,False,,,2.7285529327211067,0.28143947038437483,"/Volumes/Data-1/Nimrod/experiments/PV_62/2023_05_01/block_038/oe_files/2023-05-01_13-57-45/Record Node 108/analysis/recNames=Block0038,Animal=PV_62/lizMov.mat"
PV_62_038_2084801_R,PV_62,038,PV_62_block_038,2084801.2,2084852.15,11.87872183160634,97.39465474676172,R,binocular,2,2,2,0,True,True,False,same,L,101.85000000009313,6.725556223632022,47.37616240136347,True,False,,,19.829645396903132,1.6693416748038792,"/Volumes/Data-1/Nimrod/experiments/PV_62/2023_05_01/block_038/oe_files/2023-05-01_13-57-45/Record Node 108/analysis/recNames=Block0038,Animal=PV_62/lizMov.mat"
PV_62_038_2104469_R,PV_62,038,PV_62_block_038,2104468.75,2104536.7,5.704357828381484,144.61111137288358,R,binocular,2,0,0,0,False,False,False,none,,,,,False,False,,,5.0460852064071045,0.8846018006270211,"/Volumes/Data-1/Nimrod/experiments/PV_62/2023_05_01/block_038/oe_files/2023-05-01_13-57-45/Record Node 108/analysis/recNames=Block0038,Animal=PV_62/lizMov.mat"
PV_62_038_2107576_R,PV_62,038,PV_62_block_038,2107576.5,2107644.45,7.524330509822334,220.61612563029271,R,binocular,2,2,0,2,True,True,False,reverse,R,118.85000000009313,7.563150037485496,134.4136381849197,False,False,,,0.8077024325382842,0.10734542182642053,"/Volumes/Data-1/Nimrod/experiments/PV_62/2023_05_01/block_038/oe_files/2023-05-01_13-57-45/Record Node 108/analysis/recNames=Block0038,Animal=PV_62/lizMov.mat"
PV_62_038_2109767_R,PV_62,038,PV_62_block_038,2109766.95,2109834.85,6.777037134598871,145.53385118197855,R,binocular,2,1,1,0,True,False,False,same,R,84.89999999990687,1.3466613389750544,56.93798671321167,True,False,,,5.49983192864289,0.8115392935600938,"/Volumes/Data-1/Nimrod/experiments/PV_62/2023_05_01/block_038/oe_files/2023-05-01_13-57-45/Record Node 108/analysis/recNames=Block0038,Animal=PV_62/lizMov.mat"
PV_62_038_2111159_R,PV_62,038,PV_62_block_038,2111159.4,2111295.25,9.552934465614944,231.1331850980298,R,binocular,2,0,0,0,False,False,False,none,,,,,False,False,,,8.525286475824256,0.8924259353511083,"/Volumes/Data-1/Nimrod/experiments/PV_62/2023_05_01/block_038/oe_files/2023-05-01_13-57-45/Record Node 108/analysis/recNames=Block0038,Animal=PV_62/lizMov.mat"
PV_62_038_2113843_R,PV_62,038,PV_62_block_038,2113842.7,2113910.65,5.667022681989545,276.45196291817496,R,binocular,2,0,0,0,False,False,False,none,,,,,False,False,,,3.142532948857618,0.5545297990150898,"/Volumes/Data-1/Nimrod/experiments/PV_62/2023_05_01/block_038/oe_files/2023-05-01_13-57-45/Record Node 108/analysis/recNames=Block0038,Animal=PV_62/lizMov.mat"
PV_62_038_2119244_R,PV_62,038,PV_62_block_038,2119243.65,2119379.5,12.331660241988187,123.52418422672017,R,binocular,2,1,1,0,True,False,False,same,L,135.85000000009313,2.538761153567896,52.582428741687124,True,False,,,14.583885028893464,1.1826375964557194,"/Volumes/Data-1/Nimrod/experiments/PV_62/2023_05_01/block_038/oe_files/2023-05-01_13-57-45/Record Node 108/analysis/recNames=Block0038,Animal=PV_62/lizMov.mat"
PV_62_038_2122556_R,PV_62,038,PV_62_block_038,2122555.5,2122708.4,14.427452420894994,184.4736434365353,R,binocular,2,2,0,2,True,True,False,reverse,R,169.85000000009313,1.3809546332544798,116.48558557774595,True,False,,,12.615605209040874,0.8744166912496584,"/Volumes/Data-1/Nimrod/experiments/PV_62/2023_05_01/block_038/oe_files/2023-05-01_13-57-45/Record Node 108/analysis/recNames=Block0038,Animal=PV_62/lizMov.mat"
PV_62_038_2125528_R,PV_62,038,PV_62_block_038,2125527.5,2125595.4,10.602174502018341,131.13956672649658,R,binocular,2,2,0,2,True,True,False,reverse,R,101.85000000009313,0.5414208374192053,145.18594021125557,True,False,,,3.159720598190934,0.29802571138490663,"/Volumes/Data-1/Nimrod/experiments/PV_62/2023_05_01/block_038/oe_files/2023-05-01_13-57-45/Record Node 108/analysis/recNames=Block0038,Animal=PV_62/lizMov.mat"
PV_62_038_2129382_R,PV_62,038,PV_62_block_038,2129382.3,2129433.25,7.8951912121825725,114.0275958468689,R,binocular,2,3,0,3,True,True,False,reverse,L,84.90000000037253,1.3953391339924597,177.07139556765316,True,False,,,1.276341825517763,0.16166066042179197,"/Volumes/Data-1/Nimrod/experiments/PV_62/2023_05_01/block_038/oe_files/2023-05-01_13-57-45/Record Node 108/analysis/recNames=Block0038,Animal=PV_62/lizMov.mat"
PV_62_038_2129875_R,PV_62,038,PV_62_block_038,2129874.7,2129993.55,19.399982227384236,271.1608946672465,R,binocular,2,0,0,0,False,False,False,none,,,,,False,False,,,20.676210836113654,1.0657850400980238,"/Volumes/Data-1/Nimrod/experiments/PV_62/2023_05_01/block_038/oe_files/2023-05-01_13-57-45/Record Node 108/analysis/recNames=Block0038,Animal=PV_62/lizMov.mat"
PV_62_038_2132167_R,PV_62,038,PV_62_block_038,2132167.0,2132302.8,9.734474033697348,187.44608849907024,R,binocular,2,1,0,0,True,False,False,unknown,R,152.75,,,False,False,,,8.780128283434212,0.9019622686382928,"/Volumes/Data-1/Nimrod/experiments/PV_62/2023_05_01/block_038/oe_files/2023-05-01_13-57-45/Record Node 108/analysis/recNames=Block0038,Animal=PV_62/lizMov.mat"
PV_62_038_2133508_R,PV_62,038,PV_62_block_038,2133508.45,2133525.45,6.689812946202895,91.54599988053172,R,binocular,2,4,1,2,True,True,True,reverse,R,17.0,4.4664581631603415,166.9881710795646,True,False,,,-7.797129932363001,-1.1655228621584426,"/Volumes/Data-1/Nimrod/experiments/PV_62/2023_05_01/block_038/oe_files/2023-05-01_13-57-45/Record Node 108/analysis/recNames=Block0038,Animal=PV_62/lizMov.mat"
PV_62_038_2134867_R,PV_62,038,PV_62_block_038,2134866.85,2134917.8,14.554607493253926,31.545714483687824,R,binocular,2,1,1,0,True,False,False,same,R,169.85000000009313,5.917629876420197,59.76207334001799,True,False,,,19.63322955007602,1.348935693331204,"/Volumes/Data-1/Nimrod/experiments/PV_62/2023_05_01/block_038/oe_files/2023-05-01_13-57-45/Record Node 108/analysis/recNames=Block0038,Animal=PV_62/lizMov.mat"
PV_62_038_2136514_R,PV_62,038,PV_62_block_038,2136514.2,2136599.1,15.984985376927828,354.6979976192268,R,binocular,2,1,0,1,True,False,False,reverse,L,152.79999999981374,0.5754373193683724,133.90999910258412,True,False,,,12.562587100634467,0.7858991925489571,"/Volumes/Data-1/Nimrod/experiments/PV_62/2023_05_01/block_038/oe_files/2023-05-01_13-57-45/Record Node 108/analysis/recNames=Block0038,Animal=PV_62/lizMov.mat"
PV_62_038_2137142_R,PV_62,038,PV_62_block_038,2137142.45,2137227.35,19.956518148278917,56.88046133846752,R,binocular,2,1,0,1,True,False,False,reverse,L,84.89999999990687,0.7793505437748078,104.50900913796943,True,False,,,17.739039285377878,0.888884481429829,"/Volumes/Data-1/Nimrod/experiments/PV_62/2023_05_01/block_038/oe_files/2023-05-01_13-57-45/Record Node 108/analysis/recNames=Block0038,Animal=PV_62/lizMov.mat"
PV_62_038_2140963_R,PV_62,038,PV_62_block_038,2140963.0,2141098.9,30.628693695026328,260.80350807513275,R,binocular,2,0,0,0,False,False,False,none,,,,,False,False,,,29.316706758438645,0.9571647766094337,"/Volumes/Data-1/Nimrod/experiments/PV_62/2023_05_01/block_038/oe_files/2023-05-01_13-57-45/Record Node 108/analysis/recNames=Block0038,Animal=PV_62/lizMov.mat"
PV_62_038_2142322_R,PV_62,038,PV_62_block_038,2142321.65,2142423.6,11.554207617449917,282.97765543458445,R,binocular,2,2,1,1,True,True,True,same,L,84.95000000018626,4.299694371040586,30.58700377911353,True,False,,,11.091731522426267,0.9599733611913648,"/Volumes/Data-1/Nimrod/experiments/PV_62/2023_05_01/block_038/oe_files/2023-05-01_13-57-45/Record Node 108/analysis/recNames=Block0038,Animal=PV_62/lizMov.mat"
PV_62_038_2143969_R,PV_62,038,PV_62_block_038,2143968.8,2144002.8,6.233124098791737,0.5023593378627916,R,binocular,2,4,0,3,True,True,False,unknown,L,67.95000000018626,,,False,False,,,1.2497579353042512,0.20050265573029602,"/Volumes/Data-1/Nimrod/experiments/PV_62/2023_05_01/block_038/oe_files/2023-05-01_13-57-45/Record Node 108/analysis/recNames=Block0038,Animal=PV_62/lizMov.mat"
PV_62_038_2144886_R,PV_62,038,PV_62_block_038,2144885.7,2144953.65,9.977835649203056,334.2524833264198,R,binocular,2,2,1,1,True,True,True,same,L,17.0,11.271828241777678,42.81050211908007,False,False,,,7.953871185908539,0.7971539585885868,"/Volumes/Data-1/Nimrod/experiments/PV_62/2023_05_01/block_038/oe_files/2023-05-01_13-57-45/Record Node 108/analysis/recNames=Block0038,Animal=PV_62/lizMov.mat"
PV_62_038_2149046_R,PV_62,038,PV_62_block_038,2149045.95,2149130.85,9.36564454351345,65.21507419925558,R,binocular,2,0,0,0,False,False,False,none,,,,,False,False,,,6.072110900835897,0.6483388166852199,"/Volumes/Data-1/Nimrod/experiments/PV_62/2023_05_01/block_038/oe_files/2023-05-01_13-57-45/Record Node 108/analysis/recNames=Block0038,Animal=PV_62/lizMov.mat"
PV_62_038_2154531_L,PV_62,038,PV_62_block_038,2154530.85,2154581.8,11.632698216282584,170.07195129421476,L,binocular,2,0,0,0,False,False,False,none,,,,,False,False,,,9.449581924763594,0.8123293279917443,"/Volumes/Data-1/Nimrod/experiments/PV_62/2023_05_01/block_038/oe_files/2023-05-01_13-57-45/Record Node 108/analysis/recNames=Block0038,Animal=PV_62/lizMov.mat"
PV_62_038_2155040_L,PV_62,038,PV_62_block_038,2155040.3,2155091.25,6.321568148074822,266.52612610213356,L,binocular,2,1,0,1,True,False,False,reverse,L,33.950000000186265,3.0355104677026334,111.3888180541741,True,False,,,8.909106981156015,1.4093191392501567,"/Volumes/Data-1/Nimrod/experiments/PV_62/2023_05_01/block_038/oe_files/2023-05-01_13-57-45/Record Node 108/analysis/recNames=Block0038,Animal=PV_62/lizMov.mat"
PV_62_038_2163598_L,PV_62,038,PV_62_block_038,2163598.25,2163683.15,8.26886348694698,131.25177839293957,L,binocular,2,0,0,0,False,False,False,none,,,,,False,False,,,8.815800230182475,1.0661441253805768,"/Volumes/Data-1/Nimrod/experiments/PV_62/2023_05_01/block_038/oe_files/2023-05-01_13-57-45/Record Node 108/analysis/recNames=Block0038,Animal=PV_62/lizMov.mat"
PV_62_038_2164634_R,PV_62,038,PV_62_block_038,2164634.0,2164718.9,8.86252252059202,178.6381380871095,R,binocular,2,2,0,2,True,True,False,reverse,R,101.89999999990687,5.873843077567267,169.11823600412401,True,False,,,2.22342880544652,0.25087990470889027,"/Volumes/Data-1/Nimrod/experiments/PV_62/2023_05_01/block_038/oe_files/2023-05-01_13-57-45/Record Node 108/analysis/recNames=Block0038,Animal=PV_62/lizMov.mat"
PV_62_038_2177129_R,PV_62,038,PV_62_block_038,2177128.65,2177213.55,8.58512061034495,197.26296491663481,R,binocular,2,3,1,2,True,True,True,same,R,101.89999999990687,0.5170637559914656,69.71175434356445,True,False,,,5.619461463459805,0.6545582430942709,"/Volumes/Data-1/Nimrod/experiments/PV_62/2023_05_01/block_038/oe_files/2023-05-01_13-57-45/Record Node 108/analysis/recNames=Block0038,Animal=PV_62/lizMov.mat"
PV_62_038_2179523_R,PV_62,038,PV_62_block_038,2179522.75,2179658.55,23.10043007071032,238.82268059758778,R,binocular,2,0,0,0,False,False,False,none,,,,,False,False,,,20.8937279733522,0.9044735491675516,"/Volumes/Data-1/Nimrod/experiments/PV_62/2023_05_01/block_038/oe_files/2023-05-01_13-57-45/Record Node 108/analysis/recNames=Block0038,Animal=PV_62/lizMov.mat"
PV_62_038_2180745_R,PV_62,038,PV_62_block_038,2180745.15,2180847.0,23.424872231012696,59.03484641526723,R,binocular,2,3,1,1,True,True,True,reverse,L,118.85000000009313,0.6080644493864216,142.82530568369498,True,False,,,21.801912518911102,0.93071638999367,"/Volumes/Data-1/Nimrod/experiments/PV_62/2023_05_01/block_038/oe_files/2023-05-01_13-57-45/Record Node 108/analysis/recNames=Block0038,Animal=PV_62/lizMov.mat"
PV_62_038_2208391_R,PV_62,038,PV_62_block_038,2208390.65,2208441.6,10.53356783213473,138.8617275732243,R,binocular,2,1,0,1,True,False,False,reverse,R,220.75,0.5269712949149874,172.52682326236487,True,False,,,4.781182901510836,0.4538996641693323,"/Volumes/Data-1/Nimrod/experiments/PV_62/2023_05_01/block_038/oe_files/2023-05-01_13-57-45/Record Node 108/analysis/recNames=Block0038,Animal=PV_62/lizMov.mat"
PV_62_038_2210666_L,PV_62,038,PV_62_block_038,2210665.75,2210767.65,7.216848428773104,129.58477565012058,L,binocular,2,4,2,1,True,True,True,same,R,50.950000000186265,0.666192460145874,12.051693020008173,True,False,,,0.8138483217894037,0.11277059921954902,"/Volumes/Data-1/Nimrod/experiments/PV_62/2023_05_01/block_038/oe_files/2023-05-01_13-57-45/Record Node 108/analysis/recNames=Block0038,Animal=PV_62/lizMov.mat"
PV_62_038_2213552_R,PV_62,038,PV_62_block_038,2213552.5,2213637.4,11.810577980285693,280.57601707352114,R,binocular,2,2,2,0,True,True,False,same,L,101.89999999990687,1.5241615841549712,84.74558775790223,True,False,,,14.127203486447552,1.1961483603959762,"/Volumes/Data-1/Nimrod/experiments/PV_62/2023_05_01/block_038/oe_files/2023-05-01_13-57-45/Record Node 108/analysis/recNames=Block0038,Animal=PV_62/lizMov.mat"
PV_62_038_2232504_L,PV_62,038,PV_62_block_038,2232503.7,2232554.6,19.263875819391647,288.4690292922945,L,binocular,2,3,0,3,True,True,False,reverse,R,50.89999999990687,0.5108219503438641,161.47675475576,True,False,,,10.29270684446545,0.5343009340884805,"/Volumes/Data-1/Nimrod/experiments/PV_62/2023_05_01/block_038/oe_files/2023-05-01_13-57-45/Record Node 108/analysis/recNames=Block0038,Animal=PV_62/lizMov.mat"
PV_62_038_2240383_L,PV_62,038,PV_62_block_038,2240382.7,2240484.6,13.285731106026073,317.6589476187892,L,binocular,2,3,0,3,True,True,False,reverse,R,101.89999999990687,1.666041036417345,108.08969143690345,True,False,,,5.258987949853514,0.3958373015293204,"/Volumes/Data-1/Nimrod/experiments/PV_62/2023_05_01/block_038/oe_files/2023-05-01_13-57-45/Record Node 108/analysis/recNames=Block0038,Animal=PV_62/lizMov.mat"
PV_62_038_2241877_L,PV_62,038,PV_62_block_038,2241876.9,2241961.8,8.131779981014514,317.0556854808972,L,binocular,2,2,0,2,True,True,False,reverse,L,101.89999999990687,4.143792640874746,169.38400905191588,True,False,,,-2.5483666871069515,-0.3133836248713925,"/Volumes/Data-1/Nimrod/experiments/PV_62/2023_05_01/block_038/oe_files/2023-05-01_13-57-45/Record Node 108/analysis/recNames=Block0038,Animal=PV_62/lizMov.mat"
PV_62_038_2244764_R,PV_62,038,PV_62_block_038,2244763.6,2244865.5,9.541813878612057,267.5656065571006,R,binocular,2,0,0,0,False,False,False,none,,,,,False,False,,,9.648049575896088,1.0111337004300784,"/Volumes/Data-1/Nimrod/experiments/PV_62/2023_05_01/block_038/oe_files/2023-05-01_13-57-45/Record Node 108/analysis/recNames=Block0038,Animal=PV_62/lizMov.mat"
PV_62_038_2246835_L,PV_62,038,PV_62_block_038,2246835.25,2246886.15,6.334011174612859,336.1658858490904,L,binocular,2,4,1,3,True,True,True,same,R,67.89999999990687,2.1109163268201665,74.95614199317072,True,False,,,2.9886878756290622,0.47184758492500356,"/Volumes/Data-1/Nimrod/experiments/PV_62/2023_05_01/block_038/oe_files/2023-05-01_13-57-45/Record Node 108/analysis/recNames=Block0038,Animal=PV_62/lizMov.mat"
PV_62_038_2253322_R,PV_62,038,PV_62_block_038,2253321.55,2253389.45,12.758839646052234,176.4579584948324,R,binocular,2,2,1,1,True,True,True,reverse,R,152.8000000002794,0.6616367628634455,140.92951152195573,True,False,,,13.241211525149188,1.0378068768382247,"/Volumes/Data-1/Nimrod/experiments/PV_62/2023_05_01/block_038/oe_files/2023-05-01_13-57-45/Record Node 108/analysis/recNames=Block0038,Animal=PV_62/lizMov.mat"
PV_62_038_2253593_R,PV_62,038,PV_62_block_038,2253593.15,2253678.05,6.5336428097604395,10.158670612617396,R,binocular,2,1,1,0,True,False,False,same,L,50.950000000186265,2.799881664290303,41.021788224033685,True,False,,,7.631623235680334,1.168050268110716,"/Volumes/Data-1/Nimrod/experiments/PV_62/2023_05_01/block_038/oe_files/2023-05-01_13-57-45/Record Node 108/analysis/recNames=Block0038,Animal=PV_62/lizMov.mat"
PV_62_038_2256768_R,PV_62,038,PV_62_block_038,2256767.85,2256852.75,11.54553190340172,197.2773009963684,R,binocular,2,4,1,3,True,True,True,reverse,R,118.85000000009313,3.1158952203565793,173.02049355995908,True,False,,,3.4733909222677957,0.30084286729521853,"/Volumes/Data-1/Nimrod/experiments/PV_62/2023_05_01/block_038/oe_files/2023-05-01_13-57-45/Record Node 108/analysis/recNames=Block0038,Animal=PV_62/lizMov.mat"
PV_62_038_2258533_R,PV_62,038,PV_62_block_038,2258533.3,2258601.2,5.921548621806256,158.25544730839297,R,binocular,2,1,0,1,True,False,False,reverse,R,84.85000000009313,2.5833385103752597,165.5633372381792,True,False,,,0.15448792711287695,0.02608910894423313,"/Volumes/Data-1/Nimrod/experiments/PV_62/2023_05_01/block_038/oe_files/2023-05-01_13-57-45/Record Node 108/analysis/recNames=Block0038,Animal=PV_62/lizMov.mat"
PV_62_038_2260774_L,PV_62,038,PV_62_block_038,2260773.95,2260841.9,8.114287006983028,106.49535390253497,L,binocular,2,0,0,0,False,False,False,none,,,,,False,False,,,5.146755902479095,0.63428319679226,"/Volumes/Data-1/Nimrod/experiments/PV_62/2023_05_01/block_038/oe_files/2023-05-01_13-57-45/Record Node 108/analysis/recNames=Block0038,Animal=PV_62/lizMov.mat"
PV_62_038_2278161_R,PV_62,038,PV_62_block_038,2278160.7,2278228.65,16.852224146288282,351.12029618176655,R,binocular,2,0,0,0,False,False,False,none,,,,,False,False,,,16.31276647041681,0.9679889330222156,"/Volumes/Data-1/Nimrod/experiments/PV_62/2023_05_01/block_038/oe_files/2023-05-01_13-57-45/Record Node 108/analysis/recNames=Block0038,Animal=PV_62/lizMov.mat"
PV_62_038_2289893_L,PV_62,038,PV_62_block_038,2289893.35,2289978.25,17.19960921687454,130.17028587391286,L,binocular,2,1,1,0,True,False,False,same,R,67.9499999997206,1.2842643671124052,17.380480788309256,True,False,,,19.48923152738697,1.1331206006858623,"/Volumes/Data-1/Nimrod/experiments/PV_62/2023_05_01/block_038/oe_files/2023-05-01_13-57-45/Record Node 108/analysis/recNames=Block0038,Animal=PV_62/lizMov.mat"
PV_62_038_2290471_R,PV_62,038,PV_62_block_038,2290470.7,2290538.65,6.639552288558351,54.024657706569975,R,binocular,2,1,0,1,True,False,False,reverse,L,84.89999999990687,0.6202810854369301,114.83044891813955,True,False,,,4.012342430253363,0.6043091846972358,"/Volumes/Data-1/Nimrod/experiments/PV_62/2023_05_01/block_038/oe_files/2023-05-01_13-57-45/Record Node 108/analysis/recNames=Block0038,Animal=PV_62/lizMov.mat"
PV_62_038_2291914_R,PV_62,038,PV_62_block_038,2291914.05,2291982.0,5.979505940425959,303.09252684985415,R,binocular,2,1,0,1,True,False,False,reverse,R,101.90000000037253,0.6782097820247256,140.42991415355402,True,False,,,3.2178062953304076,0.5381391585508121,"/Volumes/Data-1/Nimrod/experiments/PV_62/2023_05_01/block_038/oe_files/2023-05-01_13-57-45/Record Node 108/analysis/recNames=Block0038,Animal=PV_62/lizMov.mat"
PV_62_038_2304464_L,PV_62,038,PV_62_block_038,2304463.7,2304514.65,18.731222995412043,260.66974101870954,L,binocular,2,0,0,0,False,False,False,none,,,,,False,False,,,19.16560216796987,1.023190112715236,"/Volumes/Data-1/Nimrod/experiments/PV_62/2023_05_01/block_038/oe_files/2023-05-01_13-57-45/Record Node 108/analysis/recNames=Block0038,Animal=PV_62/lizMov.mat"
PV_62_038_2306994_R,PV_62,038,PV_62_block_038,2306993.5,2307061.4,9.594056210352495,156.76947911306598,R,binocular,2,1,0,1,True,False,False,reverse,R,84.89999999990687,2.563148982914745,130.06325270679903,True,False,,,4.95946240233364,0.5169307218548623,"/Volumes/Data-1/Nimrod/experiments/PV_62/2023_05_01/block_038/oe_files/2023-05-01_13-57-45/Record Node 108/analysis/recNames=Block0038,Animal=PV_62/lizMov.mat"
PV_62_038_2311561_R,PV_62,038,PV_62_block_038,2311560.8,2311594.75,5.5679847658399355,166.09616525896553,R,binocular,2,1,0,1,True,False,False,reverse,R,84.90000000037253,0.7236024286005003,154.8377549318164,True,False,,,1.9096580497040092,0.34297113408426066,"/Volumes/Data-1/Nimrod/experiments/PV_62/2023_05_01/block_038/oe_files/2023-05-01_13-57-45/Record Node 108/analysis/recNames=Block0038,Animal=PV_62/lizMov.mat"
PV_62_038_2313326_R,PV_62,038,PV_62_block_038,2313326.5,2313394.4,11.539961327739496,126.31418941255993,R,binocular,2,2,0,2,True,True,False,reverse,L,101.85000000009313,1.2990995636234737,116.66288819026755,True,False,,,7.343310231762567,0.6363375078312339,"/Volumes/Data-1/Nimrod/experiments/PV_62/2023_05_01/block_038/oe_files/2023-05-01_13-57-45/Record Node 108/analysis/recNames=Block0038,Animal=PV_62/lizMov.mat"
PV_62_038_2314464_R,PV_62,038,PV_62_block_038,2314464.2,2314515.15,8.210276739548089,175.70225824539932,R,binocular,2,1,1,0,True,False,False,same,R,84.84999999962747,1.469617187113795,89.59778930339917,True,False,,,6.626007028283249,0.8070382081478972,"/Volumes/Data-1/Nimrod/experiments/PV_62/2023_05_01/block_038/oe_files/2023-05-01_13-57-45/Record Node 108/analysis/recNames=Block0038,Animal=PV_62/lizMov.mat"
PV_62_038_2314872_R,PV_62,038,PV_62_block_038,2314871.7,2314922.6,7.229400414239304,152.44691807441413,R,binocular,2,2,0,2,True,True,False,reverse,L,101.84999999962747,2.0819089952352745,168.41345760845638,True,False,,,2.1750457966696777,0.30086116026795584,"/Volumes/Data-1/Nimrod/experiments/PV_62/2023_05_01/block_038/oe_files/2023-05-01_13-57-45/Record Node 108/analysis/recNames=Block0038,Animal=PV_62/lizMov.mat"
PV_62_038_2321886_R,PV_62,038,PV_62_block_038,2321885.7,2321953.65,6.729948762085493,135.6831619817401,R,binocular,2,1,0,1,True,False,False,reverse,R,101.89999999990687,0.5679096383281053,137.34242034825263,True,False,,,4.565335028051106,0.6783610380172328,"/Volumes/Data-1/Nimrod/experiments/PV_62/2023_05_01/block_038/oe_files/2023-05-01_13-57-45/Record Node 108/analysis/recNames=Block0038,Animal=PV_62/lizMov.mat"
PV_62_038_2323397_R,PV_62,038,PV_62_block_038,2323397.0,2323447.95,5.773112076540826,312.2571962263245,R,binocular,2,2,0,2,True,True,False,reverse,R,67.89999999990687,11.415055856980313,174.79147788033805,False,False,,,-6.7221892768269065,-1.1643961155964175,"/Volumes/Data-1/Nimrod/experiments/PV_62/2023_05_01/block_038/oe_files/2023-05-01_13-57-45/Record Node 108/analysis/recNames=Block0038,Animal=PV_62/lizMov.mat"
PV_62_038_2323465_R,PV_62,038,PV_62_block_038,2323464.9,2323549.85,11.415055856980313,137.46571834598643,R,binocular,2,0,0,0,False,False,False,none,,,,,False,False,,,9.98800056005414,0.874984816999075,"/Volumes/Data-1/Nimrod/experiments/PV_62/2023_05_01/block_038/oe_files/2023-05-01_13-57-45/Record Node 108/analysis/recNames=Block0038,Animal=PV_62/lizMov.mat"
PV_62_038_2326012_L,PV_62,038,PV_62_block_038,2326011.9,2326079.8,5.812777851249229,65.18110811947722,L,binocular,2,3,0,3,True,True,False,reverse,R,84.95000000018626,2.4164579781111004,140.75565680738885,True,False,,,-8.531959416822165,-1.4677938216731532,"/Volumes/Data-1/Nimrod/experiments/PV_62/2023_05_01/block_038/oe_files/2023-05-01_13-57-45/Record Node 108/analysis/recNames=Block0038,Animal=PV_62/lizMov.mat"
PV_62_038_2361384_R,PV_62,038,PV_62_block_038,2361383.65,2361519.55,11.481827506113644,193.17153191344127,R,binocular,2,0,0,0,False,False,False,none,,,,,False,False,,,11.75048046030107,1.0233981005240131,"/Volumes/Data-1/Nimrod/experiments/PV_62/2023_05_01/block_038/oe_files/2023-05-01_13-57-45/Record Node 108/analysis/recNames=Block0038,Animal=PV_62/lizMov.mat"
PV_62_038_2362267_R,PV_62,038,PV_62_block_038,2362266.75,2362351.7,6.876653026393105,152.55306886269375,R,binocular,2,2,1,1,True,True,True,reverse,R,101.89999999990687,7.337008893926898,111.64092251238888,False,False,,,5.322328965826034,0.7739708467765555,"/Volumes/Data-1/Nimrod/experiments/PV_62/2023_05_01/block_038/oe_files/2023-05-01_13-57-45/Record Node 108/analysis/recNames=Block0038,Animal=PV_62/lizMov.mat"
PV_62_038_2363965_R,PV_62,038,PV_62_block_038,2363964.9,2364015.85,9.01840884825225,89.05816878086323,R,binocular,2,1,0,1,True,False,False,reverse,R,101.89999999990687,0.5551938614016563,120.48654687563686,True,False,,,7.525869820879455,0.8345008468248758,"/Volumes/Data-1/Nimrod/experiments/PV_62/2023_05_01/block_038/oe_files/2023-05-01_13-57-45/Record Node 108/analysis/recNames=Block0038,Animal=PV_62/lizMov.mat"
PV_62_038_2365035_R,PV_62,038,PV_62_block_038,2365034.8,2365119.7,11.811050282411237,141.64301356665,R,binocular,2,1,0,1,True,False,False,reverse,R,118.85000000009313,3.2865467777217097,175.95248569028945,True,False,,,6.148935994773954,0.5206087390831633,"/Volumes/Data-1/Nimrod/experiments/PV_62/2023_05_01/block_038/oe_files/2023-05-01_13-57-45/Record Node 108/analysis/recNames=Block0038,Animal=PV_62/lizMov.mat"
PV_62_038_2365340_R,PV_62,038,PV_62_block_038,2365340.45,2365425.35,8.456426591827228,216.22044838685895,R,binocular,2,2,0,2,True,True,False,reverse,L,84.89999999990687,2.6081544460438244,134.103670441234,True,False,,,4.634549392483768,0.5480505674776224,"/Volumes/Data-1/Nimrod/experiments/PV_62/2023_05_01/block_038/oe_files/2023-05-01_13-57-45/Record Node 108/analysis/recNames=Block0038,Animal=PV_62/lizMov.mat"
PV_62_038_2371538_R,PV_62,038,PV_62_block_038,2371538.45,2371657.3,7.150226147177407,174.25547997530293,R,binocular,2,1,1,0,True,False,False,same,L,33.9499999997206,0.6398710674305053,52.64117230833767,True,False,,,6.5304596813525375,0.9133221169417801,"/Volumes/Data-1/Nimrod/experiments/PV_62/2023_05_01/block_038/oe_files/2023-05-01_13-57-45/Record Node 108/analysis/recNames=Block0038,Animal=PV_62/lizMov.mat"
PV_62_038_2382000_R,PV_62,038,PV_62_block_038,2381999.6,2382169.4,20.51775105014754,86.74200953688066,R,binocular,2,1,0,1,True,False,False,reverse,L,118.89999999990687,1.9249531546307415,98.09978803352203,True,False,,,19.68735782323616,0.9595280581735389,"/Volumes/Data-1/Nimrod/experiments/PV_62/2023_05_01/block_038/oe_files/2023-05-01_13-57-45/Record Node 108/analysis/recNames=Block0038,Animal=PV_62/lizMov.mat"
PV_62_038_2387842_R,PV_62,038,PV_62_block_038,2387841.55,2387926.4,18.078934767324736,316.71947291671927,R,binocular,2,2,0,2,True,True,False,reverse,L,84.85000000009313,27.996831222241198,174.03153808111279,False,False,,,15.93423145136757,0.8813700395759251,"/Volumes/Data-1/Nimrod/experiments/PV_62/2023_05_01/block_038/oe_files/2023-05-01_13-57-45/Record Node 108/analysis/recNames=Block0038,Animal=PV_62/lizMov.mat"
PV_62_038_2387926_L,PV_62,038,PV_62_block_038,2387926.4,2387994.35,27.996831222241198,130.75101099783203,L,binocular,2,0,0,0,False,False,False,none,,,,,False,False,,,30.993066451954057,1.107020512640466,"/Volumes/Data-1/Nimrod/experiments/PV_62/2023_05_01/block_038/oe_files/2023-05-01_13-57-45/Record Node 108/analysis/recNames=Block0038,Animal=PV_62/lizMov.mat"
PV_62_038_2391578_R,PV_62,038,PV_62_block_038,2391577.65,2391645.6,15.417031404060493,88.00554075580129,R,binocular,2,1,0,1,True,False,False,reverse,R,101.95000000018626,1.9149896647293863,175.02116773515837,True,False,,,9.140817727841998,0.5929038793703512,"/Volumes/Data-1/Nimrod/experiments/PV_62/2023_05_01/block_038/oe_files/2023-05-01_13-57-45/Record Node 108/analysis/recNames=Block0038,Animal=PV_62/lizMov.mat"
PV_62_038_2392648_R,PV_62,038,PV_62_block_038,2392647.65,2392800.5,19.73369879820158,247.23687872911995,R,binocular,2,0,0,0,False,False,False,none,,,,,False,False,,,18.390114182148594,0.9319142027152338,"/Volumes/Data-1/Nimrod/experiments/PV_62/2023_05_01/block_038/oe_files/2023-05-01_13-57-45/Record Node 108/analysis/recNames=Block0038,Animal=PV_62/lizMov.mat"
PV_62_038_2394550_R,PV_62,038,PV_62_block_038,2394549.8,2394600.75,6.07766958900888,276.9090182385561,R,binocular,2,1,0,1,True,False,False,reverse,R,67.95000000018626,0.6649092501855156,95.77022040507512,True,False,,,3.5890834067461053,0.5905361181918738,"/Volumes/Data-1/Nimrod/experiments/PV_62/2023_05_01/block_038/oe_files/2023-05-01_13-57-45/Record Node 108/analysis/recNames=Block0038,Animal=PV_62/lizMov.mat"
PV_62_038_2406319_R,PV_62,038,PV_62_block_038,2406318.55,2406369.5,8.303641008100799,131.44720772211124,R,binocular,2,1,0,1,True,False,False,reverse,R,101.90000000037253,0.6415660811870618,151.30881789447892,True,False,,,4.2795040156933934,0.5153768101870528,"/Volumes/Data-1/Nimrod/experiments/PV_62/2023_05_01/block_038/oe_files/2023-05-01_13-57-45/Record Node 108/analysis/recNames=Block0038,Animal=PV_62/lizMov.mat"
PV_62_038_2408187_L,PV_62,038,PV_62_block_038,2408186.75,2408254.7,6.4757943407878304,287.30209874911293,L,binocular,2,2,2,0,True,True,False,same,R,17.0,1.5455045438882264,87.71397241238333,True,False,,,3.92614061373595,0.6062793855275992,"/Volumes/Data-1/Nimrod/experiments/PV_62/2023_05_01/block_038/oe_files/2023-05-01_13-57-45/Record Node 108/analysis/recNames=Block0038,Animal=PV_62/lizMov.mat"
PV_62_038_2415133_R,PV_62,038,PV_62_block_038,2415132.8,2415234.7,15.556106178936988,70.9081208719809,R,binocular,2,0,0,0,False,False,False,none,,,,,False,False,,,16.054467459817907,1.0320363769151757,"/Volumes/Data-1/Nimrod/experiments/PV_62/2023_05_01/block_038/oe_files/2023-05-01_13-57-45/Record Node 108/analysis/recNames=Block0038,Animal=PV_62/lizMov.mat"
PV_62_038_2435340_R,PV_62,038,PV_62_block_038,2435339.65,2435424.55,18.72520709722519,46.242239739221816,R,binocular,2,2,1,1,True,True,True,reverse,L,34.0,15.880470103090813,116.15479990950723,True,False,,,16.8384784116083,0.8992412379836121,"/Volumes/Data-1/Nimrod/experiments/PV_62/2023_05_01/block_038/oe_files/2023-05-01_13-57-45/Record Node 108/analysis/recNames=Block0038,Animal=PV_62/lizMov.mat"
PV_62_038_2437105_R,PV_62,038,PV_62_block_038,2437105.45,2437173.35,6.511277998571304,99.65427898562264,R,binocular,2,1,1,0,True,False,False,same,R,67.89999999990687,1.9593625188277437,15.264888771554922,True,False,,,12.441627559477373,1.9107811956742284,"/Volumes/Data-1/Nimrod/experiments/PV_62/2023_05_01/block_038/oe_files/2023-05-01_13-57-45/Record Node 108/analysis/recNames=Block0038,Animal=PV_62/lizMov.mat"
PV_62_038_2437802_L,PV_62,038,PV_62_block_038,2437801.55,2437886.45,5.956861620271346,154.74097516993953,L,binocular,2,0,0,0,False,False,False,none,,,,,False,False,,,5.217695193797693,0.875913446779047,"/Volumes/Data-1/Nimrod/experiments/PV_62/2023_05_01/block_038/oe_files/2023-05-01_13-57-45/Record Node 108/analysis/recNames=Block0038,Animal=PV_62/lizMov.mat"
PV_62_038_2445172_R,PV_62,038,PV_62_block_038,2445171.55,2445222.5,8.457389088001975,102.6476438133797,R,binocular,2,1,0,1,True,False,False,reverse,R,118.90000000037253,2.375490709906901,174.62321192088785,True,False,,,2.8623134368042926,0.33843937023837495,"/Volumes/Data-1/Nimrod/experiments/PV_62/2023_05_01/block_038/oe_files/2023-05-01_13-57-45/Record Node 108/analysis/recNames=Block0038,Animal=PV_62/lizMov.mat"
PV_62_038_2463883_R,PV_62,038,PV_62_block_038,2463883.3,2463951.2,8.709791906770262,291.23281221896764,R,binocular,2,0,0,0,False,False,False,none,,,,,False,False,,,5.870759774660732,0.6740413361767341,"/Volumes/Data-1/Nimrod/experiments/PV_62/2023_05_01/block_038/oe_files/2023-05-01_13-57-45/Record Node 108/analysis/recNames=Block0038,Animal=PV_62/lizMov.mat"
PV_62_038_2518883_L,PV_62,038,PV_62_block_038,2518882.6,2518933.55,18.924872324459447,122.83715690870508,L,binocular,2,2,0,2,True,True,False,reverse,L,50.9499999997206,0.5698684366092645,114.29477432970361,True,False,,,19.25089876951533,1.0172274052615147,"/Volumes/Data-1/Nimrod/experiments/PV_62/2023_05_01/block_038/oe_files/2023-05-01_13-57-45/Record Node 108/analysis/recNames=Block0038,Animal=PV_62/lizMov.mat"
PV_62_038_2523790_L,PV_62,038,PV_62_block_038,2523790.0,2523857.95,7.1045399899265025,190.91468466111942,L,binocular,2,0,0,0,False,False,False,none,,,,,False,False,,,8.536980320618511,1.2016232342590878,"/Volumes/Data-1/Nimrod/experiments/PV_62/2023_05_01/block_038/oe_files/2023-05-01_13-57-45/Record Node 108/analysis/recNames=Block0038,Animal=PV_62/lizMov.mat"
PV_62_038_2524079_R,PV_62,038,PV_62_block_038,2524078.65,2524146.55,7.2236162848031436,170.11137384226788,R,binocular,2,1,0,1,True,False,False,reverse,R,84.89999999990687,1.7151782297595346,125.70766355409597,True,False,,,4.091691030148251,0.5664324998486208,"/Volumes/Data-1/Nimrod/experiments/PV_62/2023_05_01/block_038/oe_files/2023-05-01_13-57-45/Record Node 108/analysis/recNames=Block0038,Animal=PV_62/lizMov.mat"
PV_62_038_2527016_L,PV_62,038,PV_62_block_038,2527015.65,2527083.55,7.9291562995838385,180.5105872982255,L,binocular,2,0,0,0,False,False,False,none,,,,,False,False,,,12.48870426202075,1.5750357024335893,"/Volumes/Data-1/Nimrod/experiments/PV_62/2023_05_01/block_038/oe_files/2023-05-01_13-57-45/Record Node 108/analysis/recNames=Block0038,Animal=PV_62/lizMov.mat"
PV_62_038_2527270_R,PV_62,038,PV_62_block_038,2527270.35,2527372.25,6.635442061889052,10.717535274109709,R,binocular,2,0,0,0,False,False,False,none,,,,,False,False,,,6.627457017159817,0.998796606969851,"/Volumes/Data-1/Nimrod/experiments/PV_62/2023_05_01/block_038/oe_files/2023-05-01_13-57-45/Record Node 108/analysis/recNames=Block0038,Animal=PV_62/lizMov.mat"
PV_62_038_2532636_L,PV_62,038,PV_62_block_038,2532635.7,2532737.55,7.268221362286184,89.27077591944037,L,binocular,2,0,0,0,False,False,False,none,,,,,False,False,,,10.931962473450014,1.504076709905189,"/Volumes/Data-1/Nimrod/experiments/PV_62/2023_05_01/block_038/oe_files/2023-05-01_13-57-45/Record Node 108/analysis/recNames=Block0038,Animal=PV_62/lizMov.mat"
PV_62_038_2534299_L,PV_62,038,PV_62_block_038,2534299.4,2534367.3,25.51268681213631,276.9197878449602,L,binocular,2,1,0,1,True,False,False,reverse,R,33.950000000186265,1.610796751390126,114.55179768777799,True,False,,,23.526176177954408,0.9221363610657846,"/Volumes/Data-1/Nimrod/experiments/PV_62/2023_05_01/block_038/oe_files/2023-05-01_13-57-45/Record Node 108/analysis/recNames=Block0038,Animal=PV_62/lizMov.mat"
PV_62_038_2535080_R,PV_62,038,PV_62_block_038,2535080.35,2535182.25,12.34840658838498,108.46547618471388,R,binocular,2,2,0,2,True,True,False,reverse,R,118.85000000009313,1.3467472476157765,161.91637400930153,True,False,,,8.561079547300483,0.6932942712910919,"/Volumes/Data-1/Nimrod/experiments/PV_62/2023_05_01/block_038/oe_files/2023-05-01_13-57-45/Record Node 108/analysis/recNames=Block0038,Animal=PV_62/lizMov.mat"
PV_62_038_2537287_R,PV_62,038,PV_62_block_038,2537287.45,2537372.35,7.988573805701031,126.25698993576798,R,binocular,2,1,0,1,True,False,False,reverse,L,33.9499999997206,0.7696094090691159,96.39426088879037,True,False,,,7.774214608327685,0.9731667751231929,"/Volumes/Data-1/Nimrod/experiments/PV_62/2023_05_01/block_038/oe_files/2023-05-01_13-57-45/Record Node 108/analysis/recNames=Block0038,Animal=PV_62/lizMov.mat"
PV_62_038_2541463_R,PV_62,038,PV_62_block_038,2541463.35,2541565.2,7.550292501891647,132.3492415863031,R,binocular,2,1,0,1,True,False,False,reverse,R,135.79999999981374,8.335958658049465,139.36675548048424,False,False,,,0.8523373695018845,0.11288799331791984,"/Volumes/Data-1/Nimrod/experiments/PV_62/2023_05_01/block_038/oe_files/2023-05-01_13-57-45/Record Node 108/analysis/recNames=Block0038,Animal=PV_62/lizMov.mat"
PV_62_038_2552550_R,PV_62,038,PV_62_block_038,2552550.35,2552635.25,13.915728253869961,132.2282507261576,R,binocular,2,1,0,1,True,False,False,reverse,R,152.79999999981374,0.7556783650850412,165.73192522943043,True,False,,,9.624372429611501,0.6916183080059044,"/Volumes/Data-1/Nimrod/experiments/PV_62/2023_05_01/block_038/oe_files/2023-05-01_13-57-45/Record Node 108/analysis/recNames=Block0038,Animal=PV_62/lizMov.mat"
PV_62_038_2554571_R,PV_62,038,PV_62_block_038,2554570.9,2554672.75,16.522053842575666,141.08089292909125,R,binocular,2,2,0,2,True,True,False,reverse,R,152.8000000002794,3.726414044903132,142.06086424307932,True,False,,,12.352649503410557,0.7476461232428032,"/Volumes/Data-1/Nimrod/experiments/PV_62/2023_05_01/block_038/oe_files/2023-05-01_13-57-45/Record Node 108/analysis/recNames=Block0038,Animal=PV_62/lizMov.mat"
PV_62_038_2564555_R,PV_62,038,PV_62_block_038,2564554.85,2564639.75,8.40980290240142,131.84904984307386,R,binocular,2,0,0,0,False,False,False,none,,,,,False,False,,,5.084035738699283,0.604536847973873,"/Volumes/Data-1/Nimrod/experiments/PV_62/2023_05_01/block_038/oe_files/2023-05-01_13-57-45/Record Node 108/analysis/recNames=Block0038,Animal=PV_62/lizMov.mat"
PV_62_038_2586395_R,PV_62,038,PV_62_block_038,2586395.2,2586463.1,15.59660947816614,325.74778902641435,R,binocular,2,2,0,1,True,True,False,unknown,L,101.84999999962747,,,False,False,,,9.138773612603709,0.5859461715315226,"/Volumes/Data-1/Nimrod/experiments/PV_62/2023_05_01/block_038/oe_files/2023-05-01_13-57-45/Record Node 108/analysis/recNames=Block0038,Animal=PV_62/lizMov.mat"
PV_62_038_2586497_R,PV_62,038,PV_62_block_038,2586497.05,2586599.0,6.411773929148325,201.8510787175617,R,binocular,2,1,0,1,True,False,False,reverse,R,203.85000000009313,16.33467528266271,176.46462186051633,False,False,,,-5.360523743861809,-0.836043784933298,"/Volumes/Data-1/Nimrod/experiments/PV_62/2023_05_01/block_038/oe_files/2023-05-01_13-57-45/Record Node 108/analysis/recNames=Block0038,Animal=PV_62/lizMov.mat"
PV_62_038_2600322_R,PV_62,038,PV_62_block_038,2600321.8,2600389.7,10.517853943610383,260.96000687746414,R,binocular,2,1,1,0,True,False,False,same,R,152.85000000009313,0.5988861463512763,38.243807626034425,True,False,,,9.945869197322786,0.945617732538007,"/Volumes/Data-1/Nimrod/experiments/PV_62/2023_05_01/block_038/oe_files/2023-05-01_13-57-45/Record Node 108/analysis/recNames=Block0038,Animal=PV_62/lizMov.mat"
PV_62_038_2603073_L,PV_62,038,PV_62_block_038,2603073.15,2603158.1,10.511424414081466,33.370740776177506,L,binocular,2,1,0,1,True,False,False,reverse,R,101.89999999990687,0.6342706920837426,142.24847529074646,True,False,,,17.497684410651022,1.6646349458795062,"/Volumes/Data-1/Nimrod/experiments/PV_62/2023_05_01/block_038/oe_files/2023-05-01_13-57-45/Record Node 108/analysis/recNames=Block0038,Animal=PV_62/lizMov.mat"
PV_62_038_2611463_R,PV_62,038,PV_62_block_038,2611462.65,2611530.6,14.090395864654543,134.68562570789848,R,binocular,2,3,0,2,True,True,False,unknown,L,33.950000000186265,,,False,False,,,11.321153402392389,0.8034659573185776,"/Volumes/Data-1/Nimrod/experiments/PV_62/2023_05_01/block_038/oe_files/2023-05-01_13-57-45/Record Node 108/analysis/recNames=Block0038,Animal=PV_62/lizMov.mat"
PV_62_038_2621516_R,PV_62,038,PV_62_block_038,2621515.85,2621600.75,13.703092135559721,149.87687395172028,R,binocular,2,2,0,2,True,True,False,reverse,R,101.89999999990687,0.5380968431576553,140.37815178011203,True,False,,,7.595637570471576,0.5543009924570811,"/Volumes/Data-1/Nimrod/experiments/PV_62/2023_05_01/block_038/oe_files/2023-05-01_13-57-45/Record Node 108/analysis/recNames=Block0038,Animal=PV_62/lizMov.mat"
PV_62_038_2625999_R,PV_62,038,PV_62_block_038,2625999.05,2626083.95,6.815753083661531,176.13248733806955,R,binocular,2,3,0,3,True,True,False,reverse,R,101.90000000037253,1.3257083816289412,179.78777058212,True,False,,,1.1865519084657852,0.17408962647284615,"/Volumes/Data-1/Nimrod/experiments/PV_62/2023_05_01/block_038/oe_files/2023-05-01_13-57-45/Record Node 108/analysis/recNames=Block0038,Animal=PV_62/lizMov.mat"
PV_62_038_2635590_R,PV_62,038,PV_62_block_038,2635590.5,2635709.3,27.92240931227623,246.78478863597195,R,binocular,2,0,0,0,False,False,False,none,,,,,False,False,,,27.602111157122636,0.9885289929113398,"/Volumes/Data-1/Nimrod/experiments/PV_62/2023_05_01/block_038/oe_files/2023-05-01_13-57-45/Record Node 108/analysis/recNames=Block0038,Animal=PV_62/lizMov.mat"
PV_62_038_2639954_R,PV_62,038,PV_62_block_038,2639954.4,2640056.25,11.001935887611287,330.02721086699404,R,binocular,2,0,0,0,False,False,False,none,,,,,False,False,,,9.53642005067596,0.8667947303178191,"/Volumes/Data-1/Nimrod/experiments/PV_62/2023_05_01/block_038/oe_files/2023-05-01_13-57-45/Record Node 108/analysis/recNames=Block0038,Animal=PV_62/lizMov.mat"
PV_62_038_2641007_R,PV_62,038,PV_62_block_038,2641007.05,2641176.85,15.14842661379187,10.745864661356665,R,binocular,2,2,2,0,True,True,False,same,L,67.95000000018626,1.8251973345553216,6.3408455167081,True,False,,,19.355722939101625,1.2777381725887775,"/Volumes/Data-1/Nimrod/experiments/PV_62/2023_05_01/block_038/oe_files/2023-05-01_13-57-45/Record Node 108/analysis/recNames=Block0038,Animal=PV_62/lizMov.mat"
PV_62_038_2660876_L,PV_62,038,PV_62_block_038,2660876.3,2660927.25,8.15541275017345,4.060295471315382,L,binocular,2,0,0,0,False,False,False,none,,,,,False,False,,,7.2887383780553225,0.8937301644113972,"/Volumes/Data-1/Nimrod/experiments/PV_62/2023_05_01/block_038/oe_files/2023-05-01_13-57-45/Record Node 108/analysis/recNames=Block0038,Animal=PV_62/lizMov.mat"
PV_62_038_2664070_R,PV_62,038,PV_62_block_038,2664069.55,2664171.45,14.344560290059215,341.08772514664815,R,binocular,2,3,0,3,True,True,False,reverse,R,118.90000000037253,3.0836935273175827,112.05971341099834,True,False,,,11.1899774976476,0.7800850825244366,"/Volumes/Data-1/Nimrod/experiments/PV_62/2023_05_01/block_038/oe_files/2023-05-01_13-57-45/Record Node 108/analysis/recNames=Block0038,Animal=PV_62/lizMov.mat"
PV_62_038_2665717_R,PV_62,038,PV_62_block_038,2665716.95,2665886.75,19.03908594046827,272.11512378180487,R,binocular,2,0,0,0,False,False,False,none,,,,,False,False,,,19.524737265479217,1.0255081218987872,"/Volumes/Data-1/Nimrod/experiments/PV_62/2023_05_01/block_038/oe_files/2023-05-01_13-57-45/Record Node 108/analysis/recNames=Block0038,Animal=PV_62/lizMov.mat"
PV_62_038_2666430_R,PV_62,038,PV_62_block_038,2666430.15,2666549.0,22.736947550356156,60.96301308382086,R,binocular,2,2,0,2,True,True,False,reverse,L,135.85000000009313,1.6566548293113104,106.86203003586388,True,False,,,17.81773316369441,0.7836466669166112,"/Volumes/Data-1/Nimrod/experiments/PV_62/2023_05_01/block_038/oe_files/2023-05-01_13-57-45/Record Node 108/analysis/recNames=Block0038,Animal=PV_62/lizMov.mat"
PV_62_038_2668230_R,PV_62,038,PV_62_block_038,2668230.35,2668298.3,8.22250475834482,40.155909922535855,R,binocular,2,0,0,0,False,False,False,none,,,,,False,False,,,5.685788118761565,0.6914910098399392,"/Volumes/Data-1/Nimrod/experiments/PV_62/2023_05_01/block_038/oe_files/2023-05-01_13-57-45/Record Node 108/analysis/recNames=Block0038,Animal=PV_62/lizMov.mat"
PV_62_038_2670370_L,PV_62,038,PV_62_block_038,2670370.35,2670455.25,10.221225584961001,92.06305188216072,L,binocular,2,1,1,0,True,False,False,same,R,50.9499999997206,3.747836104700391,18.607793751812494,True,False,,,9.720954533193147,0.9510556686564156,"/Volumes/Data-1/Nimrod/experiments/PV_62/2023_05_01/block_038/oe_files/2023-05-01_13-57-45/Record Node 108/analysis/recNames=Block0038,Animal=PV_62/lizMov.mat"
PV_62_038_2673716_L,PV_62,038,PV_62_block_038,2673716.4,2673784.35,7.078627509920381,17.69848536687926,L,binocular,2,2,0,2,True,True,False,reverse,L,101.89999999990687,1.7467363125178739,174.00098801715023,True,False,,,3.088329139459983,0.4362892573640621,"/Volumes/Data-1/Nimrod/experiments/PV_62/2023_05_01/block_038/oe_files/2023-05-01_13-57-45/Record Node 108/analysis/recNames=Block0038,Animal=PV_62/lizMov.mat"
PV_62_038_2689444_R,PV_62,038,PV_62_block_038,2689443.5,2689511.4,9.186703581484723,140.15657263365293,R,binocular,2,0,0,0,False,False,False,none,,,,,False,False,,,9.136706367541091,0.9945576546037255,"/Volumes/Data-1/Nimrod/experiments/PV_62/2023_05_01/block_038/oe_files/2023-05-01_13-57-45/Record Node 108/analysis/recNames=Block0038,Animal=PV_62/lizMov.mat"
PV_62_038_2692637_R,PV_62,038,PV_62_block_038,2692636.65,2692704.6,12.803824488992063,177.22428849697062,R,binocular,2,1,0,1,True,False,False,reverse,R,84.89999999990687,3.8426708422945306,133.97025131110104,True,False,,,9.718278754568697,0.7590137433486278,"/Volumes/Data-1/Nimrod/experiments/PV_62/2023_05_01/block_038/oe_files/2023-05-01_13-57-45/Record Node 108/analysis/recNames=Block0038,Animal=PV_62/lizMov.mat"
PV_62_038_2700211_R,PV_62,038,PV_62_block_038,2700210.75,2700261.65,5.932954679368321,188.8475673709009,R,binocular,2,2,0,1,True,True,False,reverse,R,84.89999999990687,0.8875181139236457,103.89888446146432,True,False,,,2.1692924953078294,0.36563442880349,"/Volumes/Data-1/Nimrod/experiments/PV_62/2023_05_01/block_038/oe_files/2023-05-01_13-57-45/Record Node 108/analysis/recNames=Block0038,Animal=PV_62/lizMov.mat"
PV_62_038_2700975_L,PV_62,038,PV_62_block_038,2700974.95,2701042.95,7.46889370857362,122.72650174645659,L,binocular,2,0,0,0,False,False,False,none,,,,,False,False,,,5.839584705451635,0.7818540380014133,"/Volumes/Data-1/Nimrod/experiments/PV_62/2023_05_01/block_038/oe_files/2023-05-01_13-57-45/Record Node 108/analysis/recNames=Block0038,Animal=PV_62/lizMov.mat"
PV_62_038_2703438_R,PV_62,038,PV_62_block_038,2703437.95,2703522.85,14.761670455681939,194.13970044309482,R,binocular,2,0,0,0,False,False,False,none,,,,,False,False,,,17.075523752808895,1.1567473887236337,"/Volumes/Data-1/Nimrod/experiments/PV_62/2023_05_01/block_038/oe_files/2023-05-01_13-57-45/Record Node 108/analysis/recNames=Block0038,Animal=PV_62/lizMov.mat"
PV_62_038_2753200_R,PV_62,038,PV_62_block_038,2753200.35,2753285.25,10.115279831204665,334.4731576285171,R,binocular,2,2,1,0,True,True,False,unknown,R,84.89999999990687,,,False,False,,,6.396218102520288,0.6323322942375327,"/Volumes/Data-1/Nimrod/experiments/PV_62/2023_05_01/block_038/oe_files/2023-05-01_13-57-45/Record Node 108/analysis/recNames=Block0038,Animal=PV_62/lizMov.mat"
PV_62_038_2773885_R,PV_62,038,PV_62_block_038,2773884.85,2773969.75,11.84972511496357,52.63299045635165,R,binocular,2,0,0,0,False,False,False,none,,,,,False,False,,,24.399092883487253,2.059042943762182,"/Volumes/Data-1/Nimrod/experiments/PV_62/2023_05_01/block_038/oe_files/2023-05-01_13-57-45/Record Node 108/analysis/recNames=Block0038,Animal=PV_62/lizMov.mat"
PV_62_038_2787148_R,PV_62,038,PV_62_block_038,2787148.05,2787249.95,12.328310413324754,211.28400769339171,R,binocular,2,1,1,0,True,False,False,same,R,203.8000000002794,0.7508856393789028,49.932997123344734,True,False,,,11.937508660819573,0.9683004613444197,"/Volumes/Data-1/Nimrod/experiments/PV_62/2023_05_01/block_038/oe_files/2023-05-01_13-57-45/Record Node 108/analysis/recNames=Block0038,Animal=PV_62/lizMov.mat"
PV_62_038_2808172_L,PV_62,038,PV_62_block_038,2808171.7,2808239.6,13.425961591775613,273.00403948558437,L,binocular,2,1,1,0,True,False,False,same,L,101.89999999990687,0.9959045813046951,72.35245373587298,True,False,,,15.028096709226423,1.1193311262287713,"/Volumes/Data-1/Nimrod/experiments/PV_62/2023_05_01/block_038/oe_files/2023-05-01_13-57-45/Record Node 108/analysis/recNames=Block0038,Animal=PV_62/lizMov.mat"
PV_62_038_2814099_R,PV_62,038,PV_62_block_038,2814099.4,2814235.25,9.442910714709452,45.92952923868023,R,binocular,2,3,0,3,True,True,False,reverse,L,135.85000000009313,0.5693246471584392,140.24752137839118,True,False,,,9.604123154894115,1.0170723249488676,"/Volumes/Data-1/Nimrod/experiments/PV_62/2023_05_01/block_038/oe_files/2023-05-01_13-57-45/Record Node 108/analysis/recNames=Block0038,Animal=PV_62/lizMov.mat"
PV_62_038_2815305_R,PV_62,038,PV_62_block_038,2815305.2,2815390.15,14.827678142618396,276.44152014089786,R,binocular,2,0,0,0,False,False,False,none,,,,,False,False,,,15.13758185950792,1.0209003536432846,"/Volumes/Data-1/Nimrod/experiments/PV_62/2023_05_01/block_038/oe_files/2023-05-01_13-57-45/Record Node 108/analysis/recNames=Block0038,Animal=PV_62/lizMov.mat"
PV_62_038_2816833_R,PV_62,038,PV_62_block_038,2816833.45,2816935.35,14.436783954200884,81.51806334493305,R,binocular,2,0,0,0,False,False,False,none,,,,,False,False,,,13.53318847146049,0.9374101956774478,"/Volumes/Data-1/Nimrod/experiments/PV_62/2023_05_01/block_038/oe_files/2023-05-01_13-57-45/Record Node 108/analysis/recNames=Block0038,Animal=PV_62/lizMov.mat"
PV_62_038_2826956_R,PV_62,038,PV_62_block_038,2826956.05,2827125.85,22.84881526798946,267.9964295653513,R,binocular,2,1,1,0,True,False,False,same,L,169.8000000002794,1.4180236409502152,2.382137200206273,True,False,,,26.49490309329522,1.1595744804508017,"/Volumes/Data-1/Nimrod/experiments/PV_62/2023_05_01/block_038/oe_files/2023-05-01_13-57-45/Record Node 108/analysis/recNames=Block0038,Animal=PV_62/lizMov.mat"
PV_62_038_2833358_R,PV_62,038,PV_62_block_038,2833358.35,2833443.25,10.59289207063943,276.26023888877995,R,binocular,2,0,0,0,False,False,False,none,,,,,False,False,,,10.366083501820695,0.9785886075959005,"/Volumes/Data-1/Nimrod/experiments/PV_62/2023_05_01/block_038/oe_files/2023-05-01_13-57-45/Record Node 108/analysis/recNames=Block0038,Animal=PV_62/lizMov.mat"
PV_62_038_2864252_R,PV_62,038,PV_62_block_038,2864251.75,2864336.65,9.38633255852068,172.62586020399976,R,binocular,2,1,0,1,True,False,False,reverse,R,220.79999999981374,6.060851596317478,176.97144866448048,True,False,,,9.13835935243229,0.9735814595804743,"/Volumes/Data-1/Nimrod/experiments/PV_62/2023_05_01/block_038/oe_files/2023-05-01_13-57-45/Record Node 108/analysis/recNames=Block0038,Animal=PV_62/lizMov.mat"
PV_62_038_2866952_R,PV_62,038,PV_62_block_038,2866952.0,2867070.9,7.718553504622486,178.39662638251707,R,binocular,2,2,0,2,True,True,False,reverse,R,152.85000000009313,1.9047128554950488,138.86707541625094,True,False,,,6.196531936422604,0.802809999660121,"/Volumes/Data-1/Nimrod/experiments/PV_62/2023_05_01/block_038/oe_files/2023-05-01_13-57-45/Record Node 108/analysis/recNames=Block0038,Animal=PV_62/lizMov.mat"
PV_62_038_2870672_R,PV_62,038,PV_62_block_038,2870671.75,2870756.65,12.308816786075385,141.72443488332982,R,binocular,2,2,0,2,True,True,False,reverse,R,118.85000000009313,0.5076069578472184,178.30404867749706,True,False,,,8.250685197372507,0.6703069304521839,"/Volumes/Data-1/Nimrod/experiments/PV_62/2023_05_01/block_038/oe_files/2023-05-01_13-57-45/Record Node 108/analysis/recNames=Block0038,Animal=PV_62/lizMov.mat"
PV_62_038_2872302_L,PV_62,038,PV_62_block_038,2872302.2,2872370.1,27.646292312056072,163.96957871629337,L,binocular,2,2,0,2,True,True,False,reverse,R,101.84999999962747,1.703377609431413,157.72992055297527,True,False,,,17.15159624854924,0.6203940859393187,"/Volumes/Data-1/Nimrod/experiments/PV_62/2023_05_01/block_038/oe_files/2023-05-01_13-57-45/Record Node 108/analysis/recNames=Block0038,Animal=PV_62/lizMov.mat"
PV_62_038_2875597_R,PV_62,038,PV_62_block_038,2875596.75,2875647.7,7.071774042023396,101.85604099585183,R,binocular,2,2,1,1,True,True,True,reverse,R,50.950000000186265,1.1091334424412045,113.4163620295285,True,False,,,3.728583003987334,0.5272486057714171,"/Volumes/Data-1/Nimrod/experiments/PV_62/2023_05_01/block_038/oe_files/2023-05-01_13-57-45/Record Node 108/analysis/recNames=Block0038,Animal=PV_62/lizMov.mat"
PV_62_038_2912571_L,PV_62,038,PV_62_block_038,2912570.7,2912638.65,6.223366685154437,15.56597295331139,L,binocular,2,1,0,1,True,False,False,reverse,L,135.89999999990687,3.3156448940334116,166.17837775965978,True,False,,,0.7861482157612427,0.1263220143586532,"/Volumes/Data-1/Nimrod/experiments/PV_62/2023_05_01/block_038/oe_files/2023-05-01_13-57-45/Record Node 108/analysis/recNames=Block0038,Animal=PV_62/lizMov.mat"
PV_62_038_2923526_R,PV_62,038,PV_62_block_038,2923525.7,2923593.65,12.089017869035898,29.44254628339069,R,binocular,2,1,0,1,True,False,False,reverse,L,101.89999999990687,0.7572090557093569,146.56785044529005,True,False,,,11.234409881084733,0.9293070787710467,"/Volumes/Data-1/Nimrod/experiments/PV_62/2023_05_01/block_038/oe_files/2023-05-01_13-57-45/Record Node 108/analysis/recNames=Block0038,Animal=PV_62/lizMov.mat"
PV_62_038_2938590_L,PV_62,038,PV_62_block_038,2938590.3,2938743.15,7.972179767507388,22.681524549590524,L,binocular,2,1,0,1,True,False,False,reverse,L,186.85000000009313,1.4464919643541159,168.91490581887467,True,False,,,2.312577951793945,0.29008100911364726,"/Volumes/Data-1/Nimrod/experiments/PV_62/2023_05_01/block_038/oe_files/2023-05-01_13-57-45/Record Node 108/analysis/recNames=Block0038,Animal=PV_62/lizMov.mat"
PV_62_038_315225_L,PV_62,038,PV_62_block_038,315225.45,315310.35,5.881863187640919,190.15202340942344,L,monocular,1,0,0,0,False,False,False,none,,,,,False,False,,,6.4702658604818355,1.1000367832555642,"/Volumes/Data-1/Nimrod/experiments/PV_62/2023_05_01/block_038/oe_files/2023-05-01_13-57-45/Record Node 108/analysis/recNames=Block0038,Animal=PV_62/lizMov.mat"
PV_62_038_363978_L,PV_62,038,PV_62_block_038,363978.2,364063.15,12.26146511920989,221.85118174935081,L,monocular,1,0,0,0,False,False,False,none,,,,,False,False,,,11.92245711141572,0.9723517536853692,"/Volumes/Data-1/Nimrod/experiments/PV_62/2023_05_01/block_038/oe_files/2023-05-01_13-57-45/Record Node 108/analysis/recNames=Block0038,Animal=PV_62/lizMov.mat"
PV_62_038_551303_L,PV_62,038,PV_62_block_038,551302.7,551387.65,11.135407987006642,20.473937789465367,L,monocular,1,3,1,2,True,True,True,same,R,34.0,2.209227479592948,49.25617061833145,True,False,,,7.748306179398032,0.6958259803717248,"/Volumes/Data-1/Nimrod/experiments/PV_62/2023_05_01/block_038/oe_files/2023-05-01_13-57-45/Record Node 108/analysis/recNames=Block0038,Animal=PV_62/lizMov.mat"
PV_62_038_567799_L,PV_62,038,PV_62_block_038,567798.85,567900.8,8.136362335076894,44.40227338512149,L,monocular,1,0,0,0,False,False,False,none,,,,,False,False,,,9.096885089501537,1.1180530948435896,"/Volumes/Data-1/Nimrod/experiments/PV_62/2023_05_01/block_038/oe_files/2023-05-01_13-57-45/Record Node 108/analysis/recNames=Block0038,Animal=PV_62/lizMov.mat"
PV_62_038_588102_L,PV_62,038,PV_62_block_038,588102.4,588153.4,6.1175322463460775,191.56231671692606,L,monocular,1,0,0,0,False,False,False,none,,,,,False,False,,,2.625115212170377,0.4291134245738262,"/Volumes/Data-1/Nimrod/experiments/PV_62/2023_05_01/block_038/oe_files/2023-05-01_13-57-45/Record Node 108/analysis/recNames=Block0038,Animal=PV_62/lizMov.mat"
PV_62_038_843834_L,PV_62,038,PV_62_block_038,843833.65,843901.6,11.439327283210915,103.50575765748292,L,monocular,1,0,0,0,False,False,False,none,,,,,False,False,,,10.554648792914909,0.9226634164410685,"/Volumes/Data-1/Nimrod/experiments/PV_62/2023_05_01/block_038/oe_files/2023-05-01_13-57-45/Record Node 108/analysis/recNames=Block0038,Animal=PV_62/lizMov.mat"
PV_62_038_875188_L,PV_62,038,PV_62_block_038,875188.35,875273.25,11.965154573023549,69.08870522025798,L,monocular,1,0,0,0,False,False,False,none,,,,,False,True,875424.0,235.65000000002328,8.743963993976365,0.7307857111758815,"/Volumes/Data-1/Nimrod/experiments/PV_62/2023_05_01/block_038/oe_files/2023-05-01_13-57-45/Record Node 108/analysis/recNames=Block0038,Animal=PV_62/lizMov.mat"
PV_62_038_1044801_L,PV_62,038,PV_62_block_038,1044800.55,1044851.5,5.671555057480094,155.72509419812047,L,monocular,1,0,0,0,False,False,False,none,,,,,False,False,,,2.5338627531608013,0.44676684392209914,"/Volumes/Data-1/Nimrod/experiments/PV_62/2023_05_01/block_038/oe_files/2023-05-01_13-57-45/Record Node 108/analysis/recNames=Block0038,Animal=PV_62/lizMov.mat"
PV_62_038_1225538_L,PV_62,038,PV_62_block_038,1225537.9,1225605.85,9.343671750179272,30.022781010238614,L,monocular,1,4,0,4,True,True,False,reverse,L,101.9000000001397,0.7023140015051111,172.83305331352273,True,False,,,1.471249555745425,0.1574594650884645,"/Volumes/Data-1/Nimrod/experiments/PV_62/2023_05_01/block_038/oe_files/2023-05-01_13-57-45/Record Node 108/analysis/recNames=Block0038,Animal=PV_62/lizMov.mat"
PV_62_038_1394616_L,PV_62,038,PV_62_block_038,1394615.65,1394666.6,5.5667718055948,123.599410247513,L,monocular,1,2,0,2,True,True,False,reverse,L,50.950000000186265,2.590737509459248,115.23947357824574,True,False,,,2.004595526005605,0.36010017942372213,"/Volumes/Data-1/Nimrod/experiments/PV_62/2023_05_01/block_038/oe_files/2023-05-01_13-57-45/Record Node 108/analysis/recNames=Block0038,Animal=PV_62/lizMov.mat"
PV_62_038_1421702_L,PV_62,038,PV_62_block_038,1421701.7,1421752.65,6.014159851743974,212.3277215589329,L,monocular,1,2,1,1,True,True,True,same,L,101.94999999995343,0.9620123174547658,52.74509907318625,True,False,,,6.6148634900371865,1.099881555046965,"/Volumes/Data-1/Nimrod/experiments/PV_62/2023_05_01/block_038/oe_files/2023-05-01_13-57-45/Record Node 108/analysis/recNames=Block0038,Animal=PV_62/lizMov.mat"
PV_62_038_1475421_L,PV_62,038,PV_62_block_038,1475420.55,1475454.55,19.627567991260864,275.62899023846444,L,monocular,1,0,0,0,False,False,False,none,,,,,False,False,,,20.538421973099958,1.0464068692690123,"/Volumes/Data-1/Nimrod/experiments/PV_62/2023_05_01/block_038/oe_files/2023-05-01_13-57-45/Record Node 108/analysis/recNames=Block0038,Animal=PV_62/lizMov.mat"
PV_62_038_1509088_L,PV_62,038,PV_62_block_038,1509087.9,1509138.85,6.96294502427854,309.46881969471286,L,monocular,1,2,0,2,True,True,False,reverse,R,50.950000000186265,1.8206933076031089,141.91927452750593,True,False,,,0.86387502625828,0.12406747766155023,"/Volumes/Data-1/Nimrod/experiments/PV_62/2023_05_01/block_038/oe_files/2023-05-01_13-57-45/Record Node 108/analysis/recNames=Block0038,Animal=PV_62/lizMov.mat"
PV_62_038_1519397_L,PV_62,038,PV_62_block_038,1519397.2,1519584.0,39.86182963907273,133.88223519077104,L,monocular,1,0,0,0,False,False,False,none,,,,,False,False,,,41.292622018242966,1.0358937959477847,"/Volumes/Data-1/Nimrod/experiments/PV_62/2023_05_01/block_038/oe_files/2023-05-01_13-57-45/Record Node 108/analysis/recNames=Block0038,Animal=PV_62/lizMov.mat"
PV_62_038_1523133_L,PV_62,038,PV_62_block_038,1523133.4,1523184.3,5.77097774836378,7.767694196918017,L,monocular,1,2,0,2,True,True,False,reverse,L,67.9000000001397,1.2232871563116634,98.8078987360986,True,False,,,1.1557919184106311,0.20027662015129546,"/Volumes/Data-1/Nimrod/experiments/PV_62/2023_05_01/block_038/oe_files/2023-05-01_13-57-45/Record Node 108/analysis/recNames=Block0038,Animal=PV_62/lizMov.mat"
PV_62_038_1543379_L,PV_62,038,PV_62_block_038,1543379.15,1543481.1,8.026216046648493,96.6696963436504,L,monocular,1,1,1,0,True,False,False,same,L,118.95000000018626,0.7297297340725074,11.803365278940475,True,True,1543476.0,96.85000000009313,11.398278866456824,1.420131080475513,"/Volumes/Data-1/Nimrod/experiments/PV_62/2023_05_01/block_038/oe_files/2023-05-01_13-57-45/Record Node 108/analysis/recNames=Block0038,Animal=PV_62/lizMov.mat"
PV_62_038_1548067_L,PV_62,038,PV_62_block_038,1548066.9,1548202.75,10.214435022148306,297.66505327907856,L,monocular,1,0,0,0,False,False,False,none,,,,,False,False,,,27.8842112776754,2.7298828782221554,"/Volumes/Data-1/Nimrod/experiments/PV_62/2023_05_01/block_038/oe_files/2023-05-01_13-57-45/Record Node 108/analysis/recNames=Block0038,Animal=PV_62/lizMov.mat"
PV_62_038_1553365_L,PV_62,038,PV_62_block_038,1553364.95,1553466.8,8.683074949835417,130.4016487578089,L,monocular,1,2,0,2,True,True,False,reverse,R,84.9000000001397,26.127046100303943,150.92908966908215,False,False,,,4.426123769075822,0.509741513766355,"/Volumes/Data-1/Nimrod/experiments/PV_62/2023_05_01/block_038/oe_files/2023-05-01_13-57-45/Record Node 108/analysis/recNames=Block0038,Animal=PV_62/lizMov.mat"
PV_62_038_1632902_L,PV_62,038,PV_62_block_038,1632902.1,1632987.0,21.477602737506132,290.4908944794897,L,monocular,1,0,0,0,False,False,False,none,,,,,False,False,,,22.658328781284986,1.0549747594370467,"/Volumes/Data-1/Nimrod/experiments/PV_62/2023_05_01/block_038/oe_files/2023-05-01_13-57-45/Record Node 108/analysis/recNames=Block0038,Animal=PV_62/lizMov.mat"
PV_62_038_1635059_L,PV_62,038,PV_62_block_038,1635059.25,1635144.2,6.286811896766925,220.8082368784611,L,monocular,1,2,1,1,True,True,True,same,R,67.94999999995343,0.6593069456861962,88.80835630047443,True,False,,,5.629930643392727,0.8955144095034866,"/Volumes/Data-1/Nimrod/experiments/PV_62/2023_05_01/block_038/oe_files/2023-05-01_13-57-45/Record Node 108/analysis/recNames=Block0038,Animal=PV_62/lizMov.mat"
PV_62_038_1641293_L,PV_62,038,PV_62_block_038,1641293.05,1641378.0,5.7463870718063585,204.45985719699158,L,monocular,1,2,1,1,True,True,True,same,R,84.94999999995343,1.9109596119443981,87.32083301769399,True,False,,,3.4545388342913226,0.6011670970165606,"/Volumes/Data-1/Nimrod/experiments/PV_62/2023_05_01/block_038/oe_files/2023-05-01_13-57-45/Record Node 108/analysis/recNames=Block0038,Animal=PV_62/lizMov.mat"
PV_62_038_1653982_L,PV_62,038,PV_62_block_038,1653982.05,1654050.0,5.869828364204527,116.90772211769409,L,monocular,1,1,1,0,True,False,False,same,R,50.949999999953434,0.5101070485404671,63.56719602968681,True,False,,,5.197133838479971,0.8853979223946663,"/Volumes/Data-1/Nimrod/experiments/PV_62/2023_05_01/block_038/oe_files/2023-05-01_13-57-45/Record Node 108/analysis/recNames=Block0038,Animal=PV_62/lizMov.mat"
PV_62_038_1692399_L,PV_62,038,PV_62_block_038,1692398.7,1692449.65,6.194453008772006,172.76658618890605,L,monocular,1,2,0,2,True,True,False,reverse,L,67.9000000001397,0.7585743446603795,132.52920424582777,True,True,1692400.0,1.3000000000465661,1.2135967481004695,0.19591669294801123,"/Volumes/Data-1/Nimrod/experiments/PV_62/2023_05_01/block_038/oe_files/2023-05-01_13-57-45/Record Node 108/analysis/recNames=Block0038,Animal=PV_62/lizMov.mat"
PV_62_038_1701672_L,PV_62,038,PV_62_block_038,1701672.5,1701723.45,20.841895039729017,130.21700921535637,L,monocular,1,0,0,0,False,False,False,none,,,,,False,True,1701700.0,27.5,22.917596812539998,1.0995927562658894,"/Volumes/Data-1/Nimrod/experiments/PV_62/2023_05_01/block_038/oe_files/2023-05-01_13-57-45/Record Node 108/analysis/recNames=Block0038,Animal=PV_62/lizMov.mat"
PV_62_038_1781579_L,PV_62,038,PV_62_block_038,1781578.55,1781680.5,11.575315687034617,4.561258221651615,L,monocular,1,0,0,0,False,False,False,none,,,,,False,False,,,18.727582474839597,1.6178895661408315,"/Volumes/Data-1/Nimrod/experiments/PV_62/2023_05_01/block_038/oe_files/2023-05-01_13-57-45/Record Node 108/analysis/recNames=Block0038,Animal=PV_62/lizMov.mat"
PV_62_038_1838020_L,PV_62,038,PV_62_block_038,1838020.45,1838139.35,19.140237139901156,286.3467984063839,L,monocular,1,0,0,0,False,False,False,none,,,,,False,False,,,19.218346104816042,1.004080877595401,"/Volumes/Data-1/Nimrod/experiments/PV_62/2023_05_01/block_038/oe_files/2023-05-01_13-57-45/Record Node 108/analysis/recNames=Block0038,Animal=PV_62/lizMov.mat"
PV_62_038_1855788_L,PV_62,038,PV_62_block_038,1855788.1,1855805.1,34.134754268723164,130.93431291480485,L,monocular,1,2,2,0,True,True,False,same,R,67.94999999995343,0.5552073232078554,18.133769643993816,True,False,,,34.839329607006455,1.0206409963504228,"/Volumes/Data-1/Nimrod/experiments/PV_62/2023_05_01/block_038/oe_files/2023-05-01_13-57-45/Record Node 108/analysis/recNames=Block0038,Animal=PV_62/lizMov.mat"
PV_62_038_1896960_L,PV_62,038,PV_62_block_038,1896959.8,1897044.75,11.945854628249789,306.7624628242788,L,monocular,1,0,0,0,False,False,False,none,,,,,False,False,,,11.216497474587054,0.9389447489225311,"/Volumes/Data-1/Nimrod/experiments/PV_62/2023_05_01/block_038/oe_files/2023-05-01_13-57-45/Record Node 108/analysis/recNames=Block0038,Animal=PV_62/lizMov.mat"
PV_62_038_1906402_L,PV_62,038,PV_62_block_038,1906401.9,1906520.8,8.920257538815262,302.4048633313887,L,monocular,1,1,1,0,True,False,False,same,L,169.85000000009313,0.7915558139286769,5.586790793435455,True,False,,,12.861869354260374,1.441871974917062,"/Volumes/Data-1/Nimrod/experiments/PV_62/2023_05_01/block_038/oe_files/2023-05-01_13-57-45/Record Node 108/analysis/recNames=Block0038,Animal=PV_62/lizMov.mat"
PV_62_038_1908474_L,PV_62,038,PV_62_block_038,1908473.9,1908558.8,6.491408444450117,131.29136269831506,L,monocular,1,1,1,0,True,False,False,same,L,101.9000000001397,0.5197160771991144,3.4541467313404723,True,False,,,12.0091511675724,1.8500070162492581,"/Volumes/Data-1/Nimrod/experiments/PV_62/2023_05_01/block_038/oe_files/2023-05-01_13-57-45/Record Node 108/analysis/recNames=Block0038,Animal=PV_62/lizMov.mat"
PV_62_038_1927358_L,PV_62,038,PV_62_block_038,1927358.25,1927409.2,6.612134181510042,284.3452406157073,L,monocular,1,1,0,1,True,False,False,reverse,R,152.80000000004657,0.542261624014586,123.24939875885767,True,False,,,5.889504310105689,0.890711553703025,"/Volumes/Data-1/Nimrod/experiments/PV_62/2023_05_01/block_038/oe_files/2023-05-01_13-57-45/Record Node 108/analysis/recNames=Block0038,Animal=PV_62/lizMov.mat"
PV_62_038_1933268_L,PV_62,038,PV_62_block_038,1933267.5,1933335.4,6.55016834406666,24.121617500623486,L,monocular,1,0,0,0,False,False,False,none,,,,,False,False,,,4.274235593472543,0.6525382813014683,"/Volumes/Data-1/Nimrod/experiments/PV_62/2023_05_01/block_038/oe_files/2023-05-01_13-57-45/Record Node 108/analysis/recNames=Block0038,Animal=PV_62/lizMov.mat"
PV_62_038_1987791_L,PV_62,038,PV_62_block_038,1987791.0,1987892.9,9.342716226751705,151.37846535302708,L,monocular,1,0,0,0,False,False,False,none,,,,,False,False,,,6.670888556298382,0.7140202479014747,"/Volumes/Data-1/Nimrod/experiments/PV_62/2023_05_01/block_038/oe_files/2023-05-01_13-57-45/Record Node 108/analysis/recNames=Block0038,Animal=PV_62/lizMov.mat"
PV_62_038_1989269_L,PV_62,038,PV_62_block_038,1989268.55,1989336.5,5.521841917041375,346.94181534163624,L,monocular,1,1,1,0,True,False,False,same,L,101.89999999990687,1.0134955045874343,27.15376631482519,True,False,,,7.812405419793283,1.4148187393200857,"/Volumes/Data-1/Nimrod/experiments/PV_62/2023_05_01/block_038/oe_files/2023-05-01_13-57-45/Record Node 108/analysis/recNames=Block0038,Animal=PV_62/lizMov.mat"
PV_62_038_1993294_L,PV_62,038,PV_62_block_038,1993293.85,1993310.85,14.503534732398444,278.1968728390531,L,monocular,1,3,2,1,True,True,True,reverse,L,17.0,1.7983261490951579,105.12818098597768,True,False,,,17.518777667900117,1.207897108610781,"/Volumes/Data-1/Nimrod/experiments/PV_62/2023_05_01/block_038/oe_files/2023-05-01_13-57-45/Record Node 108/analysis/recNames=Block0038,Animal=PV_62/lizMov.mat"
PV_62_038_2050853_L,PV_62,038,PV_62_block_038,2050852.65,2050954.55,25.633947014432675,124.63844346854872,L,monocular,1,4,1,3,True,True,True,reverse,R,50.950000000186265,2.96419567971205,105.8095792508438,True,False,,,29.292462690493963,1.1427215119857053,"/Volumes/Data-1/Nimrod/experiments/PV_62/2023_05_01/block_038/oe_files/2023-05-01_13-57-45/Record Node 108/analysis/recNames=Block0038,Animal=PV_62/lizMov.mat"
PV_62_038_2064507_L,PV_62,038,PV_62_block_038,2064507.2,2064575.15,13.828710950528151,282.1598126697506,L,monocular,1,1,0,1,True,False,False,reverse,L,67.94999999995343,12.93341564965354,169.81167209350082,True,False,,,0.9725824464759338,0.07033066566763323,"/Volumes/Data-1/Nimrod/experiments/PV_62/2023_05_01/block_038/oe_files/2023-05-01_13-57-45/Record Node 108/analysis/recNames=Block0038,Animal=PV_62/lizMov.mat"
PV_62_038_2064575_L,PV_62,038,PV_62_block_038,2064575.15,2064694.0,12.93341564965354,112.34814057624978,L,monocular,1,0,0,0,False,False,False,none,,,,,False,False,,,12.275827286647466,0.9491558625486772,"/Volumes/Data-1/Nimrod/experiments/PV_62/2023_05_01/block_038/oe_files/2023-05-01_13-57-45/Record Node 108/analysis/recNames=Block0038,Animal=PV_62/lizMov.mat"
PV_62_038_2066732_L,PV_62,038,PV_62_block_038,2066731.85,2066782.8,5.619770676751179,133.15269386594176,L,monocular,1,0,0,0,False,False,False,none,,,,,False,False,,,4.499286303181887,0.8006174205284388,"/Volumes/Data-1/Nimrod/experiments/PV_62/2023_05_01/block_038/oe_files/2023-05-01_13-57-45/Record Node 108/analysis/recNames=Block0038,Animal=PV_62/lizMov.mat"
PV_62_038_2084903_L,PV_62,038,PV_62_block_038,2084903.05,2084971.0,6.725556223632022,144.7708171481252,L,monocular,1,1,0,1,True,False,False,reverse,R,50.949999999953434,2.028421373398794,97.9476157882933,True,False,,,3.7473566331288293,0.5571816677350045,"/Volumes/Data-1/Nimrod/experiments/PV_62/2023_05_01/block_038/oe_files/2023-05-01_13-57-45/Record Node 108/analysis/recNames=Block0038,Animal=PV_62/lizMov.mat"
PV_62_038_2144903_L,PV_62,038,PV_62_block_038,2144902.7,2144953.65,11.271828241777678,291.4419812073397,L,monocular,1,1,1,0,True,False,False,same,R,84.89999999990687,2.5885501578799937,86.98915197352099,True,False,,,8.587531995405438,0.7618579534042917,"/Volumes/Data-1/Nimrod/experiments/PV_62/2023_05_01/block_038/oe_files/2023-05-01_13-57-45/Record Node 108/analysis/recNames=Block0038,Animal=PV_62/lizMov.mat"
PV_62_038_2154055_L,PV_62,038,PV_62_block_038,2154055.35,2154174.2,34.320309879431676,111.7237472457313,L,monocular,1,1,1,0,True,False,False,same,R,50.9499999997206,0.6949903697664402,32.25089316808547,True,False,,,34.7060625199757,1.0112397773184214,"/Volumes/Data-1/Nimrod/experiments/PV_62/2023_05_01/block_038/oe_files/2023-05-01_13-57-45/Record Node 108/analysis/recNames=Block0038,Animal=PV_62/lizMov.mat"
PV_62_038_2162308_L,PV_62,038,PV_62_block_038,2162307.7,2162358.65,6.664386150945787,171.8938301587022,L,monocular,1,0,0,0,False,False,False,none,,,,,False,False,,,6.040488478767423,0.906383325028394,"/Volumes/Data-1/Nimrod/experiments/PV_62/2023_05_01/block_038/oe_files/2023-05-01_13-57-45/Record Node 108/analysis/recNames=Block0038,Animal=PV_62/lizMov.mat"
PV_62_038_2167300_L,PV_62,038,PV_62_block_038,2167299.8,2167367.7,7.638055185782029,339.74438204936945,L,monocular,1,0,0,0,False,False,False,none,,,,,False,False,,,9.590876192446999,1.2556699263315192,"/Volumes/Data-1/Nimrod/experiments/PV_62/2023_05_01/block_038/oe_files/2023-05-01_13-57-45/Record Node 108/analysis/recNames=Block0038,Animal=PV_62/lizMov.mat"
PV_62_038_2170322_L,PV_62,038,PV_62_block_038,2170321.65,2170372.55,5.598858823967289,175.84528348806674,L,monocular,1,1,0,1,True,False,False,reverse,R,67.89999999990687,2.148309402511443,142.9475379391319,True,False,,,0.4023424342966432,0.07186150730829605,"/Volumes/Data-1/Nimrod/experiments/PV_62/2023_05_01/block_038/oe_files/2023-05-01_13-57-45/Record Node 108/analysis/recNames=Block0038,Animal=PV_62/lizMov.mat"
PV_62_038_2262607_L,PV_62,038,PV_62_block_038,2262607.3,2262743.1,28.13501888311273,281.4678907962583,L,monocular,1,0,0,0,False,False,False,none,,,,,False,False,,,29.094112218883353,1.0340889529790327,"/Volumes/Data-1/Nimrod/experiments/PV_62/2023_05_01/block_038/oe_files/2023-05-01_13-57-45/Record Node 108/analysis/recNames=Block0038,Animal=PV_62/lizMov.mat"
PV_62_038_2280928_L,PV_62,038,PV_62_block_038,2280928.5,2280945.5,20.906299312767185,128.5961861872479,L,monocular,1,1,1,0,True,False,False,same,L,67.89999999990687,1.5060021065136062,0.4789032047517594,True,False,,,26.684714694709516,1.2763958984559995,"/Volumes/Data-1/Nimrod/experiments/PV_62/2023_05_01/block_038/oe_files/2023-05-01_13-57-45/Record Node 108/analysis/recNames=Block0038,Animal=PV_62/lizMov.mat"
PV_62_038_2330393_L,PV_62,038,PV_62_block_038,2330393.3,2330495.2,15.082697813294763,93.99494259717937,L,monocular,1,0,0,0,False,False,False,none,,,,,False,False,,,18.61451129352432,1.234163246121421,"/Volumes/Data-1/Nimrod/experiments/PV_62/2023_05_01/block_038/oe_files/2023-05-01_13-57-45/Record Node 108/analysis/recNames=Block0038,Animal=PV_62/lizMov.mat"
PV_62_038_2340072_L,PV_62,038,PV_62_block_038,2340072.45,2340140.35,11.591351499184277,99.11326054356508,L,monocular,1,0,0,0,False,False,False,none,,,,,False,False,,,12.031414603864842,1.0379647795782514,"/Volumes/Data-1/Nimrod/experiments/PV_62/2023_05_01/block_038/oe_files/2023-05-01_13-57-45/Record Node 108/analysis/recNames=Block0038,Animal=PV_62/lizMov.mat"
PV_62_038_2341584_L,PV_62,038,PV_62_block_038,2341583.6,2341634.55,6.0343711649390155,76.71638533843347,L,monocular,1,2,1,0,True,True,False,same,L,67.9499999997206,2.388476350750555,66.1905560607185,True,False,,,20.97809149117766,3.4764337356417268,"/Volumes/Data-1/Nimrod/experiments/PV_62/2023_05_01/block_038/oe_files/2023-05-01_13-57-45/Record Node 108/analysis/recNames=Block0038,Animal=PV_62/lizMov.mat"
PV_62_038_2347748_L,PV_62,038,PV_62_block_038,2347748.0,2347832.9,10.274076163048392,329.58618752155616,L,monocular,1,0,0,0,False,False,False,none,,,,,False,False,,,10.295170287980628,1.002053140798012,"/Volumes/Data-1/Nimrod/experiments/PV_62/2023_05_01/block_038/oe_files/2023-05-01_13-57-45/Record Node 108/analysis/recNames=Block0038,Animal=PV_62/lizMov.mat"
PV_62_038_2364661_L,PV_62,038,PV_62_block_038,2364661.2,2364712.15,16.88140146258063,283.12430045781264,L,monocular,1,0,0,0,False,False,False,none,,,,,False,False,,,16.240466292298777,0.9620330591803914,"/Volumes/Data-1/Nimrod/experiments/PV_62/2023_05_01/block_038/oe_files/2023-05-01_13-57-45/Record Node 108/analysis/recNames=Block0038,Animal=PV_62/lizMov.mat"
PV_62_038_2396860_L,PV_62,038,PV_62_block_038,2396859.5,2396910.45,15.302190913660997,132.3874315323749,L,monocular,1,0,0,0,False,False,False,none,,,,,False,False,,,16.973279762971575,1.1092058554712396,"/Volumes/Data-1/Nimrod/experiments/PV_62/2023_05_01/block_038/oe_files/2023-05-01_13-57-45/Record Node 108/analysis/recNames=Block0038,Animal=PV_62/lizMov.mat"
PV_62_038_2435374_L,PV_62,038,PV_62_block_038,2435373.65,2435390.6,15.880470103090813,290.0874398297146,L,monocular,1,1,0,1,True,False,False,reverse,L,16.950000000186265,3.2265607398338068,102.03098247593641,True,False,,,15.464344352145984,0.9737963833410801,"/Volumes/Data-1/Nimrod/experiments/PV_62/2023_05_01/block_038/oe_files/2023-05-01_13-57-45/Record Node 108/analysis/recNames=Block0038,Animal=PV_62/lizMov.mat"
PV_62_038_2437394_L,PV_62,038,PV_62_block_038,2437394.1,2437428.05,6.057077916031318,311.8227132993768,L,monocular,1,1,0,0,True,False,False,unknown,L,50.89999999990687,,,False,False,,,-7.806184221294753,-1.2887706464257396,"/Volumes/Data-1/Nimrod/experiments/PV_62/2023_05_01/block_038/oe_files/2023-05-01_13-57-45/Record Node 108/analysis/recNames=Block0038,Animal=PV_62/lizMov.mat"
PV_62_038_2441588_L,PV_62,038,PV_62_block_038,2441588.4,2441673.35,6.673282112908847,309.57168408678444,L,monocular,1,1,0,1,True,False,False,reverse,L,152.85000000009313,3.038164633752084,177.73441872823213,True,False,,,1.9005149695770556,0.28479463889300966,"/Volumes/Data-1/Nimrod/experiments/PV_62/2023_05_01/block_038/oe_files/2023-05-01_13-57-45/Record Node 108/analysis/recNames=Block0038,Animal=PV_62/lizMov.mat"
PV_62_038_2508796_L,PV_62,038,PV_62_block_038,2508796.35,2508881.25,5.6944529782577495,70.48335194624053,L,monocular,1,0,0,0,False,False,False,none,,,,,False,False,,,5.233792299773016,0.9191036118405749,"/Volumes/Data-1/Nimrod/experiments/PV_62/2023_05_01/block_038/oe_files/2023-05-01_13-57-45/Record Node 108/analysis/recNames=Block0038,Animal=PV_62/lizMov.mat"
PV_62_038_2586090_L,PV_62,038,PV_62_block_038,2586089.5,2586174.4,9.725776238355623,347.8322056111758,L,monocular,1,1,1,0,True,False,False,same,L,101.85000000009313,0.7286044687893621,86.23854019282038,True,False,,,6.532276803156165,0.671645804207871,"/Volumes/Data-1/Nimrod/experiments/PV_62/2023_05_01/block_038/oe_files/2023-05-01_13-57-45/Record Node 108/analysis/recNames=Block0038,Animal=PV_62/lizMov.mat"
PV_62_038_2586820_L,PV_62,038,PV_62_block_038,2586819.8,2586904.7,7.011005031378466,193.99100298233915,L,monocular,1,0,0,0,False,False,False,none,,,,,False,False,,,6.95966508197898,0.992677233981475,"/Volumes/Data-1/Nimrod/experiments/PV_62/2023_05_01/block_038/oe_files/2023-05-01_13-57-45/Record Node 108/analysis/recNames=Block0038,Animal=PV_62/lizMov.mat"
PV_62_038_2644454_L,PV_62,038,PV_62_block_038,2644453.9,2644470.9,19.979446833248183,235.37604169913584,L,monocular,1,0,0,0,False,False,False,none,,,,,False,False,,,18.212364844522206,0.9115550093316227,"/Volumes/Data-1/Nimrod/experiments/PV_62/2023_05_01/block_038/oe_files/2023-05-01_13-57-45/Record Node 108/analysis/recNames=Block0038,Animal=PV_62/lizMov.mat"
PV_62_038_2669249_L,PV_62,038,PV_62_block_038,2669249.45,2669368.35,9.29207350315649,300.4342534660095,L,monocular,1,1,1,0,True,False,False,same,R,67.9499999997206,0.5147820731105622,32.555851411808476,True,False,,,8.01924476784622,0.8630199454537362,"/Volumes/Data-1/Nimrod/experiments/PV_62/2023_05_01/block_038/oe_files/2023-05-01_13-57-45/Record Node 108/analysis/recNames=Block0038,Animal=PV_62/lizMov.mat"
PV_62_038_2794247_L,PV_62,038,PV_62_block_038,2794247.1,2794281.05,6.986593157750253,16.10231887878839,L,monocular,1,3,1,2,True,True,True,same,L,50.9499999997206,4.4334844282801855,69.40973340546589,True,False,,,7.062489826683017,1.010863187138437,"/Volumes/Data-1/Nimrod/experiments/PV_62/2023_05_01/block_038/oe_files/2023-05-01_13-57-45/Record Node 108/analysis/recNames=Block0038,Animal=PV_62/lizMov.mat"
PV_62_038_2795962_L,PV_62,038,PV_62_block_038,2795962.25,2796115.1,14.80363953923257,90.30303124062078,L,monocular,1,1,0,1,True,False,False,reverse,L,169.85000000009313,0.6646452334204341,117.7106733711596,True,False,,,14.091628176388394,0.951902951908738,"/Volumes/Data-1/Nimrod/experiments/PV_62/2023_05_01/block_038/oe_files/2023-05-01_13-57-45/Record Node 108/analysis/recNames=Block0038,Animal=PV_62/lizMov.mat"
PV_62_038_2797015_L,PV_62,038,PV_62_block_038,2797015.05,2797184.85,8.880947919829895,287.32678348277096,L,monocular,1,0,0,0,False,False,False,none,,,,,False,False,,,8.530822898219974,0.9605757150283314,"/Volumes/Data-1/Nimrod/experiments/PV_62/2023_05_01/block_038/oe_files/2023-05-01_13-57-45/Record Node 108/analysis/recNames=Block0038,Animal=PV_62/lizMov.mat"
PV_62_038_2807662_L,PV_62,038,PV_62_block_038,2807662.15,2807730.05,9.472561216294064,11.27819322280186,L,monocular,1,2,0,1,True,True,False,reverse,L,118.85000000009313,1.1537519766320332,162.92584025399725,True,False,,,3.850925990044832,0.40653482222112514,"/Volumes/Data-1/Nimrod/experiments/PV_62/2023_05_01/block_038/oe_files/2023-05-01_13-57-45/Record Node 108/analysis/recNames=Block0038,Animal=PV_62/lizMov.mat"
PV_62_038_2810346_L,PV_62,038,PV_62_block_038,2810345.75,2810430.65,6.515698641140461,127.29070381126202,L,monocular,1,0,0,0,False,False,False,none,,,,,False,False,,,8.133922614226766,1.2483577068572131,"/Volumes/Data-1/Nimrod/experiments/PV_62/2023_05_01/block_038/oe_files/2023-05-01_13-57-45/Record Node 108/analysis/recNames=Block0038,Animal=PV_62/lizMov.mat"
PV_62_038_2909123_L,PV_62,038,PV_62_block_038,2909123.35,2909191.3,11.205913549512672,8.10546219006577,L,monocular,1,0,0,0,False,False,False,none,,,,,False,False,,,7.26315869582976,0.648154089690048,"/Volumes/Data-1/Nimrod/experiments/PV_62/2023_05_01/block_038/oe_files/2023-05-01_13-57-45/Record Node 108/analysis/recNames=Block0038,Animal=PV_62/lizMov.mat"
PV_62_038_2911008_L,PV_62,038,PV_62_block_038,2911008.3,2911059.2,8.144800375317955,10.063732324922212,L,monocular,1,2,0,2,True,True,False,reverse,L,118.85000000009313,1.2564815080248206,167.238796533806,True,False,,,1.767651291772113,0.2170281910320126,"/Volumes/Data-1/Nimrod/experiments/PV_62/2023_05_01/block_038/oe_files/2023-05-01_13-57-45/Record Node 108/analysis/recNames=Block0038,Animal=PV_62/lizMov.mat"
PV_62_038_335934_R,PV_62,038,PV_62_block_038,335933.95,335967.9,16.7627970161234,175.8900931926571,R,monocular,1,1,0,1,True,False,False,reverse,R,67.95000000001164,10.20530542183404,161.10748192509868,True,False,,,4.596068217140712,0.2741826565530774,"/Volumes/Data-1/Nimrod/experiments/PV_62/2023_05_01/block_038/oe_files/2023-05-01_13-57-45/Record Node 108/analysis/recNames=Block0038,Animal=PV_62/lizMov.mat"
PV_62_038_336002_R,PV_62,038,PV_62_block_038,336001.9,336120.8,10.20530542183404,336.9975751177558,R,monocular,1,0,0,0,False,False,False,none,,,,,False,False,,,12.088890009485159,1.1845691539639007,"/Volumes/Data-1/Nimrod/experiments/PV_62/2023_05_01/block_038/oe_files/2023-05-01_13-57-45/Record Node 108/analysis/recNames=Block0038,Animal=PV_62/lizMov.mat"
PV_62_038_336546_R,PV_62,038,PV_62_block_038,336545.5,336579.5,10.865547298279777,118.73042200953763,R,monocular,1,3,1,2,True,True,True,reverse,R,34.0,0.6438022246967774,100.08849601924504,True,True,336700.0,154.5,-7.81519193806591,-0.7192635330300576,"/Volumes/Data-1/Nimrod/experiments/PV_62/2023_05_01/block_038/oe_files/2023-05-01_13-57-45/Record Node 108/analysis/recNames=Block0038,Animal=PV_62/lizMov.mat"
PV_62_038_336630_R,PV_62,038,PV_62_block_038,336630.45,336800.35,18.207233895172784,325.0725134721432,R,monocular,1,3,1,2,True,True,True,reverse,L,51.0,0.5886012516841292,113.68049811973663,True,True,336700.0,69.54999999998836,21.010410228941076,1.153959483901148,"/Volumes/Data-1/Nimrod/experiments/PV_62/2023_05_01/block_038/oe_files/2023-05-01_13-57-45/Record Node 108/analysis/recNames=Block0038,Animal=PV_62/lizMov.mat"
PV_62_038_369601_R,PV_62,038,PV_62_block_038,369600.7,369685.65,7.781483056770381,113.93271261941189,R,monocular,1,0,0,0,False,False,False,none,,,,,False,False,,,5.285492904351263,0.679239788327053,"/Volumes/Data-1/Nimrod/experiments/PV_62/2023_05_01/block_038/oe_files/2023-05-01_13-57-45/Record Node 108/analysis/recNames=Block0038,Animal=PV_62/lizMov.mat"
PV_62_038_379250_R,PV_62,038,PV_62_block_038,379250.1,379318.0,22.602178844177413,70.46857258482918,R,monocular,1,2,1,1,True,True,True,same,R,152.85000000003492,0.5797815258885279,79.6010580850417,True,False,,,21.19222299762107,0.9376185872929873,"/Volumes/Data-1/Nimrod/experiments/PV_62/2023_05_01/block_038/oe_files/2023-05-01_13-57-45/Record Node 108/analysis/recNames=Block0038,Animal=PV_62/lizMov.mat"
PV_62_038_390971_R,PV_62,038,PV_62_block_038,390971.35,391039.3,9.595385994132837,128.11270767015964,R,monocular,1,3,2,1,True,True,True,same,L,34.0,1.8084793266662622,66.12595253907168,True,False,,,12.518729502898344,1.3046613768902058,"/Volumes/Data-1/Nimrod/experiments/PV_62/2023_05_01/block_038/oe_files/2023-05-01_13-57-45/Record Node 108/analysis/recNames=Block0038,Animal=PV_62/lizMov.mat"
PV_62_038_443016_R,PV_62,038,PV_62_block_038,443016.5,443050.45,7.394555205119213,64.50539031091061,R,monocular,1,0,0,0,False,False,False,none,,,,,False,True,443024.0,7.5,4.2261877832355985,0.5715269770803564,"/Volumes/Data-1/Nimrod/experiments/PV_62/2023_05_01/block_038/oe_files/2023-05-01_13-57-45/Record Node 108/analysis/recNames=Block0038,Animal=PV_62/lizMov.mat"
PV_62_038_456503_R,PV_62,038,PV_62_block_038,456502.7,456553.65,11.638969907060561,144.8991917223882,R,monocular,1,3,1,2,True,True,True,same,L,34.0,4.775631150163149,79.96057521120423,True,False,,,7.569994006408818,0.6504006855294491,"/Volumes/Data-1/Nimrod/experiments/PV_62/2023_05_01/block_038/oe_files/2023-05-01_13-57-45/Record Node 108/analysis/recNames=Block0038,Animal=PV_62/lizMov.mat"
PV_62_038_461428_R,PV_62,038,PV_62_block_038,461428.45,461530.4,5.805504601642912,289.0543783066379,R,monocular,1,0,0,0,False,False,False,none,,,,,False,True,461540.0,111.54999999998836,10.43099628034152,1.796742401580326,"/Volumes/Data-1/Nimrod/experiments/PV_62/2023_05_01/block_038/oe_files/2023-05-01_13-57-45/Record Node 108/analysis/recNames=Block0038,Animal=PV_62/lizMov.mat"
PV_62_038_478314_R,PV_62,038,PV_62_block_038,478313.5,478381.4,8.607823115978363,205.13424813864492,R,monocular,1,0,0,0,False,False,False,none,,,,,False,False,,,7.220387712772373,0.8388169244985357,"/Volumes/Data-1/Nimrod/experiments/PV_62/2023_05_01/block_038/oe_files/2023-05-01_13-57-45/Record Node 108/analysis/recNames=Block0038,Animal=PV_62/lizMov.mat"
PV_62_038_523104_R,PV_62,038,PV_62_block_038,523104.1,523172.0500000001,5.903065796495662,90.35647883531588,R,monocular,1,5,2,3,True,True,True,reverse,L,50.95000000012806,0.7041769398386266,145.29138689781104,True,False,,,4.925526349281319,0.8344013973561575,"/Volumes/Data-1/Nimrod/experiments/PV_62/2023_05_01/block_038/oe_files/2023-05-01_13-57-45/Record Node 108/analysis/recNames=Block0038,Animal=PV_62/lizMov.mat"
PV_62_038_548279_R,PV_62,038,PV_62_block_038,548278.95,548346.9,11.256038659827407,44.803999135747574,R,monocular,1,1,0,1,True,False,False,reverse,L,101.90000000002328,0.7237665718462774,134.13109792712203,True,False,,,7.889659253095735,0.7009268084031891,"/Volumes/Data-1/Nimrod/experiments/PV_62/2023_05_01/block_038/oe_files/2023-05-01_13-57-45/Record Node 108/analysis/recNames=Block0038,Animal=PV_62/lizMov.mat"
PV_62_038_619718_R,PV_62,038,PV_62_block_038,619718.05,619819.95,6.676268532780852,125.54320583980784,R,monocular,1,0,0,0,False,False,False,none,,,,,False,True,619792.0,73.94999999995343,8.375537816955779,1.2545238070984444,"/Volumes/Data-1/Nimrod/experiments/PV_62/2023_05_01/block_038/oe_files/2023-05-01_13-57-45/Record Node 108/analysis/recNames=Block0038,Animal=PV_62/lizMov.mat"
PV_62_038_626004_R,PV_62,038,PV_62_block_038,626003.7,626207.55,17.228480587957847,47.19750105787017,R,monocular,1,0,0,0,False,False,False,none,,,,,False,False,,,17.18791428327618,0.9976453927858256,"/Volumes/Data-1/Nimrod/experiments/PV_62/2023_05_01/block_038/oe_files/2023-05-01_13-57-45/Record Node 108/analysis/recNames=Block0038,Animal=PV_62/lizMov.mat"
PV_62_038_656072_R,PV_62,038,PV_62_block_038,656071.8,656173.7,12.189709451850392,69.52032937206741,R,monocular,1,0,0,0,False,False,False,none,,,,,False,False,,,10.9737335701088,0.9002457042520396,"/Volumes/Data-1/Nimrod/experiments/PV_62/2023_05_01/block_038/oe_files/2023-05-01_13-57-45/Record Node 108/analysis/recNames=Block0038,Animal=PV_62/lizMov.mat"
PV_62_038_658552_R,PV_62,038,PV_62_block_038,658551.9,658636.9,12.100296171266665,34.43386712011141,R,monocular,1,1,1,0,True,False,False,same,L,34.0,2.5419032897071925,19.84899933600056,True,True,658600.0,48.09999999997672,9.166015804709616,0.7575034259471446,"/Volumes/Data-1/Nimrod/experiments/PV_62/2023_05_01/block_038/oe_files/2023-05-01_13-57-45/Record Node 108/analysis/recNames=Block0038,Animal=PV_62/lizMov.mat"
PV_62_038_689924_R,PV_62,038,PV_62_block_038,689923.55,689991.5,12.227447747799095,110.45074663641928,R,monocular,1,2,1,1,True,True,True,reverse,L,34.0,3.3956272682951485,97.60739959919772,True,True,689980.0,56.449999999953434,9.226057218621762,0.7545366301223757,"/Volumes/Data-1/Nimrod/experiments/PV_62/2023_05_01/block_038/oe_files/2023-05-01_13-57-45/Record Node 108/analysis/recNames=Block0038,Animal=PV_62/lizMov.mat"
PV_62_038_703547_R,PV_62,038,PV_62_block_038,703546.75,703614.7,11.316087720298757,277.4981497093481,R,monocular,1,1,1,0,True,False,False,same,L,51.0,1.4713535318962994,85.31505840559328,True,False,,,9.870008115453698,0.8722102867538676,"/Volumes/Data-1/Nimrod/experiments/PV_62/2023_05_01/block_038/oe_files/2023-05-01_13-57-45/Record Node 108/analysis/recNames=Block0038,Animal=PV_62/lizMov.mat"
PV_62_038_711275_R,PV_62,038,PV_62_block_038,711274.75,711359.7,17.58536807164629,89.03337892149037,R,monocular,1,0,0,0,False,False,False,none,,,,,False,False,,,16.447611086161984,0.9353009285419073,"/Volumes/Data-1/Nimrod/experiments/PV_62/2023_05_01/block_038/oe_files/2023-05-01_13-57-45/Record Node 108/analysis/recNames=Block0038,Animal=PV_62/lizMov.mat"
PV_62_038_726802_R,PV_62,038,PV_62_block_038,726802.2,726921.1,12.944069520137226,80.85983003208959,R,monocular,1,1,0,1,True,False,False,reverse,R,169.85000000009313,0.6625288038013731,162.25427287692514,True,False,,,9.492953966911609,0.7333824924335673,"/Volumes/Data-1/Nimrod/experiments/PV_62/2023_05_01/block_038/oe_files/2023-05-01_13-57-45/Record Node 108/analysis/recNames=Block0038,Animal=PV_62/lizMov.mat"
PV_62_038_764358_R,PV_62,038,PV_62_block_038,764357.85,764493.75,15.838895539760921,228.99750543505436,R,monocular,1,1,1,0,True,False,False,same,R,169.90000000002328,0.547643863504983,12.731580670103853,True,False,,,18.735690321533298,1.1828912107223923,"/Volumes/Data-1/Nimrod/experiments/PV_62/2023_05_01/block_038/oe_files/2023-05-01_13-57-45/Record Node 108/analysis/recNames=Block0038,Animal=PV_62/lizMov.mat"
PV_62_038_864300_R,PV_62,038,PV_62_block_038,864300.1,864368.1,7.530543511567269,247.9159569849376,R,monocular,1,0,0,0,False,False,False,none,,,,,False,False,,,6.825657140088722,0.9063963483650538,"/Volumes/Data-1/Nimrod/experiments/PV_62/2023_05_01/block_038/oe_files/2023-05-01_13-57-45/Record Node 108/analysis/recNames=Block0038,Animal=PV_62/lizMov.mat"
PV_62_038_867153_R,PV_62,038,PV_62_block_038,867153.45,867221.4,5.636013595833542,197.94238028041545,R,monocular,1,0,0,0,False,False,False,none,,,,,False,False,,,5.973695549209379,1.0599150352698705,"/Volumes/Data-1/Nimrod/experiments/PV_62/2023_05_01/block_038/oe_files/2023-05-01_13-57-45/Record Node 108/analysis/recNames=Block0038,Animal=PV_62/lizMov.mat"
PV_62_038_937511_R,PV_62,038,PV_62_block_038,937510.65,937578.6,8.5668324897368,62.05091299058972,R,monocular,1,0,0,0,False,False,False,none,,,,,False,False,,,4.3623718243775285,0.5092164262116388,"/Volumes/Data-1/Nimrod/experiments/PV_62/2023_05_01/block_038/oe_files/2023-05-01_13-57-45/Record Node 108/analysis/recNames=Block0038,Animal=PV_62/lizMov.mat"
PV_62_038_948347_R,PV_62,038,PV_62_block_038,948346.7,948431.6,12.028444169050363,144.0480624568094,R,monocular,1,3,3,0,True,True,False,same,L,50.95000000006985,3.2755666862115733,48.78320170102123,True,False,,,13.34410315348666,1.1093789825139262,"/Volumes/Data-1/Nimrod/experiments/PV_62/2023_05_01/block_038/oe_files/2023-05-01_13-57-45/Record Node 108/analysis/recNames=Block0038,Animal=PV_62/lizMov.mat"
PV_62_038_955107_R,PV_62,038,PV_62_block_038,955106.9,955208.8,5.616257159309151,209.66530955375396,R,monocular,1,0,0,0,False,False,False,none,,,,,False,False,,,3.950076134939275,0.7033289293728083,"/Volumes/Data-1/Nimrod/experiments/PV_62/2023_05_01/block_038/oe_files/2023-05-01_13-57-45/Record Node 108/analysis/recNames=Block0038,Animal=PV_62/lizMov.mat"
PV_62_038_965500_R,PV_62,038,PV_62_block_038,965499.95,965567.9,6.224138046376904,70.72055094215413,R,monocular,1,1,1,0,True,False,False,same,R,101.90000000002328,1.522407317833188,54.60030595136533,True,False,,,8.229042511998204,1.3221176090058546,"/Volumes/Data-1/Nimrod/experiments/PV_62/2023_05_01/block_038/oe_files/2023-05-01_13-57-45/Record Node 108/analysis/recNames=Block0038,Animal=PV_62/lizMov.mat"
PV_62_038_1161347_R,PV_62,038,PV_62_block_038,1161347.45,1161398.4,5.716774889125433,96.15515572981577,R,monocular,1,0,0,0,False,False,False,none,,,,,False,False,,,3.0045189199664737,0.5255618733005792,"/Volumes/Data-1/Nimrod/experiments/PV_62/2023_05_01/block_038/oe_files/2023-05-01_13-57-45/Record Node 108/analysis/recNames=Block0038,Animal=PV_62/lizMov.mat"
PV_62_038_1170011_R,PV_62,038,PV_62_block_038,1170010.55,1170061.5,8.146749423804188,123.73297929606238,R,monocular,1,1,0,1,True,False,False,reverse,L,34.0,3.4979345006283404,96.62494482666716,True,False,,,3.1875032971524417,0.39126075092463225,"/Volumes/Data-1/Nimrod/experiments/PV_62/2023_05_01/block_038/oe_files/2023-05-01_13-57-45/Record Node 108/analysis/recNames=Block0038,Animal=PV_62/lizMov.mat"
PV_62_038_1175039_R,PV_62,038,PV_62_block_038,1175039.3,1175107.25,7.929909358003735,195.51136799658258,R,monocular,1,0,0,0,False,False,False,none,,,,,False,False,,,8.60389595114754,1.0849929756717263,"/Volumes/Data-1/Nimrod/experiments/PV_62/2023_05_01/block_038/oe_files/2023-05-01_13-57-45/Record Node 108/analysis/recNames=Block0038,Animal=PV_62/lizMov.mat"
PV_62_038_1224077_R,PV_62,038,PV_62_block_038,1224077.2,1224145.15,9.581605508550926,311.3321789576913,R,monocular,1,1,1,0,True,False,False,same,L,50.949999999953434,5.283877194378622,73.16479489703346,True,False,,,7.099814735174975,0.7409838287371441,"/Volumes/Data-1/Nimrod/experiments/PV_62/2023_05_01/block_038/oe_files/2023-05-01_13-57-45/Record Node 108/analysis/recNames=Block0038,Animal=PV_62/lizMov.mat"
PV_62_038_1225504_R,PV_62,038,PV_62_block_038,1225503.9,1225571.85,11.87999867511093,350.59967285747683,R,monocular,1,5,1,4,True,True,True,same,L,34.0,9.343671750179272,39.423108152761756,True,False,,,5.450606160488461,0.4588052835315292,"/Volumes/Data-1/Nimrod/experiments/PV_62/2023_05_01/block_038/oe_files/2023-05-01_13-57-45/Record Node 108/analysis/recNames=Block0038,Animal=PV_62/lizMov.mat"
PV_62_038_1235171_R,PV_62,038,PV_62_block_038,1235170.8,1235221.8,6.089988238233194,88.2803359619666,R,monocular,1,1,0,1,True,False,False,reverse,L,51.0,1.2850659637267543,120.87790034478218,True,False,,,3.305690460019791,0.5428073636113994,"/Volumes/Data-1/Nimrod/experiments/PV_62/2023_05_01/block_038/oe_files/2023-05-01_13-57-45/Record Node 108/analysis/recNames=Block0038,Animal=PV_62/lizMov.mat"
PV_62_038_1245127_R,PV_62,038,PV_62_block_038,1245127.1,1245195.05,8.73575987844795,257.50160425642,R,monocular,1,2,1,1,True,True,True,reverse,L,34.0,2.4472838208023697,163.79774825358328,True,True,1245212.0,84.89999999990687,7.515153435290894,0.8602747259378749,"/Volumes/Data-1/Nimrod/experiments/PV_62/2023_05_01/block_038/oe_files/2023-05-01_13-57-45/Record Node 108/analysis/recNames=Block0038,Animal=PV_62/lizMov.mat"
PV_62_038_1335768_R,PV_62,038,PV_62_block_038,1335768.35,1335836.25,13.539992893412096,82.87202062625668,R,monocular,1,0,0,0,False,False,False,none,,,,,False,False,,,11.39173491020421,0.8413397997975963,"/Volumes/Data-1/Nimrod/experiments/PV_62/2023_05_01/block_038/oe_files/2023-05-01_13-57-45/Record Node 108/analysis/recNames=Block0038,Animal=PV_62/lizMov.mat"
PV_62_038_1336465_R,PV_62,038,PV_62_block_038,1336464.7,1336532.65,5.742156664433587,50.59112263857692,R,monocular,1,0,0,0,False,False,False,none,,,,,False,False,,,4.277899052620854,0.7449986655915859,"/Volumes/Data-1/Nimrod/experiments/PV_62/2023_05_01/block_038/oe_files/2023-05-01_13-57-45/Record Node 108/analysis/recNames=Block0038,Animal=PV_62/lizMov.mat"
PV_62_038_1350174_R,PV_62,038,PV_62_block_038,1350173.65,1350258.6,13.412173901267527,33.37099774194106,R,monocular,1,2,0,1,True,True,False,unknown,R,101.95000000018626,,,False,False,,,6.795611686883078,0.5066748863315031,"/Volumes/Data-1/Nimrod/experiments/PV_62/2023_05_01/block_038/oe_files/2023-05-01_13-57-45/Record Node 108/analysis/recNames=Block0038,Animal=PV_62/lizMov.mat"
PV_62_038_1355355_R,PV_62,038,PV_62_block_038,1355355.05,1355457.0,20.685222672014817,20.906327284402433,R,monocular,1,3,1,2,True,True,True,same,L,34.0,4.0821511716503736,15.515831828012864,True,False,,,17.552177462090448,0.8485370324698952,"/Volumes/Data-1/Nimrod/experiments/PV_62/2023_05_01/block_038/oe_files/2023-05-01_13-57-45/Record Node 108/analysis/recNames=Block0038,Animal=PV_62/lizMov.mat"
PV_62_038_1360536_R,PV_62,038,PV_62_block_038,1360536.2,1360604.15,9.110683576282051,70.0762636876811,R,monocular,1,1,0,0,True,False,False,unknown,L,220.85000000009313,,,False,False,,,7.438077473279709,0.8164126666239778,"/Volumes/Data-1/Nimrod/experiments/PV_62/2023_05_01/block_038/oe_files/2023-05-01_13-57-45/Record Node 108/analysis/recNames=Block0038,Animal=PV_62/lizMov.mat"
PV_62_038_1388278_R,PV_62,038,PV_62_block_038,1388278.1,1388329.05,8.955965148272044,161.44916592795693,R,monocular,1,0,0,0,False,False,False,none,,,,,False,True,1388324.0,45.89999999990687,4.857845357928992,0.5424145000012937,"/Volumes/Data-1/Nimrod/experiments/PV_62/2023_05_01/block_038/oe_files/2023-05-01_13-57-45/Record Node 108/analysis/recNames=Block0038,Animal=PV_62/lizMov.mat"
PV_62_038_1392339_R,PV_62,038,PV_62_block_038,1392339.0,1392423.95,11.357483616628455,157.00217018540386,R,monocular,1,0,0,0,False,False,False,none,,,,,False,False,,,6.436411895204878,0.5667110878136199,"/Volumes/Data-1/Nimrod/experiments/PV_62/2023_05_01/block_038/oe_files/2023-05-01_13-57-45/Record Node 108/analysis/recNames=Block0038,Animal=PV_62/lizMov.mat"
PV_62_038_1393596_R,PV_62,038,PV_62_block_038,1393596.2,1393715.15,11.659075794118092,174.1094657195555,R,monocular,1,1,0,1,True,False,False,reverse,R,152.94999999995343,0.6355738769549799,132.5764563294502,True,False,,,8.715624137493052,0.7475398814964401,"/Volumes/Data-1/Nimrod/experiments/PV_62/2023_05_01/block_038/oe_files/2023-05-01_13-57-45/Record Node 108/analysis/recNames=Block0038,Animal=PV_62/lizMov.mat"
PV_62_038_1401140_R,PV_62,038,PV_62_block_038,1401139.95,1401224.95,11.216335507930488,255.6952419185768,R,monocular,1,0,0,0,False,False,False,none,,,,,False,False,,,9.749277458270534,0.86920344450978,"/Volumes/Data-1/Nimrod/experiments/PV_62/2023_05_01/block_038/oe_files/2023-05-01_13-57-45/Record Node 108/analysis/recNames=Block0038,Animal=PV_62/lizMov.mat"
PV_62_038_1402160_R,PV_62,038,PV_62_block_038,1402159.6,1402244.55,10.753993042796642,67.27531416834846,R,monocular,1,0,0,0,False,False,False,none,,,,,False,False,,,8.679802096957893,0.8071236481570809,"/Volumes/Data-1/Nimrod/experiments/PV_62/2023_05_01/block_038/oe_files/2023-05-01_13-57-45/Record Node 108/analysis/recNames=Block0038,Animal=PV_62/lizMov.mat"
PV_62_038_1403893_R,PV_62,038,PV_62_block_038,1403893.0,1403960.95,12.142585045509136,305.24008625335426,R,monocular,1,1,0,1,True,False,False,reverse,R,84.94999999995343,0.568272639143344,149.66110827357747,True,False,,,9.52484902168106,0.7844169084246002,"/Volumes/Data-1/Nimrod/experiments/PV_62/2023_05_01/block_038/oe_files/2023-05-01_13-57-45/Record Node 108/analysis/recNames=Block0038,Animal=PV_62/lizMov.mat"
PV_62_038_1404607_R,PV_62,038,PV_62_block_038,1404606.65,1404657.65,6.377286899286058,16.052247040974013,R,monocular,1,2,0,2,True,True,False,reverse,L,51.0,4.134644941457349,119.71227577465987,True,False,,,7.404912696179766,1.1611383983694934,"/Volumes/Data-1/Nimrod/experiments/PV_62/2023_05_01/block_038/oe_files/2023-05-01_13-57-45/Record Node 108/analysis/recNames=Block0038,Animal=PV_62/lizMov.mat"
PV_62_038_1421668_R,PV_62,038,PV_62_block_038,1421667.7,1421803.65,23.38402088171005,134.51379148019967,R,monocular,1,3,2,1,True,True,True,same,L,34.0,6.014159851743974,77.81393007873322,True,False,,,21.12346068747377,0.9033288498299114,"/Volumes/Data-1/Nimrod/experiments/PV_62/2023_05_01/block_038/oe_files/2023-05-01_13-57-45/Record Node 108/analysis/recNames=Block0038,Animal=PV_62/lizMov.mat"
PV_62_038_1438965_R,PV_62,038,PV_62_block_038,1438965.25,1439050.2,14.529976602262177,326.21755699051783,R,monocular,1,1,0,1,True,False,False,reverse,R,118.94999999995343,3.602931201185126,173.99955495579027,True,False,,,8.244395855510113,0.5674059966639272,"/Volumes/Data-1/Nimrod/experiments/PV_62/2023_05_01/block_038/oe_files/2023-05-01_13-57-45/Record Node 108/analysis/recNames=Block0038,Animal=PV_62/lizMov.mat"
PV_62_038_1443060_R,PV_62,038,PV_62_block_038,1443059.65,1443093.6,7.201694708949175,339.19822330726834,R,monocular,1,1,0,1,True,False,False,reverse,R,118.95000000018626,0.7877139858017593,177.86855314509728,True,False,,,1.9039204159873293,0.2643711644179287,"/Volumes/Data-1/Nimrod/experiments/PV_62/2023_05_01/block_038/oe_files/2023-05-01_13-57-45/Record Node 108/analysis/recNames=Block0038,Animal=PV_62/lizMov.mat"
PV_62_038_1449617_R,PV_62,038,PV_62_block_038,1449616.85,1449684.8,6.7454979558582915,281.3690751624448,R,monocular,1,0,0,0,False,False,False,none,,,,,False,False,,,5.796999643774209,0.8593879475924625,"/Volumes/Data-1/Nimrod/experiments/PV_62/2023_05_01/block_038/oe_files/2023-05-01_13-57-45/Record Node 108/analysis/recNames=Block0038,Animal=PV_62/lizMov.mat"
PV_62_038_1474367_R,PV_62,038,PV_62_block_038,1474367.4,1474401.4,6.410114377947774,138.61052052055635,R,monocular,1,0,0,0,False,False,False,none,,,,,False,False,,,4.187893327545229,0.6533258348638081,"/Volumes/Data-1/Nimrod/experiments/PV_62/2023_05_01/block_038/oe_files/2023-05-01_13-57-45/Record Node 108/analysis/recNames=Block0038,Animal=PV_62/lizMov.mat"
PV_62_038_1490658_R,PV_62,038,PV_62_block_038,1490657.6,1490725.55,14.630519112229091,126.89601840054316,R,monocular,1,5,1,4,True,True,True,same,L,67.94999999995343,3.473798818645607,26.116030069139413,True,False,,,10.751798043155546,0.7348883495301632,"/Volumes/Data-1/Nimrod/experiments/PV_62/2023_05_01/block_038/oe_files/2023-05-01_13-57-45/Record Node 108/analysis/recNames=Block0038,Animal=PV_62/lizMov.mat"
PV_62_038_1504315_R,PV_62,038,PV_62_block_038,1504314.9,1504399.85,12.587172258804554,326.77181514436484,R,monocular,1,0,0,0,False,False,False,none,,,,,False,False,,,9.816241369144079,0.7798607318079526,"/Volumes/Data-1/Nimrod/experiments/PV_62/2023_05_01/block_038/oe_files/2023-05-01_13-57-45/Record Node 108/analysis/recNames=Block0038,Animal=PV_62/lizMov.mat"
PV_62_038_1509054_R,PV_62,038,PV_62_block_038,1509053.9,1509104.85,7.114660275661652,330.35059502658515,R,monocular,1,3,1,2,True,True,True,same,L,34.0,6.96294502427854,20.88177533187229,True,False,,,1.3993741135940265,0.1966888170867564,"/Volumes/Data-1/Nimrod/experiments/PV_62/2023_05_01/block_038/oe_files/2023-05-01_13-57-45/Record Node 108/analysis/recNames=Block0038,Animal=PV_62/lizMov.mat"
PV_62_038_1523099_R,PV_62,038,PV_62_block_038,1523099.4,1523167.35,7.9445002209288536,315.9704711983211,R,monocular,1,3,2,1,True,True,True,same,L,34.0,5.77097774836378,51.79722299859691,True,False,,,6.437536069736437,0.81031353649881,"/Volumes/Data-1/Nimrod/experiments/PV_62/2023_05_01/block_038/oe_files/2023-05-01_13-57-45/Record Node 108/analysis/recNames=Block0038,Animal=PV_62/lizMov.mat"
PV_62_038_1530929_R,PV_62,038,PV_62_block_038,1530928.7,1530996.7,6.407499745151793,70.96747909932485,R,monocular,1,0,0,0,False,False,False,none,,,,,False,False,,,5.873084221032119,0.9165953109051566,"/Volumes/Data-1/Nimrod/experiments/PV_62/2023_05_01/block_038/oe_files/2023-05-01_13-57-45/Record Node 108/analysis/recNames=Block0038,Animal=PV_62/lizMov.mat"
PV_62_038_1535651_R,PV_62,038,PV_62_block_038,1535650.6,1535786.5,10.016651515999893,89.27887093192716,R,monocular,1,2,1,1,True,True,True,same,R,152.89999999990687,2.7080672113066258,41.02219396489238,True,False,,,10.974573774319127,1.095632982418238,"/Volumes/Data-1/Nimrod/experiments/PV_62/2023_05_01/block_038/oe_files/2023-05-01_13-57-45/Record Node 108/analysis/recNames=Block0038,Animal=PV_62/lizMov.mat"
PV_62_038_1536840_R,PV_62,038,PV_62_block_038,1536839.5,1536958.35,18.566000167951376,207.47489454928058,R,monocular,1,1,0,1,True,False,False,reverse,R,135.80000000004657,5.74679601100151,129.70862166578735,True,False,,,15.45090111809369,0.8322148539438791,"/Volumes/Data-1/Nimrod/experiments/PV_62/2023_05_01/block_038/oe_files/2023-05-01_13-57-45/Record Node 108/analysis/recNames=Block0038,Animal=PV_62/lizMov.mat"
PV_62_038_1536975_R,PV_62,038,PV_62_block_038,1536975.3,1537043.25,5.74679601100151,337.1835162150679,R,monocular,1,0,0,0,False,False,False,none,,,,,False,False,,,7.222266105849975,1.2567465579122463,"/Volumes/Data-1/Nimrod/experiments/PV_62/2023_05_01/block_038/oe_files/2023-05-01_13-57-45/Record Node 108/analysis/recNames=Block0038,Animal=PV_62/lizMov.mat"
PV_62_038_1556915_R,PV_62,038,PV_62_block_038,1556914.55,1556982.5,10.53149990898539,84.37434210907486,R,monocular,1,1,0,1,True,False,False,reverse,R,203.8499999998603,2.302892312861601,169.4575313317161,True,False,,,6.877449756311431,0.6530361122107257,"/Volumes/Data-1/Nimrod/experiments/PV_62/2023_05_01/block_038/oe_files/2023-05-01_13-57-45/Record Node 108/analysis/recNames=Block0038,Animal=PV_62/lizMov.mat"
PV_62_038_1562604_R,PV_62,038,PV_62_block_038,1562604.5,1562706.4,18.054061026947757,262.68503929252483,R,monocular,1,0,0,0,False,False,False,none,,,,,False,False,,,20.047034990132108,1.1103892337690455,"/Volumes/Data-1/Nimrod/experiments/PV_62/2023_05_01/block_038/oe_files/2023-05-01_13-57-45/Record Node 108/analysis/recNames=Block0038,Animal=PV_62/lizMov.mat"
PV_62_038_1621997_R,PV_62,038,PV_62_block_038,1621997.15,1622065.1,8.077858900904547,308.84104527430844,R,monocular,1,2,1,1,True,True,True,same,R,101.95000000018626,1.8272123268597014,84.54001230385214,True,False,,,7.2862243811743825,0.9019994618076929,"/Volumes/Data-1/Nimrod/experiments/PV_62/2023_05_01/block_038/oe_files/2023-05-01_13-57-45/Record Node 108/analysis/recNames=Block0038,Animal=PV_62/lizMov.mat"
PV_62_038_1624800_R,PV_62,038,PV_62_block_038,1624799.75,1624850.7,8.05686434679496,46.727062452201324,R,monocular,1,1,1,0,True,False,False,same,L,50.949999999953434,3.4242828067534496,23.256556740529334,True,False,,,5.561327250217049,0.6902595117453304,"/Volumes/Data-1/Nimrod/experiments/PV_62/2023_05_01/block_038/oe_files/2023-05-01_13-57-45/Record Node 108/analysis/recNames=Block0038,Animal=PV_62/lizMov.mat"
PV_62_038_1625921_R,PV_62,038,PV_62_block_038,1625920.9,1625971.85,7.238003080637999,117.77778464454569,R,monocular,1,3,1,2,True,True,True,same,L,67.95000000018626,0.5039107165673282,21.621931432009717,True,False,,,3.5991002200145434,0.49725044047609024,"/Volumes/Data-1/Nimrod/experiments/PV_62/2023_05_01/block_038/oe_files/2023-05-01_13-57-45/Record Node 108/analysis/recNames=Block0038,Animal=PV_62/lizMov.mat"
PV_62_038_1628146_R,PV_62,038,PV_62_block_038,1628146.3,1628265.15,22.942853392348926,97.18276299817602,R,monocular,1,1,0,1,True,False,False,reverse,R,203.80000000004657,2.3810124644006216,156.16057042731182,True,True,1628264.0,117.69999999995343,18.96888377243717,0.8267883444159125,"/Volumes/Data-1/Nimrod/experiments/PV_62/2023_05_01/block_038/oe_files/2023-05-01_13-57-45/Record Node 108/analysis/recNames=Block0038,Animal=PV_62/lizMov.mat"
PV_62_038_1632444_R,PV_62,038,PV_62_block_038,1632443.5,1632630.3,15.833251751059908,181.62387459353477,R,monocular,1,0,0,0,False,False,False,none,,,,,False,False,,,17.131646664519923,1.082004311803676,"/Volumes/Data-1/Nimrod/experiments/PV_62/2023_05_01/block_038/oe_files/2023-05-01_13-57-45/Record Node 108/analysis/recNames=Block0038,Animal=PV_62/lizMov.mat"
PV_62_038_1632851_R,PV_62,038,PV_62_block_038,1632851.15,1632936.05,7.075391239503524,352.55974949435074,R,monocular,1,1,1,0,True,False,False,same,L,50.950000000186265,21.477602737506132,62.068855014861015,False,False,,,8.361749830905774,1.1818074150048716,"/Volumes/Data-1/Nimrod/experiments/PV_62/2023_05_01/block_038/oe_files/2023-05-01_13-57-45/Record Node 108/analysis/recNames=Block0038,Animal=PV_62/lizMov.mat"
PV_62_038_1641242_R,PV_62,038,PV_62_block_038,1641242.05,1641310.05,7.834855399838145,110.9846764701609,R,monocular,1,3,0,3,True,True,False,reverse,L,51.0,5.7463870718063585,93.47518072683067,True,False,,,1.5355914820339729,0.19599487210264221,"/Volumes/Data-1/Nimrod/experiments/PV_62/2023_05_01/block_038/oe_files/2023-05-01_13-57-45/Record Node 108/analysis/recNames=Block0038,Animal=PV_62/lizMov.mat"
PV_62_038_1681835_R,PV_62,038,PV_62_block_038,1681835.15,1681886.1,6.548847692114858,288.56919875166966,R,monocular,1,2,1,1,True,True,True,same,L,34.0,2.6799035358678203,25.54883903539229,True,False,,,8.541290243775,1.3042432264929817,"/Volumes/Data-1/Nimrod/experiments/PV_62/2023_05_01/block_038/oe_files/2023-05-01_13-57-45/Record Node 108/analysis/recNames=Block0038,Animal=PV_62/lizMov.mat"
PV_62_038_1693842_R,PV_62,038,PV_62_block_038,1693842.4,1693876.35,9.488355413097754,91.07388917329428,R,monocular,1,0,0,0,False,False,False,none,,,,,False,False,,,10.680979612965096,1.1256934577114428,"/Volumes/Data-1/Nimrod/experiments/PV_62/2023_05_01/block_038/oe_files/2023-05-01_13-57-45/Record Node 108/analysis/recNames=Block0038,Animal=PV_62/lizMov.mat"
PV_62_038_1753940_R,PV_62,038,PV_62_block_038,1753940.1,1753974.05,26.951907286386867,180.43802739480273,R,monocular,1,0,0,0,False,False,False,none,,,,,False,False,,,27.218346584782623,1.009885730741228,"/Volumes/Data-1/Nimrod/experiments/PV_62/2023_05_01/block_038/oe_files/2023-05-01_13-57-45/Record Node 108/analysis/recNames=Block0038,Animal=PV_62/lizMov.mat"
PV_62_038_1754959_R,PV_62,038,PV_62_block_038,1754959.25,1754976.25,27.89101371413412,180.0115255745639,R,monocular,1,1,0,1,True,False,False,reverse,R,84.94999999995343,1.3840044193675314,105.41111363248018,True,False,,,-0.7558276787690035,-0.027099326202904495,"/Volumes/Data-1/Nimrod/experiments/PV_62/2023_05_01/block_038/oe_files/2023-05-01_13-57-45/Record Node 108/analysis/recNames=Block0038,Animal=PV_62/lizMov.mat"
PV_62_038_1756607_R,PV_62,038,PV_62_block_038,1756606.9,1756640.9,28.3035353225819,359.87086834586387,R,monocular,1,0,0,0,False,False,False,none,,,,,False,False,,,28.23976163244838,0.9977467941934929,"/Volumes/Data-1/Nimrod/experiments/PV_62/2023_05_01/block_038/oe_files/2023-05-01_13-57-45/Record Node 108/analysis/recNames=Block0038,Animal=PV_62/lizMov.mat"
PV_62_038_1859593_R,PV_62,038,PV_62_block_038,1859592.6,1859677.5,19.64133248624337,150.4232383535234,R,monocular,1,2,0,1,True,True,False,unknown,L,220.75,,,False,False,,,20.66997206852509,1.0523711709988195,"/Volumes/Data-1/Nimrod/experiments/PV_62/2023_05_01/block_038/oe_files/2023-05-01_13-57-45/Record Node 108/analysis/recNames=Block0038,Animal=PV_62/lizMov.mat"
PV_62_038_1864467_R,PV_62,038,PV_62_block_038,1864466.7,1864551.6,12.549171380682553,115.73186160609704,R,monocular,1,2,1,1,True,True,True,same,L,67.94999999995343,1.9746896330407786,20.75392805000439,True,False,,,8.088095819583906,0.6445123406342381,"/Volumes/Data-1/Nimrod/experiments/PV_62/2023_05_01/block_038/oe_files/2023-05-01_13-57-45/Record Node 108/analysis/recNames=Block0038,Animal=PV_62/lizMov.mat"
PV_62_038_1917084_R,PV_62,038,PV_62_block_038,1917083.85,1917151.75,17.563566964254747,305.8189213557377,R,monocular,1,3,0,3,True,True,False,reverse,R,101.89999999990687,3.360801940919546,148.75468642725605,True,False,,,8.028277552182384,0.4570983541396506,"/Volumes/Data-1/Nimrod/experiments/PV_62/2023_05_01/block_038/oe_files/2023-05-01_13-57-45/Record Node 108/analysis/recNames=Block0038,Animal=PV_62/lizMov.mat"
PV_62_038_1956939_R,PV_62,038,PV_62_block_038,1956938.55,1957023.45,12.583166664332616,130.73443733472345,R,monocular,1,3,1,1,True,True,True,unknown,L,50.949999999953434,,,False,False,,,8.142284834114223,0.647077564123329,"/Volumes/Data-1/Nimrod/experiments/PV_62/2023_05_01/block_038/oe_files/2023-05-01_13-57-45/Record Node 108/analysis/recNames=Block0038,Animal=PV_62/lizMov.mat"
PV_62_038_1969538_R,PV_62,038,PV_62_block_038,1969538.05,1969572.0,5.51364515852152,251.67781736419016,R,monocular,1,1,1,0,True,False,False,same,R,50.949999999953434,0.7136224881960728,27.57545477374009,True,False,,,7.627849351919641,1.3834494481623558,"/Volumes/Data-1/Nimrod/experiments/PV_62/2023_05_01/block_038/oe_files/2023-05-01_13-57-45/Record Node 108/analysis/recNames=Block0038,Animal=PV_62/lizMov.mat"
PV_62_038_1992479_R,PV_62,038,PV_62_block_038,1992478.55,1992563.45,9.583686526938507,158.74043289368296,R,monocular,1,2,1,1,True,True,True,reverse,L,220.80000000004657,3.335816185239357,111.41984200076126,True,False,,,9.403051026354337,0.9811517728510394,"/Volumes/Data-1/Nimrod/experiments/PV_62/2023_05_01/block_038/oe_files/2023-05-01_13-57-45/Record Node 108/analysis/recNames=Block0038,Animal=PV_62/lizMov.mat"
PV_62_038_1993141_R,PV_62,038,PV_62_block_038,1993141.0,1993259.9,5.8421487832248244,322.407485800975,R,monocular,1,5,3,2,True,True,True,reverse,L,135.85000000009313,1.438991512170041,157.03976218941665,True,False,,,9.061528456570365,1.551060884068835,"/Volumes/Data-1/Nimrod/experiments/PV_62/2023_05_01/block_038/oe_files/2023-05-01_13-57-45/Record Node 108/analysis/recNames=Block0038,Animal=PV_62/lizMov.mat"
PV_62_038_2009309_R,PV_62,038,PV_62_block_038,2009309.05,2009444.95,17.360725804565963,94.96577235907628,R,monocular,1,0,0,0,False,False,False,none,,,,,False,False,,,15.110177077734194,0.8703655162712228,"/Volumes/Data-1/Nimrod/experiments/PV_62/2023_05_01/block_038/oe_files/2023-05-01_13-57-45/Record Node 108/analysis/recNames=Block0038,Animal=PV_62/lizMov.mat"
PV_62_038_2034394_R,PV_62,038,PV_62_block_038,2034394.0,2034512.9,29.148598232605025,229.52675743074408,R,monocular,1,1,0,1,True,False,False,reverse,R,118.89999999990687,6.638764732264112,159.29419089139594,True,False,,,23.64076209862845,0.8110428470685214,"/Volumes/Data-1/Nimrod/experiments/PV_62/2023_05_01/block_038/oe_files/2023-05-01_13-57-45/Record Node 108/analysis/recNames=Block0038,Animal=PV_62/lizMov.mat"
PV_62_038_2034513_R,PV_62,038,PV_62_block_038,2034512.9,2034580.85,6.638764732264112,70.23256653934813,R,monocular,1,0,0,0,False,False,False,none,,,,,False,False,,,3.004779542567751,0.4526112407575842,"/Volumes/Data-1/Nimrod/experiments/PV_62/2023_05_01/block_038/oe_files/2023-05-01_13-57-45/Record Node 108/analysis/recNames=Block0038,Animal=PV_62/lizMov.mat"
PV_62_038_2035736_R,PV_62,038,PV_62_block_038,2035735.65,2035905.45,34.55381714846971,65.00974819043779,R,monocular,1,0,0,0,False,False,False,none,,,,,False,False,,,32.63363613069572,0.9444292649485462,"/Volumes/Data-1/Nimrod/experiments/PV_62/2023_05_01/block_038/oe_files/2023-05-01_13-57-45/Record Node 108/analysis/recNames=Block0038,Animal=PV_62/lizMov.mat"
PV_62_038_2044160_R,PV_62,038,PV_62_block_038,2044160.2,2044211.15,8.417590116976069,298.311210972784,R,monocular,1,0,0,0,False,False,False,none,,,,,False,False,,,6.091885509056741,0.7237089742313549,"/Volumes/Data-1/Nimrod/experiments/PV_62/2023_05_01/block_038/oe_files/2023-05-01_13-57-45/Record Node 108/analysis/recNames=Block0038,Animal=PV_62/lizMov.mat"
PV_62_038_2047778_R,PV_62,038,PV_62_block_038,2047778.2,2047829.2,10.076421030738487,54.83929059281046,R,monocular,1,2,1,1,True,True,True,same,L,34.0,2.379445460552601,84.0489517978591,True,False,,,6.358419125211373,0.6310195957289583,"/Volumes/Data-1/Nimrod/experiments/PV_62/2023_05_01/block_038/oe_files/2023-05-01_13-57-45/Record Node 108/analysis/recNames=Block0038,Animal=PV_62/lizMov.mat"
PV_62_038_2048933_R,PV_62,038,PV_62_block_038,2048933.3,2049052.2,14.620372599138937,253.98353647124145,R,monocular,1,0,0,0,False,False,False,none,,,,,False,False,,,15.184479439696899,1.0385836158916486,"/Volumes/Data-1/Nimrod/experiments/PV_62/2023_05_01/block_038/oe_files/2023-05-01_13-57-45/Record Node 108/analysis/recNames=Block0038,Animal=PV_62/lizMov.mat"
PV_62_038_2054691_R,PV_62,038,PV_62_block_038,2054691.0,2054775.9,7.0341915731123255,88.00403862550962,R,monocular,1,0,0,0,False,False,False,none,,,,,False,False,,,7.637728261912009,1.0858004338560607,"/Volumes/Data-1/Nimrod/experiments/PV_62/2023_05_01/block_038/oe_files/2023-05-01_13-57-45/Record Node 108/analysis/recNames=Block0038,Animal=PV_62/lizMov.mat"
PV_62_038_2074119_R,PV_62,038,PV_62_block_038,2074119.05,2074237.95,8.903119299064521,350.9735992613557,R,monocular,1,1,1,0,True,False,False,same,L,50.949999999953434,1.3723442195711237,20.7975442194396,True,False,,,10.902550030089161,1.2245764280879317,"/Volumes/Data-1/Nimrod/experiments/PV_62/2023_05_01/block_038/oe_files/2023-05-01_13-57-45/Record Node 108/analysis/recNames=Block0038,Animal=PV_62/lizMov.mat"
PV_62_038_2107695_R,PV_62,038,PV_62_block_038,2107695.35,2107797.25,7.563150037485496,355.02976381521245,R,monocular,1,1,1,0,True,False,False,same,L,67.9499999997206,0.5809073087492388,15.125170281614032,True,False,,,9.215294516903391,1.2184466090490491,"/Volumes/Data-1/Nimrod/experiments/PV_62/2023_05_01/block_038/oe_files/2023-05-01_13-57-45/Record Node 108/analysis/recNames=Block0038,Animal=PV_62/lizMov.mat"
PV_62_038_2132574_R,PV_62,038,PV_62_block_038,2132574.45,2132608.45,5.688027280651363,89.97229785190173,R,monocular,1,1,0,1,True,False,False,reverse,R,135.84999999962747,0.5489821960734784,174.24411456476923,True,False,,,5.762768350513684,1.013140068810247,"/Volumes/Data-1/Nimrod/experiments/PV_62/2023_05_01/block_038/oe_files/2023-05-01_13-57-45/Record Node 108/analysis/recNames=Block0038,Animal=PV_62/lizMov.mat"
PV_62_038_2135037_R,PV_62,038,PV_62_block_038,2135036.7,2135121.6,5.917629876420197,91.30778782370581,R,monocular,1,0,0,0,False,False,False,none,,,,,False,False,,,8.144182058427878,1.3762574254398299,"/Volumes/Data-1/Nimrod/experiments/PV_62/2023_05_01/block_038/oe_files/2023-05-01_13-57-45/Record Node 108/analysis/recNames=Block0038,Animal=PV_62/lizMov.mat"
PV_62_038_2145701_R,PV_62,038,PV_62_block_038,2145700.85,2145734.85,6.358503117856273,6.858961275039154,R,monocular,1,1,0,0,True,False,False,unknown,R,34.0,,,False,False,,,2.9878324642647804,0.4698955727290904,"/Volumes/Data-1/Nimrod/experiments/PV_62/2023_05_01/block_038/oe_files/2023-05-01_13-57-45/Record Node 108/analysis/recNames=Block0038,Animal=PV_62/lizMov.mat"
PV_62_038_2159727_R,PV_62,038,PV_62_block_038,2159726.8,2159845.7,13.544897878370747,270.13699668908924,R,monocular,1,0,0,0,False,False,False,none,,,,,False,False,,,14.916842145754366,1.1012886386965246,"/Volumes/Data-1/Nimrod/experiments/PV_62/2023_05_01/block_038/oe_files/2023-05-01_13-57-45/Record Node 108/analysis/recNames=Block0038,Animal=PV_62/lizMov.mat"
PV_62_038_2162274_R,PV_62,038,PV_62_block_038,2162273.7,2162324.65,13.782706397746573,143.58643648302294,R,monocular,1,1,1,0,True,False,False,same,L,34.0,6.664386150945787,28.307393675679265,True,False,,,12.519316850913835,0.9083351621682011,"/Volumes/Data-1/Nimrod/experiments/PV_62/2023_05_01/block_038/oe_files/2023-05-01_13-57-45/Record Node 108/analysis/recNames=Block0038,Animal=PV_62/lizMov.mat"
PV_62_038_2164736_R,PV_62,038,PV_62_block_038,2164735.9,2164820.8,5.873843077567267,9.519902082985492,R,monocular,1,1,1,0,True,False,False,same,L,50.89999999990687,0.6127858501088327,35.14605935752161,True,False,,,8.266401936544645,1.4073242726069366,"/Volumes/Data-1/Nimrod/experiments/PV_62/2023_05_01/block_038/oe_files/2023-05-01_13-57-45/Record Node 108/analysis/recNames=Block0038,Animal=PV_62/lizMov.mat"
PV_62_038_2167079_R,PV_62,038,PV_62_block_038,2167079.05,2167197.9,19.728927673315535,133.99409653465392,R,monocular,1,2,0,2,True,True,False,reverse,R,186.75,8.215673238016906,132.05613668380076,True,False,,,12.130055378252564,0.6148360204421619,"/Volumes/Data-1/Nimrod/experiments/PV_62/2023_05_01/block_038/oe_files/2023-05-01_13-57-45/Record Node 108/analysis/recNames=Block0038,Animal=PV_62/lizMov.mat"
PV_62_038_2167266_R,PV_62,038,PV_62_block_038,2167265.8,2167384.65,8.215673238016906,1.9379598508531655,R,monocular,1,1,1,0,True,False,False,same,L,34.0,7.638055185782029,22.193577801483798,True,False,,,10.105288311159226,1.2300012449860327,"/Volumes/Data-1/Nimrod/experiments/PV_62/2023_05_01/block_038/oe_files/2023-05-01_13-57-45/Record Node 108/analysis/recNames=Block0038,Animal=PV_62/lizMov.mat"
PV_62_038_2170288_R,PV_62,038,PV_62_block_038,2170287.65,2170338.6,8.512951534365916,153.8048120129558,R,monocular,1,2,1,1,True,True,True,same,L,34.0,5.598858823967289,22.040471475110934,True,False,,,3.7396763729727223,0.439292571780308,"/Volumes/Data-1/Nimrod/experiments/PV_62/2023_05_01/block_038/oe_files/2023-05-01_13-57-45/Record Node 108/analysis/recNames=Block0038,Animal=PV_62/lizMov.mat"
PV_62_038_2174888_R,PV_62,038,PV_62_block_038,2174888.0,2174955.95,10.632027394348626,115.31182701859302,R,monocular,1,2,0,2,True,True,False,reverse,R,118.85000000009313,5.730552809664079,117.9788684683495,True,False,,,5.4365821887097585,0.5113401223551712,"/Volumes/Data-1/Nimrod/experiments/PV_62/2023_05_01/block_038/oe_files/2023-05-01_13-57-45/Record Node 108/analysis/recNames=Block0038,Animal=PV_62/lizMov.mat"
PV_62_038_2175007_R,PV_62,038,PV_62_block_038,2175006.85,2175091.75,5.730552809664079,357.3329585502435,R,monocular,1,2,2,0,True,True,False,same,R,118.85000000009313,4.134716294418787,72.03970938486276,True,False,,,9.511004826472318,1.6597011043040795,"/Volumes/Data-1/Nimrod/experiments/PV_62/2023_05_01/block_038/oe_files/2023-05-01_13-57-45/Record Node 108/analysis/recNames=Block0038,Animal=PV_62/lizMov.mat"
PV_62_038_2175516_R,PV_62,038,PV_62_block_038,2175516.1,2175567.0,5.784021821278214,84.75238250985822,R,monocular,1,2,1,1,True,True,True,reverse,R,101.85000000009313,3.687200944921335,154.43088471993485,True,False,,,-0.3362431519792374,-0.05813310571240736,"/Volumes/Data-1/Nimrod/experiments/PV_62/2023_05_01/block_038/oe_files/2023-05-01_13-57-45/Record Node 108/analysis/recNames=Block0038,Animal=PV_62/lizMov.mat"
PV_62_038_2183190_R,PV_62,038,PV_62_block_038,2183190.4,2183292.3,7.624179070742654,127.17246421725703,R,monocular,1,1,1,0,True,False,False,same,L,67.95000000018626,1.8796424742938056,45.45947760973672,True,False,,,7.281987201353448,0.9551175456119141,"/Volumes/Data-1/Nimrod/experiments/PV_62/2023_05_01/block_038/oe_files/2023-05-01_13-57-45/Record Node 108/analysis/recNames=Block0038,Animal=PV_62/lizMov.mat"
PV_62_038_2185228_R,PV_62,038,PV_62_block_038,2185228.25,2185381.1,23.44554591747126,150.37122553286835,R,monocular,1,2,0,1,True,True,False,unknown,L,84.89999999990687,,,False,False,,,14.8513078030784,0.6334383449784138,"/Volumes/Data-1/Nimrod/experiments/PV_62/2023_05_01/block_038/oe_files/2023-05-01_13-57-45/Record Node 108/analysis/recNames=Block0038,Animal=PV_62/lizMov.mat"
PV_62_038_2185432_R,PV_62,038,PV_62_block_038,2185432.05,2185500.0,8.412760306700129,355.0912498071783,R,monocular,1,1,0,1,True,False,False,reverse,R,237.75,3.2210203702443474,172.45232030947324,True,False,,,4.460907026150659,0.530254858515092,"/Volumes/Data-1/Nimrod/experiments/PV_62/2023_05_01/block_038/oe_files/2023-05-01_13-57-45/Record Node 108/analysis/recNames=Block0038,Animal=PV_62/lizMov.mat"
PV_62_038_2190306_R,PV_62,038,PV_62_block_038,2190305.55,2190373.45,8.143338495783576,140.9553070293834,R,monocular,1,1,1,0,True,False,False,same,L,101.85000000009313,0.6405050523978139,68.18536169317582,True,False,,,7.109009774930602,0.87298468295423,"/Volumes/Data-1/Nimrod/experiments/PV_62/2023_05_01/block_038/oe_files/2023-05-01_13-57-45/Record Node 108/analysis/recNames=Block0038,Animal=PV_62/lizMov.mat"
PV_62_038_2195450_R,PV_62,038,PV_62_block_038,2195450.45,2195535.35,6.384026984947525,147.89540745190928,R,monocular,1,0,0,0,False,False,False,none,,,,,False,False,,,5.010304976875884,0.784818890754903,"/Volumes/Data-1/Nimrod/experiments/PV_62/2023_05_01/block_038/oe_files/2023-05-01_13-57-45/Record Node 108/analysis/recNames=Block0038,Animal=PV_62/lizMov.mat"
PV_62_038_2202243_R,PV_62,038,PV_62_block_038,2202243.45,2202328.4,10.316113001058332,140.72894818211324,R,monocular,1,1,1,0,True,False,False,same,L,50.9499999997206,0.7765459857875935,46.69339056608922,True,False,,,10.6957576340617,1.0368011316824874,"/Volumes/Data-1/Nimrod/experiments/PV_62/2023_05_01/block_038/oe_files/2023-05-01_13-57-45/Record Node 108/analysis/recNames=Block0038,Animal=PV_62/lizMov.mat"
PV_62_038_2225914_R,PV_62,038,PV_62_block_038,2225914.45,2225999.35,11.495974579600725,94.5475188922713,R,monocular,1,2,1,0,True,True,False,unknown,R,101.89999999990687,,,False,False,,,13.508124382331397,1.17503081524738,"/Volumes/Data-1/Nimrod/experiments/PV_62/2023_05_01/block_038/oe_files/2023-05-01_13-57-45/Record Node 108/analysis/recNames=Block0038,Animal=PV_62/lizMov.mat"
PV_62_038_2236834_R,PV_62,038,PV_62_block_038,2236833.7,2236918.6,13.308483509845068,345.6984874163909,R,monocular,1,2,0,2,True,True,False,reverse,R,135.84999999962747,3.098157373492291,110.59811440692766,True,False,,,9.822574462777162,0.7380686503846081,"/Volumes/Data-1/Nimrod/experiments/PV_62/2023_05_01/block_038/oe_files/2023-05-01_13-57-45/Record Node 108/analysis/recNames=Block0038,Animal=PV_62/lizMov.mat"
PV_62_038_2238141_R,PV_62,038,PV_62_block_038,2238141.1,2238226.0,9.34605104453259,67.31998313710027,R,monocular,1,0,0,0,False,False,False,none,,,,,False,False,,,6.272483667650126,0.6711373218231574,"/Volumes/Data-1/Nimrod/experiments/PV_62/2023_05_01/block_038/oe_files/2023-05-01_13-57-45/Record Node 108/analysis/recNames=Block0038,Animal=PV_62/lizMov.mat"
PV_62_038_2285479_R,PV_62,038,PV_62_block_038,2285478.8,2285546.7,11.154437557366728,41.622191665687026,R,monocular,1,3,0,2,True,True,False,unknown,R,84.90000000037253,,,False,False,,,8.378954196804193,0.7511767539790007,"/Volumes/Data-1/Nimrod/experiments/PV_62/2023_05_01/block_038/oe_files/2023-05-01_13-57-45/Record Node 108/analysis/recNames=Block0038,Animal=PV_62/lizMov.mat"
PV_62_038_2286124_R,PV_62,038,PV_62_block_038,2286124.0,2286174.95,8.515642032638318,140.13277859142724,R,monocular,1,1,1,0,True,False,False,same,L,34.0,1.884030605651896,39.533533027550675,True,False,,,6.774334463002759,0.7955165843090205,"/Volumes/Data-1/Nimrod/experiments/PV_62/2023_05_01/block_038/oe_files/2023-05-01_13-57-45/Record Node 108/analysis/recNames=Block0038,Animal=PV_62/lizMov.mat"
PV_62_038_2302256_R,PV_62,038,PV_62_block_038,2302256.5,2302307.5,8.021833608806235,158.79883599447953,R,monocular,1,0,0,0,False,False,False,none,,,,,False,False,,,5.525668547329189,0.6888286165974824,"/Volumes/Data-1/Nimrod/experiments/PV_62/2023_05_01/block_038/oe_files/2023-05-01_13-57-45/Record Node 108/analysis/recNames=Block0038,Animal=PV_62/lizMov.mat"
PV_62_038_2302902_R,PV_62,038,PV_62_block_038,2302901.7,2302952.65,5.600517637423051,17.742717620398047,R,monocular,1,0,0,0,False,False,False,none,,,,,False,False,,,2.515130664884965,0.44908896421978667,"/Volumes/Data-1/Nimrod/experiments/PV_62/2023_05_01/block_038/oe_files/2023-05-01_13-57-45/Record Node 108/analysis/recNames=Block0038,Animal=PV_62/lizMov.mat"
PV_62_038_2325248_R,PV_62,038,PV_62_block_038,2325247.6,2325298.55,14.314601276586677,335.6122309371662,R,monocular,1,2,0,2,True,True,False,reverse,L,50.9499999997206,0.5340056758988058,171.57044125600441,True,False,,,12.059721181699976,0.8424769191039334,"/Volumes/Data-1/Nimrod/experiments/PV_62/2023_05_01/block_038/oe_files/2023-05-01_13-57-45/Record Node 108/analysis/recNames=Block0038,Animal=PV_62/lizMov.mat"
PV_62_038_2325655_R,PV_62,038,PV_62_block_038,2325655.2,2325723.1,12.990443039469637,10.099816885591705,R,monocular,1,4,0,4,True,True,False,reverse,R,101.89999999990687,3.084768799227224,160.41449681478798,True,False,,,5.906588531060426,0.45468722761141295,"/Volumes/Data-1/Nimrod/experiments/PV_62/2023_05_01/block_038/oe_files/2023-05-01_13-57-45/Record Node 108/analysis/recNames=Block0038,Animal=PV_62/lizMov.mat"
PV_62_038_2334672_R,PV_62,038,PV_62_block_038,2334672.3,2334723.25,10.241202423816988,272.13521865093537,R,monocular,1,1,1,0,True,False,False,same,R,84.90000000037253,12.440918999277434,36.50429795505019,False,False,,,22.94073559285988,2.2400431749604715,"/Volumes/Data-1/Nimrod/experiments/PV_62/2023_05_01/block_038/oe_files/2023-05-01_13-57-45/Record Node 108/analysis/recNames=Block0038,Animal=PV_62/lizMov.mat"
PV_62_038_2334757_R,PV_62,038,PV_62_block_038,2334757.2,2334859.05,12.440918999277434,235.63092069588518,R,monocular,1,1,0,1,True,False,False,reverse,R,169.79999999981374,0.7239887106687038,133.28667286686806,True,False,,,13.367453480756527,1.07447476199571,"/Volumes/Data-1/Nimrod/experiments/PV_62/2023_05_01/block_038/oe_files/2023-05-01_13-57-45/Record Node 108/analysis/recNames=Block0038,Animal=PV_62/lizMov.mat"
PV_62_038_2356187_R,PV_62,038,PV_62_block_038,2356187.35,2356255.25,8.823622579685345,67.2435546079519,R,monocular,1,0,0,0,False,False,False,none,,,,,False,False,,,10.25076438659503,1.1617410302878772,"/Volumes/Data-1/Nimrod/experiments/PV_62/2023_05_01/block_038/oe_files/2023-05-01_13-57-45/Record Node 108/analysis/recNames=Block0038,Animal=PV_62/lizMov.mat"
PV_62_038_2357291_R,PV_62,038,PV_62_block_038,2357291.05,2357409.9,12.53909970339986,259.5874032535904,R,monocular,1,0,0,0,False,False,False,none,,,,,False,False,,,15.440274121938364,1.2313702328845728,"/Volumes/Data-1/Nimrod/experiments/PV_62/2023_05_01/block_038/oe_files/2023-05-01_13-57-45/Record Node 108/analysis/recNames=Block0038,Animal=PV_62/lizMov.mat"
PV_62_038_2361078_R,PV_62,038,PV_62_block_038,2361077.95,2361196.8,22.721052569840083,86.06632124653572,R,monocular,1,1,0,1,True,False,False,reverse,R,152.84999999962747,1.935465677934226,173.90056160839254,True,False,,,18.327196047004158,0.8066173867020435,"/Volumes/Data-1/Nimrod/experiments/PV_62/2023_05_01/block_038/oe_files/2023-05-01_13-57-45/Record Node 108/analysis/recNames=Block0038,Animal=PV_62/lizMov.mat"
PV_62_038_2362369_R,PV_62,038,PV_62_block_038,2362368.65,2362453.55,7.337008893926898,40.912146350304866,R,monocular,1,2,0,2,True,True,False,reverse,L,34.0,0.6242676991114506,143.04338064768933,True,False,,,11.632547038969783,1.5854617606635932,"/Volumes/Data-1/Nimrod/experiments/PV_62/2023_05_01/block_038/oe_files/2023-05-01_13-57-45/Record Node 108/analysis/recNames=Block0038,Animal=PV_62/lizMov.mat"
PV_62_038_2362776_R,PV_62,038,PV_62_block_038,2362776.2,2362793.2,6.5106126380117555,90.37492730252104,R,monocular,1,1,0,1,True,False,False,reverse,R,17.0,0.6295600937131237,97.4728310261957,True,False,,,5.803086416443157,0.8913272435472882,"/Volumes/Data-1/Nimrod/experiments/PV_62/2023_05_01/block_038/oe_files/2023-05-01_13-57-45/Record Node 108/analysis/recNames=Block0038,Animal=PV_62/lizMov.mat"
PV_62_038_2364593_R,PV_62,038,PV_62_block_038,2364593.3,2364712.15,16.168313908343634,246.80833091054137,R,monocular,1,1,1,0,True,False,False,same,L,67.90000000037253,16.88140146258063,36.315969547271266,False,False,,,15.004643665346562,0.9280277306839916,"/Volumes/Data-1/Nimrod/experiments/PV_62/2023_05_01/block_038/oe_files/2023-05-01_13-57-45/Record Node 108/analysis/recNames=Block0038,Animal=PV_62/lizMov.mat"
PV_62_038_2366716_R,PV_62,038,PV_62_block_038,2366715.95,2366766.9,6.459456975009199,73.16961598461562,R,monocular,1,0,0,0,False,False,False,none,,,,,False,False,,,5.330287107184679,0.8251912084571301,"/Volumes/Data-1/Nimrod/experiments/PV_62/2023_05_01/block_038/oe_files/2023-05-01_13-57-45/Record Node 108/analysis/recNames=Block0038,Animal=PV_62/lizMov.mat"
PV_62_038_2382781_R,PV_62,038,PV_62_block_038,2382780.8,2382848.7,8.784116122722496,296.58376440315914,R,monocular,1,0,0,0,False,False,False,none,,,,,False,False,,,7.509337578116925,0.8548768564991974,"/Volumes/Data-1/Nimrod/experiments/PV_62/2023_05_01/block_038/oe_files/2023-05-01_13-57-45/Record Node 108/analysis/recNames=Block0038,Animal=PV_62/lizMov.mat"
PV_62_038_2384988_R,PV_62,038,PV_62_block_038,2384988.4,2385124.25,18.39232407161724,114.51645093492512,R,monocular,1,2,0,1,True,True,False,unknown,L,67.89999999990687,,,False,False,,,14.514806893594253,0.7891774219003289,"/Volumes/Data-1/Nimrod/experiments/PV_62/2023_05_01/block_038/oe_files/2023-05-01_13-57-45/Record Node 108/analysis/recNames=Block0038,Animal=PV_62/lizMov.mat"
PV_62_038_2385719_R,PV_62,038,PV_62_block_038,2385718.75,2385769.65,8.949442963160838,267.6734184679667,R,monocular,1,1,1,0,True,False,False,same,R,84.89999999990687,0.5280927094702705,7.090380221747921,True,False,,,10.502580987046933,1.1735457760085601,"/Volumes/Data-1/Nimrod/experiments/PV_62/2023_05_01/block_038/oe_files/2023-05-01_13-57-45/Record Node 108/analysis/recNames=Block0038,Animal=PV_62/lizMov.mat"
PV_62_038_2388317_R,PV_62,038,PV_62_block_038,2388317.0,2388367.95,10.716903247642335,19.330342115186358,R,monocular,1,2,0,2,True,True,False,reverse,L,84.89999999990687,2.907585187047503,149.94981204442615,True,False,,,6.296802329025135,0.5875580084583109,"/Volumes/Data-1/Nimrod/experiments/PV_62/2023_05_01/block_038/oe_files/2023-05-01_13-57-45/Record Node 108/analysis/recNames=Block0038,Animal=PV_62/lizMov.mat"
PV_62_038_2395450_R,PV_62,038,PV_62_block_038,2395449.9,2395483.85,6.832906604928218,81.63243635622202,R,monocular,1,3,1,2,True,True,True,same,R,50.950000000186265,0.6229862625150024,4.597364381848479,True,False,,,4.060813653115627,0.594302525690425,"/Volumes/Data-1/Nimrod/experiments/PV_62/2023_05_01/block_038/oe_files/2023-05-01_13-57-45/Record Node 108/analysis/recNames=Block0038,Animal=PV_62/lizMov.mat"
PV_62_038_2398388_R,PV_62,038,PV_62_block_038,2398388.1,2398473.05,15.697063618968375,65.88332583824666,R,monocular,1,1,1,0,True,False,False,same,L,34.0,1.623963664886071,22.30755157763923,True,False,,,11.444180782435398,0.7290650697628707,"/Volumes/Data-1/Nimrod/experiments/PV_62/2023_05_01/block_038/oe_files/2023-05-01_13-57-45/Record Node 108/analysis/recNames=Block0038,Animal=PV_62/lizMov.mat"
PV_62_038_2398847_R,PV_62,038,PV_62_block_038,2398846.7,2398880.7,10.63562003825467,114.03779711804027,R,monocular,1,1,0,1,True,False,False,reverse,R,67.9499999997206,6.46377299069664,176.02060850890206,True,False,,,0.27573220961005807,0.025925353540112585,"/Volumes/Data-1/Nimrod/experiments/PV_62/2023_05_01/block_038/oe_files/2023-05-01_13-57-45/Record Node 108/analysis/recNames=Block0038,Animal=PV_62/lizMov.mat"
PV_62_038_2398915_R,PV_62,038,PV_62_block_038,2398914.65,2399016.55,6.46377299069664,290.0584056269423,R,monocular,1,0,0,0,False,False,False,none,,,,,False,False,,,9.50175720855296,1.4700016882135116,"/Volumes/Data-1/Nimrod/experiments/PV_62/2023_05_01/block_038/oe_files/2023-05-01_13-57-45/Record Node 108/analysis/recNames=Block0038,Animal=PV_62/lizMov.mat"
PV_62_038_2401190_R,PV_62,038,PV_62_block_038,2401190.4,2401224.4,9.780428291892747,279.4691788159745,R,monocular,1,3,0,3,True,True,False,reverse,R,67.95000000018626,0.7051561259959316,116.44614336960473,True,False,,,4.106292095566783,0.4198478811986788,"/Volumes/Data-1/Nimrod/experiments/PV_62/2023_05_01/block_038/oe_files/2023-05-01_13-57-45/Record Node 108/analysis/recNames=Block0038,Animal=PV_62/lizMov.mat"
PV_62_038_2404858_R,PV_62,038,PV_62_block_038,2404858.0,2404891.95,15.864070341704757,101.49468060235753,R,monocular,1,1,0,1,True,False,False,reverse,R,84.89999999990687,0.7352658526920748,154.37989924606416,True,False,,,9.099372429387747,0.5735837167505856,"/Volumes/Data-1/Nimrod/experiments/PV_62/2023_05_01/block_038/oe_files/2023-05-01_13-57-45/Record Node 108/analysis/recNames=Block0038,Animal=PV_62/lizMov.mat"
PV_62_038_2407355_R,PV_62,038,PV_62_block_038,2407354.55,2407405.45,16.53956076599309,111.316590140084,R,monocular,1,2,0,2,True,True,False,reverse,L,101.90000000037253,0.7194660619128065,95.19112506509535,True,False,,,9.728687366221678,0.5882071177019879,"/Volumes/Data-1/Nimrod/experiments/PV_62/2023_05_01/block_038/oe_files/2023-05-01_13-57-45/Record Node 108/analysis/recNames=Block0038,Animal=PV_62/lizMov.mat"
PV_62_038_2411685_R,PV_62,038,PV_62_block_038,2411685.25,2411753.15,6.448592989215024,167.10622099250827,R,monocular,1,0,0,0,False,False,False,none,,,,,False,False,,,3.272478269572702,0.5074716725099214,"/Volumes/Data-1/Nimrod/experiments/PV_62/2023_05_01/block_038/oe_files/2023-05-01_13-57-45/Record Node 108/analysis/recNames=Block0038,Animal=PV_62/lizMov.mat"
PV_62_038_2412517_R,PV_62,038,PV_62_block_038,2412517.4,2412534.4,10.531454350736576,214.92332696030863,R,monocular,1,2,1,1,True,True,True,same,R,50.950000000186265,9.805501483746212,35.14841292363869,True,False,,,17.328822871525105,1.6454349318157675,"/Volumes/Data-1/Nimrod/experiments/PV_62/2023_05_01/block_038/oe_files/2023-05-01_13-57-45/Record Node 108/analysis/recNames=Block0038,Animal=PV_62/lizMov.mat"
PV_62_038_2412568_R,PV_62,038,PV_62_block_038,2412568.35,2412636.3,9.805501483746212,250.07173988394732,R,monocular,1,1,0,1,True,False,False,reverse,R,67.9499999997206,1.3000609612960012,142.98338646174398,True,False,,,7.431536102038658,0.7578945466845642,"/Volumes/Data-1/Nimrod/experiments/PV_62/2023_05_01/block_038/oe_files/2023-05-01_13-57-45/Record Node 108/analysis/recNames=Block0038,Animal=PV_62/lizMov.mat"
PV_62_038_2416016_R,PV_62,038,PV_62_block_038,2416015.85,2416100.75,11.33677881735658,243.06506699919044,R,monocular,1,0,0,0,False,False,False,none,,,,,False,False,,,9.58181200206973,0.8451970490418319,"/Volumes/Data-1/Nimrod/experiments/PV_62/2023_05_01/block_038/oe_files/2023-05-01_13-57-45/Record Node 108/analysis/recNames=Block0038,Animal=PV_62/lizMov.mat"
PV_62_038_2420380_R,PV_62,038,PV_62_block_038,2420379.85,2420447.8,12.810816565629157,40.540097913501,R,monocular,1,1,1,0,True,False,False,same,R,101.9499999997206,11.489475304820214,48.26198930812589,True,False,,,21.318475954603215,1.6640996961739134,"/Volumes/Data-1/Nimrod/experiments/PV_62/2023_05_01/block_038/oe_files/2023-05-01_13-57-45/Record Node 108/analysis/recNames=Block0038,Animal=PV_62/lizMov.mat"
PV_62_038_2420482_R,PV_62,038,PV_62_block_038,2420481.8,2420583.7,11.489475304820214,88.80208722162689,R,monocular,1,0,0,0,False,False,False,none,,,,,False,False,,,8.647144361129468,0.752614382442835,"/Volumes/Data-1/Nimrod/experiments/PV_62/2023_05_01/block_038/oe_files/2023-05-01_13-57-45/Record Node 108/analysis/recNames=Block0038,Animal=PV_62/lizMov.mat"
PV_62_038_2436087_R,PV_62,038,PV_62_block_038,2436086.75,2436137.7,9.026472114058196,292.37956757594856,R,monocular,1,1,0,1,True,False,False,reverse,R,84.89999999990687,3.9455993477794937,155.74924629248088,True,False,,,6.407236217832177,0.7098272876568561,"/Volumes/Data-1/Nimrod/experiments/PV_62/2023_05_01/block_038/oe_files/2023-05-01_13-57-45/Record Node 108/analysis/recNames=Block0038,Animal=PV_62/lizMov.mat"
PV_62_038_2443134_R,PV_62,038,PV_62_block_038,2443133.75,2443167.7,12.585950926065573,128.87895332608744,R,monocular,1,2,0,2,True,True,False,reverse,R,101.85000000009313,4.791770504225938,95.22336281404483,True,False,,,10.734033969967296,0.8528584000543855,"/Volumes/Data-1/Nimrod/experiments/PV_62/2023_05_01/block_038/oe_files/2023-05-01_13-57-45/Record Node 108/analysis/recNames=Block0038,Animal=PV_62/lizMov.mat"
PV_62_038_2492885_R,PV_62,038,PV_62_block_038,2492884.6,2492952.55,9.879816408330806,322.064551635856,R,monocular,1,5,4,1,True,True,True,same,L,34.0,4.525224138955574,45.500966343511834,True,False,,,7.031567967321331,0.7117103877954868,"/Volumes/Data-1/Nimrod/experiments/PV_62/2023_05_01/block_038/oe_files/2023-05-01_13-57-45/Record Node 108/analysis/recNames=Block0038,Animal=PV_62/lizMov.mat"
PV_62_038_2495296_R,PV_62,038,PV_62_block_038,2495296.05,2495380.95,8.846593514873193,313.79878974058795,R,monocular,1,3,1,2,True,True,True,same,R,101.85000000009313,1.0289417134236634,52.14373323852749,True,False,,,6.14499543765221,0.6946171345299222,"/Volumes/Data-1/Nimrod/experiments/PV_62/2023_05_01/block_038/oe_files/2023-05-01_13-57-45/Record Node 108/analysis/recNames=Block0038,Animal=PV_62/lizMov.mat"
PV_62_038_2498998_R,PV_62,038,PV_62_block_038,2498998.1,2499116.95,9.838794309053307,314.68156039611057,R,monocular,1,1,0,1,True,False,False,reverse,L,237.75,1.5767363186544907,179.47773376004992,True,False,,,9.750972173993087,0.9910738925622818,"/Volumes/Data-1/Nimrod/experiments/PV_62/2023_05_01/block_038/oe_files/2023-05-01_13-57-45/Record Node 108/analysis/recNames=Block0038,Animal=PV_62/lizMov.mat"
PV_62_038_2541599_R,PV_62,038,PV_62_block_038,2541599.15,2541701.0,8.335958658049465,271.71599706678734,R,monocular,1,0,0,0,False,False,False,none,,,,,False,False,,,8.75222956317636,1.04993677658477,"/Volumes/Data-1/Nimrod/experiments/PV_62/2023_05_01/block_038/oe_files/2023-05-01_13-57-45/Record Node 108/analysis/recNames=Block0038,Animal=PV_62/lizMov.mat"
PV_62_038_2544281_R,PV_62,038,PV_62_block_038,2544281.3,2544383.15,20.230972439622818,319.34256433443966,R,monocular,1,0,0,0,False,False,False,none,,,,,False,False,,,18.152186444704025,0.8972473517463034,"/Volumes/Data-1/Nimrod/experiments/PV_62/2023_05_01/block_038/oe_files/2023-05-01_13-57-45/Record Node 108/analysis/recNames=Block0038,Animal=PV_62/lizMov.mat"
PV_62_038_2546352_R,PV_62,038,PV_62_block_038,2546352.5,2546437.4,12.191515393417033,79.80517060240338,R,monocular,1,2,1,1,True,True,True,same,L,50.950000000186265,1.9754305199345108,64.91344568217701,True,False,,,7.144948709959069,0.5860591140144134,"/Volumes/Data-1/Nimrod/experiments/PV_62/2023_05_01/block_038/oe_files/2023-05-01_13-57-45/Record Node 108/analysis/recNames=Block0038,Animal=PV_62/lizMov.mat"
PV_62_038_2568698_R,PV_62,038,PV_62_block_038,2568698.1,2568800.0,11.604066684606625,188.27831789064288,R,monocular,1,2,0,2,True,True,False,reverse,R,118.89999999990687,8.765524981295435,146.36136089803642,True,False,,,3.0840306597102383,0.26577153885209565,"/Volumes/Data-1/Nimrod/experiments/PV_62/2023_05_01/block_038/oe_files/2023-05-01_13-57-45/Record Node 108/analysis/recNames=Block0038,Animal=PV_62/lizMov.mat"
PV_62_038_2568817_R,PV_62,038,PV_62_block_038,2568817.0,2568901.9,8.765524981295435,41.916956992606465,R,monocular,1,1,1,0,True,False,False,same,R,101.89999999990687,0.6388636262884028,22.144029565881027,True,False,,,12.203739543623882,1.3922428570639156,"/Volumes/Data-1/Nimrod/experiments/PV_62/2023_05_01/block_038/oe_files/2023-05-01_13-57-45/Record Node 108/analysis/recNames=Block0038,Animal=PV_62/lizMov.mat"
PV_62_038_2574710_R,PV_62,038,PV_62_block_038,2574710.35,2574795.25,15.692675765360978,145.4631689590703,R,monocular,1,1,0,1,True,False,False,reverse,R,237.79999999981374,2.155206459367617,164.5987476304348,True,False,,,12.628796173066547,0.804757350619743,"/Volumes/Data-1/Nimrod/experiments/PV_62/2023_05_01/block_038/oe_files/2023-05-01_13-57-45/Record Node 108/analysis/recNames=Block0038,Animal=PV_62/lizMov.mat"
PV_62_038_2581385_R,PV_62,038,PV_62_block_038,2581384.9,2581469.85,5.5316376765456585,132.8957894348664,R,monocular,1,0,0,0,False,False,False,none,,,,,False,False,,,4.220156419255153,0.7629126609555009,"/Volumes/Data-1/Nimrod/experiments/PV_62/2023_05_01/block_038/oe_files/2023-05-01_13-57-45/Record Node 108/analysis/recNames=Block0038,Animal=PV_62/lizMov.mat"
PV_62_038_2586038_R,PV_62,038,PV_62_block_038,2586038.5,2586140.4,28.235468752896548,313.19960670232285,R,monocular,1,2,2,0,True,True,False,same,L,51.0,9.725776238355623,34.63259890885297,True,False,,,25.668618008910116,0.9090912650875289,"/Volumes/Data-1/Nimrod/experiments/PV_62/2023_05_01/block_038/oe_files/2023-05-01_13-57-45/Record Node 108/analysis/recNames=Block0038,Animal=PV_62/lizMov.mat"
PV_62_038_2586701_R,PV_62,038,PV_62_block_038,2586700.9,2586751.85,16.33467528266271,18.315700578078047,R,monocular,1,2,0,1,True,True,False,unknown,R,84.89999999990687,,,False,False,,,12.331477008001318,0.7549263633718936,"/Volumes/Data-1/Nimrod/experiments/PV_62/2023_05_01/block_038/oe_files/2023-05-01_13-57-45/Record Node 108/analysis/recNames=Block0038,Animal=PV_62/lizMov.mat"
PV_62_038_2609595_R,PV_62,038,PV_62_block_038,2609594.7,2609628.7,11.708935158368924,126.38793696460714,R,monocular,1,1,1,0,True,False,False,same,L,34.0,3.612848634133759,85.99800306549957,True,False,,,8.290689011910183,0.7080651570595162,"/Volumes/Data-1/Nimrod/experiments/PV_62/2023_05_01/block_038/oe_files/2023-05-01_13-57-45/Record Node 108/analysis/recNames=Block0038,Animal=PV_62/lizMov.mat"
PV_62_038_2613551_R,PV_62,038,PV_62_block_038,2613551.35,2613568.3,8.704909733212137,149.95128561711763,R,monocular,1,4,1,2,True,True,True,unknown,L,50.89999999990687,,,False,False,,,8.118205973212838,0.9326008220670194,"/Volumes/Data-1/Nimrod/experiments/PV_62/2023_05_01/block_038/oe_files/2023-05-01_13-57-45/Record Node 108/analysis/recNames=Block0038,Animal=PV_62/lizMov.mat"
PV_62_038_2613687_R,PV_62,038,PV_62_block_038,2613687.2,2613755.1,6.365084014038703,33.1273583769046,R,monocular,1,1,0,1,True,False,False,reverse,R,67.89999999990687,0.705381799512602,113.14003520562608,True,False,,,9.923728852217135,1.5590884315634412,"/Volumes/Data-1/Nimrod/experiments/PV_62/2023_05_01/block_038/oe_files/2023-05-01_13-57-45/Record Node 108/analysis/recNames=Block0038,Animal=PV_62/lizMov.mat"
PV_62_038_2614740_R,PV_62,038,PV_62_block_038,2614740.05,2614790.95,8.519221112546854,117.54129139968241,R,monocular,1,1,0,1,True,False,False,reverse,R,118.8000000002794,0.7433897080105617,153.6141877637832,True,False,,,4.907681764740315,0.5760716502019684,"/Volumes/Data-1/Nimrod/experiments/PV_62/2023_05_01/block_038/oe_files/2023-05-01_13-57-45/Record Node 108/analysis/recNames=Block0038,Animal=PV_62/lizMov.mat"
PV_62_038_2628953_R,PV_62,038,PV_62_block_038,2628953.0,2629054.8,6.268869786544069,125.19932411452393,R,monocular,1,3,2,1,True,True,True,same,L,50.89999999990687,0.7321911409544797,11.403312035068922,True,False,,,4.692838304132515,0.7485939992254337,"/Volumes/Data-1/Nimrod/experiments/PV_62/2023_05_01/block_038/oe_files/2023-05-01_13-57-45/Record Node 108/analysis/recNames=Block0038,Animal=PV_62/lizMov.mat"
PV_62_038_2629836_R,PV_62,038,PV_62_block_038,2629835.65,2629903.5,5.844199708821644,127.04150416708289,R,monocular,1,0,0,0,False,False,False,none,,,,,False,False,,,3.7234772567660577,0.637123548523775,"/Volumes/Data-1/Nimrod/experiments/PV_62/2023_05_01/block_038/oe_files/2023-05-01_13-57-45/Record Node 108/analysis/recNames=Block0038,Animal=PV_62/lizMov.mat"
PV_62_038_2640922_R,PV_62,038,PV_62_block_038,2640922.15,2640973.1,19.086461705049697,158.96694601458213,R,monocular,1,4,1,3,True,True,True,same,L,84.89999999990687,2.08620432364537,58.11029701907752,True,False,,,2.2302326035154088,0.11684892873179092,"/Volumes/Data-1/Nimrod/experiments/PV_62/2023_05_01/block_038/oe_files/2023-05-01_13-57-45/Record Node 108/analysis/recNames=Block0038,Animal=PV_62/lizMov.mat"
PV_62_038_2642943_R,PV_62,038,PV_62_block_038,2642942.8,2642959.75,14.203308558226084,88.43087316208062,R,monocular,1,3,2,1,True,True,True,reverse,R,16.950000000186265,1.0914955417066206,131.24294315663929,True,False,,,12.350540269351281,0.8695537535300717,"/Volumes/Data-1/Nimrod/experiments/PV_62/2023_05_01/block_038/oe_files/2023-05-01_13-57-45/Record Node 108/analysis/recNames=Block0038,Animal=PV_62/lizMov.mat"
PV_62_038_2650346_R,PV_62,038,PV_62_block_038,2650346.45,2650431.35,11.544306073655303,162.14934105496303,R,monocular,1,0,0,0,False,False,False,none,,,,,False,False,,,8.904446773262698,0.7713280223558089,"/Volumes/Data-1/Nimrod/experiments/PV_62/2023_05_01/block_038/oe_files/2023-05-01_13-57-45/Record Node 108/analysis/recNames=Block0038,Animal=PV_62/lizMov.mat"
PV_62_038_2650635_R,PV_62,038,PV_62_block_038,2650635.1,2650703.0,8.77337149360206,239.33083061590622,R,monocular,1,1,0,1,True,False,False,reverse,R,67.89999999990687,0.6496555271535757,126.33383977759581,True,False,,,6.563503970729193,0.7481164995139665,"/Volumes/Data-1/Nimrod/experiments/PV_62/2023_05_01/block_038/oe_files/2023-05-01_13-57-45/Record Node 108/analysis/recNames=Block0038,Animal=PV_62/lizMov.mat"
PV_62_038_2653607_R,PV_62,038,PV_62_block_038,2653607.15,2653709.05,8.590782966975144,118.46897422662927,R,monocular,1,2,1,1,True,True,True,same,R,118.89999999990687,4.789110279915985,72.61766667371332,True,False,,,11.153206871072431,1.2982759445731322,"/Volumes/Data-1/Nimrod/experiments/PV_62/2023_05_01/block_038/oe_files/2023-05-01_13-57-45/Record Node 108/analysis/recNames=Block0038,Animal=PV_62/lizMov.mat"
PV_62_038_2684212_R,PV_62,038,PV_62_block_038,2684211.7,2684313.6,15.243611856903588,256.2087703748772,R,monocular,1,1,0,1,True,False,False,reverse,R,152.84999999962747,1.1911842489056315,166.7836902893323,True,False,,,12.617353267815382,0.8277141524107481,"/Volumes/Data-1/Nimrod/experiments/PV_62/2023_05_01/block_038/oe_files/2023-05-01_13-57-45/Record Node 108/analysis/recNames=Block0038,Animal=PV_62/lizMov.mat"
PV_62_038_2694335_R,PV_62,038,PV_62_block_038,2694334.95,2694470.75,21.380621471454575,117.25757574168938,R,monocular,1,1,0,0,True,False,False,unknown,R,186.75,,,False,False,,,15.206558047680168,0.7112308717491003,"/Volumes/Data-1/Nimrod/experiments/PV_62/2023_05_01/block_038/oe_files/2023-05-01_13-57-45/Record Node 108/analysis/recNames=Block0038,Animal=PV_62/lizMov.mat"
PV_62_038_2694827_R,PV_62,038,PV_62_block_038,2694827.35,2694861.3,9.928546204437499,130.96742355610695,R,monocular,1,1,0,1,True,False,False,reverse,R,84.89999999990687,1.4230128121982966,145.43534997908608,True,False,,,4.667498701386589,0.47010897721365097,"/Volumes/Data-1/Nimrod/experiments/PV_62/2023_05_01/block_038/oe_files/2023-05-01_13-57-45/Record Node 108/analysis/recNames=Block0038,Animal=PV_62/lizMov.mat"
PV_62_038_2764833_R,PV_62,038,PV_62_block_038,2764832.65,2764900.6,9.510284499588858,137.79791680493767,R,monocular,1,1,1,0,True,False,False,same,L,34.0,4.457470910227066,58.28702628396675,True,False,,,11.71134868082494,1.231440413936222,"/Volumes/Data-1/Nimrod/experiments/PV_62/2023_05_01/block_038/oe_files/2023-05-01_13-57-45/Record Node 108/analysis/recNames=Block0038,Animal=PV_62/lizMov.mat"
PV_62_038_2768756_R,PV_62,038,PV_62_block_038,2768755.8,2768823.75,7.62574007727742,135.91199803613745,R,monocular,1,1,1,0,True,False,False,same,L,34.0,2.842989826558783,60.22314310798524,True,False,,,7.706286660072043,1.010562461082909,"/Volumes/Data-1/Nimrod/experiments/PV_62/2023_05_01/block_038/oe_files/2023-05-01_13-57-45/Record Node 108/analysis/recNames=Block0038,Animal=PV_62/lizMov.mat"
PV_62_038_2770132_R,PV_62,038,PV_62_block_038,2770131.5,2770250.4,11.556569283577328,219.70744123559822,R,monocular,1,0,0,0,False,False,False,none,,,,,False,False,,,11.486895587268801,0.9939710744080825,"/Volumes/Data-1/Nimrod/experiments/PV_62/2023_05_01/block_038/oe_files/2023-05-01_13-57-45/Record Node 108/analysis/recNames=Block0038,Animal=PV_62/lizMov.mat"
PV_62_038_2794196_R,PV_62,038,PV_62_block_038,2794196.2,2794382.95,29.630275424471716,348.3524990444354,R,monocular,1,4,2,2,True,True,True,same,L,50.89999999990687,6.986593157750253,27.74981983435299,True,False,,,28.166101157385643,0.9505851955099679,"/Volumes/Data-1/Nimrod/experiments/PV_62/2023_05_01/block_038/oe_files/2023-05-01_13-57-45/Record Node 108/analysis/recNames=Block0038,Animal=PV_62/lizMov.mat"
PV_62_038_2801735_R,PV_62,038,PV_62_block_038,2801735.4,2801820.3,6.381240775104371,228.03392211840028,R,monocular,1,1,1,0,True,False,False,same,L,118.85000000009313,0.6064143226398275,49.10059623006734,True,False,,,6.589932588704041,1.032703955383388,"/Volumes/Data-1/Nimrod/experiments/PV_62/2023_05_01/block_038/oe_files/2023-05-01_13-57-45/Record Node 108/analysis/recNames=Block0038,Animal=PV_62/lizMov.mat"
PV_62_038_2862621_R,PV_62,038,PV_62_block_038,2862621.35,2862723.25,23.569076361209095,172.80903374560236,R,monocular,1,3,2,0,True,True,False,unknown,L,34.0,,,False,False,,,23.199311780724084,0.9843114522258672,"/Volumes/Data-1/Nimrod/experiments/PV_62/2023_05_01/block_038/oe_files/2023-05-01_13-57-45/Record Node 108/analysis/recNames=Block0038,Animal=PV_62/lizMov.mat"
PV_62_038_2864473_R,PV_62,038,PV_62_block_038,2864472.55,2864591.4,6.060851596317478,355.6544115395193,R,monocular,1,0,0,0,False,False,False,none,,,,,False,False,,,7.679473943735755,1.2670618677417773,"/Volumes/Data-1/Nimrod/experiments/PV_62/2023_05_01/block_038/oe_files/2023-05-01_13-57-45/Record Node 108/analysis/recNames=Block0038,Animal=PV_62/lizMov.mat"
PV_62_038_2918074_R,PV_62,038,PV_62_block_038,2918074.2,2918210.05,13.694754602684123,252.4531991138366,R,monocular,1,0,0,0,False,False,False,none,,,,,False,False,,,15.009966553349036,1.0960376427926015,"/Volumes/Data-1/Nimrod/experiments/PV_62/2023_05_01/block_038/oe_files/2023-05-01_13-57-45/Record Node 108/analysis/recNames=Block0038,Animal=PV_62/lizMov.mat"
PV_126_007_183665_R,PV_126,007,PV_126_block_007,183664.9,183731.5,8.88738558072438,165.61608979349523,R,binocular,2,2,0,2,True,True,False,reverse,R,99.89999999999418,3.044956507626512,178.32723829626656,True,True,183688.0,23.10000000000582,2.8892195252624018,0.3250921768859399,"/Volumes/Data-1/Nimrod/experiments/PV_126/2024_07_18/block_007/oe_files/PV126_Trial16_wake3_2024-07-18_12-49-12/Record Node 102/analysis/Animal=PV_126,recNames=block_007/lizMov.mat"
PV_126_007_202446_L,PV_126,007,PV_126_block_007,202446.1,202496.05,13.55835147284702,2.8383353215299554,L,binocular,2,1,0,1,True,False,False,reverse,L,49.94999999998254,0.7540633524072573,142.33480103960562,True,False,,,12.559393283138073,0.9263215596889094,"/Volumes/Data-1/Nimrod/experiments/PV_126/2024_07_18/block_007/oe_files/PV126_Trial16_wake3_2024-07-18_12-49-12/Record Node 102/analysis/Animal=PV_126,recNames=block_007/lizMov.mat"
PV_126_007_410088_R,PV_126,007,PV_126_block_007,410088.25,410188.15,10.199350658684377,95.27525358130333,R,binocular,2,0,0,0,False,False,False,none,,,,,False,True,410092.0,3.75,10.319819345467813,1.0118114074919917,"/Volumes/Data-1/Nimrod/experiments/PV_126/2024_07_18/block_007/oe_files/PV126_Trial16_wake3_2024-07-18_12-49-12/Record Node 102/analysis/Animal=PV_126,recNames=block_007/lizMov.mat"
PV_126_007_436012_L,PV_126,007,PV_126_block_007,436012.3,436078.9,9.815659331385262,197.4753986840378,L,binocular,2,6,4,1,True,True,True,same,R,83.25,2.0674545170472998,63.69813071048557,True,True,436032.0,19.70000000001164,15.516690189439252,1.580809771975798,"/Volumes/Data-1/Nimrod/experiments/PV_126/2024_07_18/block_007/oe_files/PV126_Trial16_wake3_2024-07-18_12-49-12/Record Node 102/analysis/Animal=PV_126,recNames=block_007/lizMov.mat"
PV_126_007_537777_L,PV_126,007,PV_126_block_007,537777.1,537877.0,11.592758590553277,216.49631778183752,L,binocular,2,0,0,0,False,False,False,none,,,,,False,False,,,14.91053472887971,1.2861938435455758,"/Volumes/Data-1/Nimrod/experiments/PV_126/2024_07_18/block_007/oe_files/PV126_Trial16_wake3_2024-07-18_12-49-12/Record Node 102/analysis/Animal=PV_126,recNames=block_007/lizMov.mat"
PV_126_007_580285_R,PV_126,007,PV_126_block_007,580284.55,580351.15,8.365568610470921,333.08323625771123,R,binocular,2,6,2,4,True,True,True,reverse,L,83.25,1.6770921610751353,177.8048495870362,True,True,580332.0,47.449999999953434,17.67069863554055,2.112312917190433,"/Volumes/Data-1/Nimrod/experiments/PV_126/2024_07_18/block_007/oe_files/PV126_Trial16_wake3_2024-07-18_12-49-12/Record Node 102/analysis/Animal=PV_126,recNames=block_007/lizMov.mat"
PV_126_007_673025_L,PV_126,007,PV_126_block_007,673025.05,673108.3,26.893350485932967,79.66059750318422,L,binocular,2,0,0,0,False,False,False,none,,,,,False,False,,,27.3484234898378,1.0169213949055127,"/Volumes/Data-1/Nimrod/experiments/PV_126/2024_07_18/block_007/oe_files/PV126_Trial16_wake3_2024-07-18_12-49-12/Record Node 102/analysis/Animal=PV_126,recNames=block_007/lizMov.mat"
PV_126_007_695453_L,PV_126,007,PV_126_block_007,695452.6,695535.85,8.637367602878623,2.7741516050862467,L,binocular,2,0,0,0,False,False,False,none,,,,,False,False,,,7.203016758614061,0.8339365753303671,"/Volumes/Data-1/Nimrod/experiments/PV_126/2024_07_18/block_007/oe_files/PV126_Trial16_wake3_2024-07-18_12-49-12/Record Node 102/analysis/Animal=PV_126,recNames=block_007/lizMov.mat"
PV_126_007_700081_R,PV_126,007,PV_126_block_007,700081.3,700197.85,23.071371059032458,261.56926807529567,R,binocular,2,0,0,0,False,False,False,none,,,,,False,True,700088.0,6.699999999953434,21.962587122297048,0.9519411337150975,"/Volumes/Data-1/Nimrod/experiments/PV_126/2024_07_18/block_007/oe_files/PV126_Trial16_wake3_2024-07-18_12-49-12/Record Node 102/analysis/Animal=PV_126,recNames=block_007/lizMov.mat"
PV_126_007_749615_R,PV_126,007,PV_126_block_007,749615.05,749731.6,15.758974620283421,132.1956931288852,R,binocular,2,0,0,0,False,False,False,none,,,,,False,True,749656.0,40.949999999953434,17.46699898367998,1.1083842321313313,"/Volumes/Data-1/Nimrod/experiments/PV_126/2024_07_18/block_007/oe_files/PV126_Trial16_wake3_2024-07-18_12-49-12/Record Node 102/analysis/Animal=PV_126,recNames=block_007/lizMov.mat"
PV_126_007_835879_L,PV_126,007,PV_126_block_007,835878.7,835961.95,10.415731551794492,253.4903058781494,L,binocular,2,0,0,0,False,False,False,none,,,,,False,False,,,9.653922526750451,0.9268597677219521,"/Volumes/Data-1/Nimrod/experiments/PV_126/2024_07_18/block_007/oe_files/PV126_Trial16_wake3_2024-07-18_12-49-12/Record Node 102/analysis/Animal=PV_126,recNames=block_007/lizMov.mat"
PV_126_007_855309_R,PV_126,007,PV_126_block_007,855309.25,855392.5,10.10958993853169,147.35473549983934,R,binocular,2,2,0,2,True,True,False,reverse,R,99.90000000002328,3.4959835662560894,161.13241494302304,True,True,855316.0,6.75,4.996155631799034,0.49419963244569276,"/Volumes/Data-1/Nimrod/experiments/PV_126/2024_07_18/block_007/oe_files/PV126_Trial16_wake3_2024-07-18_12-49-12/Record Node 102/analysis/Animal=PV_126,recNames=block_007/lizMov.mat"
PV_126_007_986511_R,PV_126,007,PV_126_block_007,986511.25,986677.75,9.32671828859456,12.962379401465656,R,binocular,2,6,4,2,True,True,True,same,L,83.25,7.31231869103009,20.242613425586796,True,True,986524.0,12.75,0.8097407942561219,0.086819475961479,"/Volumes/Data-1/Nimrod/experiments/PV_126/2024_07_18/block_007/oe_files/PV126_Trial16_wake3_2024-07-18_12-49-12/Record Node 102/analysis/Animal=PV_126,recNames=block_007/lizMov.mat"
PV_126_007_1029835_L,PV_126,007,PV_126_block_007,1029834.55,1029901.15,7.153979268612909,70.26305236647289,L,binocular,2,0,0,0,False,False,False,none,,,,,False,True,1029836.0,1.4499999999534339,6.973291906851154,0.9747430968168308,"/Volumes/Data-1/Nimrod/experiments/PV_126/2024_07_18/block_007/oe_files/PV126_Trial16_wake3_2024-07-18_12-49-12/Record Node 102/analysis/Animal=PV_126,recNames=block_007/lizMov.mat"
PV_126_007_1080667_R,PV_126,007,PV_126_block_007,1080667.0,1080783.55,14.561144714259312,334.425730638194,R,binocular,2,0,0,0,False,False,False,none,,,,,False,False,,,13.789636673766527,0.9470159760353684,"/Volumes/Data-1/Nimrod/experiments/PV_126/2024_07_18/block_007/oe_files/PV126_Trial16_wake3_2024-07-18_12-49-12/Record Node 102/analysis/Animal=PV_126,recNames=block_007/lizMov.mat"
PV_126_007_1088209_L,PV_126,007,PV_126_block_007,1088209.45,1088359.3,17.074786027811008,195.04192301361454,L,binocular,2,0,0,0,False,False,False,none,,,,,False,True,1088344.0,134.55000000004657,17.679867086680094,1.0354371093074632,"/Volumes/Data-1/Nimrod/experiments/PV_126/2024_07_18/block_007/oe_files/PV126_Trial16_wake3_2024-07-18_12-49-12/Record Node 102/analysis/Animal=PV_126,recNames=block_007/lizMov.mat"
PV_126_007_1131516_L,PV_126,007,PV_126_block_007,1131516.1,1131566.05,6.86761890154766,351.44387888176783,L,binocular,2,2,0,2,True,True,False,reverse,R,66.5999999998603,3.0817103443418006,149.5902556312255,True,True,1131608.0,91.89999999990687,2.499693906638357,0.36398261791652936,"/Volumes/Data-1/Nimrod/experiments/PV_126/2024_07_18/block_007/oe_files/PV126_Trial16_wake3_2024-07-18_12-49-12/Record Node 102/analysis/Animal=PV_126,recNames=block_007/lizMov.mat"
PV_126_007_1244203_L,PV_126,007,PV_126_block_007,1244203.3,1244353.15,17.13397279303056,73.14569009863712,L,binocular,2,1,0,1,True,False,False,reverse,L,166.5,0.5725059662105654,178.5962680472113,True,True,1244228.0,24.699999999953434,17.46335456801492,1.019223899732019,"/Volumes/Data-1/Nimrod/experiments/PV_126/2024_07_18/block_007/oe_files/PV126_Trial16_wake3_2024-07-18_12-49-12/Record Node 102/analysis/Animal=PV_126,recNames=block_007/lizMov.mat"
PV_126_007_1326454_R,PV_126,007,PV_126_block_007,1326454.3,1326520.9,10.185233942369901,343.5266518566101,R,binocular,2,6,2,4,True,True,True,reverse,R,99.89999999990687,3.200221423946294,177.1106492610088,True,True,1326468.0,13.699999999953434,11.279343360162244,1.1074211376962997,"/Volumes/Data-1/Nimrod/experiments/PV_126/2024_07_18/block_007/oe_files/PV126_Trial16_wake3_2024-07-18_12-49-12/Record Node 102/analysis/Animal=PV_126,recNames=block_007/lizMov.mat"
PV_126_007_1357840_R,PV_126,007,PV_126_block_007,1357839.55,1357906.15,7.0517691850914,180.59532927970258,R,binocular,2,0,0,0,False,False,False,none,,,,,False,False,,,7.094043250426803,1.005994816935412,"/Volumes/Data-1/Nimrod/experiments/PV_126/2024_07_18/block_007/oe_files/PV126_Trial16_wake3_2024-07-18_12-49-12/Record Node 102/analysis/Animal=PV_126,recNames=block_007/lizMov.mat"
PV_126_007_1365182_L,PV_126,007,PV_126_block_007,1365182.2,1365315.4,14.836374681632872,165.71951335826918,L,binocular,2,2,0,2,True,True,False,reverse,R,149.85000000009313,0.7655914486178246,170.26078438942233,True,True,1365240.0,57.800000000046566,15.224803046106102,1.0261808138988358,"/Volumes/Data-1/Nimrod/experiments/PV_126/2024_07_18/block_007/oe_files/PV126_Trial16_wake3_2024-07-18_12-49-12/Record Node 102/analysis/Animal=PV_126,recNames=block_007/lizMov.mat"
PV_126_007_1408489_R,PV_126,007,PV_126_block_007,1408488.85,1408555.45,7.013688296213424,0.14857216651178207,R,binocular,2,2,0,2,True,True,False,reverse,L,83.25,2.301994652569018,151.49396435473682,True,False,,,1.2551369441060771,0.17895533578013514,"/Volumes/Data-1/Nimrod/experiments/PV_126/2024_07_18/block_007/oe_files/PV126_Trial16_wake3_2024-07-18_12-49-12/Record Node 102/analysis/Animal=PV_126,recNames=block_007/lizMov.mat"
PV_126_007_1451512_L,PV_126,007,PV_126_block_007,1451512.45,1451629.0,11.960909582548105,210.8481175464485,L,binocular,2,0,0,0,False,False,False,none,,,,,False,False,,,14.141312292122848,1.1822940550237182,"/Volumes/Data-1/Nimrod/experiments/PV_126/2024_07_18/block_007/oe_files/PV126_Trial16_wake3_2024-07-18_12-49-12/Record Node 102/analysis/Animal=PV_126,recNames=block_007/lizMov.mat"
PV_126_007_1542521_L,PV_126,007,PV_126_block_007,1542521.35,1542621.25,7.010117430335163,201.56715148507334,L,binocular,2,0,0,0,False,False,False,none,,,,,False,False,,,8.860673818513924,1.263983650283913,"/Volumes/Data-1/Nimrod/experiments/PV_126/2024_07_18/block_007/oe_files/PV126_Trial16_wake3_2024-07-18_12-49-12/Record Node 102/analysis/Animal=PV_126,recNames=block_007/lizMov.mat"
PV_126_007_1578136_R,PV_126,007,PV_126_block_007,1578135.7,1578202.3,5.682475647838494,337.87736532548615,R,binocular,2,0,0,0,False,False,False,none,,,,,False,True,1578228.0,92.30000000004657,6.610029213996832,1.163230539582015,"/Volumes/Data-1/Nimrod/experiments/PV_126/2024_07_18/block_007/oe_files/PV126_Trial16_wake3_2024-07-18_12-49-12/Record Node 102/analysis/Animal=PV_126,recNames=block_007/lizMov.mat"
PV_126_007_1582515_R,PV_126,007,PV_126_block_007,1582514.65,1582597.9,5.891037829673567,146.27737601494917,R,binocular,2,0,0,0,False,False,False,none,,,,,False,True,1582572.0,57.35000000009313,1.9019063452137226,0.32284741673762274,"/Volumes/Data-1/Nimrod/experiments/PV_126/2024_07_18/block_007/oe_files/PV126_Trial16_wake3_2024-07-18_12-49-12/Record Node 102/analysis/Animal=PV_126,recNames=block_007/lizMov.mat"
PV_126_007_1728335_R,PV_126,007,PV_126_block_007,1728335.35,1728385.3,6.68194554387752,139.65081431453473,R,binocular,2,1,0,1,True,False,False,reverse,L,49.949999999953434,0.5906196640575061,175.43105025531014,True,True,1728340.0,4.649999999906868,5.095427286970603,0.7625664192428806,"/Volumes/Data-1/Nimrod/experiments/PV_126/2024_07_18/block_007/oe_files/PV126_Trial16_wake3_2024-07-18_12-49-12/Record Node 102/analysis/Animal=PV_126,recNames=block_007/lizMov.mat"
PV_126_007_1847799_R,PV_126,007,PV_126_block_007,1847799.1,1847849.05,10.454642647481087,331.2878888248754,R,binocular,2,7,2,5,True,True,True,reverse,R,49.949999999953434,0.7779594040776048,154.91519820318914,True,False,,,-11.476380466190967,-1.097730534955784,"/Volumes/Data-1/Nimrod/experiments/PV_126/2024_07_18/block_007/oe_files/PV126_Trial16_wake3_2024-07-18_12-49-12/Record Node 102/analysis/Animal=PV_126,recNames=block_007/lizMov.mat"
PV_126_007_1847882_R,PV_126,007,PV_126_block_007,1847882.35,1847932.3,27.078480495961134,210.36096252755232,R,binocular,2,7,3,4,True,True,True,reverse,L,49.949999999953434,6.344438958577283,169.50711023635142,True,False,,,16.302911933967096,0.6020615498125437,"/Volumes/Data-1/Nimrod/experiments/PV_126/2024_07_18/block_007/oe_files/PV126_Trial16_wake3_2024-07-18_12-49-12/Record Node 102/analysis/Animal=PV_126,recNames=block_007/lizMov.mat"
PV_126_007_1847932_L,PV_126,007,PV_126_block_007,1847932.3,1847965.6,6.344438958577283,19.868072763903708,L,binocular,2,6,2,4,True,True,True,reverse,R,16.649999999906868,9.307549619396537,143.50299107604854,False,False,,,3.551420512024052,0.5597690410785267,"/Volumes/Data-1/Nimrod/experiments/PV_126/2024_07_18/block_007/oe_files/PV126_Trial16_wake3_2024-07-18_12-49-12/Record Node 102/analysis/Animal=PV_126,recNames=block_007/lizMov.mat"
PV_126_007_1847949_R,PV_126,007,PV_126_block_007,1847948.95,1848065.5,9.307549619396537,163.37106383995226,R,binocular,2,4,2,2,True,True,True,reverse,R,149.85000000009313,13.14720012759969,137.0069412236989,False,False,,,3.2445543027613897,0.3485938228037889,"/Volumes/Data-1/Nimrod/experiments/PV_126/2024_07_18/block_007/oe_files/PV126_Trial16_wake3_2024-07-18_12-49-12/Record Node 102/analysis/Animal=PV_126,recNames=block_007/lizMov.mat"
PV_126_007_1848099_R,PV_126,007,PV_126_block_007,1848098.8,1848148.75,13.14720012759969,26.364122616253344,R,binocular,2,2,0,2,True,True,False,reverse,R,33.300000000046566,6.422146966191769,151.58056642533808,True,False,,,6.335098342738069,0.48185912447159807,"/Volumes/Data-1/Nimrod/experiments/PV_126/2024_07_18/block_007/oe_files/PV126_Trial16_wake3_2024-07-18_12-49-12/Record Node 102/analysis/Animal=PV_126,recNames=block_007/lizMov.mat"
PV_126_007_1848132_R,PV_126,007,PV_126_block_007,1848132.1,1848248.65,6.422146966191769,177.94468904159143,R,binocular,2,0,0,0,False,False,False,none,,,,,False,False,,,7.700552437528159,1.1990620080895569,"/Volumes/Data-1/Nimrod/experiments/PV_126/2024_07_18/block_007/oe_files/PV126_Trial16_wake3_2024-07-18_12-49-12/Record Node 102/analysis/Animal=PV_126,recNames=block_007/lizMov.mat"
PV_126_007_1849131_R,PV_126,007,PV_126_block_007,1849131.1,1849197.7,21.76254622996415,208.80757037597948,R,binocular,2,3,1,2,True,True,True,reverse,L,49.949999999953434,8.472014328651122,117.95292440436691,True,False,,,4.70731955505548,0.21630371305422535,"/Volumes/Data-1/Nimrod/experiments/PV_126/2024_07_18/block_007/oe_files/PV126_Trial16_wake3_2024-07-18_12-49-12/Record Node 102/analysis/Animal=PV_126,recNames=block_007/lizMov.mat"
PV_126_007_1849181_R,PV_126,007,PV_126_block_007,1849181.05,1849330.9,16.70637692504011,34.71777841625545,R,binocular,2,1,0,1,True,False,False,reverse,L,16.649999999906868,11.391146624346408,91.07593557709765,True,False,,,9.004281862929213,0.5389727469534867,"/Volumes/Data-1/Nimrod/experiments/PV_126/2024_07_18/block_007/oe_files/PV126_Trial16_wake3_2024-07-18_12-49-12/Record Node 102/analysis/Animal=PV_126,recNames=block_007/lizMov.mat"
PV_126_007_1849547_R,PV_126,007,PV_126_block_007,1849547.35,1849580.65,13.294099370994156,54.08740812205595,R,binocular,2,3,1,2,True,True,True,reverse,L,33.299999999813735,1.0529892786543784,127.02357825437389,True,False,,,7.015457047246495,0.5277120962818459,"/Volumes/Data-1/Nimrod/experiments/PV_126/2024_07_18/block_007/oe_files/PV126_Trial16_wake3_2024-07-18_12-49-12/Record Node 102/analysis/Animal=PV_126,recNames=block_007/lizMov.mat"
PV_126_007_1851312_R,PV_126,007,PV_126_block_007,1851312.25,1851462.1,15.531083840198772,246.96340087261427,R,binocular,2,2,0,2,True,True,False,reverse,L,83.25,2.4319490621198447,145.50745726645954,True,False,,,16.000857248665113,1.0302473036202688,"/Volumes/Data-1/Nimrod/experiments/PV_126/2024_07_18/block_007/oe_files/PV126_Trial16_wake3_2024-07-18_12-49-12/Record Node 102/analysis/Animal=PV_126,recNames=block_007/lizMov.mat"
PV_126_007_1903560_L,PV_126,007,PV_126_block_007,1903559.95,1903676.5,13.251260080781826,135.68235121766253,L,binocular,2,0,0,0,False,False,False,none,,,,,False,False,,,12.544365930716518,0.9466545712818278,"/Volumes/Data-1/Nimrod/experiments/PV_126/2024_07_18/block_007/oe_files/PV126_Trial16_wake3_2024-07-18_12-49-12/Record Node 102/analysis/Animal=PV_126,recNames=block_007/lizMov.mat"
PV_126_007_1907706_L,PV_126,007,PV_126_block_007,1907705.8,1907805.7,20.767550368344544,234.60406012717092,L,binocular,2,0,0,0,False,False,False,none,,,,,False,False,,,20.84166553541394,1.0035687967889737,"/Volumes/Data-1/Nimrod/experiments/PV_126/2024_07_18/block_007/oe_files/PV126_Trial16_wake3_2024-07-18_12-49-12/Record Node 102/analysis/Animal=PV_126,recNames=block_007/lizMov.mat"
PV_126_007_1910520_L,PV_126,007,PV_126_block_007,1910519.65,1910669.5,33.88387219686066,43.247817630138094,L,binocular,2,1,1,0,True,False,False,same,R,16.6500000001397,16.38112104771865,54.55312162479402,True,False,,,32.074863187058305,0.9466115029801713,"/Volumes/Data-1/Nimrod/experiments/PV_126/2024_07_18/block_007/oe_files/PV126_Trial16_wake3_2024-07-18_12-49-12/Record Node 102/analysis/Animal=PV_126,recNames=block_007/lizMov.mat"
PV_126_007_1912135_L,PV_126,007,PV_126_block_007,1912134.7,1912267.9,37.46365339909676,219.13668806060247,L,binocular,2,3,0,3,True,True,False,reverse,L,133.19999999995343,16.26404353297295,171.80898565832285,True,False,,,28.81441511956239,0.7691298766995612,"/Volumes/Data-1/Nimrod/experiments/PV_126/2024_07_18/block_007/oe_files/PV126_Trial16_wake3_2024-07-18_12-49-12/Record Node 102/analysis/Animal=PV_126,recNames=block_007/lizMov.mat"
PV_126_007_1912268_L,PV_126,007,PV_126_block_007,1912267.9,1912417.75,16.26404353297295,30.945673718925296,L,binocular,2,1,1,0,True,False,False,same,R,33.300000000046566,8.341150273783532,43.31560732859833,True,False,,,18.09028390784854,1.1122869827034807,"/Volumes/Data-1/Nimrod/experiments/PV_126/2024_07_18/block_007/oe_files/PV126_Trial16_wake3_2024-07-18_12-49-12/Record Node 102/analysis/Animal=PV_126,recNames=block_007/lizMov.mat"
PV_126_007_1915182_L,PV_126,007,PV_126_block_007,1915181.65,1915348.15,21.22185182359031,88.24380057486081,L,binocular,2,1,0,1,True,False,False,reverse,L,149.85000000009313,1.3667681222705557,159.05907411292037,True,False,,,25.13864207081639,1.1845640182480286,"/Volumes/Data-1/Nimrod/experiments/PV_126/2024_07_18/block_007/oe_files/PV126_Trial16_wake3_2024-07-18_12-49-12/Record Node 102/analysis/Animal=PV_126,recNames=block_007/lizMov.mat"
PV_126_007_1922141_L,PV_126,007,PV_126_block_007,1922141.35,1922241.25,13.42979840776695,239.81173662900818,L,binocular,2,0,0,0,False,False,False,none,,,,,False,False,,,13.58937303885598,1.011882131528999,"/Volumes/Data-1/Nimrod/experiments/PV_126/2024_07_18/block_007/oe_files/PV126_Trial16_wake3_2024-07-18_12-49-12/Record Node 102/analysis/Animal=PV_126,recNames=block_007/lizMov.mat"
PV_126_007_1924422_L,PV_126,007,PV_126_block_007,1924422.4,1924489.0,11.112582142150645,249.71826285679776,L,binocular,2,1,0,1,True,False,False,reverse,L,83.25,0.6238893824915717,144.00662668422268,True,False,,,8.754793755179335,0.7878271353308529,"/Volumes/Data-1/Nimrod/experiments/PV_126/2024_07_18/block_007/oe_files/PV126_Trial16_wake3_2024-07-18_12-49-12/Record Node 102/analysis/Animal=PV_126,recNames=block_007/lizMov.mat"
PV_126_007_1941705_L,PV_126,007,PV_126_block_007,1941705.1,1941838.3,18.88122811325372,218.80120924608602,L,binocular,2,1,0,1,True,False,False,reverse,L,99.89999999990687,0.7902075629288543,137.46239837222288,True,False,,,17.130089189523975,0.9072550305930297,"/Volumes/Data-1/Nimrod/experiments/PV_126/2024_07_18/block_007/oe_files/PV126_Trial16_wake3_2024-07-18_12-49-12/Record Node 102/analysis/Animal=PV_126,recNames=block_007/lizMov.mat"
PV_126_007_1950829_L,PV_126,007,PV_126_block_007,1950829.3,1950995.8,29.82623328171079,75.8327270598497,L,binocular,2,1,0,1,True,False,False,reverse,L,133.19999999995343,5.1500099921586475,173.10320187750688,True,False,,,26.106955924604083,0.8753018082445115,"/Volumes/Data-1/Nimrod/experiments/PV_126/2024_07_18/block_007/oe_files/PV126_Trial16_wake3_2024-07-18_12-49-12/Record Node 102/analysis/Animal=PV_126,recNames=block_007/lizMov.mat"
PV_126_007_1967146_L,PV_126,007,PV_126_block_007,1967146.3,1967279.5,33.79822996233101,276.9041247303303,L,binocular,2,3,1,2,True,True,True,same,R,83.25,8.960064902299541,27.472492606345497,True,False,,,32.79222234639921,0.9702349023291155,"/Volumes/Data-1/Nimrod/experiments/PV_126/2024_07_18/block_007/oe_files/PV126_Trial16_wake3_2024-07-18_12-49-12/Record Node 102/analysis/Animal=PV_126,recNames=block_007/lizMov.mat"
PV_126_007_1968295_L,PV_126,007,PV_126_block_007,1968295.15,1968361.75,11.492223827282952,356.84008704800516,L,binocular,2,0,0,0,False,False,False,none,,,,,False,False,,,11.097269721790077,0.9656329261047596,"/Volumes/Data-1/Nimrod/experiments/PV_126/2024_07_18/block_007/oe_files/PV126_Trial16_wake3_2024-07-18_12-49-12/Record Node 102/analysis/Animal=PV_126,recNames=block_007/lizMov.mat"
PV_126_007_1980283_R,PV_126,007,PV_126_block_007,1980283.15,1980383.05,6.6807451824827435,109.31081584651596,R,binocular,2,0,0,0,False,False,False,none,,,,,False,False,,,5.982984212810757,0.8955564161462778,"/Volumes/Data-1/Nimrod/experiments/PV_126/2024_07_18/block_007/oe_files/PV126_Trial16_wake3_2024-07-18_12-49-12/Record Node 102/analysis/Animal=PV_126,recNames=block_007/lizMov.mat"
PV_126_007_1999697_R,PV_126,007,PV_126_block_007,1999697.05,1999846.9,10.36325622948055,335.6211346490762,R,binocular,2,6,3,3,True,True,True,same,L,66.5999999998603,4.114470939492413,79.73154171688356,True,False,,,22.46064939182124,2.167335140081455,"/Volumes/Data-1/Nimrod/experiments/PV_126/2024_07_18/block_007/oe_files/PV126_Trial16_wake3_2024-07-18_12-49-12/Record Node 102/analysis/Animal=PV_126,recNames=block_007/lizMov.mat"
PV_126_007_2011385_R,PV_126,007,PV_126_block_007,2011385.35,2011468.6,16.431432753255354,162.13424451414588,R,binocular,2,0,0,0,False,False,False,none,,,,,False,False,,,15.969784221577253,0.9719045479106719,"/Volumes/Data-1/Nimrod/experiments/PV_126/2024_07_18/block_007/oe_files/PV126_Trial16_wake3_2024-07-18_12-49-12/Record Node 102/analysis/Animal=PV_126,recNames=block_007/lizMov.mat"
PV_126_007_2019294_L,PV_126,007,PV_126_block_007,2019294.1,2019410.65,10.99808400129815,134.01397253765347,L,binocular,2,1,0,1,True,False,False,reverse,R,33.299999999813735,3.5224561475953795,117.18874346321566,True,False,,,13.804083673713006,1.2551353192141153,"/Volumes/Data-1/Nimrod/experiments/PV_126/2024_07_18/block_007/oe_files/PV126_Trial16_wake3_2024-07-18_12-49-12/Record Node 102/analysis/Animal=PV_126,recNames=block_007/lizMov.mat"
PV_126_007_2024589_L,PV_126,007,PV_126_block_007,2024588.8,2024688.7,8.95061344681935,249.29325198144358,L,binocular,2,0,0,0,False,False,False,none,,,,,False,False,,,9.3707685565474,1.0469414875555099,"/Volumes/Data-1/Nimrod/experiments/PV_126/2024_07_18/block_007/oe_files/PV126_Trial16_wake3_2024-07-18_12-49-12/Record Node 102/analysis/Animal=PV_126,recNames=block_007/lizMov.mat"
PV_126_007_2025688_R,PV_126,007,PV_126_block_007,2025687.7,2025820.9,14.062978415778183,332.721315571589,R,binocular,2,0,0,0,False,False,False,none,,,,,False,False,,,14.81529810359638,1.0534964689253963,"/Volumes/Data-1/Nimrod/experiments/PV_126/2024_07_18/block_007/oe_files/PV126_Trial16_wake3_2024-07-18_12-49-12/Record Node 102/analysis/Animal=PV_126,recNames=block_007/lizMov.mat"
PV_126_007_2033996_R,PV_126,007,PV_126_block_007,2033996.05,2034112.6,27.212828269210448,41.59198554065812,R,binocular,2,1,1,0,True,False,False,same,L,83.25,0.6604478821939046,3.9900928322932145,True,False,,,24.378285248740497,0.8958379852168085,"/Volumes/Data-1/Nimrod/experiments/PV_126/2024_07_18/block_007/oe_files/PV126_Trial16_wake3_2024-07-18_12-49-12/Record Node 102/analysis/Animal=PV_126,recNames=block_007/lizMov.mat"
PV_126_007_2035361_L,PV_126,007,PV_126_block_007,2035361.35,2035494.55,38.65529384631487,78.27068129145972,L,binocular,2,2,1,1,True,True,True,reverse,L,166.5,9.437861061579085,176.07327670650642,True,False,,,37.290103243320516,0.9646829588614161,"/Volumes/Data-1/Nimrod/experiments/PV_126/2024_07_18/block_007/oe_files/PV126_Trial16_wake3_2024-07-18_12-49-12/Record Node 102/analysis/Animal=PV_126,recNames=block_007/lizMov.mat"
PV_126_007_2035528_L,PV_126,007,PV_126_block_007,2035527.85,2035611.1,9.437861061579085,254.34395799796616,L,binocular,2,0,0,0,False,False,False,none,,,,,False,False,,,9.96073963884015,1.0554022329688313,"/Volumes/Data-1/Nimrod/experiments/PV_126/2024_07_18/block_007/oe_files/PV126_Trial16_wake3_2024-07-18_12-49-12/Record Node 102/analysis/Animal=PV_126,recNames=block_007/lizMov.mat"
PV_126_007_2038492_L,PV_126,007,PV_126_block_007,2038491.55,2038691.35,37.27353702385061,274.12742500552446,L,binocular,2,2,1,1,True,True,True,reverse,L,199.80000000004657,10.037104910387223,167.23603479604378,True,False,,,34.71817915814961,0.9314431076378431,"/Volumes/Data-1/Nimrod/experiments/PV_126/2024_07_18/block_007/oe_files/PV126_Trial16_wake3_2024-07-18_12-49-12/Record Node 102/analysis/Animal=PV_126,recNames=block_007/lizMov.mat"
PV_126_007_2042271_L,PV_126,007,PV_126_block_007,2042271.1,2042470.9,32.311229163307914,40.6476529347127,L,binocular,2,1,0,1,True,False,False,reverse,L,99.89999999990687,9.493976397346787,155.46031258953462,True,False,,,27.375334075589986,0.8472390182753231,"/Volumes/Data-1/Nimrod/experiments/PV_126/2024_07_18/block_007/oe_files/PV126_Trial16_wake3_2024-07-18_12-49-12/Record Node 102/analysis/Animal=PV_126,recNames=block_007/lizMov.mat"
PV_126_007_2046750_L,PV_126,007,PV_126_block_007,2046749.95,2046949.75,38.937234899279176,237.24070495645998,L,binocular,2,1,0,1,True,False,False,reverse,L,133.19999999995343,5.926052245702071,173.13469057680783,True,False,,,31.648759103321204,0.8128147564969258,"/Volumes/Data-1/Nimrod/experiments/PV_126/2024_07_18/block_007/oe_files/PV126_Trial16_wake3_2024-07-18_12-49-12/Record Node 102/analysis/Animal=PV_126,recNames=block_007/lizMov.mat"
PV_126_007_2048665_L,PV_126,007,PV_126_block_007,2048664.7,2048747.95,9.260576601585225,196.46731721412485,L,binocular,2,1,0,1,True,False,False,reverse,L,33.300000000046566,2.9564198685679233,135.30751817564453,True,False,,,6.121057471111015,0.6609801672676853,"/Volumes/Data-1/Nimrod/experiments/PV_126/2024_07_18/block_007/oe_files/PV126_Trial16_wake3_2024-07-18_12-49-12/Record Node 102/analysis/Animal=PV_126,recNames=block_007/lizMov.mat"
PV_126_007_2053410_R,PV_126,007,PV_126_block_007,2053409.95,2053576.45,28.62702583949742,40.798298906871814,R,binocular,2,1,0,1,True,False,False,reverse,R,133.19999999995343,0.5899529001240588,122.63793064850137,True,False,,,26.6597658303174,0.9312796229615393,"/Volumes/Data-1/Nimrod/experiments/PV_126/2024_07_18/block_007/oe_files/PV126_Trial16_wake3_2024-07-18_12-49-12/Record Node 102/analysis/Animal=PV_126,recNames=block_007/lizMov.mat"
PV_126_007_2058921_L,PV_126,007,PV_126_block_007,2058921.1,2059037.65,19.725750109967723,184.01559064788748,L,binocular,2,2,0,2,True,True,False,reverse,R,83.25,0.7368574210866929,155.66637627202135,True,False,,,14.314427699499545,0.7256721604856103,"/Volumes/Data-1/Nimrod/experiments/PV_126/2024_07_18/block_007/oe_files/PV126_Trial16_wake3_2024-07-18_12-49-12/Record Node 102/analysis/Animal=PV_126,recNames=block_007/lizMov.mat"
PV_126_007_2059421_L,PV_126,007,PV_126_block_007,2059420.6,2059470.55,9.77369425041616,198.48330164028323,L,binocular,2,2,0,2,True,True,False,reverse,R,49.949999999953434,4.747055339721431,139.20773441400422,True,False,,,1.4404167523164497,0.14737689919603505,"/Volumes/Data-1/Nimrod/experiments/PV_126/2024_07_18/block_007/oe_files/PV126_Trial16_wake3_2024-07-18_12-49-12/Record Node 102/analysis/Animal=PV_126,recNames=block_007/lizMov.mat"
PV_126_007_2061152_L,PV_126,007,PV_126_block_007,2061152.2,2061252.1,18.168875148110708,252.64766218054226,L,binocular,2,2,0,2,True,True,False,reverse,L,99.9000000001397,0.5320650573879808,125.65391703951947,True,False,,,15.972078475498611,0.8790901112642336,"/Volumes/Data-1/Nimrod/experiments/PV_126/2024_07_18/block_007/oe_files/PV126_Trial16_wake3_2024-07-18_12-49-12/Record Node 102/analysis/Animal=PV_126,recNames=block_007/lizMov.mat"
PV_126_007_1105559_L,PV_126,007,PV_126_block_007,1105558.75,1105625.35,6.166206801469049,138.19857209288298,L,monocular,1,1,0,1,True,False,False,reverse,R,66.60000000009313,0.6028903916284395,119.18456360963867,True,False,,,7.864994287538504,1.275499596553384,"/Volumes/Data-1/Nimrod/experiments/PV_126/2024_07_18/block_007/oe_files/PV126_Trial16_wake3_2024-07-18_12-49-12/Record Node 102/analysis/Animal=PV_126,recNames=block_007/lizMov.mat"
PV_126_007_1458855_L,PV_126,007,PV_126_block_007,1458855.1,1458988.3,14.954471111187331,151.33410057648652,L,monocular,1,1,0,1,True,False,False,reverse,R,116.54999999981374,0.7808708179691892,166.16544487864348,True,False,,,15.220539199219237,1.0177918754901911,"/Volumes/Data-1/Nimrod/experiments/PV_126/2024_07_18/block_007/oe_files/PV126_Trial16_wake3_2024-07-18_12-49-12/Record Node 102/analysis/Animal=PV_126,recNames=block_007/lizMov.mat"
PV_126_007_1755375_L,PV_126,007,PV_126_block_007,1755374.95,1755474.85,5.933913786881676,352.8664445279778,L,monocular,1,2,1,1,True,True,True,reverse,L,116.55000000004657,6.381386304681739,149.46208439262637,False,True,1755376.0,1.0500000000465661,-1.0177390090207556,-0.17151226754772023,"/Volumes/Data-1/Nimrod/experiments/PV_126/2024_07_18/block_007/oe_files/PV126_Trial16_wake3_2024-07-18_12-49-12/Record Node 102/analysis/Animal=PV_126,recNames=block_007/lizMov.mat"
PV_126_007_1831765_L,PV_126,007,PV_126_block_007,1831765.15,1831865.05,17.96129759179819,38.27552282631691,L,monocular,1,0,0,0,False,False,False,none,,,,,False,False,,,16.871156586208382,0.9393061108186523,"/Volumes/Data-1/Nimrod/experiments/PV_126/2024_07_18/block_007/oe_files/PV126_Trial16_wake3_2024-07-18_12-49-12/Record Node 102/analysis/Animal=PV_126,recNames=block_007/lizMov.mat"
PV_126_007_1840307_L,PV_126,007,PV_126_block_007,1840306.6,1840439.8,23.648387591831067,206.8928789217315,L,monocular,1,2,1,1,True,True,True,reverse,R,49.949999999953434,19.248424651823772,112.14866003161791,True,False,,,22.866903447675348,0.9669540199677009,"/Volumes/Data-1/Nimrod/experiments/PV_126/2024_07_18/block_007/oe_files/PV126_Trial16_wake3_2024-07-18_12-49-12/Record Node 102/analysis/Animal=PV_126,recNames=block_007/lizMov.mat"
PV_126_007_1847400_L,PV_126,007,PV_126_block_007,1847399.5,1847482.75,6.471302106587364,11.250537441572012,L,monocular,1,0,0,0,False,False,False,none,,,,,False,False,,,6.650438954596345,1.0276817315987505,"/Volumes/Data-1/Nimrod/experiments/PV_126/2024_07_18/block_007/oe_files/PV126_Trial16_wake3_2024-07-18_12-49-12/Record Node 102/analysis/Animal=PV_126,recNames=block_007/lizMov.mat"
PV_126_007_1849198_L,PV_126,007,PV_126_block_007,1849197.7,1849314.25,11.391146624346408,125.7937139933531,L,monocular,1,0,0,0,False,False,False,none,,,,,False,False,,,12.595981553140879,1.1057694162429061,"/Volumes/Data-1/Nimrod/experiments/PV_126/2024_07_18/block_007/oe_files/PV126_Trial16_wake3_2024-07-18_12-49-12/Record Node 102/analysis/Animal=PV_126,recNames=block_007/lizMov.mat"
PV_126_007_1930350_L,PV_126,007,PV_126_block_007,1930349.8,1930449.7,17.35321116622275,125.0570236025832,L,monocular,1,0,0,0,False,False,False,none,,,,,False,False,,,17.643149387669858,1.0167080443308072,"/Volumes/Data-1/Nimrod/experiments/PV_126/2024_07_18/block_007/oe_files/PV126_Trial16_wake3_2024-07-18_12-49-12/Record Node 102/analysis/Animal=PV_126,recNames=block_007/lizMov.mat"
PV_126_007_1934862_L,PV_126,007,PV_126_block_007,1934861.95,1934895.25,8.999845574819835,24.98964962544271,L,monocular,1,0,0,0,False,False,False,none,,,,,False,False,,,8.456359973485316,0.9396116747986092,"/Volumes/Data-1/Nimrod/experiments/PV_126/2024_07_18/block_007/oe_files/PV126_Trial16_wake3_2024-07-18_12-49-12/Record Node 102/analysis/Animal=PV_126,recNames=block_007/lizMov.mat"
PV_126_007_1967280_L,PV_126,007,PV_126_block_007,1967279.5,1967362.75,7.017422912834943,132.26182941042939,L,monocular,1,1,1,0,True,False,False,same,L,116.55000000004657,0.7363690952816937,27.330973958506007,True,False,,,9.866683845160651,1.4060266806941875,"/Volumes/Data-1/Nimrod/experiments/PV_126/2024_07_18/block_007/oe_files/PV126_Trial16_wake3_2024-07-18_12-49-12/Record Node 102/analysis/Animal=PV_126,recNames=block_007/lizMov.mat"
PV_126_007_2038691_L,PV_126,007,PV_126_block_007,2038691.35,2038824.55,10.037104910387223,106.89139020948068,L,monocular,1,1,0,1,True,False,False,reverse,R,49.949999999953434,3.222535462120869,120.79432883670768,True,False,,,8.882942494195776,0.8850104261641198,"/Volumes/Data-1/Nimrod/experiments/PV_126/2024_07_18/block_007/oe_files/PV126_Trial16_wake3_2024-07-18_12-49-12/Record Node 102/analysis/Animal=PV_126,recNames=block_007/lizMov.mat"
PV_126_007_2042371_L,PV_126,007,PV_126_block_007,2042371.0,2042470.9,9.493976397346787,245.1873403451781,L,monocular,1,0,0,0,False,False,False,none,,,,,False,False,,,11.039502993075294,1.1627902294090835,"/Volumes/Data-1/Nimrod/experiments/PV_126/2024_07_18/block_007/oe_files/PV126_Trial16_wake3_2024-07-18_12-49-12/Record Node 102/analysis/Animal=PV_126,recNames=block_007/lizMov.mat"
PV_126_007_2046883_L,PV_126,007,PV_126_block_007,2046883.15,2046966.4,5.926052245702071,64.10601437965214,L,monocular,1,0,0,0,False,False,False,none,,,,,False,False,,,7.837438102193292,1.3225394878820842,"/Volumes/Data-1/Nimrod/experiments/PV_126/2024_07_18/block_007/oe_files/PV126_Trial16_wake3_2024-07-18_12-49-12/Record Node 102/analysis/Animal=PV_126,recNames=block_007/lizMov.mat"
PV_126_007_385097_R,PV_126,007,PV_126_block_007,385096.6,385229.8,22.651375450719435,10.97425627769105,R,monocular,1,5,3,2,True,True,True,same,L,49.95000000001164,5.071301182411266,18.336678244233553,True,True,385104.0,7.400000000023283,13.505659830420734,0.5962401647442463,"/Volumes/Data-1/Nimrod/experiments/PV_126/2024_07_18/block_007/oe_files/PV126_Trial16_wake3_2024-07-18_12-49-12/Record Node 102/analysis/Animal=PV_126,recNames=block_007/lizMov.mat"
PV_126_007_978303_R,PV_126,007,PV_126_block_007,978302.8,978386.05,5.507799632747975,5.152846462677035,R,monocular,1,3,1,2,True,True,True,reverse,R,199.79999999993015,6.171381415145077,141.13283842982423,False,True,978308.0,5.199999999953434,3.7996190338034803,0.6898615213254876,"/Volumes/Data-1/Nimrod/experiments/PV_126/2024_07_18/block_007/oe_files/PV126_Trial16_wake3_2024-07-18_12-49-12/Record Node 102/analysis/Animal=PV_126,recNames=block_007/lizMov.mat"
PV_126_007_1117180_R,PV_126,007,PV_126_block_007,1117180.45,1117263.7,7.592297158361068,344.57664235455945,R,monocular,1,0,0,0,False,False,False,none,,,,,False,False,,,7.379011842132526,0.9719076701320021,"/Volumes/Data-1/Nimrod/experiments/PV_126/2024_07_18/block_007/oe_files/PV126_Trial16_wake3_2024-07-18_12-49-12/Record Node 102/analysis/Animal=PV_126,recNames=block_007/lizMov.mat"
PV_126_007_1840357_R,PV_126,007,PV_126_block_007,1840356.55,1840406.5,19.248424651823772,94.74421889011359,R,monocular,1,1,0,1,True,False,False,reverse,R,49.949999999953434,3.218404236507368,177.18981951904192,True,False,,,16.93135359757314,0.8796228212872946,"/Volumes/Data-1/Nimrod/experiments/PV_126/2024_07_18/block_007/oe_files/PV126_Trial16_wake3_2024-07-18_12-49-12/Record Node 102/analysis/Animal=PV_126,recNames=block_007/lizMov.mat"
PV_126_007_1847732_R,PV_126,007,PV_126_block_007,1847732.5,1847782.45,5.757104748166872,101.91070536772334,R,monocular,1,9,4,5,True,True,True,reverse,R,66.60000000009313,10.454642647481087,130.62281654284794,False,False,,,-13.114019719120504,-2.2778845084060975,"/Volumes/Data-1/Nimrod/experiments/PV_126/2024_07_18/block_007/oe_files/PV126_Trial16_wake3_2024-07-18_12-49-12/Record Node 102/analysis/Animal=PV_126,recNames=block_007/lizMov.mat"
PV_126_007_1851629_R,PV_126,007,PV_126_block_007,1851628.6,1851678.55,9.856650943158753,335.6355833987931,R,monocular,1,2,1,1,True,True,True,same,L,49.949999999953434,2.955458002589436,72.29609820246276,True,False,,,5.756355890905439,0.5840072783444541,"/Volumes/Data-1/Nimrod/experiments/PV_126/2024_07_18/block_007/oe_files/PV126_Trial16_wake3_2024-07-18_12-49-12/Record Node 102/analysis/Animal=PV_126,recNames=block_007/lizMov.mat"
PV_126_007_1910536_R,PV_126,007,PV_126_block_007,1910536.3,1910652.85,16.38112104771865,348.6946960053441,R,monocular,1,0,0,0,False,False,False,none,,,,,False,False,,,15.982797396450376,0.9756839809615016,"/Volumes/Data-1/Nimrod/experiments/PV_126/2024_07_18/block_007/oe_files/PV126_Trial16_wake3_2024-07-18_12-49-12/Record Node 102/analysis/Animal=PV_126,recNames=block_007/lizMov.mat"
PV_126_007_1912301_R,PV_126,007,PV_126_block_007,1912301.2,1912384.45,8.341150273783532,347.630066390327,R,monocular,1,0,0,0,False,False,False,none,,,,,False,False,,,10.816978931389729,1.2968210110526117,"/Volumes/Data-1/Nimrod/experiments/PV_126/2024_07_18/block_007/oe_files/PV126_Trial16_wake3_2024-07-18_12-49-12/Record Node 102/analysis/Animal=PV_126,recNames=block_007/lizMov.mat"
PV_126_007_1967230_R,PV_126,007,PV_126_block_007,1967229.55,1967346.1,8.960064902299541,249.4316321239848,R,monocular,1,2,0,2,True,True,False,reverse,L,49.949999999953434,7.017422912834943,117.16980271355541,True,False,,,10.481672554284135,1.1698210524785466,"/Volumes/Data-1/Nimrod/experiments/PV_126/2024_07_18/block_007/oe_files/PV126_Trial16_wake3_2024-07-18_12-49-12/Record Node 102/analysis/Animal=PV_126,recNames=block_007/lizMov.mat"
PV_126_007_1999880_R,PV_126,007,PV_126_block_007,1999880.2,1999946.8,12.065468525093385,344.9649683344764,R,monocular,1,3,1,2,True,True,True,same,L,49.949999999953434,1.9005056385611938,53.31581149358561,True,False,,,6.410451419149822,0.531305635236424,"/Volumes/Data-1/Nimrod/experiments/PV_126/2024_07_18/block_007/oe_files/PV126_Trial16_wake3_2024-07-18_12-49-12/Record Node 102/analysis/Animal=PV_126,recNames=block_007/lizMov.mat"
PV_126_007_2048631_R,PV_126,007,PV_126_block_007,2048631.4,2048681.35,16.247601428941092,178.13532962040304,R,monocular,1,3,1,2,True,True,True,same,L,33.300000000046566,9.260576601585225,18.331987593721806,True,False,,,10.862206480949311,0.6685421554963166,"/Volumes/Data-1/Nimrod/experiments/PV_126/2024_07_18/block_007/oe_files/PV126_Trial16_wake3_2024-07-18_12-49-12/Record Node 102/analysis/Animal=PV_126,recNames=block_007/lizMov.mat"
PV_126_007_2059387_R,PV_126,007,PV_126_block_007,2059387.3,2059437.25,10.967368498357553,210.5824091676322,R,monocular,1,4,1,3,True,True,True,same,L,33.300000000046566,9.77369425041616,12.099107527348963,True,False,,,5.5274273204539845,0.5039884746538569,"/Volumes/Data-1/Nimrod/experiments/PV_126/2024_07_18/block_007/oe_files/PV126_Trial16_wake3_2024-07-18_12-49-12/Record Node 102/analysis/Animal=PV_126,recNames=block_007/lizMov.mat"
PV_126_008_134603_R,PV_126,008,PV_126_block_008,134602.65,134635.5,6.715099306365102,359.78383815401776,R,binocular,2,1,0,1,True,False,False,reverse,R,32.85000000000582,0.6668008187657907,172.77227990237122,True,True,134680.0,77.35000000000582,3.38836329927432,0.5045887104100697,"/Volumes/Data-1/Nimrod/experiments/PV_126/2024_07_18/block_008/oe_files/PV126_Trial16_wake4_2024-07-18_13-24-41/Record Node 102/analysis/recNames=block_008,Animal=PV_126/lizMov.mat"
PV_126_008_212350_R,PV_126,008,PV_126_block_008,212350.35,212399.8,6.182075546969244,148.27472273680584,R,binocular,2,1,0,1,True,False,False,reverse,L,49.44999999998254,1.0841939424275413,91.15629126283625,True,False,,,5.770096315661044,0.9333590752526192,"/Volumes/Data-1/Nimrod/experiments/PV_126/2024_07_18/block_008/oe_files/PV126_Trial16_wake4_2024-07-18_13-24-41/Record Node 102/analysis/recNames=block_008,Animal=PV_126/lizMov.mat"
PV_126_008_265876_L,PV_126,008,PV_126_block_008,265875.6,265974.1,11.241435177367734,122.76751286118669,L,binocular,2,0,0,0,False,False,False,none,,,,,False,False,,,12.401164852959607,1.1031656240767855,"/Volumes/Data-1/Nimrod/experiments/PV_126/2024_07_18/block_008/oe_files/PV126_Trial16_wake4_2024-07-18_13-24-41/Record Node 102/analysis/recNames=block_008,Animal=PV_126/lizMov.mat"
PV_126_008_284702_R,PV_126,008,PV_126_block_008,284701.7,284734.5,9.999512018050556,323.90263089619555,R,binocular,2,1,0,1,True,False,False,reverse,R,213.59999999997672,1.1313282346012514,107.3229412885076,True,False,,,9.237150433980398,0.9237601212245172,"/Volumes/Data-1/Nimrod/experiments/PV_126/2024_07_18/block_008/oe_files/PV126_Trial16_wake4_2024-07-18_13-24-41/Record Node 102/analysis/recNames=block_008,Animal=PV_126/lizMov.mat"
PV_126_008_381002_L,PV_126,008,PV_126_block_008,381001.6,381083.9,12.254741310000734,13.328451739440093,L,binocular,2,1,0,0,True,False,False,unknown,R,49.5,,,False,True,381052.0,50.40000000002328,12.563459357620166,1.02519172292666,"/Volumes/Data-1/Nimrod/experiments/PV_126/2024_07_18/block_008/oe_files/PV126_Trial16_wake4_2024-07-18_13-24-41/Record Node 102/analysis/recNames=block_008,Animal=PV_126/lizMov.mat"
PV_126_008_447624_L,PV_126,008,PV_126_block_008,447624.3,447771.8,15.848770090627726,320.99101512234506,L,binocular,2,1,0,1,True,False,False,reverse,L,49.04999999998836,14.637388237498511,145.66070143495932,True,True,447672.0,47.70000000001164,3.2182186160893256,0.20305794062798857,"/Volumes/Data-1/Nimrod/experiments/PV_126/2024_07_18/block_008/oe_files/PV126_Trial16_wake4_2024-07-18_13-24-41/Record Node 102/analysis/recNames=block_008,Animal=PV_126/lizMov.mat"
PV_126_008_507742_R,PV_126,008,PV_126_block_008,507742.45,507824.75,11.54953903384686,153.59248999416639,R,binocular,2,2,2,0,True,True,False,same,L,82.29999999998836,2.3045882293382016,89.78552941001203,True,False,,,12.500497282153585,1.0823373335957274,"/Volumes/Data-1/Nimrod/experiments/PV_126/2024_07_18/block_008/oe_files/PV126_Trial16_wake4_2024-07-18_13-24-41/Record Node 102/analysis/recNames=block_008,Animal=PV_126/lizMov.mat"
PV_126_008_517326_L,PV_126,008,PV_126_block_008,517326.5,517408.75,8.545087044861203,226.0527319686426,L,binocular,2,0,0,0,False,False,False,none,,,,,False,False,,,8.525141442159466,0.9976658397279017,"/Volumes/Data-1/Nimrod/experiments/PV_126/2024_07_18/block_008/oe_files/PV126_Trial16_wake4_2024-07-18_13-24-41/Record Node 102/analysis/recNames=block_008,Animal=PV_126/lizMov.mat"
PV_126_008_559456_R,PV_126,008,PV_126_block_008,559456.35,559522.0,10.965343510579322,92.60483154343713,R,binocular,2,0,0,0,False,False,False,none,,,,,False,True,559496.0,39.65000000002328,10.162077182381775,0.9267449918534191,"/Volumes/Data-1/Nimrod/experiments/PV_126/2024_07_18/block_008/oe_files/PV126_Trial16_wake4_2024-07-18_13-24-41/Record Node 102/analysis/recNames=block_008,Animal=PV_126/lizMov.mat"
PV_126_008_680905_R,PV_126,008,PV_126_block_008,680904.75,680987.05,7.753957577084264,93.50088010071443,R,binocular,2,1,0,1,True,False,False,reverse,R,98.44999999995343,0.5774660791767411,153.8206982237158,True,True,680948.0,43.25,8.687886744231445,1.1204454832081205,"/Volumes/Data-1/Nimrod/experiments/PV_126/2024_07_18/block_008/oe_files/PV126_Trial16_wake4_2024-07-18_13-24-41/Record Node 102/analysis/recNames=block_008,Animal=PV_126/lizMov.mat"
PV_126_008_702011_L,PV_126,008,PV_126_block_008,702010.85,702076.5,9.830397885721384,272.7693647160137,L,binocular,2,1,0,1,True,False,False,reverse,L,65.65000000002328,2.8353557665521425,116.80020109185764,True,False,,,2.5288105128792315,0.2572439632939293,"/Volumes/Data-1/Nimrod/experiments/PV_126/2024_07_18/block_008/oe_files/PV126_Trial16_wake4_2024-07-18_13-24-41/Record Node 102/analysis/recNames=block_008,Animal=PV_126/lizMov.mat"
PV_126_008_718406_L,PV_126,008,PV_126_block_008,718406.25,718488.1,10.995596810049527,194.43523289526897,L,binocular,2,1,1,0,True,False,False,same,R,49.0,0.7414409212772335,19.65097974184951,True,False,,,10.786470493120529,0.9809809034887615,"/Volumes/Data-1/Nimrod/experiments/PV_126/2024_07_18/block_008/oe_files/PV126_Trial16_wake4_2024-07-18_13-24-41/Record Node 102/analysis/recNames=block_008,Animal=PV_126/lizMov.mat"
PV_126_008_718685_R,PV_126,008,PV_126_block_008,718685.05,718734.55,5.56332783410199,177.19873924433503,R,binocular,2,3,2,1,True,True,True,reverse,R,82.34999999997672,0.7842860984977931,172.72598092183262,True,True,718840.0,154.94999999995343,6.915963864411824,1.2431343380518525,"/Volumes/Data-1/Nimrod/experiments/PV_126/2024_07_18/block_008/oe_files/PV126_Trial16_wake4_2024-07-18_13-24-41/Record Node 102/analysis/recNames=block_008,Animal=PV_126/lizMov.mat"
PV_126_008_739071_L,PV_126,008,PV_126_block_008,739070.75,739120.2,5.713458552346275,6.272113582055036,L,binocular,2,4,1,3,True,True,True,same,R,196.94999999995343,4.191629648563426,6.134914505604371,True,True,739096.0,25.25,2.944259652682377,0.515320033515128,"/Volumes/Data-1/Nimrod/experiments/PV_126/2024_07_18/block_008/oe_files/PV126_Trial16_wake4_2024-07-18_13-24-41/Record Node 102/analysis/recNames=block_008,Animal=PV_126/lizMov.mat"
PV_126_008_768972_R,PV_126,008,PV_126_block_008,768971.5,769037.2,6.286429417632033,146.67359403664122,R,binocular,2,0,0,0,False,False,False,none,,,,,False,True,769024.0,52.5,5.769306730866926,0.9177398404705391,"/Volumes/Data-1/Nimrod/experiments/PV_126/2024_07_18/block_008/oe_files/PV126_Trial16_wake4_2024-07-18_13-24-41/Record Node 102/analysis/recNames=block_008,Animal=PV_126/lizMov.mat"
PV_126_008_772352_R,PV_126,008,PV_126_block_008,772352.25,772533.0,12.640580911912286,328.1298157394368,R,binocular,2,0,0,0,False,False,False,none,,,,,False,True,772408.0,55.75,13.37073207240676,1.0577624687965401,"/Volumes/Data-1/Nimrod/experiments/PV_126/2024_07_18/block_008/oe_files/PV126_Trial16_wake4_2024-07-18_13-24-41/Record Node 102/analysis/recNames=block_008,Animal=PV_126/lizMov.mat"
PV_126_008_775174_R,PV_126,008,PV_126_block_008,775174.5,775272.95,14.116736613903338,110.7689987066169,R,binocular,2,0,0,0,False,False,False,none,,,,,False,True,775324.0,149.5,11.338214469554451,0.8031753215815922,"/Volumes/Data-1/Nimrod/experiments/PV_126/2024_07_18/block_008/oe_files/PV126_Trial16_wake4_2024-07-18_13-24-41/Record Node 102/analysis/recNames=block_008,Animal=PV_126/lizMov.mat"
PV_126_008_818170_R,PV_126,008,PV_126_block_008,818170.5,818285.65,8.300918457051095,302.34468753989637,R,binocular,2,0,0,0,False,False,False,none,,,,,False,False,,,10.336696761186582,1.2452473560207333,"/Volumes/Data-1/Nimrod/experiments/PV_126/2024_07_18/block_008/oe_files/PV126_Trial16_wake4_2024-07-18_13-24-41/Record Node 102/analysis/recNames=block_008,Animal=PV_126/lizMov.mat"
PV_126_008_832006_R,PV_126,008,PV_126_block_008,832006.4,832121.05,7.349942739373549,298.1847895259371,R,binocular,2,0,0,0,False,False,False,none,,,,,False,True,832024.0,17.599999999976717,5.246986003503693,0.7138812082705973,"/Volumes/Data-1/Nimrod/experiments/PV_126/2024_07_18/block_008/oe_files/PV126_Trial16_wake4_2024-07-18_13-24-41/Record Node 102/analysis/recNames=block_008,Animal=PV_126/lizMov.mat"
PV_126_008_834206_R,PV_126,008,PV_126_block_008,834205.6,834238.45,9.929586272385999,145.20459788331473,R,binocular,2,0,0,0,False,False,False,none,,,,,False,False,,,8.592075206709888,0.8653004235034741,"/Volumes/Data-1/Nimrod/experiments/PV_126/2024_07_18/block_008/oe_files/PV126_Trial16_wake4_2024-07-18_13-24-41/Record Node 102/analysis/recNames=block_008,Animal=PV_126/lizMov.mat"
PV_126_008_859876_R,PV_126,008,PV_126_block_008,859875.7,859957.55,7.2273890540216135,111.11719457110809,R,binocular,2,0,0,0,False,False,False,none,,,,,False,False,,,7.358687431664699,1.018166778716586,"/Volumes/Data-1/Nimrod/experiments/PV_126/2024_07_18/block_008/oe_files/PV126_Trial16_wake4_2024-07-18_13-24-41/Record Node 102/analysis/recNames=block_008,Animal=PV_126/lizMov.mat"
PV_126_008_1082382_R,PV_126,008,PV_126_block_008,1082382.5,1082464.8,6.754170311631722,147.64305077508521,R,binocular,2,0,0,0,False,False,False,none,,,,,False,False,,,7.504065364221019,1.1110269682270022,"/Volumes/Data-1/Nimrod/experiments/PV_126/2024_07_18/block_008/oe_files/PV126_Trial16_wake4_2024-07-18_13-24-41/Record Node 102/analysis/recNames=block_008,Animal=PV_126/lizMov.mat"
PV_126_008_1098059_L,PV_126,008,PV_126_block_008,1098059.1,1098124.8,13.43373900581151,320.1819105903834,L,binocular,2,3,1,2,True,True,True,reverse,L,49.049999999813735,1.6550973154423505,99.20507581580767,True,False,,,8.548059002781711,0.6363127197188938,"/Volumes/Data-1/Nimrod/experiments/PV_126/2024_07_18/block_008/oe_files/PV126_Trial16_wake4_2024-07-18_13-24-41/Record Node 102/analysis/recNames=block_008,Animal=PV_126/lizMov.mat"
PV_126_008_1106907_L,PV_126,008,PV_126_block_008,1106906.6,1106972.2,12.055207660023097,200.1298097002304,L,binocular,2,0,0,0,False,False,False,none,,,,,False,False,,,12.4959156660678,1.0365574794290902,"/Volumes/Data-1/Nimrod/experiments/PV_126/2024_07_18/block_008/oe_files/PV126_Trial16_wake4_2024-07-18_13-24-41/Record Node 102/analysis/recNames=block_008,Animal=PV_126/lizMov.mat"
PV_126_008_1155508_L,PV_126,008,PV_126_block_008,1155508.45,1155606.9,8.976558064543836,160.34922310504282,L,binocular,2,0,0,0,False,False,False,none,,,,,False,True,1155736.0,227.55000000004657,9.807019024832282,1.092514408564754,"/Volumes/Data-1/Nimrod/experiments/PV_126/2024_07_18/block_008/oe_files/PV126_Trial16_wake4_2024-07-18_13-24-41/Record Node 102/analysis/recNames=block_008,Animal=PV_126/lizMov.mat"
PV_126_008_1211872_R,PV_126,008,PV_126_block_008,1211871.7,1211920.7,12.047171442157223,190.87682749714793,R,binocular,2,2,0,2,True,True,False,reverse,L,65.6500000001397,3.773383229440827,123.12673362658484,True,True,1211892.0,20.300000000046566,2.239364672757991,0.18588302519890093,"/Volumes/Data-1/Nimrod/experiments/PV_126/2024_07_18/block_008/oe_files/PV126_Trial16_wake4_2024-07-18_13-24-41/Record Node 102/analysis/recNames=block_008,Animal=PV_126/lizMov.mat"
PV_126_008_1212380_R,PV_126,008,PV_126_block_008,1212380.3,1212478.75,6.148427936773324,164.92203482133323,R,binocular,2,0,0,0,False,False,False,none,,,,,False,True,1212392.0,11.699999999953434,7.708658701312618,1.2537609256518503,"/Volumes/Data-1/Nimrod/experiments/PV_126/2024_07_18/block_008/oe_files/PV126_Trial16_wake4_2024-07-18_13-24-41/Record Node 102/analysis/recNames=block_008,Animal=PV_126/lizMov.mat"
PV_126_008_1248902_L,PV_126,008,PV_126_block_008,1248902.35,1248984.2,17.20359592491918,68.49958281535463,L,binocular,2,4,2,2,True,True,True,reverse,L,81.8499999998603,0.5140039025111088,135.6422098425994,True,True,1248968.0,65.64999999990687,5.763235073535352,0.33500176932122555,"/Volumes/Data-1/Nimrod/experiments/PV_126/2024_07_18/block_008/oe_files/PV126_Trial16_wake4_2024-07-18_13-24-41/Record Node 102/analysis/recNames=block_008,Animal=PV_126/lizMov.mat"
PV_126_008_1278971_R,PV_126,008,PV_126_block_008,1278971.45,1279053.25,7.326948048866178,310.0219350311025,R,binocular,2,0,0,0,False,False,False,none,,,,,False,False,,,8.333773178052905,1.1374139849869047,"/Volumes/Data-1/Nimrod/experiments/PV_126/2024_07_18/block_008/oe_files/PV126_Trial16_wake4_2024-07-18_13-24-41/Record Node 102/analysis/recNames=block_008,Animal=PV_126/lizMov.mat"
PV_126_008_1309941_R,PV_126,008,PV_126_block_008,1309941.1,1310023.45,15.965073149449285,35.16041905661634,R,binocular,2,2,1,1,True,True,True,same,L,65.69999999995343,0.6446565193923389,85.0473965776784,True,False,,,15.179661171155395,0.9508043608105246,"/Volumes/Data-1/Nimrod/experiments/PV_126/2024_07_18/block_008/oe_files/PV126_Trial16_wake4_2024-07-18_13-24-41/Record Node 102/analysis/recNames=block_008,Animal=PV_126/lizMov.mat"
PV_126_008_1563088_L,PV_126,008,PV_126_block_008,1563088.05,1563153.7,7.129244796711256,325.97131099548454,L,binocular,2,4,0,2,True,True,False,reverse,L,16.649999999906868,3.767518552592027,123.35491234407311,True,False,,,0.4089310665072725,0.057359661249942455,"/Volumes/Data-1/Nimrod/experiments/PV_126/2024_07_18/block_008/oe_files/PV126_Trial16_wake4_2024-07-18_13-24-41/Record Node 102/analysis/recNames=block_008,Animal=PV_126/lizMov.mat"
PV_126_008_1564155_R,PV_126,008,PV_126_block_008,1564155.25,1564237.1,10.199646666761442,94.2104667209516,R,binocular,2,0,0,0,False,False,False,none,,,,,False,False,,,16.6054671106297,1.6280433678887636,"/Volumes/Data-1/Nimrod/experiments/PV_126/2024_07_18/block_008/oe_files/PV126_Trial16_wake4_2024-07-18_13-24-41/Record Node 102/analysis/recNames=block_008,Animal=PV_126/lizMov.mat"
PV_126_008_1656936_R,PV_126,008,PV_126_block_008,1656935.95,1657083.9,19.135684330101423,304.272059882335,R,binocular,2,4,3,0,True,True,False,unknown,L,49.449999999953434,,,False,False,,,22.237759255522334,1.1621094324043164,"/Volumes/Data-1/Nimrod/experiments/PV_126/2024_07_18/block_008/oe_files/PV126_Trial16_wake4_2024-07-18_13-24-41/Record Node 102/analysis/recNames=block_008,Animal=PV_126/lizMov.mat"
PV_126_008_1662664_R,PV_126,008,PV_126_block_008,1662663.55,1662794.8,20.912989917232483,215.72777138089728,R,binocular,2,4,1,3,True,True,True,reverse,R,65.64999999990687,5.87191591548537,178.31903458952502,True,False,,,15.622083021227889,0.7470038040019882,"/Volumes/Data-1/Nimrod/experiments/PV_126/2024_07_18/block_008/oe_files/PV126_Trial16_wake4_2024-07-18_13-24-41/Record Node 102/analysis/recNames=block_008,Animal=PV_126/lizMov.mat"
PV_126_008_1662778_L,PV_126,008,PV_126_block_008,1662778.15,1662893.3,6.4481778090174044,40.825807565616266,L,binocular,2,1,1,0,True,False,False,same,R,65.6500000001397,2.077407558862972,64.85645150306829,True,False,,,7.66116431508164,1.1881130672866906,"/Volumes/Data-1/Nimrod/experiments/PV_126/2024_07_18/block_008/oe_files/PV126_Trial16_wake4_2024-07-18_13-24-41/Record Node 102/analysis/recNames=block_008,Animal=PV_126/lizMov.mat"
PV_126_008_1681159_L,PV_126,008,PV_126_block_008,1681158.95,1681241.25,5.5070988470043485,154.7823808420792,L,binocular,2,0,0,0,False,False,False,none,,,,,False,False,,,5.7687245706716626,1.0475069961400145,"/Volumes/Data-1/Nimrod/experiments/PV_126/2024_07_18/block_008/oe_files/PV126_Trial16_wake4_2024-07-18_13-24-41/Record Node 102/analysis/recNames=block_008,Animal=PV_126/lizMov.mat"
PV_126_008_1951783_R,PV_126,008,PV_126_block_008,1951782.75,1951864.5,5.962941318777304,337.7495814066141,R,binocular,2,2,1,1,True,True,True,same,R,65.60000000009313,5.1576135651486785,61.08153996130375,True,False,,,9.047567100556817,1.5172993690321965,"/Volumes/Data-1/Nimrod/experiments/PV_126/2024_07_18/block_008/oe_files/PV126_Trial16_wake4_2024-07-18_13-24-41/Record Node 102/analysis/recNames=block_008,Animal=PV_126/lizMov.mat"
PV_126_008_2039094_R,PV_126,008,PV_126_block_008,2039093.85,2039192.3,5.55169140776223,342.2680215342615,R,binocular,2,2,1,1,True,True,True,reverse,L,48.949999999953434,6.0888021389288935,99.10483466349177,False,False,,,7.868758920397351,1.4173624473066817,"/Volumes/Data-1/Nimrod/experiments/PV_126/2024_07_18/block_008/oe_files/PV126_Trial16_wake4_2024-07-18_13-24-41/Record Node 102/analysis/recNames=block_008,Animal=PV_126/lizMov.mat"
PV_126_008_2041392_R,PV_126,008,PV_126_block_008,2041391.5,2041489.95,8.700362884376508,359.33059871692825,R,binocular,2,0,0,0,False,False,False,none,,,,,False,False,,,8.929386907960529,1.0263235024363508,"/Volumes/Data-1/Nimrod/experiments/PV_126/2024_07_18/block_008/oe_files/PV126_Trial16_wake4_2024-07-18_13-24-41/Record Node 102/analysis/recNames=block_008,Animal=PV_126/lizMov.mat"
PV_126_008_2073649_L,PV_126,008,PV_126_block_008,2073648.75,2073730.5,7.364529932268492,230.0588061977513,L,binocular,2,0,0,0,False,False,False,none,,,,,False,False,,,8.552752685071951,1.1613440048083898,"/Volumes/Data-1/Nimrod/experiments/PV_126/2024_07_18/block_008/oe_files/PV126_Trial16_wake4_2024-07-18_13-24-41/Record Node 102/analysis/recNames=block_008,Animal=PV_126/lizMov.mat"
PV_126_008_3100102_R,PV_126,008,PV_126_block_008,3100101.5,3100150.5,6.279922349683777,22.5036240598174,R,binocular,2,0,0,0,False,False,False,none,,,,,False,False,,,4.535545931457835,0.7222296198751917,"/Volumes/Data-1/Nimrod/experiments/PV_126/2024_07_18/block_008/oe_files/PV126_Trial16_wake4_2024-07-18_13-24-41/Record Node 102/analysis/recNames=block_008,Animal=PV_126/lizMov.mat"
PV_126_008_3111786_R,PV_126,008,PV_126_block_008,3111786.45,3111835.45,15.283387283499426,221.81071201146818,R,binocular,2,3,2,1,True,True,True,same,L,32.799999999813735,1.2711250352381793,68.84840561806334,True,False,,,8.306640457525535,0.5435078169152807,"/Volumes/Data-1/Nimrod/experiments/PV_126/2024_07_18/block_008/oe_files/PV126_Trial16_wake4_2024-07-18_13-24-41/Record Node 102/analysis/recNames=block_008,Animal=PV_126/lizMov.mat"
PV_126_008_3111819_R,PV_126,008,PV_126_block_008,3111819.25,3111933.9,12.32348111254143,101.73667613968516,R,binocular,2,1,1,0,True,False,False,same,L,16.200000000186265,4.67944024275168,49.64269675927133,True,False,,,12.902239727170018,1.0469638902630845,"/Volumes/Data-1/Nimrod/experiments/PV_126/2024_07_18/block_008/oe_files/PV126_Trial16_wake4_2024-07-18_13-24-41/Record Node 102/analysis/recNames=block_008,Animal=PV_126/lizMov.mat"
PV_126_008_3214586_R,PV_126,008,PV_126_block_008,3214585.65,3214667.95,6.189687064355457,4.006947794785669,R,binocular,2,0,0,0,False,False,False,none,,,,,False,False,,,6.949428132295344,1.122743049857077,"/Volumes/Data-1/Nimrod/experiments/PV_126/2024_07_18/block_008/oe_files/PV126_Trial16_wake4_2024-07-18_13-24-41/Record Node 102/analysis/recNames=block_008,Animal=PV_126/lizMov.mat"
PV_126_008_3222466_R,PV_126,008,PV_126_block_008,3222465.6,3222547.95,17.965619147775,168.87374024191882,R,binocular,2,2,0,2,True,True,False,reverse,R,65.6999999997206,7.060289971172705,158.93785808105818,True,False,,,11.389811340833926,0.6339782251392392,"/Volumes/Data-1/Nimrod/experiments/PV_126/2024_07_18/block_008/oe_files/PV126_Trial16_wake4_2024-07-18_13-24-41/Record Node 102/analysis/recNames=block_008,Animal=PV_126/lizMov.mat"
PV_126_008_3234271_R,PV_126,008,PV_126_block_008,3234271.4,3234386.1,15.86194036947088,65.54647591658751,R,binocular,2,1,1,0,True,False,False,same,L,16.200000000186265,5.2682525446587665,42.18176052197009,True,False,,,16.31425182259198,1.0285155184413413,"/Volumes/Data-1/Nimrod/experiments/PV_126/2024_07_18/block_008/oe_files/PV126_Trial16_wake4_2024-07-18_13-24-41/Record Node 102/analysis/recNames=block_008,Animal=PV_126/lizMov.mat"
PV_126_008_3273776_R,PV_126,008,PV_126_block_008,3273776.25,3273940.35,7.6450338801066255,264.1908276946771,R,binocular,2,2,2,0,True,True,False,same,L,32.799999999813735,1.1949075318176736,22.54478425283918,True,False,,,8.153440322697932,1.066501529040211,"/Volumes/Data-1/Nimrod/experiments/PV_126/2024_07_18/block_008/oe_files/PV126_Trial16_wake4_2024-07-18_13-24-41/Record Node 102/analysis/recNames=block_008,Animal=PV_126/lizMov.mat"
PV_126_008_3276961_R,PV_126,008,PV_126_block_008,3276961.05,3277042.9,16.634117729100353,40.20262758041143,R,binocular,2,0,0,0,False,False,False,none,,,,,False,False,,,17.565552866100397,1.055995463791299,"/Volumes/Data-1/Nimrod/experiments/PV_126/2024_07_18/block_008/oe_files/PV126_Trial16_wake4_2024-07-18_13-24-41/Record Node 102/analysis/recNames=block_008,Animal=PV_126/lizMov.mat"
PV_126_008_3282001_R,PV_126,008,PV_126_block_008,3282001.3,3282050.8,9.455693483347774,172.46432042035096,R,binocular,2,10,4,6,True,True,True,reverse,L,16.65000000037253,4.513687785082221,128.3345703770011,True,False,,,8.667241056139497,0.9166161182575552,"/Volumes/Data-1/Nimrod/experiments/PV_126/2024_07_18/block_008/oe_files/PV126_Trial16_wake4_2024-07-18_13-24-41/Record Node 102/analysis/recNames=block_008,Animal=PV_126/lizMov.mat"
PV_126_008_3282051_R,PV_126,008,PV_126_block_008,3282050.8,3282132.65,11.589850204491608,323.4174023821839,R,binocular,2,7,4,3,True,True,True,reverse,L,65.70000000018626,2.7993579892305016,113.06404824675602,True,False,,,13.175919903487937,1.1368498877044722,"/Volumes/Data-1/Nimrod/experiments/PV_126/2024_07_18/block_008/oe_files/PV126_Trial16_wake4_2024-07-18_13-24-41/Record Node 102/analysis/recNames=block_008,Animal=PV_126/lizMov.mat"
PV_126_008_3284398_L,PV_126,008,PV_126_block_008,3284398.3,3284447.75,11.576525308469602,157.30483392124424,L,binocular,2,2,0,2,True,True,False,reverse,R,32.8000000002794,9.628106933383814,146.56552307504236,True,False,,,7.994027970198778,0.690537769942955,"/Volumes/Data-1/Nimrod/experiments/PV_126/2024_07_18/block_008/oe_files/PV126_Trial16_wake4_2024-07-18_13-24-41/Record Node 102/analysis/recNames=block_008,Animal=PV_126/lizMov.mat"
PV_126_008_3284431_R,PV_126,008,PV_126_block_008,3284431.1,3284529.65,9.628106933383814,10.739310846201871,R,binocular,2,0,0,0,False,False,False,none,,,,,False,False,,,11.004463230006232,1.14295191216148,"/Volumes/Data-1/Nimrod/experiments/PV_126/2024_07_18/block_008/oe_files/PV126_Trial16_wake4_2024-07-18_13-24-41/Record Node 102/analysis/recNames=block_008,Animal=PV_126/lizMov.mat"
PV_126_008_3304510_R,PV_126,008,PV_126_block_008,3304510.3,3304543.15,6.82820131873928,241.7695266826767,R,binocular,2,4,0,2,True,True,False,reverse,L,32.85000000009313,1.0906693827676315,173.23827104798409,True,False,,,-1.5961462803270419,-0.23375794090115448,"/Volumes/Data-1/Nimrod/experiments/PV_126/2024_07_18/block_008/oe_files/PV126_Trial16_wake4_2024-07-18_13-24-41/Record Node 102/analysis/recNames=block_008,Animal=PV_126/lizMov.mat"
PV_126_008_3333309_L,PV_126,008,PV_126_block_008,3333308.8,3333407.3,8.29351291082441,2.8653415938619857,L,binocular,2,1,0,1,True,False,False,reverse,L,49.0500000002794,4.519080905565063,150.85100637395635,True,False,,,2.638094938026652,0.31809137652435565,"/Volumes/Data-1/Nimrod/experiments/PV_126/2024_07_18/block_008/oe_files/PV126_Trial16_wake4_2024-07-18_13-24-41/Record Node 102/analysis/recNames=block_008,Animal=PV_126/lizMov.mat"
PV_126_008_265843_L,PV_126,008,PV_126_block_008,265842.8,265875.6,11.55920340233257,318.9595189142163,L,monocular,1,2,1,1,True,True,True,reverse,L,32.79999999998836,11.241435177367734,163.80799394697038,True,False,,,-0.49673369576848403,-0.04297300414907886,"/Volumes/Data-1/Nimrod/experiments/PV_126/2024_07_18/block_008/oe_files/PV126_Trial16_wake4_2024-07-18_13-24-41/Record Node 102/analysis/recNames=block_008,Animal=PV_126/lizMov.mat"
PV_126_008_392114_L,PV_126,008,PV_126_block_008,392113.75,392129.95,10.217290731071609,180.75504392907908,L,monocular,1,1,0,1,True,False,False,reverse,L,16.20000000001164,0.5434389113059022,102.44108209319543,True,False,,,9.548812814307277,0.9345738577516018,"/Volumes/Data-1/Nimrod/experiments/PV_126/2024_07_18/block_008/oe_files/PV126_Trial16_wake4_2024-07-18_13-24-41/Record Node 102/analysis/recNames=block_008,Animal=PV_126/lizMov.mat"
PV_126_008_703915_L,PV_126,008,PV_126_block_008,703914.8,703980.45,10.62151473691071,98.41832580062712,L,monocular,1,0,0,0,False,False,False,none,,,,,False,True,703920.0,5.199999999953434,9.652477826777115,0.9087665992905791,"/Volumes/Data-1/Nimrod/experiments/PV_126/2024_07_18/block_008/oe_files/PV126_Trial16_wake4_2024-07-18_13-24-41/Record Node 102/analysis/recNames=block_008,Animal=PV_126/lizMov.mat"
PV_126_008_1034442_L,PV_126,008,PV_126_block_008,1034441.9,1034589.35,17.72937235048445,262.55055977213664,L,monocular,1,0,0,0,False,False,False,none,,,,,False,False,,,18.359775947311096,1.0355570171557382,"/Volumes/Data-1/Nimrod/experiments/PV_126/2024_07_18/block_008/oe_files/PV126_Trial16_wake4_2024-07-18_13-24-41/Record Node 102/analysis/recNames=block_008,Animal=PV_126/lizMov.mat"
PV_126_008_1177650_L,PV_126,008,PV_126_block_008,1177650.25,1177765.4,18.293543864325084,260.08349893816387,L,monocular,1,2,0,2,True,True,False,reverse,R,49.449999999953434,4.981521501644432,141.02339399135013,True,False,,,17.309818293602664,0.9462255330067117,"/Volumes/Data-1/Nimrod/experiments/PV_126/2024_07_18/block_008/oe_files/PV126_Trial16_wake4_2024-07-18_13-24-41/Record Node 102/analysis/recNames=block_008,Animal=PV_126/lizMov.mat"
PV_126_008_1244700_L,PV_126,008,PV_126_block_008,1244700.15,1244749.1,15.389907709450187,292.33960124408856,L,monocular,1,2,0,2,True,True,False,reverse,L,48.950000000186265,0.6990122054918095,171.67461790283267,True,True,1244708.0,7.850000000093132,11.64735257905861,0.756817571550903,"/Volumes/Data-1/Nimrod/experiments/PV_126/2024_07_18/block_008/oe_files/PV126_Trial16_wake4_2024-07-18_13-24-41/Record Node 102/analysis/recNames=block_008,Animal=PV_126/lizMov.mat"
PV_126_008_1302670_L,PV_126,008,PV_126_block_008,1302669.75,1302718.75,8.12393629548448,329.10367158238785,L,monocular,1,3,1,2,True,True,True,same,L,49.0,0.7674469885255472,19.77244582778087,True,True,1302696.0,26.25,5.251560597628079,0.6464305487657565,"/Volumes/Data-1/Nimrod/experiments/PV_126/2024_07_18/block_008/oe_files/PV126_Trial16_wake4_2024-07-18_13-24-41/Record Node 102/analysis/recNames=block_008,Animal=PV_126/lizMov.mat"
PV_126_008_1656838_L,PV_126,008,PV_126_block_008,1656837.5,1656935.95,10.805874661812336,314.94491481150527,L,monocular,1,4,2,1,True,True,True,same,R,98.44999999995343,19.135684330101423,10.672854929170285,False,False,,,1.7333638864051766,0.1604094014278027,"/Volumes/Data-1/Nimrod/experiments/PV_126/2024_07_18/block_008/oe_files/PV126_Trial16_wake4_2024-07-18_13-24-41/Record Node 102/analysis/recNames=block_008,Animal=PV_126/lizMov.mat"
PV_126_008_1662598_L,PV_126,008,PV_126_block_008,1662597.85,1662663.55,5.723668117820037,274.58499675417426,L,monocular,1,7,4,3,True,True,True,same,R,49.049999999813735,1.9091440963272825,69.18008997347948,True,False,,,-12.352330885520738,-2.1581144523497193,"/Volumes/Data-1/Nimrod/experiments/PV_126/2024_07_18/block_008/oe_files/PV126_Trial16_wake4_2024-07-18_13-24-41/Record Node 102/analysis/recNames=block_008,Animal=PV_126/lizMov.mat"
PV_126_008_1681126_L,PV_126,008,PV_126_block_008,1681126.1,1681158.95,5.943645217694598,313.9158931903821,L,monocular,1,2,1,1,True,True,True,reverse,L,32.8499999998603,5.5070988470043485,159.13351234830293,True,False,,,0.5864069049363887,0.09866115547923675,"/Volumes/Data-1/Nimrod/experiments/PV_126/2024_07_18/block_008/oe_files/PV126_Trial16_wake4_2024-07-18_13-24-41/Record Node 102/analysis/recNames=block_008,Animal=PV_126/lizMov.mat"
PV_126_008_2021206_L,PV_126,008,PV_126_block_008,2021205.8,2021287.6,7.016994571362847,90.07027741482638,L,monocular,1,0,0,0,False,False,False,none,,,,,False,False,,,7.5626281593954765,1.077758872760059,"/Volumes/Data-1/Nimrod/experiments/PV_126/2024_07_18/block_008/oe_files/PV126_Trial16_wake4_2024-07-18_13-24-41/Record Node 102/analysis/recNames=block_008,Animal=PV_126/lizMov.mat"
PV_126_008_2039143_L,PV_126,008,PV_126_block_008,2039142.8,2039192.3,6.0888021389288935,81.37285619775326,L,monocular,1,2,2,0,True,True,False,same,L,196.94999999995343,0.9868190972516846,36.97860506492276,True,False,,,5.691886180931383,0.9348121438435617,"/Volumes/Data-1/Nimrod/experiments/PV_126/2024_07_18/block_008/oe_files/PV126_Trial16_wake4_2024-07-18_13-24-41/Record Node 102/analysis/recNames=block_008,Animal=PV_126/lizMov.mat"
PV_126_008_2077849_L,PV_126,008,PV_126_block_008,2077849.45,2077947.9,29.39947229603594,68.04200771030929,L,monocular,1,2,1,0,True,True,False,same,L,114.60000000009313,2.011510922851655,25.13421538061698,True,False,,,29.262582911369286,0.9953438149063271,"/Volumes/Data-1/Nimrod/experiments/PV_126/2024_07_18/block_008/oe_files/PV126_Trial16_wake4_2024-07-18_13-24-41/Record Node 102/analysis/recNames=block_008,Animal=PV_126/lizMov.mat"
PV_126_008_2078424_L,PV_126,008,PV_126_block_008,2078423.55,2078554.8,53.590201785527746,71.4087465831299,L,monocular,1,2,1,1,True,True,True,reverse,R,82.30000000004657,4.110845032516538,111.29359352038466,True,False,,,53.59431736200748,1.0000767971819962,"/Volumes/Data-1/Nimrod/experiments/PV_126/2024_07_18/block_008/oe_files/PV126_Trial16_wake4_2024-07-18_13-24-41/Record Node 102/analysis/recNames=block_008,Animal=PV_126/lizMov.mat"
PV_126_008_2902614_L,PV_126,008,PV_126_block_008,2902613.95,2902646.8,16.539828381958923,166.09430424417172,L,monocular,1,2,2,0,True,True,False,same,L,131.34999999962747,16.36530236799169,1.3731523721256167,True,False,,,16.6629879976939,1.0074462450813162,"/Volumes/Data-1/Nimrod/experiments/PV_126/2024_07_18/block_008/oe_files/PV126_Trial16_wake4_2024-07-18_13-24-41/Record Node 102/analysis/recNames=block_008,Animal=PV_126/lizMov.mat"
PV_126_008_2902745_L,PV_126,008,PV_126_block_008,2902745.3,2902778.1,16.36530236799169,164.7211518720461,L,monocular,1,1,1,0,True,False,False,same,L,49.0,16.702769711999817,1.0777997755270121,False,False,,,16.233514326523174,0.9919471062309075,"/Volumes/Data-1/Nimrod/experiments/PV_126/2024_07_18/block_008/oe_files/PV126_Trial16_wake4_2024-07-18_13-24-41/Record Node 102/analysis/recNames=block_008,Animal=PV_126/lizMov.mat"
PV_126_008_2902794_L,PV_126,008,PV_126_block_008,2902794.3,2902827.1,16.702769711999817,163.6433520965191,L,monocular,1,0,0,0,False,False,False,none,,,,,False,False,,,16.986041682870976,1.0169595807016154,"/Volumes/Data-1/Nimrod/experiments/PV_126/2024_07_18/block_008/oe_files/PV126_Trial16_wake4_2024-07-18_13-24-41/Record Node 102/analysis/recNames=block_008,Animal=PV_126/lizMov.mat"
PV_126_008_3273858_L,PV_126,008,PV_126_block_008,3273858.05,3273923.7,7.313763368620662,188.73115290074063,L,monocular,1,0,0,0,False,False,False,none,,,,,False,False,,,8.4739082807123,1.1586248903087544,"/Volumes/Data-1/Nimrod/experiments/PV_126/2024_07_18/block_008/oe_files/PV126_Trial16_wake4_2024-07-18_13-24-41/Record Node 102/analysis/recNames=block_008,Animal=PV_126/lizMov.mat"
PV_126_008_3282034_L,PV_126,008,PV_126_block_008,3282034.15,3282050.8,9.062008095396926,187.54616340593006,L,monocular,1,9,3,6,True,True,True,reverse,L,16.649999999906868,9.96585410816796,165.10469811171072,False,False,,,3.3102403897664847,0.36528773257749914,"/Volumes/Data-1/Nimrod/experiments/PV_126/2024_07_18/block_008/oe_files/PV126_Trial16_wake4_2024-07-18_13-24-41/Record Node 102/analysis/recNames=block_008,Animal=PV_126/lizMov.mat"
PV_126_008_3293609_L,PV_126,008,PV_126_block_008,3293608.8,3293641.65,6.772977091555089,323.1920748782062,L,monocular,1,3,0,3,True,True,False,reverse,L,32.85000000009313,1.359854714500389,122.02900605495171,True,False,,,1.5341615392248393,0.22651214059733263,"/Volumes/Data-1/Nimrod/experiments/PV_126/2024_07_18/block_008/oe_files/PV126_Trial16_wake4_2024-07-18_13-24-41/Record Node 102/analysis/recNames=block_008,Animal=PV_126/lizMov.mat"
PV_126_008_636760_R,PV_126,008,PV_126_block_008,636759.85,636875.0,14.622245483032405,262.75836979988077,R,monocular,1,0,0,0,False,False,False,none,,,,,False,False,,,15.440415825342278,1.0559538097797136,"/Volumes/Data-1/Nimrod/experiments/PV_126/2024_07_18/block_008/oe_files/PV126_Trial16_wake4_2024-07-18_13-24-41/Record Node 102/analysis/recNames=block_008,Animal=PV_126/lizMov.mat"
PV_126_008_677737_R,PV_126,008,PV_126_block_008,677737.35,677884.85,24.094097402844465,255.66049871031078,R,monocular,1,0,0,0,False,False,False,none,,,,,False,False,,,24.47956265802063,1.015998327255482,"/Volumes/Data-1/Nimrod/experiments/PV_126/2024_07_18/block_008/oe_files/PV126_Trial16_wake4_2024-07-18_13-24-41/Record Node 102/analysis/recNames=block_008,Animal=PV_126/lizMov.mat"
PV_126_008_917914_R,PV_126,008,PV_126_block_008,917913.5,918012.0,11.121062352596649,282.32033100939265,R,monocular,1,0,0,0,False,False,False,none,,,,,False,False,,,11.159603773737768,1.0034656240491377,"/Volumes/Data-1/Nimrod/experiments/PV_126/2024_07_18/block_008/oe_files/PV126_Trial16_wake4_2024-07-18_13-24-41/Record Node 102/analysis/recNames=block_008,Animal=PV_126/lizMov.mat"
PV_126_008_1510998_R,PV_126,008,PV_126_block_008,1510998.1,1511063.75,12.774982724895501,147.73055700984753,R,monocular,1,0,0,0,False,False,False,none,,,,,False,False,,,12.890937984652695,1.0090767449361182,"/Volumes/Data-1/Nimrod/experiments/PV_126/2024_07_18/block_008/oe_files/PV126_Trial16_wake4_2024-07-18_13-24-41/Record Node 102/analysis/recNames=block_008,Animal=PV_126/lizMov.mat"
PV_126_008_1657100_R,PV_126,008,PV_126_block_008,1657100.05,1657165.65,8.828947803410953,223.38836319588586,R,monocular,1,2,0,2,True,True,False,reverse,R,82.25,1.4941556907115454,129.9832977930319,True,False,,,5.503169170175962,0.6233097411732214,"/Volumes/Data-1/Nimrod/experiments/PV_126/2024_07_18/block_008/oe_files/PV126_Trial16_wake4_2024-07-18_13-24-41/Record Node 102/analysis/recNames=block_008,Animal=PV_126/lizMov.mat"
PV_126_008_1662729_R,PV_126,008,PV_126_block_008,1662729.2,1662778.15,5.87191591548537,37.408736791372256,R,monocular,1,3,2,1,True,True,True,reverse,R,48.949999999953434,4.22191927002325,121.46359593072361,True,False,,,6.085914350353277,1.036444397015896,"/Volumes/Data-1/Nimrod/experiments/PV_126/2024_07_18/block_008/oe_files/PV126_Trial16_wake4_2024-07-18_13-24-41/Record Node 102/analysis/recNames=block_008,Animal=PV_126/lizMov.mat"
PV_126_008_1780992_R,PV_126,008,PV_126_block_008,1780992.15,1781073.95,7.064707121091262,67.96757560569637,R,monocular,1,0,0,0,False,False,False,none,,,,,False,False,,,7.3755263981262935,1.0439960598093443,"/Volumes/Data-1/Nimrod/experiments/PV_126/2024_07_18/block_008/oe_files/PV126_Trial16_wake4_2024-07-18_13-24-41/Record Node 102/analysis/recNames=block_008,Animal=PV_126/lizMov.mat"
PV_126_008_1965372_R,PV_126,008,PV_126_block_008,1965372.1,1965437.8,6.872654491317735,154.7690198877092,R,monocular,1,0,0,0,False,False,False,none,,,,,False,False,,,7.235293266999816,1.0527654600038754,"/Volumes/Data-1/Nimrod/experiments/PV_126/2024_07_18/block_008/oe_files/PV126_Trial16_wake4_2024-07-18_13-24-41/Record Node 102/analysis/recNames=block_008,Animal=PV_126/lizMov.mat"
PV_126_008_1967276_R,PV_126,008,PV_126_block_008,1967275.85,1967390.5,10.254601499927444,261.31938523458433,R,monocular,1,1,1,0,True,False,False,same,R,213.0999999998603,4.76265811263267,19.35437043157316,True,False,,,16.576878386048435,1.6165307239063091,"/Volumes/Data-1/Nimrod/experiments/PV_126/2024_07_18/block_008/oe_files/PV126_Trial16_wake4_2024-07-18_13-24-41/Record Node 102/analysis/recNames=block_008,Animal=PV_126/lizMov.mat"
PV_126_008_1967965_R,PV_126,008,PV_126_block_008,1967965.15,1968030.8,7.150182119266969,324.300561255773,R,monocular,1,0,0,0,False,False,False,none,,,,,False,False,,,7.201402812829251,1.0071635509009291,"/Volumes/Data-1/Nimrod/experiments/PV_126/2024_07_18/block_008/oe_files/PV126_Trial16_wake4_2024-07-18_13-24-41/Record Node 102/analysis/recNames=block_008,Animal=PV_126/lizMov.mat"
PV_126_008_1980126_R,PV_126,008,PV_126_block_008,1980126.4,1980208.7,17.075237744100072,76.1479985213188,R,monocular,1,0,0,0,False,False,False,none,,,,,False,False,,,15.374346982053108,0.9003884579800557,"/Volumes/Data-1/Nimrod/experiments/PV_126/2024_07_18/block_008/oe_files/PV126_Trial16_wake4_2024-07-18_13-24-41/Record Node 102/analysis/recNames=block_008,Animal=PV_126/lizMov.mat"
PV_126_008_1982096_R,PV_126,008,PV_126_block_008,1982095.9,1982161.55,7.907920590641437,193.77371675898033,R,monocular,1,0,0,0,False,False,False,none,,,,,False,False,,,8.273199120183918,1.046191476679061,"/Volumes/Data-1/Nimrod/experiments/PV_126/2024_07_18/block_008/oe_files/PV126_Trial16_wake4_2024-07-18_13-24-41/Record Node 102/analysis/recNames=block_008,Animal=PV_126/lizMov.mat"
PV_126_008_1984558_R,PV_126,008,PV_126_block_008,1984557.55,1984688.85,7.369300927698934,272.52982084847105,R,monocular,1,0,0,0,False,False,False,none,,,,,False,False,,,10.061410566658633,1.3653141139671592,"/Volumes/Data-1/Nimrod/experiments/PV_126/2024_07_18/block_008/oe_files/PV126_Trial16_wake4_2024-07-18_13-24-41/Record Node 102/analysis/recNames=block_008,Animal=PV_126/lizMov.mat"
PV_126_008_2075568_R,PV_126,008,PV_126_block_008,2075568.3,2075683.4,7.43460396069847,305.2018172955846,R,monocular,1,2,0,2,True,True,False,reverse,L,65.64999999990687,1.5321565327961555,117.64993143663139,True,False,,,4.263420243174729,0.5734562682440703,"/Volumes/Data-1/Nimrod/experiments/PV_126/2024_07_18/block_008/oe_files/PV126_Trial16_wake4_2024-07-18_13-24-41/Record Node 102/analysis/recNames=block_008,Animal=PV_126/lizMov.mat"
PV_126_008_2076257_R,PV_126,008,PV_126_block_008,2076257.45,2076290.3,7.488165581315328,43.40701922377033,R,monocular,1,2,1,1,True,True,True,reverse,R,32.85000000009313,2.692559257102731,161.8011100735082,True,False,,,8.520322324132545,1.1378383973496369,"/Volumes/Data-1/Nimrod/experiments/PV_126/2024_07_18/block_008/oe_files/PV126_Trial16_wake4_2024-07-18_13-24-41/Record Node 102/analysis/recNames=block_008,Animal=PV_126/lizMov.mat"
PV_126_008_2076570_R,PV_126,008,PV_126_block_008,2076569.5,2076585.7,6.8745466127688495,210.93070481631077,R,monocular,1,2,0,2,True,True,False,reverse,R,49.0,2.9835038657991952,121.82620333381152,True,False,,,5.256897659823908,0.7646900888066851,"/Volumes/Data-1/Nimrod/experiments/PV_126/2024_07_18/block_008/oe_files/PV126_Trial16_wake4_2024-07-18_13-24-41/Record Node 102/analysis/recNames=block_008,Animal=PV_126/lizMov.mat"
PV_126_008_2076914_R,PV_126,008,PV_126_block_008,2076913.9,2076979.55,6.256389852921121,167.23707299647796,R,monocular,1,0,0,0,False,False,False,none,,,,,False,False,,,5.574893638602792,0.891071971162389,"/Volumes/Data-1/Nimrod/experiments/PV_126/2024_07_18/block_008/oe_files/PV126_Trial16_wake4_2024-07-18_13-24-41/Record Node 102/analysis/recNames=block_008,Animal=PV_126/lizMov.mat"
PV_126_008_2082099_R,PV_126,008,PV_126_block_008,2082099.15,2082148.65,9.47618762518022,238.15403723507526,R,monocular,1,1,0,1,True,False,False,reverse,R,49.5,10.184870390967353,151.39302037214858,False,False,,,-0.577837464851148,-0.06097784126980691,"/Volumes/Data-1/Nimrod/experiments/PV_126/2024_07_18/block_008/oe_files/PV126_Trial16_wake4_2024-07-18_13-24-41/Record Node 102/analysis/recNames=block_008,Animal=PV_126/lizMov.mat"
PV_126_008_2082149_R,PV_126,008,PV_126_block_008,2082148.65,2082230.4,10.184870390967353,86.76101686292668,R,monocular,1,0,0,0,False,False,False,none,,,,,False,False,,,11.024427558881374,1.0824317969385844,"/Volumes/Data-1/Nimrod/experiments/PV_126/2024_07_18/block_008/oe_files/PV126_Trial16_wake4_2024-07-18_13-24-41/Record Node 102/analysis/recNames=block_008,Animal=PV_126/lizMov.mat"
PV_126_008_2662951_R,PV_126,008,PV_126_block_008,2662950.95,2663016.6,6.624317101466504,133.90984105606648,R,monocular,1,0,0,0,False,False,False,none,,,,,False,False,,,8.780889022952099,1.3255538478084283,"/Volumes/Data-1/Nimrod/experiments/PV_126/2024_07_18/block_008/oe_files/PV126_Trial16_wake4_2024-07-18_13-24-41/Record Node 102/analysis/recNames=block_008,Animal=PV_126/lizMov.mat"
PV_126_008_2798539_R,PV_126,008,PV_126_block_008,2798538.8,2798604.5,5.850920306290873,238.01079841172975,R,monocular,1,0,0,0,False,False,False,none,,,,,False,False,,,5.911817529657311,1.0104081443907142,"/Volumes/Data-1/Nimrod/experiments/PV_126/2024_07_18/block_008/oe_files/PV126_Trial16_wake4_2024-07-18_13-24-41/Record Node 102/analysis/recNames=block_008,Animal=PV_126/lizMov.mat"
PV_126_008_3071971_R,PV_126,008,PV_126_block_008,3071971.2,3072036.85,11.883135474903387,106.91396200785464,R,monocular,1,0,0,0,False,False,False,none,,,,,False,False,,,16.02849165545199,1.3488436355289728,"/Volumes/Data-1/Nimrod/experiments/PV_126/2024_07_18/block_008/oe_files/PV126_Trial16_wake4_2024-07-18_13-24-41/Record Node 102/analysis/recNames=block_008,Animal=PV_126/lizMov.mat"
PV_126_008_3222531_R,PV_126,008,PV_126_block_008,3222531.3,3222613.6,7.060289971172705,9.93588216086065,R,monocular,1,1,1,0,True,False,False,same,L,82.3000000002794,0.5259494972649544,70.95297100014034,True,False,,,6.992943196661863,0.9904611885934119,"/Volumes/Data-1/Nimrod/experiments/PV_126/2024_07_18/block_008/oe_files/PV126_Trial16_wake4_2024-07-18_13-24-41/Record Node 102/analysis/recNames=block_008,Animal=PV_126/lizMov.mat"
PV_126_008_3226537_R,PV_126,008,PV_126_block_008,3226537.45,3226619.8,5.801848471044063,305.2419363231609,R,monocular,1,0,0,0,False,False,False,none,,,,,False,False,,,6.3068890665430875,1.087048222307009,"/Volumes/Data-1/Nimrod/experiments/PV_126/2024_07_18/block_008/oe_files/PV126_Trial16_wake4_2024-07-18_13-24-41/Record Node 102/analysis/recNames=block_008,Animal=PV_126/lizMov.mat"
PV_126_008_3234222_R,PV_126,008,PV_126_block_008,3234221.9,3234271.4,14.092578161467506,241.64300819233227,R,monocular,1,3,1,2,True,True,True,same,L,49.5,4.123111041445868,69.1439782042064,True,False,,,-2.073047867508052,-0.1471021018124464,"/Volumes/Data-1/Nimrod/experiments/PV_126/2024_07_18/block_008/oe_files/PV126_Trial16_wake4_2024-07-18_13-24-41/Record Node 102/analysis/recNames=block_008,Animal=PV_126/lizMov.mat"
PV_126_008_3276912_R,PV_126,008,PV_126_block_008,3276911.6,3276961.05,11.64556864489643,224.30057897176823,R,monocular,1,2,0,2,True,True,False,reverse,L,49.4499999997206,0.7194900117148664,123.86649257198604,True,False,,,-5.8235197329517625,-0.5000631493854849,"/Volumes/Data-1/Nimrod/experiments/PV_126/2024_07_18/block_008/oe_files/PV126_Trial16_wake4_2024-07-18_13-24-41/Record Node 102/analysis/recNames=block_008,Animal=PV_126/lizMov.mat"
PV_126_008_3333243_R,PV_126,008,PV_126_block_008,3333243.15,3333308.8,11.826750967258764,250.6930841853791,R,monocular,1,3,1,2,True,True,True,reverse,L,65.64999999990687,8.29351291082441,112.17225740848289,True,False,,,-0.810218053823711,-0.06850723889145233,"/Volumes/Data-1/Nimrod/experiments/PV_126/2024_07_18/block_008/oe_files/PV126_Trial16_wake4_2024-07-18_13-24-41/Record Node 102/analysis/recNames=block_008,Animal=PV_126/lizMov.mat"
PV_126_008_3350465_R,PV_126,008,PV_126_block_008,3350464.6,3350563.1,7.8775696549343905,290.00765960457886,R,monocular,1,0,0,0,False,False,False,none,,,,,False,False,,,8.272588616249362,1.0501447754343292,"/Volumes/Data-1/Nimrod/experiments/PV_126/2024_07_18/block_008/oe_files/PV126_Trial16_wake4_2024-07-18_13-24-41/Record Node 102/analysis/recNames=block_008,Animal=PV_126/lizMov.mat"
PV_126_009_46992_L,PV_126,009,PV_126_block_009,46992.1,47057.75,6.742801362762332,239.7906641583591,L,binocular,2,7,3,4,True,True,True,reverse,L,65.65000000000146,2.821483142980579,121.02971915359205,True,False,,,10.073261160086853,1.4939282084916894,"/Volumes/Data-1/Nimrod/experiments/PV_126/2024_07_18/block_009/oe_files/PV126_Trial18_wake5_2024-07-18_14-39-15/Record Node 102/analysis/recNames=block_009,Animal=PV_126/lizMov.mat"
PV_126_009_47091_R,PV_126,009,PV_126_block_009,47090.6,47189.05,9.219307412647655,173.90161370424855,R,binocular,2,5,3,2,True,True,True,reverse,L,98.45000000000437,9.076025944953702,164.5208028784292,True,False,,,8.398455371071094,0.9109638061910744,"/Volumes/Data-1/Nimrod/experiments/PV_126/2024_07_18/block_009/oe_files/PV126_Trial18_wake5_2024-07-18_14-39-15/Record Node 102/analysis/recNames=block_009,Animal=PV_126/lizMov.mat"
PV_126_009_47189_L,PV_126,009,PV_126_block_009,47189.05,47238.05,9.076025944953702,338.4224165826777,L,binocular,2,4,1,3,True,True,True,reverse,L,49.0,6.26764814658953,179.52434514955615,True,False,,,1.6467515204955152,0.1814397105608886,"/Volumes/Data-1/Nimrod/experiments/PV_126/2024_07_18/block_009/oe_files/PV126_Trial18_wake5_2024-07-18_14-39-15/Record Node 102/analysis/recNames=block_009,Animal=PV_126/lizMov.mat"
PV_126_009_47238_L,PV_126,009,PV_126_block_009,47238.05,47336.55,6.26764814658953,158.89807143312157,L,binocular,2,2,1,1,True,True,True,same,R,82.34999999999854,0.6983385317360022,78.8120754417439,True,False,,,7.5348453121833305,1.2021806483000057,"/Volumes/Data-1/Nimrod/experiments/PV_126/2024_07_18/block_009/oe_files/PV126_Trial18_wake5_2024-07-18_14-39-15/Record Node 102/analysis/recNames=block_009,Animal=PV_126/lizMov.mat"
PV_126_009_60454_R,PV_126,009,PV_126_block_009,60454.3,60568.95,10.800032764009963,188.38496314876338,R,binocular,2,2,0,2,True,True,False,reverse,L,246.0,3.831956675558653,177.42373848322825,True,False,,,9.517789220201538,0.8812741061229579,"/Volumes/Data-1/Nimrod/experiments/PV_126/2024_07_18/block_009/oe_files/PV126_Trial18_wake5_2024-07-18_14-39-15/Record Node 102/analysis/recNames=block_009,Animal=PV_126/lizMov.mat"
PV_126_009_65970_L,PV_126,009,PV_126_block_009,65969.9,66035.55,17.634035824332308,66.21427944939349,L,binocular,2,2,1,1,True,True,True,same,R,65.65000000000873,0.6980784955241707,31.616369308661177,True,False,,,16.023565189897983,0.9086726005052049,"/Volumes/Data-1/Nimrod/experiments/PV_126/2024_07_18/block_009/oe_files/PV126_Trial18_wake5_2024-07-18_14-39-15/Record Node 102/analysis/recNames=block_009,Animal=PV_126/lizMov.mat"
PV_126_009_72207_R,PV_126,009,PV_126_block_009,72207.45,72273.1,8.851764749332013,237.2686929139793,R,binocular,2,1,0,1,True,False,False,reverse,R,65.65000000000873,4.819182845263373,168.19677981064063,True,False,,,1.1034685631006256,0.12466085513444056,"/Volumes/Data-1/Nimrod/experiments/PV_126/2024_07_18/block_009/oe_files/PV126_Trial18_wake5_2024-07-18_14-39-15/Record Node 102/analysis/recNames=block_009,Animal=PV_126/lizMov.mat"
PV_126_009_78657_L,PV_126,009,PV_126_block_009,78657.45,78723.05,7.165561414640153,345.7165377029341,L,binocular,2,1,1,0,True,False,False,same,R,65.60000000000582,1.4354898266194098,81.23755311748579,True,False,,,4.0204627988236545,0.5610813397829985,"/Volumes/Data-1/Nimrod/experiments/PV_126/2024_07_18/block_009/oe_files/PV126_Trial18_wake5_2024-07-18_14-39-15/Record Node 102/analysis/recNames=block_009,Animal=PV_126/lizMov.mat"
PV_126_009_82055_R,PV_126,009,PV_126_block_009,82055.3,82104.3,8.959826887619746,64.93305739626591,R,binocular,2,1,1,0,True,False,False,same,L,65.64999999999418,3.3411210688440884,73.75868474875824,True,False,,,6.415391533971814,0.7160173532857304,"/Volumes/Data-1/Nimrod/experiments/PV_126/2024_07_18/block_009/oe_files/PV126_Trial18_wake5_2024-07-18_14-39-15/Record Node 102/analysis/recNames=block_009,Animal=PV_126/lizMov.mat"
PV_126_009_84550_L,PV_126,009,PV_126_block_009,84550.4,84599.4,7.775015421929725,169.57093705080135,L,binocular,2,1,0,1,True,False,False,reverse,R,32.80000000000291,2.765459843705063,128.0139338351574,True,True,84592.0,41.60000000000582,6.595595738969328,0.8483064509899493,"/Volumes/Data-1/Nimrod/experiments/PV_126/2024_07_18/block_009/oe_files/PV126_Trial18_wake5_2024-07-18_14-39-15/Record Node 102/analysis/recNames=block_009,Animal=PV_126/lizMov.mat"
PV_126_009_88408_L,PV_126,009,PV_126_block_009,88407.75,88473.4,6.277261609919177,223.51104857774817,L,binocular,2,0,0,0,False,False,False,none,,,,,False,False,,,5.101717365227782,0.8127297669362978,"/Volumes/Data-1/Nimrod/experiments/PV_126/2024_07_18/block_009/oe_files/PV126_Trial18_wake5_2024-07-18_14-39-15/Record Node 102/analysis/recNames=block_009,Animal=PV_126/lizMov.mat"
PV_126_009_89770_L,PV_126,009,PV_126_block_009,89770.45,89819.45,8.214347049487857,196.2189640363774,L,binocular,2,7,1,6,True,True,True,reverse,R,81.85000000000582,1.319032450195926,143.41484273391904,True,True,89816.0,45.55000000000291,11.92022342983518,1.451146799376875,"/Volumes/Data-1/Nimrod/experiments/PV_126/2024_07_18/block_009/oe_files/PV126_Trial18_wake5_2024-07-18_14-39-15/Record Node 102/analysis/recNames=block_009,Animal=PV_126/lizMov.mat"
PV_126_009_89984_L,PV_126,009,PV_126_block_009,89983.65,90082.15,6.835731815472091,357.13955268013444,L,binocular,2,0,0,0,False,False,False,none,,,,,False,False,,,9.6938955230886,1.4181211002379146,"/Volumes/Data-1/Nimrod/experiments/PV_126/2024_07_18/block_009/oe_files/PV126_Trial18_wake5_2024-07-18_14-39-15/Record Node 102/analysis/recNames=block_009,Animal=PV_126/lizMov.mat"
PV_126_009_97928_L,PV_126,009,PV_126_block_009,97928.15,98010.45,10.331038924209695,265.2907780519922,L,binocular,2,0,0,0,False,False,False,none,,,,,False,False,,,8.27820238392742,0.801294278790135,"/Volumes/Data-1/Nimrod/experiments/PV_126/2024_07_18/block_009/oe_files/PV126_Trial18_wake5_2024-07-18_14-39-15/Record Node 102/analysis/recNames=block_009,Animal=PV_126/lizMov.mat"
PV_126_009_98536_R,PV_126,009,PV_126_block_009,98535.75,98601.45,8.915660288472008,330.1843218782249,R,binocular,2,2,1,1,True,True,True,same,R,81.89999999999418,3.0442791269306477,39.92382324919811,True,False,,,11.466553506572863,1.2861137745904443,"/Volumes/Data-1/Nimrod/experiments/PV_126/2024_07_18/block_009/oe_files/PV126_Trial18_wake5_2024-07-18_14-39-15/Record Node 102/analysis/recNames=block_009,Animal=PV_126/lizMov.mat"
PV_126_009_99357_L,PV_126,009,PV_126_block_009,99356.65,99405.7,14.742985620508733,7.833588536951317,L,binocular,2,4,0,4,True,True,False,reverse,R,32.85000000000582,0.7365717015052309,147.91489336034778,True,True,99396.0,39.35000000000582,9.68589589785246,0.6569833375119463,"/Volumes/Data-1/Nimrod/experiments/PV_126/2024_07_18/block_009/oe_files/PV126_Trial18_wake5_2024-07-18_14-39-15/Record Node 102/analysis/recNames=block_009,Animal=PV_126/lizMov.mat"
PV_126_009_99390_L,PV_126,009,PV_126_block_009,99389.5,99471.35,5.57668033497304,157.59747354786484,L,binocular,2,2,1,1,True,True,True,same,R,32.85000000000582,4.02123596022092,89.67837544295708,True,True,99396.0,6.5,2.6807887612402905,0.48071408081762507,"/Volumes/Data-1/Nimrod/experiments/PV_126/2024_07_18/block_009/oe_files/PV126_Trial18_wake5_2024-07-18_14-39-15/Record Node 102/analysis/recNames=block_009,Animal=PV_126/lizMov.mat"
PV_126_009_114196_R,PV_126,009,PV_126_block_009,114196.15,114261.85,7.354794077274491,141.92519722348197,R,binocular,2,0,0,0,False,False,False,none,,,,,False,False,,,6.742159732521451,0.9167027195708969,"/Volumes/Data-1/Nimrod/experiments/PV_126/2024_07_18/block_009/oe_files/PV126_Trial18_wake5_2024-07-18_14-39-15/Record Node 102/analysis/recNames=block_009,Animal=PV_126/lizMov.mat"
PV_126_009_118054_L,PV_126,009,PV_126_block_009,118054.1,118119.75,11.57628409183564,176.10051297605827,L,binocular,2,7,2,5,True,True,True,reverse,R,98.5,2.1906546180942286,164.2264377919526,True,False,,,10.721698912372496,0.9261779364877668,"/Volumes/Data-1/Nimrod/experiments/PV_126/2024_07_18/block_009/oe_files/PV126_Trial18_wake5_2024-07-18_14-39-15/Record Node 102/analysis/recNames=block_009,Animal=PV_126/lizMov.mat"
PV_126_009_118301_L,PV_126,009,PV_126_block_009,118300.6,118333.4,8.723967987248866,170.63633826655155,L,binocular,2,3,1,2,True,True,True,reverse,L,32.79999999998836,10.197218234879708,171.84304231717704,False,False,,,-2.5317254395865754,-0.2902034307424097,"/Volumes/Data-1/Nimrod/experiments/PV_126/2024_07_18/block_009/oe_files/PV126_Trial18_wake5_2024-07-18_14-39-15/Record Node 102/analysis/recNames=block_009,Animal=PV_126/lizMov.mat"
PV_126_009_118333_L,PV_126,009,PV_126_block_009,118333.4,118431.9,10.197218234879708,342.4793805837286,L,binocular,2,1,1,0,True,False,False,same,R,16.20000000001164,9.210638108650867,25.28495188679227,True,False,,,11.621831232289601,1.1397060418435478,"/Volumes/Data-1/Nimrod/experiments/PV_126/2024_07_18/block_009/oe_files/PV126_Trial18_wake5_2024-07-18_14-39-15/Record Node 102/analysis/recNames=block_009,Animal=PV_126/lizMov.mat"
PV_126_009_119039_L,PV_126,009,PV_126_block_009,119039.0,119071.85,8.5611806233017,357.38447657180535,L,binocular,2,2,0,2,True,True,False,reverse,L,32.85000000000582,9.058103886177916,177.46527458277154,False,True,119088.0,49.0,-0.9408040326020279,-0.10989185650882786,"/Volumes/Data-1/Nimrod/experiments/PV_126/2024_07_18/block_009/oe_files/PV126_Trial18_wake5_2024-07-18_14-39-15/Record Node 102/analysis/recNames=block_009,Animal=PV_126/lizMov.mat"
PV_126_009_119072_R,PV_126,009,PV_126_block_009,119071.85,119187.0,9.35050567475272,207.86762132028784,R,binocular,2,0,0,0,False,False,False,none,,,,,False,True,119088.0,16.14999999999418,11.59048466292944,1.2395569893321259,"/Volumes/Data-1/Nimrod/experiments/PV_126/2024_07_18/block_009/oe_files/PV126_Trial18_wake5_2024-07-18_14-39-15/Record Node 102/analysis/recNames=block_009,Animal=PV_126/lizMov.mat"
PV_126_009_145076_L,PV_126,009,PV_126_block_009,145076.4,145158.75,11.558144227880817,51.699527947214726,L,binocular,2,0,0,0,False,False,False,none,,,,,False,False,,,8.814831947479423,0.7626511465582931,"/Volumes/Data-1/Nimrod/experiments/PV_126/2024_07_18/block_009/oe_files/PV126_Trial18_wake5_2024-07-18_14-39-15/Record Node 102/analysis/recNames=block_009,Animal=PV_126/lizMov.mat"
PV_126_009_148426_R,PV_126,009,PV_126_block_009,148425.9,148541.05,24.082005948392762,103.62547536137235,R,binocular,2,3,2,1,True,True,True,same,L,49.5,0.5175913950026938,86.98036201974702,True,False,,,21.30301429967526,0.8846029830458134,"/Volumes/Data-1/Nimrod/experiments/PV_126/2024_07_18/block_009/oe_files/PV126_Trial18_wake5_2024-07-18_14-39-15/Record Node 102/analysis/recNames=block_009,Animal=PV_126/lizMov.mat"
PV_126_009_152186_R,PV_126,009,PV_126_block_009,152185.85,152284.35,13.140952360574833,344.38269584783035,R,binocular,2,5,2,3,True,True,True,reverse,L,81.85000000000582,1.3649251509288658,176.00773545856043,True,False,,,10.004725290000172,0.7613394383816584,"/Volumes/Data-1/Nimrod/experiments/PV_126/2024_07_18/block_009/oe_files/PV126_Trial18_wake5_2024-07-18_14-39-15/Record Node 102/analysis/recNames=block_009,Animal=PV_126/lizMov.mat"
PV_126_009_152333_L,PV_126,009,PV_126_block_009,152333.35,152415.65,6.9285988066103315,174.6518578664412,L,binocular,2,5,2,3,True,True,True,reverse,L,82.29999999998836,0.6700401473882491,145.41392208704158,True,False,,,6.300231636317303,0.909308189457654,"/Volumes/Data-1/Nimrod/experiments/PV_126/2024_07_18/block_009/oe_files/PV126_Trial18_wake5_2024-07-18_14-39-15/Record Node 102/analysis/recNames=block_009,Animal=PV_126/lizMov.mat"
PV_126_009_152416_R,PV_126,009,PV_126_block_009,152415.65,152464.7,8.953319554505914,5.723449113355183,R,binocular,2,3,1,2,True,True,True,same,L,32.85000000000582,1.4018043730508116,15.901705512539365,True,False,,,0.631141198146953,0.07049242398919184,"/Volumes/Data-1/Nimrod/experiments/PV_126/2024_07_18/block_009/oe_files/PV126_Trial18_wake5_2024-07-18_14-39-15/Record Node 102/analysis/recNames=block_009,Animal=PV_126/lizMov.mat"
PV_126_009_152448_R,PV_126,009,PV_126_block_009,152448.5,152563.25,6.742936898058236,187.48685615807358,R,binocular,2,1,1,0,True,False,False,same,L,16.20000000001164,7.55067572034337,1.543243421619394,False,False,,,7.0543851402636015,1.046188811628217,"/Volumes/Data-1/Nimrod/experiments/PV_126/2024_07_18/block_009/oe_files/PV126_Trial18_wake5_2024-07-18_14-39-15/Record Node 102/analysis/recNames=block_009,Animal=PV_126/lizMov.mat"
PV_126_009_166073_L,PV_126,009,PV_126_block_009,166073.35,166122.35,5.648835551078381,190.6737058858463,L,binocular,2,0,0,0,False,False,False,none,,,,,False,True,166296.0,222.64999999999418,3.9304683540816225,0.6958015184795534,"/Volumes/Data-1/Nimrod/experiments/PV_126/2024_07_18/block_009/oe_files/PV126_Trial18_wake5_2024-07-18_14-39-15/Record Node 102/analysis/recNames=block_009,Animal=PV_126/lizMov.mat"
PV_126_009_203710_L,PV_126,009,PV_126_block_009,203710.3,203775.95,8.211548723245249,25.79303795133957,L,binocular,2,0,0,0,False,False,False,none,,,,,False,False,,,5.2309241525181625,0.6370204122043951,"/Volumes/Data-1/Nimrod/experiments/PV_126/2024_07_18/block_009/oe_files/PV126_Trial18_wake5_2024-07-18_14-39-15/Record Node 102/analysis/recNames=block_009,Animal=PV_126/lizMov.mat"
PV_126_009_205943_L,PV_126,009,PV_126_block_009,205942.65,206024.95,5.735151801655605,223.12014368787638,L,binocular,2,1,1,0,True,False,False,same,R,115.14999999999418,0.7069158082064141,65.01972706416552,True,False,,,6.802942619515344,1.1861835318032021,"/Volumes/Data-1/Nimrod/experiments/PV_126/2024_07_18/block_009/oe_files/PV126_Trial18_wake5_2024-07-18_14-39-15/Record Node 102/analysis/recNames=block_009,Animal=PV_126/lizMov.mat"
PV_126_009_227660_L,PV_126,009,PV_126_block_009,227659.55,227725.2,12.084590064562406,227.1100602651432,L,binocular,2,0,0,0,False,False,False,none,,,,,False,True,227724.0,64.45000000001164,11.095701097044095,0.9181694238501156,"/Volumes/Data-1/Nimrod/experiments/PV_126/2024_07_18/block_009/oe_files/PV126_Trial18_wake5_2024-07-18_14-39-15/Record Node 102/analysis/recNames=block_009,Animal=PV_126/lizMov.mat"
PV_126_009_231008_R,PV_126,009,PV_126_block_009,231008.15,231106.6,9.596488107585587,199.49675562906816,R,binocular,2,1,0,1,True,False,False,reverse,L,65.64999999999418,1.0070761091677083,114.59440046995901,True,False,,,8.143720394114684,0.8486146497360262,"/Volumes/Data-1/Nimrod/experiments/PV_126/2024_07_18/block_009/oe_files/PV126_Trial18_wake5_2024-07-18_14-39-15/Record Node 102/analysis/recNames=block_009,Animal=PV_126/lizMov.mat"
PV_126_009_238264_L,PV_126,009,PV_126_block_009,238263.5,238345.35,9.809265857689027,31.030486663496504,L,binocular,2,0,0,0,False,False,False,none,,,,,False,False,,,8.972334814953571,0.9146795433136901,"/Volumes/Data-1/Nimrod/experiments/PV_126/2024_07_18/block_009/oe_files/PV126_Trial18_wake5_2024-07-18_14-39-15/Record Node 102/analysis/recNames=block_009,Animal=PV_126/lizMov.mat"
PV_126_009_245831_R,PV_126,009,PV_126_block_009,245830.6,245978.55,15.950226902815702,275.8205630067041,R,binocular,2,1,0,1,True,False,False,reverse,R,164.14999999999418,26.61096630142384,153.7336897561043,False,False,,,10.38207929551156,0.6509048027196908,"/Volumes/Data-1/Nimrod/experiments/PV_126/2024_07_18/block_009/oe_files/PV126_Trial18_wake5_2024-07-18_14-39-15/Record Node 102/analysis/recNames=block_009,Animal=PV_126/lizMov.mat"
PV_126_009_246537_L,PV_126,009,PV_126_block_009,246536.6,246569.45,5.800999909293097,197.97413777519054,L,binocular,2,6,2,4,True,True,True,reverse,L,32.85000000000582,6.896939222180459,152.4292372660401,False,True,246564.0,27.39999999999418,0.19218893389060432,0.033130311480046935,"/Volumes/Data-1/Nimrod/experiments/PV_126/2024_07_18/block_009/oe_files/PV126_Trial18_wake5_2024-07-18_14-39-15/Record Node 102/analysis/recNames=block_009,Animal=PV_126/lizMov.mat"
PV_126_009_273457_R,PV_126,009,PV_126_block_009,273457.2,273588.5,28.913176274477355,84.71616178946374,R,binocular,2,3,3,0,True,True,False,same,L,81.84999999997672,0.6004613645282026,22.338267538166292,True,False,,,27.566788613947086,0.9534334226115873,"/Volumes/Data-1/Nimrod/experiments/PV_126/2024_07_18/block_009/oe_files/PV126_Trial18_wake5_2024-07-18_14-39-15/Record Node 102/analysis/recNames=block_009,Animal=PV_126/lizMov.mat"
PV_126_009_325078_R,PV_126,009,PV_126_block_009,325078.35,325193.5,25.453908897538454,240.21459151013647,R,binocular,2,3,1,2,True,True,True,same,R,131.30000000004657,0.7006372942520822,28.4200930784954,True,False,,,23.819922424880673,0.9358060689525058,"/Volumes/Data-1/Nimrod/experiments/PV_126/2024_07_18/block_009/oe_files/PV126_Trial18_wake5_2024-07-18_14-39-15/Record Node 102/analysis/recNames=block_009,Animal=PV_126/lizMov.mat"
PV_126_009_327360_R,PV_126,009,PV_126_block_009,327360.1,327425.75,7.123440265513147,155.6090112212839,R,binocular,2,4,0,4,True,True,False,reverse,L,114.65000000002328,1.4324119381806075,174.73828130319237,True,False,,,1.277035058261955,0.1792722351367906,"/Volumes/Data-1/Nimrod/experiments/PV_126/2024_07_18/block_009/oe_files/PV126_Trial18_wake5_2024-07-18_14-39-15/Record Node 102/analysis/recNames=block_009,Animal=PV_126/lizMov.mat"
PV_126_009_327656_L,PV_126,009,PV_126_block_009,327655.55,327721.2,9.357846272936307,215.97140498341727,L,binocular,2,4,1,3,True,True,True,same,R,49.0,7.135882500219139,70.31611578756065,True,False,,,2.773113487896718,0.29634099631629984,"/Volumes/Data-1/Nimrod/experiments/PV_126/2024_07_18/block_009/oe_files/PV126_Trial18_wake5_2024-07-18_14-39-15/Record Node 102/analysis/recNames=block_009,Animal=PV_126/lizMov.mat"
PV_126_009_328000_R,PV_126,009,PV_126_block_009,328000.0,328049.5,17.947117604654537,108.56380982975294,R,binocular,2,3,0,3,True,True,False,reverse,L,65.70000000001164,4.575827424246249,95.42716207296071,True,False,,,13.994253384436433,0.7797493554512097,"/Volumes/Data-1/Nimrod/experiments/PV_126/2024_07_18/block_009/oe_files/PV126_Trial18_wake5_2024-07-18_14-39-15/Record Node 102/analysis/recNames=block_009,Animal=PV_126/lizMov.mat"
PV_126_009_333910_L,PV_126,009,PV_126_block_009,333909.9,333975.55,29.719656599549715,38.817253152175056,L,binocular,2,2,0,2,True,True,False,reverse,L,65.64999999996508,7.480629483676077,165.7640213486498,True,True,334088.0,178.09999999997672,20.00180899003461,0.6730161542424302,"/Volumes/Data-1/Nimrod/experiments/PV_126/2024_07_18/block_009/oe_files/PV126_Trial18_wake5_2024-07-18_14-39-15/Record Node 102/analysis/recNames=block_009,Animal=PV_126/lizMov.mat"
PV_126_009_333976_L,PV_126,009,PV_126_block_009,333975.55,334041.2,7.480629483676077,204.58127450082486,L,binocular,2,0,0,0,False,False,False,none,,,,,False,True,334088.0,112.45000000001164,10.187521924172003,1.3618535641155327,"/Volumes/Data-1/Nimrod/experiments/PV_126/2024_07_18/block_009/oe_files/PV126_Trial18_wake5_2024-07-18_14-39-15/Record Node 102/analysis/recNames=block_009,Animal=PV_126/lizMov.mat"
PV_126_009_344892_L,PV_126,009,PV_126_block_009,344891.9,344957.55,9.093182823028531,25.660463441826646,L,binocular,2,1,0,1,True,False,False,reverse,L,196.94999999995343,1.3731881071836394,161.76506901323717,True,False,,,5.466210730265447,0.6011328306764316,"/Volumes/Data-1/Nimrod/experiments/PV_126/2024_07_18/block_009/oe_files/PV126_Trial18_wake5_2024-07-18_14-39-15/Record Node 102/analysis/recNames=block_009,Animal=PV_126/lizMov.mat"
PV_126_009_359091_R,PV_126,009,PV_126_block_009,359091.2,359124.0,9.049801374614075,10.800186688932124,R,binocular,2,5,0,4,True,True,False,reverse,L,16.649999999965075,8.493869795588177,175.62149861131172,True,False,,,4.849119280985363,0.5358260452641317,"/Volumes/Data-1/Nimrod/experiments/PV_126/2024_07_18/block_009/oe_files/PV126_Trial18_wake5_2024-07-18_14-39-15/Record Node 102/analysis/recNames=block_009,Animal=PV_126/lizMov.mat"
PV_126_009_359108_R,PV_126,009,PV_126_block_009,359107.85,359239.15,9.373924435750727,195.11309980419048,R,binocular,2,3,2,0,True,True,False,same,L,98.45000000001164,1.5526096296088805,45.021037415816096,True,False,,,2.562332350930836,0.27334681098542774,"/Volumes/Data-1/Nimrod/experiments/PV_126/2024_07_18/block_009/oe_files/PV126_Trial18_wake5_2024-07-18_14-39-15/Record Node 102/analysis/recNames=block_009,Animal=PV_126/lizMov.mat"
PV_126_009_359764_R,PV_126,009,PV_126_block_009,359764.3,359797.1,9.043915985603489,31.798441378388013,R,binocular,2,2,0,2,True,True,False,reverse,L,32.79999999998836,5.75188604551835,132.83373410101058,True,True,359964.0,199.70000000001164,1.0280026399440512,0.11366786705896781,"/Volumes/Data-1/Nimrod/experiments/PV_126/2024_07_18/block_009/oe_files/PV126_Trial18_wake5_2024-07-18_14-39-15/Record Node 102/analysis/recNames=block_009,Animal=PV_126/lizMov.mat"
PV_126_009_359797_L,PV_126,009,PV_126_block_009,359797.1,359862.75,5.75188604551835,164.63217547939863,L,binocular,2,2,1,1,True,True,True,same,L,246.0,1.8764125962857485,29.517715955345892,True,True,359964.0,166.90000000002328,8.18076731775463,1.422275624554275,"/Volumes/Data-1/Nimrod/experiments/PV_126/2024_07_18/block_009/oe_files/PV126_Trial18_wake5_2024-07-18_14-39-15/Record Node 102/analysis/recNames=block_009,Animal=PV_126/lizMov.mat"
PV_126_009_366872_R,PV_126,009,PV_126_block_009,366871.6,366970.1,14.13395080853964,197.926865940806,R,binocular,2,2,1,1,True,True,True,same,L,98.5,5.978052683373342,81.42401711339599,True,False,,,6.26352459866815,0.44315454917840597,"/Volumes/Data-1/Nimrod/experiments/PV_126/2024_07_18/block_009/oe_files/PV126_Trial18_wake5_2024-07-18_14-39-15/Record Node 102/analysis/recNames=block_009,Animal=PV_126/lizMov.mat"
PV_126_009_366970_R,PV_126,009,PV_126_block_009,366970.1,367052.4,7.767542087321436,34.544287889529656,R,binocular,2,0,0,0,False,False,False,none,,,,,False,False,,,10.661803445847948,1.3726096783241983,"/Volumes/Data-1/Nimrod/experiments/PV_126/2024_07_18/block_009/oe_files/PV126_Trial18_wake5_2024-07-18_14-39-15/Record Node 102/analysis/recNames=block_009,Animal=PV_126/lizMov.mat"
PV_126_009_367397_L,PV_126,009,PV_126_block_009,367396.85,367446.35,5.5181101078828245,40.27124584489564,L,binocular,2,1,0,1,True,False,False,reverse,L,32.850000000034925,0.5298769819492394,177.65373864002208,True,False,,,4.422706291720487,0.8014893152281407,"/Volumes/Data-1/Nimrod/experiments/PV_126/2024_07_18/block_009/oe_files/PV126_Trial18_wake5_2024-07-18_14-39-15/Record Node 102/analysis/recNames=block_009,Animal=PV_126/lizMov.mat"
PV_126_009_375867_R,PV_126,009,PV_126_block_009,375866.7,375932.4,10.482818486057512,207.54053902782306,R,binocular,2,3,2,1,True,True,True,same,R,65.70000000001164,2.7439193380075118,65.61265962890857,True,False,,,5.583277253666196,0.532612222666274,"/Volumes/Data-1/Nimrod/experiments/PV_126/2024_07_18/block_009/oe_files/PV126_Trial18_wake5_2024-07-18_14-39-15/Record Node 102/analysis/recNames=block_009,Animal=PV_126/lizMov.mat"
PV_126_009_384632_L,PV_126,009,PV_126_block_009,384632.15,384730.65,8.728304151484975,190.0593726156025,L,binocular,2,0,0,0,False,False,False,none,,,,,False,False,,,10.090922158583199,1.156114863030569,"/Volumes/Data-1/Nimrod/experiments/PV_126/2024_07_18/block_009/oe_files/PV126_Trial18_wake5_2024-07-18_14-39-15/Record Node 102/analysis/recNames=block_009,Animal=PV_126/lizMov.mat"
PV_126_009_400426_L,PV_126,009,PV_126_block_009,400425.75,400508.1,8.373818887633403,14.271982348565924,L,binocular,2,1,1,0,True,False,False,same,L,246.5,6.896643533788784,2.2855409004910996,True,False,,,12.436606875657175,1.485177437265065,"/Volumes/Data-1/Nimrod/experiments/PV_126/2024_07_18/block_009/oe_files/PV126_Trial18_wake5_2024-07-18_14-39-15/Record Node 102/analysis/recNames=block_009,Animal=PV_126/lizMov.mat"
PV_126_009_400672_L,PV_126,009,PV_126_block_009,400672.25,400737.95,6.896643533788784,16.557523249057013,L,binocular,2,3,1,2,True,True,True,same,L,164.20000000001164,0.7056452911705451,2.785253424279375,True,False,,,4.577400208550401,0.6637141946113795,"/Volumes/Data-1/Nimrod/experiments/PV_126/2024_07_18/block_009/oe_files/PV126_Trial18_wake5_2024-07-18_14-39-15/Record Node 102/analysis/recNames=block_009,Animal=PV_126/lizMov.mat"
PV_126_009_494766_R,PV_126,009,PV_126_block_009,494765.55,494831.2,8.330818495187387,212.37270716391205,R,binocular,2,2,0,2,True,True,False,reverse,R,65.65000000002328,8.895235630214751,171.7938607299542,False,False,,,-1.2413606644804782,-0.14900824753265207,"/Volumes/Data-1/Nimrod/experiments/PV_126/2024_07_18/block_009/oe_files/PV126_Trial18_wake5_2024-07-18_14-39-15/Record Node 102/analysis/recNames=block_009,Animal=PV_126/lizMov.mat"
PV_126_009_494831_R,PV_126,009,PV_126_block_009,494831.2,494913.55,8.895235630214751,24.166567893866237,R,binocular,2,1,0,1,True,False,False,reverse,L,246.5,0.7606016947159461,167.4637725541255,True,False,,,8.975698359902275,1.009045598456573,"/Volumes/Data-1/Nimrod/experiments/PV_126/2024_07_18/block_009/oe_files/PV126_Trial18_wake5_2024-07-18_14-39-15/Record Node 102/analysis/recNames=block_009,Animal=PV_126/lizMov.mat"
PV_126_009_495685_L,PV_126,009,PV_126_block_009,495684.85,495717.7,7.598477786381559,168.29575291937684,L,binocular,2,0,0,0,False,False,False,none,,,,,False,True,495912.0,227.15000000002328,7.18006959902276,0.9449352621509672,"/Volumes/Data-1/Nimrod/experiments/PV_126/2024_07_18/block_009/oe_files/PV126_Trial18_wake5_2024-07-18_14-39-15/Record Node 102/analysis/recNames=block_009,Animal=PV_126/lizMov.mat"
PV_126_009_500380_L,PV_126,009,PV_126_block_009,500380.3,500446.0,13.322957299708467,185.8334361312364,L,binocular,2,8,2,6,True,True,True,reverse,L,49.54999999998836,0.5568430731301892,172.33570358213234,True,True,500384.0,3.7000000000116415,12.51053354931909,0.9390207645259695,"/Volumes/Data-1/Nimrod/experiments/PV_126/2024_07_18/block_009/oe_files/PV126_Trial18_wake5_2024-07-18_14-39-15/Record Node 102/analysis/recNames=block_009,Animal=PV_126/lizMov.mat"
PV_126_009_504829_R,PV_126,009,PV_126_block_009,504829.1,504894.8,9.344458181049617,127.18306192710621,R,binocular,2,1,0,1,True,False,False,reverse,L,114.70000000001164,0.5553491802955967,99.322185785968,True,False,,,5.985917426684146,0.6405847520216285,"/Volumes/Data-1/Nimrod/experiments/PV_126/2024_07_18/block_009/oe_files/PV126_Trial18_wake5_2024-07-18_14-39-15/Record Node 102/analysis/recNames=block_009,Animal=PV_126/lizMov.mat"
PV_126_009_505781_R,PV_126,009,PV_126_block_009,505781.3,505847.0,13.729920690109807,247.35659490761321,R,binocular,2,4,2,2,True,True,True,reverse,R,65.70000000001164,3.5100706940059214,135.07297556560917,True,True,505880.0,98.70000000001164,10.851395735801542,0.7903465708740927,"/Volumes/Data-1/Nimrod/experiments/PV_126/2024_07_18/block_009/oe_files/PV126_Trial18_wake5_2024-07-18_14-39-15/Record Node 102/analysis/recNames=block_009,Animal=PV_126/lizMov.mat"
PV_126_009_518422_L,PV_126,009,PV_126_block_009,518421.55,518520.1,10.229457593447156,214.65642756721527,L,binocular,2,5,1,4,True,True,True,reverse,R,49.04999999998836,1.4089437235183129,118.65689487861187,True,False,,,8.282976762524616,0.8097180800505563,"/Volumes/Data-1/Nimrod/experiments/PV_126/2024_07_18/block_009/oe_files/PV126_Trial18_wake5_2024-07-18_14-39-15/Record Node 102/analysis/recNames=block_009,Animal=PV_126/lizMov.mat"
PV_126_009_526056_L,PV_126,009,PV_126_block_009,526056.2,526105.7,7.029346003202595,354.99193089232307,L,binocular,2,3,2,1,True,True,True,same,L,213.65000000002328,2.4065823206688255,27.558427665738577,True,False,,,6.417811495420505,0.913002645266932,"/Volumes/Data-1/Nimrod/experiments/PV_126/2024_07_18/block_009/oe_files/PV126_Trial18_wake5_2024-07-18_14-39-15/Record Node 102/analysis/recNames=block_009,Animal=PV_126/lizMov.mat"
PV_126_009_533116_R,PV_126,009,PV_126_block_009,533116.15,533165.6,6.557875695339906,60.97416063027462,R,binocular,2,0,0,0,False,False,False,none,,,,,False,False,,,8.149719755822645,1.2427377605851724,"/Volumes/Data-1/Nimrod/experiments/PV_126/2024_07_18/block_009/oe_files/PV126_Trial18_wake5_2024-07-18_14-39-15/Record Node 102/analysis/recNames=block_009,Animal=PV_126/lizMov.mat"
PV_126_009_556905_L,PV_126,009,PV_126_block_009,556905.2,556938.05,7.843623493736451,172.6197420928915,L,binocular,2,2,0,2,True,True,False,reverse,R,16.20000000006985,1.9260150772894613,159.16463318343727,True,True,556980.0,74.80000000004657,6.343603836270721,0.8087593497235589,"/Volumes/Data-1/Nimrod/experiments/PV_126/2024_07_18/block_009/oe_files/PV126_Trial18_wake5_2024-07-18_14-39-15/Record Node 102/analysis/recNames=block_009,Animal=PV_126/lizMov.mat"
PV_126_009_563734_L,PV_126,009,PV_126_block_009,563734.3,563816.15,23.12230979826997,40.14919271693452,L,binocular,2,2,0,2,True,True,False,reverse,L,65.69999999995343,8.334346060802096,169.17192273884052,True,False,,,12.915402054864176,0.5585688526598028,"/Volumes/Data-1/Nimrod/experiments/PV_126/2024_07_18/block_009/oe_files/PV126_Trial18_wake5_2024-07-18_14-39-15/Record Node 102/analysis/recNames=block_009,Animal=PV_126/lizMov.mat"
PV_126_009_563800_L,PV_126,009,PV_126_block_009,563800.0,563881.85,8.334346060802096,230.97726997809403,L,binocular,2,0,0,0,False,False,False,none,,,,,False,False,,,10.695597812857468,1.2833157796459589,"/Volumes/Data-1/Nimrod/experiments/PV_126/2024_07_18/block_009/oe_files/PV126_Trial18_wake5_2024-07-18_14-39-15/Record Node 102/analysis/recNames=block_009,Animal=PV_126/lizMov.mat"
PV_126_009_574257_R,PV_126,009,PV_126_block_009,574256.6,574371.7,13.385976351519226,169.0842498275543,R,binocular,2,2,1,1,True,True,True,same,L,65.59999999997672,13.610208174073778,4.852564989615274,False,False,,,10.920962197569947,0.815851000388962,"/Volumes/Data-1/Nimrod/experiments/PV_126/2024_07_18/block_009/oe_files/PV126_Trial18_wake5_2024-07-18_14-39-15/Record Node 102/analysis/recNames=block_009,Animal=PV_126/lizMov.mat"
PV_126_009_574618_L,PV_126,009,PV_126_block_009,574617.65,574667.15,9.44930211008715,207.67593728544136,L,binocular,2,3,0,3,True,True,False,reverse,L,49.5,0.7549239436571987,155.55761440170568,True,False,,,6.157786898594899,0.6516657872565476,"/Volumes/Data-1/Nimrod/experiments/PV_126/2024_07_18/block_009/oe_files/PV126_Trial18_wake5_2024-07-18_14-39-15/Record Node 102/analysis/recNames=block_009,Animal=PV_126/lizMov.mat"
PV_126_009_576703_R,PV_126,009,PV_126_block_009,576702.6,576735.4,10.702331204698886,341.39423724344675,R,binocular,2,8,2,6,True,True,True,reverse,L,32.800000000046566,0.6465847802062621,96.93913188450472,True,False,,,8.911052452118575,0.8326272362236514,"/Volumes/Data-1/Nimrod/experiments/PV_126/2024_07_18/block_009/oe_files/PV126_Trial18_wake5_2024-07-18_14-39-15/Record Node 102/analysis/recNames=block_009,Animal=PV_126/lizMov.mat"
PV_126_009_576768_L,PV_126,009,PV_126_block_009,576768.25,576850.1,5.505572293471992,198.4118577096406,L,binocular,2,4,2,2,True,True,True,reverse,R,131.30000000004657,5.433208820222702,157.11698041190255,True,False,,,3.515567286313338,0.6385471117111255,"/Volumes/Data-1/Nimrod/experiments/PV_126/2024_07_18/block_009/oe_files/PV126_Trial18_wake5_2024-07-18_14-39-15/Record Node 102/analysis/recNames=block_009,Animal=PV_126/lizMov.mat"
PV_126_009_577277_R,PV_126,009,PV_126_block_009,577276.9,577359.2,5.671847682569492,341.3921280726958,R,binocular,2,3,1,2,True,True,True,same,L,49.449999999953434,3.2744073158972644,58.20080002354763,True,True,577336.0,59.09999999997672,0.8543077630160522,0.1506224798034472,"/Volumes/Data-1/Nimrod/experiments/PV_126/2024_07_18/block_009/oe_files/PV126_Trial18_wake5_2024-07-18_14-39-15/Record Node 102/analysis/recNames=block_009,Animal=PV_126/lizMov.mat"
PV_126_009_581233_L,PV_126,009,PV_126_block_009,581233.0,581265.85,5.827039430181225,12.93051076621474,L,binocular,2,6,2,4,True,True,True,reverse,L,16.199999999953434,3.310632571134822,178.3802122959608,True,True,581236.0,3.0,3.8777800675570644,0.6654803204989576,"/Volumes/Data-1/Nimrod/experiments/PV_126/2024_07_18/block_009/oe_files/PV126_Trial18_wake5_2024-07-18_14-39-15/Record Node 102/analysis/recNames=block_009,Animal=PV_126/lizMov.mat"
PV_126_009_581430_R,PV_126,009,PV_126_block_009,581429.95,581511.8,5.960685640699037,177.02734498320126,R,binocular,2,1,1,0,True,False,False,same,L,49.0,1.6892544300999033,9.786011192258826,True,True,581444.0,14.050000000046566,7.073891195296586,1.1867579707603904,"/Volumes/Data-1/Nimrod/experiments/PV_126/2024_07_18/block_009/oe_files/PV126_Trial18_wake5_2024-07-18_14-39-15/Record Node 102/analysis/recNames=block_009,Animal=PV_126/lizMov.mat"
PV_126_009_609863_R,PV_126,009,PV_126_block_009,609862.9,609977.6,10.374519128376098,197.51030986737086,R,binocular,2,3,1,2,True,True,True,same,L,98.54999999993015,8.31574710173635,11.24913560892324,True,False,,,8.436178414989358,0.8131633197258229,"/Volumes/Data-1/Nimrod/experiments/PV_126/2024_07_18/block_009/oe_files/PV126_Trial18_wake5_2024-07-18_14-39-15/Record Node 102/analysis/recNames=block_009,Animal=PV_126/lizMov.mat"
PV_126_009_609961_L,PV_126,009,PV_126_block_009,609961.45,610027.1,8.31574710173635,208.7594454762941,L,binocular,2,1,0,1,True,False,False,reverse,R,81.85000000009313,0.6561824300369135,138.89467182878406,True,False,,,8.496204021332456,1.0217006262201538,"/Volumes/Data-1/Nimrod/experiments/PV_126/2024_07_18/block_009/oe_files/PV126_Trial18_wake5_2024-07-18_14-39-15/Record Node 102/analysis/recNames=block_009,Animal=PV_126/lizMov.mat"
PV_126_009_618842_L,PV_126,009,PV_126_block_009,618842.05,618891.5,7.672626242206716,29.70575914933962,L,binocular,2,4,2,2,True,True,True,reverse,R,32.79999999993015,6.027047669926035,168.44307025868045,True,False,,,8.281394832254252,1.079342922596533,"/Volumes/Data-1/Nimrod/experiments/PV_126/2024_07_18/block_009/oe_files/PV126_Trial18_wake5_2024-07-18_14-39-15/Record Node 102/analysis/recNames=block_009,Animal=PV_126/lizMov.mat"
PV_126_009_618875_R,PV_126,009,PV_126_block_009,618874.85,618973.35,6.027047669926035,198.14882940802008,R,binocular,2,3,1,2,True,True,True,reverse,R,197.0,8.445996690983325,167.73891814614905,False,False,,,0.16244570726839985,0.02695278288223551,"/Volumes/Data-1/Nimrod/experiments/PV_126/2024_07_18/block_009/oe_files/PV126_Trial18_wake5_2024-07-18_14-39-15/Record Node 102/analysis/recNames=block_009,Animal=PV_126/lizMov.mat"
PV_126_009_619088_R,PV_126,009,PV_126_block_009,619088.5,619219.85,12.064026782557349,189.5574892309581,R,binocular,2,6,3,3,True,True,True,same,L,49.0,5.2815051198752565,21.544037393897355,True,False,,,6.985871871005424,0.5790663430145792,"/Volumes/Data-1/Nimrod/experiments/PV_126/2024_07_18/block_009/oe_files/PV126_Trial18_wake5_2024-07-18_14-39-15/Record Node 102/analysis/recNames=block_009,Animal=PV_126/lizMov.mat"
PV_126_009_619253_L,PV_126,009,PV_126_block_009,619252.65,619318.3,8.889041397866405,198.23300661817987,L,binocular,2,6,4,2,True,True,True,same,L,81.79999999993015,0.7939562724579848,2.641007864481452,True,True,619428.0,175.34999999997672,2.2984489360409985,0.25857106893356174,"/Volumes/Data-1/Nimrod/experiments/PV_126/2024_07_18/block_009/oe_files/PV126_Trial18_wake5_2024-07-18_14-39-15/Record Node 102/analysis/recNames=block_009,Animal=PV_126/lizMov.mat"
PV_126_009_632517_L,PV_126,009,PV_126_block_009,632516.9,632565.95,7.7242539071923595,79.63664535829548,L,binocular,2,2,0,2,True,True,False,reverse,L,65.69999999995343,0.523341289026935,103.7583607525583,True,False,,,7.2673213803656855,0.9408444450018395,"/Volumes/Data-1/Nimrod/experiments/PV_126/2024_07_18/block_009/oe_files/PV126_Trial18_wake5_2024-07-18_14-39-15/Record Node 102/analysis/recNames=block_009,Animal=PV_126/lizMov.mat"
PV_126_009_941920_L,PV_126,009,PV_126_block_009,941919.95,942018.45,9.000802032582722,53.70229197735236,L,binocular,2,2,0,1,True,True,False,reverse,L,213.70000000006985,0.5892712875751993,171.0662232587905,True,True,942080.0,160.05000000004657,6.594585484026883,0.7326664290753886,"/Volumes/Data-1/Nimrod/experiments/PV_126/2024_07_18/block_009/oe_files/PV126_Trial18_wake5_2024-07-18_14-39-15/Record Node 102/analysis/recNames=block_009,Animal=PV_126/lizMov.mat"
PV_126_009_951131_R,PV_126,009,PV_126_block_009,951131.15,951278.7,20.14564172081021,78.6478850289106,R,binocular,2,1,1,0,True,False,False,same,R,164.19999999995343,1.3692788260355386,17.399206650485155,True,False,,,22.85725079041577,1.134600282641009,"/Volumes/Data-1/Nimrod/experiments/PV_126/2024_07_18/block_009/oe_files/PV126_Trial18_wake5_2024-07-18_14-39-15/Record Node 102/analysis/recNames=block_009,Animal=PV_126/lizMov.mat"
PV_126_009_957946_L,PV_126,009,PV_126_block_009,957945.55,958044.1,13.41447334184657,222.15967722001736,L,binocular,2,0,0,0,False,False,False,none,,,,,False,False,,,14.82045243496582,1.1048106069683172,"/Volumes/Data-1/Nimrod/experiments/PV_126/2024_07_18/block_009/oe_files/PV126_Trial18_wake5_2024-07-18_14-39-15/Record Node 102/analysis/recNames=block_009,Animal=PV_126/lizMov.mat"
PV_126_009_974366_R,PV_126,009,PV_126_block_009,974365.65,974431.3,8.492190711097651,217.43590588613824,R,binocular,2,2,1,1,True,True,True,reverse,R,65.65000000002328,14.554831260841267,152.64256347072424,False,False,,,-5.225355128255842,-0.6153129747106731,"/Volumes/Data-1/Nimrod/experiments/PV_126/2024_07_18/block_009/oe_files/PV126_Trial18_wake5_2024-07-18_14-39-15/Record Node 102/analysis/recNames=block_009,Animal=PV_126/lizMov.mat"
PV_126_009_1035132_L,PV_126,009,PV_126_block_009,1035132.35,1035230.85,8.3643670392178,102.4430577185254,L,binocular,2,0,0,0,False,False,False,none,,,,,False,False,,,8.29356903878857,0.9915357611523644,"/Volumes/Data-1/Nimrod/experiments/PV_126/2024_07_18/block_009/oe_files/PV126_Trial18_wake5_2024-07-18_14-39-15/Record Node 102/analysis/recNames=block_009,Animal=PV_126/lizMov.mat"
PV_126_009_1069705_R,PV_126,009,PV_126_block_009,1069704.7,1069803.25,12.047751992974698,207.59179957263217,R,binocular,2,0,0,0,False,False,False,none,,,,,False,False,,,12.29728732096467,1.020712189970003,"/Volumes/Data-1/Nimrod/experiments/PV_126/2024_07_18/block_009/oe_files/PV126_Trial18_wake5_2024-07-18_14-39-15/Record Node 102/analysis/recNames=block_009,Animal=PV_126/lizMov.mat"
PV_126_009_1092230_L,PV_126,009,PV_126_block_009,1092230.15,1092328.65,13.171231949147245,20.607429210206554,L,binocular,2,0,0,0,False,False,False,none,,,,,False,False,,,13.491041084659484,1.0242808825132674,"/Volumes/Data-1/Nimrod/experiments/PV_126/2024_07_18/block_009/oe_files/PV126_Trial18_wake5_2024-07-18_14-39-15/Record Node 102/analysis/recNames=block_009,Animal=PV_126/lizMov.mat"
PV_126_009_1162785_R,PV_126,009,PV_126_block_009,1162785.3,1162916.6,16.757562514177696,290.97859367029685,R,binocular,2,1,0,1,True,False,False,reverse,L,114.64999999990687,0.5701334228626199,115.63607305821091,True,False,,,20.071671133519725,1.1977679400890275,"/Volumes/Data-1/Nimrod/experiments/PV_126/2024_07_18/block_009/oe_files/PV126_Trial18_wake5_2024-07-18_14-39-15/Record Node 102/analysis/recNames=block_009,Animal=PV_126/lizMov.mat"
PV_126_009_1175771_R,PV_126,009,PV_126_block_009,1175770.6,1175869.1,8.602790238725671,1.2079331427824058,R,binocular,2,3,2,0,True,True,False,same,L,65.5999999998603,2.936390818814552,35.9572088593078,True,False,,,7.4630436249003225,0.8675143084746213,"/Volumes/Data-1/Nimrod/experiments/PV_126/2024_07_18/block_009/oe_files/PV126_Trial18_wake5_2024-07-18_14-39-15/Record Node 102/analysis/recNames=block_009,Animal=PV_126/lizMov.mat"
PV_126_009_1254776_R,PV_126,009,PV_126_block_009,1254776.25,1254940.35,28.76409933086337,97.46269478623928,R,binocular,2,0,0,0,False,False,False,none,,,,,False,False,,,28.62270497252753,0.9950843460554968,"/Volumes/Data-1/Nimrod/experiments/PV_126/2024_07_18/block_009/oe_files/PV126_Trial18_wake5_2024-07-18_14-39-15/Record Node 102/analysis/recNames=block_009,Animal=PV_126/lizMov.mat"
PV_126_009_1307403_L,PV_126,009,PV_126_block_009,1307402.9,1307484.75,9.964855190944482,201.37969868389445,L,binocular,2,0,0,0,False,False,False,none,,,,,False,False,,,11.227255355874275,1.126685249382951,"/Volumes/Data-1/Nimrod/experiments/PV_126/2024_07_18/block_009/oe_files/PV126_Trial18_wake5_2024-07-18_14-39-15/Record Node 102/analysis/recNames=block_009,Animal=PV_126/lizMov.mat"
PV_126_009_1319074_R,PV_126,009,PV_126_block_009,1319074.3,1319172.8,5.792334933151701,0.19903174776692634,R,binocular,2,4,3,1,True,True,True,reverse,L,82.30000000004657,0.8528294355626961,171.4436072484733,True,False,,,10.124463475034494,1.747907120682611,"/Volumes/Data-1/Nimrod/experiments/PV_126/2024_07_18/block_009/oe_files/PV126_Trial18_wake5_2024-07-18_14-39-15/Record Node 102/analysis/recNames=block_009,Animal=PV_126/lizMov.mat"
PV_126_009_1319419_L,PV_126,009,PV_126_block_009,1319419.3,1319517.8,11.69426891935198,6.099065340574882,L,binocular,2,5,1,3,True,True,True,reverse,R,98.5,0.7319524227655598,151.19640308620205,True,False,,,5.202342416021225,0.4448625606182404,"/Volumes/Data-1/Nimrod/experiments/PV_126/2024_07_18/block_009/oe_files/PV126_Trial18_wake5_2024-07-18_14-39-15/Record Node 102/analysis/recNames=block_009,Animal=PV_126/lizMov.mat"
PV_126_009_1319551_L,PV_126,009,PV_126_block_009,1319550.6,1319665.3,6.8439924406218635,234.6780732412551,L,binocular,2,4,1,2,True,True,True,reverse,R,65.69999999995343,0.660053376652647,173.1856849369604,True,False,,,8.109498311265606,1.1849075494491275,"/Volumes/Data-1/Nimrod/experiments/PV_126/2024_07_18/block_009/oe_files/PV126_Trial18_wake5_2024-07-18_14-39-15/Record Node 102/analysis/recNames=block_009,Animal=PV_126/lizMov.mat"
PV_126_009_1630440_R,PV_126,009,PV_126_block_009,1630440.2,1630489.25,11.564764575848482,121.6233020982195,R,binocular,2,2,0,2,True,True,False,reverse,L,49.050000000046566,1.4811437451324088,128.77804554286752,True,False,,,7.987315465274945,0.6906595817744031,"/Volumes/Data-1/Nimrod/experiments/PV_126/2024_07_18/block_009/oe_files/PV126_Trial18_wake5_2024-07-18_14-39-15/Record Node 102/analysis/recNames=block_009,Animal=PV_126/lizMov.mat"
PV_126_009_1637730_R,PV_126,009,PV_126_block_009,1637730.45,1637763.25,6.83814762676521,221.38335642614658,R,binocular,2,3,2,1,True,True,True,reverse,R,32.800000000046566,2.504777586099973,127.85825809356945,True,False,,,15.364343682235127,2.2468575586314508,"/Volumes/Data-1/Nimrod/experiments/PV_126/2024_07_18/block_009/oe_files/PV126_Trial18_wake5_2024-07-18_14-39-15/Record Node 102/analysis/recNames=block_009,Animal=PV_126/lizMov.mat"
PV_126_009_1637796_R,PV_126,009,PV_126_block_009,1637796.1,1637910.8,14.211836697063697,255.49227728123407,R,binocular,2,0,0,0,False,False,False,none,,,,,False,False,,,12.425452596950835,0.8743030800176625,"/Volumes/Data-1/Nimrod/experiments/PV_126/2024_07_18/block_009/oe_files/PV126_Trial18_wake5_2024-07-18_14-39-15/Record Node 102/analysis/recNames=block_009,Animal=PV_126/lizMov.mat"
PV_126_009_1648335_L,PV_126,009,PV_126_block_009,1648335.35,1648384.35,6.403392140957398,26.765364809451604,L,binocular,2,3,1,2,True,True,True,same,L,65.64999999990687,0.6289001316952222,33.683563588646365,True,False,,,8.433647087969023,1.31705928706532,"/Volumes/Data-1/Nimrod/experiments/PV_126/2024_07_18/block_009/oe_files/PV126_Trial18_wake5_2024-07-18_14-39-15/Record Node 102/analysis/recNames=block_009,Animal=PV_126/lizMov.mat"
PV_126_009_1754515_R,PV_126,009,PV_126_block_009,1754514.9,1754613.45,5.632334124968375,264.13651715133267,R,binocular,2,0,0,0,False,False,False,none,,,,,False,False,,,6.775097766211478,1.202893439183088,"/Volumes/Data-1/Nimrod/experiments/PV_126/2024_07_18/block_009/oe_files/PV126_Trial18_wake5_2024-07-18_14-39-15/Record Node 102/analysis/recNames=block_009,Animal=PV_126/lizMov.mat"
PV_126_009_1998748_L,PV_126,009,PV_126_block_009,1998748.0,1998863.15,8.431585151683413,235.64719614732883,L,binocular,2,2,0,2,True,True,False,reverse,R,131.35000000009313,2.602361826604748,168.94332168454025,True,False,,,4.304979277469852,0.510577690911458,"/Volumes/Data-1/Nimrod/experiments/PV_126/2024_07_18/block_009/oe_files/PV126_Trial18_wake5_2024-07-18_14-39-15/Record Node 102/analysis/recNames=block_009,Animal=PV_126/lizMov.mat"
PV_126_009_1999470_L,PV_126,009,PV_126_block_009,1999470.2,1999568.7,9.414880434469792,184.30493155448178,L,binocular,2,4,3,1,True,True,True,same,R,82.30000000004657,0.8948582197429256,2.685643627744895,True,False,,,10.486292228754913,1.1137998301457408,"/Volumes/Data-1/Nimrod/experiments/PV_126/2024_07_18/block_009/oe_files/PV126_Trial18_wake5_2024-07-18_14-39-15/Record Node 102/analysis/recNames=block_009,Animal=PV_126/lizMov.mat"
PV_126_009_1999798_L,PV_126,009,PV_126_block_009,1999798.45,1999831.3,6.327086406320566,33.38776206002829,L,binocular,2,1,0,1,True,False,False,reverse,L,32.85000000009313,0.557832132463152,104.78264506889332,True,False,,,5.546716688139941,0.8766620734938818,"/Volumes/Data-1/Nimrod/experiments/PV_126/2024_07_18/block_009/oe_files/PV126_Trial18_wake5_2024-07-18_14-39-15/Record Node 102/analysis/recNames=block_009,Animal=PV_126/lizMov.mat"
PV_126_009_2004706_R,PV_126,009,PV_126_block_009,2004706.0,2004771.6,15.542550294808121,278.7415822614125,R,binocular,2,2,0,1,True,True,False,reverse,R,65.60000000009313,5.2060421079587735,140.83041831594352,True,False,,,20.923216720279843,1.3461894170140851,"/Volumes/Data-1/Nimrod/experiments/PV_126/2024_07_18/block_009/oe_files/PV126_Trial18_wake5_2024-07-18_14-39-15/Record Node 102/analysis/recNames=block_009,Animal=PV_126/lizMov.mat"
PV_126_009_2014556_R,PV_126,009,PV_126_block_009,2014556.2,2014638.05,13.288309612974427,125.12565926862831,R,binocular,2,0,0,0,False,False,False,none,,,,,False,False,,,15.77442777108886,1.1870906255591034,"/Volumes/Data-1/Nimrod/experiments/PV_126/2024_07_18/block_009/oe_files/PV126_Trial18_wake5_2024-07-18_14-39-15/Record Node 102/analysis/recNames=block_009,Animal=PV_126/lizMov.mat"
PV_126_009_2130188_L,PV_126,009,PV_126_block_009,2130188.25,2130221.05,7.834507599949971,322.85399091040773,L,binocular,2,3,1,2,True,True,True,reverse,L,32.799999999813735,19.55428757456588,157.79998549679152,False,False,,,-11.131026638437115,-1.4207691417017956,"/Volumes/Data-1/Nimrod/experiments/PV_126/2024_07_18/block_009/oe_files/PV126_Trial18_wake5_2024-07-18_14-39-15/Record Node 102/analysis/recNames=block_009,Animal=PV_126/lizMov.mat"
PV_126_009_2130221_L,PV_126,009,PV_126_block_009,2130221.05,2130335.7,19.55428757456588,120.65397640719924,L,binocular,2,1,0,1,True,False,False,reverse,R,49.0500000002794,3.1910653778585045,157.05858831884643,True,False,,,20.633484102721756,1.0551897645997381,"/Volumes/Data-1/Nimrod/experiments/PV_126/2024_07_18/block_009/oe_files/PV126_Trial18_wake5_2024-07-18_14-39-15/Record Node 102/analysis/recNames=block_009,Animal=PV_126/lizMov.mat"
PV_126_009_2339364_L,PV_126,009,PV_126_block_009,2339364.5,2339430.15,11.37993817532999,45.67139897728899,L,binocular,2,0,0,0,False,False,False,none,,,,,False,False,,,11.735840789075418,1.0312745647877923,"/Volumes/Data-1/Nimrod/experiments/PV_126/2024_07_18/block_009/oe_files/PV126_Trial18_wake5_2024-07-18_14-39-15/Record Node 102/analysis/recNames=block_009,Animal=PV_126/lizMov.mat"
PV_126_009_74587_L,PV_126,009,PV_126_block_009,74587.2,74685.7,12.327526280009774,257.88594846363446,L,monocular,1,0,0,0,False,False,False,none,,,,,False,False,,,13.160457731128886,1.0675667958193518,"/Volumes/Data-1/Nimrod/experiments/PV_126/2024_07_18/block_009/oe_files/PV126_Trial18_wake5_2024-07-18_14-39-15/Record Node 102/analysis/recNames=block_009,Animal=PV_126/lizMov.mat"
PV_126_009_86225_L,PV_126,009,PV_126_block_009,86224.75,86257.6,5.57268020136321,254.12036495783542,L,monocular,1,1,1,0,True,False,False,same,L,65.64999999999418,1.124452010124286,43.62109096570768,True,False,,,8.92554522967489,1.601661123043,"/Volumes/Data-1/Nimrod/experiments/PV_126/2024_07_18/block_009/oe_files/PV126_Trial18_wake5_2024-07-18_14-39-15/Record Node 102/analysis/recNames=block_009,Animal=PV_126/lizMov.mat"
PV_126_009_152465_L,PV_126,009,PV_126_block_009,152464.7,152563.25,7.55067572034337,185.94361273645418,L,monocular,1,0,0,0,False,False,False,none,,,,,False,False,,,9.760321370959728,1.2926421068068161,"/Volumes/Data-1/Nimrod/experiments/PV_126/2024_07_18/block_009/oe_files/PV126_Trial18_wake5_2024-07-18_14-39-15/Record Node 102/analysis/recNames=block_009,Animal=PV_126/lizMov.mat"
PV_126_009_327557_L,PV_126,009,PV_126_block_009,327557.05,327671.75,9.43837040669587,50.92684329416723,L,monocular,1,6,3,3,True,True,True,same,R,98.5,1.3077033875004878,67.53091117639565,True,False,,,3.7820907802848636,0.4007143836611595,"/Volumes/Data-1/Nimrod/experiments/PV_126/2024_07_18/block_009/oe_files/PV126_Trial18_wake5_2024-07-18_14-39-15/Record Node 102/analysis/recNames=block_009,Animal=PV_126/lizMov.mat"
PV_126_009_352623_L,PV_126,009,PV_126_block_009,352623.2,352688.85,5.561846868878506,352.21136962140065,L,monocular,1,0,0,0,False,False,False,none,,,,,False,False,,,4.659809270668729,0.8378168943742128,"/Volumes/Data-1/Nimrod/experiments/PV_126/2024_07_18/block_009/oe_files/PV126_Trial18_wake5_2024-07-18_14-39-15/Record Node 102/analysis/recNames=block_009,Animal=PV_126/lizMov.mat"
PV_126_009_359584_L,PV_126,009,PV_126_block_009,359583.5,359682.0,5.706651434587205,218.068691968997,L,monocular,1,4,2,2,True,True,True,reverse,R,180.79999999998836,9.043915985603489,173.72974940939105,False,False,,,4.927880266214364,0.8635327253995541,"/Volumes/Data-1/Nimrod/experiments/PV_126/2024_07_18/block_009/oe_files/PV126_Trial18_wake5_2024-07-18_14-39-15/Record Node 102/analysis/recNames=block_009,Animal=PV_126/lizMov.mat"
PV_126_009_574322_L,PV_126,009,PV_126_block_009,574322.2,574404.5,13.610208174073778,164.231684837939,L,monocular,1,1,0,1,True,False,False,reverse,R,82.30000000004657,2.447639303146108,174.99521309105273,True,False,,,13.33065898033084,0.9794603293228494,"/Volumes/Data-1/Nimrod/experiments/PV_126/2024_07_18/block_009/oe_files/PV126_Trial18_wake5_2024-07-18_14-39-15/Record Node 102/analysis/recNames=block_009,Animal=PV_126/lizMov.mat"
PV_126_009_1111238_L,PV_126,009,PV_126_block_009,1111238.35,1111320.2,7.833127539344706,212.42061782111816,L,monocular,1,1,1,0,True,False,False,same,R,213.14999999990687,0.5651071942090053,49.57856958233279,True,False,,,8.90800829079301,1.1372224243827678,"/Volumes/Data-1/Nimrod/experiments/PV_126/2024_07_18/block_009/oe_files/PV126_Trial18_wake5_2024-07-18_14-39-15/Record Node 102/analysis/recNames=block_009,Animal=PV_126/lizMov.mat"
PV_126_009_1280055_L,PV_126,009,PV_126_block_009,1280054.95,1280136.8,11.76165061757537,231.8299367979522,L,monocular,1,0,0,0,False,False,False,none,,,,,False,False,,,13.310414714588015,1.1316791449916337,"/Volumes/Data-1/Nimrod/experiments/PV_126/2024_07_18/block_009/oe_files/PV126_Trial18_wake5_2024-07-18_14-39-15/Record Node 102/analysis/recNames=block_009,Animal=PV_126/lizMov.mat"
PV_126_009_1318894_L,PV_126,009,PV_126_block_009,1318893.95,1319058.15,12.393568690672797,291.0974093439676,L,monocular,1,4,3,1,True,True,True,same,R,131.35000000009313,0.7877400313187254,62.53716232028319,True,False,,,14.987687038389438,1.2093116528792012,"/Volumes/Data-1/Nimrod/experiments/PV_126/2024_07_18/block_009/oe_files/PV126_Trial18_wake5_2024-07-18_14-39-15/Record Node 102/analysis/recNames=block_009,Animal=PV_126/lizMov.mat"
PV_126_009_1319813_L,PV_126,009,PV_126_block_009,1319813.25,1319862.3,9.94569124732442,22.52506389932425,L,monocular,1,1,0,1,True,False,False,reverse,L,49.050000000046566,3.049441633120712,133.86197930740832,True,True,1319928.0,114.75,7.248239244643042,0.7287818477768406,"/Volumes/Data-1/Nimrod/experiments/PV_126/2024_07_18/block_009/oe_files/PV126_Trial18_wake5_2024-07-18_14-39-15/Record Node 102/analysis/recNames=block_009,Animal=PV_126/lizMov.mat"
PV_126_009_1329171_L,PV_126,009,PV_126_block_009,1329171.25,1329269.75,5.790185397893438,99.25748489192974,L,monocular,1,0,0,0,False,False,False,none,,,,,False,False,,,5.774190283646594,0.9972375471340411,"/Volumes/Data-1/Nimrod/experiments/PV_126/2024_07_18/block_009/oe_files/PV126_Trial18_wake5_2024-07-18_14-39-15/Record Node 102/analysis/recNames=block_009,Animal=PV_126/lizMov.mat"
PV_126_009_1518156_L,PV_126,009,PV_126_block_009,1518155.8,1518221.5,5.75513830227025,181.46741187684637,L,monocular,1,0,0,0,False,False,False,none,,,,,False,False,,,4.9002655704243425,0.8514592201009864,"/Volumes/Data-1/Nimrod/experiments/PV_126/2024_07_18/block_009/oe_files/PV126_Trial18_wake5_2024-07-18_14-39-15/Record Node 102/analysis/recNames=block_009,Animal=PV_126/lizMov.mat"
PV_126_009_2000242_L,PV_126,009,PV_126_block_009,2000241.85,2000307.5,10.955295050597496,24.84892195967392,L,monocular,1,4,2,2,True,True,True,reverse,L,81.79999999981374,13.678079126943224,128.8292129828044,False,False,,,9.79992242167227,0.8945375160058138,"/Volumes/Data-1/Nimrod/experiments/PV_126/2024_07_18/block_009/oe_files/PV126_Trial18_wake5_2024-07-18_14-39-15/Record Node 102/analysis/recNames=block_009,Animal=PV_126/lizMov.mat"
PV_126_009_2000324_L,PV_126,009,PV_126_block_009,2000323.65,2000340.3,13.678079126943224,256.01970897686954,L,monocular,1,3,2,1,True,True,True,reverse,L,16.6500000001397,8.076470641943146,178.21711686098698,True,False,,,7.306953277499219,0.5342090223111742,"/Volumes/Data-1/Nimrod/experiments/PV_126/2024_07_18/block_009/oe_files/PV126_Trial18_wake5_2024-07-18_14-39-15/Record Node 102/analysis/recNames=block_009,Animal=PV_126/lizMov.mat"
PV_126_009_2000340_L,PV_126,009,PV_126_block_009,2000340.3,2000373.15,8.076470641943146,77.80259211588256,L,monocular,1,2,0,2,True,True,False,reverse,L,98.5,1.4073191118344388,133.96431497367007,True,False,,,6.556636691337096,0.8118195412346119,"/Volumes/Data-1/Nimrod/experiments/PV_126/2024_07_18/block_009/oe_files/PV126_Trial18_wake5_2024-07-18_14-39-15/Record Node 102/analysis/recNames=block_009,Animal=PV_126/lizMov.mat"
PV_126_009_2001752_L,PV_126,009,PV_126_block_009,2001751.75,2001800.7,5.5878705131494195,349.13754580860814,L,monocular,1,1,1,0,True,False,False,same,L,196.89999999990687,1.1914240317098075,22.13328258819672,True,False,,,6.842075343204446,1.2244513052161143,"/Volumes/Data-1/Nimrod/experiments/PV_126/2024_07_18/block_009/oe_files/PV126_Trial18_wake5_2024-07-18_14-39-15/Record Node 102/analysis/recNames=block_009,Animal=PV_126/lizMov.mat"
PV_126_009_2002080_L,PV_126,009,PV_126_block_009,2002079.9,2002112.75,5.551393495513903,150.86462251295563,L,monocular,1,1,0,1,True,False,False,reverse,L,49.0,0.6377722762104571,131.09625016815542,True,False,,,3.3289286395982938,0.5996564001972496,"/Volumes/Data-1/Nimrod/experiments/PV_126/2024_07_18/block_009/oe_files/PV126_Trial18_wake5_2024-07-18_14-39-15/Record Node 102/analysis/recNames=block_009,Animal=PV_126/lizMov.mat"
PV_126_009_2384935_L,PV_126,009,PV_126_block_009,2384935.25,2384984.25,5.7336998334264155,198.0437923477201,L,monocular,1,1,1,0,True,False,False,same,R,98.5,0.6298701305470871,21.208202829940063,True,False,,,6.712815743620987,1.1707651147844373,"/Volumes/Data-1/Nimrod/experiments/PV_126/2024_07_18/block_009/oe_files/PV126_Trial18_wake5_2024-07-18_14-39-15/Record Node 102/analysis/recNames=block_009,Animal=PV_126/lizMov.mat"
PV_126_009_2451449_L,PV_126,009,PV_126_block_009,2451449.4,2451531.25,15.149104251987936,73.6909903575313,L,monocular,1,0,0,0,False,False,False,none,,,,,False,False,,,15.88864175016864,1.0488172426487632,"/Volumes/Data-1/Nimrod/experiments/PV_126/2024_07_18/block_009/oe_files/PV126_Trial18_wake5_2024-07-18_14-39-15/Record Node 102/analysis/recNames=block_009,Animal=PV_126/lizMov.mat"
PV_126_009_2613437_L,PV_126,009,PV_126_block_009,2613437.45,2613519.25,9.091436768213036,102.14240237610527,L,monocular,1,0,0,0,False,False,False,none,,,,,False,False,,,12.29964758344502,1.3528827067740332,"/Volumes/Data-1/Nimrod/experiments/PV_126/2024_07_18/block_009/oe_files/PV126_Trial18_wake5_2024-07-18_14-39-15/Record Node 102/analysis/recNames=block_009,Animal=PV_126/lizMov.mat"
PV_126_009_39934_R,PV_126,009,PV_126_block_009,39933.5,40015.35,6.240293609287442,84.58337987958053,R,monocular,1,0,0,0,False,False,False,none,,,,,False,False,,,6.059433338847325,0.9710173460154274,"/Volumes/Data-1/Nimrod/experiments/PV_126/2024_07_18/block_009/oe_files/PV126_Trial18_wake5_2024-07-18_14-39-15/Record Node 102/analysis/recNames=block_009,Animal=PV_126/lizMov.mat"
PV_126_009_57006_R,PV_126,009,PV_126_block_009,57006.4,57055.4,9.586489278855279,230.65361819671443,R,monocular,1,1,0,1,True,False,False,reverse,R,49.0,9.514031194706737,164.72272231216368,True,False,,,-0.9816199190928105,-0.1023961838937169,"/Volumes/Data-1/Nimrod/experiments/PV_126/2024_07_18/block_009/oe_files/PV126_Trial18_wake5_2024-07-18_14-39-15/Record Node 102/analysis/recNames=block_009,Animal=PV_126/lizMov.mat"
PV_126_009_57055_R,PV_126,009,PV_126_block_009,57055.4,57137.7,9.514031194706737,65.93089588455076,R,monocular,1,0,0,0,False,False,False,none,,,,,False,False,,,11.032412502521435,1.1595938962928218,"/Volumes/Data-1/Nimrod/experiments/PV_126/2024_07_18/block_009/oe_files/PV126_Trial18_wake5_2024-07-18_14-39-15/Record Node 102/analysis/recNames=block_009,Animal=PV_126/lizMov.mat"
PV_126_009_118350_R,PV_126,009,PV_126_block_009,118349.6,118448.1,9.210638108650867,7.764332470520847,R,monocular,1,0,0,0,False,False,False,none,,,,,False,False,,,10.823239055201999,1.1750802634441293,"/Volumes/Data-1/Nimrod/experiments/PV_126/2024_07_18/block_009/oe_files/PV126_Trial18_wake5_2024-07-18_14-39-15/Record Node 102/analysis/recNames=block_009,Animal=PV_126/lizMov.mat"
PV_126_009_238739_R,PV_126,009,PV_126_block_009,238739.3,238870.6,10.634937037884288,108.4883240072232,R,monocular,1,5,2,3,True,True,True,reverse,L,147.95000000001164,3.6318927080092496,145.3433816506755,True,False,,,-2.462043885390384,-0.23150526200766136,"/Volumes/Data-1/Nimrod/experiments/PV_126/2024_07_18/block_009/oe_files/PV126_Trial18_wake5_2024-07-18_14-39-15/Record Node 102/analysis/recNames=block_009,Animal=PV_126/lizMov.mat"
PV_126_009_238936_R,PV_126,009,PV_126_block_009,238936.3,238952.95,7.571966868716409,294.3051460419588,R,monocular,1,7,3,4,True,True,True,reverse,R,16.650000000023283,6.595523848938183,177.8640807377223,True,False,,,5.200232584650534,0.6867743447393175,"/Volumes/Data-1/Nimrod/experiments/PV_126/2024_07_18/block_009/oe_files/PV126_Trial18_wake5_2024-07-18_14-39-15/Record Node 102/analysis/recNames=block_009,Animal=PV_126/lizMov.mat"
PV_126_009_238953_R,PV_126,009,PV_126_block_009,238952.95,238969.1,6.595523848938183,116.44106530423646,R,monocular,1,6,3,3,True,True,True,reverse,R,16.14999999999418,6.0706969610351695,178.19562509271856,True,False,,,2.2738836339661344,0.3447616422965718,"/Volumes/Data-1/Nimrod/experiments/PV_126/2024_07_18/block_009/oe_files/PV126_Trial18_wake5_2024-07-18_14-39-15/Record Node 102/analysis/recNames=block_009,Animal=PV_126/lizMov.mat"
PV_126_009_238969_R,PV_126,009,PV_126_block_009,238969.1,238985.75,6.0706969610351695,294.63669039695503,R,monocular,1,5,2,3,True,True,True,reverse,R,16.64999999999418,5.657104905861431,179.87126625225466,True,False,,,4.064668679897101,0.6695555231938306,"/Volumes/Data-1/Nimrod/experiments/PV_126/2024_07_18/block_009/oe_files/PV126_Trial18_wake5_2024-07-18_14-39-15/Record Node 102/analysis/recNames=block_009,Animal=PV_126/lizMov.mat"
PV_126_009_238986_R,PV_126,009,PV_126_block_009,238985.75,239001.95,5.657104905861431,114.76542414470039,R,monocular,1,5,3,2,True,True,True,reverse,R,16.20000000001164,7.0144568352186445,170.41218380691367,False,False,,,2.9248287092195193,0.5170186443226553,"/Volumes/Data-1/Nimrod/experiments/PV_126/2024_07_18/block_009/oe_files/PV126_Trial18_wake5_2024-07-18_14-39-15/Record Node 102/analysis/recNames=block_009,Animal=PV_126/lizMov.mat"
PV_126_009_239002_R,PV_126,009,PV_126_block_009,239001.95,239018.6,7.0144568352186445,285.17760795161405,R,monocular,1,4,1,3,True,True,True,reverse,R,16.64999999999418,4.497554640650288,165.55082174577603,True,False,,,2.2431692286133402,0.31979229202048676,"/Volumes/Data-1/Nimrod/experiments/PV_126/2024_07_18/block_009/oe_files/PV126_Trial18_wake5_2024-07-18_14-39-15/Record Node 102/analysis/recNames=block_009,Animal=PV_126/lizMov.mat"
PV_126_009_245995_R,PV_126,009,PV_126_block_009,245994.75,246257.35,26.61096630142384,122.08687325059981,R,monocular,1,0,0,0,False,False,False,none,,,,,False,False,,,26.257760415812328,0.9867270552444157,"/Volumes/Data-1/Nimrod/experiments/PV_126/2024_07_18/block_009/oe_files/PV126_Trial18_wake5_2024-07-18_14-39-15/Record Node 102/analysis/recNames=block_009,Animal=PV_126/lizMov.mat"
PV_126_009_246274_R,PV_126,009,PV_126_block_009,246274.0,246355.8,6.766529236664616,109.52029505401278,R,monocular,1,3,0,3,True,True,False,reverse,L,65.64999999999418,0.8886834100863487,173.12277296243604,True,False,,,9.112091656663921,1.3466418806394589,"/Volumes/Data-1/Nimrod/experiments/PV_126/2024_07_18/block_009/oe_files/PV126_Trial18_wake5_2024-07-18_14-39-15/Record Node 102/analysis/recNames=block_009,Animal=PV_126/lizMov.mat"
PV_126_009_251592_R,PV_126,009,PV_126_block_009,251592.35,251674.2,9.679677308904706,263.883420876584,R,monocular,1,0,0,0,False,False,False,none,,,,,False,True,251596.0,3.6499999999941792,10.41617598553166,1.0760871104607403,"/Volumes/Data-1/Nimrod/experiments/PV_126/2024_07_18/block_009/oe_files/PV126_Trial18_wake5_2024-07-18_14-39-15/Record Node 102/analysis/recNames=block_009,Animal=PV_126/lizMov.mat"
PV_126_009_327705_R,PV_126,009,PV_126_block_009,327704.55,327737.4,7.135882500219139,145.65528919585662,R,monocular,1,3,0,3,True,True,False,reverse,R,32.850000000034925,0.707410296891739,162.22355524743773,True,False,,,3.333076804891702,0.46708683961505043,"/Volumes/Data-1/Nimrod/experiments/PV_126/2024_07_18/block_009/oe_files/PV126_Trial18_wake5_2024-07-18_14-39-15/Record Node 102/analysis/recNames=block_009,Animal=PV_126/lizMov.mat"
PV_126_009_359469_R,PV_126,009,PV_126_block_009,359468.85,359698.65,44.05158530268021,102.5101694756206,R,monocular,1,2,1,1,True,True,True,same,L,81.85000000003492,0.654079751008622,35.20125196502511,True,False,,,43.620900243345794,0.990223165491658,"/Volumes/Data-1/Nimrod/experiments/PV_126/2024_07_18/block_009/oe_files/PV126_Trial18_wake5_2024-07-18_14-39-15/Record Node 102/analysis/recNames=block_009,Animal=PV_126/lizMov.mat"
PV_126_009_518339_R,PV_126,009,PV_126_block_009,518339.25,518372.05,5.745540030167744,196.63228146484963,R,monocular,1,8,3,4,True,True,True,unknown,L,16.650000000023283,,,False,False,,,1.8151601232429975,0.31592506774163104,"/Volumes/Data-1/Nimrod/experiments/PV_126/2024_07_18/block_009/oe_files/PV126_Trial18_wake5_2024-07-18_14-39-15/Record Node 102/analysis/recNames=block_009,Animal=PV_126/lizMov.mat"
PV_126_009_559548_R,PV_126,009,PV_126_block_009,559547.85,559580.7,5.685775674831016,173.79031407260356,R,monocular,1,7,2,4,True,True,True,unknown,L,32.84999999997672,,,False,True,559552.0,4.150000000023283,-2.5013597235382914,-0.4399328898273203,"/Volumes/Data-1/Nimrod/experiments/PV_126/2024_07_18/block_009/oe_files/PV126_Trial18_wake5_2024-07-18_14-39-15/Record Node 102/analysis/recNames=block_009,Animal=PV_126/lizMov.mat"
PV_126_009_610273_R,PV_126,009,PV_126_block_009,610273.15,610305.95,5.631212147154701,155.8613364007017,R,monocular,1,4,1,3,True,True,True,same,L,16.650000000023283,3.385976449672774,4.074141474829048,True,False,,,0.16308817733283204,0.028961469230960525,"/Volumes/Data-1/Nimrod/experiments/PV_126/2024_07_18/block_009/oe_files/PV126_Trial18_wake5_2024-07-18_14-39-15/Record Node 102/analysis/recNames=block_009,Animal=PV_126/lizMov.mat"
PV_126_009_619072_R,PV_126,009,PV_126_block_009,619071.85,619104.7,8.445996690983325,5.887747554169132,R,monocular,1,7,4,3,True,True,True,same,L,16.650000000023283,6.000867589154134,15.20700784662995,True,False,,,-2.102176426610864,-0.24889619348952388,"/Volumes/Data-1/Nimrod/experiments/PV_126/2024_07_18/block_009/oe_files/PV126_Trial18_wake5_2024-07-18_14-39-15/Record Node 102/analysis/recNames=block_009,Animal=PV_126/lizMov.mat"
PV_126_009_942248_R,PV_126,009,PV_126_block_009,942248.3,942363.45,24.27870111164111,123.70120907665535,R,monocular,1,0,0,0,False,False,False,none,,,,,False,False,,,25.817197258080615,1.0633681406334308,"/Volumes/Data-1/Nimrod/experiments/PV_126/2024_07_18/block_009/oe_files/PV126_Trial18_wake5_2024-07-18_14-39-15/Record Node 102/analysis/recNames=block_009,Animal=PV_126/lizMov.mat"
PV_126_009_974431_R,PV_126,009,PV_126_block_009,974431.3,974562.65,14.554831260841267,64.793342415414,R,monocular,1,1,0,1,True,False,False,reverse,L,49.5,3.2011628925446316,113.70301364382169,True,False,,,14.827000568597676,1.0186995852359113,"/Volumes/Data-1/Nimrod/experiments/PV_126/2024_07_18/block_009/oe_files/PV126_Trial18_wake5_2024-07-18_14-39-15/Record Node 102/analysis/recNames=block_009,Animal=PV_126/lizMov.mat"
PV_126_009_1027662_R,PV_126,009,PV_126_block_009,1027662.45,1027711.95,6.530784238092296,356.52259786970416,R,monocular,1,0,0,0,False,False,False,none,,,,,False,False,,,5.509105724085956,0.8435595976288474,"/Volumes/Data-1/Nimrod/experiments/PV_126/2024_07_18/block_009/oe_files/PV126_Trial18_wake5_2024-07-18_14-39-15/Record Node 102/analysis/recNames=block_009,Animal=PV_126/lizMov.mat"
PV_126_009_1061069_R,PV_126,009,PV_126_block_009,1061069.45,1061167.95,8.01674281643486,266.6142510728974,R,monocular,1,0,0,0,False,False,False,none,,,,,False,False,,,10.23915587383899,1.2772214486970987,"/Volumes/Data-1/Nimrod/experiments/PV_126/2024_07_18/block_009/oe_files/PV126_Trial18_wake5_2024-07-18_14-39-15/Record Node 102/analysis/recNames=block_009,Animal=PV_126/lizMov.mat"
PV_126_009_1151885_R,PV_126,009,PV_126_block_009,1151884.8,1151983.3,16.92059462153067,63.996628503647486,R,monocular,1,0,0,0,False,False,False,none,,,,,False,False,,,18.548093973733167,1.0961845247525508,"/Volumes/Data-1/Nimrod/experiments/PV_126/2024_07_18/block_009/oe_files/PV126_Trial18_wake5_2024-07-18_14-39-15/Record Node 102/analysis/recNames=block_009,Animal=PV_126/lizMov.mat"
PV_126_009_1195782_R,PV_126,009,PV_126_block_009,1195781.8,1195797.95,6.298253605338491,92.40985001327786,R,monocular,1,3,1,2,True,True,True,same,R,49.0,3.8242608072939253,42.13706842126348,True,False,,,-1.7795619603106938,-0.28254847642246594,"/Volumes/Data-1/Nimrod/experiments/PV_126/2024_07_18/block_009/oe_files/PV126_Trial18_wake5_2024-07-18_14-39-15/Record Node 102/analysis/recNames=block_009,Animal=PV_126/lizMov.mat"
PV_126_009_1195847_R,PV_126,009,PV_126_block_009,1195847.45,1195880.25,7.3668830073949385,295.9366136193671,R,monocular,1,1,1,0,True,False,False,same,R,81.80000000004657,1.2423762452843803,16.407369252949366,True,False,,,12.729429007264404,1.7279260434143582,"/Volumes/Data-1/Nimrod/experiments/PV_126/2024_07_18/block_009/oe_files/PV126_Trial18_wake5_2024-07-18_14-39-15/Record Node 102/analysis/recNames=block_009,Animal=PV_126/lizMov.mat"
PV_126_009_1255712_R,PV_126,009,PV_126_block_009,1255711.55,1255744.4,8.033905150916944,306.71489137365273,R,monocular,1,0,0,0,False,False,False,none,,,,,False,True,1255928.0,216.44999999995343,7.924659096023313,0.9864018739527736,"/Volumes/Data-1/Nimrod/experiments/PV_126/2024_07_18/block_009/oe_files/PV126_Trial18_wake5_2024-07-18_14-39-15/Record Node 102/analysis/recNames=block_009,Animal=PV_126/lizMov.mat"
PV_126_009_1260554_R,PV_126,009,PV_126_block_009,1260553.85,1260701.3,17.70094448624535,257.5363910984116,R,monocular,1,0,0,0,False,False,False,none,,,,,False,False,,,18.776170149518183,1.0607439712670894,"/Volumes/Data-1/Nimrod/experiments/PV_126/2024_07_18/block_009/oe_files/PV126_Trial18_wake5_2024-07-18_14-39-15/Record Node 102/analysis/recNames=block_009,Animal=PV_126/lizMov.mat"
PV_126_009_1293516_R,PV_126,009,PV_126_block_009,1293515.95,1293581.65,7.91508593190686,76.12456158074434,R,monocular,1,0,0,0,False,False,False,none,,,,,False,False,,,8.255772854483633,1.0430427320066626,"/Volumes/Data-1/Nimrod/experiments/PV_126/2024_07_18/block_009/oe_files/PV126_Trial18_wake5_2024-07-18_14-39-15/Record Node 102/analysis/recNames=block_009,Animal=PV_126/lizMov.mat"
PV_126_009_1293992_R,PV_126,009,PV_126_block_009,1293991.8,1294074.1,10.80098070169461,89.196175005835,R,monocular,1,0,0,0,False,False,False,none,,,,,False,False,,,9.151989154726518,0.8473294608600332,"/Volumes/Data-1/Nimrod/experiments/PV_126/2024_07_18/block_009/oe_files/PV126_Trial18_wake5_2024-07-18_14-39-15/Record Node 102/analysis/recNames=block_009,Animal=PV_126/lizMov.mat"
PV_126_009_1300180_R,PV_126,009,PV_126_block_009,1300179.9,1300360.25,23.01149907624438,257.7842342825545,R,monocular,1,0,0,0,False,False,False,none,,,,,False,False,,,23.48737033075434,1.0206797155167184,"/Volumes/Data-1/Nimrod/experiments/PV_126/2024_07_18/block_009/oe_files/PV126_Trial18_wake5_2024-07-18_14-39-15/Record Node 102/analysis/recNames=block_009,Animal=PV_126/lizMov.mat"
PV_126_009_1594092_R,PV_126,009,PV_126_block_009,1594091.65,1594173.5,7.348641864619946,279.3213567848317,R,monocular,1,1,1,0,True,False,False,same,R,98.5,0.5723899090559588,13.522068167501232,True,False,,,12.261188506176195,1.6684972178611284,"/Volumes/Data-1/Nimrod/experiments/PV_126/2024_07_18/block_009/oe_files/PV126_Trial18_wake5_2024-07-18_14-39-15/Record Node 102/analysis/recNames=block_009,Animal=PV_126/lizMov.mat"
PV_126_009_1818568_R,PV_126,009,PV_126_block_009,1818568.2,1818601.0,11.016381386211089,112.22079641349167,R,monocular,1,1,0,1,True,False,False,reverse,R,32.800000000046566,10.764780782799319,141.55285709719783,True,False,,,1.5680652611049548,0.14233941310961332,"/Volumes/Data-1/Nimrod/experiments/PV_126/2024_07_18/block_009/oe_files/PV126_Trial18_wake5_2024-07-18_14-39-15/Record Node 102/analysis/recNames=block_009,Animal=PV_126/lizMov.mat"
PV_126_009_1818601_R,PV_126,009,PV_126_block_009,1818601.0,1818715.75,10.764780782799319,253.7736535106895,R,monocular,1,0,0,0,False,False,False,none,,,,,False,False,,,11.818731259154832,1.0979072865134036,"/Volumes/Data-1/Nimrod/experiments/PV_126/2024_07_18/block_009/oe_files/PV126_Trial18_wake5_2024-07-18_14-39-15/Record Node 102/analysis/recNames=block_009,Animal=PV_126/lizMov.mat"
PV_126_009_1987552_R,PV_126,009,PV_126_block_009,1987552.05,1987667.2,9.109493940404052,237.38076235161375,R,monocular,1,1,1,0,True,False,False,same,L,148.0,1.6083635441159077,43.65626493949125,True,False,,,8.941230514340091,0.9815287844566591,"/Volumes/Data-1/Nimrod/experiments/PV_126/2024_07_18/block_009/oe_files/PV126_Trial18_wake5_2024-07-18_14-39-15/Record Node 102/analysis/recNames=block_009,Animal=PV_126/lizMov.mat"
PV_126_009_2063574_R,PV_126,009,PV_126_block_009,2063574.3,2063689.45,18.768835501144153,59.79813376599537,R,monocular,1,0,0,0,False,False,False,none,,,,,False,False,,,21.01313198292566,1.1195756913978332,"/Volumes/Data-1/Nimrod/experiments/PV_126/2024_07_18/block_009/oe_files/PV126_Trial18_wake5_2024-07-18_14-39-15/Record Node 102/analysis/recNames=block_009,Animal=PV_126/lizMov.mat"
PV_126_009_2068337_R,PV_126,009,PV_126_block_009,2068336.7,2068402.35,7.131265256919455,335.7539509880314,R,monocular,1,0,0,0,False,False,False,none,,,,,False,False,,,6.922200999779757,0.9706834271889069,"/Volumes/Data-1/Nimrod/experiments/PV_126/2024_07_18/block_009/oe_files/PV126_Trial18_wake5_2024-07-18_14-39-15/Record Node 102/analysis/recNames=block_009,Animal=PV_126/lizMov.mat"
PV_126_009_2091228_R,PV_126,009,PV_126_block_009,2091228.3,2091261.1,5.611698186096655,66.22496938071772,R,monocular,1,0,0,0,False,False,False,none,,,,,False,False,,,4.720172802557198,0.8411309101141133,"/Volumes/Data-1/Nimrod/experiments/PV_126/2024_07_18/block_009/oe_files/PV126_Trial18_wake5_2024-07-18_14-39-15/Record Node 102/analysis/recNames=block_009,Animal=PV_126/lizMov.mat"
PV_126_009_2653002_R,PV_126,009,PV_126_block_009,2653001.7,2653034.5,6.285783231451774,157.43525882430274,R,monocular,1,2,1,1,True,True,True,reverse,R,32.799999999813735,4.513158831960728,156.48782178592444,True,False,,,2.355908473617584,0.37479950976188214,"/Volumes/Data-1/Nimrod/experiments/PV_126/2024_07_18/block_009/oe_files/PV126_Trial18_wake5_2024-07-18_14-39-15/Record Node 102/analysis/recNames=block_009,Animal=PV_126/lizMov.mat"
PV_126_010_121931_R,PV_126,010,PV_126_block_010,121931.45,121997.1,11.279092553459801,4.171015053610964,R,binocular,2,2,0,2,True,True,False,reverse,L,65.65000000000873,3.270982371536153,160.099120021844,True,False,,,8.736673992098002,0.774590149933478,"/Volumes/Data-1/Nimrod/experiments/PV_126/2024_07_18/block_010/oe_files/PV126_Trial19_wake6_2024-07-18_15-24-57/Record Node 102/analysis/recNames=block_010,Animal=PV_126/lizMov.mat"
PV_126_010_122883_L,PV_126,010,PV_126_block_010,122883.45,122932.45,8.966259790380086,220.64791149972368,L,binocular,2,1,0,1,True,False,False,reverse,R,49.0,3.782959589705099,114.15096621756675,True,True,122912.0,28.55000000000291,7.340013313252168,0.8186259917571517,"/Volumes/Data-1/Nimrod/experiments/PV_126/2024_07_18/block_010/oe_files/PV126_Trial19_wake6_2024-07-18_15-24-57/Record Node 102/analysis/recNames=block_010,Animal=PV_126/lizMov.mat"
PV_126_010_328786_R,PV_126,010,PV_126_block_010,328785.9,328851.55,9.194004449479301,93.56585292504425,R,binocular,2,0,0,0,False,False,False,none,,,,,False,False,,,10.839502666263812,1.1789751381812419,"/Volumes/Data-1/Nimrod/experiments/PV_126/2024_07_18/block_010/oe_files/PV126_Trial19_wake6_2024-07-18_15-24-57/Record Node 102/analysis/recNames=block_010,Animal=PV_126/lizMov.mat"
PV_126_010_331692_R,PV_126,010,PV_126_block_010,331691.75,331806.45,14.042195585999638,285.8220703364324,R,binocular,2,0,0,0,False,False,False,none,,,,,False,False,,,14.790564622450187,1.0532943037196183,"/Volumes/Data-1/Nimrod/experiments/PV_126/2024_07_18/block_010/oe_files/PV126_Trial19_wake6_2024-07-18_15-24-57/Record Node 102/analysis/recNames=block_010,Animal=PV_126/lizMov.mat"
PV_126_010_348207_L,PV_126,010,PV_126_block_010,348207.35,348289.2,6.911927074647733,15.31506265813351,L,binocular,2,0,0,0,False,False,False,none,,,,,False,False,,,6.84899210157207,0.9908947284315973,"/Volumes/Data-1/Nimrod/experiments/PV_126/2024_07_18/block_010/oe_files/PV126_Trial19_wake6_2024-07-18_15-24-57/Record Node 102/analysis/recNames=block_010,Animal=PV_126/lizMov.mat"
PV_126_010_379812_R,PV_126,010,PV_126_block_010,379811.5,379877.15,5.935954330874698,214.67492513152635,R,binocular,2,1,1,0,True,False,False,same,R,82.29999999998836,7.824957752323753,54.133008045144464,False,False,,,11.324646962639395,1.907805608229914,"/Volumes/Data-1/Nimrod/experiments/PV_126/2024_07_18/block_010/oe_files/PV126_Trial19_wake6_2024-07-18_15-24-57/Record Node 102/analysis/recNames=block_010,Animal=PV_126/lizMov.mat"
PV_126_010_381404_R,PV_126,010,PV_126_block_010,381404.2,381486.05,9.212868459631679,310.36846215842434,R,binocular,2,1,0,1,True,False,False,reverse,L,65.64999999996508,1.014240192449342,163.00157727140112,True,False,,,8.488352473279287,0.9213582621387653,"/Volumes/Data-1/Nimrod/experiments/PV_126/2024_07_18/block_010/oe_files/PV126_Trial19_wake6_2024-07-18_15-24-57/Record Node 102/analysis/recNames=block_010,Animal=PV_126/lizMov.mat"
PV_126_010_416290_L,PV_126,010,PV_126_block_010,416289.8,416421.15,7.0274898888630135,348.7884679570137,L,binocular,2,2,2,0,True,True,False,same,L,98.5,0.7067113308013299,21.30269396565012,True,False,,,9.793826280887178,1.3936450191708114,"/Volumes/Data-1/Nimrod/experiments/PV_126/2024_07_18/block_010/oe_files/PV126_Trial19_wake6_2024-07-18_15-24-57/Record Node 102/analysis/recNames=block_010,Animal=PV_126/lizMov.mat"
PV_126_010_440962_R,PV_126,010,PV_126_block_010,440962.4,441060.9,7.031389435799017,169.82537277617075,R,binocular,2,0,0,0,False,False,False,none,,,,,False,False,,,10.346428822586113,1.4714629188235808,"/Volumes/Data-1/Nimrod/experiments/PV_126/2024_07_18/block_010/oe_files/PV126_Trial19_wake6_2024-07-18_15-24-57/Record Node 102/analysis/recNames=block_010,Animal=PV_126/lizMov.mat"
PV_126_010_454670_L,PV_126,010,PV_126_block_010,454669.75,454752.05,5.825181652026518,18.858057835991254,L,binocular,2,0,0,0,False,False,False,none,,,,,False,False,,,6.568474990483463,1.127600027408306,"/Volumes/Data-1/Nimrod/experiments/PV_126/2024_07_18/block_010/oe_files/PV126_Trial19_wake6_2024-07-18_15-24-57/Record Node 102/analysis/recNames=block_010,Animal=PV_126/lizMov.mat"
PV_126_010_470299_R,PV_126,010,PV_126_block_010,470299.1,470364.75,9.117449767580599,166.50128256543866,R,binocular,2,1,1,0,True,False,False,same,L,82.30000000004657,0.5846696970510824,26.63098485670409,True,False,,,12.65563462688427,1.3880673817238438,"/Volumes/Data-1/Nimrod/experiments/PV_126/2024_07_18/block_010/oe_files/PV126_Trial19_wake6_2024-07-18_15-24-57/Record Node 102/analysis/recNames=block_010,Animal=PV_126/lizMov.mat"
PV_126_010_475126_R,PV_126,010,PV_126_block_010,475125.7,475208.05,18.487355879553256,73.07650202069041,R,binocular,2,0,0,0,False,False,False,none,,,,,False,False,,,19.13394607532045,1.0349747254274644,"/Volumes/Data-1/Nimrod/experiments/PV_126/2024_07_18/block_010/oe_files/PV126_Trial19_wake6_2024-07-18_15-24-57/Record Node 102/analysis/recNames=block_010,Animal=PV_126/lizMov.mat"
PV_126_010_480100_R,PV_126,010,PV_126_block_010,480100.45,480215.1,12.619810229188158,242.2177600320457,R,binocular,2,0,0,0,False,False,False,none,,,,,False,False,,,15.194714750082264,1.2040367069021887,"/Volumes/Data-1/Nimrod/experiments/PV_126/2024_07_18/block_010/oe_files/PV126_Trial19_wake6_2024-07-18_15-24-57/Record Node 102/analysis/recNames=block_010,Animal=PV_126/lizMov.mat"
PV_126_010_579446_R,PV_126,010,PV_126_block_010,579445.7,579511.35,6.652921833776816,157.06635820072327,R,binocular,2,0,0,0,False,False,False,none,,,,,False,False,,,7.298297969827882,1.0970064209644699,"/Volumes/Data-1/Nimrod/experiments/PV_126/2024_07_18/block_010/oe_files/PV126_Trial19_wake6_2024-07-18_15-24-57/Record Node 102/analysis/recNames=block_010,Animal=PV_126/lizMov.mat"
PV_126_010_643484_L,PV_126,010,PV_126_block_010,643483.7,643598.8,10.584657587993506,2.642434339687868,L,binocular,2,1,1,0,True,False,False,same,R,98.45000000006985,2.5660609853072454,43.40458866950263,True,False,,,13.280613286954337,1.2547041013418265,"/Volumes/Data-1/Nimrod/experiments/PV_126/2024_07_18/block_010/oe_files/PV126_Trial19_wake6_2024-07-18_15-24-57/Record Node 102/analysis/recNames=block_010,Animal=PV_126/lizMov.mat"
PV_126_010_652939_L,PV_126,010,PV_126_block_010,652939.25,653037.75,11.634923934060849,207.99128475202383,L,binocular,2,0,0,0,False,False,False,none,,,,,False,False,,,12.745637314322181,1.0954637423120366,"/Volumes/Data-1/Nimrod/experiments/PV_126/2024_07_18/block_010/oe_files/PV126_Trial19_wake6_2024-07-18_15-24-57/Record Node 102/analysis/recNames=block_010,Animal=PV_126/lizMov.mat"
PV_126_010_664103_R,PV_126,010,PV_126_block_010,664102.95,664234.25,7.476088492547393,244.15465966199065,R,binocular,2,1,0,1,True,False,False,reverse,L,82.30000000004657,4.376219017386782,102.64417353398113,True,False,,,4.9334151996317495,0.6598925634106216,"/Volumes/Data-1/Nimrod/experiments/PV_126/2024_07_18/block_010/oe_files/PV126_Trial19_wake6_2024-07-18_15-24-57/Record Node 102/analysis/recNames=block_010,Animal=PV_126/lizMov.mat"
PV_126_010_677680_L,PV_126,010,PV_126_block_010,677679.8,677778.3,7.119001534838168,123.13912728688703,L,binocular,2,0,0,0,False,False,False,none,,,,,False,False,,,8.408097376851186,1.1810781800937373,"/Volumes/Data-1/Nimrod/experiments/PV_126/2024_07_18/block_010/oe_files/PV126_Trial19_wake6_2024-07-18_15-24-57/Record Node 102/analysis/recNames=block_010,Animal=PV_126/lizMov.mat"
PV_126_010_680750_R,PV_126,010,PV_126_block_010,680749.55,680831.85,18.865732307844837,100.94752773486059,R,binocular,2,1,1,0,True,False,False,same,L,115.14999999990687,0.7903484865860594,32.00917809958048,True,False,,,14.563369800535625,0.7719482903125799,"/Volumes/Data-1/Nimrod/experiments/PV_126/2024_07_18/block_010/oe_files/PV126_Trial19_wake6_2024-07-18_15-24-57/Record Node 102/analysis/recNames=block_010,Animal=PV_126/lizMov.mat"
PV_126_010_711054_R,PV_126,010,PV_126_block_010,711054.5,711136.8,10.071532419603592,139.25434908989013,R,binocular,2,0,0,0,False,False,False,none,,,,,False,False,,,7.9413264570978,0.788492369010352,"/Volumes/Data-1/Nimrod/experiments/PV_126/2024_07_18/block_010/oe_files/PV126_Trial19_wake6_2024-07-18_15-24-57/Record Node 102/analysis/recNames=block_010,Animal=PV_126/lizMov.mat"
PV_126_010_716833_R,PV_126,010,PV_126_block_010,716833.3,716931.8,13.025636314161497,312.6521039226063,R,binocular,2,0,0,0,False,False,False,none,,,,,False,False,,,12.959874391231203,0.9949513466103151,"/Volumes/Data-1/Nimrod/experiments/PV_126/2024_07_18/block_010/oe_files/PV126_Trial19_wake6_2024-07-18_15-24-57/Record Node 102/analysis/recNames=block_010,Animal=PV_126/lizMov.mat"
PV_126_010_717441_R,PV_126,010,PV_126_block_010,717441.05,717555.7,10.991751436358996,9.096977213616677,R,binocular,2,1,0,1,True,False,False,reverse,R,65.64999999990687,1.792502608506997,138.920980944419,True,False,,,10.197910563248863,0.927778491198024,"/Volumes/Data-1/Nimrod/experiments/PV_126/2024_07_18/block_010/oe_files/PV126_Trial19_wake6_2024-07-18_15-24-57/Record Node 102/analysis/recNames=block_010,Animal=PV_126/lizMov.mat"
PV_126_010_722169_L,PV_126,010,PV_126_block_010,722169.25,722234.9,15.036421740887247,308.7951107851005,L,binocular,2,3,1,2,True,True,True,reverse,L,49.0,10.754235507604792,168.82249010471295,True,False,,,3.3515424079880756,0.22289494573529517,"/Volumes/Data-1/Nimrod/experiments/PV_126/2024_07_18/block_010/oe_files/PV126_Trial19_wake6_2024-07-18_15-24-57/Record Node 102/analysis/recNames=block_010,Animal=PV_126/lizMov.mat"
PV_126_010_722218_L,PV_126,010,PV_126_block_010,722218.25,722300.6,10.754235507604792,139.97262068038756,L,binocular,2,1,1,0,True,False,False,same,R,32.84999999997672,5.4382059804689,77.97149371546996,True,False,,,12.189640020367527,1.1334734125682573,"/Volumes/Data-1/Nimrod/experiments/PV_126/2024_07_18/block_010/oe_files/PV126_Trial19_wake6_2024-07-18_15-24-57/Record Node 102/analysis/recNames=block_010,Animal=PV_126/lizMov.mat"
PV_126_010_723663_L,PV_126,010,PV_126_block_010,723663.1,723728.75,7.919337507786225,228.40155228259314,L,binocular,2,0,0,0,False,False,False,none,,,,,False,False,,,6.144523589941568,0.7758885871324874,"/Volumes/Data-1/Nimrod/experiments/PV_126/2024_07_18/block_010/oe_files/PV126_Trial19_wake6_2024-07-18_15-24-57/Record Node 102/analysis/recNames=block_010,Animal=PV_126/lizMov.mat"
PV_126_010_760176_R,PV_126,010,PV_126_block_010,760175.7,760307.0,22.579956016337846,100.63467241300971,R,binocular,2,0,0,0,False,False,False,none,,,,,False,True,760392.0,216.30000000004657,20.17364991079894,0.8934317629406447,"/Volumes/Data-1/Nimrod/experiments/PV_126/2024_07_18/block_010/oe_files/PV126_Trial19_wake6_2024-07-18_15-24-57/Record Node 102/analysis/recNames=block_010,Animal=PV_126/lizMov.mat"
PV_126_010_767826_R,PV_126,010,PV_126_block_010,767826.1,767891.8,8.244727854360079,154.00719873220635,R,binocular,2,3,0,3,True,True,False,reverse,L,49.5,0.701932460253634,158.0928058525874,True,False,,,-1.1346025090943166,-0.137615519776593,"/Volumes/Data-1/Nimrod/experiments/PV_126/2024_07_18/block_010/oe_files/PV126_Trial19_wake6_2024-07-18_15-24-57/Record Node 102/analysis/recNames=block_010,Animal=PV_126/lizMov.mat"
PV_126_010_780729_R,PV_126,010,PV_126_block_010,780729.2,780844.3,17.581301858082405,257.2090770468043,R,binocular,2,1,0,1,True,False,False,reverse,R,115.10000000009313,0.5969319760662967,130.57207577603629,True,False,,,16.04167522164118,0.9124281780229242,"/Volumes/Data-1/Nimrod/experiments/PV_126/2024_07_18/block_010/oe_files/PV126_Trial19_wake6_2024-07-18_15-24-57/Record Node 102/analysis/recNames=block_010,Animal=PV_126/lizMov.mat"
PV_126_010_789890_R,PV_126,010,PV_126_block_010,789889.9,789939.4,6.2933451090364265,337.1230438127935,R,binocular,2,6,2,4,True,True,True,reverse,L,82.34999999997672,2.4494363862519966,161.2666436490105,True,True,790104.0,214.09999999997672,6.476064894971851,1.0290338099642848,"/Volumes/Data-1/Nimrod/experiments/PV_126/2024_07_18/block_010/oe_files/PV126_Trial19_wake6_2024-07-18_15-24-57/Record Node 102/analysis/recNames=block_010,Animal=PV_126/lizMov.mat"
PV_126_010_885873_R,PV_126,010,PV_126_block_010,885873.0,885938.65,5.545993583954988,303.1218921714006,R,binocular,2,0,0,0,False,False,False,none,,,,,False,False,,,5.94674716756266,1.0722600157286668,"/Volumes/Data-1/Nimrod/experiments/PV_126/2024_07_18/block_010/oe_files/PV126_Trial19_wake6_2024-07-18_15-24-57/Record Node 102/analysis/recNames=block_010,Animal=PV_126/lizMov.mat"
PV_126_010_910231_R,PV_126,010,PV_126_block_010,910230.75,910312.6,10.545343333822425,143.19638090856867,R,binocular,2,0,0,0,False,False,False,none,,,,,False,False,,,8.528929500226004,0.8087863268397236,"/Volumes/Data-1/Nimrod/experiments/PV_126/2024_07_18/block_010/oe_files/PV126_Trial19_wake6_2024-07-18_15-24-57/Record Node 102/analysis/recNames=block_010,Animal=PV_126/lizMov.mat"
PV_126_010_910723_R,PV_126,010,PV_126_block_010,910723.2,910821.65,5.964106286064372,0.2129286109233979,R,binocular,2,2,0,2,True,True,False,reverse,L,245.95000000006985,3.922300045220909,163.808043322059,True,False,,,3.8155448691433915,0.6397513200022488,"/Volumes/Data-1/Nimrod/experiments/PV_126/2024_07_18/block_010/oe_files/PV126_Trial19_wake6_2024-07-18_15-24-57/Record Node 102/analysis/recNames=block_010,Animal=PV_126/lizMov.mat"
PV_126_010_910969_R,PV_126,010,PV_126_block_010,910969.15,911002.0,5.9161228486044966,151.02406828897432,R,binocular,2,2,0,2,True,True,False,reverse,L,32.84999999997672,2.9431759507644712,175.99868646010822,True,False,,,0.6215884408216523,0.10506685826652053,"/Volumes/Data-1/Nimrod/experiments/PV_126/2024_07_18/block_010/oe_files/PV126_Trial19_wake6_2024-07-18_15-24-57/Record Node 102/analysis/recNames=block_010,Animal=PV_126/lizMov.mat"
PV_126_010_911544_R,PV_126,010,PV_126_block_010,911543.95,911609.6,5.660917441497263,301.3219364381593,R,binocular,2,2,1,1,True,True,True,reverse,R,131.35000000009313,2.0525667117458335,164.84763137878923,True,True,911632.0,88.05000000004657,6.140057449498834,1.0846399921838186,"/Volumes/Data-1/Nimrod/experiments/PV_126/2024_07_18/block_010/oe_files/PV126_Trial19_wake6_2024-07-18_15-24-57/Record Node 102/analysis/recNames=block_010,Animal=PV_126/lizMov.mat"
PV_126_010_919652_R,PV_126,010,PV_126_block_010,919652.35,919734.2,7.923747815471584,332.01367342561053,R,binocular,2,0,0,0,False,False,False,none,,,,,False,False,,,7.60743598143918,0.9600805273718093,"/Volumes/Data-1/Nimrod/experiments/PV_126/2024_07_18/block_010/oe_files/PV126_Trial19_wake6_2024-07-18_15-24-57/Record Node 102/analysis/recNames=block_010,Animal=PV_126/lizMov.mat"
PV_126_010_953862_L,PV_126,010,PV_126_block_010,953861.55,953927.2,5.667327458804003,176.06909257862313,L,binocular,2,0,0,0,False,False,False,none,,,,,False,False,,,6.304319064881736,1.112397176748308,"/Volumes/Data-1/Nimrod/experiments/PV_126/2024_07_18/block_010/oe_files/PV126_Trial19_wake6_2024-07-18_15-24-57/Record Node 102/analysis/recNames=block_010,Animal=PV_126/lizMov.mat"
PV_126_010_1244675_R,PV_126,010,PV_126_block_010,1244675.3,1244757.1,8.356474058722386,0.4957938449000039,R,binocular,2,0,0,0,False,False,False,none,,,,,False,False,,,9.340256912158996,1.1177270277539784,"/Volumes/Data-1/Nimrod/experiments/PV_126/2024_07_18/block_010/oe_files/PV126_Trial19_wake6_2024-07-18_15-24-57/Record Node 102/analysis/recNames=block_010,Animal=PV_126/lizMov.mat"
PV_126_010_1251880_L,PV_126,010,PV_126_block_010,1251880.45,1251995.6,7.298459667800274,163.2839358644823,L,binocular,2,0,0,0,False,False,False,none,,,,,False,False,,,9.413481581081403,1.2897901762220174,"/Volumes/Data-1/Nimrod/experiments/PV_126/2024_07_18/block_010/oe_files/PV126_Trial19_wake6_2024-07-18_15-24-57/Record Node 102/analysis/recNames=block_010,Animal=PV_126/lizMov.mat"
PV_126_010_1472475_R,PV_126,010,PV_126_block_010,1472475.4,1472573.85,7.463860192563947,34.08575297319689,R,binocular,2,0,0,0,False,False,False,none,,,,,False,False,,,10.485230000681577,1.4047998931072883,"/Volumes/Data-1/Nimrod/experiments/PV_126/2024_07_18/block_010/oe_files/PV126_Trial19_wake6_2024-07-18_15-24-57/Record Node 102/analysis/recNames=block_010,Animal=PV_126/lizMov.mat"
PV_126_010_1677825_R,PV_126,010,PV_126_block_010,1677824.55,1677923.05,12.296504850477008,85.74661477017968,R,binocular,2,0,0,0,False,False,False,none,,,,,False,False,,,12.8977501875693,1.0488956288313884,"/Volumes/Data-1/Nimrod/experiments/PV_126/2024_07_18/block_010/oe_files/PV126_Trial19_wake6_2024-07-18_15-24-57/Record Node 102/analysis/recNames=block_010,Animal=PV_126/lizMov.mat"
PV_126_010_1809225_R,PV_126,010,PV_126_block_010,1809224.95,1809290.6,6.475428983337753,180.26420484412148,R,binocular,2,2,1,0,True,True,False,unknown,L,65.6500000001397,,,False,False,,,5.754095215722092,0.888604481730591,"/Volumes/Data-1/Nimrod/experiments/PV_126/2024_07_18/block_010/oe_files/PV126_Trial19_wake6_2024-07-18_15-24-57/Record Node 102/analysis/recNames=block_010,Animal=PV_126/lizMov.mat"
PV_126_010_1823227_R,PV_126,010,PV_126_block_010,1823226.55,1823325.05,8.533402024941118,32.97412185820754,R,binocular,2,0,0,0,False,False,False,none,,,,,False,False,,,12.69223335774855,1.4873591236709756,"/Volumes/Data-1/Nimrod/experiments/PV_126/2024_07_18/block_010/oe_files/PV126_Trial19_wake6_2024-07-18_15-24-57/Record Node 102/analysis/recNames=block_010,Animal=PV_126/lizMov.mat"
PV_126_010_1935290_L,PV_126,010,PV_126_block_010,1935290.25,1935355.9,5.900914452384157,206.4180807291622,L,binocular,2,0,0,0,False,False,False,none,,,,,False,False,,,6.901452068701747,1.169556366965012,"/Volumes/Data-1/Nimrod/experiments/PV_126/2024_07_18/block_010/oe_files/PV126_Trial19_wake6_2024-07-18_15-24-57/Record Node 102/analysis/recNames=block_010,Animal=PV_126/lizMov.mat"
PV_126_010_1936210_R,PV_126,010,PV_126_block_010,1936209.5,1936275.15,5.990617359267436,319.89925540025774,R,binocular,2,4,2,2,True,True,True,reverse,L,164.14999999990687,5.444905623029344,127.87557443056991,True,False,,,-0.28094126218959525,-0.04689687979403015,"/Volumes/Data-1/Nimrod/experiments/PV_126/2024_07_18/block_010/oe_files/PV126_Trial19_wake6_2024-07-18_15-24-57/Record Node 102/analysis/recNames=block_010,Animal=PV_126/lizMov.mat"
PV_126_010_1936374_R,PV_126,010,PV_126_block_010,1936373.65,1936406.45,6.818313418301915,131.77473146548175,R,binocular,2,2,0,2,True,True,False,reverse,L,32.800000000046566,3.2504625224353836,126.5843192743462,True,False,,,-1.1623933654433836,-0.17048106975007243,"/Volumes/Data-1/Nimrod/experiments/PV_126/2024_07_18/block_010/oe_files/PV126_Trial19_wake6_2024-07-18_15-24-57/Record Node 102/analysis/recNames=block_010,Animal=PV_126/lizMov.mat"
PV_126_010_1937834_R,PV_126,010,PV_126_block_010,1937834.3,1937883.75,11.33418424055973,125.31517825718979,R,binocular,2,1,0,1,True,False,False,reverse,R,49.449999999953434,3.5664821677730907,163.21898478617402,True,False,,,5.980493753623691,0.5276510092559028,"/Volumes/Data-1/Nimrod/experiments/PV_126/2024_07_18/block_010/oe_files/PV126_Trial19_wake6_2024-07-18_15-24-57/Record Node 102/analysis/recNames=block_010,Animal=PV_126/lizMov.mat"
PV_126_010_1939049_R,PV_126,010,PV_126_block_010,1939048.85,1939114.5,6.70567364703677,270.125478923487,R,binocular,2,2,0,2,True,True,False,reverse,L,131.3499999998603,4.784978000745894,106.71377033154738,True,False,,,3.3162227322172875,0.49453983399307283,"/Volumes/Data-1/Nimrod/experiments/PV_126/2024_07_18/block_010/oe_files/PV126_Trial19_wake6_2024-07-18_15-24-57/Record Node 102/analysis/recNames=block_010,Animal=PV_126/lizMov.mat"
PV_126_010_1939788_R,PV_126,010,PV_126_block_010,1939787.8,1939836.8,7.494537890920023,154.95908331903811,R,binocular,2,1,0,1,True,False,False,reverse,R,32.8499999998603,2.413581495924682,139.69706920481383,True,False,,,4.305011095469668,0.5744198185568434,"/Volumes/Data-1/Nimrod/experiments/PV_126/2024_07_18/block_010/oe_files/PV126_Trial19_wake6_2024-07-18_15-24-57/Record Node 102/analysis/recNames=block_010,Animal=PV_126/lizMov.mat"
PV_126_010_1942234_R,PV_126,010,PV_126_block_010,1942233.5,1942299.15,11.671766711117424,102.7711117095919,R,binocular,2,1,0,1,True,False,False,reverse,R,65.64999999990687,0.6713117129500367,151.20016634253022,True,False,,,9.897155248736818,0.8479569112111983,"/Volumes/Data-1/Nimrod/experiments/PV_126/2024_07_18/block_010/oe_files/PV126_Trial19_wake6_2024-07-18_15-24-57/Record Node 102/analysis/recNames=block_010,Animal=PV_126/lizMov.mat"
PV_126_010_1944072_R,PV_126,010,PV_126_block_010,1944071.9,1944203.2,6.639659569702874,331.3387382841083,R,binocular,2,0,0,0,False,False,False,none,,,,,False,False,,,6.421923346186171,0.9672067187736182,"/Volumes/Data-1/Nimrod/experiments/PV_126/2024_07_18/block_010/oe_files/PV126_Trial19_wake6_2024-07-18_15-24-57/Record Node 102/analysis/recNames=block_010,Animal=PV_126/lizMov.mat"
PV_126_010_1946337_R,PV_126,010,PV_126_block_010,1946337.05,1946452.15,9.860999347322181,182.770012368628,R,binocular,2,4,2,2,True,True,True,same,L,49.449999999953434,4.073444075795208,5.552818846115997,True,False,,,3.82305261342734,0.3876942365345065,"/Volumes/Data-1/Nimrod/experiments/PV_126/2024_07_18/block_010/oe_files/PV126_Trial19_wake6_2024-07-18_15-24-57/Record Node 102/analysis/recNames=block_010,Animal=PV_126/lizMov.mat"
PV_126_010_1976572_R,PV_126,010,PV_126_block_010,1976572.15,1976687.3,14.408402477147524,103.55819745643151,R,binocular,2,0,0,0,False,False,False,none,,,,,False,False,,,13.430233763776505,0.9321112305876765,"/Volumes/Data-1/Nimrod/experiments/PV_126/2024_07_18/block_010/oe_files/PV126_Trial19_wake6_2024-07-18_15-24-57/Record Node 102/analysis/recNames=block_010,Animal=PV_126/lizMov.mat"
PV_126_010_2024863_L,PV_126,010,PV_126_block_010,2024862.85,2024945.2,7.718949535419884,117.84331285879375,L,binocular,2,0,0,0,False,False,False,none,,,,,False,False,,,9.877261655877064,1.2796121558449567,"/Volumes/Data-1/Nimrod/experiments/PV_126/2024_07_18/block_010/oe_files/PV126_Trial19_wake6_2024-07-18_15-24-57/Record Node 102/analysis/recNames=block_010,Animal=PV_126/lizMov.mat"
PV_126_010_2354413_L,PV_126,010,PV_126_block_010,2354413.0,2354478.65,5.790924476381919,7.9110878341760165,L,binocular,2,0,0,0,False,False,False,none,,,,,False,False,,,5.454209100519583,0.9418546421671328,"/Volumes/Data-1/Nimrod/experiments/PV_126/2024_07_18/block_010/oe_files/PV126_Trial19_wake6_2024-07-18_15-24-57/Record Node 102/analysis/recNames=block_010,Animal=PV_126/lizMov.mat"
PV_126_010_2387690_R,PV_126,010,PV_126_block_010,2387689.85,2387755.55,6.553862304964606,78.19971966488639,R,binocular,2,2,2,0,True,True,False,same,R,49.049999999813735,9.427772121504267,12.0431098362032,False,False,,,26.778293295503097,4.085879752953966,"/Volumes/Data-1/Nimrod/experiments/PV_126/2024_07_18/block_010/oe_files/PV126_Trial19_wake6_2024-07-18_15-24-57/Record Node 102/analysis/recNames=block_010,Animal=PV_126/lizMov.mat"
PV_126_010_2404799_L,PV_126,010,PV_126_block_010,2404799.2,2404897.7,7.576441115611196,95.51541761650262,L,binocular,2,1,0,1,True,False,False,reverse,R,81.84999999962747,5.087979536165181,168.80713367625742,True,False,,,7.486960108214086,0.9881895726460891,"/Volumes/Data-1/Nimrod/experiments/PV_126/2024_07_18/block_010/oe_files/PV126_Trial19_wake6_2024-07-18_15-24-57/Record Node 102/analysis/recNames=block_010,Animal=PV_126/lizMov.mat"
PV_126_010_2545930_R,PV_126,010,PV_126_block_010,2545929.55,2546044.25,7.789313098535585,111.58162942281872,R,binocular,2,3,3,0,True,True,False,same,R,131.35000000009313,1.5561975326896187,50.01988184195989,True,False,,,15.770400691140932,2.024620206126496,"/Volumes/Data-1/Nimrod/experiments/PV_126/2024_07_18/block_010/oe_files/PV126_Trial19_wake6_2024-07-18_15-24-57/Record Node 102/analysis/recNames=block_010,Animal=PV_126/lizMov.mat"
PV_126_010_131107_L,PV_126,010,PV_126_block_010,131106.8,131172.45,6.748476506237879,154.01239983350467,L,monocular,1,4,2,2,True,True,True,same,L,65.65000000002328,6.261533811069671,10.369416492934874,True,True,131168.0,61.20000000001164,8.946960577647726,1.3257748722067422,"/Volumes/Data-1/Nimrod/experiments/PV_126/2024_07_18/block_010/oe_files/PV126_Trial19_wake6_2024-07-18_15-24-57/Record Node 102/analysis/recNames=block_010,Animal=PV_126/lizMov.mat"
PV_126_010_792582_L,PV_126,010,PV_126_block_010,792582.45,792680.95,14.732244697247067,57.903528053665056,L,monocular,1,4,3,1,True,True,True,same,R,49.5,2.154966214710667,82.77872157009779,True,False,,,11.990859090315174,0.8139193542282012,"/Volumes/Data-1/Nimrod/experiments/PV_126/2024_07_18/block_010/oe_files/PV126_Trial19_wake6_2024-07-18_15-24-57/Record Node 102/analysis/recNames=block_010,Animal=PV_126/lizMov.mat"
PV_126_010_1256954_L,PV_126,010,PV_126_block_010,1256953.75,1256986.55,6.528134278192146,301.28015586075514,L,monocular,1,1,0,1,True,False,False,reverse,L,32.800000000046566,7.379305614657822,164.41981091595918,False,False,,,-2.146238628107528,-0.32876753703998435,"/Volumes/Data-1/Nimrod/experiments/PV_126/2024_07_18/block_010/oe_files/PV126_Trial19_wake6_2024-07-18_15-24-57/Record Node 102/analysis/recNames=block_010,Animal=PV_126/lizMov.mat"
PV_126_010_1256987_L,PV_126,010,PV_126_block_010,1256986.55,1257052.2,7.379305614657822,136.86034494479597,L,monocular,1,0,0,0,False,False,False,none,,,,,False,False,,,9.087495568940735,1.2314838337756149,"/Volumes/Data-1/Nimrod/experiments/PV_126/2024_07_18/block_010/oe_files/PV126_Trial19_wake6_2024-07-18_15-24-57/Record Node 102/analysis/recNames=block_010,Animal=PV_126/lizMov.mat"
PV_126_010_301993_R,PV_126,010,PV_126_block_010,301992.9,302025.75,9.764749844458875,177.61579554437552,R,monocular,1,1,0,1,True,False,False,reverse,R,65.64999999996508,7.183012663094093,171.87387695613796,True,False,,,-1.7918838978090128,-0.18350535613831817,"/Volumes/Data-1/Nimrod/experiments/PV_126/2024_07_18/block_010/oe_files/PV126_Trial19_wake6_2024-07-18_15-24-57/Record Node 102/analysis/recNames=block_010,Animal=PV_126/lizMov.mat"
PV_126_010_302059_R,PV_126,010,PV_126_block_010,302058.55,302124.2,7.183012663094093,5.7419185882375645,R,monocular,1,0,0,0,False,False,False,none,,,,,False,False,,,9.609714187053406,1.337838959469968,"/Volumes/Data-1/Nimrod/experiments/PV_126/2024_07_18/block_010/oe_files/PV126_Trial19_wake6_2024-07-18_15-24-57/Record Node 102/analysis/recNames=block_010,Animal=PV_126/lizMov.mat"
PV_126_010_330296_R,PV_126,010,PV_126_block_010,330296.05,330378.4,7.043673816658095,97.96606761921069,R,monocular,1,0,0,0,False,False,False,none,,,,,False,False,,,7.467879299491172,1.0602250322594216,"/Volumes/Data-1/Nimrod/experiments/PV_126/2024_07_18/block_010/oe_files/PV126_Trial19_wake6_2024-07-18_15-24-57/Record Node 102/analysis/recNames=block_010,Animal=PV_126/lizMov.mat"
PV_126_010_366069_R,PV_126,010,PV_126_block_010,366069.4,366151.25,7.729281839324726,81.19932574459686,R,monocular,1,0,0,0,False,False,False,none,,,,,False,False,,,9.470454541334586,1.2252696612964988,"/Volumes/Data-1/Nimrod/experiments/PV_126/2024_07_18/block_010/oe_files/PV126_Trial19_wake6_2024-07-18_15-24-57/Record Node 102/analysis/recNames=block_010,Animal=PV_126/lizMov.mat"
PV_126_010_379894_R,PV_126,010,PV_126_block_010,379893.8,379992.3,7.824957752323753,268.8079331766708,R,monocular,1,0,0,0,False,False,False,none,,,,,False,False,,,8.699883281942626,1.1118121729614512,"/Volumes/Data-1/Nimrod/experiments/PV_126/2024_07_18/block_010/oe_files/PV126_Trial19_wake6_2024-07-18_15-24-57/Record Node 102/analysis/recNames=block_010,Animal=PV_126/lizMov.mat"
PV_126_010_492217_R,PV_126,010,PV_126_block_010,492216.8,492348.15,18.13607244348515,72.37214998466187,R,monocular,1,0,0,0,False,False,False,none,,,,,False,False,,,17.774534631106846,0.9800652642128049,"/Volumes/Data-1/Nimrod/experiments/PV_126/2024_07_18/block_010/oe_files/PV126_Trial19_wake6_2024-07-18_15-24-57/Record Node 102/analysis/recNames=block_010,Animal=PV_126/lizMov.mat"
PV_126_010_508356_R,PV_126,010,PV_126_block_010,508355.6,508486.95,11.804319922452203,291.33416826607254,R,monocular,1,0,0,0,False,False,False,none,,,,,False,False,,,12.055407861273963,1.0212708517281188,"/Volumes/Data-1/Nimrod/experiments/PV_126/2024_07_18/block_010/oe_files/PV126_Trial19_wake6_2024-07-18_15-24-57/Record Node 102/analysis/recNames=block_010,Animal=PV_126/lizMov.mat"
PV_126_010_680421_R,PV_126,010,PV_126_block_010,680421.2,680569.2,28.170209872404392,135.3146809226413,R,monocular,1,1,0,1,True,False,False,reverse,R,229.85000000009313,5.236429731567398,161.09169428744974,True,False,,,23.84631632677865,0.8465082949253623,"/Volumes/Data-1/Nimrod/experiments/PV_126/2024_07_18/block_010/oe_files/PV126_Trial19_wake6_2024-07-18_15-24-57/Record Node 102/analysis/recNames=block_010,Animal=PV_126/lizMov.mat"
PV_126_010_683836_R,PV_126,010,PV_126_block_010,683835.7,683983.7,23.998349645909776,257.959029266261,R,monocular,1,0,0,0,False,False,False,none,,,,,False,False,,,22.938464848995217,0.9558350964731775,"/Volumes/Data-1/Nimrod/experiments/PV_126/2024_07_18/block_010/oe_files/PV126_Trial19_wake6_2024-07-18_15-24-57/Record Node 102/analysis/recNames=block_010,Animal=PV_126/lizMov.mat"
PV_126_010_767252_R,PV_126,010,PV_126_block_010,767251.85,767383.15,14.252856278776727,244.650304946287,R,monocular,1,1,0,1,True,False,False,reverse,R,147.5,0.7855365128787443,90.49716089727156,True,False,,,14.877330411773334,1.0438139640772552,"/Volumes/Data-1/Nimrod/experiments/PV_126/2024_07_18/block_010/oe_files/PV126_Trial19_wake6_2024-07-18_15-24-57/Record Node 102/analysis/recNames=block_010,Animal=PV_126/lizMov.mat"
PV_126_010_770863_R,PV_126,010,PV_126_block_010,770863.4,770912.45,7.848194382879455,76.69096658931953,R,monocular,1,2,0,2,True,True,False,reverse,L,32.90000000002328,1.4811947356558108,124.89415232380543,True,True,770884.0,20.599999999976717,7.209176363834457,0.91857770235164,"/Volumes/Data-1/Nimrod/experiments/PV_126/2024_07_18/block_010/oe_files/PV126_Trial19_wake6_2024-07-18_15-24-57/Record Node 102/analysis/recNames=block_010,Animal=PV_126/lizMov.mat"
PV_126_010_792648_R,PV_126,010,PV_126_block_010,792648.15,792746.65,10.397713838789473,1.6271285614191833,R,monocular,1,2,0,2,True,True,False,reverse,L,115.15000000002328,1.029586768260845,115.65650832371233,True,False,,,9.725760269655503,0.935374873789352,"/Volumes/Data-1/Nimrod/experiments/PV_126/2024_07_18/block_010/oe_files/PV126_Trial19_wake6_2024-07-18_15-24-57/Record Node 102/analysis/recNames=block_010,Animal=PV_126/lizMov.mat"
PV_126_010_833345_R,PV_126,010,PV_126_block_010,833345.0,833426.9,14.466768366131538,95.05034553488223,R,monocular,1,0,0,0,False,False,False,none,,,,,False,False,,,13.774482167146958,0.952146451684033,"/Volumes/Data-1/Nimrod/experiments/PV_126/2024_07_18/block_010/oe_files/PV126_Trial19_wake6_2024-07-18_15-24-57/Record Node 102/analysis/recNames=block_010,Animal=PV_126/lizMov.mat"
PV_126_010_861022_R,PV_126,010,PV_126_block_010,861022.0,861120.5,8.082553837402344,277.0240758575068,R,monocular,1,0,0,0,False,False,False,none,,,,,False,False,,,9.34750355731836,1.1565037171868142,"/Volumes/Data-1/Nimrod/experiments/PV_126/2024_07_18/block_010/oe_files/PV126_Trial19_wake6_2024-07-18_15-24-57/Record Node 102/analysis/recNames=block_010,Animal=PV_126/lizMov.mat"
PV_126_010_863533_R,PV_126,010,PV_126_block_010,863533.1,863582.55,5.848773789511098,99.87012225869991,R,monocular,1,0,0,0,False,False,False,none,,,,,False,False,,,5.380522080775078,0.9199401916388424,"/Volumes/Data-1/Nimrod/experiments/PV_126/2024_07_18/block_010/oe_files/PV126_Trial19_wake6_2024-07-18_15-24-57/Record Node 102/analysis/recNames=block_010,Animal=PV_126/lizMov.mat"
PV_126_010_881424_R,PV_126,010,PV_126_block_010,881424.2,881457.05,5.675510351579626,78.90411737249102,R,monocular,1,0,0,0,False,False,False,none,,,,,False,False,,,5.00461151027705,0.8817905704082013,"/Volumes/Data-1/Nimrod/experiments/PV_126/2024_07_18/block_010/oe_files/PV126_Trial19_wake6_2024-07-18_15-24-57/Record Node 102/analysis/recNames=block_010,Animal=PV_126/lizMov.mat"
PV_126_010_885397_R,PV_126,010,PV_126_block_010,885396.75,885544.75,15.45981935242291,258.25082652069966,R,monocular,1,0,0,0,False,False,False,none,,,,,False,False,,,16.532984986659553,1.0694164407599274,"/Volumes/Data-1/Nimrod/experiments/PV_126/2024_07_18/block_010/oe_files/PV126_Trial19_wake6_2024-07-18_15-24-57/Record Node 102/analysis/recNames=block_010,Animal=PV_126/lizMov.mat"
PV_126_010_1032911_R,PV_126,010,PV_126_block_010,1032911.45,1032993.3,9.595863655968087,114.39762170531208,R,monocular,1,0,0,0,False,False,False,none,,,,,False,False,,,10.253626287206528,1.0685464753169298,"/Volumes/Data-1/Nimrod/experiments/PV_126/2024_07_18/block_010/oe_files/PV126_Trial19_wake6_2024-07-18_15-24-57/Record Node 102/analysis/recNames=block_010,Animal=PV_126/lizMov.mat"
PV_126_010_1116698_R,PV_126,010,PV_126_block_010,1116698.25,1116780.1,6.83924264597591,73.50455715124899,R,monocular,1,0,0,0,False,False,False,none,,,,,False,False,,,6.820395622908871,0.9972442821460461,"/Volumes/Data-1/Nimrod/experiments/PV_126/2024_07_18/block_010/oe_files/PV126_Trial19_wake6_2024-07-18_15-24-57/Record Node 102/analysis/recNames=block_010,Animal=PV_126/lizMov.mat"
PV_126_010_1176090_R,PV_126,010,PV_126_block_010,1176089.8,1176106.0,5.528337165444644,46.41501109683149,R,monocular,1,3,1,1,True,True,True,unknown,R,16.199999999953434,,,False,False,,,-0.8043273294768087,-0.14549172841778304,"/Volumes/Data-1/Nimrod/experiments/PV_126/2024_07_18/block_010/oe_files/PV126_Trial19_wake6_2024-07-18_15-24-57/Record Node 102/analysis/recNames=block_010,Animal=PV_126/lizMov.mat"
PV_126_010_1367427_R,PV_126,010,PV_126_block_010,1367427.4,1367509.2,6.076333900045758,76.0377540881364,R,monocular,1,0,0,0,False,False,False,none,,,,,False,False,,,6.705958091005486,1.1036190902799115,"/Volumes/Data-1/Nimrod/experiments/PV_126/2024_07_18/block_010/oe_files/PV126_Trial19_wake6_2024-07-18_15-24-57/Record Node 102/analysis/recNames=block_010,Animal=PV_126/lizMov.mat"
PV_126_010_1423176_R,PV_126,010,PV_126_block_010,1423175.75,1423241.4,7.741870944453834,198.59101915778328,R,monocular,1,0,0,0,False,False,False,none,,,,,False,False,,,8.033659817672401,1.0376897103183567,"/Volumes/Data-1/Nimrod/experiments/PV_126/2024_07_18/block_010/oe_files/PV126_Trial19_wake6_2024-07-18_15-24-57/Record Node 102/analysis/recNames=block_010,Animal=PV_126/lizMov.mat"
PV_126_010_1624405_R,PV_126,010,PV_126_block_010,1624405.25,1624487.05,5.519009142484603,29.865868734768878,R,monocular,1,0,0,0,False,False,False,none,,,,,False,False,,,7.197796999061394,1.3041828366714785,"/Volumes/Data-1/Nimrod/experiments/PV_126/2024_07_18/block_010/oe_files/PV126_Trial19_wake6_2024-07-18_15-24-57/Record Node 102/analysis/recNames=block_010,Animal=PV_126/lizMov.mat"
PV_126_010_1624930_R,PV_126,010,PV_126_block_010,1624930.4,1624996.05,5.802341548305764,108.32533501451245,R,monocular,1,0,0,0,False,False,False,none,,,,,False,False,,,6.1727065619488375,1.0638302675841649,"/Volumes/Data-1/Nimrod/experiments/PV_126/2024_07_18/block_010/oe_files/PV126_Trial19_wake6_2024-07-18_15-24-57/Record Node 102/analysis/recNames=block_010,Animal=PV_126/lizMov.mat"
PV_126_010_1757698_R,PV_126,010,PV_126_block_010,1757697.8,1757779.6,8.193607803074196,188.92379337438845,R,monocular,1,0,0,0,False,False,False,none,,,,,False,False,,,8.76125523622712,1.0692793024508624,"/Volumes/Data-1/Nimrod/experiments/PV_126/2024_07_18/block_010/oe_files/PV126_Trial19_wake6_2024-07-18_15-24-57/Record Node 102/analysis/recNames=block_010,Animal=PV_126/lizMov.mat"
PV_126_010_1930645_R,PV_126,010,PV_126_block_010,1930644.75,1930694.25,19.082041512760423,159.77191099728495,R,monocular,1,1,0,1,True,False,False,reverse,R,49.5,12.7679409702336,156.07097009951826,True,False,,,6.847936375927335,0.3588681206540729,"/Volumes/Data-1/Nimrod/experiments/PV_126/2024_07_18/block_010/oe_files/PV126_Trial19_wake6_2024-07-18_15-24-57/Record Node 102/analysis/recNames=block_010,Animal=PV_126/lizMov.mat"
PV_126_010_1930694_R,PV_126,010,PV_126_block_010,1930694.25,1930727.05,12.7679409702336,315.8428810968032,R,monocular,1,0,0,0,False,False,False,none,,,,,False,False,,,13.18633868272294,1.0327693959006208,"/Volumes/Data-1/Nimrod/experiments/PV_126/2024_07_18/block_010/oe_files/PV126_Trial19_wake6_2024-07-18_15-24-57/Record Node 102/analysis/recNames=block_010,Animal=PV_126/lizMov.mat"
PV_126_010_1936045_R,PV_126,010,PV_126_block_010,1936045.35,1936127.2,5.709695436815084,342.0201742254853,R,monocular,1,4,2,2,True,True,True,reverse,L,114.69999999995343,2.4640330827735686,176.26495126399007,True,False,,,6.193481874662206,1.0847306906648215,"/Volumes/Data-1/Nimrod/experiments/PV_126/2024_07_18/block_010/oe_files/PV126_Trial19_wake6_2024-07-18_15-24-57/Record Node 102/analysis/recNames=block_010,Animal=PV_126/lizMov.mat"
PV_126_010_1940920_R,PV_126,010,PV_126_block_010,1940920.25,1940953.1,5.939755705873832,125.36273076410029,R,monocular,1,5,2,3,True,True,True,reverse,L,32.85000000009313,0.9813267127643823,155.39018071934981,True,False,,,0.32929617544144385,0.05543934662427319,"/Volumes/Data-1/Nimrod/experiments/PV_126/2024_07_18/block_010/oe_files/PV126_Trial19_wake6_2024-07-18_15-24-57/Record Node 102/analysis/recNames=block_010,Animal=PV_126/lizMov.mat"
PV_126_010_1946518_R,PV_126,010,PV_126_block_010,1946517.8,1946599.65,6.3992080596518015,140.68635147499631,R,monocular,1,5,3,1,True,True,True,unknown,R,81.8499999998603,,,False,False,,,-7.2787667858837874,-1.1374480588899378,"/Volumes/Data-1/Nimrod/experiments/PV_126/2024_07_18/block_010/oe_files/PV126_Trial19_wake6_2024-07-18_15-24-57/Record Node 102/analysis/recNames=block_010,Animal=PV_126/lizMov.mat"
PV_126_010_1946813_R,PV_126,010,PV_126_block_010,1946813.25,1946829.45,5.624921632890157,289.46501800176253,R,monocular,1,5,1,3,True,True,True,reverse,R,16.199999999953434,3.6825578960710237,162.6869464349764,True,False,,,1.4103330406759782,0.2507293670421024,"/Volumes/Data-1/Nimrod/experiments/PV_126/2024_07_18/block_010/oe_files/PV126_Trial19_wake6_2024-07-18_15-24-57/Record Node 102/analysis/recNames=block_010,Animal=PV_126/lizMov.mat"
PV_126_010_1946994_R,PV_126,010,PV_126_block_010,1946993.55,1947026.4,10.961351004872478,107.58910149123173,R,monocular,1,4,1,2,True,True,True,reverse,R,32.8499999998603,1.0300672766856351,139.34250644181373,True,False,,,13.383012148582521,1.2209272509048912,"/Volumes/Data-1/Nimrod/experiments/PV_126/2024_07_18/block_010/oe_files/PV126_Trial19_wake6_2024-07-18_15-24-57/Record Node 102/analysis/recNames=block_010,Animal=PV_126/lizMov.mat"
PV_126_010_1947043_R,PV_126,010,PV_126_block_010,1947043.05,1947075.85,16.832178060905424,103.14082054509241,R,monocular,1,2,0,1,True,True,False,reverse,R,32.800000000046566,35.210656194933264,177.50873430576416,False,False,,,2.9036129572313065,0.17250369778200395,"/Volumes/Data-1/Nimrod/experiments/PV_126/2024_07_18/block_010/oe_files/PV126_Trial19_wake6_2024-07-18_15-24-57/Record Node 102/analysis/recNames=block_010,Animal=PV_126/lizMov.mat"
PV_126_010_1947076_R,PV_126,010,PV_126_block_010,1947075.85,1947141.5,35.210656194933264,280.6495548508566,R,monocular,1,2,1,0,True,True,False,unknown,R,65.64999999990687,,,False,False,,,14.107164150523614,0.40065041879434227,"/Volumes/Data-1/Nimrod/experiments/PV_126/2024_07_18/block_010/oe_files/PV126_Trial19_wake6_2024-07-18_15-24-57/Record Node 102/analysis/recNames=block_010,Animal=PV_126/lizMov.mat"
PV_126_010_2295495_R,PV_126,010,PV_126_block_010,2295494.65,2295609.3,8.52629817760195,250.50609306143025,R,monocular,1,0,0,0,False,False,False,none,,,,,False,False,,,8.106318202979622,0.9507429876513598,"/Volumes/Data-1/Nimrod/experiments/PV_126/2024_07_18/block_010/oe_files/PV126_Trial19_wake6_2024-07-18_15-24-57/Record Node 102/analysis/recNames=block_010,Animal=PV_126/lizMov.mat"
PV_126_010_2332448_R,PV_126,010,PV_126_block_010,2332447.6,2332529.9,6.745891550722568,89.98054011740125,R,monocular,1,0,0,0,False,False,False,none,,,,,False,False,,,7.570491173602765,1.1222373079495878,"/Volumes/Data-1/Nimrod/experiments/PV_126/2024_07_18/block_010/oe_files/PV126_Trial19_wake6_2024-07-18_15-24-57/Record Node 102/analysis/recNames=block_010,Animal=PV_126/lizMov.mat"
PV_126_010_2340327_R,PV_126,010,PV_126_block_010,2340327.0,2340425.45,9.593588700625748,81.70675204733041,R,monocular,1,0,0,0,False,False,False,none,,,,,False,False,,,10.044115184693775,1.0469612048344996,"/Volumes/Data-1/Nimrod/experiments/PV_126/2024_07_18/block_010/oe_files/PV126_Trial19_wake6_2024-07-18_15-24-57/Record Node 102/analysis/recNames=block_010,Animal=PV_126/lizMov.mat"
PV_126_010_2387739_R,PV_126,010,PV_126_block_010,2387738.9,2387755.55,9.427772121504267,90.24282950108959,R,monocular,1,1,1,0,True,False,False,same,R,49.450000000186265,3.1101447087023013,6.494349193666778,True,False,,,14.652611922063377,1.554196657834094,"/Volumes/Data-1/Nimrod/experiments/PV_126/2024_07_18/block_010/oe_files/PV126_Trial19_wake6_2024-07-18_15-24-57/Record Node 102/analysis/recNames=block_010,Animal=PV_126/lizMov.mat"
PV_126_010_2395128_R,PV_126,010,PV_126_block_010,2395127.6,2395275.6,11.096607739341636,265.4475223508398,R,monocular,1,0,0,0,False,False,False,none,,,,,False,False,,,12.734559143393266,1.1476082999892372,"/Volumes/Data-1/Nimrod/experiments/PV_126/2024_07_18/block_010/oe_files/PV126_Trial19_wake6_2024-07-18_15-24-57/Record Node 102/analysis/recNames=block_010,Animal=PV_126/lizMov.mat"
PV_126_011_108988_R,PV_126,011,PV_126_block_011,108987.7,109102.25,19.320454924307,85.72774062655502,R,binocular,2,0,0,0,False,False,False,none,,,,,False,False,,,19.99404223993853,1.0348639469552081,"/Volumes/Data-1/Nimrod/experiments/PV_126/2024_08_13/block_011/oe_files/PV126_Trial115_eyeTracking_w7/Record Node 102/analysis/recNames=block_011,Animal=PV_126/lizMov.mat"
PV_126_011_128227_R,PV_126,011,PV_126_block_011,128227.15,128325.55,12.74864110162288,90.01367717438876,R,binocular,2,0,0,0,False,False,False,none,,,,,False,False,,,13.03969315924371,1.0228300455947246,"/Volumes/Data-1/Nimrod/experiments/PV_126/2024_08_13/block_011/oe_files/PV126_Trial115_eyeTracking_w7/Record Node 102/analysis/recNames=block_011,Animal=PV_126/lizMov.mat"
PV_126_011_140432_R,PV_126,011,PV_126_block_011,140431.8,140530.2,5.517772413581177,238.05536288653556,R,binocular,2,1,1,0,True,False,False,same,R,115.05000000001746,0.5429379223861452,21.1191731166883,True,False,,,7.82394363198859,1.4179533053467583,"/Volumes/Data-1/Nimrod/experiments/PV_126/2024_08_13/block_011/oe_files/PV126_Trial115_eyeTracking_w7/Record Node 102/analysis/recNames=block_011,Animal=PV_126/lizMov.mat"
PV_126_011_190723_R,PV_126,011,PV_126_block_011,190722.55,190870.45,23.78151182203858,73.88302577936739,R,binocular,2,0,0,0,False,False,False,none,,,,,False,False,,,23.12602023695113,0.9724369253732642,"/Volumes/Data-1/Nimrod/experiments/PV_126/2024_08_13/block_011/oe_files/PV126_Trial115_eyeTracking_w7/Record Node 102/analysis/recNames=block_011,Animal=PV_126/lizMov.mat"
PV_126_011_228056_R,PV_126,011,PV_126_block_011,228055.55,228137.85,7.365163580083741,115.17986402451473,R,binocular,2,0,0,0,False,False,False,none,,,,,False,False,,,7.957963222669974,1.0804869621890316,"/Volumes/Data-1/Nimrod/experiments/PV_126/2024_08_13/block_011/oe_files/PV126_Trial115_eyeTracking_w7/Record Node 102/analysis/recNames=block_011,Animal=PV_126/lizMov.mat"
PV_126_011_248295_R,PV_126,011,PV_126_block_011,248294.55,248392.95,7.098714086218551,97.18644255585772,R,binocular,2,2,2,0,True,True,False,same,L,82.25,1.6441046783507367,64.4897804054545,True,False,,,10.427177939398785,1.4688826473011665,"/Volumes/Data-1/Nimrod/experiments/PV_126/2024_08_13/block_011/oe_files/PV126_Trial115_eyeTracking_w7/Record Node 102/analysis/recNames=block_011,Animal=PV_126/lizMov.mat"
PV_126_011_317326_R,PV_126,011,PV_126_block_011,317326.1,317407.85,8.015077990332658,291.49968073934326,R,binocular,2,0,0,0,False,False,False,none,,,,,False,False,,,8.930096124754924,1.114162099922909,"/Volumes/Data-1/Nimrod/experiments/PV_126/2024_08_13/block_011/oe_files/PV126_Trial115_eyeTracking_w7/Record Node 102/analysis/recNames=block_011,Animal=PV_126/lizMov.mat"
PV_126_011_325560_R,PV_126,011,PV_126_block_011,325559.8,325658.25,7.8383195786025714,343.8697976990844,R,binocular,2,0,0,0,False,False,False,none,,,,,False,False,,,10.879597029202172,1.3880012061388551,"/Volumes/Data-1/Nimrod/experiments/PV_126/2024_08_13/block_011/oe_files/PV126_Trial115_eyeTracking_w7/Record Node 102/analysis/recNames=block_011,Animal=PV_126/lizMov.mat"
PV_126_011_333055_R,PV_126,011,PV_126_block_011,333054.75,333137.0,5.629452604116477,312.47764222214886,R,binocular,2,0,0,0,False,False,False,none,,,,,False,False,,,8.501852941292798,1.5102450520812465,"/Volumes/Data-1/Nimrod/experiments/PV_126/2024_08_13/block_011/oe_files/PV126_Trial115_eyeTracking_w7/Record Node 102/analysis/recNames=block_011,Animal=PV_126/lizMov.mat"
PV_126_011_340075_R,PV_126,011,PV_126_block_011,340075.2,340140.85,12.830461186357136,3.2221949765868967,R,binocular,2,0,0,0,False,False,False,none,,,,,False,False,,,13.426000029506103,1.0464160122149166,"/Volumes/Data-1/Nimrod/experiments/PV_126/2024_08_13/block_011/oe_files/PV126_Trial115_eyeTracking_w7/Record Node 102/analysis/recNames=block_011,Animal=PV_126/lizMov.mat"
PV_126_011_347965_R,PV_126,011,PV_126_block_011,347964.9,348079.5,9.478459967535317,100.72785881890655,R,binocular,2,1,1,0,True,False,False,same,L,32.84999999997672,8.338980068527446,49.944450498924226,True,False,,,11.575207769498451,1.2212118644953618,"/Volumes/Data-1/Nimrod/experiments/PV_126/2024_08_13/block_011/oe_files/PV126_Trial115_eyeTracking_w7/Record Node 102/analysis/recNames=block_011,Animal=PV_126/lizMov.mat"
PV_126_011_364580_L,PV_126,011,PV_126_block_011,364580.05,364662.3,9.127140861357285,317.61399667004906,L,binocular,2,2,0,2,True,True,False,reverse,L,65.60000000003492,5.323592319165124,176.10163801522125,True,False,,,-0.982654278702644,-0.10766288081112345,"/Volumes/Data-1/Nimrod/experiments/PV_126/2024_08_13/block_011/oe_files/PV126_Trial115_eyeTracking_w7/Record Node 102/analysis/recNames=block_011,Animal=PV_126/lizMov.mat"
PV_126_011_380508_R,PV_126,011,PV_126_block_011,380507.85,380589.6,10.55315361701133,232.6828320077487,R,binocular,2,2,0,2,True,True,False,reverse,L,81.75,5.584523022845643,94.65804531476024,True,False,,,4.114768685273171,0.38990891581832965,"/Volumes/Data-1/Nimrod/experiments/PV_126/2024_08_13/block_011/oe_files/PV126_Trial115_eyeTracking_w7/Record Node 102/analysis/recNames=block_011,Animal=PV_126/lizMov.mat"
PV_126_011_380590_R,PV_126,011,PV_126_block_011,380589.6,380639.05,6.04336792082925,58.70066516690417,R,binocular,2,0,0,0,False,False,False,none,,,,,False,False,,,7.657371469758165,1.267070211523287,"/Volumes/Data-1/Nimrod/experiments/PV_126/2024_08_13/block_011/oe_files/PV126_Trial115_eyeTracking_w7/Record Node 102/analysis/recNames=block_011,Animal=PV_126/lizMov.mat"
PV_126_011_394123_R,PV_126,011,PV_126_block_011,394122.7,394221.1,12.973177870482555,122.47957458282598,R,binocular,2,0,0,0,False,False,False,none,,,,,False,False,,,11.656949675563737,0.8985423457491022,"/Volumes/Data-1/Nimrod/experiments/PV_126/2024_08_13/block_011/oe_files/PV126_Trial115_eyeTracking_w7/Record Node 102/analysis/recNames=block_011,Animal=PV_126/lizMov.mat"
PV_126_011_396551_R,PV_126,011,PV_126_block_011,396550.55,396681.8,14.925119898558908,96.71056252680074,R,binocular,2,0,0,0,False,False,False,none,,,,,False,False,,,13.32517471509649,0.8928018538988822,"/Volumes/Data-1/Nimrod/experiments/PV_126/2024_08_13/block_011/oe_files/PV126_Trial115_eyeTracking_w7/Record Node 102/analysis/recNames=block_011,Animal=PV_126/lizMov.mat"
PV_126_011_398568_L,PV_126,011,PV_126_block_011,398567.9,398633.5,15.8296963246885,15.921772748491861,L,binocular,2,1,1,0,True,False,False,same,R,82.25,2.3903144843447124,42.891793025534525,True,False,,,14.158987984324199,0.8944573347399841,"/Volumes/Data-1/Nimrod/experiments/PV_126/2024_08_13/block_011/oe_files/PV126_Trial115_eyeTracking_w7/Record Node 102/analysis/recNames=block_011,Animal=PV_126/lizMov.mat"
PV_126_011_409394_L,PV_126,011,PV_126_block_011,409394.35,409476.6,10.494775085865783,131.38246434808858,L,binocular,2,1,1,0,True,False,False,same,R,16.650000000023283,1.6316637613312075,85.46636776744998,True,False,,,12.163727201429028,1.1590269540707896,"/Volumes/Data-1/Nimrod/experiments/PV_126/2024_08_13/block_011/oe_files/PV126_Trial115_eyeTracking_w7/Record Node 102/analysis/recNames=block_011,Animal=PV_126/lizMov.mat"
PV_126_011_420927_R,PV_126,011,PV_126_block_011,420926.55,421057.8,9.889938880151936,77.48768692653852,R,binocular,2,0,0,0,False,False,False,none,,,,,False,False,,,13.372243993977706,1.3521058275511075,"/Volumes/Data-1/Nimrod/experiments/PV_126/2024_08_13/block_011/oe_files/PV126_Trial115_eyeTracking_w7/Record Node 102/analysis/recNames=block_011,Animal=PV_126/lizMov.mat"
PV_126_011_453338_R,PV_126,011,PV_126_block_011,453338.15,453469.4,11.396359109149545,295.90948383919414,R,binocular,2,0,0,0,False,False,False,none,,,,,False,False,,,11.744039059115414,1.0305079847551255,"/Volumes/Data-1/Nimrod/experiments/PV_126/2024_08_13/block_011/oe_files/PV126_Trial115_eyeTracking_w7/Record Node 102/analysis/recNames=block_011,Animal=PV_126/lizMov.mat"
PV_126_011_462393_R,PV_126,011,PV_126_block_011,462392.9,462474.65,9.264615889100535,183.55569594738031,R,binocular,2,2,1,1,True,True,True,same,L,81.75,2.006468742480998,43.878226628842555,True,False,,,-3.066488779738022,-0.3309893055950251,"/Volumes/Data-1/Nimrod/experiments/PV_126/2024_08_13/block_011/oe_files/PV126_Trial115_eyeTracking_w7/Record Node 102/analysis/recNames=block_011,Animal=PV_126/lizMov.mat"
PV_126_011_462475_R,PV_126,011,PV_126_block_011,462474.65,462605.9,15.20447937215521,64.25047782293815,R,binocular,2,0,0,0,False,False,False,none,,,,,False,False,,,21.070161282575015,1.385786436144729,"/Volumes/Data-1/Nimrod/experiments/PV_126/2024_08_13/block_011/oe_files/PV126_Trial115_eyeTracking_w7/Record Node 102/analysis/recNames=block_011,Animal=PV_126/lizMov.mat"
PV_126_011_466034_R,PV_126,011,PV_126_block_011,466034.4,466165.65,16.510414229771484,275.5356392812463,R,binocular,2,0,0,0,False,False,False,none,,,,,False,False,,,17.032638703444587,1.0316300043357742,"/Volumes/Data-1/Nimrod/experiments/PV_126/2024_08_13/block_011/oe_files/PV126_Trial115_eyeTracking_w7/Record Node 102/analysis/recNames=block_011,Animal=PV_126/lizMov.mat"
PV_126_011_471266_L,PV_126,011,PV_126_block_011,471266.25,471364.65,6.96686480714616,317.2415157565444,L,binocular,2,0,0,0,False,False,False,none,,,,,False,False,,,6.5474083776199326,0.9397926555003657,"/Volumes/Data-1/Nimrod/experiments/PV_126/2024_08_13/block_011/oe_files/PV126_Trial115_eyeTracking_w7/Record Node 102/analysis/recNames=block_011,Animal=PV_126/lizMov.mat"
PV_126_011_476006_R,PV_126,011,PV_126_block_011,476006.5,476137.7,28.498155454078514,108.86984269178092,R,binocular,2,0,0,0,False,False,False,none,,,,,False,False,,,28.16005638061278,0.9881361067732772,"/Volumes/Data-1/Nimrod/experiments/PV_126/2024_08_13/block_011/oe_files/PV126_Trial115_eyeTracking_w7/Record Node 102/analysis/recNames=block_011,Animal=PV_126/lizMov.mat"
PV_126_011_479549_R,PV_126,011,PV_126_block_011,479549.4,479615.0,17.059760545892473,235.02289570152885,R,binocular,2,3,1,2,True,True,True,reverse,R,65.59999999997672,5.064818709405871,165.29792322818776,True,False,,,16.504115745233875,0.9674295076320762,"/Volumes/Data-1/Nimrod/experiments/PV_126/2024_08_13/block_011/oe_files/PV126_Trial115_eyeTracking_w7/Record Node 102/analysis/recNames=block_011,Animal=PV_126/lizMov.mat"
PV_126_011_479631_R,PV_126,011,PV_126_block_011,479631.15,479746.25,10.198509965190727,296.0035121277523,R,binocular,2,0,0,0,False,False,False,none,,,,,False,False,,,10.653165227553178,1.0445805577397353,"/Volumes/Data-1/Nimrod/experiments/PV_126/2024_08_13/block_011/oe_files/PV126_Trial115_eyeTracking_w7/Record Node 102/analysis/recNames=block_011,Animal=PV_126/lizMov.mat"
PV_126_011_486423_L,PV_126,011,PV_126_block_011,486422.6,486504.9,7.804511031659589,30.83412561495633,L,binocular,2,1,1,0,True,False,False,same,R,65.65000000002328,1.5263127976686963,49.3057374190513,True,False,,,8.64391088931001,1.1075531643488403,"/Volumes/Data-1/Nimrod/experiments/PV_126/2024_08_13/block_011/oe_files/PV126_Trial115_eyeTracking_w7/Record Node 102/analysis/recNames=block_011,Animal=PV_126/lizMov.mat"
PV_126_011_486948_R,PV_126,011,PV_126_block_011,486947.5,486996.95,6.236039735438023,0.2634906379529993,R,binocular,2,2,0,2,True,True,False,reverse,R,164.04999999998836,8.772221543067891,149.3714882637983,False,True,487188.0,240.5,-1.0725977516207206,-0.1719998263521938,"/Volumes/Data-1/Nimrod/experiments/PV_126/2024_08_13/block_011/oe_files/PV126_Trial115_eyeTracking_w7/Record Node 102/analysis/recNames=block_011,Animal=PV_126/lizMov.mat"
PV_126_011_487112_R,PV_126,011,PV_126_block_011,487111.55,487209.95,8.772221543067891,149.6349789017513,R,binocular,2,0,0,0,False,False,False,none,,,,,False,True,487188.0,76.45000000001164,11.069210995928223,1.2618480896296436,"/Volumes/Data-1/Nimrod/experiments/PV_126/2024_08_13/block_011/oe_files/PV126_Trial115_eyeTracking_w7/Record Node 102/analysis/recNames=block_011,Animal=PV_126/lizMov.mat"
PV_126_011_489031_L,PV_126,011,PV_126_block_011,489030.85,489079.8,11.147655724422755,300.510541040132,L,binocular,2,2,1,1,True,True,True,reverse,L,48.95000000001164,5.971948655958399,157.51226862564124,True,True,489136.0,105.15000000002328,4.176010495713314,0.3746088504118703,"/Volumes/Data-1/Nimrod/experiments/PV_126/2024_08_13/block_011/oe_files/PV126_Trial115_eyeTracking_w7/Record Node 102/analysis/recNames=block_011,Animal=PV_126/lizMov.mat"
PV_126_011_489080_R,PV_126,011,PV_126_block_011,489079.8,489194.9,14.302640750915621,10.27740863140098,R,binocular,2,0,0,0,False,False,False,none,,,,,False,True,489136.0,56.20000000001164,12.967280857712941,0.9066354307251132,"/Volumes/Data-1/Nimrod/experiments/PV_126/2024_08_13/block_011/oe_files/PV126_Trial115_eyeTracking_w7/Record Node 102/analysis/recNames=block_011,Animal=PV_126/lizMov.mat"
PV_126_011_494493_L,PV_126,011,PV_126_block_011,494492.85,494542.3,6.760241606436783,337.804186175832,L,binocular,2,3,1,2,True,True,True,reverse,L,65.60000000003492,2.5415041025369733,142.8490487669169,True,False,,,-0.8417981788483295,-0.12452190733047307,"/Volumes/Data-1/Nimrod/experiments/PV_126/2024_08_13/block_011/oe_files/PV126_Trial115_eyeTracking_w7/Record Node 102/analysis/recNames=block_011,Animal=PV_126/lizMov.mat"
PV_126_011_503220_R,PV_126,011,PV_126_block_011,503220.1,503285.7,14.247299652488884,164.43674921109687,R,binocular,2,1,0,1,True,False,False,reverse,R,32.800000000046566,18.407820824071432,161.86052228663942,False,False,,,-2.241451510099834,-0.15732465553276065,"/Volumes/Data-1/Nimrod/experiments/PV_126/2024_08_13/block_011/oe_files/PV126_Trial115_eyeTracking_w7/Record Node 102/analysis/recNames=block_011,Animal=PV_126/lizMov.mat"
PV_126_011_508403_R,PV_126,011,PV_126_block_011,508403.35,508534.65,15.860760828119219,209.70406298002177,R,binocular,2,1,0,1,True,False,False,reverse,R,65.65000000002328,13.067292902182789,154.90336107971476,True,True,508408.0,4.650000000023283,3.4806148787859845,0.21944816623268623,"/Volumes/Data-1/Nimrod/experiments/PV_126/2024_08_13/block_011/oe_files/PV126_Trial115_eyeTracking_w7/Record Node 102/analysis/recNames=block_011,Animal=PV_126/lizMov.mat"
PV_126_011_524118_R,PV_126,011,PV_126_block_011,524117.65,524199.9,9.053519360905991,52.2879220292689,R,binocular,2,0,0,0,False,False,False,none,,,,,False,False,,,11.272599550802845,1.245106913834974,"/Volumes/Data-1/Nimrod/experiments/PV_126/2024_08_13/block_011/oe_files/PV126_Trial115_eyeTracking_w7/Record Node 102/analysis/recNames=block_011,Animal=PV_126/lizMov.mat"
PV_126_011_538650_R,PV_126,011,PV_126_block_011,538649.9,538699.35,6.677183087587979,126.00351047433806,R,binocular,2,2,0,2,True,True,False,reverse,R,65.59999999997672,5.5903867773517115,146.380031401959,True,True,538804.0,154.09999999997672,0.572122110096233,0.08568315449665206,"/Volumes/Data-1/Nimrod/experiments/PV_126/2024_08_13/block_011/oe_files/PV126_Trial115_eyeTracking_w7/Record Node 102/analysis/recNames=block_011,Animal=PV_126/lizMov.mat"
PV_126_011_538716_R,PV_126,011,PV_126_block_011,538715.5,538797.75,5.5903867773517115,339.62347907237904,R,binocular,2,0,0,0,False,False,False,none,,,,,False,True,538804.0,88.5,7.460896568224058,1.3345939852409368,"/Volumes/Data-1/Nimrod/experiments/PV_126/2024_08_13/block_011/oe_files/PV126_Trial115_eyeTracking_w7/Record Node 102/analysis/recNames=block_011,Animal=PV_126/lizMov.mat"
PV_126_011_543373_L,PV_126,011,PV_126_block_011,543373.05,543455.35,10.965278777348274,114.01643895103805,L,binocular,2,0,0,0,False,False,False,none,,,,,False,False,,,11.554980874197964,1.0537790336956938,"/Volumes/Data-1/Nimrod/experiments/PV_126/2024_08_13/block_011/oe_files/PV126_Trial115_eyeTracking_w7/Record Node 102/analysis/recNames=block_011,Animal=PV_126/lizMov.mat"
PV_126_011_545423_R,PV_126,011,PV_126_block_011,545423.45,545538.0,23.091308715227807,62.9669962070887,R,binocular,2,2,2,0,True,True,False,same,L,65.60000000009313,1.1435099357133671,56.48672726081071,True,False,,,22.376838497303037,0.969058911873037,"/Volumes/Data-1/Nimrod/experiments/PV_126/2024_08_13/block_011/oe_files/PV126_Trial115_eyeTracking_w7/Record Node 102/analysis/recNames=block_011,Animal=PV_126/lizMov.mat"
PV_126_011_551771_R,PV_126,011,PV_126_block_011,551770.65,551836.25,7.159555969608953,106.14419778631799,R,binocular,2,2,2,0,True,True,False,same,R,49.449999999953434,5.120398001489942,12.209307025609291,True,False,,,21.135315960499202,2.95204284318956,"/Volumes/Data-1/Nimrod/experiments/PV_126/2024_08_13/block_011/oe_files/PV126_Trial115_eyeTracking_w7/Record Node 102/analysis/recNames=block_011,Animal=PV_126/lizMov.mat"
PV_126_011_556282_R,PV_126,011,PV_126_block_011,556281.55,556363.35,16.142773755758334,222.62467762929683,R,binocular,2,2,2,0,True,True,False,same,R,81.79999999993015,11.621534452219258,22.071467186023597,True,False,,,26.38941362905055,1.634750881622008,"/Volumes/Data-1/Nimrod/experiments/PV_126/2024_08_13/block_011/oe_files/PV126_Trial115_eyeTracking_w7/Record Node 102/analysis/recNames=block_011,Animal=PV_126/lizMov.mat"
PV_126_011_556363_R,PV_126,011,PV_126_block_011,556363.35,556445.6,11.621534452219258,244.69614481532042,R,binocular,2,0,0,0,False,False,False,none,,,,,False,False,,,7.970545009277301,0.6858427380693467,"/Volumes/Data-1/Nimrod/experiments/PV_126/2024_08_13/block_011/oe_files/PV126_Trial115_eyeTracking_w7/Record Node 102/analysis/recNames=block_011,Animal=PV_126/lizMov.mat"
PV_126_011_562122_L,PV_126,011,PV_126_block_011,562121.5,562203.25,11.524784167598666,203.65763437471261,L,binocular,2,0,0,0,False,False,False,none,,,,,False,False,,,12.237451717605719,1.0618378218318987,"/Volumes/Data-1/Nimrod/experiments/PV_126/2024_08_13/block_011/oe_files/PV126_Trial115_eyeTracking_w7/Record Node 102/analysis/recNames=block_011,Animal=PV_126/lizMov.mat"
PV_126_011_570914_R,PV_126,011,PV_126_block_011,570913.6,571044.8,21.58388200280389,287.3659224750387,R,binocular,2,6,4,2,True,True,True,same,L,131.20000000006985,1.8503861580202918,82.13299807578127,True,False,,,22.84277473036564,1.0583255934867608,"/Volumes/Data-1/Nimrod/experiments/PV_126/2024_08_13/block_011/oe_files/PV126_Trial115_eyeTracking_w7/Record Node 102/analysis/recNames=block_011,Animal=PV_126/lizMov.mat"
PV_126_011_575063_R,PV_126,011,PV_126_block_011,575062.65,575095.5,5.663059240401333,207.8335070783306,R,binocular,2,4,1,3,True,True,True,reverse,R,49.5,10.804163935270866,113.81090588664449,False,False,,,-0.3314144061072182,-0.058522150667760155,"/Volumes/Data-1/Nimrod/experiments/PV_126/2024_08_13/block_011/oe_files/PV126_Trial115_eyeTracking_w7/Record Node 102/analysis/recNames=block_011,Animal=PV_126/lizMov.mat"
PV_126_011_575112_R,PV_126,011,PV_126_block_011,575112.15,575210.5,10.804163935270866,321.6444129649751,R,binocular,2,2,1,1,True,True,True,same,R,131.19999999995343,1.6757041545147013,88.20158549779131,True,False,,,11.621988638630501,1.0756953252708241,"/Volumes/Data-1/Nimrod/experiments/PV_126/2024_08_13/block_011/oe_files/PV126_Trial115_eyeTracking_w7/Record Node 102/analysis/recNames=block_011,Animal=PV_126/lizMov.mat"
PV_126_011_586085_R,PV_126,011,PV_126_block_011,586084.95,586183.4,14.856886317979122,92.62859525342807,R,binocular,2,1,1,0,True,False,False,same,L,49.45000000006985,2.679151385451082,4.711910397427488,True,False,,,15.769419111566963,1.0614215370607996,"/Volumes/Data-1/Nimrod/experiments/PV_126/2024_08_13/block_011/oe_files/PV126_Trial115_eyeTracking_w7/Record Node 102/analysis/recNames=block_011,Animal=PV_126/lizMov.mat"
PV_126_011_592893_R,PV_126,011,PV_126_block_011,592892.85,593056.9,26.802805288897414,248.2971890145862,R,binocular,2,2,1,1,True,True,True,reverse,L,32.84999999997672,9.519886102076443,110.91308166634997,True,False,,,26.431039232173802,0.9861295840970196,"/Volumes/Data-1/Nimrod/experiments/PV_126/2024_08_13/block_011/oe_files/PV126_Trial115_eyeTracking_w7/Record Node 102/analysis/recNames=block_011,Animal=PV_126/lizMov.mat"
PV_126_011_597880_L,PV_126,011,PV_126_block_011,597879.6,597945.25,18.48083572762873,96.80803235734903,L,binocular,2,3,2,1,True,True,True,same,R,65.65000000002328,18.06956175149222,7.780534335419702,True,True,597904.0,24.400000000023283,20.32593363889903,1.0998384455369565,"/Volumes/Data-1/Nimrod/experiments/PV_126/2024_08_13/block_011/oe_files/PV126_Trial115_eyeTracking_w7/Record Node 102/analysis/recNames=block_011,Animal=PV_126/lizMov.mat"
PV_126_011_607394_R,PV_126,011,PV_126_block_011,607393.65,607492.1,8.595403758535667,171.22499732990156,R,binocular,2,3,1,2,True,True,True,same,L,48.949999999953434,0.5817763168966188,8.913244212624704,True,True,607400.0,6.349999999976717,3.363476191513897,0.39131101760912584,"/Volumes/Data-1/Nimrod/experiments/PV_126/2024_08_13/block_011/oe_files/PV126_Trial115_eyeTracking_w7/Record Node 102/analysis/recNames=block_011,Animal=PV_126/lizMov.mat"
PV_126_011_612577_L,PV_126,011,PV_126_block_011,612577.35,612642.95,13.282453154357517,336.03217371087,L,binocular,2,3,2,1,True,True,True,same,R,65.59999999997672,0.6110112123817929,87.56022575508638,True,False,,,6.568172231512387,0.4944999357560388,"/Volumes/Data-1/Nimrod/experiments/PV_126/2024_08_13/block_011/oe_files/PV126_Trial115_eyeTracking_w7/Record Node 102/analysis/recNames=block_011,Animal=PV_126/lizMov.mat"
PV_126_011_624453_L,PV_126,011,PV_126_block_011,624452.85,624584.05,16.823999858736435,42.8660873364598,L,binocular,2,4,2,2,True,True,True,same,R,48.95000000006985,0.7570718080980574,44.56964150914462,True,False,,,13.218594704477214,0.7856986932636598,"/Volumes/Data-1/Nimrod/experiments/PV_126/2024_08_13/block_011/oe_files/PV126_Trial115_eyeTracking_w7/Record Node 102/analysis/recNames=block_011,Animal=PV_126/lizMov.mat"
PV_126_011_628553_L,PV_126,011,PV_126_block_011,628553.25,628651.7,7.730168182711138,240.6865065714624,L,binocular,2,1,1,0,True,False,False,same,L,65.59999999997672,2.2550864672074296,44.766108434754216,True,False,,,10.943819891119983,1.4157285627492968,"/Volumes/Data-1/Nimrod/experiments/PV_126/2024_08_13/block_011/oe_files/PV126_Trial115_eyeTracking_w7/Record Node 102/analysis/recNames=block_011,Animal=PV_126/lizMov.mat"
PV_126_011_630833_L,PV_126,011,PV_126_block_011,630833.05,630865.85,6.361606709709228,321.6891500952639,L,binocular,2,5,1,4,True,True,True,reverse,L,32.79999999993015,9.692521645402062,172.02181745083294,False,False,,,-3.3188709961474343,-0.5217032657932309,"/Volumes/Data-1/Nimrod/experiments/PV_126/2024_08_13/block_011/oe_files/PV126_Trial115_eyeTracking_w7/Record Node 102/analysis/recNames=block_011,Animal=PV_126/lizMov.mat"
PV_126_011_630866_L,PV_126,011,PV_126_block_011,630865.85,630964.3,9.692521645402062,149.66733264443099,L,binocular,2,3,2,1,True,True,True,same,R,16.650000000023283,2.4943558965899983,42.16811058987372,True,False,,,9.72100194651564,1.0029383789023663,"/Volumes/Data-1/Nimrod/experiments/PV_126/2024_08_13/block_011/oe_files/PV126_Trial115_eyeTracking_w7/Record Node 102/analysis/recNames=block_011,Animal=PV_126/lizMov.mat"
PV_126_011_634721_R,PV_126,011,PV_126_block_011,634720.85,634819.25,6.6085371037302485,20.77216235996155,R,binocular,2,7,4,3,True,True,True,same,L,16.150000000023283,6.423194696740797,51.17886755395125,True,True,634944.0,223.15000000002328,4.277527032238622,0.6472729085267801,"/Volumes/Data-1/Nimrod/experiments/PV_126/2024_08_13/block_011/oe_files/PV126_Trial115_eyeTracking_w7/Record Node 102/analysis/recNames=block_011,Animal=PV_126/lizMov.mat"
PV_126_011_638673_R,PV_126,011,PV_126_block_011,638673.4,638722.85,13.779020509975522,161.29062340056996,R,binocular,2,3,1,2,True,True,True,reverse,L,32.79999999993015,6.1567767724392874,164.3863843827861,True,False,,,-1.474023631100629,-0.1069759370801058,"/Volumes/Data-1/Nimrod/experiments/PV_126/2024_08_13/block_011/oe_files/PV126_Trial115_eyeTracking_w7/Record Node 102/analysis/recNames=block_011,Animal=PV_126/lizMov.mat"
PV_126_011_638723_R,PV_126,011,PV_126_block_011,638722.85,638870.15,19.362946850652026,331.4587112709051,R,binocular,2,0,0,0,False,False,False,none,,,,,False,False,,,16.70904315318697,0.8629390599512134,"/Volumes/Data-1/Nimrod/experiments/PV_126/2024_08_13/block_011/oe_files/PV126_Trial115_eyeTracking_w7/Record Node 102/analysis/recNames=block_011,Animal=PV_126/lizMov.mat"
PV_126_011_699957_L,PV_126,011,PV_126_block_011,699956.9,700072.0,11.587561883024678,70.43504524749517,L,binocular,2,0,0,0,False,False,False,none,,,,,False,False,,,16.114392648092867,1.3906629203594432,"/Volumes/Data-1/Nimrod/experiments/PV_126/2024_08_13/block_011/oe_files/PV126_Trial115_eyeTracking_w7/Record Node 102/analysis/recNames=block_011,Animal=PV_126/lizMov.mat"
PV_126_011_702844_L,PV_126,011,PV_126_block_011,702843.8,702909.4,12.470578166244211,298.3084344061895,L,binocular,2,3,2,1,True,True,True,same,L,49.449999999953434,7.594267868911141,70.06995110008222,True,False,,,12.728062203254273,1.0206473215257195,"/Volumes/Data-1/Nimrod/experiments/PV_126/2024_08_13/block_011/oe_files/PV126_Trial115_eyeTracking_w7/Record Node 102/analysis/recNames=block_011,Animal=PV_126/lizMov.mat"
PV_126_011_702893_L,PV_126,011,PV_126_block_011,702893.25,702975.05,7.594267868911141,228.2384833061073,L,binocular,2,1,0,1,True,False,False,reverse,R,49.0,4.984689151532087,174.4304497873182,True,False,,,7.522160354146187,0.9905050077229771,"/Volumes/Data-1/Nimrod/experiments/PV_126/2024_08_13/block_011/oe_files/PV126_Trial115_eyeTracking_w7/Record Node 102/analysis/recNames=block_011,Animal=PV_126/lizMov.mat"
PV_126_011_706830_L,PV_126,011,PV_126_block_011,706829.85,706944.4,18.64659599482265,79.76142546604568,L,binocular,2,0,0,0,False,False,False,none,,,,,False,False,,,17.815650891286754,0.95543716913443,"/Volumes/Data-1/Nimrod/experiments/PV_126/2024_08_13/block_011/oe_files/PV126_Trial115_eyeTracking_w7/Record Node 102/analysis/recNames=block_011,Animal=PV_126/lizMov.mat"
PV_126_011_709470_R,PV_126,011,PV_126_block_011,709470.3,709535.9,13.430495266226586,160.88462878088177,R,binocular,2,2,0,2,True,True,False,reverse,R,82.25,1.8367896610128331,156.04529273170562,True,False,,,9.37086615532021,0.6977304983595766,"/Volumes/Data-1/Nimrod/experiments/PV_126/2024_08_13/block_011/oe_files/PV126_Trial115_eyeTracking_w7/Record Node 102/analysis/recNames=block_011,Animal=PV_126/lizMov.mat"
PV_126_011_715393_R,PV_126,011,PV_126_block_011,715392.6,715458.2,7.566043783386023,344.03558247972467,R,binocular,2,2,1,1,True,True,True,same,L,48.95000000006985,2.3998736113774486,57.81431498070981,True,False,,,5.57368225257772,0.7366706315943808,"/Volumes/Data-1/Nimrod/experiments/PV_126/2024_08_13/block_011/oe_files/PV126_Trial115_eyeTracking_w7/Record Node 102/analysis/recNames=block_011,Animal=PV_126/lizMov.mat"
PV_126_011_719986_L,PV_126,011,PV_126_block_011,719985.8,720067.55,6.290937077983046,188.3963191590027,L,binocular,2,0,0,0,False,False,False,none,,,,,False,False,,,7.186928683589011,1.1424257776701896,"/Volumes/Data-1/Nimrod/experiments/PV_126/2024_08_13/block_011/oe_files/PV126_Trial115_eyeTracking_w7/Record Node 102/analysis/recNames=block_011,Animal=PV_126/lizMov.mat"
PV_126_011_722545_L,PV_126,011,PV_126_block_011,722544.7,722659.25,18.496587079812993,52.61685467194557,L,binocular,2,2,0,2,True,True,False,reverse,L,81.75,0.7292849705855458,116.85439443004776,True,False,,,16.58497360016886,0.8966504754960739,"/Volumes/Data-1/Nimrod/experiments/PV_126/2024_08_13/block_011/oe_files/PV126_Trial115_eyeTracking_w7/Record Node 102/analysis/recNames=block_011,Animal=PV_126/lizMov.mat"
PV_126_011_725465_L,PV_126,011,PV_126_block_011,725464.55,725513.55,6.8158663546373175,47.27927772605918,L,binocular,2,2,0,2,True,True,False,reverse,R,49.0,3.539867884858977,100.83706821118369,True,False,,,2.363290185199695,0.3467336450327816,"/Volumes/Data-1/Nimrod/experiments/PV_126/2024_08_13/block_011/oe_files/PV126_Trial115_eyeTracking_w7/Record Node 102/analysis/recNames=block_011,Animal=PV_126/lizMov.mat"
PV_126_011_729909_L,PV_126,011,PV_126_block_011,729909.4,730090.1,14.752388759453568,272.38283060769584,L,binocular,2,1,0,1,True,False,False,reverse,R,147.84999999997672,1.7565056844819782,126.45483699949071,True,False,,,14.502095660710497,0.9830337240412893,"/Volumes/Data-1/Nimrod/experiments/PV_126/2024_08_13/block_011/oe_files/PV126_Trial115_eyeTracking_w7/Record Node 102/analysis/recNames=block_011,Animal=PV_126/lizMov.mat"
PV_126_011_744985_R,PV_126,011,PV_126_block_011,744985.25,745067.05,16.91426225641483,11.214135104777935,R,binocular,2,2,0,2,True,True,False,reverse,L,65.65000000002328,8.169634383557469,123.71996774816694,True,True,745100.0,114.75,9.97630478829946,0.5898161348725623,"/Volumes/Data-1/Nimrod/experiments/PV_126/2024_08_13/block_011/oe_files/PV126_Trial115_eyeTracking_w7/Record Node 102/analysis/recNames=block_011,Animal=PV_126/lizMov.mat"
PV_126_011_745051_L,PV_126,011,PV_126_block_011,745050.9,745149.35,8.169634383557469,134.93410285294485,L,binocular,2,0,0,0,False,False,False,none,,,,,False,True,745100.0,49.09999999997672,9.38013656250123,1.1481709121989676,"/Volumes/Data-1/Nimrod/experiments/PV_126/2024_08_13/block_011/oe_files/PV126_Trial115_eyeTracking_w7/Record Node 102/analysis/recNames=block_011,Animal=PV_126/lizMov.mat"
PV_126_011_766308_R,PV_126,011,PV_126_block_011,766308.4,766374.0,9.350465036901952,187.180695035189,R,binocular,2,6,3,3,True,True,True,reverse,L,16.150000000023283,9.02446105451135,143.8856220106564,True,False,,,1.237608118935061,0.13235792167029076,"/Volumes/Data-1/Nimrod/experiments/PV_126/2024_08_13/block_011/oe_files/PV126_Trial115_eyeTracking_w7/Record Node 102/analysis/recNames=block_011,Animal=PV_126/lizMov.mat"
PV_126_011_766374_L,PV_126,011,PV_126_block_011,766374.0,766472.4,12.007515895882849,104.03938618858757,L,binocular,2,3,2,1,True,True,True,reverse,R,16.150000000023283,14.697769219628237,94.40294702882854,False,False,,,13.040296925567459,1.0860112148624124,"/Volumes/Data-1/Nimrod/experiments/PV_126/2024_08_13/block_011/oe_files/PV126_Trial115_eyeTracking_w7/Record Node 102/analysis/recNames=block_011,Animal=PV_126/lizMov.mat"
PV_126_011_771885_L,PV_126,011,PV_126_block_011,771885.15,771950.75,6.248191487186709,183.3476287719974,L,binocular,2,2,0,2,True,True,False,reverse,R,65.59999999997672,13.512678622606046,111.24505840607785,False,False,,,4.03085458306749,0.6451234075225838,"/Volumes/Data-1/Nimrod/experiments/PV_126/2024_08_13/block_011/oe_files/PV126_Trial115_eyeTracking_w7/Record Node 102/analysis/recNames=block_011,Animal=PV_126/lizMov.mat"
PV_126_011_773870_R,PV_126,011,PV_126_block_011,773869.65,773968.05,14.064388257960502,225.6778852449098,R,binocular,2,2,0,2,True,True,False,reverse,L,246.25,2.6494593799407724,126.26017180340853,True,False,,,17.55076151326704,1.247886590682907,"/Volumes/Data-1/Nimrod/experiments/PV_126/2024_08_13/block_011/oe_files/PV126_Trial115_eyeTracking_w7/Record Node 102/analysis/recNames=block_011,Animal=PV_126/lizMov.mat"
PV_126_011_774116_R,PV_126,011,PV_126_block_011,774115.9,774214.3,7.4590022666292715,3.396076401112094,R,binocular,2,0,0,0,False,False,False,none,,,,,False,False,,,9.454528396793242,1.267532581279902,"/Volumes/Data-1/Nimrod/experiments/PV_126/2024_08_13/block_011/oe_files/PV126_Trial115_eyeTracking_w7/Record Node 102/analysis/recNames=block_011,Animal=PV_126/lizMov.mat"
PV_126_011_783137_L,PV_126,011,PV_126_block_011,783137.15,783235.6,6.241420496500039,250.42276618271404,L,binocular,2,3,0,3,True,True,False,reverse,L,98.44999999995343,3.0642688764301838,178.89570885860348,True,False,,,-1.5712155988553957,-0.25174006457928544,"/Volumes/Data-1/Nimrod/experiments/PV_126/2024_08_13/block_011/oe_files/PV126_Trial115_eyeTracking_w7/Record Node 102/analysis/recNames=block_011,Animal=PV_126/lizMov.mat"
PV_126_011_815021_R,PV_126,011,PV_126_block_011,815021.0,815152.25,17.70584868000278,88.93858546373903,R,binocular,2,0,0,0,False,False,False,none,,,,,False,True,815180.0,159.0,17.04671762143288,0.9627732581203897,"/Volumes/Data-1/Nimrod/experiments/PV_126/2024_08_13/block_011/oe_files/PV126_Trial115_eyeTracking_w7/Record Node 102/analysis/recNames=block_011,Animal=PV_126/lizMov.mat"
PV_126_011_818105_L,PV_126,011,PV_126_block_011,818104.6,818137.45,9.038822122879411,316.5649294941063,L,binocular,2,3,1,2,True,True,True,reverse,L,32.84999999997672,8.863206609991128,165.4716950517539,True,False,,,-1.0824818321023115,-0.11975916965577763,"/Volumes/Data-1/Nimrod/experiments/PV_126/2024_08_13/block_011/oe_files/PV126_Trial115_eyeTracking_w7/Record Node 102/analysis/recNames=block_011,Animal=PV_126/lizMov.mat"
PV_126_011_818137_R,PV_126,011,PV_126_block_011,818137.45,818235.85,13.33988118704516,290.9949720071163,R,binocular,2,1,0,1,True,False,False,reverse,R,114.55000000004657,1.7667651640810844,119.42928286405584,True,False,,,11.139232352481606,0.835032351210093,"/Volumes/Data-1/Nimrod/experiments/PV_126/2024_08_13/block_011/oe_files/PV126_Trial115_eyeTracking_w7/Record Node 102/analysis/recNames=block_011,Animal=PV_126/lizMov.mat"
PV_126_011_822665_R,PV_126,011,PV_126_block_011,822665.2,822829.25,25.54824195707749,95.69019279745999,R,binocular,2,2,2,0,True,True,False,same,L,114.60000000009313,1.6714854245119777,67.20423063010661,True,False,,,24.95736405526731,0.9768720719491036,"/Volumes/Data-1/Nimrod/experiments/PV_126/2024_08_13/block_011/oe_files/PV126_Trial115_eyeTracking_w7/Record Node 102/analysis/recNames=block_011,Animal=PV_126/lizMov.mat"
PV_126_011_828456_R,PV_126,011,PV_126_block_011,828455.5,828586.7,29.224790257847626,254.73290114969333,R,binocular,2,2,1,1,True,True,True,reverse,R,98.44999999995343,6.090685653088135,140.6860237040688,True,False,,,25.571443544476455,0.8749915164099372,"/Volumes/Data-1/Nimrod/experiments/PV_126/2024_08_13/block_011/oe_files/PV126_Trial115_eyeTracking_w7/Record Node 102/analysis/recNames=block_011,Animal=PV_126/lizMov.mat"
PV_126_011_830162_L,PV_126,011,PV_126_block_011,830161.55,830227.15,13.711753076074086,23.057273065294766,L,binocular,2,3,1,2,True,True,True,same,L,65.59999999997672,0.5183892581688567,73.82366533545309,True,False,,,10.251852857759289,0.7476690107297771,"/Volumes/Data-1/Nimrod/experiments/PV_126/2024_08_13/block_011/oe_files/PV126_Trial115_eyeTracking_w7/Record Node 102/analysis/recNames=block_011,Animal=PV_126/lizMov.mat"
PV_126_011_838921_L,PV_126,011,PV_126_block_011,838920.65,839002.9,11.94658358472666,49.410088206669315,L,binocular,2,4,3,1,True,True,True,same,R,32.79999999993015,13.789977666647857,29.87906164472082,False,False,,,7.747998538081337,0.6485534950751037,"/Volumes/Data-1/Nimrod/experiments/PV_126/2024_08_13/block_011/oe_files/PV126_Trial115_eyeTracking_w7/Record Node 102/analysis/recNames=block_011,Animal=PV_126/lizMov.mat"
PV_126_011_840446_L,PV_126,011,PV_126_block_011,840446.2,840495.15,13.183411907122991,289.1826118778802,L,binocular,2,4,2,2,True,True,True,same,R,48.95000000006985,7.901422488561382,3.768533332942411,True,False,,,14.382444901582954,1.0909501275471887,"/Volumes/Data-1/Nimrod/experiments/PV_126/2024_08_13/block_011/oe_files/PV126_Trial115_eyeTracking_w7/Record Node 102/analysis/recNames=block_011,Animal=PV_126/lizMov.mat"
PV_126_011_840495_R,PV_126,011,PV_126_block_011,840495.15,840593.6,7.901422488561382,292.95114521082263,R,binocular,2,2,0,2,True,True,False,reverse,R,131.25,4.232798381148036,119.81362562031546,True,False,,,4.694843268080242,0.5941769693845388,"/Volumes/Data-1/Nimrod/experiments/PV_126/2024_08_13/block_011/oe_files/PV126_Trial115_eyeTracking_w7/Record Node 102/analysis/recNames=block_011,Animal=PV_126/lizMov.mat"
PV_126_011_847303_R,PV_126,011,PV_126_block_011,847302.65,847401.1,12.478823054568148,230.72165118262112,R,binocular,2,3,1,2,True,True,True,reverse,R,98.44999999995343,11.424788787215553,153.67844389535048,True,False,,,3.3150009371552063,0.26565012763296436,"/Volumes/Data-1/Nimrod/experiments/PV_126/2024_08_13/block_011/oe_files/PV126_Trial115_eyeTracking_w7/Record Node 102/analysis/recNames=block_011,Animal=PV_126/lizMov.mat"
PV_126_011_847401_R,PV_126,011,PV_126_block_011,847401.1,847532.4,11.424788787215553,24.40009507797164,R,binocular,2,4,3,1,True,True,True,reverse,R,131.30000000004657,5.6214431495501636,157.67112067804237,True,False,,,14.203728628750486,1.2432377432346577,"/Volumes/Data-1/Nimrod/experiments/PV_126/2024_08_13/block_011/oe_files/PV126_Trial115_eyeTracking_w7/Record Node 102/analysis/recNames=block_011,Animal=PV_126/lizMov.mat"
PV_126_011_847614_R,PV_126,011,PV_126_block_011,847614.15,847712.6,8.52615154878341,34.102877935428566,R,binocular,2,2,0,2,True,True,False,reverse,L,246.34999999997672,2.0324398560659525,142.41851423602816,True,True,847732.0,117.84999999997672,3.00963464673278,0.3529886408320085,"/Volumes/Data-1/Nimrod/experiments/PV_126/2024_08_13/block_011/oe_files/PV126_Trial115_eyeTracking_w7/Record Node 102/analysis/recNames=block_011,Animal=PV_126/lizMov.mat"
PV_126_011_854521_R,PV_126,011,PV_126_block_011,854520.75,854635.35,10.534625652869728,15.485561185913767,R,binocular,2,2,0,2,True,True,False,reverse,L,16.199999999953434,2.3275288329179995,166.03641770442937,True,False,,,9.29619499574021,0.8824418922952276,"/Volumes/Data-1/Nimrod/experiments/PV_126/2024_08_13/block_011/oe_files/PV126_Trial115_eyeTracking_w7/Record Node 102/analysis/recNames=block_011,Animal=PV_126/lizMov.mat"
PV_126_011_858278_L,PV_126,011,PV_126_block_011,858277.5,858375.95,9.564523217615253,189.96114809222848,L,binocular,2,4,1,3,True,True,True,same,R,65.65000000002328,1.0723882602765547,1.6316263214625621,True,False,,,5.883918144115937,0.6151815422727355,"/Volumes/Data-1/Nimrod/experiments/PV_126/2024_08_13/block_011/oe_files/PV126_Trial115_eyeTracking_w7/Record Node 102/analysis/recNames=block_011,Animal=PV_126/lizMov.mat"
PV_126_011_861706_R,PV_126,011,PV_126_block_011,861706.3,861820.9,13.455610861129582,327.2006402192275,R,binocular,2,4,0,4,True,True,False,reverse,R,131.25,3.0323991873257348,154.3867239709619,True,False,,,11.384536632022279,0.8460809954685744,"/Volumes/Data-1/Nimrod/experiments/PV_126/2024_08_13/block_011/oe_files/PV126_Trial115_eyeTracking_w7/Record Node 102/analysis/recNames=block_011,Animal=PV_126/lizMov.mat"
PV_126_011_869400_L,PV_126,011,PV_126_block_011,869399.6,869580.25,10.266479128753296,188.61362785876483,L,binocular,2,0,0,0,False,False,False,none,,,,,False,False,,,9.844242731303225,0.9588723269044093,"/Volumes/Data-1/Nimrod/experiments/PV_126/2024_08_13/block_011/oe_files/PV126_Trial115_eyeTracking_w7/Record Node 102/analysis/recNames=block_011,Animal=PV_126/lizMov.mat"
PV_126_011_871778_L,PV_126,011,PV_126_block_011,871778.25,871860.0,9.937836546366707,45.85408688022159,L,binocular,2,2,0,2,True,True,False,reverse,L,98.40000000002328,1.53635759122062,164.3906090519044,True,True,871952.0,173.75,6.118706016975954,0.6156979930619774,"/Volumes/Data-1/Nimrod/experiments/PV_126/2024_08_13/block_011/oe_files/PV126_Trial115_eyeTracking_w7/Record Node 102/analysis/recNames=block_011,Animal=PV_126/lizMov.mat"
PV_126_011_876634_L,PV_126,011,PV_126_block_011,876633.6,876813.75,12.283366672743831,316.5029903302346,L,binocular,2,2,1,1,True,True,True,reverse,L,48.95000000006985,12.26442034193237,151.95146951830006,True,False,,,1.2163567674123514,0.09902470550776486,"/Volumes/Data-1/Nimrod/experiments/PV_126/2024_08_13/block_011/oe_files/PV126_Trial115_eyeTracking_w7/Record Node 102/analysis/recNames=block_011,Animal=PV_126/lizMov.mat"
PV_126_011_880768_R,PV_126,011,PV_126_block_011,880767.5,880865.9,12.506893675239187,69.79232181808649,R,binocular,2,1,1,0,True,False,False,same,L,32.800000000046566,5.733180336643823,55.54959876097968,True,False,,,11.003990016138877,0.8798339781143484,"/Volumes/Data-1/Nimrod/experiments/PV_126/2024_08_13/block_011/oe_files/PV126_Trial115_eyeTracking_w7/Record Node 102/analysis/recNames=block_011,Animal=PV_126/lizMov.mat"
PV_126_011_885000_R,PV_126,011,PV_126_block_011,884999.65,885114.25,17.658737588602637,176.6812002665091,R,binocular,2,1,0,1,True,False,False,reverse,R,65.65000000002328,4.661219273138554,166.70757716677213,True,True,885128.0,128.34999999997672,11.551552839801479,0.6541550765926281,"/Volumes/Data-1/Nimrod/experiments/PV_126/2024_08_13/block_011/oe_files/PV126_Trial115_eyeTracking_w7/Record Node 102/analysis/recNames=block_011,Animal=PV_126/lizMov.mat"
PV_126_011_895171_L,PV_126,011,PV_126_block_011,895171.3,895220.25,9.111816568251427,336.4788058561368,L,binocular,2,5,1,4,True,True,True,reverse,R,48.949999999953434,1.6065974569105939,113.47443730434935,True,False,,,-5.855586320215805,-0.6426365452327693,"/Volumes/Data-1/Nimrod/experiments/PV_126/2024_08_13/block_011/oe_files/PV126_Trial115_eyeTracking_w7/Record Node 102/analysis/recNames=block_011,Animal=PV_126/lizMov.mat"
PV_126_011_895237_L,PV_126,011,PV_126_block_011,895236.9,895368.15,13.025124952539294,174.17670836561248,L,binocular,2,3,2,1,True,True,True,same,R,48.949999999953434,6.21226065223631,78.82335597253054,True,False,,,13.517319328490526,1.0377880732618443,"/Volumes/Data-1/Nimrod/experiments/PV_126/2024_08_13/block_011/oe_files/PV126_Trial115_eyeTracking_w7/Record Node 102/analysis/recNames=block_011,Animal=PV_126/lizMov.mat"
PV_126_011_900421_L,PV_126,011,PV_126_block_011,900421.1,900585.15,8.568559605603408,347.5746985947192,L,binocular,2,3,1,2,True,True,True,reverse,L,49.0,2.3743757561509824,130.72955741797333,True,False,,,5.436311372956857,0.6344486848643478,"/Volumes/Data-1/Nimrod/experiments/PV_126/2024_08_13/block_011/oe_files/PV126_Trial115_eyeTracking_w7/Record Node 102/analysis/recNames=block_011,Animal=PV_126/lizMov.mat"
PV_126_011_902816_R,PV_126,011,PV_126_block_011,902816.35,902980.45,14.305700143247185,36.255720384185736,R,binocular,2,2,1,1,True,True,True,same,L,81.84999999997672,1.8429509212936601,85.07872997520838,True,True,902852.0,35.65000000002328,15.363532151320573,1.073944791060976,"/Volumes/Data-1/Nimrod/experiments/PV_126/2024_08_13/block_011/oe_files/PV126_Trial115_eyeTracking_w7/Record Node 102/analysis/recNames=block_011,Animal=PV_126/lizMov.mat"
PV_126_011_909428_R,PV_126,011,PV_126_block_011,909427.95,909543.05,12.117862064105145,173.72835167721644,R,binocular,2,4,1,2,True,True,True,unknown,L,32.85000000009313,,,False,False,,,-1.3850778268407464,-0.11430051105661176,"/Volumes/Data-1/Nimrod/experiments/PV_126/2024_08_13/block_011/oe_files/PV126_Trial115_eyeTracking_w7/Record Node 102/analysis/recNames=block_011,Animal=PV_126/lizMov.mat"
PV_126_011_909543_R,PV_126,011,PV_126_block_011,909543.05,909690.45,12.146832197380439,18.798657747775145,R,binocular,2,2,1,1,True,True,True,reverse,L,114.59999999997672,1.628593678591447,106.58804523344327,True,False,,,15.415901108774715,1.269129338273009,"/Volumes/Data-1/Nimrod/experiments/PV_126/2024_08_13/block_011/oe_files/PV126_Trial115_eyeTracking_w7/Record Node 102/analysis/recNames=block_011,Animal=PV_126/lizMov.mat"
PV_126_011_914038_R,PV_126,011,PV_126_block_011,914037.95,914136.35,14.329921156573072,351.6302412957581,R,binocular,2,2,0,2,True,True,False,reverse,L,48.95000000006985,5.15971239877094,107.41739119858522,True,True,914180.0,142.05000000004657,8.87192195223997,0.6191186856719347,"/Volumes/Data-1/Nimrod/experiments/PV_126/2024_08_13/block_011/oe_files/PV126_Trial115_eyeTracking_w7/Record Node 102/analysis/recNames=block_011,Animal=PV_126/lizMov.mat"
PV_126_011_916482_R,PV_126,011,PV_126_block_011,916482.2,916597.3,16.70700877342583,106.19120721371513,R,binocular,2,0,0,0,False,False,False,none,,,,,False,False,,,16.211829102325282,0.9703609618085447,"/Volumes/Data-1/Nimrod/experiments/PV_126/2024_08_13/block_011/oe_files/PV126_Trial115_eyeTracking_w7/Record Node 102/analysis/recNames=block_011,Animal=PV_126/lizMov.mat"
PV_126_011_920092_R,PV_126,011,PV_126_block_011,920091.75,920124.55,5.506017548010441,16.619557294055042,R,binocular,2,0,0,0,False,False,False,none,,,,,False,True,920152.0,60.25,5.505171691625595,0.9998463760099798,"/Volumes/Data-1/Nimrod/experiments/PV_126/2024_08_13/block_011/oe_files/PV126_Trial115_eyeTracking_w7/Record Node 102/analysis/recNames=block_011,Animal=PV_126/lizMov.mat"
PV_126_011_929147_L,PV_126,011,PV_126_block_011,929147.25,929196.7,6.189186671263865,359.879823794288,L,binocular,2,0,0,0,False,False,False,none,,,,,False,True,929332.0,184.75,4.198735958584779,0.6783986623120182,"/Volumes/Data-1/Nimrod/experiments/PV_126/2024_08_13/block_011/oe_files/PV126_Trial115_eyeTracking_w7/Record Node 102/analysis/recNames=block_011,Animal=PV_126/lizMov.mat"
PV_126_011_930427_R,PV_126,011,PV_126_block_011,930426.55,930492.15,11.322534936906317,178.09004671678608,R,binocular,2,2,0,2,True,True,False,reverse,R,65.59999999997672,19.01903437578604,173.27102158596406,False,True,930664.0,237.44999999995343,-4.574630535389173,-0.4040288293108248,"/Volumes/Data-1/Nimrod/experiments/PV_126/2024_08_13/block_011/oe_files/PV126_Trial115_eyeTracking_w7/Record Node 102/analysis/recNames=block_011,Animal=PV_126/lizMov.mat"
PV_126_011_938595_L,PV_126,011,PV_126_block_011,938595.25,938726.45,11.839452595895423,310.4464704624526,L,binocular,2,1,0,1,True,False,False,reverse,L,49.449999999953434,7.988043190832347,106.89049103504803,True,False,,,8.5389420193744,0.7212277721636162,"/Volumes/Data-1/Nimrod/experiments/PV_126/2024_08_13/block_011/oe_files/PV126_Trial115_eyeTracking_w7/Record Node 102/analysis/recNames=block_011,Animal=PV_126/lizMov.mat"
PV_126_011_944517_R,PV_126,011,PV_126_block_011,944517.1,944582.75,9.3162700888534,190.49060562229994,R,binocular,2,2,1,1,True,True,True,same,L,32.84999999997672,5.55684346050973,1.7707807678540632,True,False,,,6.106129662839031,0.6554264318876721,"/Volumes/Data-1/Nimrod/experiments/PV_126/2024_08_13/block_011/oe_files/PV126_Trial115_eyeTracking_w7/Record Node 102/analysis/recNames=block_011,Animal=PV_126/lizMov.mat"
PV_126_011_955212_L,PV_126,011,PV_126_block_011,955211.85,955277.4,8.565220367663196,343.94844662476424,L,binocular,2,3,1,2,True,True,True,reverse,L,48.90000000002328,4.13399651283468,127.97958348979293,True,False,,,2.8023330692391033,0.32717582840237525,"/Volumes/Data-1/Nimrod/experiments/PV_126/2024_08_13/block_011/oe_files/PV126_Trial115_eyeTracking_w7/Record Node 102/analysis/recNames=block_011,Animal=PV_126/lizMov.mat"
PV_126_011_955277_R,PV_126,011,PV_126_block_011,955277.4,955359.2,6.62968061949259,9.121767007064623,R,binocular,2,0,0,0,False,False,False,none,,,,,False,False,,,7.943454812571032,1.1981655329241174,"/Volumes/Data-1/Nimrod/experiments/PV_126/2024_08_13/block_011/oe_files/PV126_Trial115_eyeTracking_w7/Record Node 102/analysis/recNames=block_011,Animal=PV_126/lizMov.mat"
PV_126_011_963938_R,PV_126,011,PV_126_block_011,963937.9,964003.5,6.751937788076246,16.12996258059998,R,binocular,2,0,0,0,False,False,False,none,,,,,False,False,,,4.829842133403487,0.7153268120942802,"/Volumes/Data-1/Nimrod/experiments/PV_126/2024_08_13/block_011/oe_files/PV126_Trial115_eyeTracking_w7/Record Node 102/analysis/recNames=block_011,Animal=PV_126/lizMov.mat"
PV_126_011_968892_L,PV_126,011,PV_126_block_011,968892.05,968941.05,8.746635962759841,13.787438567419471,L,binocular,2,3,0,3,True,True,False,reverse,R,32.84999999997672,0.5804567575435206,102.30977036523103,True,False,,,4.943158800851456,0.565149712632116,"/Volumes/Data-1/Nimrod/experiments/PV_126/2024_08_13/block_011/oe_files/PV126_Trial115_eyeTracking_w7/Record Node 102/analysis/recNames=block_011,Animal=PV_126/lizMov.mat"
PV_126_011_982999_R,PV_126,011,PV_126_block_011,982999.2,983048.15,13.620255510550063,166.03926317521768,R,binocular,2,3,1,2,True,True,True,same,L,81.80000000004657,6.694006631680068,22.882773210449415,True,False,,,11.088369687321235,0.8141087866326984,"/Volumes/Data-1/Nimrod/experiments/PV_126/2024_08_13/block_011/oe_files/PV126_Trial115_eyeTracking_w7/Record Node 102/analysis/recNames=block_011,Animal=PV_126/lizMov.mat"
PV_126_011_983081_L,PV_126,011,PV_126_block_011,983081.0,983146.6,6.694006631680068,143.15648996476827,L,binocular,2,1,0,1,True,False,False,reverse,R,16.650000000023283,4.136528645884832,105.56773224536948,True,False,,,8.927795441915588,1.333699820323435,"/Volumes/Data-1/Nimrod/experiments/PV_126/2024_08_13/block_011/oe_files/PV126_Trial115_eyeTracking_w7/Record Node 102/analysis/recNames=block_011,Animal=PV_126/lizMov.mat"
PV_126_011_987346_R,PV_126,011,PV_126_block_011,987346.4,987444.8,25.07803527027409,86.60698251262114,R,binocular,2,0,0,0,False,False,False,none,,,,,False,False,,,26.499761453805263,1.0566920880447281,"/Volumes/Data-1/Nimrod/experiments/PV_126/2024_08_13/block_011/oe_files/PV126_Trial115_eyeTracking_w7/Record Node 102/analysis/recNames=block_011,Animal=PV_126/lizMov.mat"
PV_126_011_991792_R,PV_126,011,PV_126_block_011,991792.1,991890.5,22.40321266876543,274.3614971062906,R,binocular,2,0,0,0,False,False,False,none,,,,,False,False,,,19.788097686630024,0.8832705370966102,"/Volumes/Data-1/Nimrod/experiments/PV_126/2024_08_13/block_011/oe_files/PV126_Trial115_eyeTracking_w7/Record Node 102/analysis/recNames=block_011,Animal=PV_126/lizMov.mat"
PV_126_011_998598_R,PV_126,011,PV_126_block_011,998598.35,998680.55,10.482908562201807,14.353698243651177,R,binocular,2,0,0,0,False,False,False,none,,,,,False,False,,,9.97396117154697,0.9514497920462697,"/Volumes/Data-1/Nimrod/experiments/PV_126/2024_08_13/block_011/oe_files/PV126_Trial115_eyeTracking_w7/Record Node 102/analysis/recNames=block_011,Animal=PV_126/lizMov.mat"
PV_126_011_1000747_R,PV_126,011,PV_126_block_011,1000747.1,1000828.85,22.65852854978593,92.91749137729416,R,binocular,2,1,1,0,True,False,False,same,L,65.59999999997672,3.75415967377946,10.557346513573492,True,False,,,21.68120050115874,0.956867099887807,"/Volumes/Data-1/Nimrod/experiments/PV_126/2024_08_13/block_011/oe_files/PV126_Trial115_eyeTracking_w7/Record Node 102/analysis/recNames=block_011,Animal=PV_126/lizMov.mat"
PV_126_011_1004700_R,PV_126,011,PV_126_block_011,1004700.15,1004831.4,25.011314684682308,272.2486946374059,R,binocular,2,1,1,0,True,False,False,same,L,49.449999999953434,3.1469450454900256,55.67922079458339,True,False,,,24.730941037085024,0.9887901275429959,"/Volumes/Data-1/Nimrod/experiments/PV_126/2024_08_13/block_011/oe_files/PV126_Trial115_eyeTracking_w7/Record Node 102/analysis/recNames=block_011,Animal=PV_126/lizMov.mat"
PV_126_011_1007587_L,PV_126,011,PV_126_block_011,1007586.85,1007652.5,7.379628260224703,68.58736378308893,L,binocular,2,2,1,1,True,True,True,reverse,L,65.65000000002328,0.7448494965915187,151.90324102294426,True,True,1007828.0,241.15000000002328,2.701323763180041,0.3660514687087758,"/Volumes/Data-1/Nimrod/experiments/PV_126/2024_08_13/block_011/oe_files/PV126_Trial115_eyeTracking_w7/Record Node 102/analysis/recNames=block_011,Animal=PV_126/lizMov.mat"
PV_126_011_1011227_R,PV_126,011,PV_126_block_011,1011227.3,1011292.9,8.14183226255446,30.64036532808093,R,binocular,2,1,0,1,True,False,False,reverse,L,65.59999999997672,1.610019296944266,170.16117223898584,True,False,,,5.353806562386474,0.6575677795536827,"/Volumes/Data-1/Nimrod/experiments/PV_126/2024_08_13/block_011/oe_files/PV126_Trial115_eyeTracking_w7/Record Node 102/analysis/recNames=block_011,Animal=PV_126/lizMov.mat"
PV_126_011_1020296_L,PV_126,011,PV_126_block_011,1020296.25,1020378.0,8.229243290353779,52.5022382918001,L,binocular,2,1,0,1,True,False,False,reverse,L,98.40000000002328,1.3173134820839119,178.47911020569472,True,False,,,4.393357650502615,0.5338714017183642,"/Volumes/Data-1/Nimrod/experiments/PV_126/2024_08_13/block_011/oe_files/PV126_Trial115_eyeTracking_w7/Record Node 102/analysis/recNames=block_011,Animal=PV_126/lizMov.mat"
PV_126_011_1035321_R,PV_126,011,PV_126_block_011,1035321.0,1035402.8,7.378179346740251,170.53135871430794,R,binocular,2,0,0,0,False,False,False,none,,,,,False,False,,,6.857492914255698,0.9294288728946937,"/Volumes/Data-1/Nimrod/experiments/PV_126/2024_08_13/block_011/oe_files/PV126_Trial115_eyeTracking_w7/Record Node 102/analysis/recNames=block_011,Animal=PV_126/lizMov.mat"
PV_126_011_1035583_R,PV_126,011,PV_126_block_011,1035583.45,1035681.9,7.258181561418834,269.25646105119523,R,binocular,2,0,0,0,False,False,False,none,,,,,False,False,,,7.616705014196222,1.0493957680368777,"/Volumes/Data-1/Nimrod/experiments/PV_126/2024_08_13/block_011/oe_files/PV126_Trial115_eyeTracking_w7/Record Node 102/analysis/recNames=block_011,Animal=PV_126/lizMov.mat"
PV_126_011_1038519_R,PV_126,011,PV_126_block_011,1038519.2,1038568.65,10.924150384736873,125.6406856479417,R,binocular,2,3,2,1,True,True,True,reverse,R,49.45000000006985,17.382127155874695,117.73072765971808,False,False,,,3.2049667876665655,0.2933836202167738,"/Volumes/Data-1/Nimrod/experiments/PV_126/2024_08_13/block_011/oe_files/PV126_Trial115_eyeTracking_w7/Record Node 102/analysis/recNames=block_011,Animal=PV_126/lizMov.mat"
PV_126_011_1038569_R,PV_126,011,PV_126_block_011,1038568.65,1038699.85,17.382127155874695,7.9099579882236135,R,binocular,2,1,0,1,True,False,False,reverse,L,48.949999999953434,5.453240476122222,174.30921290451954,True,False,,,16.583221244593297,0.9540386568273729,"/Volumes/Data-1/Nimrod/experiments/PV_126/2024_08_13/block_011/oe_files/PV126_Trial115_eyeTracking_w7/Record Node 102/analysis/recNames=block_011,Animal=PV_126/lizMov.mat"
PV_126_011_1045539_L,PV_126,011,PV_126_block_011,1045538.9,1045621.15,7.9260188924266775,223.32244917273474,L,binocular,2,2,1,1,True,True,True,same,R,131.25,0.6082057822036473,65.46980953187133,True,False,,,7.325895658760471,0.9242844053476046,"/Volumes/Data-1/Nimrod/experiments/PV_126/2024_08_13/block_011/oe_files/PV126_Trial115_eyeTracking_w7/Record Node 102/analysis/recNames=block_011,Animal=PV_126/lizMov.mat"
PV_126_011_1046835_R,PV_126,011,PV_126_block_011,1046835.1,1046916.85,7.97378911323709,32.45967595107599,R,binocular,2,0,0,0,False,False,False,none,,,,,False,True,1046852.0,16.900000000023283,11.346260372613404,1.4229446266365082,"/Volumes/Data-1/Nimrod/experiments/PV_126/2024_08_13/block_011/oe_files/PV126_Trial115_eyeTracking_w7/Record Node 102/analysis/recNames=block_011,Animal=PV_126/lizMov.mat"
PV_126_011_1054151_R,PV_126,011,PV_126_block_011,1054150.8,1054183.6,6.0049091609522565,67.6984984983973,R,binocular,2,4,2,2,True,True,True,reverse,R,16.149999999906868,8.300418691944014,125.51456658156155,False,True,1054328.0,177.19999999995343,7.045405088146259,1.1732742160297727,"/Volumes/Data-1/Nimrod/experiments/PV_126/2024_08_13/block_011/oe_files/PV126_Trial115_eyeTracking_w7/Record Node 102/analysis/recNames=block_011,Animal=PV_126/lizMov.mat"
PV_126_011_1056743_R,PV_126,011,PV_126_block_011,1056742.7,1056824.45,5.730813338384588,35.953796914246084,R,binocular,2,3,1,2,True,True,True,reverse,L,32.800000000046566,8.734634228299653,109.59978472975854,False,True,1056952.0,209.30000000004657,7.566491339142278,1.3203171857757863,"/Volumes/Data-1/Nimrod/experiments/PV_126/2024_08_13/block_011/oe_files/PV126_Trial115_eyeTracking_w7/Record Node 102/analysis/recNames=block_011,Animal=PV_126/lizMov.mat"
PV_126_011_1062320_R,PV_126,011,PV_126_block_011,1062319.95,1062368.95,9.394852912316658,357.47744313985066,R,binocular,2,2,1,1,True,True,True,reverse,L,49.0,5.00159145872143,177.0161015698949,True,False,,,15.236848625378913,1.62182939611576,"/Volumes/Data-1/Nimrod/experiments/PV_126/2024_08_13/block_011/oe_files/PV126_Trial115_eyeTracking_w7/Record Node 102/analysis/recNames=block_011,Animal=PV_126/lizMov.mat"
PV_126_011_1077067_R,PV_126,011,PV_126_block_011,1077067.35,1077116.8,10.546929400867322,178.77290204919208,R,binocular,2,2,1,1,True,True,True,reverse,R,49.449999999953434,17.488355454038363,177.24386565204577,False,False,,,-6.280375748238305,-0.5954695920996533,"/Volumes/Data-1/Nimrod/experiments/PV_126/2024_08_13/block_011/oe_files/PV126_Trial115_eyeTracking_w7/Record Node 102/analysis/recNames=block_011,Animal=PV_126/lizMov.mat"
PV_126_011_1077117_R,PV_126,011,PV_126_block_011,1077116.8,1077231.35,17.488355454038363,356.0167677012378,R,binocular,2,0,0,0,False,False,False,none,,,,,False,False,,,16.718982830878492,0.9560065767657868,"/Volumes/Data-1/Nimrod/experiments/PV_126/2024_08_13/block_011/oe_files/PV126_Trial115_eyeTracking_w7/Record Node 102/analysis/recNames=block_011,Animal=PV_126/lizMov.mat"
PV_126_011_1078511_L,PV_126,011,PV_126_block_011,1078510.65,1078609.05,8.36217854858507,93.23560893300102,L,binocular,2,0,0,0,False,False,False,none,,,,,False,False,,,7.245709470365874,0.8664858599069126,"/Volumes/Data-1/Nimrod/experiments/PV_126/2024_08_13/block_011/oe_files/PV126_Trial115_eyeTracking_w7/Record Node 102/analysis/recNames=block_011,Animal=PV_126/lizMov.mat"
PV_126_011_1087122_L,PV_126,011,PV_126_block_011,1087121.8,1087203.55,9.463941768833507,302.00579568899434,L,binocular,2,0,0,0,False,False,False,none,,,,,False,False,,,8.321230595044703,0.8792563181705153,"/Volumes/Data-1/Nimrod/experiments/PV_126/2024_08_13/block_011/oe_files/PV126_Trial115_eyeTracking_w7/Record Node 102/analysis/recNames=block_011,Animal=PV_126/lizMov.mat"
PV_126_011_1110677_L,PV_126,011,PV_126_block_011,1110676.85,1110758.65,6.830557816501952,332.2796422128517,L,binocular,2,0,0,0,False,False,False,none,,,,,False,False,,,5.485936219654224,0.8031461510216259,"/Volumes/Data-1/Nimrod/experiments/PV_126/2024_08_13/block_011/oe_files/PV126_Trial115_eyeTracking_w7/Record Node 102/analysis/recNames=block_011,Animal=PV_126/lizMov.mat"
PV_126_011_1115762_L,PV_126,011,PV_126_block_011,1115761.65,1115876.2,18.83786432314433,101.92070560785417,L,binocular,2,1,1,0,True,False,False,same,R,65.60000000009313,5.021960867675264,4.163461934015174,True,True,1115980.0,218.35000000009313,22.45833530464626,1.1921911592204109,"/Volumes/Data-1/Nimrod/experiments/PV_126/2024_08_13/block_011/oe_files/PV126_Trial115_eyeTracking_w7/Record Node 102/analysis/recNames=block_011,Animal=PV_126/lizMov.mat"
PV_126_011_1118156_R,PV_126,011,PV_126_block_011,1118156.5,1118222.1,13.594904928822006,185.76729277950176,R,binocular,2,2,1,1,True,True,True,reverse,R,65.60000000009313,13.860972375139292,164.4345801001395,False,True,1118232.0,75.5,1.565228610103168,0.1151334723043771,"/Volumes/Data-1/Nimrod/experiments/PV_126/2024_08_13/block_011/oe_files/PV126_Trial115_eyeTracking_w7/Record Node 102/analysis/recNames=block_011,Animal=PV_126/lizMov.mat"
PV_126_011_1118222_R,PV_126,011,PV_126_block_011,1118222.1,1118320.55,13.860972375139292,21.33271267936226,R,binocular,2,0,0,0,False,False,False,none,,,,,False,True,1118232.0,9.899999999906868,13.914394190592358,1.0038541174462536,"/Volumes/Data-1/Nimrod/experiments/PV_126/2024_08_13/block_011/oe_files/PV126_Trial115_eyeTracking_w7/Record Node 102/analysis/recNames=block_011,Animal=PV_126/lizMov.mat"
PV_126_011_1146387_L,PV_126,011,PV_126_block_011,1146387.1,1146502.2,16.616932652352148,66.0475016652219,L,binocular,2,0,0,0,False,False,False,none,,,,,False,False,,,14.711006266059234,0.885302153762829,"/Volumes/Data-1/Nimrod/experiments/PV_126/2024_08_13/block_011/oe_files/PV126_Trial115_eyeTracking_w7/Record Node 102/analysis/recNames=block_011,Animal=PV_126/lizMov.mat"
PV_126_011_1149160_L,PV_126,011,PV_126_block_011,1149159.85,1149274.45,15.057940941557096,266.43522462758244,L,binocular,2,0,0,0,False,False,False,none,,,,,False,False,,,13.698222640540047,0.9097009142023873,"/Volumes/Data-1/Nimrod/experiments/PV_126/2024_08_13/block_011/oe_files/PV126_Trial115_eyeTracking_w7/Record Node 102/analysis/recNames=block_011,Animal=PV_126/lizMov.mat"
PV_126_011_1158790_R,PV_126,011,PV_126_block_011,1158789.9,1158888.35,11.794625056728329,156.92853382906372,R,binocular,2,2,1,1,True,True,True,same,R,115.10000000009313,0.6967340610853981,6.346033586603681,True,False,,,13.008944021782654,1.1029552833781358,"/Volumes/Data-1/Nimrod/experiments/PV_126/2024_08_13/block_011/oe_files/PV126_Trial115_eyeTracking_w7/Record Node 102/analysis/recNames=block_011,Animal=PV_126/lizMov.mat"
PV_126_011_1165893_R,PV_126,011,PV_126_block_011,1165893.45,1166024.65,5.51950830486694,1.9212426873328992,R,binocular,2,0,0,0,False,False,False,none,,,,,False,True,1165916.0,22.550000000046566,7.873489453483076,1.4264838493929732,"/Volumes/Data-1/Nimrod/experiments/PV_126/2024_08_13/block_011/oe_files/PV126_Trial115_eyeTracking_w7/Record Node 102/analysis/recNames=block_011,Animal=PV_126/lizMov.mat"
PV_126_011_1174112_L,PV_126,011,PV_126_block_011,1174111.55,1174144.4,7.667035267433906,359.5382386067167,L,binocular,2,3,1,2,True,True,True,reverse,R,16.649999999906868,10.76677245652821,151.0271236022922,False,True,1174120.0,8.449999999953434,0.6716298201637688,0.08759967793764405,"/Volumes/Data-1/Nimrod/experiments/PV_126/2024_08_13/block_011/oe_files/PV126_Trial115_eyeTracking_w7/Record Node 102/analysis/recNames=block_011,Animal=PV_126/lizMov.mat"
PV_126_011_1176622_R,PV_126,011,PV_126_block_011,1176621.8,1176687.4,7.805889539704364,354.9401092760425,R,binocular,2,3,0,3,True,True,False,reverse,R,98.39999999990687,0.5061662821373923,178.35051922093683,True,True,1176656.0,34.199999999953434,3.6318779991336925,0.46527407038753,"/Volumes/Data-1/Nimrod/experiments/PV_126/2024_08_13/block_011/oe_files/PV126_Trial115_eyeTracking_w7/Record Node 102/analysis/recNames=block_011,Animal=PV_126/lizMov.mat"
PV_126_011_1179197_R,PV_126,011,PV_126_block_011,1179197.3,1179246.75,8.000825742306763,174.65266314030615,R,binocular,2,1,0,1,True,False,False,reverse,L,32.800000000046566,0.5398178622978,168.99860726600977,True,False,,,6.842010022070428,0.8551629847268453,"/Volumes/Data-1/Nimrod/experiments/PV_126/2024_08_13/block_011/oe_files/PV126_Trial115_eyeTracking_w7/Record Node 102/analysis/recNames=block_011,Animal=PV_126/lizMov.mat"
PV_126_011_1188466_R,PV_126,011,PV_126_block_011,1188466.2,1188531.9,11.47476440561635,173.60675773877884,R,binocular,2,2,0,2,True,True,False,reverse,L,65.69999999995343,3.8789025934306727,96.82006384889584,True,False,,,-9.875293881858722,-0.8606097286864763,"/Volumes/Data-1/Nimrod/experiments/PV_126/2024_08_13/block_011/oe_files/PV126_Trial115_eyeTracking_w7/Record Node 102/analysis/recNames=block_011,Animal=PV_126/lizMov.mat"
PV_126_011_1188532_R,PV_126,011,PV_126_block_011,1188531.9,1188663.15,21.480257959537855,3.126304260084845,R,binocular,2,0,0,0,False,False,False,none,,,,,False,False,,,19.916722634238017,0.9272105889861726,"/Volumes/Data-1/Nimrod/experiments/PV_126/2024_08_13/block_011/oe_files/PV126_Trial115_eyeTracking_w7/Record Node 102/analysis/recNames=block_011,Animal=PV_126/lizMov.mat"
PV_126_011_1190107_R,PV_126,011,PV_126_block_011,1190106.75,1190188.5,12.563137919975878,42.09190867458137,R,binocular,2,1,0,1,True,False,False,reverse,R,114.55000000004657,0.6171425207263358,128.727772034768,True,False,,,9.461310320683221,0.753100887767806,"/Volumes/Data-1/Nimrod/experiments/PV_126/2024_08_13/block_011/oe_files/PV126_Trial115_eyeTracking_w7/Record Node 102/analysis/recNames=block_011,Animal=PV_126/lizMov.mat"
PV_126_011_1192895_L,PV_126,011,PV_126_block_011,1192895.1,1192960.75,6.2330555101175085,65.7085423895309,L,binocular,2,2,0,2,True,True,False,reverse,L,147.39999999990687,0.6274113537575158,164.8088349312942,True,False,,,3.182843197693336,0.5106393152647106,"/Volumes/Data-1/Nimrod/experiments/PV_126/2024_08_13/block_011/oe_files/PV126_Trial115_eyeTracking_w7/Record Node 102/analysis/recNames=block_011,Animal=PV_126/lizMov.mat"
PV_126_011_1193912_L,PV_126,011,PV_126_block_011,1193912.0,1194026.55,8.51981383305203,197.82804971808469,L,binocular,2,6,4,2,True,True,True,same,R,65.60000000009313,3.320684898590943,33.106015316481404,True,True,1193980.0,68.0,7.3428021097240395,0.8618500654601331,"/Volumes/Data-1/Nimrod/experiments/PV_126/2024_08_13/block_011/oe_files/PV126_Trial115_eyeTracking_w7/Record Node 102/analysis/recNames=block_011,Animal=PV_126/lizMov.mat"
PV_126_011_1197488_R,PV_126,011,PV_126_block_011,1197488.3,1197521.1,8.250540573399931,28.166748561241135,R,binocular,2,2,0,2,True,True,False,reverse,R,32.800000000046566,3.7711313005924305,176.89354710920963,True,True,1197492.0,3.699999999953434,2.2750923582420306,0.27575070239361266,"/Volumes/Data-1/Nimrod/experiments/PV_126/2024_08_13/block_011/oe_files/PV126_Trial115_eyeTracking_w7/Record Node 102/analysis/recNames=block_011,Animal=PV_126/lizMov.mat"
PV_126_011_1205707_L,PV_126,011,PV_126_block_011,1205706.55,1205756.0,11.40803542032637,326.83197921674895,L,binocular,2,3,1,2,True,True,True,reverse,L,49.449999999953434,0.8142835783660339,104.4678746881973,True,False,,,4.641775469896877,0.40688648824024093,"/Volumes/Data-1/Nimrod/experiments/PV_126/2024_08_13/block_011/oe_files/PV126_Trial115_eyeTracking_w7/Record Node 102/analysis/recNames=block_011,Animal=PV_126/lizMov.mat"
PV_126_011_1205756_R,PV_126,011,PV_126_block_011,1205756.0,1205854.4,7.612286763912261,356.5430957526023,R,binocular,2,1,0,1,True,False,False,reverse,L,16.149999999906868,5.688858980124445,139.79825974166044,True,False,,,8.22561630019534,1.0805709972975144,"/Volumes/Data-1/Nimrod/experiments/PV_126/2024_08_13/block_011/oe_files/PV126_Trial115_eyeTracking_w7/Record Node 102/analysis/recNames=block_011,Animal=PV_126/lizMov.mat"
PV_126_011_1209693_R,PV_126,011,PV_126_block_011,1209692.7,1209774.5,5.513584805151522,9.310198442182498,R,binocular,2,0,0,0,False,False,False,none,,,,,False,False,,,6.653470898224998,1.2067413730552294,"/Volumes/Data-1/Nimrod/experiments/PV_126/2024_08_13/block_011/oe_files/PV126_Trial115_eyeTracking_w7/Record Node 102/analysis/recNames=block_011,Animal=PV_126/lizMov.mat"
PV_126_011_1211579_R,PV_126,011,PV_126_block_011,1211578.8,1211628.25,7.79518242156123,165.9248482013491,R,binocular,2,6,1,3,True,True,True,same,L,49.449999999953434,14.041160172149183,55.74073676365265,False,False,,,3.725629318192561,0.4779399784009656,"/Volumes/Data-1/Nimrod/experiments/PV_126/2024_08_13/block_011/oe_files/PV126_Trial115_eyeTracking_w7/Record Node 102/analysis/recNames=block_011,Animal=PV_126/lizMov.mat"
PV_126_011_1211628_L,PV_126,011,PV_126_block_011,1211628.25,1211792.25,14.041160172149183,221.66558496500176,L,binocular,2,4,0,2,True,True,False,reverse,R,32.800000000046566,10.972687018907019,179.83495691927533,True,False,,,4.889265720772789,0.3482095254828521,"/Volumes/Data-1/Nimrod/experiments/PV_126/2024_08_13/block_011/oe_files/PV126_Trial115_eyeTracking_w7/Record Node 102/analysis/recNames=block_011,Animal=PV_126/lizMov.mat"
PV_126_011_1226589_R,PV_126,011,PV_126_block_011,1226588.7,1226687.1,17.293411509333627,292.53075144847185,R,binocular,2,2,0,2,True,True,False,reverse,L,114.55000000004657,1.5597689455608743,91.8029475330998,True,False,,,16.043246506992467,0.9277085957466277,"/Volumes/Data-1/Nimrod/experiments/PV_126/2024_08_13/block_011/oe_files/PV126_Trial115_eyeTracking_w7/Record Node 102/analysis/recNames=block_011,Animal=PV_126/lizMov.mat"
PV_126_011_1230132_R,PV_126,011,PV_126_block_011,1230131.7,1230164.5,6.354125135522941,172.90408601602252,R,binocular,2,5,3,2,True,True,True,reverse,L,16.1500000001397,0.5741883328714233,94.94301190037437,True,False,,,6.6916240761217365,1.053114934534732,"/Volumes/Data-1/Nimrod/experiments/PV_126/2024_08_13/block_011/oe_files/PV126_Trial115_eyeTracking_w7/Record Node 102/analysis/recNames=block_011,Animal=PV_126/lizMov.mat"
PV_126_011_1230164_L,PV_126,011,PV_126_block_011,1230164.5,1230263.0,8.31667257796267,168.21658810968532,L,binocular,2,2,1,1,True,True,True,same,R,49.0,2.0970002870576954,70.77118330057155,True,False,,,11.4166765769245,1.3727457068799547,"/Volumes/Data-1/Nimrod/experiments/PV_126/2024_08_13/block_011/oe_files/PV126_Trial115_eyeTracking_w7/Record Node 102/analysis/recNames=block_011,Animal=PV_126/lizMov.mat"
PV_126_011_1233757_L,PV_126,011,PV_126_block_011,1233757.15,1233839.45,13.11719622431587,39.95501242481389,L,binocular,2,2,0,2,True,True,False,reverse,L,65.6500000001397,2.970756072751853,128.8105539154862,True,False,,,12.323575760622596,0.9394977059028736,"/Volumes/Data-1/Nimrod/experiments/PV_126/2024_08_13/block_011/oe_files/PV126_Trial115_eyeTracking_w7/Record Node 102/analysis/recNames=block_011,Animal=PV_126/lizMov.mat"
PV_126_011_1239072_L,PV_126,011,PV_126_block_011,1239072.35,1239121.8,11.102211624640521,310.11086530942305,L,binocular,2,2,0,2,True,True,False,reverse,L,32.799999999813735,6.460537289258933,121.2360076385217,True,False,,,6.658853431832616,0.5997772026839943,"/Volumes/Data-1/Nimrod/experiments/PV_126/2024_08_13/block_011/oe_files/PV126_Trial115_eyeTracking_w7/Record Node 102/analysis/recNames=block_011,Animal=PV_126/lizMov.mat"
PV_126_011_1250342_R,PV_126,011,PV_126_block_011,1250341.8,1250407.45,9.155556456699717,191.2151579935681,R,binocular,2,2,1,1,True,True,True,same,L,65.64999999990687,3.9361534203630275,22.732016684309883,True,False,,,9.545768390503715,1.0426202312933646,"/Volumes/Data-1/Nimrod/experiments/PV_126/2024_08_13/block_011/oe_files/PV126_Trial115_eyeTracking_w7/Record Node 102/analysis/recNames=block_011,Animal=PV_126/lizMov.mat"
PV_126_011_1250407_R,PV_126,011,PV_126_block_011,1250407.45,1250473.05,5.631084780839315,74.11195884226883,R,binocular,2,2,1,1,True,True,True,reverse,L,229.6500000001397,1.473773685929531,108.9777654661836,True,False,,,6.777834346573993,1.2036462973593791,"/Volumes/Data-1/Nimrod/experiments/PV_126/2024_08_13/block_011/oe_files/PV126_Trial115_eyeTracking_w7/Record Node 102/analysis/recNames=block_011,Animal=PV_126/lizMov.mat"
PV_126_011_1255542_R,PV_126,011,PV_126_block_011,1255541.85,1255640.25,18.304651456055147,63.8480628051798,R,binocular,2,1,1,0,True,False,False,same,L,49.449999999953434,9.15883580826488,41.20689421756617,True,False,,,17.408568898790236,0.9510461830198635,"/Volumes/Data-1/Nimrod/experiments/PV_126/2024_08_13/block_011/oe_files/PV126_Trial115_eyeTracking_w7/Record Node 102/analysis/recNames=block_011,Animal=PV_126/lizMov.mat"
PV_126_011_1259086_R,PV_126,011,PV_126_block_011,1259085.55,1259167.8,15.583796260487965,209.39544820540618,R,binocular,2,1,1,0,True,False,False,same,L,32.800000000046566,13.072330904846893,63.394823497326854,True,False,,,12.149144483229955,0.779601085650329,"/Volumes/Data-1/Nimrod/experiments/PV_126/2024_08_13/block_011/oe_files/PV126_Trial115_eyeTracking_w7/Record Node 102/analysis/recNames=block_011,Animal=PV_126/lizMov.mat"
PV_126_011_1264106_R,PV_126,011,PV_126_block_011,1264105.7,1264171.3,13.924718668100935,9.016028095158818,R,binocular,2,2,0,2,True,True,False,reverse,R,65.60000000009313,3.47947406123198,151.48866970673322,True,False,,,9.718309084145883,0.6979178047172191,"/Volumes/Data-1/Nimrod/experiments/PV_126/2024_08_13/block_011/oe_files/PV126_Trial115_eyeTracking_w7/Record Node 102/analysis/recNames=block_011,Animal=PV_126/lizMov.mat"
PV_126_011_1270405_R,PV_126,011,PV_126_block_011,1270405.2,1270438.0,5.5278770572899845,343.3013266939277,R,binocular,2,2,0,2,True,True,False,reverse,R,32.800000000046566,2.2822446409132127,135.55186045494665,True,False,,,2.4411084575772763,0.4415996289856016,"/Volumes/Data-1/Nimrod/experiments/PV_126/2024_08_13/block_011/oe_files/PV126_Trial115_eyeTracking_w7/Record Node 102/analysis/recNames=block_011,Animal=PV_126/lizMov.mat"
PV_126_011_1272111_L,PV_126,011,PV_126_block_011,1272111.2,1272275.2,13.989867026367408,252.46234582919766,L,binocular,2,1,0,1,True,False,False,reverse,R,65.60000000009313,1.65983280889423,127.80070753092411,True,False,,,13.981820666969522,0.9994248437542173,"/Volumes/Data-1/Nimrod/experiments/PV_126/2024_08_13/block_011/oe_files/PV126_Trial115_eyeTracking_w7/Record Node 102/analysis/recNames=block_011,Animal=PV_126/lizMov.mat"
PV_126_011_1278475_R,PV_126,011,PV_126_block_011,1278475.15,1278524.6,7.555526397906582,130.14450436548933,R,binocular,2,3,1,2,True,True,True,same,R,65.55000000004657,9.991430274240622,14.254669469841787,False,False,,,18.814122124133846,2.4901140083828834,"/Volumes/Data-1/Nimrod/experiments/PV_126/2024_08_13/block_011/oe_files/PV126_Trial115_eyeTracking_w7/Record Node 102/analysis/recNames=block_011,Animal=PV_126/lizMov.mat"
PV_126_011_1286103_L,PV_126,011,PV_126_block_011,1286102.8,1286135.55,8.215916356328375,350.1397112255774,L,binocular,2,3,2,1,True,True,True,reverse,L,32.75,5.4616533564556144,167.13527201390013,True,False,,,1.1204633423503758,0.13637716035014524,"/Volumes/Data-1/Nimrod/experiments/PV_126/2024_08_13/block_011/oe_files/PV126_Trial115_eyeTracking_w7/Record Node 102/analysis/recNames=block_011,Animal=PV_126/lizMov.mat"
PV_126_011_1300406_L,PV_126,011,PV_126_block_011,1300405.85,1300504.3,9.720430428651074,64.82561985655882,L,binocular,2,0,0,0,False,False,False,none,,,,,False,False,,,7.875122032021581,0.8101618636978846,"/Volumes/Data-1/Nimrod/experiments/PV_126/2024_08_13/block_011/oe_files/PV126_Trial115_eyeTracking_w7/Record Node 102/analysis/recNames=block_011,Animal=PV_126/lizMov.mat"
PV_126_011_1302210_L,PV_126,011,PV_126_block_011,1302210.2,1302341.45,18.29074864581444,265.2209397075252,L,binocular,2,0,0,0,False,False,False,none,,,,,False,False,,,17.443890627930763,0.9537001992492272,"/Volumes/Data-1/Nimrod/experiments/PV_126/2024_08_13/block_011/oe_files/PV126_Trial115_eyeTracking_w7/Record Node 102/analysis/recNames=block_011,Animal=PV_126/lizMov.mat"
PV_126_011_1304490_R,PV_126,011,PV_126_block_011,1304489.85,1304555.45,8.18213309717651,123.46515942845475,R,binocular,2,1,0,1,True,False,False,reverse,R,65.5999999998603,1.7457205572945111,176.3861742129592,True,False,,,4.605084015556962,0.5628219390791973,"/Volumes/Data-1/Nimrod/experiments/PV_126/2024_08_13/block_011/oe_files/PV126_Trial115_eyeTracking_w7/Record Node 102/analysis/recNames=block_011,Animal=PV_126/lizMov.mat"
PV_126_011_1308426_R,PV_126,011,PV_126_block_011,1308426.5,1308508.75,12.360265592237171,313.48964842490034,R,binocular,2,0,0,0,False,False,False,none,,,,,False,False,,,10.520056561164019,0.8511189733472321,"/Volumes/Data-1/Nimrod/experiments/PV_126/2024_08_13/block_011/oe_files/PV126_Trial115_eyeTracking_w7/Record Node 102/analysis/recNames=block_011,Animal=PV_126/lizMov.mat"
PV_126_011_1310001_L,PV_126,011,PV_126_block_011,1310001.2,1310083.45,13.44271813168476,70.39414315180076,L,binocular,2,1,0,1,True,False,False,reverse,L,82.25,0.6939338856626733,140.85866093473862,True,False,,,11.086404583157755,0.8247145015282938,"/Volumes/Data-1/Nimrod/experiments/PV_126/2024_08_13/block_011/oe_files/PV126_Trial115_eyeTracking_w7/Record Node 102/analysis/recNames=block_011,Animal=PV_126/lizMov.mat"
PV_126_011_1312888_R,PV_126,011,PV_126_block_011,1312888.3,1312937.75,9.173242553013456,112.98520175370105,R,binocular,2,3,0,3,True,True,False,reverse,R,32.800000000046566,0.5180379331264263,113.00566590265618,True,False,,,6.101646652891108,0.6651570170121237,"/Volumes/Data-1/Nimrod/experiments/PV_126/2024_08_13/block_011/oe_files/PV126_Trial115_eyeTracking_w7/Record Node 102/analysis/recNames=block_011,Animal=PV_126/lizMov.mat"
PV_126_011_1316153_R,PV_126,011,PV_126_block_011,1316153.3,1316202.25,14.098647429274038,226.9527776927842,R,binocular,2,2,1,1,True,True,True,reverse,R,48.949999999953434,9.66183562216153,105.35319058735575,True,False,,,9.82543580129202,0.6969062706604577,"/Volumes/Data-1/Nimrod/experiments/PV_126/2024_08_13/block_011/oe_files/PV126_Trial115_eyeTracking_w7/Record Node 102/analysis/recNames=block_011,Animal=PV_126/lizMov.mat"
PV_126_011_1316202_R,PV_126,011,PV_126_block_011,1316202.25,1316284.55,9.66183562216153,332.30596828013995,R,binocular,2,0,0,0,False,False,False,none,,,,,False,False,,,10.67281470076663,1.104636336007021,"/Volumes/Data-1/Nimrod/experiments/PV_126/2024_08_13/block_011/oe_files/PV126_Trial115_eyeTracking_w7/Record Node 102/analysis/recNames=block_011,Animal=PV_126/lizMov.mat"
PV_126_011_1325504_R,PV_126,011,PV_126_block_011,1325504.35,1325635.6,18.733713253337736,105.33219971641591,R,binocular,2,1,1,0,True,False,False,same,L,81.79999999981374,2.441142777370233,51.61654822859791,True,False,,,17.758118851733965,0.9479230631743575,"/Volumes/Data-1/Nimrod/experiments/PV_126/2024_08_13/block_011/oe_files/PV126_Trial115_eyeTracking_w7/Record Node 102/analysis/recNames=block_011,Animal=PV_126/lizMov.mat"
PV_126_011_1329835_R,PV_126,011,PV_126_block_011,1329834.9,1329916.65,8.343585785997021,285.0197029796584,R,binocular,2,5,2,3,True,True,True,same,R,81.75,3.8678201384493134,86.06696110158867,True,False,,,7.364417910680708,0.8826442370905273,"/Volumes/Data-1/Nimrod/experiments/PV_126/2024_08_13/block_011/oe_files/PV126_Trial115_eyeTracking_w7/Record Node 102/analysis/recNames=block_011,Animal=PV_126/lizMov.mat"
PV_126_011_1333952_R,PV_126,011,PV_126_block_011,1333952.1,1334001.55,17.87040294798117,170.93127945592806,R,binocular,2,3,2,1,True,True,True,reverse,R,32.799999999813735,8.864375965776762,133.5120600068526,True,False,,,14.102544239603551,0.7891564773695673,"/Volumes/Data-1/Nimrod/experiments/PV_126/2024_08_13/block_011/oe_files/PV126_Trial115_eyeTracking_w7/Record Node 102/analysis/recNames=block_011,Animal=PV_126/lizMov.mat"
PV_126_011_1334002_L,PV_126,011,PV_126_block_011,1334001.55,1334083.35,11.539829032252642,170.10460871298667,L,binocular,2,0,0,0,False,False,False,none,,,,,False,False,,,11.793820704247896,1.022010003032573,"/Volumes/Data-1/Nimrod/experiments/PV_126/2024_08_13/block_011/oe_files/PV126_Trial115_eyeTracking_w7/Record Node 102/analysis/recNames=block_011,Animal=PV_126/lizMov.mat"
PV_126_011_1358902_R,PV_126,011,PV_126_block_011,1358902.35,1359066.4,17.177900604611406,259.0098591221271,R,binocular,2,2,0,2,True,True,False,reverse,L,48.949999999953434,0.5204250096059919,168.4896021965683,True,False,,,16.473597308655865,0.9589994544638085,"/Volumes/Data-1/Nimrod/experiments/PV_126/2024_08_13/block_011/oe_files/PV126_Trial115_eyeTracking_w7/Record Node 102/analysis/recNames=block_011,Animal=PV_126/lizMov.mat"
PV_126_011_1371895_R,PV_126,011,PV_126_block_011,1371894.75,1371976.55,20.27534976914525,60.125439729486644,R,binocular,2,1,1,0,True,False,False,same,L,49.0,4.6755399712607355,50.42709827848813,True,False,,,20.06973418819078,0.9898588392656301,"/Volumes/Data-1/Nimrod/experiments/PV_126/2024_08_13/block_011/oe_files/PV126_Trial115_eyeTracking_w7/Record Node 102/analysis/recNames=block_011,Animal=PV_126/lizMov.mat"
PV_126_011_1375340_R,PV_126,011,PV_126_block_011,1375339.65,1375470.9,16.585098148950593,244.72725078916562,R,binocular,2,1,0,1,True,False,False,reverse,L,98.45000000018626,4.620144172910893,91.9802617283867,True,False,,,14.945343475062232,0.9011308429313025,"/Volumes/Data-1/Nimrod/experiments/PV_126/2024_08_13/block_011/oe_files/PV126_Trial115_eyeTracking_w7/Record Node 102/analysis/recNames=block_011,Animal=PV_126/lizMov.mat"
PV_126_011_1379588_R,PV_126,011,PV_126_block_011,1379588.2,1379719.4,7.175891826307542,73.50366932655228,R,binocular,2,1,1,0,True,False,False,same,L,49.449999999953434,2.525225777349385,49.40122772426358,True,False,,,7.6794707970288245,1.0701764997174443,"/Volumes/Data-1/Nimrod/experiments/PV_126/2024_08_13/block_011/oe_files/PV126_Trial115_eyeTracking_w7/Record Node 102/analysis/recNames=block_011,Animal=PV_126/lizMov.mat"
PV_126_011_1387611_L,PV_126,011,PV_126_block_011,1387610.65,1387741.9,10.34109772318501,74.87060027143225,L,binocular,2,1,0,1,True,False,False,reverse,L,114.60000000009313,3.127346583031747,118.80916762491063,True,False,,,9.732153203732175,0.9411141316180036,"/Volumes/Data-1/Nimrod/experiments/PV_126/2024_08_13/block_011/oe_files/PV126_Trial115_eyeTracking_w7/Record Node 102/analysis/recNames=block_011,Animal=PV_126/lizMov.mat"
PV_126_011_1390482_L,PV_126,011,PV_126_block_011,1390481.55,1390596.65,14.22144134017084,261.4104935608474,L,binocular,2,1,1,0,True,False,False,same,L,98.44999999995343,1.8164132713002543,1.720702540537843,True,False,,,15.866282184308334,1.1156592222119825,"/Volumes/Data-1/Nimrod/experiments/PV_126/2024_08_13/block_011/oe_files/PV126_Trial115_eyeTracking_w7/Record Node 102/analysis/recNames=block_011,Animal=PV_126/lizMov.mat"
PV_126_011_1393944_L,PV_126,011,PV_126_block_011,1393943.65,1394091.05,15.184994277740975,51.03406097894437,L,binocular,2,1,0,1,True,False,False,reverse,L,114.60000000009313,0.7772492473695206,173.4912968409326,True,False,,,11.29473357770328,0.7438088794185284,"/Volumes/Data-1/Nimrod/experiments/PV_126/2024_08_13/block_011/oe_files/PV126_Trial115_eyeTracking_w7/Record Node 102/analysis/recNames=block_011,Animal=PV_126/lizMov.mat"
PV_126_011_1395913_R,PV_126,011,PV_126_block_011,1395912.6,1396011.1,17.61340793012706,173.66190183576353,R,binocular,2,1,0,1,True,False,False,reverse,R,65.64999999990687,2.8565782085219076,159.30737222848234,True,False,,,14.21312108890261,0.8069489530524988,"/Volumes/Data-1/Nimrod/experiments/PV_126/2024_08_13/block_011/oe_files/PV126_Trial115_eyeTracking_w7/Record Node 102/analysis/recNames=block_011,Animal=PV_126/lizMov.mat"
PV_126_011_1402705_R,PV_126,011,PV_126_block_011,1402705.3,1402819.9,10.308105407600527,39.75076546630079,R,binocular,2,2,1,1,True,True,True,same,L,32.800000000046566,0.5247078134421661,77.25234788404504,True,False,,,9.553660765683379,0.9268105425696491,"/Volumes/Data-1/Nimrod/experiments/PV_126/2024_08_13/block_011/oe_files/PV126_Trial115_eyeTracking_w7/Record Node 102/analysis/recNames=block_011,Animal=PV_126/lizMov.mat"
PV_126_011_1412138_R,PV_126,011,PV_126_block_011,1412137.7,1412236.15,13.811102095508094,300.62024836941737,R,binocular,2,1,0,1,True,False,False,reverse,R,180.75,1.417965517369578,104.49132500751097,True,False,,,13.463543096686186,0.9748348106893694,"/Volumes/Data-1/Nimrod/experiments/PV_126/2024_08_13/block_011/oe_files/PV126_Trial115_eyeTracking_w7/Record Node 102/analysis/recNames=block_011,Animal=PV_126/lizMov.mat"
PV_126_011_1416830_L,PV_126,011,PV_126_block_011,1416830.05,1416895.7,9.329462287256645,346.7546356604188,L,binocular,2,5,2,3,True,True,True,reverse,L,65.64999999990687,6.140284572027313,156.84380586152548,True,False,,,8.531832124588014,0.9145041656089725,"/Volumes/Data-1/Nimrod/experiments/PV_126/2024_08_13/block_011/oe_files/PV126_Trial115_eyeTracking_w7/Record Node 102/analysis/recNames=block_011,Animal=PV_126/lizMov.mat"
PV_126_011_1416896_L,PV_126,011,PV_126_block_011,1416895.7,1417010.75,6.140284572027313,189.9108297988933,L,binocular,2,5,3,2,True,True,True,same,R,65.60000000009313,2.5861047592535433,15.479644390602118,True,False,,,1.7497739653119595,0.28496626577915163,"/Volumes/Data-1/Nimrod/experiments/PV_126/2024_08_13/block_011/oe_files/PV126_Trial115_eyeTracking_w7/Record Node 102/analysis/recNames=block_011,Animal=PV_126/lizMov.mat"
PV_126_011_1417060_R,PV_126,011,PV_126_block_011,1417059.75,1417092.55,5.707265067334328,358.32405555659415,R,binocular,2,2,0,2,True,True,False,reverse,R,32.800000000046566,2.5626917451464295,177.4657558191222,True,False,,,1.1857822732669656,0.2077671633045081,"/Volumes/Data-1/Nimrod/experiments/PV_126/2024_08_13/block_011/oe_files/PV126_Trial115_eyeTracking_w7/Record Node 102/analysis/recNames=block_011,Animal=PV_126/lizMov.mat"
PV_126_011_1418290_R,PV_126,011,PV_126_block_011,1418290.45,1418339.45,16.01577396549471,160.46670716955597,R,binocular,2,6,4,2,True,True,True,reverse,L,16.1500000001397,5.0697426959737335,172.26086715337522,True,False,,,3.168467046177417,0.19783415106904867,"/Volumes/Data-1/Nimrod/experiments/PV_126/2024_08_13/block_011/oe_files/PV126_Trial115_eyeTracking_w7/Record Node 102/analysis/recNames=block_011,Animal=PV_126/lizMov.mat"
PV_126_011_1418339_R,PV_126,011,PV_126_block_011,1418339.45,1418437.85,18.225835531933154,354.4456938445086,R,binocular,2,3,0,3,True,True,False,reverse,L,115.05000000004657,1.6302431349892228,172.9312050908314,True,False,,,13.38593535916837,0.7344483788254929,"/Volumes/Data-1/Nimrod/experiments/PV_126/2024_08_13/block_011/oe_files/PV126_Trial115_eyeTracking_w7/Record Node 102/analysis/recNames=block_011,Animal=PV_126/lizMov.mat"
PV_126_011_1426182_R,PV_126,011,PV_126_block_011,1426182.1,1426231.55,18.887396805112605,169.6997904614433,R,binocular,2,4,1,3,True,True,True,reverse,R,32.799999999813735,6.199392621552303,173.33542069390467,True,False,,,1.1880119161328366,0.06289971711777957,"/Volumes/Data-1/Nimrod/experiments/PV_126/2024_08_13/block_011/oe_files/PV126_Trial115_eyeTracking_w7/Record Node 102/analysis/recNames=block_011,Animal=PV_126/lizMov.mat"
PV_126_011_1426232_R,PV_126,011,PV_126_block_011,1426231.55,1426411.75,13.087889599108669,312.4281371398276,R,binocular,2,1,1,0,True,False,False,same,R,196.8499999998603,0.553209271342578,42.5920258867319,True,False,,,14.535336851074906,1.1105943965224778,"/Volumes/Data-1/Nimrod/experiments/PV_126/2024_08_13/block_011/oe_files/PV126_Trial115_eyeTracking_w7/Record Node 102/analysis/recNames=block_011,Animal=PV_126/lizMov.mat"
PV_126_011_1432055_R,PV_126,011,PV_126_block_011,1432055.35,1432153.8,13.089595665965005,13.040068767130004,R,binocular,2,2,0,2,True,True,False,reverse,L,16.649999999906868,3.1469780667091087,102.1721792726313,True,True,1432080.0,24.649999999906868,9.716837121452032,0.7423328702747731,"/Volumes/Data-1/Nimrod/experiments/PV_126/2024_08_13/block_011/oe_files/PV126_Trial115_eyeTracking_w7/Record Node 102/analysis/recNames=block_011,Animal=PV_126/lizMov.mat"
PV_126_011_1441357_R,PV_126,011,PV_126_block_011,1441356.7,1441405.7,10.582358738544302,187.6242171079549,R,binocular,2,3,2,1,True,True,True,same,R,32.800000000046566,2.6057174597458754,81.18053648081707,True,False,,,7.7333342305247506,0.7307760416737242,"/Volumes/Data-1/Nimrod/experiments/PV_126/2024_08_13/block_011/oe_files/PV126_Trial115_eyeTracking_w7/Record Node 102/analysis/recNames=block_011,Animal=PV_126/lizMov.mat"
PV_126_011_1441390_L,PV_126,011,PV_126_block_011,1441389.5,1441487.9,11.804336687081475,176.61922990425194,L,binocular,2,1,0,1,True,False,False,reverse,R,32.85000000009313,2.0317633023049484,165.68939156009418,True,False,,,12.300059812841313,1.041995000557918,"/Volumes/Data-1/Nimrod/experiments/PV_126/2024_08_13/block_011/oe_files/PV126_Trial115_eyeTracking_w7/Record Node 102/analysis/recNames=block_011,Animal=PV_126/lizMov.mat"
PV_126_011_1448001_L,PV_126,011,PV_126_block_011,1448000.85,1448066.45,11.553022322364818,345.6222117235288,L,binocular,2,4,2,2,True,True,True,reverse,L,49.449999999953434,11.39250261366832,177.23510537736934,True,False,,,-3.5131300215467642,-0.30408752995706606,"/Volumes/Data-1/Nimrod/experiments/PV_126/2024_08_13/block_011/oe_files/PV126_Trial115_eyeTracking_w7/Record Node 102/analysis/recNames=block_011,Animal=PV_126/lizMov.mat"
PV_126_011_1448050_L,PV_126,011,PV_126_block_011,1448050.3,1448132.1,11.39250261366832,168.38710634615944,L,binocular,2,2,1,1,True,True,True,reverse,R,32.800000000046566,3.680697779526278,107.84130427289836,True,False,,,17.121298248378363,1.50285664431947,"/Volumes/Data-1/Nimrod/experiments/PV_126/2024_08_13/block_011/oe_files/PV126_Trial115_eyeTracking_w7/Record Node 102/analysis/recNames=block_011,Animal=PV_126/lizMov.mat"
PV_126_011_1457304_R,PV_126,011,PV_126_block_011,1457303.65,1457369.3,10.337271382941106,182.5118345716587,R,binocular,2,5,2,3,True,True,True,same,L,49.0,13.44304283009179,1.5859294552550693,False,False,,,8.898138988590604,0.8607821792581161,"/Volumes/Data-1/Nimrod/experiments/PV_126/2024_08_13/block_011/oe_files/PV126_Trial115_eyeTracking_w7/Record Node 102/analysis/recNames=block_011,Animal=PV_126/lizMov.mat"
PV_126_011_1457353_L,PV_126,011,PV_126_block_011,1457352.65,1457451.1,13.44304283009179,184.09776402691378,L,binocular,2,3,1,2,True,True,True,reverse,R,32.800000000046566,4.405137240548238,117.10889172236415,True,False,,,14.891114895046464,1.1077190695036108,"/Volumes/Data-1/Nimrod/experiments/PV_126/2024_08_13/block_011/oe_files/PV126_Trial115_eyeTracking_w7/Record Node 102/analysis/recNames=block_011,Animal=PV_126/lizMov.mat"
PV_126_011_1462832_R,PV_126,011,PV_126_block_011,1462832.05,1462996.1,23.83646384843931,68.00270997276147,R,binocular,2,1,1,0,True,False,False,same,L,65.64999999990687,6.595500871434523,21.695334300260896,True,False,,,23.605547947554403,0.990312493398637,"/Volumes/Data-1/Nimrod/experiments/PV_126/2024_08_13/block_011/oe_files/PV126_Trial115_eyeTracking_w7/Record Node 102/analysis/recNames=block_011,Animal=PV_126/lizMov.mat"
PV_126_011_1465424_R,PV_126,011,PV_126_block_011,1465423.9,1465555.1,30.363483071840015,269.32300736620925,R,binocular,2,1,1,0,True,False,False,same,L,147.85000000009313,0.6356574578680091,10.231226380178043,True,False,,,27.267689731500127,0.8980422195630442,"/Volumes/Data-1/Nimrod/experiments/PV_126/2024_08_13/block_011/oe_files/PV126_Trial115_eyeTracking_w7/Record Node 102/analysis/recNames=block_011,Animal=PV_126/lizMov.mat"
PV_126_011_1469608_R,PV_126,011,PV_126_block_011,1469607.75,1469689.55,8.468775248418657,8.45993785008941,R,binocular,2,3,1,2,True,True,True,same,L,65.60000000009313,0.9751665434717629,58.630759761599734,True,False,,,6.8089392485644264,0.8040051895149578,"/Volumes/Data-1/Nimrod/experiments/PV_126/2024_08_13/block_011/oe_files/PV126_Trial115_eyeTracking_w7/Record Node 102/analysis/recNames=block_011,Animal=PV_126/lizMov.mat"
PV_126_011_1477433_L,PV_126,011,PV_126_block_011,1477433.35,1477515.55,13.72384377242393,86.62886051294676,L,binocular,2,2,1,1,True,True,True,same,R,82.19999999995343,3.196360856088457,29.04441477918371,True,False,,,11.275156122518135,0.8215742112405799,"/Volumes/Data-1/Nimrod/experiments/PV_126/2024_08_13/block_011/oe_files/PV126_Trial115_eyeTracking_w7/Record Node 102/analysis/recNames=block_011,Animal=PV_126/lizMov.mat"
PV_126_011_1479172_R,PV_126,011,PV_126_block_011,1479172.0,1479254.25,7.358120147085346,2.215135369519752,R,binocular,2,1,1,0,True,False,False,same,R,98.39999999990687,0.505834108365347,5.029258641680485,True,True,1479176.0,4.0,12.843793769294166,1.7455265084767297,"/Volumes/Data-1/Nimrod/experiments/PV_126/2024_08_13/block_011/oe_files/PV126_Trial115_eyeTracking_w7/Record Node 102/analysis/recNames=block_011,Animal=PV_126/lizMov.mat"
PV_126_011_1506062_R,PV_126,011,PV_126_block_011,1506061.55,1506159.95,16.684800151886552,252.61211861760427,R,binocular,2,5,3,2,True,True,True,reverse,R,131.19999999995343,0.7589861558053613,119.85466068913189,True,False,,,16.762877477232063,1.00467954812972,"/Volumes/Data-1/Nimrod/experiments/PV_126/2024_08_13/block_011/oe_files/PV126_Trial115_eyeTracking_w7/Record Node 102/analysis/recNames=block_011,Animal=PV_126/lizMov.mat"
PV_126_011_1514772_L,PV_126,011,PV_126_block_011,1514771.95,1514968.8,19.663965365027686,47.57986193155957,L,binocular,2,1,0,1,True,False,False,reverse,L,131.25,2.62974465040979,179.8393826329537,True,False,,,14.72881582754241,0.7490257206075828,"/Volumes/Data-1/Nimrod/experiments/PV_126/2024_08_13/block_011/oe_files/PV126_Trial115_eyeTracking_w7/Record Node 102/analysis/recNames=block_011,Animal=PV_126/lizMov.mat"
PV_126_011_1522400_R,PV_126,011,PV_126_block_011,1522400.4,1522498.85,13.523967281956184,97.69857652942491,R,binocular,2,0,0,0,False,False,False,none,,,,,False,False,,,12.098129445387027,0.8945695588548543,"/Volumes/Data-1/Nimrod/experiments/PV_126/2024_08_13/block_011/oe_files/PV126_Trial115_eyeTracking_w7/Record Node 102/analysis/recNames=block_011,Animal=PV_126/lizMov.mat"
PV_126_011_1527880_R,PV_126,011,PV_126_block_011,1527879.85,1527961.6,14.887847954772344,231.48463706570118,R,binocular,2,4,3,1,True,True,True,same,L,32.799999999813735,0.7992665797548569,65.53789197837929,True,False,,,12.763672172633067,0.857321502167923,"/Volumes/Data-1/Nimrod/experiments/PV_126/2024_08_13/block_011/oe_files/PV126_Trial115_eyeTracking_w7/Record Node 102/analysis/recNames=block_011,Animal=PV_126/lizMov.mat"
PV_126_011_1527945_L,PV_126,011,PV_126_block_011,1527945.45,1528043.9,9.045774538560654,184.5554020455755,L,binocular,2,2,1,1,True,True,True,same,L,131.25,0.6204055014777671,19.35607369059457,True,False,,,9.615858008389454,1.0630220737205673,"/Volumes/Data-1/Nimrod/experiments/PV_126/2024_08_13/block_011/oe_files/PV126_Trial115_eyeTracking_w7/Record Node 102/analysis/recNames=block_011,Animal=PV_126/lizMov.mat"
PV_126_011_1533933_L,PV_126,011,PV_126_block_011,1533933.15,1534048.25,14.95843840942034,62.52411100215891,L,binocular,2,0,0,0,False,False,False,none,,,,,False,False,,,12.559736588243364,0.8396422303235643,"/Volumes/Data-1/Nimrod/experiments/PV_126/2024_08_13/block_011/oe_files/PV126_Trial115_eyeTracking_w7/Record Node 102/analysis/recNames=block_011,Animal=PV_126/lizMov.mat"
PV_126_011_1537690_R,PV_126,011,PV_126_block_011,1537690.1,1537755.75,12.083379153774413,145.11542207307266,R,binocular,2,1,0,1,True,False,False,reverse,R,49.0,3.7131286632293,166.52147032170683,True,False,,,7.861476430359023,0.6506024788523979,"/Volumes/Data-1/Nimrod/experiments/PV_126/2024_08_13/block_011/oe_files/PV126_Trial115_eyeTracking_w7/Record Node 102/analysis/recNames=block_011,Animal=PV_126/lizMov.mat"
PV_126_011_1541250_R,PV_126,011,PV_126_block_011,1541249.8,1541332.05,6.231235812781794,289.33266992042314,R,binocular,2,0,0,0,False,False,False,none,,,,,False,False,,,6.385703066065379,1.0247891843487507,"/Volumes/Data-1/Nimrod/experiments/PV_126/2024_08_13/block_011/oe_files/PV126_Trial115_eyeTracking_w7/Record Node 102/analysis/recNames=block_011,Animal=PV_126/lizMov.mat"
PV_126_011_1551437_R,PV_126,011,PV_126_block_011,1551436.85,1551535.25,11.423879273655702,359.1299474965584,R,binocular,2,2,0,2,True,True,False,reverse,L,213.0,1.4913440749704956,159.66789234940344,True,False,,,8.323177007388948,0.7285771153571975,"/Volumes/Data-1/Nimrod/experiments/PV_126/2024_08_13/block_011/oe_files/PV126_Trial115_eyeTracking_w7/Record Node 102/analysis/recNames=block_011,Animal=PV_126/lizMov.mat"
PV_126_011_1557063_R,PV_126,011,PV_126_block_011,1557063.35,1557129.0,14.395905690375761,194.56228958575676,R,binocular,2,2,0,2,True,True,False,reverse,R,65.64999999990687,14.88423566517468,178.7412750883143,False,False,,,2.169681630925256,0.15071518788677357,"/Volumes/Data-1/Nimrod/experiments/PV_126/2024_08_13/block_011/oe_files/PV126_Trial115_eyeTracking_w7/Record Node 102/analysis/recNames=block_011,Animal=PV_126/lizMov.mat"
PV_126_011_1557129_R,PV_126,011,PV_126_block_011,1557129.0,1557194.55,14.88423566517468,13.303564674071076,R,binocular,2,0,0,0,False,False,False,none,,,,,False,False,,,12.568720557816711,0.8444317088598856,"/Volumes/Data-1/Nimrod/experiments/PV_126/2024_08_13/block_011/oe_files/PV126_Trial115_eyeTracking_w7/Record Node 102/analysis/recNames=block_011,Animal=PV_126/lizMov.mat"
PV_126_011_1576420_R,PV_126,011,PV_126_block_011,1576420.5,1576486.1,7.5076714764553545,195.34610246806392,R,binocular,2,3,1,2,True,True,True,same,L,32.800000000046566,7.32944694298686,26.303992206013845,True,False,,,5.74462281617926,0.7651670473588045,"/Volumes/Data-1/Nimrod/experiments/PV_126/2024_08_13/block_011/oe_files/PV126_Trial115_eyeTracking_w7/Record Node 102/analysis/recNames=block_011,Animal=PV_126/lizMov.mat"
PV_126_011_1580521_R,PV_126,011,PV_126_block_011,1580521.3,1580619.7,10.641926633743207,146.31545983273048,R,binocular,2,3,1,2,True,True,True,same,L,49.449999999953434,3.9692522637936536,63.970073883287654,True,False,,,8.499325788621055,0.7986641969200919,"/Volumes/Data-1/Nimrod/experiments/PV_126/2024_08_13/block_011/oe_files/PV126_Trial115_eyeTracking_w7/Record Node 102/analysis/recNames=block_011,Animal=PV_126/lizMov.mat"
PV_126_011_1584721_L,PV_126,011,PV_126_block_011,1584720.8,1584819.2,18.261193476469767,45.295844217136604,L,binocular,2,3,0,3,True,True,False,reverse,L,82.25,0.5979763079973328,140.15479147604935,True,False,,,14.093798354734009,0.7717895532345351,"/Volumes/Data-1/Nimrod/experiments/PV_126/2024_08_13/block_011/oe_files/PV126_Trial115_eyeTracking_w7/Record Node 102/analysis/recNames=block_011,Animal=PV_126/lizMov.mat"
PV_126_011_1591873_L,PV_126,011,PV_126_block_011,1591873.3,1591971.75,12.686053362379063,279.49961499094405,L,binocular,2,0,0,0,False,False,False,none,,,,,False,True,1591920.0,46.699999999953434,10.008829684173666,0.7889632337394388,"/Volumes/Data-1/Nimrod/experiments/PV_126/2024_08_13/block_011/oe_files/PV126_Trial115_eyeTracking_w7/Record Node 102/analysis/recNames=block_011,Animal=PV_126/lizMov.mat"
PV_126_011_1599109_L,PV_126,011,PV_126_block_011,1599108.85,1599256.3,6.280242481476075,228.55992891187853,L,binocular,2,2,0,2,True,True,False,reverse,R,65.5999999998603,8.849207708906718,93.10267517583083,False,False,,,7.465709828553061,1.1887613974418325,"/Volumes/Data-1/Nimrod/experiments/PV_126/2024_08_13/block_011/oe_files/PV126_Trial115_eyeTracking_w7/Record Node 102/analysis/recNames=block_011,Animal=PV_126/lizMov.mat"
PV_126_011_1620124_R,PV_126,011,PV_126_block_011,1620124.35,1620206.6,6.160487782708881,160.46413978124508,R,binocular,2,0,0,0,False,False,False,none,,,,,False,False,,,3.9696190803147493,0.64436765729113,"/Volumes/Data-1/Nimrod/experiments/PV_126/2024_08_13/block_011/oe_files/PV126_Trial115_eyeTracking_w7/Record Node 102/analysis/recNames=block_011,Animal=PV_126/lizMov.mat"
PV_126_011_1624685_R,PV_126,011,PV_126_block_011,1624684.95,1624767.2,12.154268396338487,112.36573525132454,R,binocular,2,1,0,1,True,False,False,reverse,R,65.60000000009313,1.9181224827364984,158.6745711741861,True,False,,,9.814003865123016,0.8074532785601078,"/Volumes/Data-1/Nimrod/experiments/PV_126/2024_08_13/block_011/oe_files/PV126_Trial115_eyeTracking_w7/Record Node 102/analysis/recNames=block_011,Animal=PV_126/lizMov.mat"
PV_126_011_1629032_R,PV_126,011,PV_126_block_011,1629032.0,1629163.2,14.540568869560506,274.38545436922124,R,binocular,2,2,0,2,True,True,False,reverse,L,65.60000000009313,2.8745639356509627,153.95251958877952,True,False,,,13.134701150782456,0.9033141184922194,"/Volumes/Data-1/Nimrod/experiments/PV_126/2024_08_13/block_011/oe_files/PV126_Trial115_eyeTracking_w7/Record Node 102/analysis/recNames=block_011,Animal=PV_126/lizMov.mat"
PV_126_011_1634986_R,PV_126,011,PV_126_block_011,1634986.4,1635068.65,12.794989120266267,110.95679653530532,R,binocular,2,1,0,1,True,False,False,reverse,R,65.60000000009313,1.7750071801281522,146.4001719098182,True,False,,,10.440098505674483,0.8159521205952555,"/Volumes/Data-1/Nimrod/experiments/PV_126/2024_08_13/block_011/oe_files/PV126_Trial115_eyeTracking_w7/Record Node 102/analysis/recNames=block_011,Animal=PV_126/lizMov.mat"
PV_126_011_1641941_L,PV_126,011,PV_126_block_011,1641940.8,1642023.1,18.213147112294138,37.25254504503511,L,binocular,2,2,0,2,True,True,False,reverse,R,82.30000000004657,3.3423177149788006,119.06704000616185,True,False,,,13.442387643497575,0.7380595764486946,"/Volumes/Data-1/Nimrod/experiments/PV_126/2024_08_13/block_011/oe_files/PV126_Trial115_eyeTracking_w7/Record Node 102/analysis/recNames=block_011,Animal=PV_126/lizMov.mat"
PV_126_011_1646567_R,PV_126,011,PV_126_block_011,1646566.55,1646616.0,13.20803032769115,131.08820944876402,R,binocular,2,2,1,1,True,True,True,same,L,49.449999999953434,0.628354360167579,85.2088740143423,True,False,,,10.64052710044081,0.8056104382295769,"/Volumes/Data-1/Nimrod/experiments/PV_126/2024_08_13/block_011/oe_files/PV126_Trial115_eyeTracking_w7/Record Node 102/analysis/recNames=block_011,Animal=PV_126/lizMov.mat"
PV_126_011_1649618_R,PV_126,011,PV_126_block_011,1649617.6,1649683.2,14.032199001621752,231.17629230689542,R,binocular,2,2,1,1,True,True,True,same,L,65.5999999998603,6.986294693597669,85.2956905462024,True,False,,,9.369078855508198,0.6676842919933917,"/Volumes/Data-1/Nimrod/experiments/PV_126/2024_08_13/block_011/oe_files/PV126_Trial115_eyeTracking_w7/Record Node 102/analysis/recNames=block_011,Animal=PV_126/lizMov.mat"
PV_126_011_1649683_L,PV_126,011,PV_126_block_011,1649683.2,1649748.85,6.986294693597669,145.88060176069303,L,binocular,2,0,0,0,False,False,False,none,,,,,False,False,,,8.384319845184974,1.20010967371137,"/Volumes/Data-1/Nimrod/experiments/PV_126/2024_08_13/block_011/oe_files/PV126_Trial115_eyeTracking_w7/Record Node 102/analysis/recNames=block_011,Animal=PV_126/lizMov.mat"
PV_126_011_1652472_R,PV_126,011,PV_126_block_011,1652471.85,1652554.1,10.734437656793194,102.17302879832837,R,binocular,2,1,0,1,True,False,False,reverse,R,49.449999999953434,3.061809435720418,121.06920521024313,True,False,,,15.099967823433802,1.4066845703722468,"/Volumes/Data-1/Nimrod/experiments/PV_126/2024_08_13/block_011/oe_files/PV126_Trial115_eyeTracking_w7/Record Node 102/analysis/recNames=block_011,Animal=PV_126/lizMov.mat"
PV_126_011_1657770_R,PV_126,011,PV_126_block_011,1657770.3,1657868.75,17.3522257640179,267.83479578180857,R,binocular,2,4,1,3,True,True,True,reverse,R,147.44999999995343,4.0663617934039955,114.84458143546283,True,False,,,16.28503761392097,0.9384984863261817,"/Volumes/Data-1/Nimrod/experiments/PV_126/2024_08_13/block_011/oe_files/PV126_Trial115_eyeTracking_w7/Record Node 102/analysis/recNames=block_011,Animal=PV_126/lizMov.mat"
PV_126_011_1659886_L,PV_126,011,PV_126_block_011,1659886.1,1659951.7,9.173041139941333,242.5801381006943,L,binocular,2,7,3,4,True,True,True,same,R,65.5999999998603,5.865972586899432,88.06720291336183,True,False,,,4.492360716871759,0.48973515416943725,"/Volumes/Data-1/Nimrod/experiments/PV_126/2024_08_13/block_011/oe_files/PV126_Trial115_eyeTracking_w7/Record Node 102/analysis/recNames=block_011,Animal=PV_126/lizMov.mat"
PV_126_011_1659952_R,PV_126,011,PV_126_block_011,1659951.7,1660066.8,5.865972586899432,330.64734101405617,R,binocular,2,6,4,2,True,True,True,same,L,115.10000000009313,1.623431593683798,61.031015920930315,True,False,,,7.489756031645712,1.276814018594751,"/Volumes/Data-1/Nimrod/experiments/PV_126/2024_08_13/block_011/oe_files/PV126_Trial115_eyeTracking_w7/Record Node 102/analysis/recNames=block_011,Animal=PV_126/lizMov.mat"
PV_126_011_1660264_R,PV_126,011,PV_126_block_011,1660263.65,1660296.45,7.3534876401963585,168.1788463888212,R,binocular,2,2,0,2,True,True,False,reverse,L,32.800000000046566,0.5504949098942694,117.52615190176353,True,True,1660408.0,144.35000000009313,4.258339583497234,0.5790911458421278,"/Volumes/Data-1/Nimrod/experiments/PV_126/2024_08_13/block_011/oe_files/PV126_Trial115_eyeTracking_w7/Record Node 102/analysis/recNames=block_011,Animal=PV_126/lizMov.mat"
PV_126_011_1663872_L,PV_126,011,PV_126_block_011,1663872.4,1663905.2,7.648507321639641,340.5551539021416,L,binocular,2,2,1,1,True,True,True,reverse,L,32.800000000046566,7.631600892911801,173.13512303955332,True,False,,,0.048940113498337046,0.0063986489703517155,"/Volumes/Data-1/Nimrod/experiments/PV_126/2024_08_13/block_011/oe_files/PV126_Trial115_eyeTracking_w7/Record Node 102/analysis/recNames=block_011,Animal=PV_126/lizMov.mat"
PV_126_011_1663905_L,PV_126,011,PV_126_block_011,1663905.2,1663986.95,7.631600892911801,167.4200308625883,L,binocular,2,0,0,0,False,False,False,none,,,,,False,False,,,7.944480255853346,1.0409978675944842,"/Volumes/Data-1/Nimrod/experiments/PV_126/2024_08_13/block_011/oe_files/PV126_Trial115_eyeTracking_w7/Record Node 102/analysis/recNames=block_011,Animal=PV_126/lizMov.mat"
PV_126_011_1684884_R,PV_126,011,PV_126_block_011,1684884.3,1685015.5,20.723452285087944,61.273408213279836,R,binocular,2,2,2,0,True,True,False,same,L,32.75,2.7759441973697285,62.40531397448717,True,False,,,19.136084430148017,0.9234023446912774,"/Volumes/Data-1/Nimrod/experiments/PV_126/2024_08_13/block_011/oe_files/PV126_Trial115_eyeTracking_w7/Record Node 102/analysis/recNames=block_011,Animal=PV_126/lizMov.mat"
PV_126_011_1697614_R,PV_126,011,PV_126_block_011,1697614.1,1697679.75,7.521144621810625,352.0597537477082,R,binocular,2,0,0,0,False,False,False,none,,,,,False,False,,,6.099614270195666,0.8109954770058998,"/Volumes/Data-1/Nimrod/experiments/PV_126/2024_08_13/block_011/oe_files/PV126_Trial115_eyeTracking_w7/Record Node 102/analysis/recNames=block_011,Animal=PV_126/lizMov.mat"
PV_126_011_1720286_R,PV_126,011,PV_126_block_011,1720285.65,1720335.15,5.9927645824428115,22.96369072372257,R,binocular,2,0,0,0,False,False,False,none,,,,,False,True,1720524.0,238.35000000009313,4.811108492090713,0.802819537778268,"/Volumes/Data-1/Nimrod/experiments/PV_126/2024_08_13/block_011/oe_files/PV126_Trial115_eyeTracking_w7/Record Node 102/analysis/recNames=block_011,Animal=PV_126/lizMov.mat"
PV_126_011_1725339_R,PV_126,011,PV_126_block_011,1725339.0,1725454.1,10.22580771583165,349.4238713181997,R,binocular,2,1,1,0,True,False,False,same,L,98.44999999995343,0.618843643342262,15.549343876520709,True,False,,,12.821682866383018,1.2538552672501773,"/Volumes/Data-1/Nimrod/experiments/PV_126/2024_08_13/block_011/oe_files/PV126_Trial115_eyeTracking_w7/Record Node 102/analysis/recNames=block_011,Animal=PV_126/lizMov.mat"
PV_126_011_1731393_R,PV_126,011,PV_126_block_011,1731393.1,1731458.75,6.6384334569180705,303.51543250131556,R,binocular,2,2,0,2,True,True,False,reverse,L,229.75,1.0253720280465657,116.29171874364383,True,False,,,3.938672378598225,0.5933135285846152,"/Volumes/Data-1/Nimrod/experiments/PV_126/2024_08_13/block_011/oe_files/PV126_Trial115_eyeTracking_w7/Record Node 102/analysis/recNames=block_011,Animal=PV_126/lizMov.mat"
PV_126_011_1738645_L,PV_126,011,PV_126_block_011,1738645.35,1738792.75,7.351465334578703,38.26588289162461,L,binocular,2,2,0,2,True,True,False,reverse,L,65.5999999998603,2.8799542435314964,177.02204491986083,True,False,,,9.104627817124882,1.238477963610863,"/Volumes/Data-1/Nimrod/experiments/PV_126/2024_08_13/block_011/oe_files/PV126_Trial115_eyeTracking_w7/Record Node 102/analysis/recNames=block_011,Animal=PV_126/lizMov.mat"
PV_126_011_1742320_R,PV_126,011,PV_126_block_011,1742320.0,1742368.95,11.554481371493212,118.95496232583385,R,binocular,2,1,0,1,True,False,False,reverse,R,65.60000000009313,1.65512475456806,161.55797087814778,True,False,,,8.46019163958738,0.7322000328340181,"/Volumes/Data-1/Nimrod/experiments/PV_126/2024_08_13/block_011/oe_files/PV126_Trial115_eyeTracking_w7/Record Node 102/analysis/recNames=block_011,Animal=PV_126/lizMov.mat"
PV_126_011_1749900_R,PV_126,011,PV_126_block_011,1749900.4,1749982.2,9.714250836414129,156.81738233499394,R,binocular,2,1,0,1,True,False,False,reverse,R,65.60000000009313,1.9282277011159155,153.5696667198315,True,False,,,5.846063999051919,0.6018028664791929,"/Volumes/Data-1/Nimrod/experiments/PV_126/2024_08_13/block_011/oe_files/PV126_Trial115_eyeTracking_w7/Record Node 102/analysis/recNames=block_011,Animal=PV_126/lizMov.mat"
PV_126_011_1761796_R,PV_126,011,PV_126_block_011,1761796.2,1761878.5,7.266594895764767,127.25677691774528,R,binocular,2,0,0,0,False,False,False,none,,,,,False,False,,,4.2912984454965635,0.5905514903545382,"/Volumes/Data-1/Nimrod/experiments/PV_126/2024_08_13/block_011/oe_files/PV126_Trial115_eyeTracking_w7/Record Node 102/analysis/recNames=block_011,Animal=PV_126/lizMov.mat"
PV_126_011_1764093_R,PV_126,011,PV_126_block_011,1764093.2,1764257.25,22.49114045513906,288.3150012465052,R,binocular,2,1,0,1,True,False,False,reverse,L,65.6500000001397,7.30031695960309,162.92333414785946,True,False,,,19.88927710036956,0.8843160772589905,"/Volumes/Data-1/Nimrod/experiments/PV_126/2024_08_13/block_011/oe_files/PV126_Trial115_eyeTracking_w7/Record Node 102/analysis/recNames=block_011,Animal=PV_126/lizMov.mat"
PV_126_011_1764585_L,PV_126,011,PV_126_block_011,1764585.4,1764683.85,6.653459950344417,183.45508262298847,L,binocular,2,1,1,0,True,False,False,same,R,49.5,2.6342855271037933,1.6165101689001915,True,True,1764636.0,50.60000000009313,7.905833057369304,1.1882288488052082,"/Volumes/Data-1/Nimrod/experiments/PV_126/2024_08_13/block_011/oe_files/PV126_Trial115_eyeTracking_w7/Record Node 102/analysis/recNames=block_011,Animal=PV_126/lizMov.mat"
PV_126_011_1767145_R,PV_126,011,PV_126_block_011,1767144.85,1767194.3,14.188109114019165,169.07144902364104,R,binocular,2,7,2,5,True,True,True,reverse,R,32.799999999813735,8.601007263212502,128.6457426302701,True,False,,,-8.367508904487256,-0.5897550432720723,"/Volumes/Data-1/Nimrod/experiments/PV_126/2024_08_13/block_011/oe_files/PV126_Trial115_eyeTracking_w7/Record Node 102/analysis/recNames=block_011,Animal=PV_126/lizMov.mat"
PV_126_011_1767194_R,PV_126,011,PV_126_block_011,1767194.3,1767292.75,12.83442823013598,359.4115775974784,R,binocular,2,5,3,2,True,True,True,same,R,131.25,9.062090878480607,38.85850174121498,True,False,,,13.886969716246924,1.0820092229461002,"/Volumes/Data-1/Nimrod/experiments/PV_126/2024_08_13/block_011/oe_files/PV126_Trial115_eyeTracking_w7/Record Node 102/analysis/recNames=block_011,Animal=PV_126/lizMov.mat"
PV_126_011_1767358_R,PV_126,011,PV_126_block_011,1767358.35,1767489.6,7.944795646840328,205.16620276007586,R,binocular,2,2,1,1,True,True,True,reverse,L,32.799999999813735,1.25143665069307,133.4574326277742,True,False,,,2.6729446725741868,0.33643970108120097,"/Volumes/Data-1/Nimrod/experiments/PV_126/2024_08_13/block_011/oe_files/PV126_Trial115_eyeTracking_w7/Record Node 102/analysis/recNames=block_011,Animal=PV_126/lizMov.mat"
PV_126_011_1772592_R,PV_126,011,PV_126_block_011,1772591.5,1772722.75,10.467382583610894,5.1497614089614,R,binocular,2,0,0,0,False,False,False,none,,,,,False,True,1772592.0,0.5,11.65975114835447,1.1139127719101913,"/Volumes/Data-1/Nimrod/experiments/PV_126/2024_08_13/block_011/oe_files/PV126_Trial115_eyeTracking_w7/Record Node 102/analysis/recNames=block_011,Animal=PV_126/lizMov.mat"
PV_126_011_1774446_R,PV_126,011,PV_126_block_011,1774445.6,1774593.0,15.943257492152245,90.04830688950817,R,binocular,2,1,1,0,True,False,False,same,L,48.949999999953434,4.385567748784759,72.67599769038131,True,True,1774580.0,134.39999999990687,15.63415623694543,0.9806124152884713,"/Volumes/Data-1/Nimrod/experiments/PV_126/2024_08_13/block_011/oe_files/PV126_Trial115_eyeTracking_w7/Record Node 102/analysis/recNames=block_011,Animal=PV_126/lizMov.mat"
PV_126_011_1780581_R,PV_126,011,PV_126_block_011,1780580.7,1780646.35,10.370590707936827,163.97363912814387,R,binocular,2,4,1,3,True,True,True,reverse,L,49.0,1.7824671949814266,92.35045526954036,True,True,1780656.0,75.30000000004657,1.8414337935940686,0.17756305744327383,"/Volumes/Data-1/Nimrod/experiments/PV_126/2024_08_13/block_011/oe_files/PV126_Trial115_eyeTracking_w7/Record Node 102/analysis/recNames=block_011,Animal=PV_126/lizMov.mat"
PV_126_011_1786502_R,PV_126,011,PV_126_block_011,1786502.5,1786650.35,12.08469061965547,21.94535910820874,R,binocular,2,2,1,1,True,True,True,same,L,49.449999999953434,2.426999324380924,7.109808399739421,True,True,1786588.0,85.5,11.69773486694329,0.9679796723895598,"/Volumes/Data-1/Nimrod/experiments/PV_126/2024_08_13/block_011/oe_files/PV126_Trial115_eyeTracking_w7/Record Node 102/analysis/recNames=block_011,Animal=PV_126/lizMov.mat"
PV_126_011_1797642_L,PV_126,011,PV_126_block_011,1797641.5,1797756.05,15.315240392298408,271.5576915136735,L,binocular,2,1,1,0,True,False,False,same,R,81.75,3.2874698641888394,9.251057417890365,True,False,,,13.520249930861576,0.8827971082752654,"/Volumes/Data-1/Nimrod/experiments/PV_126/2024_08_13/block_011/oe_files/PV126_Trial115_eyeTracking_w7/Record Node 102/analysis/recNames=block_011,Animal=PV_126/lizMov.mat"
PV_126_011_1801218_L,PV_126,011,PV_126_block_011,1801217.9,1801430.95,10.614225928825913,99.79255688887868,L,binocular,2,4,1,3,True,True,True,reverse,R,49.0,1.1024127455801285,165.4553827215596,True,False,,,10.51740484436778,0.9908781775414081,"/Volumes/Data-1/Nimrod/experiments/PV_126/2024_08_13/block_011/oe_files/PV126_Trial115_eyeTracking_w7/Record Node 102/analysis/recNames=block_011,Animal=PV_126/lizMov.mat"
PV_126_011_1804450_R,PV_126,011,PV_126_block_011,1804450.25,1804532.5,11.749805762495328,161.8529557072644,R,binocular,2,4,1,3,True,True,True,reverse,L,49.449999999953434,0.8009234484721971,94.97979457543363,True,False,,,6.041622653580853,0.5141891513530673,"/Volumes/Data-1/Nimrod/experiments/PV_126/2024_08_13/block_011/oe_files/PV126_Trial115_eyeTracking_w7/Record Node 102/analysis/recNames=block_011,Animal=PV_126/lizMov.mat"
PV_126_011_1806895_L,PV_126,011,PV_126_block_011,1806895.15,1806927.95,5.929865025094008,328.72617948853156,L,binocular,2,2,1,1,True,True,True,reverse,L,32.800000000046566,16.964001688422396,178.81525061483234,False,False,,,-8.756758321686352,-1.4767213561572639,"/Volumes/Data-1/Nimrod/experiments/PV_126/2024_08_13/block_011/oe_files/PV126_Trial115_eyeTracking_w7/Record Node 102/analysis/recNames=block_011,Animal=PV_126/lizMov.mat"
PV_126_011_1806928_L,PV_126,011,PV_126_block_011,1806927.95,1807108.2,16.964001688422396,147.5414301033639,L,binocular,2,0,0,0,False,False,False,none,,,,,False,False,,,14.65136057396709,0.8636736097454152,"/Volumes/Data-1/Nimrod/experiments/PV_126/2024_08_13/block_011/oe_files/PV126_Trial115_eyeTracking_w7/Record Node 102/analysis/recNames=block_011,Animal=PV_126/lizMov.mat"
PV_126_011_1823991_R,PV_126,011,PV_126_block_011,1823990.8,1824039.8,16.72026159795979,170.45648010451737,R,binocular,2,2,1,1,True,True,True,same,L,49.0,7.848848908781837,18.792102681534203,True,False,,,1.6250081958984472,0.0971879648160966,"/Volumes/Data-1/Nimrod/experiments/PV_126/2024_08_13/block_011/oe_files/PV126_Trial115_eyeTracking_w7/Record Node 102/analysis/recNames=block_011,Animal=PV_126/lizMov.mat"
PV_126_011_1824040_R,PV_126,011,PV_126_block_011,1824039.8,1824138.25,16.194537170437453,346.9515300938138,R,binocular,2,0,0,0,False,False,False,none,,,,,False,False,,,17.21065612047572,1.0627445501741881,"/Volumes/Data-1/Nimrod/experiments/PV_126/2024_08_13/block_011/oe_files/PV126_Trial115_eyeTracking_w7/Record Node 102/analysis/recNames=block_011,Animal=PV_126/lizMov.mat"
PV_126_011_347998_L,PV_126,011,PV_126_block_011,347997.75,348063.35,8.338980068527446,150.67230931783078,L,monocular,1,0,0,0,False,False,False,none,,,,,False,False,,,9.594788543119526,1.1505949725592568,"/Volumes/Data-1/Nimrod/experiments/PV_126/2024_08_13/block_011/oe_files/PV126_Trial115_eyeTracking_w7/Record Node 102/analysis/recNames=block_011,Animal=PV_126/lizMov.mat"
PV_126_011_592926_L,PV_126,011,PV_126_block_011,592925.7,593007.45,9.519886102076443,137.38410734823623,L,monocular,1,2,2,0,True,True,False,same,L,213.0,0.747937180944655,71.76770221856805,True,False,,,13.234602054875225,1.3902059239961433,"/Volumes/Data-1/Nimrod/experiments/PV_126/2024_08_13/block_011/oe_files/PV126_Trial115_eyeTracking_w7/Record Node 102/analysis/recNames=block_011,Animal=PV_126/lizMov.mat"
PV_126_011_634737_L,PV_126,011,PV_126_block_011,634737.0,634819.25,6.423194696740797,329.5932948060103,L,monocular,1,6,4,2,True,True,True,same,R,115.05000000004657,0.8465127441469861,51.171227737375034,True,True,634944.0,207.0,5.643977086442644,0.8786869078258616,"/Volumes/Data-1/Nimrod/experiments/PV_126/2024_08_13/block_011/oe_files/PV126_Trial115_eyeTracking_w7/Record Node 102/analysis/recNames=block_011,Animal=PV_126/lizMov.mat"
PV_126_011_638706_L,PV_126,011,PV_126_block_011,638706.2,638755.65,6.1567767724392874,325.6770077833561,L,monocular,1,2,1,1,True,True,True,same,R,16.650000000023283,19.362946850652026,5.781703487549009,False,False,,,-2.7436070382953437,-0.44562392623638014,"/Volumes/Data-1/Nimrod/experiments/PV_126/2024_08_13/block_011/oe_files/PV126_Trial115_eyeTracking_w7/Record Node 102/analysis/recNames=block_011,Animal=PV_126/lizMov.mat"
PV_126_011_719936_L,PV_126,011,PV_126_block_011,719936.3,719985.8,13.622249350031177,298.5735907810438,L,monocular,1,2,0,2,True,True,False,reverse,L,49.5,6.290937077983046,110.17727162204108,True,False,,,9.848042230860493,0.7229380389251173,"/Volumes/Data-1/Nimrod/experiments/PV_126/2024_08_13/block_011/oe_files/PV126_Trial115_eyeTracking_w7/Record Node 102/analysis/recNames=block_011,Animal=PV_126/lizMov.mat"
PV_126_011_766325_L,PV_126,011,PV_126_block_011,766324.55,766374.0,9.02446105451135,331.0663170458454,L,monocular,1,6,2,4,True,True,True,reverse,R,16.649999999906868,9.350465036901952,143.8856220106564,False,False,,,-2.2595251148477207,-0.25037784541362484,"/Volumes/Data-1/Nimrod/experiments/PV_126/2024_08_13/block_011/oe_files/PV126_Trial115_eyeTracking_w7/Record Node 102/analysis/recNames=block_011,Animal=PV_126/lizMov.mat"
PV_126_011_876683_L,PV_126,011,PV_126_block_011,876682.55,876780.95,12.26442034193237,164.55152081193452,L,monocular,1,1,0,1,True,False,False,reverse,R,147.84999999997672,2.412388979049254,172.9935193765183,True,False,,,11.581992862947487,0.9443571355222028,"/Volumes/Data-1/Nimrod/experiments/PV_126/2024_08_13/block_011/oe_files/PV126_Trial115_eyeTracking_w7/Record Node 102/analysis/recNames=block_011,Animal=PV_126/lizMov.mat"
PV_126_011_880800_L,PV_126,011,PV_126_block_011,880800.3,880865.9,5.733180336643823,125.34192057906618,L,monocular,1,0,0,0,False,False,False,none,,,,,False,False,,,6.056741843438424,1.0564366525724904,"/Volumes/Data-1/Nimrod/experiments/PV_126/2024_08_13/block_011/oe_files/PV126_Trial115_eyeTracking_w7/Record Node 102/analysis/recNames=block_011,Animal=PV_126/lizMov.mat"
PV_126_011_887723_L,PV_126,011,PV_126_block_011,887723.05,887772.0,8.917943642844921,340.35545520014875,L,monocular,1,2,1,1,True,True,True,reverse,L,48.949999999953434,6.773175781238723,177.20542826763392,True,False,,,0.8771136811139513,0.09835380399804168,"/Volumes/Data-1/Nimrod/experiments/PV_126/2024_08_13/block_011/oe_files/PV126_Trial115_eyeTracking_w7/Record Node 102/analysis/recNames=block_011,Animal=PV_126/lizMov.mat"
PV_126_011_887772_L,PV_126,011,PV_126_block_011,887772.0,887837.6,6.773175781238723,163.15002693251483,L,monocular,1,1,0,1,True,False,False,reverse,R,82.25,0.5131397708164536,116.1230221918787,True,False,,,8.25319437610692,1.2185117650375703,"/Volumes/Data-1/Nimrod/experiments/PV_126/2024_08_13/block_011/oe_files/PV126_Trial115_eyeTracking_w7/Record Node 102/analysis/recNames=block_011,Animal=PV_126/lizMov.mat"
PV_126_011_938645_L,PV_126,011,PV_126_block_011,938644.7,938726.45,7.988043190832347,203.5559794274046,L,monocular,1,0,0,0,False,False,False,none,,,,,False,False,,,7.1306147719271955,0.892661018672358,"/Volumes/Data-1/Nimrod/experiments/PV_126/2024_08_13/block_011/oe_files/PV126_Trial115_eyeTracking_w7/Record Node 102/analysis/recNames=block_011,Animal=PV_126/lizMov.mat"
PV_126_011_944550_L,PV_126,011,PV_126_block_011,944549.95,944615.55,5.55684346050973,192.261386390154,L,monocular,1,1,0,1,True,False,False,reverse,R,32.800000000046566,6.380952082609942,166.17167125133165,False,False,,,7.181336180943515,1.2923409183610097,"/Volumes/Data-1/Nimrod/experiments/PV_126/2024_08_13/block_011/oe_files/PV126_Trial115_eyeTracking_w7/Record Node 102/analysis/recNames=block_011,Animal=PV_126/lizMov.mat"
PV_126_011_1023757_L,PV_126,011,PV_126_block_011,1023756.7,1023871.75,15.608802519542111,270.7200492435116,L,monocular,1,2,0,2,True,True,False,reverse,R,49.45000000006985,2.954050375829642,125.73927572900513,True,False,,,14.002452750062744,0.8970869310782663,"/Volumes/Data-1/Nimrod/experiments/PV_126/2024_08_13/block_011/oe_files/PV126_Trial115_eyeTracking_w7/Record Node 102/analysis/recNames=block_011,Animal=PV_126/lizMov.mat"
PV_126_011_1041504_L,PV_126,011,PV_126_block_011,1041504.3,1041569.9,11.660432515968841,283.89061845737666,L,monocular,1,2,1,1,True,True,True,same,L,82.25,3.158721128956959,33.77803148632228,True,False,,,12.20301084617974,1.0465315784356921,"/Volumes/Data-1/Nimrod/experiments/PV_126/2024_08_13/block_011/oe_files/PV126_Trial115_eyeTracking_w7/Record Node 102/analysis/recNames=block_011,Animal=PV_126/lizMov.mat"
PV_126_011_1056776_L,PV_126,011,PV_126_block_011,1056775.5,1056873.95,8.734634228299653,145.55358164400462,L,monocular,1,2,0,2,True,True,False,reverse,R,98.44999999995343,5.545642426469048,143.98160074348417,True,True,1056952.0,176.5,9.515303046314152,1.0893762460579268,"/Volumes/Data-1/Nimrod/experiments/PV_126/2024_08_13/block_011/oe_files/PV126_Trial115_eyeTracking_w7/Record Node 102/analysis/recNames=block_011,Animal=PV_126/lizMov.mat"
PV_126_011_1205772_L,PV_126,011,PV_126_block_011,1205772.15,1205837.75,5.688858980124445,136.34135549426276,L,monocular,1,0,0,0,False,False,False,none,,,,,False,False,,,7.079266923901223,1.244408931322527,"/Volumes/Data-1/Nimrod/experiments/PV_126/2024_08_13/block_011/oe_files/PV126_Trial115_eyeTracking_w7/Record Node 102/analysis/recNames=block_011,Animal=PV_126/lizMov.mat"
PV_126_011_1239105_L,PV_126,011,PV_126_block_011,1239105.15,1239203.55,6.460537289258933,188.87485767090135,L,monocular,1,1,0,1,True,False,False,reverse,R,16.6500000001397,8.967056693937641,146.3254988067061,False,False,,,7.381173396319668,1.1425014771745616,"/Volumes/Data-1/Nimrod/experiments/PV_126/2024_08_13/block_011/oe_files/PV126_Trial115_eyeTracking_w7/Record Node 102/analysis/recNames=block_011,Animal=PV_126/lizMov.mat"
PV_126_011_1255591_L,PV_126,011,PV_126_block_011,1255591.3,1255705.9,9.15883580826488,105.05495702274598,L,monocular,1,0,0,0,False,False,False,none,,,,,False,False,,,8.610453872552574,0.9401253666740647,"/Volumes/Data-1/Nimrod/experiments/PV_126/2024_08_13/block_011/oe_files/PV126_Trial115_eyeTracking_w7/Record Node 102/analysis/recNames=block_011,Animal=PV_126/lizMov.mat"
PV_126_011_1259118_L,PV_126,011,PV_126_block_011,1259118.35,1259216.75,13.072330904846893,146.00062470807933,L,monocular,1,0,0,0,False,False,False,none,,,,,False,False,,,12.874481624737948,0.9848650342812553,"/Volumes/Data-1/Nimrod/experiments/PV_126/2024_08_13/block_011/oe_files/PV126_Trial115_eyeTracking_w7/Record Node 102/analysis/recNames=block_011,Animal=PV_126/lizMov.mat"
PV_126_011_1448230_L,PV_126,011,PV_126_block_011,1448230.5,1448345.65,5.949507756776141,209.18886993102308,L,monocular,1,2,0,2,True,True,False,reverse,R,213.60000000009313,4.775613185462517,132.26431685487768,True,False,,,3.9951292604613116,0.671505849523617,"/Volumes/Data-1/Nimrod/experiments/PV_126/2024_08_13/block_011/oe_files/PV126_Trial115_eyeTracking_w7/Record Node 102/analysis/recNames=block_011,Animal=PV_126/lizMov.mat"
PV_126_011_1462898_L,PV_126,011,PV_126_block_011,1462897.7,1462979.95,6.595500871434523,89.69804427302236,L,monocular,1,0,0,0,False,False,False,none,,,,,False,False,,,7.280604188246819,1.103874342550619,"/Volumes/Data-1/Nimrod/experiments/PV_126/2024_08_13/block_011/oe_files/PV126_Trial115_eyeTracking_w7/Record Node 102/analysis/recNames=block_011,Animal=PV_126/lizMov.mat"
PV_126_011_1500172_L,PV_126,011,PV_126_block_011,1500172.0,1500287.05,9.54402340725855,116.96501245977718,L,monocular,1,0,0,0,False,False,False,none,,,,,False,False,,,9.45902188200109,0.9910937430022634,"/Volumes/Data-1/Nimrod/experiments/PV_126/2024_08_13/block_011/oe_files/PV126_Trial115_eyeTracking_w7/Record Node 102/analysis/recNames=block_011,Animal=PV_126/lizMov.mat"
PV_126_011_1576453_L,PV_126,011,PV_126_block_011,1576453.3,1576518.9,7.32944694298686,169.04211026205007,L,monocular,1,2,0,2,True,True,False,reverse,R,32.800000000046566,1.8415517938254808,132.61521056689497,True,False,,,9.62938049338522,1.3137936011118871,"/Volumes/Data-1/Nimrod/experiments/PV_126/2024_08_13/block_011/oe_files/PV126_Trial115_eyeTracking_w7/Record Node 102/analysis/recNames=block_011,Animal=PV_126/lizMov.mat"
PV_126_011_1710525_L,PV_126,011,PV_126_block_011,1710524.85,1710573.8,9.940206742200354,344.1169075024562,L,monocular,1,1,0,1,True,False,False,reverse,L,48.949999999953434,10.07069870105362,174.5336068195782,False,False,,,-0.8238081420441377,-0.08287635895405736,"/Volumes/Data-1/Nimrod/experiments/PV_126/2024_08_13/block_011/oe_files/PV126_Trial115_eyeTracking_w7/Record Node 102/analysis/recNames=block_011,Animal=PV_126/lizMov.mat"
PV_126_011_1710574_L,PV_126,011,PV_126_block_011,1710573.8,1710656.1,10.07069870105362,158.65051432203438,L,monocular,1,0,0,0,False,False,False,none,,,,,False,False,,,10.999545793409858,1.0922326364762616,"/Volumes/Data-1/Nimrod/experiments/PV_126/2024_08_13/block_011/oe_files/PV126_Trial115_eyeTracking_w7/Record Node 102/analysis/recNames=block_011,Animal=PV_126/lizMov.mat"
PV_126_011_1764159_L,PV_126,011,PV_126_block_011,1764158.85,1764224.45,7.30031695960309,91.23833539436463,L,monocular,1,0,0,0,False,False,False,none,,,,,False,False,,,4.8213060005516795,0.6604242017477839,"/Volumes/Data-1/Nimrod/experiments/PV_126/2024_08_13/block_011/oe_files/PV126_Trial115_eyeTracking_w7/Record Node 102/analysis/recNames=block_011,Animal=PV_126/lizMov.mat"
PV_126_011_1767407_L,PV_126,011,PV_126_block_011,1767407.35,1767505.75,5.941205536224918,163.97539598820936,L,monocular,1,0,0,0,False,False,False,none,,,,,False,False,,,7.398645266707755,1.2453104376875175,"/Volumes/Data-1/Nimrod/experiments/PV_126/2024_08_13/block_011/oe_files/PV126_Trial115_eyeTracking_w7/Record Node 102/analysis/recNames=block_011,Animal=PV_126/lizMov.mat"
PV_126_011_1780646_L,PV_126,011,PV_126_block_011,1780646.35,1780777.6,6.577422566543403,117.23455264324767,L,monocular,1,1,0,1,True,False,False,reverse,R,16.149999999906868,8.985306957256471,109.56678567798662,False,True,1780656.0,9.649999999906868,7.266688984093174,1.1047927832789368,"/Volumes/Data-1/Nimrod/experiments/PV_126/2024_08_13/block_011/oe_files/PV126_Trial115_eyeTracking_w7/Record Node 102/analysis/recNames=block_011,Animal=PV_126/lizMov.mat"
PV_126_011_103706_R,PV_126,011,PV_126_block_011,103706.3,103722.45,9.217299955588365,90.34393298356473,R,monocular,1,0,0,0,False,False,False,none,,,,,False,False,,,9.494335308088264,1.0300560200747222,"/Volumes/Data-1/Nimrod/experiments/PV_126/2024_08_13/block_011/oe_files/PV126_Trial115_eyeTracking_w7/Record Node 102/analysis/recNames=block_011,Animal=PV_126/lizMov.mat"
PV_126_011_219969_R,PV_126,011,PV_126_block_011,219969.25,220067.65,12.091661272039486,110.04554456622334,R,monocular,1,1,0,1,True,False,False,reverse,L,65.60000000000582,1.1827868822577778,98.79999546438518,True,False,,,13.116314372620844,1.0847404734162331,"/Volumes/Data-1/Nimrod/experiments/PV_126/2024_08_13/block_011/oe_files/PV126_Trial115_eyeTracking_w7/Record Node 102/analysis/recNames=block_011,Animal=PV_126/lizMov.mat"
PV_126_011_232648_R,PV_126,011,PV_126_block_011,232647.8,232746.2,6.326637875030863,243.2050855835013,R,monocular,1,0,0,0,False,False,False,none,,,,,False,False,,,7.173724048810561,1.1338919961142182,"/Volumes/Data-1/Nimrod/experiments/PV_126/2024_08_13/block_011/oe_files/PV126_Trial115_eyeTracking_w7/Record Node 102/analysis/recNames=block_011,Animal=PV_126/lizMov.mat"
PV_126_011_265087_R,PV_126,011,PV_126_block_011,265086.55,265168.8,11.401406135884098,73.7716447378991,R,monocular,1,0,0,0,False,False,False,none,,,,,False,False,,,12.078512552401628,1.0593879744697845,"/Volumes/Data-1/Nimrod/experiments/PV_126/2024_08_13/block_011/oe_files/PV126_Trial115_eyeTracking_w7/Record Node 102/analysis/recNames=block_011,Animal=PV_126/lizMov.mat"
PV_126_011_398535_R,PV_126,011,PV_126_block_011,398535.1,398567.9,10.375308558244976,248.41725359067163,R,monocular,1,3,2,1,True,True,True,reverse,L,32.800000000046566,15.8296963246885,127.50451915782025,False,False,,,23.894303340984816,2.302996889860848,"/Volumes/Data-1/Nimrod/experiments/PV_126/2024_08_13/block_011/oe_files/PV126_Trial115_eyeTracking_w7/Record Node 102/analysis/recNames=block_011,Animal=PV_126/lizMov.mat"
PV_126_011_425946_R,PV_126,011,PV_126_block_011,425945.7,426027.45,5.774808929095936,233.1395199365162,R,monocular,1,0,0,0,False,False,False,none,,,,,False,False,,,5.788835377842543,1.0024289026561441,"/Volumes/Data-1/Nimrod/experiments/PV_126/2024_08_13/block_011/oe_files/PV126_Trial115_eyeTracking_w7/Record Node 102/analysis/recNames=block_011,Animal=PV_126/lizMov.mat"
PV_126_011_503253_R,PV_126,011,PV_126_block_011,503252.9,503335.15,18.407820824071432,2.5762269244574396,R,monocular,1,0,0,0,False,False,False,none,,,,,False,False,,,17.918833848804038,0.9734359118365625,"/Volumes/Data-1/Nimrod/experiments/PV_126/2024_08_13/block_011/oe_files/PV126_Trial115_eyeTracking_w7/Record Node 102/analysis/recNames=block_011,Animal=PV_126/lizMov.mat"
PV_126_011_547818_R,PV_126,011,PV_126_block_011,547817.9,547949.1,23.368350663472363,260.49014348495274,R,monocular,1,0,0,0,False,False,False,none,,,,,False,True,547860.0,42.09999999997672,22.86697265702078,0.978544570232109,"/Volumes/Data-1/Nimrod/experiments/PV_126/2024_08_13/block_011/oe_files/PV126_Trial115_eyeTracking_w7/Record Node 102/analysis/recNames=block_011,Animal=PV_126/lizMov.mat"
PV_126_011_624535_R,PV_126,011,PV_126_block_011,624534.6,624633.05,15.033708292584517,26.79534430332669,R,monocular,1,2,0,2,True,True,False,reverse,L,98.45000000006985,1.3283224201622652,174.60192180867443,True,False,,,11.910284994340854,0.7922386654406276,"/Volumes/Data-1/Nimrod/experiments/PV_126/2024_08_13/block_011/oe_files/PV126_Trial115_eyeTracking_w7/Record Node 102/analysis/recNames=block_011,Animal=PV_126/lizMov.mat"
PV_126_011_641478_R,PV_126,011,PV_126_block_011,641478.2,641592.7,22.66510499257129,107.53860727728006,R,monocular,1,3,2,1,True,True,True,same,L,81.70000000006985,1.1557484033961758,44.66149785198007,True,False,,,21.266104421560367,0.9382751338910869,"/Volumes/Data-1/Nimrod/experiments/PV_126/2024_08_13/block_011/oe_files/PV126_Trial115_eyeTracking_w7/Record Node 102/analysis/recNames=block_011,Animal=PV_126/lizMov.mat"
PV_126_011_644365_R,PV_126,011,PV_126_block_011,644364.7,644397.5,7.582790389374801,7.941177131398576,R,monocular,1,7,2,5,True,True,True,reverse,R,32.800000000046566,9.947629166283697,176.01219763208758,False,True,644384.0,19.300000000046566,-0.8224917689032738,-0.10846821904186751,"/Volumes/Data-1/Nimrod/experiments/PV_126/2024_08_13/block_011/oe_files/PV126_Trial115_eyeTracking_w7/Record Node 102/analysis/recNames=block_011,Animal=PV_126/lizMov.mat"
PV_126_011_659801_R,PV_126,011,PV_126_block_011,659801.3,659916.4,17.648260015040094,278.89660285634733,R,monocular,1,1,0,1,True,False,False,reverse,R,164.09999999997672,1.741927186177506,175.06159340555945,True,True,660028.0,226.69999999995343,15.152268931564201,0.8585701320499146,"/Volumes/Data-1/Nimrod/experiments/PV_126/2024_08_13/block_011/oe_files/PV126_Trial115_eyeTracking_w7/Record Node 102/analysis/recNames=block_011,Animal=PV_126/lizMov.mat"
PV_126_011_750677_R,PV_126,011,PV_126_block_011,750677.25,750759.55,15.64112146975033,22.35440792125612,R,monocular,1,0,0,0,False,False,False,none,,,,,False,False,,,14.720371468487116,0.9411327376336839,"/Volumes/Data-1/Nimrod/experiments/PV_126/2024_08_13/block_011/oe_files/PV126_Trial115_eyeTracking_w7/Record Node 102/analysis/recNames=block_011,Animal=PV_126/lizMov.mat"
PV_126_011_766390_R,PV_126,011,PV_126_block_011,766390.15,766472.4,14.697769219628237,9.636439159759036,R,monocular,1,2,0,2,True,True,False,reverse,L,115.04999999993015,0.5993906016763159,171.90909467724134,True,False,,,10.343982483341618,0.7037790789045507,"/Volumes/Data-1/Nimrod/experiments/PV_126/2024_08_13/block_011/oe_files/PV126_Trial115_eyeTracking_w7/Record Node 102/analysis/recNames=block_011,Animal=PV_126/lizMov.mat"
PV_126_011_771951_R,PV_126,011,PV_126_block_011,771950.75,772049.2,13.512678622606046,72.10257036591955,R,monocular,1,1,0,1,True,False,False,reverse,R,114.59999999997672,1.4547381817171188,141.54277817427146,True,False,,,11.553843893546198,0.855037273972992,"/Volumes/Data-1/Nimrod/experiments/PV_126/2024_08_13/block_011/oe_files/PV126_Trial115_eyeTracking_w7/Record Node 102/analysis/recNames=block_011,Animal=PV_126/lizMov.mat"
PV_126_011_828554_R,PV_126,011,PV_126_block_011,828553.95,828570.6,6.090685653088135,114.04687744562455,R,monocular,1,1,0,1,True,False,False,reverse,R,16.650000000023283,9.79005018229152,155.24541549783578,False,False,,,-0.732133553147734,-0.12020544070871944,"/Volumes/Data-1/Nimrod/experiments/PV_126/2024_08_13/block_011/oe_files/PV126_Trial115_eyeTracking_w7/Record Node 102/analysis/recNames=block_011,Animal=PV_126/lizMov.mat"
PV_126_011_828571_R,PV_126,011,PV_126_block_011,828570.6,828619.5,9.79005018229152,318.80146194778877,R,monocular,1,0,0,0,False,False,False,none,,,,,False,False,,,9.206218670291449,0.940364809053163,"/Volumes/Data-1/Nimrod/experiments/PV_126/2024_08_13/block_011/oe_files/PV126_Trial115_eyeTracking_w7/Record Node 102/analysis/recNames=block_011,Animal=PV_126/lizMov.mat"
PV_126_011_838953_R,PV_126,011,PV_126_block_011,838953.45,839002.9,13.789977666647857,19.531026561948494,R,monocular,1,3,1,2,True,True,True,reverse,R,49.45000000006985,0.7892329686572637,107.12546095740237,True,False,,,14.858335966147534,1.0774735337014782,"/Volumes/Data-1/Nimrod/experiments/PV_126/2024_08_13/block_011/oe_files/PV126_Trial115_eyeTracking_w7/Record Node 102/analysis/recNames=block_011,Animal=PV_126/lizMov.mat"
PV_126_011_847532_R,PV_126,011,PV_126_block_011,847532.4,847581.35,5.6214431495501636,226.72897439992923,R,monocular,1,3,0,3,True,True,False,reverse,R,48.949999999953434,0.7287885318845565,96.13928924518996,True,True,847732.0,199.59999999997672,-6.394626918766269,-1.13754186401013,"/Volumes/Data-1/Nimrod/experiments/PV_126/2024_08_13/block_011/oe_files/PV126_Trial115_eyeTracking_w7/Record Node 102/analysis/recNames=block_011,Animal=PV_126/lizMov.mat"
PV_126_011_854488_R,PV_126,011,PV_126_block_011,854487.95,854536.95,14.155374859841892,201.90868915294612,R,monocular,1,4,2,2,True,True,True,reverse,L,32.800000000046566,2.496305161676292,125.81660629377393,True,False,,,3.7444761518908583,0.2645268097077213,"/Volumes/Data-1/Nimrod/experiments/PV_126/2024_08_13/block_011/oe_files/PV126_Trial115_eyeTracking_w7/Record Node 102/analysis/recNames=block_011,Animal=PV_126/lizMov.mat"
PV_126_011_895286_R,PV_126,011,PV_126_block_011,895285.85,895384.3,6.21226065223631,95.35335239308195,R,monocular,1,2,1,1,True,True,True,same,R,115.09999999997672,0.7224850215521638,1.2554489445174681,True,False,,,6.563098426671216,1.0564750570001615,"/Volumes/Data-1/Nimrod/experiments/PV_126/2024_08_13/block_011/oe_files/PV126_Trial115_eyeTracking_w7/Record Node 102/analysis/recNames=block_011,Animal=PV_126/lizMov.mat"
PV_126_011_905343_R,PV_126,011,PV_126_block_011,905343.0,905408.65,15.792557547751892,202.2243352631431,R,monocular,1,5,3,2,True,True,True,same,L,81.80000000004657,4.572588504361269,66.27247952337146,True,False,,,3.4862640554741007,0.22075360782651562,"/Volumes/Data-1/Nimrod/experiments/PV_126/2024_08_13/block_011/oe_files/PV126_Trial115_eyeTracking_w7/Record Node 102/analysis/recNames=block_011,Animal=PV_126/lizMov.mat"
PV_126_011_914005_R,PV_126,011,PV_126_block_011,914005.15,914054.1,10.87321361391457,188.77129685929552,R,monocular,1,4,2,2,True,True,True,reverse,L,32.79999999993015,4.888033498146855,144.69866146692516,True,True,914180.0,174.84999999997672,0.45758572561168637,0.04208376123744216,"/Volumes/Data-1/Nimrod/experiments/PV_126/2024_08_13/block_011/oe_files/PV126_Trial115_eyeTracking_w7/Record Node 102/analysis/recNames=block_011,Animal=PV_126/lizMov.mat"
PV_126_011_919796_R,PV_126,011,PV_126_block_011,919796.4,919911.5,19.579022160920733,272.87146936950944,R,monocular,1,3,1,2,True,True,True,reverse,L,82.29999999993015,0.8399023781105008,136.0307556970314,True,False,,,19.04680476791923,0.9728169574237575,"/Volumes/Data-1/Nimrod/experiments/PV_126/2024_08_13/block_011/oe_files/PV126_Trial115_eyeTracking_w7/Record Node 102/analysis/recNames=block_011,Animal=PV_126/lizMov.mat"
PV_126_011_930492_R,PV_126,011,PV_126_block_011,930492.15,930607.2,19.01903437578604,4.81902513082201,R,monocular,1,1,1,0,True,False,False,same,L,65.59999999997672,0.5343037824101632,0.5121853652992456,True,True,930664.0,171.84999999997672,20.48104705546621,1.0768710256679237,"/Volumes/Data-1/Nimrod/experiments/PV_126/2024_08_13/block_011/oe_files/PV126_Trial115_eyeTracking_w7/Record Node 102/analysis/recNames=block_011,Animal=PV_126/lizMov.mat"
PV_126_011_944583_R,PV_126,011,PV_126_block_011,944582.75,944648.35,6.380952082609942,26.08971513882235,R,monocular,1,0,0,0,False,False,False,none,,,,,False,False,,,8.168807794427991,1.280186355997016,"/Volumes/Data-1/Nimrod/experiments/PV_126/2024_08_13/block_011/oe_files/PV126_Trial115_eyeTracking_w7/Record Node 102/analysis/recNames=block_011,Animal=PV_126/lizMov.mat"
PV_126_011_1023822_R,PV_126,011,PV_126_block_011,1023822.3,1023904.6,9.429409758004772,14.238107500932552,R,monocular,1,0,0,0,False,False,False,none,,,,,False,False,,,10.257695774508214,1.0878407066572007,"/Volumes/Data-1/Nimrod/experiments/PV_126/2024_08_13/block_011/oe_files/PV126_Trial115_eyeTracking_w7/Record Node 102/analysis/recNames=block_011,Animal=PV_126/lizMov.mat"
PV_126_011_1054167_R,PV_126,011,PV_126_block_011,1054166.95,1054216.4,8.300418691944014,193.21306507995882,R,monocular,1,3,0,3,True,True,False,reverse,L,49.449999999953434,1.0416037420012754,154.0644258010096,True,True,1054328.0,161.05000000004657,-2.3553758387629395,-0.28376590701972104,"/Volumes/Data-1/Nimrod/experiments/PV_126/2024_08_13/block_011/oe_files/PV126_Trial115_eyeTracking_w7/Record Node 102/analysis/recNames=block_011,Animal=PV_126/lizMov.mat"
PV_126_011_1054233_R,PV_126,011,PV_126_block_011,1054232.55,1054314.85,9.799543805033228,23.091922266013086,R,monocular,1,0,0,0,False,False,False,none,,,,,False,True,1054328.0,95.44999999995343,10.07830379119237,1.0284462207328433,"/Volumes/Data-1/Nimrod/experiments/PV_126/2024_08_13/block_011/oe_files/PV126_Trial115_eyeTracking_w7/Record Node 102/analysis/recNames=block_011,Animal=PV_126/lizMov.mat"
PV_126_011_1056874_R,PV_126,011,PV_126_block_011,1056873.95,1056906.75,5.545642426469048,1.5719809005204697,R,monocular,1,1,1,0,True,False,False,same,R,32.800000000046566,1.4311491140484218,80.80997786881017,True,True,1056952.0,78.05000000004657,6.695971851187507,1.207429425890858,"/Volumes/Data-1/Nimrod/experiments/PV_126/2024_08_13/block_011/oe_files/PV126_Trial115_eyeTracking_w7/Record Node 102/analysis/recNames=block_011,Animal=PV_126/lizMov.mat"
PV_126_011_1062254_R,PV_126,011,PV_126_block_011,1062254.35,1062303.3,14.716402357198984,192.47540229048127,R,monocular,1,4,2,2,True,True,True,same,L,65.5999999998603,2.2015243317612407,85.52482664154297,True,False,,,0.1028259031182236,0.006987163073040275,"/Volumes/Data-1/Nimrod/experiments/PV_126/2024_08_13/block_011/oe_files/PV126_Trial115_eyeTracking_w7/Record Node 102/analysis/recNames=block_011,Animal=PV_126/lizMov.mat"
PV_126_011_1089221_R,PV_126,011,PV_126_block_011,1089221.45,1089287.1,9.840250560941145,298.27765951503153,R,monocular,1,2,2,0,True,True,False,same,L,81.80000000004657,0.6385996544424798,23.85517089842648,True,False,,,9.41833200435365,0.9571231897018746,"/Volumes/Data-1/Nimrod/experiments/PV_126/2024_08_13/block_011/oe_files/PV126_Trial115_eyeTracking_w7/Record Node 102/analysis/recNames=block_011,Animal=PV_126/lizMov.mat"
PV_126_011_1163088_R,PV_126,011,PV_126_block_011,1163088.05,1163170.35,9.147931433791097,99.9142116340107,R,monocular,1,5,3,2,True,True,True,reverse,L,49.449999999953434,4.359433126175427,91.00107272690536,True,False,,,7.330912983619695,0.8013738446421224,"/Volumes/Data-1/Nimrod/experiments/PV_126/2024_08_13/block_011/oe_files/PV126_Trial115_eyeTracking_w7/Record Node 102/analysis/recNames=block_011,Animal=PV_126/lizMov.mat"
PV_126_011_1176261_R,PV_126,011,PV_126_block_011,1176260.9,1176326.5,8.362202739576034,304.78723839102526,R,monocular,1,0,0,0,False,False,False,none,,,,,False,True,1176328.0,67.10000000009313,7.107469268232547,0.8499517997327218,"/Volumes/Data-1/Nimrod/experiments/PV_126/2024_08_13/block_011/oe_files/PV126_Trial115_eyeTracking_w7/Record Node 102/analysis/recNames=block_011,Animal=PV_126/lizMov.mat"
PV_126_011_1211661_R,PV_126,011,PV_126_block_011,1211661.05,1211759.45,10.972687018907019,41.50054188427708,R,monocular,1,3,1,0,True,True,False,same,R,114.55000000004657,0.7715851123938087,33.399113773232045,True,False,,,4.297163312353998,0.3916236109669002,"/Volumes/Data-1/Nimrod/experiments/PV_126/2024_08_13/block_011/oe_files/PV126_Trial115_eyeTracking_w7/Record Node 102/analysis/recNames=block_011,Animal=PV_126/lizMov.mat"
PV_126_011_1239122_R,PV_126,011,PV_126_block_011,1239121.8,1239203.55,8.967056693937641,42.54935886419526,R,monocular,1,0,0,0,False,False,False,none,,,,,False,False,,,9.596396464097374,1.0701835386616,"/Volumes/Data-1/Nimrod/experiments/PV_126/2024_08_13/block_011/oe_files/PV126_Trial115_eyeTracking_w7/Record Node 102/analysis/recNames=block_011,Animal=PV_126/lizMov.mat"
PV_126_011_1278541_R,PV_126,011,PV_126_block_011,1278540.7,1278639.1,9.991430274240622,144.3991738353311,R,monocular,1,2,0,2,True,True,False,reverse,L,180.6500000001397,1.2269513939186398,152.84571407587248,True,False,,,5.721217621370236,0.572612475325017,"/Volumes/Data-1/Nimrod/experiments/PV_126/2024_08_13/block_011/oe_files/PV126_Trial115_eyeTracking_w7/Record Node 102/analysis/recNames=block_011,Animal=PV_126/lizMov.mat"
PV_126_011_1333985_R,PV_126,011,PV_126_block_011,1333984.9,1334017.75,8.864375965776762,304.44333946278067,R,monocular,1,2,0,2,True,True,False,reverse,L,16.6500000001397,11.539829032252642,134.338730749794,False,False,,,3.3993617805775043,0.38348574041778327,"/Volumes/Data-1/Nimrod/experiments/PV_126/2024_08_13/block_011/oe_files/PV126_Trial115_eyeTracking_w7/Record Node 102/analysis/recNames=block_011,Animal=PV_126/lizMov.mat"
PV_126_011_1356639_R,PV_126,011,PV_126_block_011,1356638.65,1356769.9,21.995120765418577,84.15643327235487,R,monocular,1,0,0,0,False,False,False,none,,,,,False,False,,,20.259603632782685,0.9210953578684357,"/Volumes/Data-1/Nimrod/experiments/PV_126/2024_08_13/block_011/oe_files/PV126_Trial115_eyeTracking_w7/Record Node 102/analysis/recNames=block_011,Animal=PV_126/lizMov.mat"
PV_126_011_1364775_R,PV_126,011,PV_126_block_011,1364775.35,1364906.55,11.6141995479457,102.38733684335645,R,monocular,1,0,0,0,False,False,False,none,,,,,False,False,,,10.891217764761093,0.9377501841431262,"/Volumes/Data-1/Nimrod/experiments/PV_126/2024_08_13/block_011/oe_files/PV126_Trial115_eyeTracking_w7/Record Node 102/analysis/recNames=block_011,Animal=PV_126/lizMov.mat"
PV_126_011_1368646_R,PV_126,011,PV_126_block_011,1368646.5,1368728.3,13.159045649591945,234.52372121713222,R,monocular,1,1,1,0,True,False,False,same,L,49.0,1.2475857995403254,19.13129296352932,True,False,,,12.009351695159765,0.9126309015830618,"/Volumes/Data-1/Nimrod/experiments/PV_126/2024_08_13/block_011/oe_files/PV126_Trial115_eyeTracking_w7/Record Node 102/analysis/recNames=block_011,Animal=PV_126/lizMov.mat"
PV_126_011_1426215_R,PV_126,011,PV_126_block_011,1426214.9,1426231.55,6.199392621552303,343.035211155348,R,monocular,1,3,2,1,True,True,True,reverse,L,16.6500000001397,7.212144132452731,175.5229893662647,False,False,,,19.269316700518164,3.108258804826787,"/Volumes/Data-1/Nimrod/experiments/PV_126/2024_08_13/block_011/oe_files/PV126_Trial115_eyeTracking_w7/Record Node 102/analysis/recNames=block_011,Animal=PV_126/lizMov.mat"
PV_126_011_1426658_R,PV_126,011,PV_126_block_011,1426658.1,1426739.9,8.818535104423965,324.9209155996508,R,monocular,1,3,2,1,True,True,True,reverse,R,98.44999999995343,10.848762088073558,139.11729300209737,False,True,1426724.0,65.89999999990687,2.7830208727606616,0.3155876616473991,"/Volumes/Data-1/Nimrod/experiments/PV_126/2024_08_13/block_011/oe_files/PV126_Trial115_eyeTracking_w7/Record Node 102/analysis/recNames=block_011,Animal=PV_126/lizMov.mat"
PV_126_011_1479123_R,PV_126,011,PV_126_block_011,1479123.05,1479172.0,9.904355250382467,197.89749551904285,R,monocular,1,3,1,2,True,True,True,same,L,48.949999999953434,1.6673323348430196,56.383280613361336,True,True,1479176.0,52.949999999953434,-3.8347222558278413,-0.3871753545673515,"/Volumes/Data-1/Nimrod/experiments/PV_126/2024_08_13/block_011/oe_files/PV126_Trial115_eyeTracking_w7/Record Node 102/analysis/recNames=block_011,Animal=PV_126/lizMov.mat"
PV_126_011_1486325_R,PV_126,011,PV_126_block_011,1486324.75,1486488.85,8.221767008499167,44.62584757183267,R,monocular,1,0,0,0,False,False,False,none,,,,,False,True,1486556.0,231.25,8.56208157868455,1.0413919015016584,"/Volumes/Data-1/Nimrod/experiments/PV_126/2024_08_13/block_011/oe_files/PV126_Trial115_eyeTracking_w7/Record Node 102/analysis/recNames=block_011,Animal=PV_126/lizMov.mat"
PV_126_011_1576503_R,PV_126,011,PV_126_block_011,1576502.75,1576551.7,6.589841776998485,60.834637524458465,R,monocular,1,0,0,0,False,False,False,none,,,,,False,False,,,7.150528417754946,1.085083475405056,"/Volumes/Data-1/Nimrod/experiments/PV_126/2024_08_13/block_011/oe_files/PV126_Trial115_eyeTracking_w7/Record Node 102/analysis/recNames=block_011,Animal=PV_126/lizMov.mat"
PV_126_011_1599174_R,PV_126,011,PV_126_block_011,1599174.45,1599289.1,8.849207708906718,135.4572537360477,R,monocular,1,1,0,1,True,False,False,reverse,R,180.25,1.0677627426413898,163.4182581523496,True,False,,,5.567534324114077,0.6291562484752573,"/Volumes/Data-1/Nimrod/experiments/PV_126/2024_08_13/block_011/oe_files/PV126_Trial115_eyeTracking_w7/Record Node 102/analysis/recNames=block_011,Animal=PV_126/lizMov.mat"
PV_126_011_1639464_R,PV_126,011,PV_126_block_011,1639463.95,1639512.9,7.550879733186595,267.0200705980537,R,monocular,1,0,0,0,False,False,False,none,,,,,False,False,,,6.358886106404813,0.8421384436116901,"/Volumes/Data-1/Nimrod/experiments/PV_126/2024_08_13/block_011/oe_files/PV126_Trial115_eyeTracking_w7/Record Node 102/analysis/recNames=block_011,Animal=PV_126/lizMov.mat"
PV_126_011_1767178_R,PV_126,011,PV_126_block_011,1767177.65,1767194.3,8.601007263212502,297.71719165391113,R,monocular,1,7,3,4,True,True,True,same,R,16.6500000001397,12.83442823013598,61.69438594356728,False,False,,,10.722951399372855,1.2467087948217592,"/Volumes/Data-1/Nimrod/experiments/PV_126/2024_08_13/block_011/oe_files/PV126_Trial115_eyeTracking_w7/Record Node 102/analysis/recNames=block_011,Animal=PV_126/lizMov.mat"
PV_126_011_1767326_R,PV_126,011,PV_126_block_011,1767325.55,1767391.15,9.062090878480607,38.27007933869341,R,monocular,1,4,2,2,True,True,True,same,L,32.800000000046566,0.7419459090096157,85.38444762650033,True,False,,,-0.2901567814489632,-0.03201874549040191,"/Volumes/Data-1/Nimrod/experiments/PV_126/2024_08_13/block_011/oe_files/PV126_Trial115_eyeTracking_w7/Record Node 102/analysis/recNames=block_011,Animal=PV_126/lizMov.mat"
PV_126_011_1801316_R,PV_126,011,PV_126_block_011,1801316.35,1801365.3,6.891137143887297,20.817523205913652,R,monocular,1,2,0,2,True,True,False,reverse,R,48.949999999953434,0.6456214353123962,151.15522927056134,True,False,,,1.2289751046293644,0.1783414085321916,"/Volumes/Data-1/Nimrod/experiments/PV_126/2024_08_13/block_011/oe_files/PV126_Trial115_eyeTracking_w7/Record Node 102/analysis/recNames=block_011,Animal=PV_126/lizMov.mat"
PV_126_012_308792_L,PV_126,012,PV_126_block_012,308792.1,308874.35,7.180292352622119,252.66876488618817,L,binocular,2,0,0,0,False,False,False,none,,,,,False,False,,,7.613514284567881,1.0603348597341662,"/Volumes/Data-1/Nimrod/experiments/PV_126/2024_08_13/block_012/oe_files/PV126_Trial116_eyeTracking_h8/Record Node 102/analysis/recNames=block_012,Animal=PV_126/lizMov.mat"
PV_126_012_323457_L,PV_126,012,PV_126_block_012,323457.1,323539.4,8.262895663527878,246.32636196724457,L,binocular,2,0,0,0,False,False,False,none,,,,,False,True,323652.0,194.90000000002328,8.695990734655469,1.0524144426800954,"/Volumes/Data-1/Nimrod/experiments/PV_126/2024_08_13/block_012/oe_files/PV126_Trial116_eyeTracking_h8/Record Node 102/analysis/recNames=block_012,Animal=PV_126/lizMov.mat"
PV_126_012_430549_L,PV_126,012,PV_126_block_012,430549.45,430647.9,25.246564417247566,57.61233937020324,L,binocular,2,4,2,2,True,True,True,same,R,65.64999999996508,5.547904854795246,42.45123922828512,True,True,430556.0,6.5499999999883585,20.627650577149574,0.8170478262403691,"/Volumes/Data-1/Nimrod/experiments/PV_126/2024_08_13/block_012/oe_files/PV126_Trial116_eyeTracking_h8/Record Node 102/analysis/recNames=block_012,Animal=PV_126/lizMov.mat"
PV_126_012_831158_L,PV_126,012,PV_126_block_012,831157.7,831223.3,8.825591633599084,85.04763758613527,L,binocular,2,0,0,0,False,False,False,none,,,,,False,False,,,8.63263608110588,0.9781368138812792,"/Volumes/Data-1/Nimrod/experiments/PV_126/2024_08_13/block_012/oe_files/PV126_Trial116_eyeTracking_h8/Record Node 102/analysis/recNames=block_012,Animal=PV_126/lizMov.mat"
PV_126_012_870008_L,PV_126,012,PV_126_block_012,870007.7,870106.15,6.676555721087904,348.2950885608603,L,binocular,2,0,0,0,False,False,False,none,,,,,False,False,,,,,"/Volumes/Data-1/Nimrod/experiments/PV_126/2024_08_13/block_012/oe_files/PV126_Trial116_eyeTracking_h8/Record Node 102/analysis/recNames=block_012,Animal=PV_126/lizMov.mat"
PV_126_012_159806_R,PV_126,012,PV_126_block_012,159806.2,159904.65,9.737778064269293,270.6751291432533,R,monocular,1,0,0,0,False,False,False,none,,,,,False,False,,,9.408569759157112,0.9661926670602465,"/Volumes/Data-1/Nimrod/experiments/PV_126/2024_08_13/block_012/oe_files/PV126_Trial116_eyeTracking_h8/Record Node 102/analysis/recNames=block_012,Animal=PV_126/lizMov.mat"
PV_126_012_289366_R,PV_126,012,PV_126_block_012,289366.4,289464.8,12.039193515545675,264.9957109867851,R,monocular,1,0,0,0,False,False,False,none,,,,,False,True,289388.0,21.599999999976717,11.999851951890852,0.9967322093789736,"/Volumes/Data-1/Nimrod/experiments/PV_126/2024_08_13/block_012/oe_files/PV126_Trial116_eyeTracking_h8/Record Node 102/analysis/recNames=block_012,Animal=PV_126/lizMov.mat"
