event_id,animal,block,block_key,primary_on_ms,eye,saccade_on_ms,saccade_off_ms,amp_deg,overall_angle_deg,latency_ms,angle_diff_deg,direction_class,smaller_than_primary
PV_106_008_484605_L,PV_106,008,PV_106_block_008,484605.4,L,484771.9,484805.2,7.148312160829165,127.12616120476973,166.5,28.135455826538987,same,True
PV_106_008_484605_L,PV_106,008,PV_106_block_008,484605.4,R,484771.9,484788.55,0.6444170695944643,162.51893665762105,166.5,7.257319626312324,same,True
PV_106_008_549257_L,PV_106,008,PV_106_block_008,549257.35,L,549307.3,549340.6,1.3958936648736784,227.57321468166356,49.95000000006985,150.8204585592399,reverse,True
PV_106_008_549257_L,PV_106,008,PV_106_block_008,549257.35,L,549373.9,549390.55,0.5696152373164949,240.54243974319434,116.55000000004657,137.85123349770913,reverse,True
PV_106_008_549257_L,PV_106,008,PV_106_block_008,549257.35,R,549373.9,549390.55,0.5687954103356178,123.90899955569137,116.55000000004657,105.5153263147879,reverse,True
PV_106_008_861778_R,PV_106,008,PV_106_block_008,861777.85,L,861877.75,861911.05,1.2722300830323845,208.58937224009625,99.90000000002328,62.25519723987108,same,True
PV_106_008_50656_L,PV_106,008,PV_106_block_008,50656.45,L,50789.65,50806.3,0.7370297222012084,271.1935511917979,133.20000000000437,26.57628685187484,same,True
PV_106_008_489600_L,PV_106,008,PV_106_block_008,489600.4,L,489617.05,489683.65,7.4909709459000435,156.32749978666345,16.649999999965075,174.1793425986604,reverse,False
PV_106_008_865391_L,PV_106,008,PV_106_block_008,865390.9,L,865474.15,865490.8,0.9201023260442243,49.423472359624704,83.25,111.51747924409975,reverse,True
PV_106_008_865391_L,PV_106,008,PV_106_block_008,865390.9,L,865490.8,865507.45,1.599362085273009,235.76101516986054,99.90000000002328,74.8200635661361,same,True
PV_106_008_922567_L,PV_106,008,PV_106_block_008,922567.0,L,922716.85,922766.8,8.538926313180031,185.2078512431227,149.84999999997672,103.42168628425557,reverse,True
PV_106_008_922567_L,PV_106,008,PV_106_block_008,922567.0,R,922716.85,922733.5,2.2178477071708143,157.05312398533164,149.84999999997672,131.57641354204662,reverse,True
PV_106_008_609380_R,PV_106,008,PV_106_block_008,609380.5,L,609563.65,609580.3,2.3416493884447225,144.5042562210607,183.15000000002328,112.46100752350969,reverse,True
PV_106_008_609380_R,PV_106,008,PV_106_block_008,609380.5,L,609580.3,609646.9,4.3465990803406855,264.236052212438,199.80000000004657,7.27078846786759,same,True
PV_106_009_283753_L,PV_106,009,PV_106_block_009,283753.3,L,283953.1,284003.05,5.7332594731377515,158.6767017162038,199.79999999998836,10.294063687726492,same,True
PV_106_009_283753_L,PV_106,009,PV_106_block_009,283753.3,R,283969.75,284003.05,3.3651088445698267,39.285517866736356,216.45000000001164,129.68524753719396,reverse,True
PV_106_009_408811_L,PV_106,009,PV_106_block_009,408811.45,L,409044.55,409111.15,3.502145097608535,161.58209279889607,233.09999999997672,3.3497441468448983,same,True
PV_106_009_408811_L,PV_106,009,PV_106_block_009,408811.45,R,409044.55,409077.85,4.337002094702837,44.252372033720086,233.09999999997672,113.97997661833108,reverse,True
PV_106_009_933370_L,PV_106,009,PV_106_block_009,933369.7,L,933436.3,933486.25,10.80568063964905,189.88883052713777,66.60000000009313,164.24283418493025,reverse,True
PV_106_009_933370_L,PV_106,009,PV_106_block_009,933369.7,R,933469.6,933486.25,0.7424702298173514,209.6680945286325,99.90000000002328,144.4635701834355,reverse,True
PV_106_009_237250_L,PV_106,009,PV_106_block_009,237249.85,L,237349.75,237383.05,1.277823428804032,266.11754467400556,99.89999999999418,32.946885927806306,same,True
PV_106_009_262408_L,PV_106,009,PV_106_block_009,262408.0,R,262607.8,262691.05,7.513740734726567,254.52378977687422,199.79999999998836,98.36591009292513,reverse,True
PV_106_009_316371_L,PV_106,009,PV_106_block_009,316370.65,L,316470.55,316487.2,0.8109444661394781,107.39679275162854,99.89999999996508,179.94615472585093,reverse,True
PV_106_009_466970_L,PV_106,009,PV_106_block_009,466969.9,L,467036.5,467053.15,0.8732266288394409,90.51148882540514,66.59999999997672,166.86129737528006,reverse,True
PV_106_009_596240_L,PV_106,009,PV_106_block_009,596240.5,L,596490.25,596523.55,5.459062969494689,81.77959800744382,249.75,72.72520252646123,same,True
PV_106_009_596240_L,PV_106,009,PV_106_block_009,596240.5,R,596323.75,596357.05,2.5008348931196864,251.79633565657898,83.25,117.25805982440363,reverse,True
PV_106_009_596240_L,PV_106,009,PV_106_block_009,596240.5,R,596373.7,596423.65,2.4626440621048924,252.98144966996801,133.19999999995343,116.07294581101456,reverse,True
PV_106_009_847089_R,PV_106,009,PV_106_block_009,847089.4,L,847305.85,847355.8,3.6308749475637954,291.90835152187987,216.44999999995343,158.5292593793381,reverse,True
PV_106_009_916287_R,PV_106,009,PV_106_block_009,916286.8,L,916453.3,916486.6,3.7752545436118554,289.7355285560062,166.5,167.98456551413074,reverse,True
PV_106_010_35901_L,PV_106,010,PV_106_block_010,35900.95,L,36100.75,36134.05,1.830565340393359,286.44883496914736,199.8000000000029,82.34613370971186,same,True
PV_106_010_35901_L,PV_106,010,PV_106_block_010,35900.95,R,36034.15,36050.8,0.5138530655411844,147.3587455610005,133.20000000000437,138.56377688214127,reverse,True
PV_106_010_35901_L,PV_106,010,PV_106_block_010,35900.95,R,36117.4,36167.35,2.4856020436144237,263.26635277236323,216.45000000000437,105.52861590649604,reverse,True
PV_106_010_250686_L,PV_106,010,PV_106_block_010,250685.95,L,250885.75,250919.05,14.832852941456881,160.41540462017238,199.79999999998836,28.900963838036375,same,False
PV_106_010_250686_L,PV_106,010,PV_106_block_010,250685.95,L,250919.05,250952.35,1.6956838453159733,296.7523074908516,233.09999999997672,165.23786670871561,reverse,True
PV_106_010_250686_L,PV_106,010,PV_106_block_010,250685.95,R,250752.55,250769.2,0.6608028905120864,28.032426263213253,66.59999999997672,103.48201451892275,reverse,True
PV_106_010_250686_L,PV_106,010,PV_106_block_010,250685.95,R,250902.4,250935.7,8.6422398727244,129.54277171279224,216.44999999998254,1.9716690693437613,same,False
PV_106_010_250686_L,PV_106,010,PV_106_block_010,250685.95,R,250935.7,250952.35,0.5533230576868349,312.36963691117353,249.75,179.1448038709625,reverse,True
PV_106_010_909893_L,PV_106,010,PV_106_block_010,909892.75,L,910059.25,910092.55,11.695848894207034,153.13277463807347,166.5,9.010568765749838,same,False
PV_106_010_909893_L,PV_106,010,PV_106_block_010,909892.75,L,910092.55,910125.85,3.4860137321212896,306.7566900817905,199.80000000004657,144.61334667796723,reverse,True
PV_106_010_909893_L,PV_106,010,PV_106_block_010,909892.75,R,910059.25,910092.55,7.721175792201053,152.36319407706637,166.5,9.780149326756941,same,True
PV_106_010_909893_L,PV_106,010,PV_106_block_010,909892.75,R,910092.55,910125.85,1.1138337383951733,359.1134037294009,199.80000000004657,163.0299396744224,reverse,True
PV_106_010_97040_L,PV_106,010,PV_106_block_010,97039.75,L,97222.9,97256.2,13.3392456902266,149.90057502112342,183.14999999999418,6.858914255950737,same,False
PV_106_010_97040_L,PV_106,010,PV_106_block_010,97039.75,L,97256.2,97272.85,1.2612216149903568,238.4422298864746,216.4499999999971,81.68274060940041,same,True
PV_106_010_97040_L,PV_106,010,PV_106_block_010,97039.75,R,97239.55,97272.85,8.708869780740754,142.3140424744105,199.8000000000029,14.44544680266364,same,False
PV_106_010_137399_L,PV_106,010,PV_106_block_010,137399.35,L,137632.45,137649.1,1.0280497141287372,49.14863625510868,233.10000000000582,53.76145844908285,same,True
PV_106_010_159544_L,PV_106,010,PV_106_block_010,159543.85,L,159577.15,159610.45,1.174420471906749,289.357033102552,33.29999999998836,151.9718526679609,reverse,True
PV_106_010_159544_L,PV_106,010,PV_106_block_010,159543.85,L,159743.65,159760.3,2.813987375015137,153.78083126494957,199.79999999998836,16.39565083035842,same,True
PV_106_010_159544_L,PV_106,010,PV_106_block_010,159543.85,L,159760.3,159810.25,3.112301201608206,322.7341059533229,216.44999999998254,174.6510744812682,reverse,True
PV_106_010_159544_L,PV_106,010,PV_106_block_010,159543.85,R,159743.65,159793.6,2.6244360723171782,138.97125919019993,199.79999999998836,1.5860787556087814,same,True
PV_106_010_137799_R,PV_106,010,PV_106_block_010,137798.95,L,137965.45,138032.05,10.71016968898325,342.7082865352064,166.5,102.45111561705932,reverse,False
PV_106_010_137799_R,PV_106,010,PV_106_block_010,137798.95,R,137982.1,138032.05,6.42118269239163,358.74153741750956,183.14999999999418,118.48436649936247,reverse,True
PV_106_010_481788_R,PV_106,010,PV_106_block_010,481787.95,L,481954.45,482004.4,5.43816537080739,288.8670491481693,166.5,170.17387452895815,reverse,True
PV_106_010_481788_R,PV_106,010,PV_106_block_010,481787.95,L,482037.7,482071.0,13.514603268614252,140.2354989205021,249.75,41.19457524337463,same,False
PV_106_010_481788_R,PV_106,010,PV_106_block_010,481787.95,R,481821.25,481837.9,0.537515538110691,276.6305420734571,33.29999999998836,177.58961839632963,reverse,True
PV_106_010_481788_R,PV_106,010,PV_106_block_010,481787.95,R,482037.7,482071.0,4.529484199369242,150.08763813932853,249.75,51.04671446220107,same,True
PV_106_010_635717_R,PV_106,010,PV_106_block_010,635717.2,L,635900.35,636000.25,7.847809595426575,306.6868521787291,183.15000000002328,173.7338647936308,reverse,True
PV_106_011_328619_L,PV_106,011,PV_106_block_011,328619.3,L,328669.25,328719.2,5.754296512645758,141.48955878186985,49.95000000001164,165.09024380538523,reverse,True
PV_106_011_328619_L,PV_106,011,PV_106_block_011,328619.3,L,328719.2,328785.8,4.801690038704015,303.65560242258397,99.90000000002328,2.924200164671106,same,True
PV_106_011_328619_L,PV_106,011,PV_106_block_011,328619.3,R,328669.25,328719.2,2.54137049449894,42.3646468958382,49.95000000001164,95.7848443085831,reverse,True
PV_106_011_328619_L,PV_106,011,PV_106_block_011,328619.3,R,328735.85,328819.1,4.505161284605898,38.75919195725924,116.54999999998836,92.17938937000417,reverse,True
PV_106_011_505226_R,PV_106,011,PV_106_block_011,505225.85,L,505325.75,505375.7,7.42679318241635,328.0993040950888,99.90000000002328,144.03149466114928,reverse,False
PV_106_011_505226_R,PV_106,011,PV_106_block_011,505225.85,L,505375.7,505392.35,0.5513760644863993,172.5828536865385,149.85000000003492,11.484955747401074,same,True
PV_106_011_505226_R,PV_106,011,PV_106_block_011,505225.85,L,505409.0,505458.95,3.2665823433166903,148.14598770678685,183.15000000002328,35.92182172715272,same,True
PV_106_011_505226_R,PV_106,011,PV_106_block_011,505225.85,R,505359.05,505392.35,4.246935876855631,16.894766663352936,133.20000000001164,167.17304277058665,reverse,True
PV_106_011_505226_R,PV_106,011,PV_106_block_011,505225.85,R,505425.65,505492.25,4.019061461164813,196.28357933559832,199.80000000004657,12.215769901658746,same,True
PV_106_011_843238_L,PV_106,011,PV_106_block_011,843237.5,L,843387.35,843404.0,0.7469632447567853,334.71222339256644,149.84999999997672,118.4061989356859,reverse,True
PV_106_011_843238_L,PV_106,011,PV_106_block_011,843237.5,L,843420.65,843453.95,4.115750282426184,178.48984356264913,183.15000000002328,37.816180894231394,same,True
PV_106_011_843238_L,PV_106,011,PV_106_block_011,843237.5,L,843487.25,843570.5,4.362004537677128,349.40685430773647,249.75,133.10082985085592,reverse,True
PV_106_011_843238_L,PV_106,011,PV_106_block_011,843237.5,R,843453.95,843470.6,1.7066954355012411,192.34158108282443,216.44999999995343,23.96444337405609,same,True
PV_106_011_884196_R,PV_106,011,PV_106_block_011,884196.5,L,884246.45,884263.1,0.5435557308057005,333.4648000189932,49.949999999953434,20.259557385746007,same,True
PV_106_011_884196_R,PV_106,011,PV_106_block_011,884196.5,R,884313.05,884363.0,11.64458305561934,195.32795189139887,116.55000000004657,158.3964055133403,reverse,False
PV_106_011_884196_R,PV_106,011,PV_106_block_011,884196.5,R,884363.0,884479.55,15.445570977223293,19.11425073146538,166.5,25.389893326726224,same,False
PV_106_011_1024340_R,PV_106,011,PV_106_block_011,1024339.55,L,1024472.75,1024539.35,8.861342408400976,143.3891609679759,133.19999999995343,103.51427933907235,reverse,True
PV_106_011_1024340_R,PV_106,011,PV_106_block_011,1024339.55,R,1024456.1,1024539.35,8.797073122985788,67.58334435435755,116.54999999993015,179.32009595269068,reverse,True
PV_106_011_1030816_L,PV_106,011,PV_106_block_011,1030816.4,L,1030833.05,1030916.3,17.786666130935888,141.42853726941556,16.650000000023283,178.22079954147077,reverse,False
PV_106_011_1126537_L,PV_106,011,PV_106_block_011,1126537.25,L,1126687.1,1126720.4,1.5632738046867196,161.09752917593173,149.85000000009313,179.59523803207375,reverse,True
PV_106_011_1126537_L,PV_106,011,PV_106_block_011,1126537.25,L,1126753.7,1126787.0,3.766804280617954,334.12946157519593,216.44999999995343,6.563305632809545,same,True
PV_106_011_1126537_L,PV_106,011,PV_106_block_011,1126537.25,L,1126787.0,1126853.6,3.56655568624538,155.32167169550348,249.75,174.628904487498,reverse,True
PV_106_011_1126537_L,PV_106,011,PV_106_block_011,1126537.25,R,1126720.4,1126737.05,1.6178658498628693,171.7407453103434,183.14999999990687,168.95202189766206,reverse,True
PV_106_011_1126537_L,PV_106,011,PV_106_block_011,1126537.25,R,1126770.35,1126803.65,2.5644946544560416,351.5247633312565,233.10000000009313,10.831996123251031,same,True
PV_106_011_1264566_L,PV_106,011,PV_106_block_011,1264565.75,L,1264715.6,1264765.55,4.065186225429045,308.0493865020665,149.85000000009313,161.06726503700952,reverse,True
PV_106_011_1264566_L,PV_106,011,PV_106_block_011,1264565.75,L,1264765.55,1264782.2,0.6804562690898742,158.10922168396647,199.80000000004657,11.127100218909447,same,True
PV_106_011_1264566_L,PV_106,011,PV_106_block_011,1264565.75,L,1264798.85,1264882.1,5.556517189950615,137.8896898932935,233.10000000009313,9.092431571763512,same,True
PV_106_011_1264566_L,PV_106,011,PV_106_block_011,1264565.75,R,1264732.25,1264765.55,1.8841450438721443,19.9201284201729,166.5,127.06199304488412,reverse,True
PV_106_011_1264566_L,PV_106,011,PV_106_block_011,1264565.75,R,1264798.85,1264882.1,4.87547713122588,192.95069321826807,233.10000000009313,45.96857175321105,same,True
PV_106_011_1355292_L,PV_106,011,PV_106_block_011,1355291.6,L,1355441.45,1355474.75,5.123760511401703,154.3220050904459,149.8499999998603,161.5601026215985,reverse,True
PV_106_011_1355292_L,PV_106,011,PV_106_block_011,1355291.6,L,1355508.05,1355591.3,5.431183613889423,347.8245848325971,216.44999999995343,4.93731763625027,same,True
PV_106_011_1355292_L,PV_106,011,PV_106_block_011,1355291.6,R,1355474.75,1355491.4,2.861619179203822,217.88249095031088,183.14999999990687,134.8794115185365,reverse,True
PV_106_011_1355292_L,PV_106,011,PV_106_block_011,1355291.6,R,1355491.4,1355574.65,4.081249271994063,10.4805435676379,199.79999999981374,17.7186410987905,same,True
PV_106_011_1409304_L,PV_106,011,PV_106_block_011,1409304.2,L,1409454.05,1409470.7,0.5502963795352349,283.8909776609455,149.85000000009313,69.70543051942317,same,True
PV_106_011_1409304_L,PV_106,011,PV_106_block_011,1409304.2,L,1409487.35,1409553.95,3.0359688119733557,250.12398659559716,183.1500000001397,35.938439454074825,same,True
PV_106_011_1409304_L,PV_106,011,PV_106_block_011,1409304.2,R,1409437.4,1409454.05,0.6267400741017294,323.20752149589254,133.19999999995343,109.02197435437017,reverse,True
PV_106_011_1409304_L,PV_106,011,PV_106_block_011,1409304.2,R,1409470.7,1409520.65,5.357924461800909,234.75911467361385,166.5,20.573567532091516,same,True
PV_106_011_1409304_L,PV_106,011,PV_106_block_011,1409304.2,R,1409520.65,1409703.8,13.6510586648093,5.662276983880638,216.44999999995343,151.47672984235828,reverse,False
PV_106_011_1413833_L,PV_106,011,PV_106_block_011,1413833.0,L,1413882.95,1413949.55,8.944060367051703,131.20448485169942,49.949999999953434,144.40374331290946,reverse,True
PV_106_011_1413833_L,PV_106,011,PV_106_block_011,1413833.0,L,1413949.55,1413982.85,3.974167284993372,325.7824283715515,116.55000000004657,50.1742002069426,same,True
PV_106_011_1413833_L,PV_106,011,PV_106_block_011,1413833.0,L,1413982.85,1414016.15,2.0774341479780296,117.4373841930208,149.85000000009313,158.17084397158806,reverse,True
PV_106_011_1413833_L,PV_106,011,PV_106_block_011,1413833.0,R,1413999.5,1414032.8,4.685011955681185,46.065244336146606,166.5,130.4570161715377,reverse,True
PV_106_011_1438192_R,PV_106,011,PV_106_block_011,1438191.95,R,1438275.2,1438291.85,3.9037437130845936,54.06578942333688,83.25,172.11993093247276,reverse,True
PV_106_011_1438192_R,PV_106,011,PV_106_block_011,1438191.95,R,1438291.85,1438308.5,3.9406079674999224,220.30340373353008,99.9000000001397,21.642454757334065,same,True
PV_106_011_1438192_R,PV_106,011,PV_106_block_011,1438191.95,R,1438308.5,1438391.75,11.555508531357399,39.238983907126,116.55000000004657,157.2931254162619,reverse,True
PV_106_011_1495668_R,PV_106,011,PV_106_block_011,1495667.75,R,1495751.0,1495767.65,0.6287827440048323,280.80093198010934,83.25,176.3364612493221,reverse,True
PV_106_011_1824056_R,PV_106,011,PV_106_block_011,1824055.7,L,1824089.0,1824105.65,0.710589035903713,87.20464131365594,33.300000000046566,5.607027896218995,same,True
PV_106_011_1824056_R,PV_106,011,PV_106_block_011,1824055.7,L,1824138.95,1824172.25,1.3003578824128899,112.44679249679507,83.25,19.635123286920134,same,True
PV_106_011_1918261_R,PV_106,011,PV_106_block_011,1918261.4,R,1918394.6,1918427.9,1.0147801025160346,19.740593960578785,133.20000000018626,23.947604073561365,same,True
PV_106_011_1918711_L,PV_106,011,PV_106_block_011,1918710.95,L,1918844.15,1918860.8,0.72678495319047,168.68776738361998,133.19999999995343,160.81293873849734,reverse,True
PV_106_011_1927252_L,PV_106,011,PV_106_block_011,1927252.4,L,1927285.7,1927302.35,0.542022208016446,170.37415869283953,33.300000000046566,178.3347755287315,reverse,True
PV_106_011_2013266_L,PV_106,011,PV_106_block_011,2013266.3,L,2013349.55,2013366.2,0.7363393669213317,110.0208164241777,83.25,63.892487052416385,same,True
PV_106_011_2020442_R,PV_106,011,PV_106_block_011,2020442.45,L,2020542.35,2020559.0,0.7353389786511086,116.175242509267,99.9000000001397,140.35054836573903,reverse,True
PV_106_011_2031398_R,PV_106,011,PV_106_block_011,2031398.15,L,2031531.35,2031581.3,2.201414389674193,24.586845661389614,133.20000000018626,153.22715199433532,reverse,True
PV_106_011_2031398_R,PV_106,011,PV_106_block_011,2031398.15,R,2031464.75,2031597.95,18.65035039811955,1.3442148290477407,66.60000000009313,176.4697828266772,reverse,True
PV_106_011_2053726_R,PV_106,011,PV_106_block_011,2053725.8,L,2053759.1,2053775.75,1.8910735999609567,266.43443668182636,33.300000000046566,14.878221100756718,same,True
PV_106_011_2053726_R,PV_106,011,PV_106_block_011,2053725.8,L,2053775.75,2053809.05,1.2218177418049632,96.18140365952382,49.949999999953434,155.3748119215458,reverse,True
PV_106_011_2104658_L,PV_106,011,PV_106_block_011,2104658.15,L,2104808.0,2104824.65,0.6725925484695994,336.6564880063171,149.85000000009313,17.74664578126692,same,True
PV_106_011_2104658_L,PV_106,011,PV_106_block_011,2104658.15,L,2104841.3,2104891.25,4.568862454857941,172.68313234414893,183.14999999990687,178.27999855656492,reverse,True
PV_106_011_2104658_L,PV_106,011,PV_106_block_011,2104658.15,L,2104907.9,2104924.55,2.2235458762025804,354.8086613802652,249.75,0.4055275926812101,same,True
PV_106_011_2104658_L,PV_106,011,PV_106_block_011,2104658.15,R,2104857.95,2104907.9,4.360272791642308,178.5453676299278,199.8000000002794,175.85776615765622,reverse,True
PV_106_011_2104658_L,PV_106,011,PV_106_block_011,2104658.15,R,2104907.9,2104957.85,3.8206657252806884,10.069954163116343,249.75,15.666820375532325,same,True
PV_106_011_2106040_L,PV_106,011,PV_106_block_011,2106040.1,L,2106056.75,2106073.4,2.6772271168406236,175.2062019927703,16.649999999906868,102.9116165839178,reverse,True
PV_106_011_2106040_L,PV_106,011,PV_106_block_011,2106040.1,R,2106073.4,2106156.65,9.869533138928645,0.6292336246392067,33.299999999813735,71.66535178421327,same,True
PV_106_011_2110402_L,PV_106,011,PV_106_block_011,2110402.4,L,2110452.35,2110485.65,6.550601714403651,216.3184425789488,49.950000000186265,129.6679792034584,reverse,True
PV_106_011_2110402_L,PV_106,011,PV_106_block_011,2110402.4,L,2110485.65,2110502.3,2.2479160929850854,356.26672104380793,83.25,10.280299261400728,same,True
PV_106_011_2110402_L,PV_106,011,PV_106_block_011,2110402.4,L,2110502.3,2110552.25,4.918940498893865,140.62842443873703,99.89999999990687,154.64200265632985,reverse,True
PV_106_011_2110402_L,PV_106,011,PV_106_block_011,2110402.4,R,2110452.35,2110485.65,,,49.950000000186265,,unknown,False
PV_106_011_2110402_L,PV_106,011,PV_106_block_011,2110402.4,R,2110518.95,2110552.25,1.2101126096932031,27.063958473895987,116.5500000002794,41.077536691488774,same,True
PV_106_011_2110452_L,PV_106,011,PV_106_block_011,2110452.35,L,2110485.65,2110502.3,2.2479160929850854,356.26672104380793,33.299999999813735,139.94827846485913,reverse,True
PV_106_011_2110452_L,PV_106,011,PV_106_block_011,2110452.35,L,2110502.3,2110552.25,4.918940498893865,140.62842443873703,49.9499999997206,75.69001814021178,same,True
PV_106_011_2110452_L,PV_106,011,PV_106_block_011,2110452.35,R,2110518.95,2110552.25,1.2101126096932031,27.063958473895987,66.60000000009313,170.74551589494718,reverse,True
PV_106_011_2114382_L,PV_106,011,PV_106_block_011,2114381.75,L,2114465.0,2114481.65,0.5551443916497706,309.317551443948,83.25,168.77890644787902,reverse,True
PV_106_011_2120026_R,PV_106,011,PV_106_block_011,2120026.1,L,2120076.05,2120109.35,1.9895263226116093,327.36501933513625,49.9499999997206,81.38845565266388,same,True
PV_106_011_2120026_R,PV_106,011,PV_106_block_011,2120026.1,L,2120242.55,2120259.2,1.5737324122904301,190.4426206815467,216.4499999997206,141.68914569374658,reverse,True
PV_106_011_2120026_R,PV_106,011,PV_106_block_011,2120026.1,L,2120259.2,2120309.15,3.638974612587471,30.91279925727499,233.10000000009313,17.840675730525163,same,True
PV_106_011_2120026_R,PV_106,011,PV_106_block_011,2120026.1,R,2120076.05,2120126.0,3.193695325485022,144.5271644036997,49.9499999997206,95.77368941589953,reverse,True
PV_106_011_2120026_R,PV_106,011,PV_106_block_011,2120026.1,R,2120259.2,2120275.85,0.6521526179229165,255.23534437752187,233.10000000009313,153.51813061027826,reverse,True
PV_106_011_2120992_L,PV_106,011,PV_106_block_011,2120991.8,L,2121075.05,2121125.0,3.5565744937039603,194.3050265543275,83.25,109.90334259424762,reverse,True
PV_106_011_2120992_L,PV_106,011,PV_106_block_011,2120991.8,L,2121141.65,2121158.3,0.5393318581461012,110.45036818001753,149.85000000009313,166.24199903144245,reverse,True
PV_106_011_2120992_L,PV_106,011,PV_106_block_011,2120991.8,L,2121224.9,2121258.2,3.1457657180931333,81.7787675091557,233.10000000009313,137.5703983605806,reverse,True
PV_106_011_2122107_R,PV_106,011,PV_106_block_011,2122107.35,L,2122140.65,2122207.25,8.569375236747499,324.56996189457607,33.299999999813735,134.68008644267508,reverse,False
PV_106_011_2122107_R,PV_106,011,PV_106_block_011,2122107.35,L,2122207.25,2122290.5,5.11527583518792,144.44903040471394,99.89999999990687,45.440845047187054,same,True
PV_106_011_2122107_R,PV_106,011,PV_106_block_011,2122107.35,R,2122190.6,2122207.25,1.9039135486476775,328.35741374580005,83.25,138.46753829389905,reverse,True
PV_106_011_2122107_R,PV_106,011,PV_106_block_011,2122107.35,R,2122207.25,2122223.9,2.0253796114788885,161.29448785592217,99.89999999990687,28.59538759597882,same,True
PV_106_011_2122107_R,PV_106,011,PV_106_block_011,2122107.35,R,2122223.9,2122257.2,8.080917425864481,19.91775486336389,116.54999999981374,169.9721205885371,reverse,False
PV_106_011_2125104_L,PV_106,011,PV_106_block_011,2125104.35,L,2125270.85,2125304.15,2.012349898728658,136.83277318423228,166.5,0.5520815119868416,same,True
PV_106_011_2125104_L,PV_106,011,PV_106_block_011,2125104.35,L,2125320.8,2125337.45,0.7865813179840311,300.08898519145697,216.4499999997206,162.70413049523785,reverse,True
PV_106_011_2125104_L,PV_106,011,PV_106_block_011,2125104.35,R,2125354.1,2125387.4,2.9305846560068574,353.7127375463043,249.75,143.6721171499148,reverse,True
PV_106_011_2133429_L,PV_106,011,PV_106_block_011,2133429.35,L,2133562.55,2133612.5,3.4777136878071824,330.54214243576564,133.1999999997206,172.42118697506237,reverse,True
PV_106_011_2133429_L,PV_106,011,PV_106_block_011,2133429.35,R,2133562.55,2133645.8,7.294392616622886,14.154533220035914,133.1999999997206,143.96642224066736,reverse,True
PV_106_011_2151278_L,PV_106,011,PV_106_block_011,2151278.15,L,2151477.95,2151594.5,6.474041715521762,151.92644067587565,199.8000000002794,171.196044055595,reverse,True
PV_106_011_2151278_L,PV_106,011,PV_106_block_011,2151278.15,R,2151527.9,2151561.2,1.6396510371259847,203.28531011728026,249.75,137.4450865030004,reverse,True
PV_106_011_2155141_R,PV_106,011,PV_106_block_011,2155140.95,L,2155357.4,2155390.7,1.7351777127982597,319.468537682595,216.4499999997206,55.63362239223528,same,True
PV_106_011_2155141_R,PV_106,011,PV_106_block_011,2155140.95,R,2155374.05,2155407.35,2.3482577298574316,7.586702912430761,233.09999999962747,7.515457162399514,same,True
PV_106_011_2155407_L,PV_106,011,PV_106_block_011,2155407.35,L,2155557.2,2155590.5,2.129638637248761,326.4173721775046,149.85000000009313,175.28832067036893,reverse,True
PV_106_011_2155407_L,PV_106,011,PV_106_block_011,2155407.35,L,2155607.15,2155657.1,2.6636176261810642,159.05087447192108,199.79999999981374,7.921822964785406,same,True
PV_106_011_2155407_L,PV_106,011,PV_106_block_011,2155407.35,R,2155490.6,2155540.55,3.153098727909316,210.87660025135642,83.25,59.74754874422075,same,True
PV_106_011_2155407_L,PV_106,011,PV_106_block_011,2155407.35,R,2155573.85,2155607.15,2.671150053823906,11.821530247772886,166.5,139.30752125936277,reverse,True
PV_106_011_2155407_L,PV_106,011,PV_106_block_011,2155407.35,R,2155640.45,2155673.75,1.3224027237696385,192.75644634679895,233.10000000009313,41.62739483966328,same,True
PV_106_011_2156922_R,PV_106,011,PV_106_block_011,2156922.5,L,2156989.1,2157055.7,6.321898789960136,126.40014589533025,66.60000000009313,24.802432687979433,same,True
PV_106_011_2159953_R,PV_106,011,PV_106_block_011,2159952.8,R,2160036.05,2160052.7,0.6503628308318524,180.84893850984963,83.25,125.24403943919594,reverse,True
PV_106_011_2159953_R,PV_106,011,PV_106_block_011,2159952.8,R,2160086.0,2160119.3,1.5130332560265203,147.86639949392278,133.20000000018626,158.2265784551228,reverse,True
PV_106_011_2163100_R,PV_106,011,PV_106_block_011,2163099.65,R,2163266.15,2163282.8,0.6298323000000345,316.79707399246286,166.5,176.16865418243998,reverse,True
PV_106_011_2163100_R,PV_106,011,PV_106_block_011,2163099.65,R,2163316.1,2163332.75,0.6991066619143944,321.5956723989703,216.45000000018626,171.37005577593254,reverse,True
PV_106_011_2165747_L,PV_106,011,PV_106_block_011,2165747.0,L,2165963.45,2166013.4,2.915826489493921,308.21401229350386,216.45000000018626,26.616451550234558,same,True
PV_106_011_2165747_L,PV_106,011,PV_106_block_011,2165747.0,R,2165980.1,2166030.05,2.2942193118828866,346.7252115277912,233.10000000009313,11.894747684052788,same,True
PV_106_011_2169160_R,PV_106,011,PV_106_block_011,2169160.25,R,2169226.85,2169260.15,0.9490536319536247,248.5929444510718,66.60000000009313,12.803786101345196,same,True
PV_106_011_2169926_L,PV_106,011,PV_106_block_011,2169926.15,L,2169959.45,2170009.4,6.338889684793006,218.73199823354534,33.3000000002794,106.86627030458251,reverse,True
PV_106_011_2169926_L,PV_106,011,PV_106_block_011,2169926.15,L,2170009.4,2170076.0,12.870425174098182,138.9383096981153,83.25,173.34004115998744,reverse,False
PV_106_011_2169926_L,PV_106,011,PV_106_block_011,2169926.15,L,2170142.6,2170175.9,1.673681117242729,7.254314588383494,216.45000000018626,41.65604605025567,same,True
PV_106_011_2169926_L,PV_106,011,PV_106_block_011,2169926.15,L,2170175.9,2170225.85,6.648674932120547,138.28933523922603,249.75,172.69106670109818,reverse,True
PV_106_011_2169926_L,PV_106,011,PV_106_block_011,2169926.15,R,2170142.6,2170175.9,1.5644432326917148,3.5136358905131804,216.45000000018626,37.91536735238532,same,True
PV_106_011_2170942_R,PV_106,011,PV_106_block_011,2170941.8,L,2171025.05,2171058.35,1.3695082335193376,215.71470593192672,83.25,135.83695433667341,reverse,True
PV_106_011_2170942_R,PV_106,011,PV_106_block_011,2170941.8,R,2171025.05,2171041.7,0.5274540932855444,199.29478849289686,83.25,152.25687177570327,reverse,True
PV_106_011_82349_L,PV_106,011,PV_106_block_011,82349.15,L,82449.05,82465.7,0.6791219129813738,288.00462072177856,99.90000000000873,9.846248540455178,same,True
PV_106_011_550747_L,PV_106,011,PV_106_block_011,550746.95,L,550880.15,550896.8,1.0812491112191882,128.90436061647708,133.20000000006985,167.37393843729186,reverse,True
PV_106_011_550747_L,PV_106,011,PV_106_block_011,550746.95,R,550813.55,550830.2,0.6633425443432845,47.44950196622864,66.60000000009313,111.1712029124597,reverse,True
PV_106_011_550747_L,PV_106,011,PV_106_block_011,550746.95,R,550996.7,551013.35,0.5604176415324698,327.95561201062276,249.75,31.677312956853825,same,True
PV_106_011_552079_L,PV_106,011,PV_106_block_011,552078.95,L,552095.6,552145.55,,,16.650000000023283,,unknown,False
PV_106_011_552079_L,PV_106,011,PV_106_block_011,552078.95,L,552178.85,552228.8,13.90379544732789,303.07803850063624,99.90000000002328,166.52588877548408,reverse,False
PV_106_011_552079_L,PV_106,011,PV_106_block_011,552078.95,L,552228.8,552312.05,10.777775506372908,140.57271814056884,149.85000000009313,30.968790864448522,same,False
PV_106_011_745752_L,PV_106,011,PV_106_block_011,745751.75,R,745835.0,745851.65,0.569686324653279,22.227274047080023,83.25,110.32970519413294,reverse,True
PV_106_011_883064_L,PV_106,011,PV_106_block_011,883064.3,R,883114.25,883164.2,2.554270888447871,11.899248110217561,49.949999999953434,88.49241439176967,same,True
PV_106_011_1030766_L,PV_106,011,PV_106_block_011,1030766.45,L,1030799.75,1030816.4,2.074899267689276,148.74203901622786,33.300000000046566,158.61566573948068,reverse,True
PV_106_011_1030766_L,PV_106,011,PV_106_block_011,1030766.45,L,1030816.4,1030833.05,7.8584728543323195,319.6493368108863,49.95000000006985,12.291632055177786,same,False
PV_106_011_1030766_L,PV_106,011,PV_106_block_011,1030766.45,L,1030833.05,1030916.3,17.786666130935888,141.42853726941556,66.60000000009313,165.92916748629298,reverse,False
PV_106_011_1030766_L,PV_106,011,PV_106_block_011,1030766.45,R,1030783.1,1030816.4,,,16.650000000023283,,unknown,False
PV_106_011_1030766_L,PV_106,011,PV_106_block_011,1030766.45,R,1030849.7,1030916.3,4.951744532028776,57.9926797910381,83.25,110.63497503532955,reverse,True
PV_106_011_1241339_L,PV_106,011,PV_106_block_011,1241339.0,L,1241438.9,1241455.55,0.5694798504994955,114.83860311524784,99.89999999990687,170.51408626127466,reverse,True
PV_106_011_1264449_L,PV_106,011,PV_106_block_011,1264449.2,L,1264565.75,1264682.3,6.800478388741016,146.98212146505702,116.55000000004657,164.98861547572938,reverse,True
PV_106_011_1264449_L,PV_106,011,PV_106_block_011,1264449.2,R,1264499.15,1264549.1,4.936493687215869,0.5946758075310854,49.949999999953434,18.601169818203402,same,True
PV_106_011_1264449_L,PV_106,011,PV_106_block_011,1264449.2,R,1264599.05,1264698.95,6.424660632440532,179.48993350603158,149.85000000009313,162.5035724832961,reverse,True
PV_106_011_1266664_L,PV_106,011,PV_106_block_011,1266663.65,L,1266763.55,1266863.45,6.997301735424441,171.73818324672314,99.9000000001397,1.6139261883655251,same,False
PV_106_011_1396101_L,PV_106,011,PV_106_block_011,1396100.75,L,1396117.4,1396134.05,0.5761091958229229,347.1640276342605,16.649999999906868,155.1225369449187,reverse,True
PV_106_011_1396101_L,PV_106,011,PV_106_block_011,1396100.75,L,1396150.7,1396267.25,25.950674012465125,18.08256002820259,49.949999999953434,124.20400455097656,reverse,False
PV_106_011_1396101_L,PV_106,011,PV_106_block_011,1396100.75,L,1396267.25,1396283.9,9.603444135357938,303.0649769254004,166.5,160.77841234622122,reverse,False
PV_106_011_1396101_L,PV_106,011,PV_106_block_011,1396100.75,L,1396283.9,1396383.8,9.488860081012401,76.13537580897633,183.14999999990687,66.15118877020282,same,False
PV_106_011_1396101_L,PV_106,011,PV_106_block_011,1396100.75,R,1396150.7,1396167.35,0.5973718927531,260.1755862251589,49.949999999953434,117.88902164597971,reverse,True
PV_106_011_1396151_L,PV_106,011,PV_106_block_011,1396150.7,L,1396267.25,1396283.9,9.603444135357938,303.0649769254004,116.55000000004657,75.01758310280218,same,True
PV_106_011_1396151_L,PV_106,011,PV_106_block_011,1396150.7,L,1396283.9,1396383.8,9.488860081012401,76.13537580897633,133.19999999995343,58.052815780773756,same,True
PV_106_011_1396267_L,PV_106,011,PV_106_block_011,1396267.25,L,1396283.9,1396383.8,9.488860081012401,76.13537580897633,16.649999999906868,133.07039888357593,reverse,True
PV_106_011_1397899_L,PV_106,011,PV_106_block_011,1397898.95,L,1398048.8,1398065.45,0.693508520488278,221.69545063966305,149.85000000009313,20.33352983465923,same,True
PV_106_011_1397899_L,PV_106,011,PV_106_block_011,1397898.95,R,1398098.75,1398115.4,0.6992756062375105,273.88576300242903,199.80000000004657,31.85678252810675,same,True
PV_106_011_1397899_L,PV_106,011,PV_106_block_011,1397898.95,R,1398132.05,1398148.7,0.5404274917464292,323.75864239295856,233.10000000009313,81.72966191863628,same,True
PV_106_011_1512601_L,PV_106,011,PV_106_block_011,1512600.8,L,1512717.35,1512734.0,1.1504398914377687,144.74185119000478,116.55000000004657,15.738053750537603,same,True
PV_106_011_1512601_L,PV_106,011,PV_106_block_011,1512600.8,L,1512734.0,1512750.65,0.6768137567754444,324.8960387553527,133.19999999995343,164.10775868411446,reverse,True
PV_106_011_1512601_L,PV_106,011,PV_106_block_011,1512600.8,L,1512783.95,1512833.9,7.957250686548976,149.61464373025416,183.14999999990687,20.61084629078698,same,True
PV_106_011_1512601_L,PV_106,011,PV_106_block_011,1512600.8,L,1512850.55,1512917.15,5.1634722238812385,320.6686723868729,249.75,168.33512505259426,reverse,True
PV_106_011_1512601_L,PV_106,011,PV_106_block_011,1512600.8,R,1512750.65,1512767.3,0.7451673162982995,248.45137061911348,149.8499999998603,119.44757317964627,reverse,True
PV_106_011_1512601_L,PV_106,011,PV_106_block_011,1512600.8,R,1512783.95,1512800.6,1.068847378866448,357.33988747130826,183.14999999990687,131.66390996815892,reverse,True
PV_106_011_1512601_L,PV_106,011,PV_106_block_011,1512600.8,R,1512800.6,1512950.45,2.02510328622901,320.4734196727116,199.80000000004657,168.53037776675558,reverse,True
PV_106_011_1980033_L,PV_106,011,PV_106_block_011,1980032.9,R,1980099.5,1980116.15,0.7121770938745583,45.98424292868861,66.60000000009313,34.03040259029274,same,True
PV_106_011_2071175_L,PV_106,011,PV_106_block_011,2071175.0,L,2071291.55,2071308.2,0.6567448803733389,113.88894299477879,116.55000000004657,15.967223364268818,same,True
PV_106_011_2120376_L,PV_106,011,PV_106_block_011,2120375.75,L,2120392.4,2120425.7,2.741869107232737,268.0352963185989,16.649999999906868,162.9512178205473,reverse,True
PV_106_011_2120376_L,PV_106,011,PV_106_block_011,2120375.75,L,2120608.85,2120625.5,3.2803875375824227,266.29125479071075,233.10000000009313,164.69525934843546,reverse,True
PV_106_011_2120376_L,PV_106,011,PV_106_block_011,2120375.75,L,2120625.5,2120658.8,2.7629457837905607,69.4357238168402,249.75,1.5507903223060566,same,True
PV_106_011_2120376_L,PV_106,011,PV_106_block_011,2120375.75,R,2120475.65,2120508.95,1.9914438459571642,147.3651602089282,99.89999999990687,76.37864606978195,same,True
PV_106_011_2120376_L,PV_106,011,PV_106_block_011,2120375.75,R,2120608.85,2120625.5,0.6590991116766654,327.3422011906663,233.10000000009313,103.64431294847998,reverse,True
PV_106_011_2121258_L,PV_106,011,PV_106_block_011,2121258.2,L,2121308.15,2121358.1,9.66531019178204,49.60275814841823,49.9499999997206,168.98916368489614,reverse,False
PV_106_011_2121258_L,PV_106,011,PV_106_block_011,2121258.2,L,2121358.1,2121391.4,1.3849044649212974,244.55080891791272,99.89999999990687,25.95888708459836,same,True
PV_106_011_2121258_L,PV_106,011,PV_106_block_011,2121258.2,L,2121408.05,2121424.7,0.8544225054091749,251.81852968793646,149.84999999962747,33.2266078546221,same,True
PV_106_011_2121258_L,PV_106,011,PV_106_block_011,2121258.2,L,2121424.7,2121441.35,0.5534328581801807,357.70762209428085,166.5,139.1157002609665,reverse,True
PV_106_011_2121258_L,PV_106,011,PV_106_block_011,2121258.2,L,2121458.0,2121491.3,1.231524641794943,106.5395033274246,199.79999999981374,112.05241850588976,reverse,True
PV_106_011_2121258_L,PV_106,011,PV_106_block_011,2121258.2,R,2121358.1,2121408.05,2.5159296974409604,129.51476078026067,99.89999999990687,89.07716105305369,same,True
PV_106_011_2121308_L,PV_106,011,PV_106_block_011,2121308.15,L,2121358.1,2121391.4,1.3849044649212974,244.55080891791272,49.950000000186265,165.0519492305055,reverse,True
PV_106_011_2121308_L,PV_106,011,PV_106_block_011,2121308.15,L,2121408.05,2121424.7,0.8544225054091749,251.81852968793646,99.89999999990687,157.78422846048176,reverse,True
PV_106_011_2121308_L,PV_106,011,PV_106_block_011,2121308.15,L,2121424.7,2121441.35,0.5534328581801807,357.70762209428085,116.5500000002794,51.89513605413737,same,True
PV_106_011_2121308_L,PV_106,011,PV_106_block_011,2121308.15,L,2121458.0,2121491.3,1.231524641794943,106.5395033274246,149.85000000009313,56.93674517900638,same,True
PV_106_011_2121308_L,PV_106,011,PV_106_block_011,2121308.15,R,2121358.1,2121408.05,2.5159296974409604,129.51476078026067,49.950000000186265,79.91200263184243,same,True
PV_106_011_2122141_L,PV_106,011,PV_106_block_011,2122140.65,L,2122207.25,2122290.5,5.11527583518792,144.44903040471394,66.60000000009313,179.87906851013787,reverse,True
PV_106_011_2122141_L,PV_106,011,PV_106_block_011,2122140.65,R,2122190.6,2122207.25,1.9039135486476775,328.35741374580005,49.950000000186265,3.7874518512239774,same,True
PV_106_011_2122141_L,PV_106,011,PV_106_block_011,2122140.65,R,2122207.25,2122223.9,2.0253796114788885,161.29448785592217,66.60000000009313,163.2754740386539,reverse,True
PV_106_011_2122141_L,PV_106,011,PV_106_block_011,2122140.65,R,2122223.9,2122257.2,8.080917425864481,19.91775486336389,83.25,55.347792968787815,same,True
PV_106_011_2151478_L,PV_106,011,PV_106_block_011,2151477.95,L,2151627.8,2151661.1,1.5276146944350966,347.84626413636806,149.84999999962747,164.0801765395076,reverse,True
PV_106_011_2151478_L,PV_106,011,PV_106_block_011,2151477.95,L,2151677.75,2151727.7,2.613983497042566,152.8361715537972,199.79999999981374,0.9097308779215325,same,True
PV_106_011_2151478_L,PV_106,011,PV_106_block_011,2151477.95,R,2151527.9,2151561.2,1.6396510371259847,203.28531011728026,49.9499999997206,51.35886944140461,same,True
PV_106_011_2151478_L,PV_106,011,PV_106_block_011,2151477.95,R,2151644.45,2151677.75,2.7882083436923937,1.7632565157237612,166.5,150.1631841601519,reverse,True
PV_106_011_2151478_L,PV_106,011,PV_106_block_011,2151477.95,R,2151711.05,2151727.7,0.7741941950231896,197.36023071287934,233.09999999962747,45.43379003700369,same,True
PV_106_011_2156873_L,PV_106,011,PV_106_block_011,2156872.55,L,2156922.5,2156989.1,7.151126992625128,267.61855959470694,49.950000000186265,75.8024330129802,same,True
PV_106_011_2156873_L,PV_106,011,PV_106_block_011,2156872.55,L,2156989.1,2157055.7,6.321898789960136,126.40014589533025,116.5500000002794,142.9791532876431,reverse,True
PV_106_011_2156873_L,PV_106,011,PV_106_block_011,2156872.55,R,2156955.8,2157055.7,11.78577385464048,101.59771320735081,83.25,118.17672059966367,reverse,False
PV_106_011_2169959_L,PV_106,011,PV_106_block_011,2169959.45,L,2170009.4,2170076.0,12.870425174098182,138.9383096981153,49.9499999997206,79.79368853543005,same,False
PV_106_011_2169959_L,PV_106,011,PV_106_block_011,2169959.45,L,2170142.6,2170175.9,1.673681117242729,7.254314588383494,183.14999999990687,148.52231635483815,reverse,True
PV_106_011_2169959_L,PV_106,011,PV_106_block_011,2169959.45,L,2170175.9,2170225.85,6.648674932120547,138.28933523922603,216.4499999997206,80.4426629943193,same,False
PV_106_011_2169959_L,PV_106,011,PV_106_block_011,2169959.45,R,2170142.6,2170175.9,1.5644432326917148,3.5136358905131804,183.14999999990687,144.78163765696786,reverse,True
PV_106_011_2170009_L,PV_106,011,PV_106_block_011,2170009.4,L,2170142.6,2170175.9,1.673681117242729,7.254314588383494,133.20000000018626,131.6839951097318,reverse,True
PV_106_011_2170009_L,PV_106,011,PV_106_block_011,2170009.4,L,2170175.9,2170225.85,6.648674932120547,138.28933523922603,166.5,0.6489744588892563,same,True
PV_106_011_2170009_L,PV_106,011,PV_106_block_011,2170009.4,L,2170225.85,2170242.5,0.7350738436995137,341.3168195999634,216.45000000018626,157.62149009815187,reverse,True
PV_106_011_2170009_L,PV_106,011,PV_106_block_011,2170009.4,L,2170259.15,2170309.1,2.706283012896366,342.27897054062475,249.75,156.65933915749054,reverse,True
PV_106_011_2170009_L,PV_106,011,PV_106_block_011,2170009.4,R,2170142.6,2170175.9,1.5644432326917148,3.5136358905131804,133.20000000018626,135.42467380760212,reverse,True
PV_106_011_2170009_L,PV_106,011,PV_106_block_011,2170009.4,R,2170225.85,2170242.5,0.81660736648055,183.7192178260431,216.45000000018626,44.7809081279278,same,True
PV_106_011_2170176_L,PV_106,011,PV_106_block_011,2170175.9,L,2170225.85,2170242.5,0.7350738436995137,341.3168195999634,49.950000000186265,156.9725156392626,reverse,True
PV_106_011_2170176_L,PV_106,011,PV_106_block_011,2170175.9,L,2170259.15,2170309.1,2.706283012896366,342.27897054062475,83.25,156.01036469860128,reverse,True
PV_106_011_2170176_L,PV_106,011,PV_106_block_011,2170175.9,L,2170342.4,2170359.05,0.5191575143323712,317.76314066289876,166.5,179.47380542367273,reverse,True
PV_106_011_2170176_L,PV_106,011,PV_106_block_011,2170175.9,R,2170225.85,2170242.5,0.81660736648055,183.7192178260431,49.950000000186265,45.42988258681706,same,True
PV_106_011_2170176_L,PV_106,011,PV_106_block_011,2170175.9,R,2170292.45,2170325.75,1.8588960548304954,354.93282211981574,116.5500000002794,143.3565131194103,reverse,True
PV_106_011_546551_R,PV_106,011,PV_106_block_011,546551.15,L,546651.05,546667.7,0.5820731895572924,207.59281854632727,99.90000000002328,176.10469128751288,reverse,True
PV_106_011_546551_R,PV_106,011,PV_106_block_011,546551.15,L,546800.9,546917.45,8.520734451513722,153.80785304012775,249.75,130.1103432062876,reverse,True
PV_106_011_1040074_R,PV_106,011,PV_106_block_011,1040073.8,R,1040140.4,1040157.05,5.72623590923162,204.79117702053455,66.59999999997672,171.24134373684012,reverse,True
PV_106_011_1040074_R,PV_106,011,PV_106_block_011,1040073.8,R,1040157.05,1040240.3,10.863209382032524,36.5198051913244,83.25,20.487284433949696,same,False
PV_106_011_1040140_R,PV_106,011,PV_106_block_011,1040140.4,R,1040157.05,1040240.3,10.863209382032524,36.5198051913244,16.650000000023283,168.27137182921015,reverse,False
PV_106_011_1086727_R,PV_106,011,PV_106_block_011,1086727.1,R,1086743.75,1086810.35,9.577870805518062,40.61765131346928,16.649999999906868,162.44730080653744,reverse,False
PV_106_011_1409521_R,PV_106,011,PV_106_block_011,1409520.65,L,1409570.6,1409653.85,,,49.950000000186265,,unknown,False
PV_106_011_1409521_R,PV_106,011,PV_106_block_011,1409520.65,L,1409687.15,1409753.75,,,166.5,,unknown,False
PV_106_011_1409521_R,PV_106,011,PV_106_block_011,1409520.65,R,1409753.75,1409770.4,0.5610963200630831,331.30449855390856,233.10000000009313,34.357778429972086,same,True
PV_106_011_2031465_R,PV_106,011,PV_106_block_011,2031464.75,L,2031531.35,2031581.3,2.201414389674193,24.586845661389614,66.60000000009313,23.242630832341888,same,True
PV_106_011_2122224_R,PV_106,011,PV_106_block_011,2122223.9,L,2122407.05,2122457.0,3.974573713146846,49.56625322651711,183.14999999990687,29.648498363153237,same,True
PV_106_011_2122224_R,PV_106,011,PV_106_block_011,2122223.9,L,2122473.65,2122506.95,1.6725368012475912,180.28004700233896,249.75,160.36229213897508,reverse,True
PV_106_011_2122224_R,PV_106,011,PV_106_block_011,2122223.9,R,2122423.7,2122473.65,3.5543787752116223,80.13437678052313,199.8000000002794,60.216621917159245,same,True
PV_106_012_96655_L,PV_106,012,PV_106_block_012,96654.8,R,96721.4,96738.05,0.6677882341712689,29.489082680249904,66.59999999999127,92.55517013986162,reverse,True
PV_106_012_505762_R,PV_106,012,PV_106_block_012,505761.95,L,505811.9,505878.5,4.672783087330651,68.12250318723181,49.95000000001164,16.817704712532418,same,True
PV_106_012_540461_L,PV_106,012,PV_106_block_012,540460.55,R,540560.45,540577.1,0.5550959551148902,314.45261893545546,99.89999999990687,17.02216851754656,same,True
PV_106_012_543058_L,PV_106,012,PV_106_block_012,543057.95,L,543241.1,543307.7,6.48811343562392,342.35439527682666,183.15000000002328,3.4592379659077324,same,True
PV_106_012_543058_L,PV_106,012,PV_106_block_012,543057.95,R,543257.75,543291.05,1.4578485263849343,350.0075313356436,199.80000000004657,11.112374024724659,same,True
PV_106_012_950866_L,PV_106,012,PV_106_block_012,950866.4,L,951082.85,951099.5,0.7417792495212037,265.157909260346,216.44999999995343,175.1090005780173,reverse,True
PV_106_012_950866_L,PV_106,012,PV_106_block_012,950866.4,L,951116.15,951166.1,2.5139430566366396,278.81981963398016,249.75,161.44709020438313,reverse,True
PV_106_012_950866_L,PV_106,012,PV_106_block_012,950866.4,R,951099.5,951149.45,3.407855237205252,107.96763598563345,233.09999999997672,27.70072614727019,same,True
PV_106_012_979371_L,PV_106,012,PV_106_block_012,979371.2,L,979537.7,979571.0,1.7051173947494234,72.52200662019021,166.5,159.38972871591812,reverse,True
PV_106_012_979371_L,PV_106,012,PV_106_block_012,979371.2,L,979620.95,979770.8,,,249.75,,unknown,False
PV_106_012_979371_L,PV_106,012,PV_106_block_012,979371.2,R,979620.95,979637.6,0.5742042536354268,59.169348496496774,249.75,146.03707059222472,reverse,True
PV_106_012_1037613_L,PV_106,012,PV_106_block_012,1037612.9,L,1037746.1,1037779.4,9.808549371660868,141.56017346827173,133.19999999995343,176.5256858777762,reverse,False
PV_106_012_1037613_L,PV_106,012,PV_106_block_012,1037612.9,L,1037796.05,1037879.3,6.251618175941699,317.64647791556763,183.15000000002328,0.4393814304802959,same,True
PV_106_012_1037613_L,PV_106,012,PV_106_block_012,1037612.9,R,1037746.1,1037779.4,5.834079576137761,217.4211889104005,133.19999999995343,100.66467043564742,reverse,True
PV_106_012_1037613_L,PV_106,012,PV_106_block_012,1037612.9,R,1037779.4,1037796.05,0.7794535890365296,358.24857102852985,166.5,40.16271168248193,same,True
PV_106_012_1037613_L,PV_106,012,PV_106_block_012,1037612.9,R,1037812.7,1037895.95,4.734444783509759,54.98239687530349,199.79999999993015,96.89653752925557,reverse,True
PV_106_012_1090676_L,PV_106,012,PV_106_block_012,1090676.45,L,1090909.55,1090959.5,2.595980329844481,320.6364071782954,233.10000000009313,5.92439944833319,same,True
PV_106_012_1090676_L,PV_106,012,PV_106_block_012,1090676.45,R,1090926.2,1090959.5,1.570679071494429,14.29929852189452,249.75,47.738491895265895,same,True
PV_106_012_1103430_R,PV_106,012,PV_106_block_012,1103430.35,R,1103630.15,1103730.05,5.893943380615625,297.43521057500044,199.79999999981374,54.05080793820588,same,True
PV_106_012_1581419_R,PV_106,012,PV_106_block_012,1581418.55,L,1581485.15,1581601.7,8.328201600937245,157.44737872883326,66.5999999998603,37.91694272658046,same,True
PV_106_012_1636730_L,PV_106,012,PV_106_block_012,1636729.85,R,1636779.8,1636813.1,1.720512477955053,68.61752707322454,49.949999999953434,7.26613361565046,same,True
PV_106_012_1636730_L,PV_106,012,PV_106_block_012,1636729.85,R,1636829.75,1636846.4,0.758650955650274,51.71626049732683,99.89999999990687,24.167400191548182,same,True
PV_106_012_1788195_L,PV_106,012,PV_106_block_012,1788194.9,L,1788211.55,1788244.85,5.438030033385436,314.9638331576308,16.6500000001397,126.18582610851331,reverse,True
PV_106_012_1788195_L,PV_106,012,PV_106_block_012,1788194.9,L,1788244.85,1788294.8,18.679775997868372,135.37098682140117,49.950000000186265,53.40702022771629,same,False
PV_106_012_1788195_L,PV_106,012,PV_106_block_012,1788194.9,L,1788344.75,1788394.7,4.138084622537906,150.81213105039058,149.85000000009313,37.96587599872689,same,True
PV_106_012_1788195_L,PV_106,012,PV_106_block_012,1788194.9,L,1788428.0,1788444.65,0.7928501796522378,325.64584627654676,233.10000000009313,136.86783922742927,reverse,True
PV_106_012_1788195_L,PV_106,012,PV_106_block_012,1788194.9,R,1788328.1,1788344.75,0.564955404371649,170.50803946963438,133.20000000018626,18.26996757948308,same,True
PV_106_012_1788195_L,PV_106,012,PV_106_block_012,1788194.9,R,1788361.4,1788394.7,1.3661476461757283,214.97804194860294,166.5,26.200034899485473,same,True
PV_106_012_1788195_L,PV_106,012,PV_106_block_012,1788194.9,R,1788428.0,1788461.3,1.7962955136001568,16.309050327786576,233.10000000009313,172.4689567213309,reverse,True
PV_106_012_1802414_L,PV_106,012,PV_106_block_012,1802414.0,L,1802497.25,1802513.9,0.7403588072733435,326.41544295074397,83.25,2.5466092181996487,same,True
PV_106_012_1802414_L,PV_106,012,PV_106_block_012,1802414.0,L,1802530.55,1802563.85,1.6743903245059752,325.50530114360737,116.55000000004657,3.4567510253362457,same,True
PV_106_012_1803813_R,PV_106,012,PV_106_block_012,1803812.6,L,1803929.15,1803945.8,0.6239869142896186,152.9725706588741,116.54999999981374,147.45757587254332,reverse,True
PV_106_012_1803813_R,PV_106,012,PV_106_block_012,1803812.6,L,1803979.1,1804045.7,4.646679998689901,141.9324466223302,166.5,136.41745183599943,reverse,True
PV_106_012_1803813_R,PV_106,012,PV_106_block_012,1803812.6,L,1804045.7,1804095.65,5.375261928225225,328.269372499904,233.0999999998603,37.24562228642674,same,True
PV_106_012_1803813_R,PV_106,012,PV_106_block_012,1803812.6,R,1803929.15,1803945.8,0.5641963479488633,203.80735603940235,116.54999999981374,161.7076387469284,reverse,True
PV_106_012_1803813_R,PV_106,012,PV_106_block_012,1803812.6,R,1804012.4,1804045.7,2.520748784125172,193.8751258391215,199.79999999981374,171.63986894720927,reverse,True
PV_106_012_1803813_R,PV_106,012,PV_106_block_012,1803812.6,R,1804045.7,1804095.65,5.1050870958421175,19.89439766067645,233.0999999998603,14.379402874345686,same,True
PV_106_012_1804129_R,PV_106,012,PV_106_block_012,1804128.95,L,1804245.5,1804262.15,0.6777990960471163,140.48286083897338,116.55000000004657,51.34596130116546,same,True
PV_106_012_1804129_R,PV_106,012,PV_106_block_012,1804128.95,L,1804345.4,1804378.7,4.5405543551117935,346.7436417895824,216.44999999995343,154.91481964944353,reverse,True
PV_106_012_1804129_R,PV_106,012,PV_106_block_012,1804128.95,R,1804345.4,1804378.7,5.355829583069217,28.407923234692557,216.44999999995343,163.42089890544628,reverse,True
PV_106_012_1807775_L,PV_106,012,PV_106_block_012,1807775.3,L,1807941.8,1807975.1,1.325413908585576,132.81430081458237,166.5,158.94894426219102,reverse,True
PV_106_012_1807775_L,PV_106,012,PV_106_block_012,1807775.3,L,1807991.75,1808008.4,1.8090715281541574,138.45757794221697,216.44999999995343,153.30566713455642,reverse,True
PV_106_012_1807775_L,PV_106,012,PV_106_block_012,1807775.3,L,1808008.4,1808075.0,11.316844876713771,304.270847689392,233.0999999998603,12.507602612618598,same,False
PV_106_012_1807775_L,PV_106,012,PV_106_block_012,1807775.3,R,1807908.5,1807925.15,0.5470379601011268,218.51516865444492,133.19999999995343,73.24807642232847,same,True
PV_106_012_1807775_L,PV_106,012,PV_106_block_012,1807775.3,R,1808025.05,1808091.65,5.3134415726702935,345.3407408181111,249.75,53.577495741337714,same,True
PV_106_012_1815451_L,PV_106,012,PV_106_block_012,1815450.95,L,1815517.55,1815634.1,7.977557731751536,144.81357696597237,66.60000000009313,129.795141997012,reverse,True
PV_106_012_1815451_L,PV_106,012,PV_106_block_012,1815450.95,R,1815500.9,1815584.15,5.546767244992145,71.24247285806618,49.949999999953434,156.63375389508178,reverse,True
PV_106_012_1815451_L,PV_106,012,PV_106_block_012,1815450.95,R,1815617.45,1815650.75,1.7297753695301532,113.15284844334262,166.5,161.45587051964173,reverse,True
PV_106_012_1815451_L,PV_106,012,PV_106_block_012,1815450.95,R,1815667.4,1815684.05,0.756702548056765,111.01588179995343,216.44999999995343,163.59283716303094,reverse,True
PV_106_012_1815501_L,PV_106,012,PV_106_block_012,1815500.9,L,1815734.0,1815767.3,1.3104797598963056,113.40264150797842,233.10000000009313,31.410935457993958,same,True
PV_106_012_1815501_L,PV_106,012,PV_106_block_012,1815500.9,R,1815617.45,1815650.75,1.7297753695301532,113.15284844334262,116.55000000004657,31.660728522629768,same,True
PV_106_012_1815501_L,PV_106,012,PV_106_block_012,1815500.9,R,1815667.4,1815684.05,0.756702548056765,111.01588179995343,166.5,33.79769516601894,same,True
PV_106_012_1815501_L,PV_106,012,PV_106_block_012,1815500.9,R,1815717.35,1815734.0,0.5928066451086529,126.93655808513411,216.45000000018626,17.87701888083825,same,True
PV_106_012_1815867_R,PV_106,012,PV_106_block_012,1815867.2,L,1815900.5,1816017.05,6.749200215817919,192.43783120044523,33.300000000046566,61.87511533833455,same,True
PV_106_012_1815867_R,PV_106,012,PV_106_block_012,1815867.2,R,1816116.95,1816133.6,0.5563268114488048,97.01508149509449,249.75,157.2978650436853,reverse,True
PV_106_012_1816816_L,PV_106,012,PV_106_block_012,1816816.25,L,1816999.4,1817032.7,7.874118622715522,122.95008854308271,183.14999999990687,136.29273745123095,reverse,True
PV_106_012_1816816_L,PV_106,012,PV_106_block_012,1816816.25,L,1817032.7,1817049.35,3.2854304204917733,354.4782598002043,216.44999999995343,7.820908708352533,same,True
PV_106_012_1816816_L,PV_106,012,PV_106_block_012,1816816.25,L,1817049.35,1817149.25,7.9926856455180255,119.04624449829723,233.10000000009313,132.3888934064455,reverse,True
PV_106_012_1816816_L,PV_106,012,PV_106_block_012,1816816.25,R,1816982.75,1817016.05,2.817586237743072,250.5177696062092,166.5,96.13958148564254,reverse,True
PV_106_012_1816816_L,PV_106,012,PV_106_block_012,1816816.25,R,1817016.05,1817049.35,3.225130587266839,57.36966962027873,199.80000000004657,70.71231852842698,same,True
PV_106_012_1816983_L,PV_106,012,PV_106_block_012,1816982.75,L,1817032.7,1817049.35,3.2854304204917733,354.4782598002043,49.949999999953434,128.47182874287842,reverse,True
PV_106_012_1816983_L,PV_106,012,PV_106_block_012,1816982.75,L,1817049.35,1817149.25,7.9926856455180255,119.04624449829723,66.60000000009313,3.903844044785501,same,False
PV_106_012_1816983_L,PV_106,012,PV_106_block_012,1816982.75,R,1817016.05,1817049.35,3.225130587266839,57.36966962027873,33.300000000046566,65.58041892280399,same,True
PV_106_012_1816983_L,PV_106,012,PV_106_block_012,1816982.75,R,1817082.65,1817165.9,4.802734728289771,273.9207410145917,99.89999999990687,150.97065247150903,reverse,True
PV_106_012_1817482_R,PV_106,012,PV_106_block_012,1817482.25,L,1817532.2,1817598.8,3.7647974986003145,145.4169128779655,49.949999999953434,102.69385683328022,reverse,True
PV_106_012_1817482_R,PV_106,012,PV_106_block_012,1817482.25,R,1817565.5,1817598.8,1.2491202102482906,213.3099080384741,83.25,170.58685199378885,reverse,True
PV_106_012_1818082_R,PV_106,012,PV_106_block_012,1818081.65,L,1818214.85,1818248.15,2.0039807487608314,147.80292693053207,133.20000000018626,60.74296747369013,same,True
PV_106_012_1818082_R,PV_106,012,PV_106_block_012,1818081.65,R,1818148.25,1818231.5,13.447009242823276,23.6626372592528,66.60000000009313,175.11674285503057,reverse,True
PV_106_012_1823110_R,PV_106,012,PV_106_block_012,1823109.95,L,1823159.9,1823193.2,5.7928536642730455,187.78090244359095,49.949999999953434,67.15573122704893,same,True
PV_106_012_1823110_R,PV_106,012,PV_106_block_012,1823109.95,L,1823193.2,1823209.85,6.846673032274574,321.6367689893766,83.25,158.9884022271654,reverse,True
PV_106_012_1823110_R,PV_106,012,PV_106_block_012,1823109.95,L,1823209.85,1823293.1,13.525202671757162,131.20873875407372,99.9000000001397,10.583567537531735,same,True
PV_106_012_1823110_R,PV_106,012,PV_106_block_012,1823109.95,R,1823243.15,1823276.45,1.1685560832616497,100.6831073799827,133.19999999995343,19.9420638365593,same,True
PV_106_012_1825374_L,PV_106,012,PV_106_block_012,1825374.35,L,1825474.25,1825490.9,0.5904134266710906,265.1100363138926,99.89999999990687,125.78934519744519,reverse,True
PV_106_012_1825374_L,PV_106,012,PV_106_block_012,1825374.35,L,1825524.2,1825624.1,5.704319519561284,184.7951196401924,149.8499999998603,153.89573812885465,reverse,True
PV_106_012_1825374_L,PV_106,012,PV_106_block_012,1825374.35,R,1825540.85,1825590.8,2.973117543640351,186.27427946483135,166.5,155.3748979534936,reverse,True
PV_106_012_1825857_R,PV_106,012,PV_106_block_012,1825857.2,L,1825940.45,1825973.75,1.7264200138865227,143.818320532775,83.25,99.50693862169703,reverse,True
PV_106_012_1825857_R,PV_106,012,PV_106_block_012,1825857.2,R,1825957.1,1825990.4,1.4512602829445391,218.0915568284705,99.9000000001397,173.78017491739251,reverse,True
PV_106_012_1830353_R,PV_106,012,PV_106_block_012,1830352.7,L,1830569.15,1830652.4,5.799439768720963,22.968274456496236,216.44999999995343,106.49481593271761,reverse,True
PV_106_012_1830353_R,PV_106,012,PV_106_block_012,1830352.7,R,1830552.5,1830569.15,0.7381434516122837,310.2981586680736,199.80000000004657,179.16493172114025,reverse,True
PV_106_012_1830353_R,PV_106,012,PV_106_block_012,1830352.7,R,1830585.8,1830652.4,3.3304762210399095,310.2729558926831,233.10000000009313,179.19013449653073,reverse,True
PV_106_012_1830552_L,PV_106,012,PV_106_block_012,1830552.5,R,1830585.8,1830652.4,3.3304762210399095,310.2729558926831,33.300000000046566,72.69531856381315,same,True
PV_106_012_1832634_R,PV_106,012,PV_106_block_012,1832633.75,L,1832717.0,1832733.65,0.5184962911864306,333.59299752154186,83.25,21.34128328105021,same,True
PV_106_012_1832634_R,PV_106,012,PV_106_block_012,1832633.75,L,1832883.5,1832916.8,1.1941583874297925,311.29051999279426,249.75,0.9611942476973923,same,True
PV_106_012_1832634_R,PV_106,012,PV_106_block_012,1832633.75,R,1832883.5,1832916.8,1.6374674462982788,330.8778571155404,249.75,18.626142875048743,same,True
PV_106_012_71347_L,PV_106,012,PV_106_block_012,71346.8,L,71363.45,71446.7,16.524557962921463,137.96412878263052,16.64999999999418,174.22753630845023,reverse,False
PV_106_012_265403_L,PV_106,012,PV_106_block_012,265402.55,R,265485.8,265502.45,0.5709250208513913,107.3242672412976,83.25,28.761070025668857,same,True
PV_106_012_288713_L,PV_106,012,PV_106_block_012,288712.55,L,288779.15,288795.8,0.5179296397004413,175.5243649593601,66.60000000003492,102.43450562955306,reverse,True
PV_106_012_556395_L,PV_106,012,PV_106_block_012,556394.6,L,556511.15,556527.8,0.5950220338415693,108.16471315998342,116.55000000004657,176.56899440288805,reverse,True
PV_106_012_1031819_L,PV_106,012,PV_106_block_012,1031818.7,L,1031868.65,1031885.3,2.448136104608603,96.80279381975743,49.95000000006985,149.65781992391015,reverse,True
PV_106_012_1031819_L,PV_106,012,PV_106_block_012,1031818.7,L,1031885.3,1032018.5,15.727665235567144,161.97815660239095,66.60000000009313,145.16681729345632,reverse,True
PV_106_012_1032335_L,PV_106,012,PV_106_block_012,1032334.85,L,1032384.8,1032401.45,0.6602565055145955,152.3336148791893,49.95000000006985,125.36743589978718,reverse,True
PV_106_012_1530819_L,PV_106,012,PV_106_block_012,1530819.2,R,1530969.05,1530985.7,0.6340582680865106,357.6713618255649,149.85000000009313,0.9594739839124031,same,True
PV_106_012_1592840_L,PV_106,012,PV_106_block_012,1592840.45,L,1592940.35,1592973.65,2.380076274294896,3.793760875034327,99.9000000001397,146.59350994123741,reverse,True
PV_106_012_1592840_L,PV_106,012,PV_106_block_012,1592840.45,L,1592990.3,1593023.6,3.4488450082538207,150.6019749877993,149.85000000009313,0.21470417152755772,same,True
PV_106_012_1592840_L,PV_106,012,PV_106_block_012,1592840.45,L,1593023.6,1593056.9,4.621542306126384,349.96654736830203,183.1500000001397,160.42072344796975,reverse,True
PV_106_012_1592840_L,PV_106,012,PV_106_block_012,1592840.45,L,1593056.9,1593140.15,8.607982804661493,148.28758711122626,216.44999999995343,2.099683705045493,same,False
PV_106_012_1592840_L,PV_106,012,PV_106_block_012,1592840.45,R,1592940.35,1592973.65,2.9389653625233967,358.59649138096165,99.9000000001397,151.79077943531013,reverse,True
PV_106_012_1592840_L,PV_106,012,PV_106_block_012,1592840.45,R,1593006.95,1593023.6,0.6179511578315928,209.6267600830402,166.5,59.23948926676846,same,True
PV_106_012_1592840_L,PV_106,012,PV_106_block_012,1592840.45,R,1593056.9,1593073.55,0.7391099261455063,268.51889323645275,216.44999999995343,118.13162242018097,reverse,True
PV_106_012_1592840_L,PV_106,012,PV_106_block_012,1592840.45,R,1593090.2,1593140.15,2.8839684092999995,205.21687529001042,249.75,54.82960447373867,same,True
PV_106_012_1621795_L,PV_106,012,PV_106_block_012,1621794.8,L,1621861.4,1621894.7,1.4233336026252024,89.33192530513236,66.5999999998603,150.07253358544955,reverse,True
PV_106_012_1621795_L,PV_106,012,PV_106_block_012,1621794.8,L,1621911.35,1621944.65,1.811650251105645,130.74494370546543,116.55000000004657,168.51444801421738,reverse,True
PV_106_012_1621795_L,PV_106,012,PV_106_block_012,1621794.8,R,1621878.05,1621944.65,6.098862128256877,266.34489573594817,83.25,32.91449598373464,same,False
PV_106_012_1762171_L,PV_106,012,PV_106_block_012,1762170.95,L,1762287.5,1762304.15,0.7338934631218059,272.04699528133824,116.55000000004657,18.82218038013923,same,True
PV_106_012_1808008_L,PV_106,012,PV_106_block_012,1808008.4,L,1808075.0,1808091.65,0.5600849581918392,161.87471542995178,66.60000000009313,142.3961322594402,reverse,True
PV_106_012_1808008_L,PV_106,012,PV_106_block_012,1808008.4,L,1808108.3,1808158.25,2.6937128859039867,139.1392902868814,99.9000000001397,165.1315574025106,reverse,True
PV_106_012_1808008_L,PV_106,012,PV_106_block_012,1808008.4,R,1808025.05,1808091.65,5.3134415726702935,345.3407408181111,16.6500000001397,41.069893128719116,same,True
PV_106_012_1808008_L,PV_106,012,PV_106_block_012,1808008.4,R,1808124.95,1808158.25,1.5045883304760097,181.40631946032426,116.55000000004657,122.86452822906773,reverse,True
PV_106_012_1815900_L,PV_106,012,PV_106_block_012,1815900.5,R,1816116.95,1816133.6,0.5563268114488048,97.01508149509449,216.44999999995343,95.42274970535074,reverse,True
PV_106_012_1823160_L,PV_106,012,PV_106_block_012,1823159.9,L,1823193.2,1823209.85,6.846673032274574,321.6367689893766,33.300000000046566,133.85586654578566,reverse,False
PV_106_012_1823160_L,PV_106,012,PV_106_block_012,1823159.9,L,1823209.85,1823293.1,13.525202671757162,131.20873875407372,49.950000000186265,56.572163689517225,same,False
PV_106_012_1823160_L,PV_106,012,PV_106_block_012,1823159.9,R,1823243.15,1823276.45,1.1685560832616497,100.6831073799827,83.25,87.09779506360825,same,True
PV_106_012_1823193_L,PV_106,012,PV_106_block_012,1823193.2,L,1823209.85,1823293.1,13.525202671757162,131.20873875407372,16.6500000001397,169.5719697646971,reverse,False
PV_106_012_1823193_L,PV_106,012,PV_106_block_012,1823193.2,R,1823243.15,1823276.45,1.1685560832616497,100.6831073799827,49.949999999953434,139.04633839060608,reverse,True
PV_106_012_1877789_L,PV_106,012,PV_106_block_012,1877788.55,L,1877838.5,1877855.15,8.969452645774366,182.78682847640798,49.949999999953434,151.0218379996655,reverse,True
PV_106_012_1877789_L,PV_106,012,PV_106_block_012,1877788.55,L,1877855.15,1877871.8,2.0788599787350686,328.4559893585196,66.5999999998603,5.352677117553867,same,True
PV_106_012_1877789_L,PV_106,012,PV_106_block_012,1877788.55,L,1877871.8,1877938.4,9.230076674325272,139.05837979716452,83.25,165.249713321091,reverse,True
PV_106_012_1877838_L,PV_106,012,PV_106_block_012,1877838.5,L,1877855.15,1877871.8,2.0788599787350686,328.4559893585196,16.649999999906868,145.66916088211167,reverse,True
PV_106_012_1877838_L,PV_106,012,PV_106_block_012,1877838.5,L,1877871.8,1877938.4,9.230076674325272,139.05837979716452,33.300000000046566,43.728448679243456,same,False
PV_106_012_160774_R,PV_106,012,PV_106_block_012,160773.95,L,160957.1,160990.4,6.84874246841648,318.633419626195,183.14999999999418,120.90057432594438,reverse,False
PV_106_012_160774_R,PV_106,012,PV_106_block_012,160773.95,L,160990.4,161007.05,0.5845881063599792,214.1822914975504,216.44999999998254,16.44944619729975,same,True
PV_106_012_160774_R,PV_106,012,PV_106_block_012,160773.95,L,161023.7,161073.65,3.025075417388402,148.3320809778002,249.75,49.40076432245047,same,True
PV_106_012_160774_R,PV_106,012,PV_106_block_012,160773.95,R,160957.1,161007.05,7.479587640398703,42.08838569375295,183.14999999999418,155.64445960649772,reverse,False
PV_106_012_160774_R,PV_106,012,PV_106_block_012,160773.95,R,161023.7,161073.65,3.159803972633556,216.84947843601327,249.75,19.116633135762612,same,True
PV_106_012_1037263_R,PV_106,012,PV_106_block_012,1037263.25,L,1037296.55,1037363.15,3.578807838417404,91.97800199222786,33.300000000046566,148.1125046743166,reverse,True
PV_106_012_1037263_R,PV_106,012,PV_106_block_012,1037263.25,L,1037396.45,1037413.1,0.744215576611869,145.74166459731944,133.19999999995343,94.34884206922501,reverse,True
PV_106_012_1037263_R,PV_106,012,PV_106_block_012,1037263.25,R,1037329.85,1037363.15,,,66.59999999997672,,unknown,False
PV_106_012_1037263_R,PV_106,012,PV_106_block_012,1037263.25,R,1037396.45,1037463.05,3.4720204711787073,124.67082884661829,133.19999999995343,115.41967781992616,reverse,True
PV_106_012_1095022_R,PV_106,012,PV_106_block_012,1095022.1,R,1095138.65,1095155.3,1.4458977817787568,144.59943041485977,116.54999999981374,152.8937006053102,reverse,True
PV_106_012_1095022_R,PV_106,012,PV_106_block_012,1095022.1,R,1095155.3,1095171.95,0.9666391217354158,247.84171600307005,133.19999999995343,103.86401380647956,reverse,True
PV_106_012_1095022_R,PV_106,012,PV_106_block_012,1095022.1,R,1095171.95,1095305.15,13.583760253863858,18.32637838615596,149.8499999998603,26.620648576606357,same,False
PV_106_012_1655927_R,PV_106,012,PV_106_block_012,1655927.3,R,1655993.9,1656010.55,0.983479116487566,45.76622610604078,66.5999999998603,161.67492306729605,reverse,True
PV_106_012_1655927_R,PV_106,012,PV_106_block_012,1655927.3,R,1656093.8,1656110.45,0.5449282744912575,267.88105242567804,166.5,23.789749386933266,same,True
PV_106_012_1818148_R,PV_106,012,PV_106_block_012,1818148.25,L,1818214.85,1818248.15,2.0039807487608314,147.80292693053207,66.60000000009313,124.14028967127928,reverse,True
PV_143_001_52785_L,PV_143,001,PV_143_block_001,52784.65,L,52884.55,52901.2,0.7659312894629503,4.993387791030191,99.90000000000146,31.312841260108485,same,True
PV_143_001_52785_L,PV_143,001,PV_143_block_001,52784.65,R,52801.3,52817.95,3.5918360169099586,184.65499755164234,16.650000000001455,148.34876850050364,reverse,True
PV_143_001_52785_L,PV_143,001,PV_143_block_001,52784.65,R,52817.95,52851.25,,,33.299999999995634,,unknown,False
PV_143_001_52785_L,PV_143,001,PV_143_block_001,52784.65,R,52901.2,53117.65,12.555875485763496,22.136910790430193,116.54999999999563,14.16931826070848,same,True
PV_143_001_52885_R,PV_143,001,PV_143_block_001,52884.55,L,53067.7,53150.95,7.032574609813139,209.51637766374452,183.14999999999418,172.6205331266857,reverse,True
PV_143_001_102135_R,PV_143,001,PV_143_block_001,102135.25,L,102251.8,102285.1,1.4253174831862923,166.89870723327869,116.55000000000291,2.479584055381679,same,True
PV_143_001_188382_R,PV_143,001,PV_143_block_001,188382.25,L,188415.55,188465.5,4.914263558275478,350.52286769872643,33.29999999998836,3.442644525828655,same,True
PV_143_001_313440_R,PV_143,001,PV_143_block_001,313440.4,L,313490.35,313556.95,4.387267330235822,175.61067692895065,49.949999999953434,8.3259199985865,same,True
PV_143_001_313440_R,PV_143,001,PV_143_block_001,313440.4,L,313640.2,313656.85,1.5770284633332807,354.2070538247909,199.79999999998836,170.27045689725372,reverse,True
PV_143_001_313440_R,PV_143,001,PV_143_block_001,313440.4,L,313656.85,313673.5,0.7076018999146656,229.35750942973513,216.44999999995343,45.42091250219798,same,True
PV_143_001_313440_R,PV_143,001,PV_143_block_001,313440.4,L,313690.15,313723.45,2.070655483294683,169.81073247710873,249.75,14.125864450428423,same,True
PV_143_001_313440_R,PV_143,001,PV_143_block_001,313440.4,R,313640.2,313673.5,5.639063287932409,351.18204936596493,199.79999999998836,167.24545243842778,reverse,True
PV_143_001_313440_R,PV_143,001,PV_143_block_001,313440.4,R,313673.5,313740.1,8.132639669056312,210.76066198750922,233.09999999997672,26.82406505997207,same,False
PV_143_001_410077_L,PV_143,001,PV_143_block_001,410077.0,L,410110.3,410126.95,0.7209064613013249,157.9898906020111,33.29999999998836,142.3955594771686,reverse,True
PV_143_001_444626_L,PV_143,001,PV_143_block_001,444625.75,L,444875.5,444908.8,2.6610708583736074,16.00392252880634,249.75,7.148662727156847,same,True
PV_143_001_444626_L,PV_143,001,PV_143_block_001,444625.75,R,444758.95,444775.6,0.7276873091128641,164.16595405562484,133.20000000001164,141.01336879966163,reverse,True
PV_143_001_444626_L,PV_143,001,PV_143_block_001,444625.75,R,444875.5,444892.15,1.4816395644717801,6.266463362781522,249.75,16.886121893181667,same,True
PV_143_001_456514_R,PV_143,001,PV_143_block_001,456513.85,L,456530.5,456580.45,,,16.650000000023283,,unknown,False
PV_143_001_456514_R,PV_143,001,PV_143_block_001,456513.85,L,456647.05,456680.35,2.3226454291922973,60.526556482818386,133.20000000001164,132.20456756099907,reverse,True
PV_143_001_456514_R,PV_143,001,PV_143_block_001,456513.85,R,456563.8,456580.45,2.286620667813563,22.886608480678415,49.95000000001164,169.84451556313905,reverse,True
PV_143_001_456514_R,PV_143,001,PV_143_block_001,456513.85,R,456580.45,456597.1,1.7373332362299756,212.5418160597369,66.60000000003492,19.810692015919443,same,True
PV_143_001_456514_R,PV_143,001,PV_143_block_001,456513.85,R,456597.1,456613.75,1.3390876063877577,86.38940247561109,83.25,106.34172156820637,reverse,True
PV_143_001_456514_R,PV_143,001,PV_143_block_001,456513.85,R,456613.75,456647.05,4.109509439822159,218.44771167638254,99.90000000002328,25.71658763256508,same,True
PV_143_001_456514_R,PV_143,001,PV_143_block_001,456513.85,R,456647.05,456730.3,9.285728243771977,2.1358238857987453,133.20000000001164,169.40469984198126,reverse,True
PV_143_001_502967_R,PV_143,001,PV_143_block_001,502967.35,L,503083.9,503100.55,0.7208423697563511,299.0016184628318,116.55000000004657,137.0804454429341,reverse,True
PV_143_001_502967_R,PV_143,001,PV_143_block_001,502967.35,L,503117.2,503183.8,4.316591215748708,201.5665292828827,149.85000000003492,39.64535626298496,same,True
PV_143_001_502967_R,PV_143,001,PV_143_block_001,502967.35,R,503067.25,503083.9,7.6677730291213555,350.49740103733797,99.90000000002328,171.42377198255974,reverse,False
PV_143_001_502967_R,PV_143,001,PV_143_block_001,502967.35,R,503083.9,503200.45,7.905146111265059,155.88173898624348,116.55000000004657,6.03943403365426,same,False
PV_143_001_694326_R,PV_143,001,PV_143_block_001,694325.8,L,694425.7,694508.95,7.717190496474408,108.10706104598981,99.89999999990687,90.46429264716903,reverse,True
PV_143_001_694326_R,PV_143,001,PV_143_block_001,694325.8,R,694359.1,694375.75,1.0951341643545776,37.66140503433643,33.29999999993015,160.9099486588224,reverse,True
PV_143_001_694326_R,PV_143,001,PV_143_block_001,694325.8,R,694375.75,694425.7,6.189846400609196,226.58910961965836,49.949999999953434,28.017755926499518,same,True
PV_143_001_694326_R,PV_143,001,PV_143_block_001,694325.8,R,694442.35,694492.3,6.233932715039307,46.03868136589251,116.54999999993015,152.53267232726634,reverse,True
PV_143_001_694326_R,PV_143,001,PV_143_block_001,694325.8,R,694542.25,694558.9,0.524556803099599,21.035092980945876,216.44999999995343,177.53626071221296,reverse,True
PV_143_001_779674_R,PV_143,001,PV_143_block_001,779673.7,L,779856.85,779873.5,1.935804568675299,291.89070564937066,183.15000000002328,143.98735494292464,reverse,True
PV_143_001_779674_R,PV_143,001,PV_143_block_001,779673.7,L,779923.45,779940.1,0.6518790078939923,38.881496661695785,249.75,109.0218540447502,reverse,True
PV_143_001_967020_L,PV_143,001,PV_143_block_001,967019.5,L,967102.75,967119.4,2.2422880336747353,147.36248247874994,83.25,167.13487343049206,reverse,True
PV_143_001_967020_L,PV_143,001,PV_143_block_001,967019.5,L,967119.4,967269.25,13.457745993649908,54.985136428385964,99.90000000002328,74.75752738012807,same,False
PV_143_001_967020_L,PV_143,001,PV_143_block_001,967019.5,R,967102.75,967169.35,5.887699698888846,23.72127947656966,83.25,43.49367042831176,same,True
PV_143_001_971998_R,PV_143,001,PV_143_block_001,971997.85,R,972114.4,972131.05,0.7879740270594143,351.96034496386795,116.55000000004657,54.50908425158519,same,True
PV_143_001_971998_R,PV_143,001,PV_143_block_001,971997.85,R,972147.7,972164.35,0.6154435435061514,340.5347493332792,149.84999999997672,43.083488620996434,same,True
PV_143_001_1021049_R,PV_143,001,PV_143_block_001,1021048.75,R,1021082.05,1021115.35,,,33.300000000046566,,unknown,False
PV_143_001_1021049_R,PV_143,001,PV_143_block_001,1021048.75,R,1021148.65,1021181.95,1.521734485217954,313.48112915641354,99.90000000002328,160.03062248235472,reverse,True
PV_143_001_1147988_R,PV_143,001,PV_143_block_001,1147988.35,L,1148038.3,1148054.95,0.5670386520482895,136.95201547033406,49.949999999953434,69.38369519513759,same,True
PV_143_001_779990_L,PV_143,001,PV_143_block_001,779990.05,L,780006.7,780023.35,0.7318128699106254,103.6022597754808,16.649999999906868,129.96741333632505,reverse,True
PV_143_001_779990_L,PV_143,001,PV_143_block_001,779990.05,L,780040.0,780056.65,0.5051613266136932,128.6416207498959,49.949999999953434,104.92805236190995,reverse,True
PV_143_001_779990_L,PV_143,001,PV_143_block_001,779990.05,L,780073.3,780106.6,,,83.25,,unknown,False
PV_143_001_154766_R,PV_143,001,PV_143_block_001,154765.9,R,154982.35,154999.0,4.354201969339336,178.12467532767522,216.45000000001164,151.2442383141872,reverse,True
PV_143_001_154766_R,PV_143,001,PV_143_block_001,154765.9,R,154999.0,155065.6,3.654057393855285,359.57250017876027,233.10000000000582,30.20358653689783,same,True
PV_143_001_173197_R,PV_143,001,PV_143_block_001,173197.45,R,173230.75,173247.4,1.9786630158458,327.3961389507131,33.29999999998836,124.82626201973426,reverse,True
PV_143_001_173197_R,PV_143,001,PV_143_block_001,173197.45,R,173247.4,173280.7,4.753410823859135,191.31811821971777,49.94999999998254,11.251758711261061,same,True
PV_143_001_173197_R,PV_143,001,PV_143_block_001,173197.45,R,173280.7,173297.35,2.5676304107998473,25.738042619603068,83.25,176.83183431137576,reverse,True
PV_143_001_359061_R,PV_143,001,PV_143_block_001,359061.4,R,359211.25,359261.2,5.837516163648067,62.35003333211935,149.84999999997672,49.04035094767548,same,True
PV_143_001_579757_R,PV_143,001,PV_143_block_001,579757.15,R,579790.45,579807.1,6.626358567798024,28.155423117924972,33.29999999993015,179.18974668920973,reverse,True
PV_143_001_579757_R,PV_143,001,PV_143_block_001,579757.15,R,579807.1,579823.75,5.516833090999817,207.1148599087349,49.949999999953434,0.23030989839980975,same,True
PV_143_001_579757_R,PV_143,001,PV_143_block_001,579757.15,R,579823.75,579840.4,2.853320950845859,25.875457800506233,66.59999999997672,178.53028799337153,reverse,True
PV_143_001_579757_R,PV_143,001,PV_143_block_001,579757.15,R,579840.4,579890.35,5.368361991515505,218.32678020028885,83.25,10.981610393154142,same,True
PV_143_001_579757_R,PV_143,001,PV_143_block_001,579757.15,R,579890.35,579923.65,2.9041502668175587,33.5855386899601,133.19999999995343,173.7596311171746,reverse,True
PV_143_001_868635_R,PV_143,001,PV_143_block_001,868634.65,R,868667.95,868684.6,2.521516597687961,43.434983993565915,33.29999999993015,107.14171977415151,reverse,True
PV_143_001_868635_R,PV_143,001,PV_143_block_001,868634.65,R,868684.6,868701.25,1.4233237368663556,194.31139521382755,49.949999999953434,43.73469144611013,same,True
PV_143_001_868635_R,PV_143,001,PV_143_block_001,868634.65,R,868701.25,868751.2,9.241782354808246,313.89854029372725,66.59999999997672,163.32183652600986,reverse,True
PV_143_001_966986_R,PV_143,001,PV_143_block_001,966986.2,L,967019.5,967086.1,8.690782207290273,340.2276090482579,33.300000000046566,167.329484383636,reverse,False
PV_143_001_966986_R,PV_143,001,PV_143_block_001,966986.2,L,967102.75,967119.4,2.2422880336747353,147.36248247874994,116.55000000004657,25.53564218587195,same,True
PV_143_001_966986_R,PV_143,001,PV_143_block_001,966986.2,L,967119.4,967269.25,13.457745993649908,54.985136428385964,133.20000000006985,117.91298823623592,reverse,False
PV_143_001_966986_R,PV_143,001,PV_143_block_001,966986.2,R,967036.15,967102.75,2.4886014676858097,66.6621047612003,49.95000000006985,106.23601990342159,reverse,True
PV_143_001_966986_R,PV_143,001,PV_143_block_001,966986.2,R,967102.75,967169.35,5.887699698888846,23.72127947656966,116.55000000004657,149.17684518805223,reverse,True
PV_143_001_971948_R,PV_143,001,PV_143_block_001,971947.9,L,971997.85,972047.8,2.7407137893201146,341.9472819302114,49.949999999953434,85.86967009851429,same,True
PV_143_001_971948_R,PV_143,001,PV_143_block_001,971947.9,R,972031.15,972097.75,6.295431089685925,297.45126071228276,83.25,41.37364888058568,same,True
PV_143_001_971948_R,PV_143,001,PV_143_block_001,971947.9,R,972114.4,972131.05,0.7879740270594143,351.96034496386795,166.5,95.88273313217087,reverse,True
PV_143_001_971948_R,PV_143,001,PV_143_block_001,971947.9,R,972147.7,972164.35,0.6154435435061514,340.5347493332792,199.79999999993015,84.45713750158211,same,True
PV_143_001_1136566_R,PV_143,001,PV_143_block_001,1136566.45,R,1136583.1,1136599.75,6.796072695644042,347.1281747906204,16.6500000001397,141.5278534945944,reverse,True
PV_143_001_1136566_R,PV_143,001,PV_143_block_001,1136566.45,R,1136599.75,1136633.05,6.329803568083459,223.58804855707217,33.300000000046566,17.98772726104616,same,True
PV_143_001_1136566_R,PV_143,001,PV_143_block_001,1136566.45,R,1136633.05,1136716.3,6.694514014268903,25.942039661669487,66.60000000009313,179.6582816343565,reverse,True
PV_143_002_36132_L,PV_143,002,PV_143_block_002,36131.6,L,36298.1,36314.75,0.5226870669742544,198.54487594103642,166.5,176.74013837216074,reverse,True
PV_143_002_36132_L,PV_143,002,PV_143_block_002,36131.6,L,36348.05,36364.7,1.4948849385610279,15.359696852889257,216.45000000000437,0.07468253969210537,same,True
PV_143_002_36132_L,PV_143,002,PV_143_block_002,36131.6,R,36348.05,36364.7,1.2674332718900705,357.75426721165735,216.45000000000437,17.530747101539873,same,True
PV_143_002_321396_L,PV_143,002,PV_143_block_002,321396.05,L,321512.6,321529.25,0.6095109014312321,358.21364221071025,116.54999999998836,152.99265328303795,reverse,True
PV_143_002_321396_L,PV_143,002,PV_143_block_002,321396.05,L,321545.9,321562.55,1.1406385941331103,11.521355983211397,149.85000000003492,166.30036705553914,reverse,True
PV_143_002_321396_L,PV_143,002,PV_143_block_002,321396.05,L,321562.55,321595.85,3.895400033761242,201.9981924425235,166.5,3.222796485148791,same,True
PV_143_002_321396_L,PV_143,002,PV_143_block_002,321396.05,L,321595.85,321645.8,3.533042170448149,4.514341165481468,199.79999999998836,159.29335223780913,reverse,True
PV_143_002_321396_L,PV_143,002,PV_143_block_002,321396.05,R,321495.95,321545.9,3.4171665380664558,350.1824177751159,99.90000000002328,144.96142884744359,reverse,True
PV_143_002_321396_L,PV_143,002,PV_143_block_002,321396.05,R,321545.9,321579.2,2.565098404467277,190.41250219921213,149.85000000003492,14.808486728460167,same,True
PV_143_002_321396_L,PV_143,002,PV_143_block_002,321396.05,R,321595.85,321645.8,2.4256340498179814,329.12409243224374,199.79999999998836,123.90310350457145,reverse,True
PV_143_002_436747_L,PV_143,002,PV_143_block_002,436747.25,L,436830.5,436863.8,1.7147266322230337,183.3623338880553,83.25,166.49602218100043,reverse,True
PV_143_002_436747_L,PV_143,002,PV_143_block_002,436747.25,L,436930.4,436947.05,1.5936205450339713,351.45636962224546,183.15000000002328,1.5980135531897304,same,True
PV_143_002_436747_L,PV_143,002,PV_143_block_002,436747.25,L,436947.05,437013.65,4.076979950195477,181.3982697695632,199.79999999998836,168.46008629949253,reverse,True
PV_143_002_436747_L,PV_143,002,PV_143_block_002,436747.25,R,436930.4,436980.35,2.982427607423979,170.5376009812322,183.15000000002328,179.32075508782353,reverse,True
PV_143_002_577889_R,PV_143,002,PV_143_block_002,577889.3,L,577972.55,577989.2,0.7005043114298711,130.54981528789926,83.25,0.3616417817623869,same,True
PV_143_002_812371_R,PV_143,002,PV_143_block_002,812371.25,L,812387.9,812404.55,0.7509810918419192,275.2219570734952,16.650000000023283,136.04293110641743,reverse,True
PV_143_002_812371_R,PV_143,002,PV_143_block_002,812371.25,L,812504.45,812521.1,0.7663520208759452,144.28759833727787,133.19999999995343,5.108572370200108,same,True
PV_143_002_837280_R,PV_143,002,PV_143_block_002,837279.65,L,837329.6,837362.9,5.672956576555443,3.9164337207358257,49.949999999953434,79.47491932272914,same,True
PV_143_002_837280_R,PV_143,002,PV_143_block_002,837279.65,L,837362.9,837412.85,,,83.25,,unknown,False
PV_143_002_837280_R,PV_143,002,PV_143_block_002,837279.65,L,837446.15,837512.75,4.597877529151571,112.37105467711237,166.5,172.07045972089432,reverse,True
PV_143_002_837280_R,PV_143,002,PV_143_block_002,837279.65,R,837462.8,837479.45,0.7648150161868325,357.4581388597033,183.15000000002328,73.01662446169661,same,True
PV_143_002_847819_R,PV_143,002,PV_143_block_002,847819.1,L,847852.4,847952.3,,,33.300000000046566,,unknown,False
PV_143_002_847819_R,PV_143,002,PV_143_block_002,847819.1,L,847985.6,848035.55,3.773450659854153,119.08727503780034,166.5,13.056590652723173,same,True
PV_143_002_847819_R,PV_143,002,PV_143_block_002,847819.1,R,848018.9,848035.55,0.6382208749421693,337.53107604703945,199.80000000004657,154.61278964348406,reverse,True
PV_143_002_850799_R,PV_143,002,PV_143_block_002,850799.45,L,850832.75,850899.35,9.609906661631154,261.3562960993837,33.300000000046566,58.95791436367523,same,True
PV_143_002_850799_R,PV_143,002,PV_143_block_002,850799.45,L,850899.35,850916.0,2.678941732237667,345.73915686355895,99.90000000002328,143.34077512785046,reverse,True
PV_143_002_850799_R,PV_143,002,PV_143_block_002,850799.45,L,850916.0,850949.3,1.7101993727345568,148.66461648953288,116.55000000004657,53.73376524617561,same,True
PV_143_002_850799_R,PV_143,002,PV_143_block_002,850799.45,R,850832.75,850882.7,7.22991941798879,351.4604459866328,33.300000000046566,149.06206425092432,reverse,True
PV_143_002_850799_R,PV_143,002,PV_143_block_002,850799.45,R,850882.7,850982.6,9.710127467216683,330.1475133000967,83.25,127.74913156438822,reverse,True
PV_143_002_850799_R,PV_143,002,PV_143_block_002,850799.45,R,851015.9,851032.55,0.7274944783192324,348.79097285360615,216.45000000006985,146.39259111789767,reverse,True
PV_143_002_850833_L,PV_143,002,PV_143_block_002,850832.75,L,850899.35,850916.0,2.678941732237667,345.73915686355895,66.59999999997672,84.38286076417523,same,True
PV_143_002_850833_L,PV_143,002,PV_143_block_002,850832.75,L,850916.0,850949.3,1.7101993727345568,148.66461648953288,83.25,112.69167960985084,reverse,True
PV_143_002_850833_L,PV_143,002,PV_143_block_002,850832.75,R,850882.7,850982.6,9.710127467216683,330.1475133000967,49.949999999953434,68.79121720071299,same,False
PV_143_002_850833_L,PV_143,002,PV_143_block_002,850832.75,R,851015.9,851032.55,0.7274944783192324,348.79097285360615,183.15000000002328,87.43467675422244,same,True
PV_143_002_850883_R,PV_143,002,PV_143_block_002,850882.7,L,850916.0,850949.3,1.7101993727345568,148.66461648953288,33.300000000046566,178.51710318943617,reverse,True
PV_143_002_850883_R,PV_143,002,PV_143_block_002,850882.7,R,851015.9,851032.55,0.7274944783192324,348.79097285360615,133.20000000006985,18.643459553509445,same,True
PV_143_002_863503_R,PV_143,002,PV_143_block_002,863503.4,L,863586.65,863769.8,24.74343920916221,95.34783525108524,83.25,123.32426774066653,reverse,False
PV_143_002_863503_R,PV_143,002,PV_143_block_002,863503.4,R,863653.25,863669.9,0.6555629933810792,302.2133645676573,149.84999999997672,29.810202942761407,same,True
PV_143_002_922161_L,PV_143,002,PV_143_block_002,922161.35,R,922411.1,922427.75,1.5016810054589989,337.0940523508979,249.75,55.26604115476715,same,True
PV_143_002_554246_L,PV_143,002,PV_143_block_002,554246.3,L,554429.45,554446.1,5.715655480260454,257.25830497273785,183.14999999990687,0.11929467513715508,same,True
PV_143_002_554246_L,PV_143,002,PV_143_block_002,554246.3,L,554446.1,554462.75,5.6728107810927195,77.41961825418085,199.79999999993015,179.71939204341984,reverse,True
PV_143_002_554246_L,PV_143,002,PV_143_block_002,554246.3,L,554462.75,554479.4,5.674140754837231,257.7533004404563,216.44999999995343,0.6142901428556229,same,True
PV_143_002_554429_L,PV_143,002,PV_143_block_002,554429.45,L,554446.1,554462.75,5.6728107810927195,77.41961825418085,16.650000000023283,179.838686718557,reverse,True
PV_143_002_554429_L,PV_143,002,PV_143_block_002,554429.45,L,554462.75,554479.4,5.674140754837231,257.7533004404563,33.300000000046566,0.4949954677184678,same,True
PV_143_002_554429_L,PV_143,002,PV_143_block_002,554429.45,L,554612.6,554645.9,5.67124858931678,257.1062100381141,183.15000000002328,0.15209493462373302,same,True
PV_143_002_554446_L,PV_143,002,PV_143_block_002,554446.1,L,554462.75,554479.4,5.674140754837231,257.7533004404563,16.650000000023283,179.6663178137245,reverse,False
PV_143_002_554446_L,PV_143,002,PV_143_block_002,554446.1,L,554612.6,554645.9,5.67124858931678,257.1062100381141,166.5,179.6865917839333,reverse,True
PV_143_002_554463_L,PV_143,002,PV_143_block_002,554462.75,L,554612.6,554645.9,5.67124858931678,257.1062100381141,149.84999999997672,0.6470904023422008,same,True
PV_143_002_564303_L,PV_143,002,PV_143_block_002,564302.9,L,564319.55,564336.2,5.683385968244261,77.60134473011544,16.650000000023283,179.61856958321493,reverse,False
PV_143_002_564303_L,PV_143,002,PV_143_block_002,564302.9,L,564336.2,564369.5,5.695095912723604,257.14941629148734,33.29999999993015,0.07049802184303644,same,False
PV_143_002_564320_L,PV_143,002,PV_143_block_002,564319.55,L,564336.2,564369.5,5.695095912723604,257.14941629148734,16.649999999906868,179.5480715613719,reverse,False
PV_143_002_721579_L,PV_143,002,PV_143_block_002,721578.8,L,721678.7,721745.3,,,99.89999999990687,,unknown,False
PV_143_002_721579_L,PV_143,002,PV_143_block_002,721578.8,L,721778.6,721845.2,3.0188513397877896,165.7311388265084,199.79999999993015,143.87093549962538,reverse,True
PV_143_002_776640_L,PV_143,002,PV_143_block_002,776640.35,L,776673.65,776690.3,3.4423897846841878,257.2671369677725,33.300000000046566,98.17838327403234,reverse,True
PV_143_002_776640_L,PV_143,002,PV_143_block_002,776640.35,L,776690.3,776723.6,,,49.95000000006985,,unknown,False
PV_143_002_776640_L,PV_143,002,PV_143_block_002,776640.35,L,776756.9,776806.85,3.317620989326641,116.86584929316835,116.55000000004657,121.42032905136352,reverse,True
PV_143_002_836281_L,PV_143,002,PV_143_block_002,836280.65,R,836430.5,836597.0,28.661956684310148,98.26632464401762,149.84999999997672,13.046847341767773,same,False
PV_143_002_837330_L,PV_143,002,PV_143_block_002,837329.6,L,837362.9,837412.85,,,33.300000000046566,,unknown,False
PV_143_002_837330_L,PV_143,002,PV_143_block_002,837329.6,L,837446.15,837512.75,4.597877529151571,112.37105467711237,116.55000000004657,108.45462095637652,reverse,True
PV_143_002_837330_L,PV_143,002,PV_143_block_002,837329.6,L,837562.7,837612.65,2.1748102212648277,252.04595207741102,233.09999999997672,111.87048164332481,reverse,True
PV_143_002_837330_L,PV_143,002,PV_143_block_002,837329.6,R,837462.8,837479.45,0.7648150161868325,357.4581388597033,133.20000000006985,6.4582948610325275,same,True
PV_143_002_863287_L,PV_143,002,PV_143_block_002,863286.95,L,863520.05,863570.0,4.15895614655924,354.9504846984632,233.10000000009313,65.3644506334577,same,True
PV_143_002_863287_L,PV_143,002,PV_143_block_002,863286.95,R,863436.8,863470.1,14.721494223408031,200.22883488357186,149.85000000009313,89.35719918143363,same,False
PV_143_002_863287_L,PV_143,002,PV_143_block_002,863286.95,R,863470.1,863503.4,10.338508999592863,307.70737824666986,183.15000000002328,18.12134418166437,same,False
PV_143_002_863287_L,PV_143,002,PV_143_block_002,863286.95,R,863503.4,863636.6,9.31381885654741,332.02356751041873,216.45000000006985,42.43753344541324,same,False
PV_143_002_863587_L,PV_143,002,PV_143_block_002,863586.65,R,863653.25,863669.9,0.6555629933810792,302.2133645676573,66.59999999997672,153.13447068342794,reverse,True
PV_143_002_42159_R,PV_143,002,PV_143_block_002,42158.9,L,42175.55,42208.85,,,16.650000000001455,,unknown,False
PV_143_002_42159_R,PV_143,002,PV_143_block_002,42158.9,L,42258.8,42308.75,2.3247322534769963,69.0891228685308,99.90000000000146,112.04231027428152,reverse,True
PV_143_002_42159_R,PV_143,002,PV_143_block_002,42158.9,R,42192.2,42208.85,1.1173112488507615,303.23026508168726,33.299999999995634,122.09883193887492,reverse,True
PV_143_002_42159_R,PV_143,002,PV_143_block_002,42158.9,R,42208.85,42242.15,0.9801426757847623,125.19395422165614,49.94999999999709,55.93747892115617,same,True
PV_143_002_42159_R,PV_143,002,PV_143_block_002,42158.9,R,42258.8,42292.1,2.7212048083380314,0.9311196199885362,99.90000000000146,179.79968647717624,reverse,True
PV_143_002_325192_R,PV_143,002,PV_143_block_002,325192.25,L,325208.9,325242.2,,,16.650000000023283,,unknown,False
PV_143_002_325192_R,PV_143,002,PV_143_block_002,325192.25,L,325308.8,325375.4,6.349875783490081,40.780876175169816,116.54999999998836,151.90596570727493,reverse,True
PV_143_002_325192_R,PV_143,002,PV_143_block_002,325192.25,R,325208.9,325225.55,1.981713088911528,101.06305264389525,16.650000000023283,91.6237892385495,reverse,True
PV_143_002_325192_R,PV_143,002,PV_143_block_002,325192.25,R,325225.55,325292.15,4.274601903978916,247.76084127840477,33.29999999998836,55.073999395960016,same,True
PV_143_002_325192_R,PV_143,002,PV_143_block_002,325192.25,R,325292.15,325358.75,9.414196426676176,16.63434651367666,99.90000000002328,176.0524953687681,reverse,False
PV_143_002_345056_R,PV_143,002,PV_143_block_002,345055.7,L,345122.3,345138.95,0.9295809024043404,38.37277671133661,66.59999999997672,30.362780532152016,same,True
PV_143_002_345056_R,PV_143,002,PV_143_block_002,345055.7,L,345138.95,345172.25,1.5433710775228486,131.1526530398748,83.25,123.14265686069018,reverse,True
PV_143_002_345056_R,PV_143,002,PV_143_block_002,345055.7,L,345188.9,345205.55,0.7567713639211505,152.76869514068585,133.20000000001164,144.75869896150124,reverse,True
PV_143_002_758375_R,PV_143,002,PV_143_block_002,758375.3,R,758408.6,758441.9,1.0761564592495672,287.9929668789567,33.29999999993015,147.01024159806923,reverse,True
PV_143_002_836430_R,PV_143,002,PV_143_block_002,836430.5,L,836646.95,836680.25,1.4205742065198004,288.87962175602104,216.44999999995343,169.3867028879966,reverse,True
PV_143_002_836430_R,PV_143,002,PV_143_block_002,836430.5,R,836630.3,836663.6,1.4789365335604627,289.00370263224346,199.80000000004657,169.26262201177417,reverse,True
PV_143_002_836430_R,PV_143,002,PV_143_block_002,836430.5,R,836680.25,836696.9,0.7394866521112046,267.7680142528937,249.75,169.50168960887606,reverse,True
PV_143_002_847086_R,PV_143,002,PV_143_block_002,847086.5,L,847203.05,847236.35,1.7486879430390876,107.85835053889949,116.55000000004657,35.67101702233717,same,True
PV_143_002_861572_R,PV_143,002,PV_143_block_002,861572.0,L,861605.3,861621.95,0.694876220960564,328.957055604108,33.300000000046566,138.61159389387728,reverse,True
PV_143_002_861572_R,PV_143,002,PV_143_block_002,861572.0,L,861638.6,861688.55,4.067657256694356,12.35282046216063,66.59999999997672,177.99264124807007,reverse,True
PV_143_002_861572_R,PV_143,002,PV_143_block_002,861572.0,R,861621.95,861638.6,2.5250037072782017,323.39685711494496,49.949999999953434,133.0513954047143,reverse,True
PV_143_002_861572_R,PV_143,002,PV_143_block_002,861572.0,R,861638.6,861655.25,0.7160591315867678,63.61569145994216,66.59999999997672,126.72977025028854,reverse,True
PV_143_002_861572_R,PV_143,002,PV_143_block_002,861572.0,R,861671.9,861721.85,7.695801667114212,94.76454195795262,99.90000000002328,95.58091975227808,reverse,True
PV_143_002_861572_R,PV_143,002,PV_143_block_002,861572.0,R,861721.85,861755.15,2.2805952275455263,15.599922436728107,149.84999999997672,174.74553927350257,reverse,True
PV_143_002_861672_R,PV_143,002,PV_143_block_002,861671.9,R,861721.85,861755.15,2.2805952275455263,15.599922436728107,49.949999999953434,79.16461952122451,same,True
PV_143_002_863437_R,PV_143,002,PV_143_block_002,863436.8,L,863520.05,863570.0,4.15895614655924,354.9504846984632,83.25,154.7216498148913,reverse,True
PV_143_002_863437_R,PV_143,002,PV_143_block_002,863436.8,L,863586.65,863769.8,24.74343920916221,95.34783525108524,149.84999999997672,104.88099963248662,reverse,False
PV_143_002_863437_R,PV_143,002,PV_143_block_002,863436.8,R,863470.1,863503.4,10.338508999592863,307.70737824666986,33.29999999993015,107.47854336309797,reverse,True
PV_143_002_863437_R,PV_143,002,PV_143_block_002,863436.8,R,863503.4,863636.6,9.31381885654741,332.02356751041873,66.59999999997672,131.7947326268469,reverse,True
PV_143_002_863437_R,PV_143,002,PV_143_block_002,863436.8,R,863653.25,863669.9,0.6555629933810792,302.2133645676573,216.44999999995343,101.98452968408549,reverse,True
PV_143_002_863470_R,PV_143,002,PV_143_block_002,863470.1,L,863520.05,863570.0,4.15895614655924,354.9504846984632,49.95000000006985,47.243106451793324,same,True
PV_143_002_863470_R,PV_143,002,PV_143_block_002,863470.1,L,863586.65,863769.8,24.74343920916221,95.34783525108524,116.55000000004657,147.6404570044154,reverse,False
PV_143_002_863470_R,PV_143,002,PV_143_block_002,863470.1,R,863503.4,863636.6,9.31381885654741,332.02356751041873,33.300000000046566,24.316189263748868,same,True
PV_143_002_863470_R,PV_143,002,PV_143_block_002,863470.1,R,863653.25,863669.9,0.6555629933810792,302.2133645676573,183.15000000002328,5.494013679012539,same,True
PV_143_002_930736_R,PV_143,002,PV_143_block_002,930736.1,L,930769.4,930819.35,4.403064574280106,48.07876031923795,33.300000000046566,108.44143816697999,reverse,True
PV_143_002_930736_R,PV_143,002,PV_143_block_002,930736.1,R,930786.05,930819.35,4.681206063562887,111.1996437605734,49.95000000006985,171.56232160831541,reverse,True
PV_143_002_930736_R,PV_143,002,PV_143_block_002,930736.1,R,930869.3,930885.95,0.9051280234484516,84.57850619204449,133.20000000006985,144.9411840397865,reverse,True
PV_143_002_1057359_R,PV_143,002,PV_143_block_002,1057359.35,R,1057376.0,1057409.3,,,16.649999999906868,,unknown,False
PV_143_002_1057359_R,PV_143,002,PV_143_block_002,1057359.35,R,1057442.6,1057459.25,1.1505985494679312,34.95252945431029,83.25,89.75805133037514,same,True
PV_143_003_221143_L,PV_143,003,PV_143_block_003,221142.85,L,221292.7,221309.35,0.6218822340843871,218.68636023949145,149.85000000000582,166.0542705141051,reverse,True
PV_143_003_221143_L,PV_143,003,PV_143_block_003,221142.85,L,221375.95,221409.25,0.9765426984284804,73.08386753663945,233.10000000000582,20.451777811253095,same,True
PV_143_003_221143_L,PV_143,003,PV_143_block_003,221142.85,R,221375.95,221409.25,2.209664513147331,79.53862708631192,233.10000000000582,26.90653736092557,same,True
PV_143_003_658588_R,PV_143,003,PV_143_block_003,658588.3,R,658754.8,658771.45,0.5766980422690561,323.4133008735655,166.5,171.97826694888238,reverse,True
PV_143_003_708755_R,PV_143,003,PV_143_block_003,708754.75,L,708887.95,708904.6,0.72586605211318,195.01181577842158,133.19999999995343,142.28545913764663,reverse,True
PV_143_003_708755_R,PV_143,003,PV_143_block_003,708754.75,L,708987.85,709021.15,6.04729580759002,16.79598225342081,233.09999999997672,39.498707337352585,same,True
PV_143_003_708755_R,PV_143,003,PV_143_block_003,708754.75,R,708871.3,708887.95,0.5334193524114682,156.91215753615907,116.55000000004657,179.61488262009084,reverse,True
PV_143_003_708755_R,PV_143,003,PV_143_block_003,708754.75,R,708987.85,709021.15,4.874227440158914,328.38898357279487,233.09999999997672,8.908291343273333,same,True
PV_143_003_727103_R,PV_143,003,PV_143_block_003,727103.05,L,727186.3,727219.6,2.3931647759767904,40.36340182540626,83.25,114.54036294249728,reverse,True
PV_143_003_727103_R,PV_143,003,PV_143_block_003,727103.05,R,727186.3,727236.25,3.1086406555538146,0.1686558353952976,83.25,154.73510893250824,reverse,True
PV_143_003_736194_L,PV_143,003,PV_143_block_003,736193.95,R,736293.85,736310.5,4.900286637066462,345.40178545600185,99.90000000002328,38.13826206620854,same,True
PV_143_003_866464_R,PV_143,003,PV_143_block_003,866463.55,R,866546.8,866563.45,0.5641038484172481,298.2448553646554,83.25,130.22478908986534,reverse,True
PV_143_003_922241_R,PV_143,003,PV_143_block_003,922241.05,L,922274.35,922291.0,0.5433865132779906,68.42915202754381,33.29999999993015,113.73550094057518,reverse,True
PV_143_003_922241_R,PV_143,003,PV_143_block_003,922241.05,R,922274.35,922291.0,0.7648433135193893,306.05182001279854,33.29999999993015,123.88716704467959,reverse,True
PV_143_003_1209404_R,PV_143,003,PV_143_block_003,1209403.6,L,1209436.9,1209486.85,3.411439672910214,53.20505648748713,33.299999999813735,81.63176849314942,same,True
PV_143_003_1209404_R,PV_143,003,PV_143_block_003,1209403.6,L,1209520.15,1209570.1,2.7817256484878357,192.51471036156767,116.54999999981374,139.05857763277004,reverse,True
PV_143_003_1209404_R,PV_143,003,PV_143_block_003,1209403.6,R,1209536.8,1209570.1,1.388211354659539,163.5036262333844,133.19999999995343,168.0696617609533,reverse,True
PV_143_003_103577_L,PV_143,003,PV_143_block_003,103577.2,L,103627.15,103710.4,13.640442705549857,15.406586406052567,49.94999999999709,44.007431622901834,same,False
PV_143_003_103577_L,PV_143,003,PV_143_block_003,103577.2,R,103643.8,103727.05,12.755287487571962,336.9361664646035,66.60000000000582,5.537011681452782,same,False
PV_143_003_103577_L,PV_143,003,PV_143_block_003,103577.2,R,103743.7,103777.0,1.2074381826789229,133.9351474150964,166.5,162.53599263194565,reverse,True
PV_143_003_483996_R,PV_143,003,PV_143_block_003,483996.4,R,484096.3,484129.6,1.6749339398643828,135.63993921402985,99.89999999996508,15.805624659237765,same,True
PV_143_004_198181_L,PV_143,004,PV_143_block_004,198180.75,L,198264.0,198297.3,1.398048088091242,49.81820969320768,83.25,28.1072760607301,same,True
PV_143_004_456289_R,PV_143,004,PV_143_block_004,456289.05,R,456438.9,456455.55,0.6865633389635059,310.9746412144547,149.85000000003492,175.26948699718605,reverse,True
PV_143_004_456289_R,PV_143,004,PV_143_block_004,456289.05,R,456505.5,456522.15,0.6167679280985643,304.9835097189863,216.45000000001164,169.2783555017176,reverse,True
PV_143_004_540088_L,PV_143,004,PV_143_block_004,540088.5,L,540155.1,540171.75,0.5283264044896742,207.1097640693803,66.59999999997672,178.1061177702461,reverse,True
PV_143_004_637491_R,PV_143,004,PV_143_block_004,637491.0,L,637574.25,637607.55,1.2728904263095788,20.679039374596616,83.25,35.58304469752005,same,True
PV_62_024_438916_R,PV_62,024,PV_62_block_024,438916.3,L,439018.2,439052.2,1.4259576612116143,344.39658062144025,101.90000000002328,166.7649039010903,reverse,True
PV_62_024_438916_R,PV_62,024,PV_62_block_024,438916.3,R,439018.2,439052.2,1.315607937631911,351.0647904598078,101.90000000002328,160.09669406272275,reverse,True
PV_62_024_640470_L,PV_62,024,PV_62_block_024,640469.5,L,640588.4,640622.4,1.5358432546110188,15.184015061021881,118.90000000002328,11.736512657677906,same,True
PV_62_024_640470_L,PV_62,024,PV_62_block_024,640469.5,R,640588.4,640605.4,3.9227089177820127,130.3311334035465,118.90000000002328,103.4106056848467,reverse,True
PV_62_024_1000070_R,PV_62,024,PV_62_block_024,1000069.75,L,1000120.7,1000137.7,1.249214243742858,190.1754826597853,50.949999999953434,108.6221345328089,reverse,True
PV_62_024_1100132_R,PV_62,024,PV_62_block_024,1100131.7,L,1100165.7,1100216.65,3.649711277883051,211.2367609026693,34.0,91.83361691010356,reverse,True
PV_62_024_1100132_R,PV_62,024,PV_62_block_024,1100131.7,L,1100233.6,1100318.55,16.54710094762354,116.77032130877961,101.9000000001397,2.6328226837861166,same,True
PV_62_024_1453365_R,PV_62,024,PV_62_block_024,1453365.45,L,1453433.4,1453467.35,1.527334407140576,206.34662716282426,67.94999999995343,93.59476518487747,reverse,True
PV_62_024_1542472_R,PV_62,024,PV_62_block_024,1542471.85,L,1542505.85,1542556.8,3.568812255887333,40.80583787495403,34.0,1.65399188647757,same,True
PV_62_026_227295_R,PV_62,026,PV_62_block_026,227295.0,R,227396.9,227447.85,,,101.89999999999418,,unknown,False
PV_62_026_663266_L,PV_62,026,PV_62_block_026,663265.75,L,663452.55,663486.5,1.2322100258440714,20.951330898310115,186.80000000004657,6.328417228426304,same,True
PV_62_026_848022_L,PV_62,026,PV_62_block_026,848022.25,R,848090.15,848124.15,2.8427669504490614,58.6505499389109,67.90000000002328,1.9183836075388285,same,True
PV_62_026_1224733_L,PV_62,026,PV_62_block_026,1224732.75,R,1224919.55,1224953.55,1.2216860694695346,0.37027324154888064,186.80000000004657,11.777944469791976,same,True
PV_62_026_1388252_L,PV_62,026,PV_62_block_026,1388252.0,L,1388387.9,1388421.85,1.6824165534194002,152.63762954577427,135.89999999990687,130.87587532728068,reverse,True
PV_62_026_1388252_L,PV_62,026,PV_62_block_026,1388252.0,R,1388353.9,1388404.85,2.608830053668752,233.39279377801932,101.89999999990687,50.12071109503563,same,True
PV_62_026_398511_R,PV_62,026,PV_62_block_026,398511.1,L,398562.05,398579.05,0.5499190057624632,262.97921707338844,50.95000000001164,104.43272319075538,reverse,True
PV_62_026_398511_R,PV_62,026,PV_62_block_026,398511.1,L,398714.9,398782.85,3.6932647503482134,169.56077804039643,203.80000000004657,11.01428415776337,same,True
PV_62_026_1239848_R,PV_62,026,PV_62_block_026,1239847.9,L,1239966.8,1239983.75,0.9802274176299048,180.29161971654383,118.9000000001397,65.35275258161289,same,True
PV_62_026_1239848_R,PV_62,026,PV_62_block_026,1239847.9,L,1240017.75,1240051.7,1.8079665224598087,22.20789232554704,169.85000000009313,92.7309748093839,reverse,True
PV_62_026_1239848_R,PV_62,026,PV_62_block_026,1239847.9,R,1240017.75,1240034.75,0.7949821000721493,324.87185678712,169.85000000009313,150.06701034781094,reverse,True
PV_62_038_315090_R,PV_62,038,PV_62_block_038,315089.5,L,315157.5,315191.45,1.803450962551765,82.30548259178043,68.0,76.7857603844684,same,True
PV_62_038_315090_R,PV_62,038,PV_62_block_038,315089.5,L,315225.45,315310.35,5.881863187640919,190.15202340942344,135.95000000001164,175.36769879788858,reverse,True
PV_62_038_317077_L,PV_62,038,PV_62_block_038,317077.0,R,317229.85,317263.8,1.3768738635725775,264.9932502448346,152.84999999997672,100.45829576463666,reverse,True
PV_62_038_367817_R,PV_62,038,PV_62_block_038,367817.2,R,368004.05,368038.0,2.3030457733370593,115.88903963225191,186.84999999997672,34.18290981067969,same,True
PV_62_038_377059_R,PV_62,038,PV_62_block_038,377058.95,L,377228.8,377262.75,1.5545038485792364,1.3020986929860432,169.84999999997672,159.17848605982323,reverse,True
PV_62_038_439789_R,PV_62,038,PV_62_block_038,439789.2,L,439891.15,439908.1,0.6701671277892918,211.49866671886545,101.95000000001164,110.11857321428593,reverse,True
PV_62_038_439789_R,PV_62,038,PV_62_block_038,439789.2,R,439874.15,439908.1,2.014082094871586,148.1414955698,84.95000000001164,173.47574436335137,reverse,True
PV_62_038_448027_L,PV_62,038,PV_62_block_038,448027.0,R,448264.8,448281.75,0.6246778545387841,245.5268340465338,237.79999999998836,134.07621539761203,reverse,True
PV_62_038_461327_R,PV_62,038,PV_62_block_038,461326.55,R,461428.45,461530.4,5.805504601642912,289.0543783066379,101.90000000002328,162.52363011033816,reverse,True
PV_62_038_461785_R,PV_62,038,PV_62_block_038,461785.15,R,461853.15,461870.1,0.5611885259665003,320.54410948388977,68.0,159.4700722011379,reverse,True
PV_62_038_463790_R,PV_62,038,PV_62_block_038,463790.05,R,463926.0,463942.95,0.6792625810739834,293.3490506859721,135.95000000001164,170.00958964814077,reverse,True
PV_62_038_463790_R,PV_62,038,PV_62_block_038,463790.05,R,463959.95,463993.95,1.8322951705148283,325.4922147916846,169.90000000002328,157.8472462461467,reverse,True
PV_62_038_472725_R,PV_62,038,PV_62_block_038,472724.65,R,472826.5,472877.45,2.095784075251141,279.21304411102636,101.84999999997672,150.01174774995803,reverse,True
PV_62_038_541297_R,PV_62,038,PV_62_block_038,541297.15,R,541467.0,541500.95,1.064592408370381,97.01862702756762,169.84999999997672,132.74851674392505,reverse,True
PV_62_038_543573_L,PV_62,038,PV_62_block_038,543573.15,L,543760.05,543777.05,0.6138741056160267,193.68207376355926,186.90000000002328,168.40560105045176,reverse,True
PV_62_038_543573_L,PV_62,038,PV_62_block_038,543573.15,L,543794.05,543811.0,0.6006430753021554,177.89449096132768,220.90000000002328,152.6180182482202,reverse,True
PV_62_038_543573_L,PV_62,038,PV_62_block_038,543573.15,R,543794.05,543828.0,1.5576237462086073,178.9091739302062,220.90000000002328,153.6327012170987,reverse,True
PV_62_038_547718_L,PV_62,038,PV_62_block_038,547718.3,L,547837.25,547854.2,0.6458451736085778,219.3993830027735,118.94999999995343,169.0620561056266,reverse,True
PV_62_038_547718_L,PV_62,038,PV_62_block_038,547718.3,L,547888.2,547905.2,0.6558404072040718,185.51350608475147,169.89999999990687,157.0520669763514,reverse,True
PV_62_038_547718_L,PV_62,038,PV_62_block_038,547718.3,R,547905.2,547922.2,0.539788883426925,186.29717173379558,186.89999999990687,157.8357326253955,reverse,True
PV_62_038_577858_R,PV_62,038,PV_62_block_038,577857.7,L,577959.6,577976.6,0.7908833798482101,352.90187696747796,101.90000000002328,140.25424799050472,reverse,True
PV_62_038_577858_R,PV_62,038,PV_62_block_038,577857.7,L,577993.6,578010.6,0.5734745382363188,337.4608813547557,135.90000000002328,155.69524360322697,reverse,True
PV_62_038_577858_R,PV_62,038,PV_62_block_038,577857.7,R,577942.6,578061.55,8.738427588302859,349.70764866561365,84.90000000002328,143.44847629236904,reverse,False
PV_62_038_577943_R,PV_62,038,PV_62_block_038,577942.6,L,577993.6,578010.6,0.5734745382363188,337.4608813547557,51.0,12.246767310857933,same,True
PV_62_038_579625_R,PV_62,038,PV_62_block_038,579624.55,L,579811.45,579845.45,1.8603303560546978,2.8095529673475403,186.89999999990687,136.26895337452316,reverse,True
PV_62_038_579625_R,PV_62,038,PV_62_block_038,579624.55,R,579811.45,579947.4,9.43550270846251,346.76755805801383,186.89999999990687,152.31094828385687,reverse,True
PV_62_038_579811_R,PV_62,038,PV_62_block_038,579811.45,L,579879.4,579930.4,2.6435776560476243,3.7022773097663007,67.95000000006985,16.934719251752483,same,True
PV_62_038_581103_R,PV_62,038,PV_62_block_038,581102.6,L,581238.55,581255.5,0.7027601893771601,10.231880149351323,135.95000000006985,139.04712249656495,reverse,True
PV_62_038_581103_R,PV_62,038,PV_62_block_038,581102.6,R,581187.55,581204.55,0.6338504580982289,280.5572200229134,84.95000000006985,131.27821737699708,reverse,True
PV_62_038_581103_R,PV_62,038,PV_62_block_038,581102.6,R,581221.55,581255.5,1.7810570843464755,305.08875782918835,118.95000000006985,155.80975518327205,reverse,True
PV_62_038_581103_R,PV_62,038,PV_62_block_038,581102.6,R,581272.5,581306.5,1.4299634785372732,3.1199846898149226,169.90000000002328,146.15901795610137,reverse,True
PV_62_038_583294_R,PV_62,038,PV_62_block_038,583294.15,R,583447.05,583498.0,2.428893441594462,1.046603808065499,152.90000000002328,136.02745654435356,reverse,True
PV_62_038_585928_R,PV_62,038,PV_62_block_038,585927.55,L,586012.5,586046.55,1.9708820349671394,7.004519122769512,84.94999999995343,134.93837969478938,reverse,True
PV_62_038_585928_R,PV_62,038,PV_62_block_038,585927.55,R,586012.5,586063.5,2.508708813495118,323.854593183102,84.94999999995343,178.0883056344569,reverse,True
PV_62_038_587083_R,PV_62,038,PV_62_block_038,587082.95,L,587252.85,587303.85,2.130175333347214,4.101843009594471,169.90000000002328,143.01141308861799,reverse,True
PV_62_038_587083_R,PV_62,038,PV_62_block_038,587082.95,R,587184.9,587235.9,3.809549238216469,334.76756823658525,101.95000000006985,172.3456878616272,reverse,True
PV_62_038_587083_R,PV_62,038,PV_62_block_038,587082.95,R,587252.85,587303.85,4.407973416408456,338.7627743393003,169.90000000002328,168.35048175891217,reverse,True
PV_62_038_587559_L,PV_62,038,PV_62_block_038,587558.7,L,587592.65,587609.65,0.549386502949699,89.58285226821874,33.95000000006985,93.53029244356296,reverse,True
PV_62_038_587559_L,PV_62,038,PV_62_block_038,587558.7,L,587643.6,587711.6,3.724839940113115,4.139269760122262,84.90000000002328,178.97387495165944,reverse,True
PV_62_038_587559_L,PV_62,038,PV_62_block_038,587558.7,R,587626.65,587694.6,4.7105092187604525,345.0838287225685,67.95000000006985,161.97068401078684,reverse,True
PV_62_038_607980_L,PV_62,038,PV_62_block_038,607979.8,L,608064.75,608098.75,1.599893220677692,306.259770659999,84.94999999995343,56.63684781060289,same,True
PV_62_038_607980_L,PV_62,038,PV_62_block_038,607979.8,R,608081.75,608132.7,2.619832584434869,220.218934302788,101.94999999995343,142.67768416781382,reverse,True
PV_62_038_654662_R,PV_62,038,PV_62_block_038,654661.9,L,654899.75,654916.7,0.7551599039056296,179.09069362855163,237.84999999997672,150.09477404998407,reverse,True
PV_62_038_654662_R,PV_62,038,PV_62_block_038,654661.9,R,654780.8,654848.75,3.9849705028042144,66.14029237051399,118.90000000002328,96.95482469197827,reverse,True
PV_62_038_654662_R,PV_62,038,PV_62_block_038,654661.9,R,654882.75,654899.75,0.6700000542944762,164.19954827376714,220.84999999997672,164.98591940476857,reverse,True
PV_62_038_655426_R,PV_62,038,PV_62_block_038,655426.3,L,655528.2,655562.15,1.9571044823097414,195.02564647745643,101.89999999990687,106.51679182715773,reverse,True
PV_62_038_655426_R,PV_62,038,PV_62_block_038,655426.3,R,655528.2,655545.15,1.8283706896418264,169.64040576969734,101.89999999990687,131.90203253491683,reverse,True
PV_62_038_660522_R,PV_62,038,PV_62_block_038,660522.5,L,660624.4,660658.35,1.5480152990508511,28.149886161735708,101.90000000002328,149.15073561684983,reverse,True
PV_62_038_667962_R,PV_62,038,PV_62_block_038,667962.25,L,668064.2,668098.15,1.128239268309079,22.952188453203878,101.94999999995343,124.5402795431694,reverse,True
PV_62_038_667962_R,PV_62,038,PV_62_block_038,667962.25,R,668047.2,668098.15,5.0491892590827865,35.4437821703272,84.94999999995343,112.04868582604608,reverse,True
PV_62_038_681686_L,PV_62,038,PV_62_block_038,681685.8,L,681838.65,681855.65,0.7924984307256021,312.88841388531716,152.84999999997672,179.39920560019652,reverse,True
PV_62_038_681686_L,PV_62,038,PV_62_block_038,681685.8,R,681804.7,681872.6,4.480473632772754,353.7619958450316,118.89999999990687,138.52562364048208,reverse,True
PV_62_038_683690_L,PV_62,038,PV_62_block_038,683690.15,R,683792.05,683809.05,0.5635685996666664,267.7468590299391,101.90000000002328,56.197738923852285,same,True
PV_62_038_684794_R,PV_62,038,PV_62_block_038,684794.2,R,684896.1,684913.05,0.6275507091409358,17.063610535180725,101.90000000002328,130.4290985822463,reverse,True
PV_62_038_723592_R,PV_62,038,PV_62_block_038,723591.7,R,723727.6,723761.55,1.7265117861058594,305.95572978803943,135.90000000002328,179.79796389438013,reverse,True
PV_62_038_735635_L,PV_62,038,PV_62_block_038,735635.4,R,735737.3,735788.25,3.173348825115791,85.11740212169316,101.90000000002328,59.03806437386464,same,True
PV_62_038_736638_R,PV_62,038,PV_62_block_038,736637.5,R,736739.45,736773.4,1.5128613964901134,169.19692929175227,101.94999999995343,155.6922775459422,reverse,True
PV_62_038_740188_L,PV_62,038,PV_62_block_038,740187.6,R,740340.55,740357.5,0.5884539466618756,200.46231215146628,152.95000000006985,174.00050521123416,reverse,True
PV_62_038_740188_L,PV_62,038,PV_62_block_038,740187.6,R,740408.45,740425.45,0.5871996506630264,88.18525168642958,220.84999999997672,73.72243432372915,same,True
PV_62_038_743109_R,PV_62,038,PV_62_block_038,743109.25,R,743330.15,743347.1,0.6843631010610136,140.10647194969704,220.90000000002328,172.36212343571236,reverse,True
PV_62_038_750821_R,PV_62,038,PV_62_block_038,750820.9,L,751058.65,751092.65,2.4443077025981332,161.83934597395995,237.75,1.8286984212196558,same,True
PV_62_038_750821_R,PV_62,038,PV_62_block_038,750820.9,R,750956.75,751024.7,3.8024261200356824,351.890245698224,135.84999999997672,168.12040185451627,reverse,True
PV_62_038_750821_R,PV_62,038,PV_62_block_038,750820.9,R,751058.65,751075.65,1.967886078802536,157.12482068330294,237.75,2.885826869437352,same,True
PV_62_038_754982_R,PV_62,038,PV_62_block_038,754982.15,R,755118.0,755168.95,2.814228869630877,347.42685809397005,135.84999999997672,173.2767135596107,reverse,True
PV_62_038_754982_R,PV_62,038,PV_62_block_038,754982.15,R,755185.95,755202.95,0.7108151465259488,358.16739640697637,203.79999999993015,175.982748127383,reverse,True
PV_62_038_811033_R,PV_62,038,PV_62_block_038,811032.85,L,811151.75,811185.75,1.704192586789037,231.61214502411514,118.90000000002328,88.8078353710111,same,True
PV_62_038_811033_R,PV_62,038,PV_62_block_038,811032.85,R,811202.7,811236.7,1.7232360132981348,121.08677162380033,169.84999999997672,160.66679122867413,reverse,True
PV_62_038_811033_R,PV_62,038,PV_62_block_038,811032.85,R,811253.7,811270.7,0.5615967070353134,152.9043589807874,220.84999999997672,167.51562141433882,reverse,True
PV_62_038_821565_L,PV_62,038,PV_62_block_038,821565.45,L,821701.3,821735.3,1.2761199596702875,193.9395079528361,135.85000000009313,159.8022125670945,reverse,True
PV_62_038_821565_L,PV_62,038,PV_62_block_038,821565.45,L,821752.25,821769.25,0.6218794689366541,183.8846239790128,186.80000000004657,149.74732859327116,reverse,True
PV_62_038_842713_R,PV_62,038,PV_62_block_038,842712.65,R,842865.5,842899.45,1.5351208865508503,352.0808472875783,152.84999999997672,159.87752993898135,reverse,True
PV_62_038_848878_R,PV_62,038,PV_62_block_038,848878.3,R,848997.2,849014.15,0.7392456072684213,299.041753289967,118.89999999990687,157.62456347625096,reverse,True
PV_62_038_912626_L,PV_62,038,PV_62_block_038,912625.6,L,912727.55,912761.5,1.2556042917531542,244.86087342944217,101.95000000006985,146.37135900613987,reverse,True
PV_62_038_912626_L,PV_62,038,PV_62_block_038,912625.6,L,912846.45,912863.45,0.5561871019578253,178.39632031332408,220.84999999997672,147.16408787774208,reverse,True
PV_62_038_912626_L,PV_62,038,PV_62_block_038,912625.6,R,912812.45,912863.45,2.3865059390098735,124.73030528919735,186.84999999997672,93.49807285361533,reverse,True
PV_62_038_915751_R,PV_62,038,PV_62_block_038,915750.75,L,915818.75,915835.7,0.7355080828482727,270.2767802620266,68.0,56.09765575804903,same,True
PV_62_038_915751_R,PV_62,038,PV_62_block_038,915750.75,L,915937.6,915954.6,0.5262878837089295,202.53574480709185,186.84999999997672,123.83869121298378,reverse,True
PV_62_038_915751_R,PV_62,038,PV_62_block_038,915750.75,R,915971.55,915988.6,0.5436639286110699,155.78036695201334,220.80000000004657,170.59406906806228,reverse,True
PV_62_038_919878_R,PV_62,038,PV_62_block_038,919877.95,L,919979.85,920013.8,3.3253452100264327,148.11041908017668,101.90000000002328,134.7535077849243,reverse,True
PV_62_038_919878_R,PV_62,038,PV_62_block_038,919877.95,L,920047.75,920064.75,0.694646236822343,250.42060729629128,169.80000000004657,122.93630399896108,reverse,True
PV_62_038_938428_L,PV_62,038,PV_62_block_038,938428.0,L,938512.9,938529.9,0.6073078596526604,13.996737546725658,84.90000000002328,89.20152156230068,same,True
PV_62_038_949638_R,PV_62,038,PV_62_block_038,949637.55,R,949739.5,949756.45,0.5688588062888599,311.58111537390914,101.94999999995343,164.46612644620666,reverse,True
PV_62_038_951523_R,PV_62,038,PV_62_block_038,951522.85,R,951658.8,951692.75,1.7523802794901235,329.0000995506404,135.95000000006985,166.71155874663452,reverse,True
PV_62_038_951523_R,PV_62,038,PV_62_block_038,951522.85,R,951709.75,951726.7,0.654328205449439,324.67022074248507,186.90000000002328,171.0414375547898,reverse,True
PV_62_038_952746_R,PV_62,038,PV_62_block_038,952745.8,R,952847.75,952881.7,1.8138740822341008,295.2439121348217,101.94999999995343,164.68072094807394,reverse,True
PV_62_038_956924_R,PV_62,038,PV_62_block_038,956924.3,R,957009.2,957026.2,0.7236669392788794,287.72432151375773,84.89999999990687,133.4742752380397,reverse,True
PV_62_038_1007993_R,PV_62,038,PV_62_block_038,1007993.2,R,1008180.1,1008214.05,1.1384231769976152,112.84520191551772,186.90000000002328,140.44992038866258,reverse,True
PV_62_038_1029922_R,PV_62,038,PV_62_block_038,1029922.3,R,1030058.15,1030092.1,1.6176740898576827,321.9150485856967,135.84999999997672,150.98011154816106,reverse,True
PV_62_038_1036971_R,PV_62,038,PV_62_block_038,1036971.2,R,1037124.05,1037158.05,1.4987125654553999,320.27686704741905,152.85000000009313,162.81261264765556,reverse,True
PV_62_038_1037888_R,PV_62,038,PV_62_block_038,1037888.4,L,1038041.2,1038058.2,0.7296241485145194,82.64166736107279,152.79999999993015,34.50489134798522,same,True
PV_62_038_1037888_R,PV_62,038,PV_62_block_038,1037888.4,R,1038007.25,1038024.2,0.6950038169145774,267.66335057449595,118.84999999997672,150.51679186543794,reverse,True
PV_62_038_1037888_R,PV_62,038,PV_62_block_038,1037888.4,R,1038041.2,1038126.15,3.9729514478210213,308.2407006234502,152.79999999993015,168.9058580856078,reverse,True
PV_62_038_1039094_R,PV_62,038,PV_62_block_038,1039094.25,L,1039162.15,1039179.15,0.5448536172490882,178.71962010308897,67.90000000002328,159.69136309708927,reverse,True
PV_62_038_1073827_R,PV_62,038,PV_62_block_038,1073827.05,R,1073912.05,1073929.0,0.552859603284909,15.644664330739474,85.0,66.023086587367,same,True
PV_62_038_1073827_R,PV_62,038,PV_62_block_038,1073827.05,R,1073963.0,1074013.95,2.3721120383194685,86.38187621543011,135.94999999995343,136.76029847205763,reverse,True
PV_62_038_1074574_R,PV_62,038,PV_62_block_038,1074574.35,R,1074659.3,1074676.3,0.7737400197246307,165.686636480646,84.94999999995343,134.6812863603909,reverse,True
PV_62_038_1155318_R,PV_62,038,PV_62_block_038,1155317.8,L,1155419.7,1155572.55,9.186281516555184,191.94122902193163,101.89999999990687,125.30615893044222,reverse,True
PV_62_038_1155318_R,PV_62,038,PV_62_block_038,1155317.8,R,1155419.7,1155453.65,1.7940261688704884,163.89075556743984,101.89999999990687,153.35663238493402,reverse,True
PV_62_038_1168600_R,PV_62,038,PV_62_block_038,1168600.45,R,1168753.3,1168770.35,0.5323868565575418,302.4359637503389,152.85000000009313,170.07305257568368,reverse,True
PV_62_038_1168600_R,PV_62,038,PV_62_block_038,1168600.45,R,1168787.3,1168804.3,0.7288120387497081,336.1641146753068,186.85000000009313,156.19879649934842,reverse,True
PV_62_038_1222973_L,PV_62,038,PV_62_block_038,1222973.2,L,1223092.1,1223109.1,0.5941493072482713,197.0311489822605,118.9000000001397,172.80493090598412,reverse,True
PV_62_038_1222973_L,PV_62,038,PV_62_block_038,1222973.2,R,1223177.05,1223194.05,0.7303356126326098,249.61734053430501,203.85000000009313,134.60887754197137,reverse,True
PV_62_038_1244566_L,PV_62,038,PV_62_block_038,1244566.4,L,1244804.3,1244872.25,3.5895922503402202,238.28756800758725,237.9000000001397,175.62831220203543,reverse,True
PV_62_038_1244566_L,PV_62,038,PV_62_block_038,1244566.4,R,1244804.3,1244838.25,2.3132408061245515,131.64177367761096,237.9000000001397,68.9825178720591,same,True
PV_62_038_1257630_R,PV_62,038,PV_62_block_038,1257630.1,R,1257715.0,1257749.0,1.530306625040849,337.7042301858113,84.89999999990687,146.38766171626673,reverse,True
PV_62_038_1287951_R,PV_62,038,PV_62_block_038,1287951.0,L,1288001.95,1288018.9,0.7588286474319944,166.72861393038187,50.949999999953434,41.70387950825875,same,True
PV_62_038_1325065_R,PV_62,038,PV_62_block_038,1325065.15,R,1325252.1,1325269.05,0.6644004664373693,74.26872509016076,186.95000000018626,47.22085768721212,same,True
PV_62_038_1325065_R,PV_62,038,PV_62_block_038,1325065.15,R,1325303.05,1325320.0,0.6332727996669402,279.0571848025239,237.9000000001397,157.56760202515107,reverse,True
PV_62_038_1357920_R,PV_62,038,PV_62_block_038,1357920.1,L,1358123.9,1358157.9,1.8718449066280263,217.77708512343202,203.79999999981374,126.0862491559476,reverse,True
PV_62_038_1357920_R,PV_62,038,PV_62_block_038,1357920.1,R,1358140.9,1358157.9,0.5375882739549607,143.089169256476,220.79999999981374,159.22583497709638,reverse,True
PV_62_038_1387819_L,PV_62,038,PV_62_block_038,1387819.3,R,1387972.2,1387989.2,0.503854127283539,329.90797094237695,152.89999999990687,174.67047843074437,reverse,True
PV_62_038_1395805_R,PV_62,038,PV_62_block_038,1395804.9,R,1395906.9,1395923.85,0.7625035089046142,306.14854531217105,102.0,179.24910609156456,reverse,True
PV_62_038_1405796_R,PV_62,038,PV_62_block_038,1405796.2,L,1405966.1,1405983.1,0.7820757263805919,178.25381897408832,169.9000000001397,158.8394261900204,reverse,True
PV_62_038_1405796_R,PV_62,038,PV_62_block_038,1405796.2,R,1405932.1,1405949.1,0.7322054550201409,214.92361153306808,135.9000000001397,164.49078125099987,reverse,True
PV_62_038_1437028_R,PV_62,038,PV_62_block_038,1437028.45,L,1437096.4,1437113.45,0.8485831186462052,271.1683686802352,67.94999999995343,61.40749830627493,same,True
PV_62_038_1437028_R,PV_62,038,PV_62_block_038,1437028.45,L,1437113.45,1437198.4,19.831741795019628,133.12362993987452,85.0,160.54776295336444,reverse,False
PV_62_038_1437028_R,PV_62,038,PV_62_block_038,1437028.45,R,1437147.4,1437198.4,3.003398635470186,170.242012070532,118.94999999995343,162.3338549159781,reverse,True
PV_62_038_1439934_L,PV_62,038,PV_62_block_038,1439933.65,L,1440052.55,1440103.55,2.4360186095237766,133.54765455107878,118.9000000001397,177.88883821165274,reverse,True
PV_62_038_1439934_L,PV_62,038,PV_62_block_038,1439933.65,R,1440035.55,1440086.5,2.4470540485891554,197.13178418740054,101.9000000001397,118.5270321520255,reverse,True
PV_62_038_1475387_R,PV_62,038,PV_62_block_038,1475386.6,L,1475420.55,1475454.55,19.627567991260864,275.62899023846444,33.949999999953434,133.1821242979912,reverse,False
PV_62_038_1476270_R,PV_62,038,PV_62_block_038,1476269.8,R,1476405.7,1476456.65,3.289031876358654,4.03341159472077,135.89999999990687,161.64456748420307,reverse,True
PV_62_038_1477764_R,PV_62,038,PV_62_block_038,1477764.5,R,1477917.35,1477934.35,0.7511077056285889,328.532020121256,152.85000000009313,174.17484037011457,reverse,True
PV_62_038_1496875_R,PV_62,038,PV_62_block_038,1496874.65,L,1496959.6,1497010.6,,,84.95000000018626,,unknown,False
PV_62_038_1496875_R,PV_62,038,PV_62_block_038,1496874.65,R,1496959.6,1497044.6,8.172333415013705,157.01065539936147,84.95000000018626,128.9716563463594,reverse,False
PV_62_038_1498455_R,PV_62,038,PV_62_block_038,1498454.65,R,1498556.55,1498573.55,,,101.9000000001397,,unknown,False
PV_62_038_1512332_L,PV_62,038,PV_62_block_038,1512332.25,L,1512468.2,1512502.15,1.7984503043366966,154.82555566601386,135.94999999995343,174.37525085531175,reverse,True
PV_62_038_1512332_L,PV_62,038,PV_62_block_038,1512332.25,R,1512451.2,1512468.2,0.6327179974747212,163.93062196588954,118.94999999995343,165.27018455543606,reverse,True
PV_62_038_1527209_R,PV_62,038,PV_62_block_038,1527209.2,L,1527328.05,1527345.05,0.7959444785798042,231.13208052367656,118.85000000009313,32.043528715924936,same,True
PV_62_038_1547982_R,PV_62,038,PV_62_block_038,1547982.0,L,1548066.9,1548202.75,10.214435022148306,297.66505327907856,84.89999999990687,53.417360363440025,same,True
PV_62_038_1553450_R,PV_62,038,PV_62_block_038,1553449.85,R,1553687.6,1553704.6,0.5425344971580033,21.989855079697293,237.75,42.517295990970524,same,True
PV_62_038_1556507_R,PV_62,038,PV_62_block_038,1556507.0,R,1556608.85,1556625.85,0.5952623883274456,264.7934372583236,101.85000000009313,86.89701917213847,same,True
PV_62_038_1556507_R,PV_62,038,PV_62_block_038,1556507.0,R,1556642.85,1556659.8,,,135.85000000009313,,unknown,False
PV_62_038_1556507_R,PV_62,038,PV_62_block_038,1556507.0,R,1556710.75,1556744.75,2.494844095472392,4.387837188621006,203.75,173.5085808975641,reverse,True
PV_62_038_1566476_L,PV_62,038,PV_62_block_038,1566476.3,L,1566595.2,1566663.1,6.573147748072666,55.380540250864364,118.89999999990687,58.33170960905298,same,True
PV_62_038_1566476_L,PV_62,038,PV_62_block_038,1566476.3,L,1566697.05,1566748.0,,,220.75,,unknown,False
PV_62_038_1566476_L,PV_62,038,PV_62_block_038,1566476.3,R,1566595.2,1566612.2,1.054344929992421,192.44281940113095,118.89999999990687,78.73056954121364,same,True
PV_62_038_1566476_L,PV_62,038,PV_62_block_038,1566476.3,R,1566663.1,1566748.0,4.562117007103166,34.4849662138509,186.80000000004657,79.22728364606644,same,True
PV_62_038_1566595_L,PV_62,038,PV_62_block_038,1566595.2,L,1566697.05,1566748.0,,,101.85000000009313,,unknown,False
PV_62_038_1566595_L,PV_62,038,PV_62_block_038,1566595.2,R,1566663.1,1566748.0,4.562117007103166,34.4849662138509,67.9000000001397,20.89557403701346,same,True
PV_62_038_1598593_R,PV_62,038,PV_62_block_038,1598593.25,R,1598712.15,1598729.1,0.552934444054077,171.32681976243055,118.89999999990687,127.36692804494913,reverse,True
PV_62_038_1599544_R,PV_62,038,PV_62_block_038,1599544.4,L,1599680.3,1599714.25,1.5908555322277573,161.86603260078041,135.9000000001397,95.71093598739691,reverse,True
PV_62_038_1599544_R,PV_62,038,PV_62_block_038,1599544.4,R,1599697.25,1599731.25,1.4879516848838907,257.0305067307949,152.85000000009313,169.12458988258857,reverse,True
PV_62_038_1675162_R,PV_62,038,PV_62_block_038,1675161.55,L,1675263.4,1675297.35,1.0336404206223235,243.6136446309862,101.8499999998603,41.406100689603136,same,True
PV_62_038_1675162_R,PV_62,038,PV_62_block_038,1675161.55,R,1675280.4,1675297.35,0.5782911094537663,244.53200339255187,118.8499999998603,40.48774192803745,same,True
PV_62_038_1683873_R,PV_62,038,PV_62_block_038,1683873.0,L,1683957.9,1683991.85,1.6339877408257253,148.13250150741843,84.89999999990687,116.82290334095148,reverse,True
PV_62_038_1683873_R,PV_62,038,PV_62_block_038,1683873.0,R,1683974.85,1683991.85,0.59556230878392,200.07058234137133,101.85000000009313,168.76098417490442,reverse,True
PV_62_038_1684332_R,PV_62,038,PV_62_block_038,1684331.55,L,1684399.45,1684416.45,0.7788963309086074,148.0059327153288,67.89999999990687,132.28214740277713,reverse,True
PV_62_038_1684332_R,PV_62,038,PV_62_block_038,1684331.55,R,1684382.5,1684416.45,3.875668638361402,95.6729436102659,50.949999999953434,79.94915829771423,same,True
PV_62_038_1685096_R,PV_62,038,PV_62_block_038,1685095.7,L,1685197.6,1685248.5,26.955039188342543,120.63892713127738,101.9000000001397,97.76798987090694,reverse,False
PV_62_038_1685096_R,PV_62,038,PV_62_block_038,1685095.7,R,1685180.6,1685231.55,4.236131458112112,118.34923055972608,84.9000000001397,95.47829329935564,reverse,True
PV_62_038_1689104_R,PV_62,038,PV_62_block_038,1689103.75,R,1689239.6,1689256.6,0.6348343043724948,82.61411697404938,135.85000000009313,122.95857899720912,reverse,True
PV_62_038_1689104_R,PV_62,038,PV_62_block_038,1689103.75,R,1689273.55,1689375.5,,,169.80000000004657,,unknown,False
PV_62_038_1708330_L,PV_62,038,PV_62_block_038,1708330.1,R,1708465.95,1708482.95,0.5542778906404324,252.40472877399702,135.8499999998603,22.764006214322677,same,True
PV_62_038_1708330_L,PV_62,038,PV_62_block_038,1708330.1,R,1708516.9,1708533.9,0.7088929455654707,281.10640395872156,186.79999999981374,51.46568139904721,same,True
PV_62_038_1784568_R,PV_62,038,PV_62_block_038,1784567.85,L,1784737.65,1784754.65,0.7634725881603891,207.29739908469966,169.79999999981374,109.48515767598812,reverse,True
PV_62_038_1784568_R,PV_62,038,PV_62_block_038,1784567.85,L,1784771.65,1784839.6,6.3357313732262375,134.84004908223287,203.79999999981374,178.05749232154506,reverse,True
PV_62_038_1784568_R,PV_62,038,PV_62_block_038,1784567.85,R,1784737.65,1784754.65,0.5060183028764443,132.78444015369186,169.79999999981374,176.00188339300405,reverse,True
PV_62_038_1784568_R,PV_62,038,PV_62_block_038,1784567.85,R,1784771.65,1784805.6,1.6028455080077113,146.79213878166112,203.79999999981374,169.99041797902666,reverse,True
PV_62_038_1784772_L,PV_62,038,PV_62_block_038,1784771.65,L,1784839.6,1784856.6,0.6849472776781201,226.7969273375855,67.95000000018626,91.95687825535265,reverse,True
PV_62_038_1784772_L,PV_62,038,PV_62_block_038,1784771.65,R,1784822.6,1784839.6,,,50.950000000186265,,unknown,False
PV_62_038_1800787_L,PV_62,038,PV_62_block_038,1800787.45,R,1800838.4,1800872.35,2.627562158547422,272.2503905773899,50.949999999953434,18.958687778073454,same,True
PV_62_038_1816482_R,PV_62,038,PV_62_block_038,1816482.4,L,1816669.25,1816686.25,0.6298589178558871,209.77268361328655,186.85000000009313,79.60995860387092,same,True
PV_62_038_1816482_R,PV_62,038,PV_62_block_038,1816482.4,R,1816601.3,1816652.25,2.658415485479531,261.97132594605586,118.9000000001397,27.41131627110161,same,True
PV_62_038_1818997_L,PV_62,038,PV_62_block_038,1818996.8,L,1819013.8,1819064.7,3.167625199927931,11.193751237272595,17.0,117.16257523184585,reverse,True
PV_62_038_1818997_L,PV_62,038,PV_62_block_038,1818996.8,L,1819217.6,1819234.6,1.3638096519198166,271.2832394505847,220.80000000004657,142.92691298146622,reverse,True
PV_62_038_1818997_L,PV_62,038,PV_62_block_038,1818996.8,L,1819234.6,1819268.55,0.9702529420513707,121.32794300595272,237.80000000004657,7.02838346316571,same,True
PV_62_038_1818997_L,PV_62,038,PV_62_block_038,1818996.8,R,1819183.65,1819234.6,1.9615204549828522,149.4550870995697,186.8499999998603,21.098760630451267,same,True
PV_62_038_1834402_R,PV_62,038,PV_62_block_038,1834402.35,R,1834538.2,1834555.2,0.576550702977713,27.622674795368347,135.8499999998603,73.84715069575759,same,True
PV_62_038_1836237_R,PV_62,038,PV_62_block_038,1836236.85,L,1836304.8,1836321.8,0.6163923857886553,163.60549840545724,67.94999999995343,138.82151047096698,reverse,True
PV_62_038_1861444_R,PV_62,038,PV_62_block_038,1861443.85,L,1861681.6,1861698.6,0.6028898112281136,341.00653152781297,237.75,149.6412388020858,reverse,True
PV_62_038_1861444_R,PV_62,038,PV_62_block_038,1861443.85,R,1861647.65,1861681.6,1.7129151244870198,315.74701215159405,203.79999999981374,174.90075817830473,reverse,True
PV_62_038_1869120_R,PV_62,038,PV_62_block_038,1869120.0,R,1869238.9,1869272.85,1.3058408171470999,307.35560692737096,118.89999999990687,179.75965668782908,reverse,True
PV_62_038_1869120_R,PV_62,038,PV_62_block_038,1869120.0,R,1869289.85,1869306.8,0.6829667353622328,300.1373124627065,169.85000000009313,173.02204884750654,reverse,True
PV_62_038_1869120_R,PV_62,038,PV_62_block_038,1869120.0,R,1869357.75,1869408.75,2.0500964779838364,331.2818115572579,237.75,155.83345205794205,reverse,True
PV_62_038_1908304_R,PV_62,038,PV_62_block_038,1908304.1,L,1908473.9,1908558.8,6.491408444450117,131.29136269831506,169.79999999981374,168.59230456596242,reverse,True
PV_62_038_1919988_R,PV_62,038,PV_62_block_038,1919988.1,R,1920208.9,1920242.85,1.779687978144258,124.97531034337881,220.79999999981374,165.92083509255923,reverse,True
PV_62_038_1933251_L,PV_62,038,PV_62_block_038,1933250.55,L,1933267.5,1933335.4,6.55016834406666,24.121617500623486,16.949999999953434,104.66027379062778,reverse,True
PV_62_038_1948686_R,PV_62,038,PV_62_block_038,1948685.95,L,1948923.65,1949008.55,9.58559707788225,174.0411691272075,237.69999999995343,27.654778457681005,same,True
PV_62_038_1948924_L,PV_62,038,PV_62_block_038,1948923.65,R,1949076.5,1949110.45,,,152.85000000009313,,unknown,False
PV_62_038_1962848_R,PV_62,038,PV_62_block_038,1962847.75,R,1963034.55,1963051.5,0.513453646824546,328.9293049220259,186.80000000004657,156.00188126658736,reverse,True
PV_62_038_2047167_R,PV_62,038,PV_62_block_038,2047166.8,L,2047336.65,2047489.5,27.3742056379568,132.7371761494076,169.8499999998603,154.1263296298157,reverse,False
PV_62_038_2047167_R,PV_62,038,PV_62_block_038,2047166.8,R,2047319.7,2047370.6,3.109361404289787,101.71712906521293,152.89999999990687,123.10628254562101,reverse,True
PV_62_038_2047167_R,PV_62,038,PV_62_block_038,2047166.8,R,2047370.6,2047387.6,0.7797585071967291,184.79388961098977,203.80000000004657,153.81695690860215,reverse,True
PV_62_038_2047167_R,PV_62,038,PV_62_block_038,2047166.8,R,2047404.6,2047438.55,1.4575157128896108,205.3349770759808,237.80000000004657,133.27586944361113,reverse,True
PV_62_038_2047320_L,PV_62,038,PV_62_block_038,2047319.7,R,2047370.6,2047387.6,0.7797585071967291,184.79388961098977,50.9000000001397,52.05671346158218,same,True
PV_62_038_2047320_L,PV_62,038,PV_62_block_038,2047319.7,R,2047404.6,2047438.55,1.4575157128896108,205.3349770759808,84.9000000001397,72.5978009265732,same,True
PV_62_038_2050071_L,PV_62,038,PV_62_block_038,2050071.25,L,2050207.15,2050258.15,2.3680445648872097,177.05934249191415,135.89999999990687,141.79131715544042,reverse,True
PV_62_038_2050071_L,PV_62,038,PV_62_block_038,2050071.25,R,2050139.2,2050190.2,2.9873051219182556,91.09923111500537,67.94999999995343,132.24857146765078,reverse,True
PV_62_038_2050071_L,PV_62,038,PV_62_block_038,2050071.25,R,2050207.15,2050224.15,0.7135944573529254,164.7792480793107,135.89999999990687,154.07141156804389,reverse,True
PV_62_038_2052008_R,PV_62,038,PV_62_block_038,2052007.55,L,2052143.5,2052160.45,0.6933542867396434,180.95721583680336,135.94999999995343,80.27422536680592,same,True
PV_62_038_2052008_R,PV_62,038,PV_62_block_038,2052007.55,L,2052177.45,2052228.4,2.6119738402886448,182.3836026176373,169.89999999990687,78.84783858597197,same,True
PV_62_038_2052008_R,PV_62,038,PV_62_block_038,2052007.55,R,2052092.5,2052160.45,5.024930953778842,61.86331154872434,84.94999999995343,160.6318703451151,reverse,True
PV_62_038_2053298_L,PV_62,038,PV_62_block_038,2053298.35,L,2053434.2,2053451.2,0.5312689132450549,139.60059850245412,135.8499999998603,134.8252701268297,reverse,True
PV_62_038_2053298_L,PV_62,038,PV_62_block_038,2053298.35,R,2053451.2,2053485.15,1.2725219563369121,241.18445430987964,152.8499999998603,123.59087406574474,reverse,True
PV_62_038_2054419_L,PV_62,038,PV_62_block_038,2054419.2,L,2054555.1,2054572.1,0.7012165229914159,164.2788083658677,135.9000000001397,142.98578506477315,reverse,True
PV_62_038_2054419_L,PV_62,038,PV_62_block_038,2054419.2,R,2054572.1,2054589.1,6.074949378391926,261.6641769753312,152.9000000001397,119.62884632576333,reverse,True
PV_62_038_2054419_L,PV_62,038,PV_62_block_038,2054419.2,R,2054623.1,2054657.05,2.2970336203505477,267.83224706751093,203.9000000001397,113.4607762335836,reverse,True
PV_62_038_2054555_R,PV_62,038,PV_62_block_038,2054555.1,R,2054623.1,2054657.05,2.2970336203505477,267.83224706751093,68.0,6.1680700921797325,same,True
PV_62_038_2054555_R,PV_62,038,PV_62_block_038,2054555.1,R,2054691.0,2054775.9,7.0341915731123255,88.00403862550962,135.89999999990687,173.66013834982158,reverse,False
PV_62_038_2058886_L,PV_62,038,PV_62_block_038,2058886.4,L,2059005.3,2059073.25,5.479008610845846,142.47908786289935,118.9000000001397,128.03382616057786,reverse,True
PV_62_038_2058886_L,PV_62,038,PV_62_block_038,2058886.4,R,2059005.3,2059090.2,5.219355511535897,231.60346621609622,118.9000000001397,38.909447807380985,same,True
PV_62_038_2071843_R,PV_62,038,PV_62_block_038,2071843.35,R,2071945.25,2071962.25,0.5325020958953044,331.3878323069355,101.89999999990687,174.25390131411712,reverse,True
PV_62_038_2076768_R,PV_62,038,PV_62_block_038,2076768.45,R,2076904.35,2076921.35,0.6457495959898125,41.81707258745212,135.9000000001397,70.03563996493853,same,True
PV_62_038_2083239_R,PV_62,038,PV_62_block_038,2083238.75,L,2083374.65,2083425.6,4.683979866617511,356.74861722467193,135.89999999990687,162.36676727222385,reverse,True
PV_62_038_2083239_R,PV_62,038,PV_62_block_038,2083238.75,R,2083340.7,2083425.6,5.404395915149254,345.20084691176777,101.94999999995343,173.91453758512802,reverse,True
PV_62_038_2083239_R,PV_62,038,PV_62_block_038,2083238.75,R,2083442.6,2083459.55,0.8525876463276122,269.79597979241714,203.85000000009313,110.68059529552136,reverse,True
PV_62_038_2083239_R,PV_62,038,PV_62_block_038,2083238.75,R,2083459.55,2083476.55,0.8442494285292063,36.36061689900906,220.80000000004657,122.75476759788673,reverse,True
PV_62_038_2084801_R,PV_62,038,PV_62_block_038,2084801.2,L,2084903.05,2084971.0,6.725556223632022,144.7708171481252,101.85000000009313,47.37616240136347,same,True
PV_62_038_2084801_R,PV_62,038,PV_62_block_038,2084801.2,R,2084954.0,2085004.95,2.028421373398794,46.823201359831884,152.80000000004657,50.57145338692982,same,True
PV_62_038_2107576_R,PV_62,038,PV_62_block_038,2107576.5,L,2107763.3,2107780.25,0.5809073087492388,339.9045935335984,186.79999999981374,119.28846790330567,reverse,True
PV_62_038_2107576_R,PV_62,038,PV_62_block_038,2107576.5,R,2107695.35,2107797.25,7.563150037485496,355.02976381521245,118.85000000009313,134.4136381849197,reverse,False
PV_62_038_2109767_R,PV_62,038,PV_62_block_038,2109766.95,R,2109851.85,2109885.8,1.3466613389750544,202.47183789519022,84.89999999990687,56.93798671321167,same,True
PV_62_038_2119244_R,PV_62,038,PV_62_block_038,2119243.65,L,2119379.5,2119413.45,2.538761153567896,176.1066129684073,135.85000000009313,52.582428741687124,same,True
PV_62_038_2122556_R,PV_62,038,PV_62_block_038,2122555.5,R,2122725.35,2122759.35,1.3809546332544798,300.9592290142813,169.85000000009313,116.48558557774595,reverse,True
PV_62_038_2122556_R,PV_62,038,PV_62_block_038,2122555.5,R,2122776.3,2122793.3,0.5401511469643053,319.9346447608673,220.79999999981374,135.46100132433196,reverse,True
PV_62_038_2125528_R,PV_62,038,PV_62_block_038,2125527.5,R,2125629.35,2125646.35,0.5414208374192053,276.32550693775215,101.85000000009313,145.18594021125557,reverse,True
PV_62_038_2125528_R,PV_62,038,PV_62_block_038,2125527.5,R,2125697.3,2125765.2,4.931198343133585,294.97602214720627,169.79999999981374,163.83645542070968,reverse,True
PV_62_038_2129382_R,PV_62,038,PV_62_block_038,2129382.3,L,2129467.2,2129501.15,1.3953391339924597,291.09899141452206,84.90000000037253,177.07139556765316,reverse,True
PV_62_038_2129382_R,PV_62,038,PV_62_block_038,2129382.3,L,2129518.15,2129552.1,1.1629437971775465,343.2755212088305,135.85000000009313,130.75207463803838,reverse,True
PV_62_038_2129382_R,PV_62,038,PV_62_block_038,2129382.3,R,2129535.1,2129569.1,2.196934213575476,283.9952412422857,152.8000000002794,169.9676453954168,reverse,True
PV_62_038_2132167_R,PV_62,038,PV_62_block_038,2132167.0,R,2132319.75,2132370.7,,,152.75,,unknown,False
PV_62_038_2133508_R,PV_62,038,PV_62_block_038,2133508.45,R,2133525.45,2133542.4,4.4664581631603415,258.53417096009633,17.0,166.9881710795646,reverse,True
PV_62_038_2133508_R,PV_62,038,PV_62_block_038,2133508.45,R,2133542.4,2133559.4,1.5837105761419108,94.76353011471193,33.9499999997206,3.2175302341802023,same,True
PV_62_038_2133508_R,PV_62,038,PV_62_block_038,2133508.45,R,2133559.4,2133576.4,0.5917123982620947,268.79870871123865,50.9499999997206,177.25270883070692,reverse,True
PV_62_038_2133508_R,PV_62,038,PV_62_block_038,2133508.45,R,2133678.25,2133729.2,,,169.79999999981374,,unknown,False
PV_62_038_2134867_R,PV_62,038,PV_62_block_038,2134866.85,R,2135036.7,2135121.6,5.917629876420197,91.30778782370581,169.85000000009313,59.76207334001799,same,True
PV_62_038_2136514_R,PV_62,038,PV_62_block_038,2136514.2,L,2136667.0,2136684.0,0.5754373193683724,220.78799851664266,152.79999999981374,133.90999910258412,reverse,True
PV_62_038_2137142_R,PV_62,038,PV_62_block_038,2137142.45,L,2137227.35,2137244.3,0.7793505437748078,161.38947047643697,84.89999999990687,104.50900913796943,reverse,True
PV_62_038_2142322_R,PV_62,038,PV_62_block_038,2142321.65,L,2142406.6,2142474.5,4.299694371040586,252.39065165547092,84.95000000018626,30.58700377911353,same,True
PV_62_038_2142322_R,PV_62,038,PV_62_block_038,2142321.65,L,2142508.5,2142542.45,1.3377649709726733,147.16241264588604,186.85000000009313,135.8152427886984,reverse,True
PV_62_038_2143969_R,PV_62,038,PV_62_block_038,2143968.8,L,2144036.75,2144053.75,,,67.95000000018626,,unknown,False
PV_62_038_2143969_R,PV_62,038,PV_62_block_038,2143968.8,L,2144087.7,2144121.65,3.0368967017585984,118.84465845036169,118.90000000037253,118.34229911249889,reverse,True
PV_62_038_2143969_R,PV_62,038,PV_62_block_038,2143968.8,L,2144138.65,2144189.55,4.8579907964310785,110.00270923370992,169.85000000009313,109.50034989584714,reverse,True
PV_62_038_2143969_R,PV_62,038,PV_62_block_038,2143968.8,R,2144070.7,2144087.7,0.6949161743284679,201.47255079587745,101.90000000037253,159.02980854198535,reverse,True
PV_62_038_2144886_R,PV_62,038,PV_62_block_038,2144885.7,L,2144902.7,2144953.65,11.271828241777678,291.4419812073397,17.0,42.81050211908007,same,False
PV_62_038_2144886_R,PV_62,038,PV_62_block_038,2144885.7,R,2144987.6,2145038.5,2.5885501578799937,204.45282923381873,101.89999999990687,129.79965409260106,reverse,True
PV_62_038_2155040_L,PV_62,038,PV_62_block_038,2155040.3,L,2155074.25,2155125.2,3.0355104677026334,155.13730804795946,33.950000000186265,111.3888180541741,reverse,True
PV_62_038_2164634_R,PV_62,038,PV_62_block_038,2164634.0,L,2164786.8,2164803.8,0.6127858501088327,334.3738427254639,152.79999999981374,155.73570463835438,reverse,True
PV_62_038_2164634_R,PV_62,038,PV_62_block_038,2164634.0,R,2164735.9,2164820.8,5.873843077567267,9.519902082985492,101.89999999990687,169.11823600412401,reverse,True
PV_62_038_2177129_R,PV_62,038,PV_62_block_038,2177128.65,L,2177332.4,2177366.35,1.0764275384872688,335.1859658893237,203.75,137.9230009726889,reverse,True
PV_62_038_2177129_R,PV_62,038,PV_62_block_038,2177128.65,R,2177230.55,2177247.5,0.5170637559914656,266.97471926019927,101.89999999990687,69.71175434356445,same,True
PV_62_038_2177129_R,PV_62,038,PV_62_block_038,2177128.65,R,2177298.45,2177315.45,0.7987980211381259,20.497462384877277,169.8000000002794,176.76550253175753,reverse,True
PV_62_038_2180745_R,PV_62,038,PV_62_block_038,2180745.15,L,2180864.0,2180881.0,0.6080644493864216,201.86015209896223,118.85000000009313,142.82530568369498,reverse,True
PV_62_038_2180745_R,PV_62,038,PV_62_block_038,2180745.15,L,2180948.9,2180982.9,2.7645298838364845,359.76042071519026,203.75,59.27442570007696,same,True
PV_62_038_2180745_R,PV_62,038,PV_62_block_038,2180745.15,R,2180864.0,2180881.0,,,118.85000000009313,,unknown,False
PV_62_038_2208391_R,PV_62,038,PV_62_block_038,2208390.65,R,2208611.4,2208628.4,0.5269712949149874,326.33490431085943,220.75,172.52682326236487,reverse,True
PV_62_038_2210666_L,PV_62,038,PV_62_block_038,2210665.75,L,2210801.6,2210835.55,2.1449446559024965,97.64858143090746,135.85000000009313,31.93619421921312,same,True
PV_62_038_2210666_L,PV_62,038,PV_62_block_038,2210665.75,L,2210869.55,2210903.5,,,203.79999999981374,,unknown,False
PV_62_038_2210666_L,PV_62,038,PV_62_block_038,2210665.75,R,2210716.7,2210733.7,0.666192460145874,141.63646867012875,50.950000000186265,12.051693020008173,same,True
PV_62_038_2210666_L,PV_62,038,PV_62_block_038,2210665.75,R,2210903.5,2210920.45,0.7307531483014998,274.4064997978612,237.75,144.8217241477406,reverse,True
PV_62_038_2213552_R,PV_62,038,PV_62_block_038,2213552.5,L,2213654.4,2213688.35,1.5241615841549712,195.83042931561891,101.89999999990687,84.74558775790223,same,True
PV_62_038_2213552_R,PV_62,038,PV_62_block_038,2213552.5,R,2213654.4,2213688.35,1.9786789330617947,241.05177716613304,101.89999999990687,39.52423990738811,same,True
PV_62_038_2232504_L,PV_62,038,PV_62_block_038,2232503.7,L,2232707.4,2232758.35,4.098512712967248,114.38305478013267,203.6999999997206,174.08597451216184,reverse,True
PV_62_038_2232504_L,PV_62,038,PV_62_block_038,2232503.7,R,2232554.6,2232571.6,0.5108219503438641,89.94578404805449,50.89999999990687,161.47675475576,reverse,True
PV_62_038_2232504_L,PV_62,038,PV_62_block_038,2232503.7,R,2232656.5,2232690.45,1.9317863841331016,113.75680005310778,152.79999999981374,174.71222923918674,reverse,True
PV_62_038_2240383_L,PV_62,038,PV_62_block_038,2240382.7,L,2240518.55,2240552.5,1.9490992004652516,156.15522627338194,135.84999999962747,161.50372134540729,reverse,True
PV_62_038_2240383_L,PV_62,038,PV_62_block_038,2240382.7,R,2240484.6,2240501.55,1.666041036417345,209.56925618188578,101.89999999990687,108.08969143690345,reverse,True
PV_62_038_2240383_L,PV_62,038,PV_62_block_038,2240382.7,R,2240552.5,2240569.5,0.563182292025856,166.2837987367567,169.79999999981374,151.37514888203253,reverse,True
PV_62_038_2241877_L,PV_62,038,PV_62_block_038,2241876.9,L,2241978.8,2242029.7,4.143792640874746,126.43969453281305,101.89999999990687,169.38400905191588,reverse,True
PV_62_038_2241877_L,PV_62,038,PV_62_block_038,2241876.9,L,2242046.7,2242114.6,3.6176380405845636,135.23972189964235,169.8000000002794,178.18403641874517,reverse,True
PV_62_038_2246835_L,PV_62,038,PV_62_block_038,2246835.25,L,2246937.1,2246954.1,1.0827052557612236,244.39046069975888,101.85000000009313,91.77542514933151,reverse,True
PV_62_038_2246835_L,PV_62,038,PV_62_block_038,2246835.25,L,2246954.1,2247005.0,2.8687910728639525,145.671844879193,118.85000000009313,169.50595903010264,reverse,True
PV_62_038_2246835_L,PV_62,038,PV_62_block_038,2246835.25,R,2246903.15,2246937.1,2.1109163268201665,261.20974385591967,67.89999999990687,74.95614199317072,same,True
PV_62_038_2246835_L,PV_62,038,PV_62_block_038,2246835.25,R,2246954.1,2246988.05,2.289557672909928,206.3140325005405,118.85000000009313,129.8518533485499,reverse,True
PV_62_038_2253322_R,PV_62,038,PV_62_block_038,2253321.55,R,2253474.35,2253491.35,0.6616367628634455,35.52844697287668,152.8000000002794,140.92951152195573,reverse,True
PV_62_038_2253322_R,PV_62,038,PV_62_block_038,2253321.55,R,2253559.2,2253576.2,2.4152391266126836,207.4470339617767,237.65000000037253,30.989075466944286,same,True
PV_62_038_2253593_R,PV_62,038,PV_62_block_038,2253593.15,L,2253644.1,2253712.05,2.799881664290303,329.13688238858373,50.950000000186265,41.021788224033685,same,True
PV_62_038_2256768_R,PV_62,038,PV_62_block_038,2256767.85,L,2256903.7,2256920.65,0.7377042769575443,229.88363523005498,135.85000000009313,32.60633423368657,same,True
PV_62_038_2256768_R,PV_62,038,PV_62_block_038,2256767.85,R,2256886.7,2256937.65,3.1158952203565793,24.25680743640933,118.85000000009313,173.02049355995908,reverse,True
PV_62_038_2256768_R,PV_62,038,PV_62_block_038,2256767.85,R,2256954.6,2256988.55,0.956966821748967,31.56035063364195,186.75,165.71695036272646,reverse,True
PV_62_038_2256768_R,PV_62,038,PV_62_block_038,2256767.85,R,2257005.55,2257039.5,2.5611857829827627,43.30909337009293,237.6999999997206,153.96820762627547,reverse,True
PV_62_038_2258533_R,PV_62,038,PV_62_block_038,2258533.3,R,2258618.15,2258669.1,2.5833385103752597,352.69211007021374,84.85000000009313,165.5633372381792,reverse,True
PV_62_038_2289893_L,PV_62,038,PV_62_block_038,2289893.35,R,2289961.3,2289995.25,1.2842643671124052,112.7898050856036,67.9499999997206,17.380480788309256,same,True
PV_62_038_2290471_R,PV_62,038,PV_62_block_038,2290470.7,L,2290555.6,2290572.6,0.6202810854369301,168.85510662470952,84.89999999990687,114.83044891813955,reverse,True
PV_62_038_2291914_R,PV_62,038,PV_62_block_038,2291914.05,R,2292015.95,2292032.95,0.6782097820247256,162.66261269630013,101.90000000037253,140.42991415355402,reverse,True
PV_62_038_2306994_R,PV_62,038,PV_62_block_038,2306993.5,R,2307078.4,2307129.35,2.563148982914745,26.706226406266953,84.89999999990687,130.06325270679903,reverse,True
PV_62_038_2311561_R,PV_62,038,PV_62_block_038,2311560.8,R,2311645.7,2311662.7,0.7236024286005003,11.258410327149132,84.90000000037253,154.8377549318164,reverse,True
PV_62_038_2313326_R,PV_62,038,PV_62_block_038,2313326.5,L,2313428.35,2313462.3,1.2990995636234737,9.651301222292373,101.85000000009313,116.66288819026755,reverse,True
PV_62_038_2313326_R,PV_62,038,PV_62_block_038,2313326.5,R,2313428.35,2313445.35,0.5626260171862456,326.4353814768962,101.85000000009313,159.8788079356637,reverse,True
PV_62_038_2314464_R,PV_62,038,PV_62_block_038,2314464.2,R,2314549.05,2314566.1,1.469617187113795,265.3000475487985,84.84999999962747,89.59778930339917,same,True
PV_62_038_2314872_R,PV_62,038,PV_62_block_038,2314871.7,L,2314973.55,2315007.55,2.0819089952352745,344.0334604659578,101.84999999962747,168.41345760845638,reverse,True
PV_62_038_2314872_R,PV_62,038,PV_62_block_038,2314871.7,R,2314973.55,2315024.5,2.982764399842218,344.5308725330169,101.84999999962747,167.91604554139724,reverse,True
PV_62_038_2321886_R,PV_62,038,PV_62_block_038,2321885.7,R,2321987.6,2322004.6,0.5679096383281053,273.02558232999274,101.89999999990687,137.34242034825263,reverse,True
PV_62_038_2323397_R,PV_62,038,PV_62_block_038,2323397.0,L,2323481.9,2323549.85,4.748633511820643,173.03966009746972,84.89999999990687,139.21753612885476,reverse,True
PV_62_038_2323397_R,PV_62,038,PV_62_block_038,2323397.0,R,2323464.9,2323532.85,11.415055856980313,137.46571834598643,67.89999999990687,174.79147788033805,reverse,False
PV_62_038_2326012_L,PV_62,038,PV_62_block_038,2326011.9,L,2326113.8,2326147.75,1.593764973221465,204.8473679068301,101.89999999990687,139.66625978735289,reverse,True
PV_62_038_2326012_L,PV_62,038,PV_62_block_038,2326011.9,L,2326164.75,2326181.75,0.5251241439881902,221.5147404431838,152.85000000009313,156.33363232370658,reverse,True
PV_62_038_2326012_L,PV_62,038,PV_62_block_038,2326011.9,R,2326096.85,2326147.75,2.4164579781111004,205.93676492686606,84.95000000018626,140.75565680738885,reverse,True
PV_62_038_2362267_R,PV_62,038,PV_62_block_038,2362266.75,L,2362402.65,2362419.6,0.6242676991114506,183.95552699799418,135.89999999990687,31.402458135300435,same,True
PV_62_038_2362267_R,PV_62,038,PV_62_block_038,2362266.75,R,2362368.65,2362453.55,7.337008893926898,40.912146350304866,101.89999999990687,111.64092251238888,reverse,False
PV_62_038_2363965_R,PV_62,038,PV_62_block_038,2363964.9,R,2364066.8,2364083.8,0.5551938614016563,328.5716219052264,101.89999999990687,120.48654687563686,reverse,True
PV_62_038_2365035_R,PV_62,038,PV_62_block_038,2365034.8,R,2365153.65,2365221.55,3.2865467777217097,325.69052787636053,118.85000000009313,175.95248569028945,reverse,True
PV_62_038_2365340_R,PV_62,038,PV_62_block_038,2365340.45,L,2365425.35,2365476.3,2.6081544460438244,350.32411882809294,84.89999999990687,134.103670441234,reverse,True
PV_62_038_2365340_R,PV_62,038,PV_62_block_038,2365340.45,R,2365425.35,2365476.3,3.7210189744837585,11.86176605712914,84.89999999990687,155.64131767027015,reverse,True
PV_62_038_2371538_R,PV_62,038,PV_62_block_038,2371538.45,L,2371572.4,2371589.4,0.6398710674305053,226.8966522836406,33.9499999997206,52.64117230833767,same,True
PV_62_038_2382000_R,PV_62,038,PV_62_block_038,2381999.6,L,2382118.5,2382152.45,1.9249531546307415,184.84179757040266,118.89999999990687,98.09978803352203,reverse,True
PV_62_038_2387842_R,PV_62,038,PV_62_block_038,2387841.55,L,2387926.4,2387994.35,27.996831222241198,130.75101099783203,84.85000000009313,174.03153808111279,reverse,False
PV_62_038_2387842_R,PV_62,038,PV_62_block_038,2387841.55,R,2387943.4,2387960.35,0.7688686736181921,175.2691511216396,101.85000000009313,141.45032179507967,reverse,True
PV_62_038_2391578_R,PV_62,038,PV_62_block_038,2391577.65,R,2391679.6,2391713.55,1.9149896647293863,272.9843730206429,101.95000000018626,175.02116773515837,reverse,True
PV_62_038_2394550_R,PV_62,038,PV_62_block_038,2394549.8,R,2394617.75,2394634.7,0.6649092501855156,181.13879783348096,67.95000000018626,95.77022040507512,reverse,True
PV_62_038_2406319_R,PV_62,038,PV_62_block_038,2406318.55,R,2406420.45,2406437.4,0.6415660811870618,282.75602561659014,101.90000000037253,151.30881789447892,reverse,True
PV_62_038_2408187_L,PV_62,038,PV_62_block_038,2408186.75,R,2408203.75,2408237.75,1.5455045438882264,199.5881263367296,17.0,87.71397241238333,same,True
PV_62_038_2408187_L,PV_62,038,PV_62_block_038,2408186.75,R,2408254.7,2408288.65,1.655374774913435,249.74867472514904,67.95000000018626,37.553424023963885,same,True
PV_62_038_2435340_R,PV_62,038,PV_62_block_038,2435339.65,L,2435373.65,2435390.6,15.880470103090813,290.0874398297146,34.0,116.15479990950723,reverse,True
PV_62_038_2435340_R,PV_62,038,PV_62_block_038,2435339.65,L,2435390.6,2435441.55,3.2265607398338068,32.118422305650974,50.950000000186265,14.12381743357085,same,True
PV_62_038_2437105_R,PV_62,038,PV_62_block_038,2437105.45,R,2437173.35,2437207.3,1.9593625188277437,84.38939021406772,67.89999999990687,15.264888771554922,same,True
PV_62_038_2445172_R,PV_62,038,PV_62_block_038,2445171.55,R,2445290.45,2445341.4,2.375490709906901,288.02443189249186,118.90000000037253,174.62321192088785,reverse,True
PV_62_038_2518883_L,PV_62,038,PV_62_block_038,2518882.6,L,2518933.55,2518950.5,0.5698684366092645,237.1319312384087,50.9499999997206,114.29477432970361,reverse,True
PV_62_038_2518883_L,PV_62,038,PV_62_block_038,2518882.6,R,2518967.5,2518984.5,0.5034665155208513,294.8451558923864,84.89999999990687,172.00799898368132,reverse,True
PV_62_038_2524079_R,PV_62,038,PV_62_block_038,2524078.65,R,2524163.55,2524197.5,1.7151782297595346,44.40371028817191,84.89999999990687,125.70766355409597,reverse,True
PV_62_038_2534299_L,PV_62,038,PV_62_block_038,2534299.4,R,2534333.35,2534367.3,1.610796751390126,31.471585532738185,33.950000000186265,114.55179768777799,reverse,True
PV_62_038_2535080_R,PV_62,038,PV_62_block_038,2535080.35,L,2535216.2,2535250.15,1.3169837722168254,348.66504704274183,135.85000000009313,119.80042914197202,reverse,True
PV_62_038_2535080_R,PV_62,038,PV_62_block_038,2535080.35,R,2535199.2,2535233.15,1.3467472476157765,306.5491021754124,118.85000000009313,161.91637400930153,reverse,True
PV_62_038_2537287_R,PV_62,038,PV_62_block_038,2537287.45,L,2537321.4,2537338.4,0.7696094090691159,222.65125082455836,33.9499999997206,96.39426088879037,reverse,True
PV_62_038_2541463_R,PV_62,038,PV_62_block_038,2541463.35,R,2541599.15,2541701.0,8.335958658049465,271.71599706678734,135.79999999981374,139.36675548048424,reverse,False
PV_62_038_2552550_R,PV_62,038,PV_62_block_038,2552550.35,R,2552703.15,2552720.15,0.7556783650850412,326.4963254967272,152.79999999981374,165.73192522943043,reverse,True
PV_62_038_2554571_R,PV_62,038,PV_62_block_038,2554570.9,L,2554791.6,2554808.6,0.5165808129922592,335.6800159992204,220.70000000018626,165.40087692987083,reverse,True
PV_62_038_2554571_R,PV_62,038,PV_62_block_038,2554570.9,R,2554723.7,2554791.6,3.726414044903132,283.14175717217057,152.8000000002794,142.06086424307932,reverse,True
PV_62_038_2586395_R,PV_62,038,PV_62_block_038,2586395.2,L,2586497.05,2586514.05,,,101.84999999962747,,unknown,False
PV_62_038_2586395_R,PV_62,038,PV_62_block_038,2586395.2,R,2586514.05,2586599.0,6.411773929148325,201.8510787175617,118.84999999962747,123.89671030885265,reverse,True
PV_62_038_2586497_R,PV_62,038,PV_62_block_038,2586497.05,R,2586700.9,2586751.85,16.33467528266271,18.315700578078047,203.85000000009313,176.46462186051633,reverse,False
PV_62_038_2600322_R,PV_62,038,PV_62_block_038,2600321.8,R,2600474.65,2600491.6,0.5988861463512763,222.7161992514297,152.85000000009313,38.243807626034425,same,True
PV_62_038_2603073_L,PV_62,038,PV_62_block_038,2603073.15,R,2603175.05,2603192.05,0.6342706920837426,175.61921606692397,101.89999999990687,142.24847529074646,reverse,True
PV_62_038_2611463_R,PV_62,038,PV_62_block_038,2611462.65,L,2611496.6,2611530.6,,,33.950000000186265,,unknown,False
PV_62_038_2611463_R,PV_62,038,PV_62_block_038,2611462.65,R,2611598.5,2611615.5,0.7328175269146774,351.1969163274629,135.85000000009313,143.48870938043558,reverse,True
PV_62_038_2611463_R,PV_62,038,PV_62_block_038,2611462.65,R,2611632.45,2611649.45,0.7726380110391996,358.07367182736897,169.8000000002794,136.61195388052954,reverse,True
PV_62_038_2621516_R,PV_62,038,PV_62_block_038,2621515.85,R,2621617.75,2621634.75,0.5380968431576553,290.25502573183235,101.89999999990687,140.37815178011203,reverse,True
PV_62_038_2621516_R,PV_62,038,PV_62_block_038,2621515.85,R,2621685.7,2621736.65,2.613252643487208,11.07463498289897,169.85000000009313,138.8022389688213,reverse,True
PV_62_038_2625999_R,PV_62,038,PV_62_block_038,2625999.05,R,2626100.95,2626134.9,1.3257083816289412,355.92025792018956,101.90000000037253,179.78777058212,reverse,True
PV_62_038_2625999_R,PV_62,038,PV_62_block_038,2625999.05,R,2626168.85,2626202.8,1.650102727166814,30.157458337533683,169.8000000002794,145.97502900053587,reverse,True
PV_62_038_2625999_R,PV_62,038,PV_62_block_038,2625999.05,R,2626219.8,2626236.75,0.5422977864636203,15.858323026773178,220.75,160.27416431129637,reverse,True
PV_62_038_2641007_R,PV_62,038,PV_62_block_038,2641007.05,L,2641075.0,2641108.95,1.8251973345553216,4.405019144648565,67.95000000018626,6.3408455167081,same,True
PV_62_038_2641007_R,PV_62,038,PV_62_block_038,2641007.05,L,2641125.9,2641159.9,1.377039417533125,357.67914559120027,118.85000000009313,13.06671907015641,same,True
PV_62_038_2664070_R,PV_62,038,PV_62_block_038,2664069.55,L,2664256.4,2664290.35,1.8018553623096003,188.15152001300973,186.85000000009313,152.93620513363842,reverse,True
PV_62_038_2664070_R,PV_62,038,PV_62_block_038,2664069.55,R,2664188.45,2664239.4,3.0836935273175827,229.0280117356498,118.90000000037253,112.05971341099834,reverse,True
PV_62_038_2664070_R,PV_62,038,PV_62_block_038,2664069.55,R,2664273.35,2664307.35,1.7330466818407935,182.8923537242093,203.8000000002794,158.19537142243885,reverse,True
PV_62_038_2666430_R,PV_62,038,PV_62_block_038,2666430.15,L,2666566.0,2666599.95,1.6566548293113104,167.82504311968475,135.85000000009313,106.86203003586388,reverse,True
PV_62_038_2666430_R,PV_62,038,PV_62_block_038,2666430.15,R,2666599.95,2666633.9,1.5315498544421307,220.80697810061594,169.8000000002794,159.8439650167951,reverse,True
PV_62_038_2670370_L,PV_62,038,PV_62_block_038,2670370.35,R,2670421.3,2670472.25,3.747836104700391,73.45525813034824,50.9499999997206,18.607793751812494,same,True
PV_62_038_2673716_L,PV_62,038,PV_62_block_038,2673716.4,L,2673818.3,2673852.25,1.7467363125178739,191.6994733840295,101.89999999990687,174.00098801715023,reverse,True
PV_62_038_2673716_L,PV_62,038,PV_62_block_038,2673716.4,R,2673818.3,2673852.25,1.7613962064965123,189.2292019083229,101.89999999990687,171.53071654144367,reverse,True
PV_62_038_2692637_R,PV_62,038,PV_62_block_038,2692636.65,R,2692721.55,2692806.5,3.8426708422945306,311.1945398080716,84.89999999990687,133.97025131110104,reverse,True
PV_62_038_2700211_R,PV_62,038,PV_62_block_038,2700210.75,R,2700295.65,2700329.6,0.8875181139236457,292.7464518323652,84.89999999990687,103.89888446146432,reverse,True
PV_62_038_2700211_R,PV_62,038,PV_62_block_038,2700210.75,R,2700363.55,2700397.55,,,152.79999999981374,,unknown,False
PV_62_038_2753200_R,PV_62,038,PV_62_block_038,2753200.35,L,2753319.2,2753336.2,0.7912283839701252,267.7481307297994,118.85000000009313,66.72502689871766,same,True
PV_62_038_2753200_R,PV_62,038,PV_62_block_038,2753200.35,R,2753285.25,2753302.2,,,84.89999999990687,,unknown,False
PV_62_038_2787148_R,PV_62,038,PV_62_block_038,2787148.05,R,2787351.85,2787368.85,0.7508856393789028,261.21700481673645,203.8000000002794,49.932997123344734,same,True
PV_62_038_2808172_L,PV_62,038,PV_62_block_038,2808171.7,L,2808273.6,2808307.55,0.9959045813046951,200.6515857497114,101.89999999990687,72.35245373587298,same,True
PV_62_038_2814099_R,PV_62,038,PV_62_block_038,2814099.4,L,2814235.25,2814252.25,0.5693246471584392,186.17705061707142,135.85000000009313,140.24752137839118,reverse,True
PV_62_038_2814099_R,PV_62,038,PV_62_block_038,2814099.4,L,2814286.2,2814320.2,1.703141032084243,177.34324921639117,186.8000000002794,131.4137199777109,reverse,True
PV_62_038_2814099_R,PV_62,038,PV_62_block_038,2814099.4,R,2814303.2,2814320.2,0.774604908130473,202.83569870915045,203.8000000002794,156.90616947047022,reverse,True
PV_62_038_2826956_R,PV_62,038,PV_62_block_038,2826956.05,L,2827125.85,2827159.85,1.4180236409502152,265.61429236514505,169.8000000002794,2.382137200206273,same,True
PV_62_038_2864252_R,PV_62,038,PV_62_block_038,2864251.75,R,2864472.55,2864591.4,6.060851596317478,355.6544115395193,220.79999999981374,176.97144866448048,reverse,True
PV_62_038_2866952_R,PV_62,038,PV_62_block_038,2866952.0,R,2867104.85,2867138.8,1.9047128554950488,317.263701798768,152.85000000009313,138.86707541625094,reverse,True
PV_62_038_2866952_R,PV_62,038,PV_62_block_038,2866952.0,R,2867155.8,2867206.75,2.4824921549419283,351.49133004542705,203.79999999981374,173.09470366290998,reverse,True
PV_62_038_2870672_R,PV_62,038,PV_62_block_038,2870671.75,R,2870790.6,2870807.6,0.5076069578472184,320.0284835608269,118.85000000009313,178.30404867749706,reverse,True
PV_62_038_2870672_R,PV_62,038,PV_62_block_038,2870671.75,R,2870909.5,2870960.45,2.359695311897584,9.308301494731838,237.75,132.41613338859798,reverse,True
PV_62_038_2872302_L,PV_62,038,PV_62_block_038,2872302.2,R,2872404.05,2872438.0,1.703377609431413,321.69949926926864,101.84999999962747,157.72992055297527,reverse,True
PV_62_038_2872302_L,PV_62,038,PV_62_block_038,2872302.2,R,2872505.95,2872539.9,1.4896422546605828,347.9916801861458,203.75,175.97789853014757,reverse,True
PV_62_038_2875597_R,PV_62,038,PV_62_block_038,2875596.75,R,2875647.7,2875681.7,1.1091334424412045,215.27240302538036,50.950000000186265,113.4163620295285,reverse,True
PV_62_038_2875597_R,PV_62,038,PV_62_block_038,2875596.75,R,2875715.65,2875749.6,1.5472330172979387,26.999747184064944,118.89999999990687,74.85629381178688,same,True
PV_62_038_2912571_L,PV_62,038,PV_62_block_038,2912570.7,L,2912706.6,2912774.5,3.3156448940334116,181.74435071297117,135.89999999990687,166.17837775965978,reverse,True
PV_62_038_2923526_R,PV_62,038,PV_62_block_038,2923525.7,L,2923627.6,2923644.6,0.7572090557093569,176.01039672868075,101.89999999990687,146.56785044529005,reverse,True
PV_62_038_2938590_L,PV_62,038,PV_62_block_038,2938590.3,L,2938777.15,2938811.1,1.4464919643541159,191.59643036846524,186.85000000009313,168.91490581887467,reverse,True
PV_62_038_551303_L,PV_62,038,PV_62_block_038,551302.7,L,551421.6,551438.6,0.7614497830513892,210.5455742118441,118.90000000002328,169.92836357762127,reverse,True
PV_62_038_551303_L,PV_62,038,PV_62_block_038,551302.7,R,551336.7,551370.65,2.209227479592948,331.2177671711339,34.0,49.25617061833145,same,True
PV_62_038_551303_L,PV_62,038,PV_62_block_038,551302.7,R,551421.6,551455.6,1.5560364467650176,162.5538992996884,118.90000000002328,142.07996151022303,reverse,True
PV_62_038_1225538_L,PV_62,038,PV_62_block_038,1225537.9,L,1225639.8,1225656.8,0.7023140015051111,202.85583432376134,101.9000000001397,172.83305331352273,reverse,True
PV_62_038_1225538_L,PV_62,038,PV_62_block_038,1225537.9,L,1225673.8,1225690.75,0.7383979049449686,193.18562269399325,135.9000000001397,163.16284168375466,reverse,True
PV_62_038_1225538_L,PV_62,038,PV_62_block_038,1225537.9,L,1225724.75,1225758.7,2.4939319770384034,189.4948996563561,186.85000000009313,159.47211864611745,reverse,True
PV_62_038_1225538_L,PV_62,038,PV_62_block_038,1225537.9,R,1225690.75,1225741.7,2.3337129836421724,163.0258630615762,152.85000000009313,133.00308205133757,reverse,True
PV_62_038_1394616_L,PV_62,038,PV_62_block_038,1394615.65,L,1394666.6,1394683.55,2.590737509459248,8.359936669267274,50.950000000186265,115.23947357824574,reverse,True
PV_62_038_1394616_L,PV_62,038,PV_62_block_038,1394615.65,R,1394785.5,1394802.5,0.510978440257088,20.745614806150666,169.85000000009313,102.85379544136234,reverse,True
PV_62_038_1421702_L,PV_62,038,PV_62_block_038,1421701.7,L,1421803.65,1421837.65,0.9620123174547658,159.58262248574664,101.94999999995343,52.74509907318625,same,True
PV_62_038_1421702_L,PV_62,038,PV_62_block_038,1421701.7,R,1421905.6,1421939.6,1.6033489852762604,322.0982223033795,203.9000000001397,109.77050074444662,reverse,True
PV_62_038_1509088_L,PV_62,038,PV_62_block_038,1509087.9,L,1509155.8,1509240.7,6.0557050615711185,132.26283276400673,67.9000000001397,177.20598693070613,reverse,True
PV_62_038_1509088_L,PV_62,038,PV_62_block_038,1509087.9,R,1509138.85,1509172.8,1.8206933076031089,167.54954516720693,50.950000000186265,141.91927452750593,reverse,True
PV_62_038_1523133_L,PV_62,038,PV_62_block_038,1523133.4,L,1523201.3,1523235.3,1.2232871563116634,268.9597954608194,67.9000000001397,98.8078987360986,reverse,True
PV_62_038_1523133_L,PV_62,038,PV_62_block_038,1523133.4,L,1523303.25,1523354.2,2.1826875837290753,180.51237959653267,169.85000000009313,172.74468539961464,reverse,True
PV_62_038_1543379_L,PV_62,038,PV_62_block_038,1543379.15,L,1543498.1,1543515.05,0.7297297340725074,108.47306162259089,118.95000000018626,11.803365278940475,same,True
PV_62_038_1553365_L,PV_62,038,PV_62_block_038,1553364.95,L,1553483.8,1553534.75,2.2207916547606765,352.3431037689652,118.85000000009313,138.05854498884372,reverse,True
PV_62_038_1553365_L,PV_62,038,PV_62_block_038,1553364.95,R,1553449.85,1553653.65,26.127046100303943,339.47255908872677,84.9000000001397,150.92908966908215,reverse,False
PV_62_038_1635059_L,PV_62,038,PV_62_block_038,1635059.25,L,1635161.15,1635195.15,1.294714179835807,316.70514119978805,101.89999999990687,95.89690432132693,reverse,True
PV_62_038_1635059_L,PV_62,038,PV_62_block_038,1635059.25,R,1635127.2,1635144.2,0.6593069456861962,309.6165931789355,67.94999999995343,88.80835630047443,same,True
PV_62_038_1641293_L,PV_62,038,PV_62_block_038,1641293.05,R,1641378.0,1641411.95,1.9109596119443981,291.78069021468554,84.94999999995343,87.32083301769399,same,True
PV_62_038_1641293_L,PV_62,038,PV_62_block_038,1641293.05,R,1641428.95,1641462.95,1.6550506425390517,309.69430363305196,135.89999999990687,105.23444643606035,reverse,True
PV_62_038_1653982_L,PV_62,038,PV_62_block_038,1653982.05,R,1654033.0,1654050.0,0.5101070485404671,53.34052608800727,50.949999999953434,63.56719602968681,same,True
PV_62_038_1692399_L,PV_62,038,PV_62_block_038,1692398.7,L,1692466.6,1692483.6,0.7585743446603795,305.2957904347338,67.9000000001397,132.52920424582777,reverse,True
PV_62_038_1692399_L,PV_62,038,PV_62_block_038,1692398.7,R,1692483.6,1692534.55,3.1740900420009703,319.9877095514616,84.9000000001397,147.22112336255555,reverse,True
PV_62_038_1855788_L,PV_62,038,PV_62_block_038,1855788.1,L,1855873.0,1855890.0,0.5223368571218269,196.39868108381535,84.89999999990687,65.4643681690105,same,True
PV_62_038_1855788_L,PV_62,038,PV_62_block_038,1855788.1,R,1855856.05,1855873.0,0.5552073232078554,149.06808255879866,67.94999999995343,18.133769643993816,same,True
PV_62_038_1906402_L,PV_62,038,PV_62_block_038,1906401.9,L,1906571.75,1906588.7,0.7915558139286769,307.99165412482415,169.85000000009313,5.586790793435455,same,True
PV_62_038_1908474_L,PV_62,038,PV_62_block_038,1908473.9,L,1908575.8,1908592.8,0.5197160771991144,127.8372159669746,101.9000000001397,3.4541467313404723,same,True
PV_62_038_1927358_L,PV_62,038,PV_62_block_038,1927358.25,R,1927511.05,1927528.05,0.542261624014586,161.09584185684966,152.80000000004657,123.24939875885767,reverse,True
PV_62_038_1989269_L,PV_62,038,PV_62_block_038,1989268.55,L,1989370.45,1989404.45,1.0134955045874343,14.095581656461414,101.89999999990687,27.15376631482519,same,True
PV_62_038_1993294_L,PV_62,038,PV_62_block_038,1993293.85,L,1993310.85,1993327.8,1.7983261490951579,173.06869185307545,17.0,105.12818098597768,reverse,True
PV_62_038_1993294_L,PV_62,038,PV_62_block_038,1993293.85,L,1993327.8,1993344.8,0.6944003277788581,271.6062052401632,33.949999999953434,6.590667598889922,same,True
PV_62_038_1993294_L,PV_62,038,PV_62_block_038,1993293.85,R,1993344.8,1993361.75,0.9249239958252503,299.67382450338846,50.949999999953434,21.47695166433533,same,True
PV_62_038_2050853_L,PV_62,038,PV_62_block_038,2050852.65,L,2050971.5,2051005.5,1.8312228602932423,166.98805099045802,118.85000000009313,42.34960752190932,same,True
PV_62_038_2050853_L,PV_62,038,PV_62_block_038,2050852.65,R,2050903.6,2050954.55,2.96419567971205,230.4480227193925,50.950000000186265,105.8095792508438,reverse,True
PV_62_038_2050853_L,PV_62,038,PV_62_block_038,2050852.65,R,2050971.5,2051005.5,1.7382529355222376,219.2418749482435,118.85000000009313,94.60343147969479,reverse,True
PV_62_038_2050853_L,PV_62,038,PV_62_block_038,2050852.65,R,2051022.45,2051056.45,1.3762765235952508,249.26444171435355,169.80000000004657,124.62599824580485,reverse,True
PV_62_038_2064507_L,PV_62,038,PV_62_block_038,2064507.2,L,2064575.15,2064694.0,12.93341564965354,112.34814057624978,67.94999999995343,169.81167209350082,reverse,True
PV_62_038_2084903_L,PV_62,038,PV_62_block_038,2084903.05,R,2084954.0,2085004.95,2.028421373398794,46.823201359831884,50.949999999953434,97.9476157882933,reverse,True
PV_62_038_2144903_L,PV_62,038,PV_62_block_038,2144902.7,R,2144987.6,2145038.5,2.5885501578799937,204.45282923381873,84.89999999990687,86.98915197352099,same,True
PV_62_038_2154055_L,PV_62,038,PV_62_block_038,2154055.35,R,2154106.3,2154123.3,0.6949903697664402,79.47285407764583,50.9499999997206,32.25089316808547,same,True
PV_62_038_2170322_L,PV_62,038,PV_62_block_038,2170321.65,R,2170389.55,2170423.5,2.148309402511443,318.79282142719865,67.89999999990687,142.9475379391319,reverse,True
PV_62_038_2280928_L,PV_62,038,PV_62_block_038,2280928.5,L,2280996.4,2281030.4,1.5060021065136062,128.11728298249614,67.89999999990687,0.4789032047517594,same,True
PV_62_038_2341584_L,PV_62,038,PV_62_block_038,2341583.6,L,2341651.55,2341685.5,2.388476350750555,142.90694139915198,67.9499999997206,66.1905560607185,same,True
PV_62_038_2341584_L,PV_62,038,PV_62_block_038,2341583.6,L,2341736.5,2341753.45,,,152.89999999990687,,unknown,False
PV_62_038_2435374_L,PV_62,038,PV_62_block_038,2435373.65,L,2435390.6,2435441.55,3.2265607398338068,32.118422305650974,16.950000000186265,102.03098247593641,reverse,True
PV_62_038_2437394_L,PV_62,038,PV_62_block_038,2437394.1,L,2437445.0,2437512.9,,,50.89999999990687,,unknown,False
PV_62_038_2441588_L,PV_62,038,PV_62_block_038,2441588.4,L,2441741.25,2441775.2,3.038164633752084,131.83726535855232,152.85000000009313,177.73441872823213,reverse,True
PV_62_038_2586090_L,PV_62,038,PV_62_block_038,2586089.5,L,2586191.35,2586208.35,0.7286044687893621,261.59366541835544,101.85000000009313,86.23854019282038,same,True
PV_62_038_2669249_L,PV_62,038,PV_62_block_038,2669249.45,R,2669317.4,2669334.4,0.5147820731105622,267.87840205420105,67.9499999997206,32.555851411808476,same,True
PV_62_038_2794247_L,PV_62,038,PV_62_block_038,2794247.1,L,2794298.05,2794399.95,4.4334844282801855,306.6925854733225,50.9499999997206,69.40973340546589,same,True
PV_62_038_2794247_L,PV_62,038,PV_62_block_038,2794247.1,L,2794416.9,2794433.9,0.6444742055797934,191.88161967426925,169.79999999981374,175.77930079548082,reverse,True
PV_62_038_2794247_L,PV_62,038,PV_62_block_038,2794247.1,R,2794416.9,2794433.9,0.7527015711260309,215.09595702376117,169.79999999981374,161.0063618550272,reverse,True
PV_62_038_2795962_L,PV_62,038,PV_62_block_038,2795962.25,L,2796132.1,2796149.05,0.6646452334204341,208.01370461178038,169.85000000009313,117.7106733711596,reverse,True
PV_62_038_2807662_L,PV_62,038,PV_62_block_038,2807662.15,L,2807781.0,2807814.95,1.1537519766320332,208.3523529688046,118.85000000009313,162.92584025399725,reverse,True
PV_62_038_2807662_L,PV_62,038,PV_62_block_038,2807662.15,L,2807865.95,2807882.9,,,203.8000000002794,,unknown,False
PV_62_038_2911008_L,PV_62,038,PV_62_block_038,2911008.3,L,2911127.15,2911161.1,1.2564815080248206,202.8249357911162,118.85000000009313,167.238796533806,reverse,True
PV_62_038_2911008_L,PV_62,038,PV_62_block_038,2911008.3,L,2911195.05,2911246.0,2.1872410731524248,181.77091159291018,186.75,171.70717926798795,reverse,True
PV_62_038_335934_R,PV_62,038,PV_62_block_038,335933.95,R,336001.9,336120.8,10.20530542183404,336.9975751177558,67.95000000001164,161.10748192509868,reverse,True
PV_62_038_336546_R,PV_62,038,PV_62_block_038,336545.5,L,336681.45,336698.45,0.5886012516841292,78.75301159187984,135.95000000001164,39.97741041765778,same,True
PV_62_038_336546_R,PV_62,038,PV_62_block_038,336545.5,R,336579.5,336596.5,0.6438022246967774,218.8189180287827,34.0,100.08849601924504,reverse,True
PV_62_038_336546_R,PV_62,038,PV_62_block_038,336545.5,R,336630.45,336800.35,18.207233895172784,325.0725134721432,84.95000000001164,153.6579085373944,reverse,False
PV_62_038_336630_R,PV_62,038,PV_62_block_038,336630.45,L,336681.45,336698.45,0.5886012516841292,78.75301159187984,51.0,113.68049811973663,reverse,True
PV_62_038_336630_R,PV_62,038,PV_62_block_038,336630.45,L,336800.35,336817.35,5.804557723188426,182.63497655246425,169.89999999996508,142.43753691967896,reverse,True
PV_62_038_336630_R,PV_62,038,PV_62_block_038,336630.45,L,336817.35,336885.3,8.381729284960178,359.36677963098015,186.89999999996508,34.29426615883693,same,True
PV_62_038_379250_R,PV_62,038,PV_62_block_038,379250.1,R,379402.95,379419.9,0.5797815258885279,350.8675144997875,152.85000000003492,79.6010580850417,same,True
PV_62_038_379250_R,PV_62,038,PV_62_block_038,379250.1,R,379436.9,379487.85,2.269055377567374,281.52395480131156,186.80000000004657,148.94461778351763,reverse,True
PV_62_038_390971_R,PV_62,038,PV_62_block_038,390971.35,L,391005.35,391039.3,1.8084793266662622,194.2386602092313,34.0,66.12595253907168,same,True
PV_62_038_390971_R,PV_62,038,PV_62_block_038,390971.35,R,391056.3,391090.3,5.243258837079837,177.8855732808468,84.95000000001164,49.77286561068718,same,True
PV_62_038_390971_R,PV_62,038,PV_62_block_038,390971.35,R,391141.25,391192.2,3.0833538273043115,36.877546082917064,169.90000000002328,91.23516158724257,reverse,True
PV_62_038_456503_R,PV_62,038,PV_62_block_038,456502.7,L,456536.7,456587.65,4.775631150163149,224.85976693359243,34.0,79.96057521120423,same,True
PV_62_038_456503_R,PV_62,038,PV_62_block_038,456502.7,L,456638.6,456672.55,0.8820530253632037,337.45464783346495,135.89999999996508,167.44454388892325,reverse,True
PV_62_038_456503_R,PV_62,038,PV_62_block_038,456502.7,R,456604.6,456638.6,1.8195932419042113,302.41813946080777,101.89999999996508,157.51894773841957,reverse,True
PV_62_038_523104_R,PV_62,038,PV_62_block_038,523104.1,L,523155.0500000001,523172.0500000001,0.7041769398386266,235.64786573312693,50.95000000012806,145.29138689781104,reverse,True
PV_62_038_523104_R,PV_62,038,PV_62_block_038,523104.1,R,523206.0,523223.0500000001,0.8142163761790936,31.6337131027866,101.90000000002328,58.72276573252928,same,True
PV_62_038_523104_R,PV_62,038,PV_62_block_038,523104.1,R,523223.0500000001,523240.0,0.9165023207572801,260.221775238992,118.95000000012806,169.8652964036761,reverse,True
PV_62_038_523104_R,PV_62,038,PV_62_block_038,523104.1,R,523240.0,523257.0,0.9084424859753646,72.23366106504177,135.90000000002328,18.12281777027411,same,True
PV_62_038_523104_R,PV_62,038,PV_62_block_038,523104.1,R,523257.0,523307.95,2.080637649767285,272.3232860083024,152.90000000002328,178.03319282701352,reverse,True
PV_62_038_548279_R,PV_62,038,PV_62_block_038,548278.95,L,548380.85,548397.85,0.7237665718462774,178.9350970628696,101.90000000002328,134.13109792712203,reverse,True
PV_62_038_658552_R,PV_62,038,PV_62_block_038,658551.9,L,658585.9,658636.9,2.5419032897071925,54.28286645611197,34.0,19.84899933600056,same,True
PV_62_038_689924_R,PV_62,038,PV_62_block_038,689923.55,L,689957.55,690008.5,3.3956272682951485,208.058146235617,34.0,97.60739959919772,reverse,True
PV_62_038_689924_R,PV_62,038,PV_62_block_038,689923.55,L,690042.5,690059.45,0.6777002014444807,72.39087852211308,118.94999999995343,38.0598681143062,same,True
PV_62_038_703547_R,PV_62,038,PV_62_block_038,703546.75,L,703597.75,703631.7,1.4713535318962994,2.813208114941408,51.0,85.31505840559328,same,True
PV_62_038_726802_R,PV_62,038,PV_62_block_038,726802.2,R,726972.05,726989.0,0.6625288038013731,243.11410290901472,169.85000000009313,162.25427287692514,reverse,True
PV_62_038_764358_R,PV_62,038,PV_62_block_038,764357.85,R,764527.75,764544.7,0.547643863504983,241.72908610515822,169.90000000002328,12.731580670103853,same,True
PV_62_038_948347_R,PV_62,038,PV_62_block_038,948346.7,L,948397.65,948431.6,3.2755666862115733,192.83126415783062,50.95000000006985,48.78320170102123,same,True
PV_62_038_948347_R,PV_62,038,PV_62_block_038,948346.7,L,948465.6,948499.55,1.5901954824074658,170.66040526617633,118.90000000002328,26.612342809366936,same,True
PV_62_038_948347_R,PV_62,038,PV_62_block_038,948346.7,L,948516.55,948567.5,2.208031997785473,152.51276261170656,169.85000000009313,8.464700154897173,same,True
PV_62_038_965500_R,PV_62,038,PV_62_block_038,965499.95,R,965601.85,965635.8,1.522407317833188,16.120244990788805,101.90000000002328,54.60030595136533,same,True
PV_62_038_1170011_R,PV_62,038,PV_62_block_038,1170010.55,L,1170044.55,1170061.5,3.4979345006283404,220.35792412272957,34.0,96.62494482666716,reverse,True
PV_62_038_1224077_R,PV_62,038,PV_62_block_038,1224077.2,L,1224128.15,1224179.1,5.283877194378622,24.49697385472481,50.949999999953434,73.16479489703346,same,True
PV_62_038_1225504_R,PV_62,038,PV_62_block_038,1225503.9,L,1225537.9,1225605.85,9.343671750179272,30.022781010238614,34.0,39.423108152761756,same,True
PV_62_038_1225504_R,PV_62,038,PV_62_block_038,1225503.9,L,1225639.8,1225656.8,0.7023140015051111,202.85583432376134,135.9000000001397,147.7438385337155,reverse,True
PV_62_038_1225504_R,PV_62,038,PV_62_block_038,1225503.9,L,1225673.8,1225690.75,0.7383979049449686,193.18562269399325,169.9000000001397,157.41405016348358,reverse,True
PV_62_038_1225504_R,PV_62,038,PV_62_block_038,1225503.9,L,1225724.75,1225758.7,2.4939319770384034,189.4948996563561,220.85000000009313,161.10477320112074,reverse,True
PV_62_038_1225504_R,PV_62,038,PV_62_block_038,1225503.9,R,1225690.75,1225741.7,2.3337129836421724,163.0258630615762,186.85000000009313,172.42619020409938,reverse,True
PV_62_038_1235171_R,PV_62,038,PV_62_block_038,1235170.8,L,1235221.8,1235255.75,1.2850659637267543,209.1582363067488,51.0,120.87790034478218,reverse,True
PV_62_038_1245127_R,PV_62,038,PV_62_block_038,1245127.1,L,1245161.1,1245195.05,2.4472838208023697,61.29935251000332,34.0,163.79774825358328,reverse,True
PV_62_038_1245127_R,PV_62,038,PV_62_block_038,1245127.1,L,1245246.05,1245263.05,0.6259603195654085,274.91560532263685,118.94999999995343,17.414001066216827,same,True
PV_62_038_1350174_R,PV_62,038,PV_62_block_038,1350173.65,L,1350292.6,1350326.6,1.8079125912634662,239.07455599547274,118.95000000018626,154.2964417464683,reverse,True
PV_62_038_1350174_R,PV_62,038,PV_62_block_038,1350173.65,R,1350275.6,1350326.6,,,101.95000000018626,,unknown,False
PV_62_038_1355355_R,PV_62,038,PV_62_block_038,1355355.05,L,1355389.05,1355440.0,4.0821511716503736,36.42215911241531,34.0,15.515831828012864,same,True
PV_62_038_1355355_R,PV_62,038,PV_62_block_038,1355355.05,L,1355541.9,1355558.9,0.7181679231042691,168.29601027335963,186.8499999998603,147.3896829889572,reverse,True
PV_62_038_1355355_R,PV_62,038,PV_62_block_038,1355355.05,R,1355507.95,1355575.9,2.7630717724748344,216.3517308951839,152.89999999990687,164.55459638921855,reverse,True
PV_62_038_1360536_R,PV_62,038,PV_62_block_038,1360536.2,L,1360757.05,1360774.05,,,220.85000000009313,,unknown,False
PV_62_038_1393596_R,PV_62,038,PV_62_block_038,1393596.2,R,1393749.15,1393766.15,0.6355738769549799,306.6859220490057,152.94999999995343,132.5764563294502,reverse,True
PV_62_038_1403893_R,PV_62,038,PV_62_block_038,1403893.0,R,1403977.95,1403994.95,0.568272639143344,155.5789779797768,84.94999999995343,149.66110827357747,reverse,True
PV_62_038_1404607_R,PV_62,038,PV_62_block_038,1404606.65,L,1404657.65,1404708.6,4.134644941457349,135.76452281563388,51.0,119.71227577465987,reverse,True
PV_62_038_1404607_R,PV_62,038,PV_62_block_038,1404606.65,L,1404742.6,1404776.6,1.222950399529693,248.31859734102602,135.95000000018626,127.73364969994799,reverse,True
PV_62_038_1421668_R,PV_62,038,PV_62_block_038,1421667.7,L,1421701.7,1421752.65,6.014159851743974,212.3277215589329,34.0,77.81393007873322,same,True
PV_62_038_1421668_R,PV_62,038,PV_62_block_038,1421667.7,L,1421803.65,1421837.65,0.9620123174547658,159.58262248574664,135.94999999995343,25.06883100554697,same,True
PV_62_038_1421668_R,PV_62,038,PV_62_block_038,1421667.7,R,1421905.6,1421939.6,1.6033489852762604,322.0982223033795,237.9000000001397,172.4155691768202,reverse,True
PV_62_038_1438965_R,PV_62,038,PV_62_block_038,1438965.25,R,1439084.2,1439135.2,3.602931201185126,152.21800203472756,118.94999999995343,173.99955495579027,reverse,True
PV_62_038_1443060_R,PV_62,038,PV_62_block_038,1443059.65,R,1443178.6,1443195.55,0.7877139858017593,157.0667764523656,118.95000000018626,177.86855314509728,reverse,True
PV_62_038_1490658_R,PV_62,038,PV_62_block_038,1490657.6,L,1490725.55,1490759.5,3.473798818645607,153.01204846968255,67.94999999995343,26.116030069139413,same,True
PV_62_038_1490658_R,PV_62,038,PV_62_block_038,1490657.6,L,1490810.5,1490844.45,1.7265933610960331,338.69107608531857,152.89999999990687,148.20494231522457,reverse,True
PV_62_038_1490658_R,PV_62,038,PV_62_block_038,1490657.6,L,1490861.45,1490895.4,2.1670270897398387,314.04782161582034,203.8499999998603,172.8481967847228,reverse,True
PV_62_038_1490658_R,PV_62,038,PV_62_block_038,1490657.6,R,1490759.5,1490776.5,0.5135642185684982,284.5164165783702,101.89999999990687,157.62039817782704,reverse,True
PV_62_038_1490658_R,PV_62,038,PV_62_block_038,1490657.6,R,1490793.5,1490827.45,1.4917724103575807,319.1531322388621,135.89999999990687,167.74288616168104,reverse,True
PV_62_038_1509054_R,PV_62,038,PV_62_block_038,1509053.9,L,1509087.9,1509138.85,6.96294502427854,309.46881969471286,34.0,20.88177533187229,same,True
PV_62_038_1509054_R,PV_62,038,PV_62_block_038,1509053.9,L,1509155.8,1509240.7,6.0557050615711185,132.26283276400673,101.9000000001397,161.9122377374216,reverse,True
PV_62_038_1509054_R,PV_62,038,PV_62_block_038,1509053.9,R,1509138.85,1509172.8,1.8206933076031089,167.54954516720693,84.95000000018626,162.80104985937822,reverse,True
PV_62_038_1523099_R,PV_62,038,PV_62_block_038,1523099.4,L,1523133.4,1523184.3,5.77097774836378,7.767694196918017,34.0,51.79722299859691,same,True
PV_62_038_1523099_R,PV_62,038,PV_62_block_038,1523099.4,L,1523201.3,1523235.3,1.2232871563116634,268.9597954608194,101.9000000001397,47.010675737501685,same,True
PV_62_038_1523099_R,PV_62,038,PV_62_block_038,1523099.4,L,1523303.25,1523354.2,2.1826875837290753,180.51237959653267,203.85000000009313,135.45809160178842,reverse,True
PV_62_038_1535651_R,PV_62,038,PV_62_block_038,1535650.6,R,1535803.5,1535820.45,2.7080672113066258,48.25667696703477,152.89999999990687,41.02219396489238,same,True
PV_62_038_1535651_R,PV_62,038,PV_62_block_038,1535650.6,R,1535888.4,1535905.4,0.5719275994618812,341.6050763927818,237.79999999981374,107.67379453914532,reverse,True
PV_62_038_1536840_R,PV_62,038,PV_62_block_038,1536839.5,R,1536975.3,1537043.25,5.74679601100151,337.1835162150679,135.80000000004657,129.70862166578735,reverse,True
PV_62_038_1556915_R,PV_62,038,PV_62_block_038,1556914.55,R,1557118.4,1557152.4,2.302892312861601,253.83187344079096,203.8499999998603,169.4575313317161,reverse,True
PV_62_038_1621997_R,PV_62,038,PV_62_block_038,1621997.15,R,1622099.1,1622133.05,1.8272123268597014,224.3010329704563,101.95000000018626,84.54001230385214,same,True
PV_62_038_1621997_R,PV_62,038,PV_62_block_038,1621997.15,R,1622150.05,1622167.0,0.5417631541258456,195.8836547828876,152.9000000001397,112.95739049142085,reverse,True
PV_62_038_1624800_R,PV_62,038,PV_62_block_038,1624799.75,L,1624850.7,1624901.65,3.4242828067534496,23.470505711671983,50.949999999953434,23.256556740529334,same,True
PV_62_038_1625921_R,PV_62,038,PV_62_block_038,1625920.9,L,1625988.85,1626005.85,0.5039107165673282,96.15585321253599,67.95000000018626,21.621931432009717,same,True
PV_62_038_1625921_R,PV_62,038,PV_62_block_038,1625920.9,L,1626022.8,1626073.8,4.132032970076352,358.9006549128774,101.9000000001397,118.87712973166828,reverse,True
PV_62_038_1625921_R,PV_62,038,PV_62_block_038,1625920.9,R,1626005.85,1626039.8,1.45095466161731,349.28164406479067,84.95000000018626,128.49614057975504,reverse,True
PV_62_038_1628146_R,PV_62,038,PV_62_block_038,1628146.3,R,1628350.1,1628401.05,2.3810124644006216,301.0221925708642,203.80000000004657,156.16057042731182,reverse,True
PV_62_038_1632851_R,PV_62,038,PV_62_block_038,1632851.15,L,1632902.1,1632987.0,21.477602737506132,290.4908944794897,50.950000000186265,62.068855014861015,same,False
PV_62_038_1641242_R,PV_62,038,PV_62_block_038,1641242.05,L,1641293.05,1641378.0,5.7463870718063585,204.45985719699158,51.0,93.47518072683067,reverse,True
PV_62_038_1641242_R,PV_62,038,PV_62_block_038,1641242.05,R,1641378.0,1641411.95,1.9109596119443981,291.78069021468554,135.94999999995343,179.20398625547534,reverse,True
PV_62_038_1641242_R,PV_62,038,PV_62_block_038,1641242.05,R,1641428.95,1641462.95,1.6550506425390517,309.69430363305196,186.89999999990687,161.29037283710898,reverse,True
PV_62_038_1681835_R,PV_62,038,PV_62_block_038,1681835.15,L,1681869.15,1681903.1,2.6799035358678203,263.02035971627737,34.0,25.54883903539229,same,True
PV_62_038_1681835_R,PV_62,038,PV_62_block_038,1681835.15,L,1681920.05,1681937.05,0.6288233582598654,179.5297642381193,84.9000000001397,109.03943451355036,reverse,True
PV_62_038_1754959_R,PV_62,038,PV_62_block_038,1754959.25,R,1755044.2,1755061.2,1.3840044193675314,285.4226392070441,84.94999999995343,105.41111363248018,reverse,True
PV_62_038_1859593_R,PV_62,038,PV_62_block_038,1859592.6,L,1859813.35,1859830.35,,,220.75,,unknown,False
PV_62_038_1859593_R,PV_62,038,PV_62_block_038,1859592.6,R,1859830.35,1859864.3,1.230396573104172,281.1654889007502,237.75,130.74225054722677,reverse,True
PV_62_038_1864467_R,PV_62,038,PV_62_block_038,1864466.7,L,1864534.65,1864585.6,1.9746896330407786,136.48578965610145,67.94999999995343,20.75392805000439,same,True
PV_62_038_1864467_R,PV_62,038,PV_62_block_038,1864466.7,R,1864653.5,1864738.4,4.2939789227352385,323.7302759596248,186.80000000004657,152.00158564647222,reverse,True
PV_62_038_1917084_R,PV_62,038,PV_62_block_038,1917083.85,R,1917185.75,1917236.7,3.360801940919546,94.57360778299372,101.89999999990687,148.75468642725605,reverse,True
PV_62_038_1917084_R,PV_62,038,PV_62_block_038,1917083.85,R,1917253.7,1917287.65,2.616405135734708,141.91829955881508,169.8499999998603,163.90062179692262,reverse,True
PV_62_038_1917084_R,PV_62,038,PV_62_block_038,1917083.85,R,1917304.65,1917355.6,2.200003539371858,152.9220940247844,220.79999999981374,152.8968273309533,reverse,True
PV_62_038_1956939_R,PV_62,038,PV_62_block_038,1956938.55,L,1956989.5,1957006.45,,,50.949999999953434,,unknown,False
PV_62_038_1956939_R,PV_62,038,PV_62_block_038,1956938.55,L,1957108.35,1957142.3,1.180114532549579,189.1913903847683,169.80000000004657,58.45695305004486,same,True
PV_62_038_1956939_R,PV_62,038,PV_62_block_038,1956938.55,R,1957074.4,1957108.35,2.065451502993327,343.1513983079238,135.8499999998603,147.58303902679967,reverse,True
PV_62_038_1969538_R,PV_62,038,PV_62_block_038,1969538.05,R,1969589.0,1969606.0,0.7136224881960728,279.25327213793025,50.949999999953434,27.57545477374009,same,True
PV_62_038_1992479_R,PV_62,038,PV_62_block_038,1992478.55,L,1992699.35,1992750.35,3.335816185239357,270.1602748944442,220.80000000004657,111.41984200076126,reverse,True
PV_62_038_1992479_R,PV_62,038,PV_62_block_038,1992478.55,R,1992699.35,1992767.3,4.177055992479556,72.71557783959734,220.80000000004657,86.02485505408562,same,True
PV_62_038_1993141_R,PV_62,038,PV_62_block_038,1993141.0,L,1993276.85,1993293.85,1.438991512170041,165.36772361155835,135.85000000009313,157.03976218941665,reverse,True
PV_62_038_1993141_R,PV_62,038,PV_62_block_038,1993141.0,L,1993293.85,1993310.85,14.503534732398444,278.1968728390531,152.85000000009313,44.21061296192187,same,False
PV_62_038_1993141_R,PV_62,038,PV_62_block_038,1993141.0,L,1993310.85,1993327.8,1.7983261490951579,173.06869185307545,169.85000000009313,149.33879394789955,reverse,True
PV_62_038_1993141_R,PV_62,038,PV_62_block_038,1993141.0,L,1993327.8,1993344.8,0.6944003277788581,271.6062052401632,186.80000000004657,50.80128056081179,same,True
PV_62_038_1993141_R,PV_62,038,PV_62_block_038,1993141.0,R,1993344.8,1993361.75,0.9249239958252503,299.67382450338846,203.80000000004657,22.733661297586536,same,True
PV_62_038_2034394_R,PV_62,038,PV_62_block_038,2034394.0,R,2034512.9,2034580.85,6.638764732264112,70.23256653934813,118.89999999990687,159.29419089139594,reverse,True
PV_62_038_2047778_R,PV_62,038,PV_62_block_038,2047778.2,L,2047812.2,2047863.15,2.379445460552601,138.88824239066955,34.0,84.0489517978591,same,True
PV_62_038_2047778_R,PV_62,038,PV_62_block_038,2047778.2,R,2047897.1,2047931.1,1.3734372897283702,214.45237861238155,118.9000000001397,159.61308801957108,reverse,True
PV_62_038_2074119_R,PV_62,038,PV_62_block_038,2074119.05,L,2074170.0,2074204.0,1.3723442195711237,330.1760550419161,50.949999999953434,20.7975442194396,same,True
PV_62_038_2107695_R,PV_62,038,PV_62_block_038,2107695.35,L,2107763.3,2107780.25,0.5809073087492388,339.9045935335984,67.9499999997206,15.125170281614032,same,True
PV_62_038_2132574_R,PV_62,038,PV_62_block_038,2132574.45,R,2132710.3,2132727.3,0.5489821960734784,264.21641241667095,135.84999999962747,174.24411456476923,reverse,True
PV_62_038_2145701_R,PV_62,038,PV_62_block_038,2145700.85,R,2145734.85,2145768.8,,,34.0,,unknown,False
PV_62_038_2162274_R,PV_62,038,PV_62_block_038,2162273.7,L,2162307.7,2162358.65,6.664386150945787,171.8938301587022,34.0,28.307393675679265,same,True
PV_62_038_2164736_R,PV_62,038,PV_62_block_038,2164735.9,L,2164786.8,2164803.8,0.6127858501088327,334.3738427254639,50.89999999990687,35.14605935752161,same,True
PV_62_038_2167079_R,PV_62,038,PV_62_block_038,2167079.05,L,2167299.8,2167367.7,7.638055185782029,339.74438204936945,220.75,154.24971448528447,reverse,True
PV_62_038_2167079_R,PV_62,038,PV_62_block_038,2167079.05,R,2167265.8,2167384.65,8.215673238016906,1.9379598508531655,186.75,132.05613668380076,reverse,True
PV_62_038_2167266_R,PV_62,038,PV_62_block_038,2167265.8,L,2167299.8,2167367.7,7.638055185782029,339.74438204936945,34.0,22.193577801483798,same,True
PV_62_038_2170288_R,PV_62,038,PV_62_block_038,2170287.65,L,2170321.65,2170372.55,5.598858823967289,175.84528348806674,34.0,22.040471475110934,same,True
PV_62_038_2170288_R,PV_62,038,PV_62_block_038,2170287.65,R,2170389.55,2170423.5,2.148309402511443,318.79282142719865,101.89999999990687,164.9880094142428,reverse,True
PV_62_038_2174888_R,PV_62,038,PV_62_block_038,2174888.0,R,2175006.85,2175091.75,5.730552809664079,357.3329585502435,118.85000000009313,117.9788684683495,reverse,True
PV_62_038_2174888_R,PV_62,038,PV_62_block_038,2174888.0,R,2175125.7,2175193.6,4.134716294418787,285.29324916538076,237.70000000018626,169.98142214678774,reverse,True
PV_62_038_2175007_R,PV_62,038,PV_62_block_038,2175006.85,L,2175176.65,2175244.55,4.154092861426365,72.33046428361895,169.79999999981374,74.99750573337542,same,True
PV_62_038_2175007_R,PV_62,038,PV_62_block_038,2175006.85,R,2175125.7,2175193.6,4.134716294418787,285.29324916538076,118.85000000009313,72.03970938486276,same,True
PV_62_038_2175516_R,PV_62,038,PV_62_block_038,2175516.1,L,2175702.8,2175736.75,1.9148091840855341,85.2373894452135,186.6999999997206,0.4850069353552726,same,True
PV_62_038_2175516_R,PV_62,038,PV_62_block_038,2175516.1,R,2175617.95,2175651.9,3.687200944921335,239.1832672297931,101.85000000009313,154.43088471993485,reverse,True
PV_62_038_2183190_R,PV_62,038,PV_62_block_038,2183190.4,L,2183258.35,2183292.3,1.8796424742938056,172.63194182699374,67.95000000018626,45.45947760973672,same,True
PV_62_038_2185228_R,PV_62,038,PV_62_block_038,2185228.25,L,2185313.15,2185347.1,,,84.89999999990687,,unknown,False
PV_62_038_2185228_R,PV_62,038,PV_62_block_038,2185228.25,R,2185432.05,2185500.0,8.412760306700129,355.0912498071783,203.79999999981374,155.27997572569006,reverse,True
PV_62_038_2185432_R,PV_62,038,PV_62_block_038,2185432.05,R,2185669.8,2185686.75,3.2210203702443474,182.63892949770508,237.75,172.45232030947324,reverse,True
PV_62_038_2190306_R,PV_62,038,PV_62_block_038,2190305.55,L,2190407.4,2190424.35,0.6405050523978139,209.1406687225592,101.85000000009313,68.18536169317582,same,True
PV_62_038_2202243_R,PV_62,038,PV_62_block_038,2202243.45,L,2202294.4,2202311.4,0.7765459857875935,187.42233874820246,50.9499999997206,46.69339056608922,same,True
PV_62_038_2225914_R,PV_62,038,PV_62_block_038,2225914.45,L,2226067.3,2226101.25,1.7110780005488437,145.96555108651137,152.84999999962747,51.418032194240084,same,True
PV_62_038_2225914_R,PV_62,038,PV_62_block_038,2225914.45,R,2226016.35,2226050.35,,,101.89999999990687,,unknown,False
PV_62_038_2236834_R,PV_62,038,PV_62_block_038,2236833.7,R,2236969.55,2237020.45,3.098157373492291,96.29660182331857,135.84999999962747,110.59811440692766,reverse,True
PV_62_038_2236834_R,PV_62,038,PV_62_block_038,2236833.7,R,2237071.4,2237088.4,0.6921819257477472,178.97951083693178,237.6999999997206,166.7189765794591,reverse,True
PV_62_038_2285479_R,PV_62,038,PV_62_block_038,2285478.8,L,2285580.65,2285614.65,1.6801986426776703,171.14007521066642,101.85000000009313,129.51788354497938,reverse,True
PV_62_038_2285479_R,PV_62,038,PV_62_block_038,2285478.8,L,2285631.6,2285648.6,0.5395792068321877,172.54223626385775,152.8000000002794,130.9200445981707,reverse,True
PV_62_038_2285479_R,PV_62,038,PV_62_block_038,2285478.8,R,2285563.7,2285580.65,,,84.90000000037253,,unknown,False
PV_62_038_2286124_R,PV_62,038,PV_62_block_038,2286124.0,L,2286158.0,2286174.95,1.884030605651896,179.66631161897791,34.0,39.533533027550675,same,True
PV_62_038_2325248_R,PV_62,038,PV_62_block_038,2325247.6,L,2325298.55,2325315.5,0.5340056758988058,147.18267219317062,50.9499999997206,171.57044125600441,reverse,True
PV_62_038_2325248_R,PV_62,038,PV_62_block_038,2325247.6,L,2325332.5,2325366.5,1.860357076655343,201.78625237071557,84.89999999990687,133.82597856645063,reverse,True
PV_62_038_2325655_R,PV_62,038,PV_62_block_038,2325655.2,L,2325791.1,2325842.05,2.513518304985145,214.953489779482,135.89999999990687,155.1463271061097,reverse,True
PV_62_038_2325655_R,PV_62,038,PV_62_block_038,2325655.2,L,2325876.05,2325893.0,0.7527024760353365,193.69608358689942,220.84999999962747,176.40373329869226,reverse,True
PV_62_038_2325655_R,PV_62,038,PV_62_block_038,2325655.2,R,2325757.1,2325808.05,3.084768799227224,209.68532007080375,101.89999999990687,160.41449681478798,reverse,True
PV_62_038_2325655_R,PV_62,038,PV_62_block_038,2325655.2,R,2325893.0,2325910.0,0.7569843757768175,239.48996442899693,237.79999999981374,130.6098524565948,reverse,True
PV_62_038_2334672_R,PV_62,038,PV_62_block_038,2334672.3,R,2334757.2,2334859.05,12.440918999277434,235.63092069588518,84.90000000037253,36.50429795505019,same,False
PV_62_038_2334757_R,PV_62,038,PV_62_block_038,2334757.2,R,2334927.0,2334943.95,0.7239887106687038,102.34424782901714,169.79999999981374,133.28667286686806,reverse,True
PV_62_038_2361078_R,PV_62,038,PV_62_block_038,2361077.95,R,2361230.8,2361264.75,1.935465677934226,272.1657596381432,152.84999999962747,173.90056160839254,reverse,True
PV_62_038_2362369_R,PV_62,038,PV_62_block_038,2362368.65,L,2362402.65,2362419.6,0.6242676991114506,183.95552699799418,34.0,143.04338064768933,reverse,True
PV_62_038_2362369_R,PV_62,038,PV_62_block_038,2362368.65,R,2362555.45,2362572.45,0.5262122071904745,310.8168722357867,186.8000000002794,90.09527411451813,reverse,True
PV_62_038_2362776_R,PV_62,038,PV_62_block_038,2362776.2,R,2362793.2,2362810.15,0.6295600937131237,187.84775832871674,17.0,97.4728310261957,reverse,True
PV_62_038_2364593_R,PV_62,038,PV_62_block_038,2364593.3,L,2364661.2,2364712.15,16.88140146258063,283.12430045781264,67.90000000037253,36.315969547271266,same,False
PV_62_038_2384988_R,PV_62,038,PV_62_block_038,2384988.4,L,2385056.3,2385090.3,,,67.89999999990687,,unknown,False
PV_62_038_2384988_R,PV_62,038,PV_62_block_038,2384988.4,R,2385158.2,2385209.15,2.5613229820117613,280.69319197413597,169.8000000002794,166.17674103921087,reverse,True
PV_62_038_2385719_R,PV_62,038,PV_62_block_038,2385718.75,R,2385803.65,2385820.6,0.5280927094702705,260.5830382462188,84.89999999990687,7.090380221747921,same,True
PV_62_038_2388317_R,PV_62,038,PV_62_block_038,2388317.0,L,2388401.9,2388452.85,2.907585187047503,169.28015415961255,84.89999999990687,149.94981204442615,reverse,True
PV_62_038_2388317_R,PV_62,038,PV_62_block_038,2388317.0,R,2388401.9,2388452.85,2.7796411103544547,186.42075942278535,84.89999999990687,167.09041730759895,reverse,True
PV_62_038_2395450_R,PV_62,038,PV_62_block_038,2395449.9,L,2395585.75,2395653.65,3.733744995230995,283.68975330101773,135.85000000009313,157.94268305520427,reverse,True
PV_62_038_2395450_R,PV_62,038,PV_62_block_038,2395449.9,R,2395500.85,2395517.85,0.6229862625150024,86.2298007380705,50.950000000186265,4.597364381848479,same,True
PV_62_038_2395450_R,PV_62,038,PV_62_block_038,2395449.9,R,2395534.8,2395568.75,1.7894964774558035,277.8245224612667,84.89999999990687,163.80791389495528,reverse,True
PV_62_038_2398388_R,PV_62,038,PV_62_block_038,2398388.1,L,2398422.1,2398456.05,1.623963664886071,43.57577426060743,34.0,22.30755157763923,same,True
PV_62_038_2398847_R,PV_62,038,PV_62_block_038,2398846.7,R,2398914.65,2399016.55,6.46377299069664,290.0584056269423,67.9499999997206,176.02060850890206,reverse,True
PV_62_038_2401190_R,PV_62,038,PV_62_block_038,2401190.4,R,2401258.35,2401275.3,0.7051561259959316,35.91532218557923,67.95000000018626,116.44614336960473,reverse,True
PV_62_038_2401190_R,PV_62,038,PV_62_block_038,2401190.4,R,2401292.3,2401309.3,0.666350913561556,68.55411917968677,101.89999999990687,149.0849403637123,reverse,True
PV_62_038_2401190_R,PV_62,038,PV_62_block_038,2401190.4,R,2401343.25,2401394.2,2.6246382399602104,75.69106716238022,152.85000000009313,156.22188834640576,reverse,True
PV_62_038_2404858_R,PV_62,038,PV_62_block_038,2404858.0,R,2404942.9,2404959.9,0.7352658526920748,307.11478135629335,84.89999999990687,154.37989924606416,reverse,True
PV_62_038_2407355_R,PV_62,038,PV_62_block_038,2407354.55,L,2407456.45,2407473.45,0.7194660619128065,16.125465074988657,101.90000000037253,95.19112506509535,reverse,True
PV_62_038_2407355_R,PV_62,038,PV_62_block_038,2407354.55,R,2407456.45,2407507.4,3.1387116367157675,290.27977628076405,101.90000000037253,178.96318614068002,reverse,True
PV_62_038_2412517_R,PV_62,038,PV_62_block_038,2412517.4,R,2412568.35,2412636.3,9.805501483746212,250.07173988394732,50.950000000186265,35.14841292363869,same,True
PV_62_038_2412517_R,PV_62,038,PV_62_block_038,2412517.4,R,2412636.3,2412670.25,1.3000609612960012,33.055126345691306,118.89999999990687,178.1317993853827,reverse,True
PV_62_038_2412568_R,PV_62,038,PV_62_block_038,2412568.35,R,2412636.3,2412670.25,1.3000609612960012,33.055126345691306,67.9499999997206,142.98338646174398,reverse,True
PV_62_038_2420380_R,PV_62,038,PV_62_block_038,2420379.85,R,2420481.8,2420583.7,11.489475304820214,88.80208722162689,101.9499999997206,48.26198930812589,same,True
PV_62_038_2436087_R,PV_62,038,PV_62_block_038,2436086.75,R,2436171.65,2436239.55,3.9455993477794937,136.63032128346768,84.89999999990687,155.74924629248088,reverse,True
PV_62_038_2443134_R,PV_62,038,PV_62_block_038,2443133.75,L,2443252.6,2443286.55,1.3838924860312949,249.90136876552845,118.85000000009313,121.02241543944103,reverse,True
PV_62_038_2443134_R,PV_62,038,PV_62_block_038,2443133.75,R,2443235.6,2443320.5,4.791770504225938,33.655590512042615,101.85000000009313,95.22336281404483,reverse,True
PV_62_038_2492885_R,PV_62,038,PV_62_block_038,2492884.6,L,2492918.6,2492969.5,4.525224138955574,7.565517979367807,34.0,45.500966343511834,same,True
PV_62_038_2492885_R,PV_62,038,PV_62_block_038,2492884.6,L,2492986.5,2493003.5,0.6091358335429017,269.37474334893534,101.89999999990687,52.68980828692065,same,True
PV_62_038_2492885_R,PV_62,038,PV_62_block_038,2492884.6,L,2493071.4,2493088.4,1.0200278807988996,244.9195444426968,186.79999999981374,77.14500719315919,same,True
PV_62_038_2492885_R,PV_62,038,PV_62_block_038,2492884.6,L,2493088.4,2493105.4,0.5875459637287556,145.25961009428863,203.79999999981374,176.80494154156736,reverse,True
PV_62_038_2492885_R,PV_62,038,PV_62_block_038,2492884.6,L,2493122.4,2493139.35,0.927380844899894,250.18465056479525,237.79999999981374,71.87990107106074,same,True
PV_62_038_2495296_R,PV_62,038,PV_62_block_038,2495296.05,L,2495499.8,2495550.75,3.9601411240036306,139.18750828954649,203.75,174.61128145104146,reverse,True
PV_62_038_2495296_R,PV_62,038,PV_62_block_038,2495296.05,R,2495397.9,2495431.85,1.0289417134236634,261.65505650206046,101.85000000009313,52.14373323852749,same,True
PV_62_038_2495296_R,PV_62,038,PV_62_block_038,2495296.05,R,2495482.85,2495499.8,0.6094108135980825,148.4919409114244,186.8000000002794,165.30684882916356,reverse,True
PV_62_038_2498998_R,PV_62,038,PV_62_block_038,2498998.1,L,2499235.85,2499269.8,1.5767363186544907,135.20382663606065,237.75,179.47773376004992,reverse,True
PV_62_038_2546352_R,PV_62,038,PV_62_block_038,2546352.5,L,2546403.45,2546454.4,1.9754305199345108,14.891724920226359,50.950000000186265,64.91344568217701,same,True
PV_62_038_2546352_R,PV_62,038,PV_62_block_038,2546352.5,R,2546522.3,2546539.3,0.6537090522848464,262.42227113256536,169.79999999981374,177.38289946983804,reverse,True
PV_62_038_2568698_R,PV_62,038,PV_62_block_038,2568698.1,R,2568817.0,2568901.9,8.765524981295435,41.916956992606465,118.89999999990687,146.36136089803642,reverse,True
PV_62_038_2568698_R,PV_62,038,PV_62_block_038,2568698.1,R,2568918.9,2568935.85,0.6388636262884028,19.77292742672544,220.79999999981374,168.50539046391745,reverse,True
PV_62_038_2568817_R,PV_62,038,PV_62_block_038,2568817.0,R,2568918.9,2568935.85,0.6388636262884028,19.77292742672544,101.89999999990687,22.144029565881027,same,True
PV_62_038_2574710_R,PV_62,038,PV_62_block_038,2574710.35,R,2574948.15,2574999.1,2.155206459367617,310.0619165895051,237.79999999981374,164.5987476304348,reverse,True
PV_62_038_2586038_R,PV_62,038,PV_62_block_038,2586038.5,L,2586089.5,2586174.4,9.725776238355623,347.8322056111758,51.0,34.63259890885297,same,True
PV_62_038_2586038_R,PV_62,038,PV_62_block_038,2586038.5,L,2586191.35,2586208.35,0.7286044687893621,261.59366541835544,152.85000000009313,51.60594128396741,same,True
PV_62_038_2586701_R,PV_62,038,PV_62_block_038,2586700.9,L,2586819.8,2586904.7,7.011005031378466,193.99100298233915,118.89999999990687,175.67530240426112,reverse,True
PV_62_038_2586701_R,PV_62,038,PV_62_block_038,2586700.9,R,2586785.8,2586836.8,,,84.89999999990687,,unknown,False
PV_62_038_2609595_R,PV_62,038,PV_62_block_038,2609594.7,L,2609628.7,2609662.65,3.612848634133759,212.3859400301067,34.0,85.99800306549957,same,True
PV_62_038_2613551_R,PV_62,038,PV_62_block_038,2613551.35,L,2613602.25,2613619.25,,,50.89999999990687,,unknown,False
PV_62_038_2613551_R,PV_62,038,PV_62_block_038,2613551.35,R,2613602.25,2613636.25,3.32401933911223,231.62643283770865,50.89999999990687,81.67514722059104,same,True
PV_62_038_2613551_R,PV_62,038,PV_62_block_038,2613551.35,R,2613687.2,2613755.1,6.365084014038703,33.1273583769046,135.85000000009313,116.82392724021304,reverse,True
PV_62_038_2613551_R,PV_62,038,PV_62_block_038,2613551.35,R,2613755.1,2613772.1,0.705381799512602,279.9873231712785,203.75,130.03603755416088,reverse,True
PV_62_038_2613687_R,PV_62,038,PV_62_block_038,2613687.2,R,2613755.1,2613772.1,0.705381799512602,279.9873231712785,67.89999999990687,113.14003520562608,reverse,True
PV_62_038_2614740_R,PV_62,038,PV_62_block_038,2614740.05,R,2614858.85,2614875.85,0.7433897080105617,271.1554791634656,118.8000000002794,153.6141877637832,reverse,True
PV_62_038_2628953_R,PV_62,038,PV_62_block_038,2628953.0,L,2629003.9,2629020.9,0.7321911409544797,136.60263614959285,50.89999999990687,11.403312035068922,same,True
PV_62_038_2628953_R,PV_62,038,PV_62_block_038,2628953.0,L,2629037.85,2629088.8,2.1734906794578457,114.62298728329075,84.85000000009313,10.576336831233164,same,True
PV_62_038_2628953_R,PV_62,038,PV_62_block_038,2628953.0,R,2629173.65,2629190.6,0.7094840112009632,26.896345717639992,220.64999999990687,98.30297839688394,reverse,True
PV_62_038_2640922_R,PV_62,038,PV_62_block_038,2640922.15,L,2641007.05,2641041.0,2.08620432364537,100.85664899550461,84.89999999990687,58.11029701907752,same,True
PV_62_038_2640922_R,PV_62,038,PV_62_block_038,2640922.15,L,2641075.0,2641108.95,1.8251973345553216,4.405019144648565,152.85000000009313,154.56192686993356,reverse,True
PV_62_038_2640922_R,PV_62,038,PV_62_block_038,2640922.15,L,2641125.9,2641159.9,1.377039417533125,357.67914559120027,203.75,161.2878004233819,reverse,True
PV_62_038_2640922_R,PV_62,038,PV_62_block_038,2640922.15,R,2641024.0,2641176.85,15.14842661379187,10.745864661356665,101.85000000009313,148.22108135322546,reverse,True
PV_62_038_2642943_R,PV_62,038,PV_62_block_038,2642942.8,R,2642959.75,2642993.75,1.0914955417066206,317.18793000544133,16.950000000186265,131.24294315663929,reverse,True
PV_62_038_2642943_R,PV_62,038,PV_62_block_038,2642942.8,R,2643010.7,2643044.65,2.3909394830815764,16.1183668397022,67.90000000037253,72.31250632237841,same,True
PV_62_038_2642943_R,PV_62,038,PV_62_block_038,2642942.8,R,2643095.6,2643129.55,1.7131493628994265,78.73306708429462,152.8000000002794,9.697806077785998,same,True
PV_62_038_2650635_R,PV_62,038,PV_62_block_038,2650635.1,R,2650703.0,2650720.0,0.6496555271535757,5.664670393502042,67.89999999990687,126.33383977759581,reverse,True
PV_62_038_2653607_R,PV_62,038,PV_62_block_038,2653607.15,R,2653726.05,2653777.0,4.789110279915985,45.851307552915955,118.89999999990687,72.61766667371332,same,True
PV_62_038_2653607_R,PV_62,038,PV_62_block_038,2653607.15,R,2653794.0,2653810.95,0.6249105087094418,327.02265102069583,186.85000000009313,151.44632320593342,reverse,True
PV_62_038_2684212_R,PV_62,038,PV_62_block_038,2684211.7,R,2684364.55,2684398.55,1.1911842489056315,89.42508008554489,152.84999999962747,166.7836902893323,reverse,True
PV_62_038_2694335_R,PV_62,038,PV_62_block_038,2694334.95,R,2694521.7,2694589.6,,,186.75,,unknown,False
PV_62_038_2694827_R,PV_62,038,PV_62_block_038,2694827.35,R,2694912.25,2694946.2,1.4230128121982966,345.53207357702087,84.89999999990687,145.43534997908608,reverse,True
PV_62_038_2764833_R,PV_62,038,PV_62_block_038,2764832.65,L,2764866.65,2764934.55,4.457470910227066,196.08494308890442,34.0,58.28702628396675,same,True
PV_62_038_2768756_R,PV_62,038,PV_62_block_038,2768755.8,L,2768789.8,2768840.7,2.842989826558783,196.13514114412268,34.0,60.22314310798524,same,True
PV_62_038_2794196_R,PV_62,038,PV_62_block_038,2794196.2,L,2794247.1,2794281.05,6.986593157750253,16.10231887878839,50.89999999990687,27.74981983435299,same,True
PV_62_038_2794196_R,PV_62,038,PV_62_block_038,2794196.2,L,2794298.05,2794399.95,4.4334844282801855,306.6925854733225,101.84999999962747,41.659913571112895,same,True
PV_62_038_2794196_R,PV_62,038,PV_62_block_038,2794196.2,L,2794416.9,2794433.9,0.6444742055797934,191.88161967426925,220.6999999997206,156.47087937016613,reverse,True
PV_62_038_2794196_R,PV_62,038,PV_62_block_038,2794196.2,R,2794416.9,2794433.9,0.7527015711260309,215.09595702376117,220.6999999997206,133.2565420206742,reverse,True
PV_62_038_2801735_R,PV_62,038,PV_62_block_038,2801735.4,L,2801854.25,2801871.25,0.6064143226398275,277.1345183484676,118.85000000009313,49.10059623006734,same,True
PV_62_038_2862621_R,PV_62,038,PV_62_block_038,2862621.35,L,2862655.35,2862672.3,,,34.0,,unknown,False
PV_62_038_2862621_R,PV_62,038,PV_62_block_038,2862621.35,L,2862774.2,2862791.2,2.5351397114944083,200.87514498967974,152.85000000009313,28.066111244077376,same,True
PV_62_038_2862621_R,PV_62,038,PV_62_block_038,2862621.35,L,2862842.15,2862893.05,2.186242360120904,157.765535606875,220.79999999981374,15.043498138727358,same,True
PV_126_007_183665_R,PV_126,007,PV_126_block_007,183664.9,L,183781.45,183814.75,2.0529334184634256,21.260651420941066,116.55000000001746,144.35543837255418,reverse,True
PV_126_007_183665_R,PV_126,007,PV_126_block_007,183664.9,R,183764.8,183814.75,3.044956507626512,343.9433280897618,99.89999999999418,178.32723829626656,reverse,True
PV_126_007_202446_L,PV_126,007,PV_126_block_007,202446.1,L,202496.05,202512.7,0.7540633524072573,220.50353428192432,49.94999999998254,142.33480103960562,reverse,True
PV_126_007_436012_L,PV_126,007,PV_126_block_007,436012.3,L,436162.15,436195.45,,,149.85000000003492,,unknown,False
PV_126_007_436012_L,PV_126,007,PV_126_block_007,436012.3,L,436228.75,436295.35,5.834031587734535,231.76569851322355,216.45000000001164,34.290299829185756,same,True
PV_126_007_436012_L,PV_126,007,PV_126_block_007,436012.3,R,436095.55,436128.85,2.0674545170472998,261.17352939452337,83.25,63.69813071048557,same,True
PV_126_007_436012_L,PV_126,007,PV_126_block_007,436012.3,R,436178.8,436195.45,5.600190897077549,344.42232727042335,166.5,146.94692858638552,reverse,True
PV_126_007_436012_L,PV_126,007,PV_126_block_007,436012.3,R,436195.45,436212.1,1.0740397543447298,244.67776434895157,183.15000000002328,47.20236566491377,same,True
PV_126_007_436012_L,PV_126,007,PV_126_block_007,436012.3,R,436212.1,436278.7,7.615769971260998,143.23138789309263,199.79999999998836,54.24401079094517,same,True
PV_126_007_580285_R,PV_126,007,PV_126_block_007,580284.55,L,580367.8,580401.1,1.6770921610751353,150.8880858447474,83.25,177.8048495870362,reverse,True
PV_126_007_580285_R,PV_126,007,PV_126_block_007,580284.55,L,580467.7,580484.35,1.1548551779220897,120.14728319545303,183.14999999990687,147.0640469377418,reverse,True
PV_126_007_580285_R,PV_126,007,PV_126_block_007,580284.55,L,580484.35,580534.3,13.817419805161231,2.5815116275889234,199.79999999993015,29.49827536987766,same,False
PV_126_007_580285_R,PV_126,007,PV_126_block_007,580284.55,L,580534.3,580617.55,10.605405445831739,186.9936398583752,249.75,146.08959639933605,reverse,False
PV_126_007_580285_R,PV_126,007,PV_126_block_007,580284.55,R,580501.0,580517.65,7.82602263620727,355.718336625954,216.44999999995343,22.635100368242774,same,True
PV_126_007_580285_R,PV_126,007,PV_126_block_007,580284.55,R,580517.65,580617.55,12.968713224989404,163.12774463524056,233.09999999997672,169.95549162247067,reverse,False
PV_126_007_855309_R,PV_126,007,PV_126_block_007,855309.25,L,855425.8,855509.05,5.510924096078211,18.046478366748325,116.55000000004657,129.30825713309102,reverse,True
PV_126_007_855309_R,PV_126,007,PV_126_block_007,855309.25,R,855409.15,855475.75,3.4959835662560894,346.2223205568163,99.90000000002328,161.13241494302304,reverse,True
PV_126_007_986511_R,PV_126,007,PV_126_block_007,986511.25,L,986594.5,986694.4,7.31231869103009,33.20499282705245,83.25,20.242613425586796,same,True
PV_126_007_986511_R,PV_126,007,PV_126_block_007,986511.25,L,986694.4,986744.35,11.24770066119782,197.1052338249008,183.15000000002328,175.85714557656485,reverse,False
PV_126_007_986511_R,PV_126,007,PV_126_block_007,986511.25,L,986744.35,986827.6,6.327547627477088,23.95823174172112,233.09999999997672,10.995852340255453,same,True
PV_126_007_986511_R,PV_126,007,PV_126_block_007,986511.25,R,986711.05,986727.7,4.091723485216996,176.88012001296497,199.80000000004657,163.9177406114993,reverse,True
PV_126_007_986511_R,PV_126,007,PV_126_block_007,986511.25,R,986727.7,986744.35,0.522422108368757,286.2780023717128,216.44999999995343,86.68437702975291,same,True
PV_126_007_986511_R,PV_126,007,PV_126_block_007,986511.25,R,986761.0,986810.95,2.9400462125336895,1.8459048366066497,249.75,11.116474564859004,same,True
PV_126_007_1131516_L,PV_126,007,PV_126_block_007,1131516.1,L,1131616.0,1131632.65,0.7194312869744087,165.73268036978124,99.89999999990687,174.2888014880134,reverse,True
PV_126_007_1131516_L,PV_126,007,PV_126_block_007,1131516.1,R,1131582.7,1131632.65,3.0817103443418006,201.85362325054234,66.5999999998603,149.5902556312255,reverse,True
PV_126_007_1244203_L,PV_126,007,PV_126_block_007,1244203.3,L,1244369.8,1244386.45,0.5725059662105654,251.74195814584843,166.5,178.5962680472113,reverse,True
PV_126_007_1326454_R,PV_126,007,PV_126_block_007,1326454.3,L,1326570.85,1326620.8,2.932576570771707,212.21541883497565,116.55000000004657,131.31123302163445,reverse,True
PV_126_007_1326454_R,PV_126,007,PV_126_block_007,1326454.3,L,1326654.1,1326670.75,3.0705962846524018,37.48290101221016,199.80000000004657,53.95624915560006,same,True
PV_126_007_1326454_R,PV_126,007,PV_126_block_007,1326454.3,L,1326704.05,1326754.0,4.143652224077551,192.80313180242953,249.75,150.72352005418057,reverse,True
PV_126_007_1326454_R,PV_126,007,PV_126_block_007,1326454.3,R,1326554.2,1326604.15,3.200221423946294,160.63730111761888,99.89999999990687,177.1106492610088,reverse,True
PV_126_007_1326454_R,PV_126,007,PV_126_block_007,1326454.3,R,1326620.8,1326670.75,9.656481527993442,356.58814095692594,166.5,13.061489100315839,same,True
PV_126_007_1326454_R,PV_126,007,PV_126_block_007,1326454.3,R,1326687.4,1326754.0,4.612635552217048,172.15008592773094,233.0999999998603,171.37656592887916,reverse,True
PV_126_007_1365182_L,PV_126,007,PV_126_block_007,1365182.2,R,1365332.05,1365348.7,0.7655914486178246,355.45872896884686,149.85000000009313,170.26078438942233,reverse,True
PV_126_007_1365182_L,PV_126,007,PV_126_block_007,1365182.2,R,1365365.35,1365415.3,2.068645762983317,6.983012644827593,183.1500000001397,158.7365007134416,reverse,True
PV_126_007_1408489_R,PV_126,007,PV_126_block_007,1408488.85,L,1408572.1,1408622.05,2.301994652569018,208.65460781177492,83.25,151.49396435473682,reverse,True
PV_126_007_1408489_R,PV_126,007,PV_126_block_007,1408488.85,R,1408572.1,1408605.4,1.8235372566094379,181.59942665456484,83.25,178.5491455119469,reverse,True
PV_126_007_1728335_R,PV_126,007,PV_126_block_007,1728335.35,L,1728385.3,1728401.95,0.5906196640575061,315.08186456984487,49.949999999953434,175.43105025531014,reverse,True
PV_126_007_1847799_R,PV_126,007,PV_126_block_007,1847799.1,L,1847882.35,1847932.3,3.7664815570569306,182.62312106561146,83.25,148.66476775926392,reverse,True
PV_126_007_1847799_R,PV_126,007,PV_126_block_007,1847799.1,L,1847932.3,1847965.6,6.344438958577283,19.868072763903708,133.19999999995343,48.5801839390283,same,True
PV_126_007_1847799_R,PV_126,007,PV_126_block_007,1847799.1,L,1847965.6,1848065.5,7.826239407030612,194.24486847212495,166.5,137.04302035275043,reverse,True
PV_126_007_1847799_R,PV_126,007,PV_126_block_007,1847799.1,R,1847849.05,1847865.7,0.7779594040776048,176.37269062168625,49.949999999953434,154.91519820318914,reverse,True
PV_126_007_1847799_R,PV_126,007,PV_126_block_007,1847799.1,R,1847882.35,1847932.3,27.078480495961134,210.36096252755232,83.25,120.92692629732306,reverse,False
PV_126_007_1847799_R,PV_126,007,PV_126_block_007,1847799.1,R,1847932.3,1847948.95,3.8806099275274226,333.0535811284959,133.19999999995343,1.7656923036205399,same,True
PV_126_007_1847799_R,PV_126,007,PV_126_block_007,1847799.1,R,1847948.95,1848048.85,9.307549619396537,163.37106383995226,149.8499999998603,167.91682498492312,reverse,True
PV_126_007_1847882_R,PV_126,007,PV_126_block_007,1847882.35,L,1847932.3,1847965.6,6.344438958577283,19.868072763903708,49.949999999953434,169.50711023635142,reverse,True
PV_126_007_1847882_R,PV_126,007,PV_126_block_007,1847882.35,L,1847965.6,1848065.5,7.826239407030612,194.24486847212495,83.25,16.116094055427368,same,True
PV_126_007_1847882_R,PV_126,007,PV_126_block_007,1847882.35,L,1848115.45,1848148.75,7.476885762729066,2.374295761079285,233.0999999998603,152.01333323352696,reverse,True
PV_126_007_1847882_R,PV_126,007,PV_126_block_007,1847882.35,R,1847932.3,1847948.95,3.8806099275274226,333.0535811284959,49.949999999953434,122.6926186009436,reverse,True
PV_126_007_1847882_R,PV_126,007,PV_126_block_007,1847882.35,R,1847948.95,1848048.85,9.307549619396537,163.37106383995226,66.5999999998603,46.98989868760006,same,True
PV_126_007_1847882_R,PV_126,007,PV_126_block_007,1847882.35,R,1848098.8,1848132.1,13.14720012759969,26.364122616253344,216.44999999995343,176.00316008870107,reverse,True
PV_126_007_1847882_R,PV_126,007,PV_126_block_007,1847882.35,R,1848132.1,1848248.65,6.422146966191769,177.94468904159143,249.75,32.416273485960886,same,True
PV_126_007_1847932_L,PV_126,007,PV_126_block_007,1847932.3,L,1847965.6,1848065.5,7.826239407030612,194.24486847212495,33.300000000046566,174.37679570822127,reverse,False
PV_126_007_1847932_L,PV_126,007,PV_126_block_007,1847932.3,L,1848115.45,1848148.75,7.476885762729066,2.374295761079285,183.14999999990687,17.49377700282443,same,False
PV_126_007_1847932_L,PV_126,007,PV_126_block_007,1847932.3,L,1848148.75,1848232.0,5.899057491341756,216.69430081151535,216.44999999995343,163.1737719523884,reverse,True
PV_126_007_1847932_L,PV_126,007,PV_126_block_007,1847932.3,R,1847948.95,1848048.85,9.307549619396537,163.37106383995226,16.649999999906868,143.50299107604854,reverse,False
PV_126_007_1847932_L,PV_126,007,PV_126_block_007,1847932.3,R,1848098.8,1848132.1,13.14720012759969,26.364122616253344,166.5,6.496049852349643,same,False
PV_126_007_1847932_L,PV_126,007,PV_126_block_007,1847932.3,R,1848132.1,1848248.65,6.422146966191769,177.94468904159143,199.80000000004657,158.07661627768772,reverse,False
PV_126_007_1847949_R,PV_126,007,PV_126_block_007,1847948.95,L,1848115.45,1848148.75,7.476885762729066,2.374295761079285,166.5,160.99676807887298,reverse,True
PV_126_007_1847949_R,PV_126,007,PV_126_block_007,1847948.95,L,1848148.75,1848232.0,5.899057491341756,216.69430081151535,199.80000000004657,53.32323697156309,same,True
PV_126_007_1847949_R,PV_126,007,PV_126_block_007,1847948.95,R,1848098.8,1848132.1,13.14720012759969,26.364122616253344,149.85000000009313,137.0069412236989,reverse,False
PV_126_007_1847949_R,PV_126,007,PV_126_block_007,1847948.95,R,1848132.1,1848248.65,6.422146966191769,177.94468904159143,183.1500000001397,14.573625201639175,same,True
PV_126_007_1848099_R,PV_126,007,PV_126_block_007,1848098.8,L,1848148.75,1848232.0,5.899057491341756,216.69430081151535,49.949999999953434,169.66982180473804,reverse,True
PV_126_007_1848099_R,PV_126,007,PV_126_block_007,1848098.8,R,1848132.1,1848248.65,6.422146966191769,177.94468904159143,33.300000000046566,151.58056642533808,reverse,True
PV_126_007_1849131_R,PV_126,007,PV_126_block_007,1849131.1,L,1849181.05,1849197.7,8.472014328651122,326.7604947803464,49.949999999953434,117.95292440436691,reverse,True
PV_126_007_1849131_R,PV_126,007,PV_126_block_007,1849131.1,L,1849197.7,1849314.25,11.391146624346408,125.7937139933531,66.5999999998603,83.01385638262639,same,True
PV_126_007_1849131_R,PV_126,007,PV_126_block_007,1849131.1,R,1849197.7,1849330.9,16.70637692504011,34.71777841625545,66.5999999998603,174.08979195972404,reverse,True
PV_126_007_1849181_R,PV_126,007,PV_126_block_007,1849181.05,L,1849197.7,1849314.25,11.391146624346408,125.7937139933531,16.649999999906868,91.07593557709765,reverse,True
PV_126_007_1849547_R,PV_126,007,PV_126_block_007,1849547.35,L,1849580.65,1849597.3,1.0529892786543784,287.06382986768205,33.299999999813735,127.02357825437389,reverse,True
PV_126_007_1849547_R,PV_126,007,PV_126_block_007,1849547.35,L,1849597.3,1849647.25,2.7965043087738484,134.8115771849422,49.949999999953434,80.72416906288623,same,True
PV_126_007_1849547_R,PV_126,007,PV_126_block_007,1849547.35,R,1849613.95,1849663.9,3.264753634908143,261.192147898034,66.5999999998603,152.8952602240219,reverse,True
PV_126_007_1851312_R,PV_126,007,PV_126_block_007,1851312.25,L,1851395.5,1851445.45,2.4319490621198447,32.470858139073805,83.25,145.50745726645954,reverse,True
PV_126_007_1851312_R,PV_126,007,PV_126_block_007,1851312.25,L,1851462.1,1851495.4,1.572774830300228,35.06024104886555,149.85000000009313,148.09684017625125,reverse,True
PV_126_007_1910520_L,PV_126,007,PV_126_block_007,1910519.65,R,1910536.3,1910652.85,16.38112104771865,348.6946960053441,16.6500000001397,54.55312162479402,same,True
PV_126_007_1912135_L,PV_126,007,PV_126_block_007,1912134.7,L,1912267.9,1912417.75,16.26404353297295,30.945673718925296,133.19999999995343,171.80898565832285,reverse,True
PV_126_007_1912135_L,PV_126,007,PV_126_block_007,1912134.7,R,1912267.9,1912284.55,0.5651344337045873,349.14576764121,133.19999999995343,130.00907958060753,reverse,True
PV_126_007_1912135_L,PV_126,007,PV_126_block_007,1912134.7,R,1912301.2,1912384.45,8.341150273783532,347.630066390327,166.5,128.49337832972452,reverse,True
PV_126_007_1912268_L,PV_126,007,PV_126_block_007,1912267.9,R,1912301.2,1912384.45,8.341150273783532,347.630066390327,33.300000000046566,43.31560732859833,same,True
PV_126_007_1915182_L,PV_126,007,PV_126_block_007,1915181.65,L,1915331.5,1915364.8,1.3667681222705557,289.18472646194044,149.85000000009313,159.05907411292037,reverse,True
PV_126_007_1924422_L,PV_126,007,PV_126_block_007,1924422.4,L,1924505.65,1924522.3,0.6238893824915717,105.71163617257507,83.25,144.00662668422268,reverse,True
PV_126_007_1941705_L,PV_126,007,PV_126_block_007,1941705.1,L,1941805.0,1941821.65,0.7902075629288543,81.33881087386314,99.89999999990687,137.46239837222288,reverse,True
PV_126_007_1950829_L,PV_126,007,PV_126_block_007,1950829.3,L,1950962.5,1951029.1,5.1500099921586475,262.7295251823428,133.19999999995343,173.10320187750688,reverse,True
PV_126_007_1967146_L,PV_126,007,PV_126_block_007,1967146.3,L,1967279.5,1967362.75,7.017422912834943,132.26182941042939,133.19999999995343,144.6422953199009,reverse,True
PV_126_007_1967146_L,PV_126,007,PV_126_block_007,1967146.3,L,1967396.05,1967412.7,0.7363690952816937,104.93085545192338,249.75,171.97326927840692,reverse,True
PV_126_007_1967146_L,PV_126,007,PV_126_block_007,1967146.3,R,1967229.55,1967346.1,8.960064902299541,249.4316321239848,83.25,27.472492606345497,same,True
PV_126_007_1999697_R,PV_126,007,PV_126_block_007,1999697.05,L,1999763.65,1999830.25,4.114470939492413,55.3526763659598,66.5999999998603,79.73154171688356,same,True
PV_126_007_1999697_R,PV_126,007,PV_126_block_007,1999697.05,L,1999863.55,1999880.2,0.7697583735991614,200.99985612384026,166.5,134.62127852523597,reverse,True
PV_126_007_1999697_R,PV_126,007,PV_126_block_007,1999697.05,L,1999930.15,1999946.8,1.9005056385611938,38.28077982806199,233.0999999998603,62.659645178985784,same,True
PV_126_007_1999697_R,PV_126,007,PV_126_block_007,1999697.05,L,1999946.8,2000030.05,4.576760103201125,207.7240496557903,249.75,127.89708499328592,reverse,True
PV_126_007_1999697_R,PV_126,007,PV_126_block_007,1999697.05,R,1999863.55,1999880.2,0.8682962835859506,185.66128641764965,166.5,149.95984823142658,reverse,True
PV_126_007_1999697_R,PV_126,007,PV_126_block_007,1999697.05,R,1999880.2,1999946.8,12.065468525093385,344.9649683344764,183.14999999990687,9.34383368540017,same,False
PV_126_007_2019294_L,PV_126,007,PV_126_block_007,2019294.1,R,2019327.4,2019394.0,3.5224561475953795,16.82522907443781,33.299999999813735,117.18874346321566,reverse,True
PV_126_007_2033996_R,PV_126,007,PV_126_block_007,2033996.05,L,2034079.3,2034095.95,0.6604478821939046,45.58207837295133,83.25,3.9900928322932145,same,True
PV_126_007_2035361_L,PV_126,007,PV_126_block_007,2035361.35,L,2035527.85,2035611.1,9.437861061579085,254.34395799796616,166.5,176.07327670650642,reverse,True
PV_126_007_2035361_L,PV_126,007,PV_126_block_007,2035361.35,R,2035527.85,2035577.8,4.159866678631353,92.33325512087592,166.5,14.06257382941618,same,True
PV_126_007_2038492_L,PV_126,007,PV_126_block_007,2038491.55,L,2038691.35,2038824.55,10.037104910387223,106.89139020948068,199.80000000004657,167.23603479604378,reverse,True
PV_126_007_2038492_L,PV_126,007,PV_126_block_007,2038491.55,R,2038741.3,2038791.25,3.222535462120869,227.68571904618838,249.75,46.441705959336076,same,True
PV_126_007_2042271_L,PV_126,007,PV_126_block_007,2042271.1,L,2042371.0,2042470.9,9.493976397346787,245.1873403451781,99.89999999990687,155.46031258953462,reverse,True
PV_126_007_2046750_L,PV_126,007,PV_126_block_007,2046749.95,L,2046883.15,2046966.4,5.926052245702071,64.10601437965214,133.19999999995343,173.13469057680783,reverse,True
PV_126_007_2048665_L,PV_126,007,PV_126_block_007,2048664.7,L,2048698.0,2048747.95,2.9564198685679233,331.7748353897694,33.300000000046566,135.30751817564453,reverse,True
PV_126_007_2053410_R,PV_126,007,PV_126_block_007,2053409.95,R,2053543.15,2053559.8,0.5899529001240588,278.16036825837045,133.19999999995343,122.63793064850137,reverse,True
PV_126_007_2058921_L,PV_126,007,PV_126_block_007,2058921.1,L,2059054.3,2059120.9,3.598927493998206,359.8113182293533,133.19999999995343,175.79572758146583,reverse,True
PV_126_007_2058921_L,PV_126,007,PV_126_block_007,2058921.1,R,2059004.35,2059021.0,0.7368574210866929,339.68196691990886,83.25,155.66637627202135,reverse,True
PV_126_007_2059421_L,PV_126,007,PV_126_block_007,2059420.6,L,2059503.85,2059570.45,5.263932538006904,17.58769088752689,83.25,179.10438924724366,reverse,True
PV_126_007_2059421_L,PV_126,007,PV_126_block_007,2059420.6,R,2059470.55,2059553.8,4.747055339721431,337.69103605428745,49.949999999953434,139.20773441400422,reverse,True
PV_126_007_2061152_L,PV_126,007,PV_126_block_007,2061152.2,L,2061252.1,2061268.75,0.5320650573879808,126.99374514102279,99.9000000001397,125.65391703951947,reverse,True
PV_126_007_2061152_L,PV_126,007,PV_126_block_007,2061152.2,L,2061285.4,2061352.0,3.9773037703819276,64.78228743981911,133.19999999995343,172.13462525927685,reverse,True
PV_126_007_1105559_L,PV_126,007,PV_126_block_007,1105558.75,R,1105625.35,1105642.0,0.6028903916284395,19.014008483244304,66.60000000009313,119.18456360963867,reverse,True
PV_126_007_1458855_L,PV_126,007,PV_126_block_007,1458855.1,R,1458971.65,1458988.3,0.7808708179691892,345.168655697843,116.54999999981374,166.16544487864348,reverse,True
PV_126_007_1755375_L,PV_126,007,PV_126_block_007,1755374.95,L,1755491.5,1755524.8,6.381386304681739,203.40436013535145,116.55000000004657,149.46208439262637,reverse,False
PV_126_007_1755375_L,PV_126,007,PV_126_block_007,1755374.95,L,1755524.8,1755541.45,1.0623767644484763,82.04666082143554,149.85000000009313,89.1802162934577,same,True
PV_126_007_1840307_L,PV_126,007,PV_126_block_007,1840306.6,R,1840356.55,1840406.5,19.248424651823772,94.74421889011359,49.949999999953434,112.14866003161791,reverse,True
PV_126_007_1840307_L,PV_126,007,PV_126_block_007,1840306.6,R,1840406.5,1840456.45,3.218404236507368,271.9340384091555,99.89999999990687,65.04115948742401,same,True
PV_126_007_1967280_L,PV_126,007,PV_126_block_007,1967279.5,L,1967396.05,1967412.7,0.7363690952816937,104.93085545192338,116.55000000004657,27.330973958506007,same,True
PV_126_007_2038691_L,PV_126,007,PV_126_block_007,2038691.35,R,2038741.3,2038791.25,3.222535462120869,227.68571904618838,49.949999999953434,120.79432883670768,reverse,True
PV_126_007_385097_R,PV_126,007,PV_126_block_007,385096.6,L,385146.55,385229.8,5.071301182411266,352.63757803345743,49.95000000001164,18.336678244233553,same,True
PV_126_007_385097_R,PV_126,007,PV_126_block_007,385096.6,L,385263.1,385279.75,3.8871408497514475,185.68774398493355,166.5,174.7134877072425,reverse,True
PV_126_007_385097_R,PV_126,007,PV_126_block_007,385096.6,L,385313.05,385346.35,1.5805463973897147,4.87835475596243,216.45000000001164,6.095901521728621,same,True
PV_126_007_385097_R,PV_126,007,PV_126_block_007,385096.6,R,385229.8,385279.75,18.563257781559976,169.81053993997702,133.20000000001164,158.83628366228595,reverse,True
PV_126_007_385097_R,PV_126,007,PV_126_block_007,385096.6,R,385279.75,385346.35,13.632418868822446,317.73059272368965,183.15000000002328,53.24366355400139,same,True
PV_126_007_978303_R,PV_126,007,PV_126_block_007,978302.8,L,978519.25,978535.9,3.6903867525352654,186.94831029464342,216.44999999995343,178.20453616803366,reverse,True
PV_126_007_978303_R,PV_126,007,PV_126_block_007,978302.8,R,978502.6,978535.9,6.171381415145077,224.02000803285284,199.79999999993015,141.13283842982423,reverse,False
PV_126_007_978303_R,PV_126,007,PV_126_block_007,978302.8,R,978535.9,978585.85,2.386458219730969,37.52872542305946,233.09999999997672,32.37587896038244,same,True
PV_126_007_1840357_R,PV_126,007,PV_126_block_007,1840356.55,R,1840406.5,1840456.45,3.218404236507368,271.9340384091555,49.949999999953434,177.18981951904192,reverse,True
PV_126_007_1847732_R,PV_126,007,PV_126_block_007,1847732.5,L,1847815.75,1847832.4,5.736950317713551,4.004059567811708,83.25,97.90664579991163,reverse,True
PV_126_007_1847732_R,PV_126,007,PV_126_block_007,1847732.5,L,1847882.35,1847932.3,3.7664815570569306,182.62312106561146,149.85000000009313,80.7124156978881,same,True
PV_126_007_1847732_R,PV_126,007,PV_126_block_007,1847732.5,L,1847932.3,1847965.6,6.344438958577283,19.868072763903708,199.80000000004657,82.04263260381963,same,False
PV_126_007_1847732_R,PV_126,007,PV_126_block_007,1847732.5,L,1847965.6,1848065.5,7.826239407030612,194.24486847212495,233.10000000009313,92.33416310440163,reverse,False
PV_126_007_1847732_R,PV_126,007,PV_126_block_007,1847732.5,R,1847799.1,1847849.05,10.454642647481087,331.2878888248754,66.60000000009313,130.62281654284794,reverse,False
PV_126_007_1847732_R,PV_126,007,PV_126_block_007,1847732.5,R,1847849.05,1847865.7,0.7779594040776048,176.37269062168625,116.55000000004657,74.4619852539629,same,True
PV_126_007_1847732_R,PV_126,007,PV_126_block_007,1847732.5,R,1847882.35,1847932.3,27.078480495961134,210.36096252755232,149.85000000009313,108.450257159829,reverse,False
PV_126_007_1847732_R,PV_126,007,PV_126_block_007,1847732.5,R,1847932.3,1847948.95,3.8806099275274226,333.0535811284959,199.80000000004657,128.8571242392274,reverse,True
PV_126_007_1847732_R,PV_126,007,PV_126_block_007,1847732.5,R,1847948.95,1848048.85,9.307549619396537,163.37106383995226,216.44999999995343,61.460358472228904,same,False
PV_126_007_1851629_R,PV_126,007,PV_126_block_007,1851628.6,L,1851678.55,1851728.5,2.955458002589436,263.3394851963303,49.949999999953434,72.29609820246276,same,True
PV_126_007_1851629_R,PV_126,007,PV_126_block_007,1851628.6,R,1851678.55,1851728.5,3.917927670640442,112.16095395139857,49.949999999953434,136.52537055260552,reverse,True
PV_126_007_1967230_R,PV_126,007,PV_126_block_007,1967229.55,L,1967279.5,1967362.75,7.017422912834943,132.26182941042939,49.949999999953434,117.16980271355541,reverse,True
PV_126_007_1967230_R,PV_126,007,PV_126_block_007,1967229.55,L,1967396.05,1967412.7,0.7363690952816937,104.93085545192338,166.5,144.50077667206142,reverse,True
PV_126_007_1999880_R,PV_126,007,PV_126_block_007,1999880.2,L,1999930.15,1999946.8,1.9005056385611938,38.28077982806199,49.949999999953434,53.31581149358561,same,True
PV_126_007_1999880_R,PV_126,007,PV_126_block_007,1999880.2,L,1999946.8,2000030.05,4.576760103201125,207.7240496557903,66.60000000009313,137.24091867868609,reverse,True
PV_126_007_1999880_R,PV_126,007,PV_126_block_007,1999880.2,R,1999963.45,2000013.4,3.984105438520114,191.6271673394962,83.25,153.3378009949802,reverse,True
PV_126_007_2048631_R,PV_126,007,PV_126_block_007,2048631.4,L,2048664.7,2048698.0,9.260576601585225,196.46731721412485,33.300000000046566,18.331987593721806,same,True
PV_126_007_2048631_R,PV_126,007,PV_126_block_007,2048631.4,L,2048698.0,2048747.95,2.9564198685679233,331.7748353897694,66.60000000009313,153.63950576936634,reverse,True
PV_126_007_2048631_R,PV_126,007,PV_126_block_007,2048631.4,R,2048681.35,2048747.95,4.471504721197282,324.82066101230384,49.950000000186265,146.68533139190083,reverse,True
PV_126_007_2059387_R,PV_126,007,PV_126_block_007,2059387.3,L,2059420.6,2059470.55,9.77369425041616,198.48330164028323,33.300000000046566,12.099107527348963,same,True
PV_126_007_2059387_R,PV_126,007,PV_126_block_007,2059387.3,L,2059503.85,2059570.45,5.263932538006904,17.58769088752689,116.55000000004657,167.0052817198947,reverse,True
PV_126_007_2059387_R,PV_126,007,PV_126_block_007,2059387.3,R,2059437.25,2059453.9,0.6444939630064271,29.11054849678497,49.949999999953434,178.52813932915274,reverse,True
PV_126_007_2059387_R,PV_126,007,PV_126_block_007,2059387.3,R,2059470.55,2059553.8,4.747055339721431,337.69103605428745,83.25,127.10862688665526,reverse,True
PV_126_008_134603_R,PV_126,008,PV_126_block_008,134602.65,R,134635.5,134651.7,0.6668008187657907,172.55611805638898,32.85000000000582,172.77227990237122,reverse,True
PV_126_008_212350_R,PV_126,008,PV_126_block_008,212350.35,L,212399.8,212432.65,1.0841939424275413,239.43101399964206,49.44999999998254,91.15629126283625,reverse,True
PV_126_008_284702_R,PV_126,008,PV_126_block_008,284701.7,R,284915.3,284948.15,1.1313282346012514,71.22557218470314,213.59999999997672,107.3229412885076,reverse,True
PV_126_008_381002_L,PV_126,008,PV_126_block_008,381001.6,R,381051.1,381100.1,,,49.5,,unknown,False
PV_126_008_447624_L,PV_126,008,PV_126_block_008,447624.3,L,447673.35,447788.45,14.637388237498511,175.33031368738574,49.04999999998836,145.66070143495932,reverse,True
PV_126_008_507742_R,PV_126,008,PV_126_block_008,507742.45,L,507824.75,507857.6,2.3045882293382016,243.37801940417842,82.29999999998836,89.78552941001203,same,True
PV_126_008_507742_R,PV_126,008,PV_126_block_008,507742.45,L,507890.4,507923.25,1.7206250426687162,121.6063258926187,147.95000000001164,31.986164101547672,same,True
PV_126_008_680905_R,PV_126,008,PV_126_block_008,680904.75,R,681003.2,681019.85,0.5774660791767411,299.68018187699863,98.44999999995343,153.8206982237158,reverse,True
PV_126_008_702011_L,PV_126,008,PV_126_block_008,702010.85,L,702076.5,702125.95,2.8353557665521425,155.96916362415604,65.65000000002328,116.80020109185764,reverse,True
PV_126_008_718406_L,PV_126,008,PV_126_block_008,718406.25,R,718455.25,718471.9,0.7414409212772335,174.78425315341946,49.0,19.65097974184951,same,True
PV_126_008_718685_R,PV_126,008,PV_126_block_008,718685.05,L,718898.7,718931.55,2.5627072081812243,168.87320109550203,213.64999999990687,8.325538148833004,same,True
PV_126_008_718685_R,PV_126,008,PV_126_block_008,718685.05,R,718767.4,718783.55,0.7842860984977931,349.9247201661676,82.34999999997672,172.72598092183262,reverse,True
PV_126_008_718685_R,PV_126,008,PV_126_block_008,718685.05,R,718898.7,718931.55,2.639742653534062,173.97443770028963,213.64999999990687,3.224301544045403,same,True
PV_126_008_739071_L,PV_126,008,PV_126_block_008,739070.75,L,739284.35,739300.55,0.5396158125637167,260.53200634293404,213.59999999997672,105.74010723912102,reverse,True
PV_126_008_739071_L,PV_126,008,PV_126_block_008,739070.75,L,739317.2,739399.0,4.645053097641135,127.77344428249037,246.44999999995343,121.50133070043535,reverse,True
PV_126_008_739071_L,PV_126,008,PV_126_block_008,739070.75,R,739267.7,739300.55,4.191629648563426,0.13719907645066332,196.94999999995343,6.134914505604371,same,True
PV_126_008_739071_L,PV_126,008,PV_126_block_008,739070.75,R,739317.2,739350.0,2.326948223368692,201.77830883001923,246.44999999995343,164.49380475203577,reverse,True
PV_126_008_1098059_L,PV_126,008,PV_126_block_008,1098059.1,L,1098108.15,1098124.8,1.6550973154423505,220.9768347745757,49.049999999813735,99.20507581580767,reverse,True
PV_126_008_1098059_L,PV_126,008,PV_126_block_008,1098059.1,L,1098124.8,1098173.8,3.127343659868941,90.44122782773127,65.69999999995343,130.2593172373479,reverse,True
PV_126_008_1098059_L,PV_126,008,PV_126_block_008,1098059.1,R,1098124.8,1098206.65,5.467187986404653,18.756508700552576,65.69999999995343,58.57459811016918,same,True
PV_126_008_1211872_R,PV_126,008,PV_126_block_008,1211871.7,L,1211937.35,1211986.35,3.773383229440827,67.75009387056309,65.6500000001397,123.12673362658484,reverse,True
PV_126_008_1211872_R,PV_126,008,PV_126_block_008,1211871.7,R,1211953.5,1212019.2,10.295861616824734,18.731963240655574,81.80000000004657,172.14486425649235,reverse,True
PV_126_008_1248902_L,PV_126,008,PV_126_block_008,1248902.35,L,1248984.2,1249000.85,0.5140039025111088,292.85737297275523,81.8499999998603,135.6422098425994,reverse,True
PV_126_008_1248902_L,PV_126,008,PV_126_block_008,1248902.35,L,1249132.15,1249213.95,13.373871245258734,223.29994190086742,229.79999999981374,154.8003590855128,reverse,True
PV_126_008_1248902_L,PV_126,008,PV_126_block_008,1248902.35,R,1249033.7,1249049.85,0.5451504691001079,158.02609155212463,131.3499999998603,89.52650873676998,same,True
PV_126_008_1248902_L,PV_126,008,PV_126_block_008,1248902.35,R,1249132.15,1249165.0,7.561264016225812,9.533346921090608,229.79999999981374,58.96623589426402,same,True
PV_126_008_1309941_R,PV_126,008,PV_126_block_008,1309941.1,L,1310006.8,1310023.45,0.6446565193923389,120.20781563429475,65.69999999995343,85.0473965776784,same,True
PV_126_008_1309941_R,PV_126,008,PV_126_block_008,1309941.1,L,1310039.6,1310072.45,2.109876225699931,130.42819928542195,98.5,95.26778022880558,reverse,True
PV_126_008_1563088_L,PV_126,008,PV_126_block_008,1563088.05,L,1563104.7,1563137.55,3.767518552592027,89.32622333955766,16.649999999906868,123.35491234407311,reverse,True
PV_126_008_1563088_L,PV_126,008,PV_126_block_008,1563088.05,L,1563170.35,1563186.55,,,82.30000000004657,,unknown,False
PV_126_008_1563088_L,PV_126,008,PV_126_block_008,1563088.05,L,1563236.0,1563252.2,,,147.94999999995343,,unknown,False
PV_126_008_1563088_L,PV_126,008,PV_126_block_008,1563088.05,R,1563203.2,1563252.2,2.5291831027838785,70.17029763034589,115.14999999990687,104.19898663486134,reverse,True
PV_126_008_1656936_R,PV_126,008,PV_126_block_008,1656935.95,L,1656985.4,1657165.65,,,49.449999999953434,,unknown,False
PV_126_008_1656936_R,PV_126,008,PV_126_block_008,1656935.95,R,1657083.9,1657100.05,2.84378539579202,357.48067913096037,147.94999999995343,53.20861924862538,same,True
PV_126_008_1656936_R,PV_126,008,PV_126_block_008,1656935.95,R,1657100.05,1657165.65,8.828947803410953,223.38836319588586,164.10000000009313,80.88369668644913,same,True
PV_126_008_1656936_R,PV_126,008,PV_126_block_008,1656935.95,R,1657182.3,1657215.1,1.4941556907115454,353.37166098891777,246.35000000009313,49.09960110658278,same,True
PV_126_008_1662664_R,PV_126,008,PV_126_block_008,1662663.55,L,1662794.8,1662893.3,6.4481778090174044,40.825807565616266,131.25,174.90196381528102,reverse,True
PV_126_008_1662664_R,PV_126,008,PV_126_block_008,1662663.55,R,1662729.2,1662778.15,5.87191591548537,37.408736791372256,65.64999999990687,178.31903458952502,reverse,True
PV_126_008_1662664_R,PV_126,008,PV_126_block_008,1662663.55,R,1662778.15,1662827.65,4.22191927002325,275.9451408606487,114.5999999998603,60.2173694797514,same,True
PV_126_008_1662664_R,PV_126,008,PV_126_block_008,1662663.55,R,1662843.8,1662893.3,2.077407558862972,335.969356062548,180.25,120.24158468165069,reverse,True
PV_126_008_1662778_L,PV_126,008,PV_126_block_008,1662778.15,R,1662843.8,1662893.3,2.077407558862972,335.969356062548,65.6500000001397,64.85645150306829,same,True
PV_126_008_1951783_R,PV_126,008,PV_126_block_008,1951782.75,L,1951946.85,1951979.65,2.5590559407091975,135.08063468282182,164.10000000009313,157.33105327620774,reverse,True
PV_126_008_1951783_R,PV_126,008,PV_126_block_008,1951782.75,R,1951848.35,1951897.35,5.1576135651486785,38.831121367917824,65.60000000009313,61.08153996130375,same,True
PV_126_008_2039094_R,PV_126,008,PV_126_block_008,2039093.85,L,2039142.8,2039192.3,6.0888021389288935,81.37285619775326,48.949999999953434,99.10483466349177,reverse,False
PV_126_008_2039094_R,PV_126,008,PV_126_block_008,2039093.85,L,2039339.75,2039356.4,0.9868190972516846,44.39425113283051,245.89999999990687,62.12622959856901,same,True
PV_126_008_3111786_R,PV_126,008,PV_126_block_008,3111786.45,L,3111819.25,3111835.45,1.2711250352381793,290.6591176295315,32.799999999813735,68.84840561806334,same,True
PV_126_008_3111786_R,PV_126,008,PV_126_block_008,3111786.45,L,3111835.45,3111884.9,4.67944024275168,151.3793728989565,49.0,70.4313391125117,same,True
PV_126_008_3111786_R,PV_126,008,PV_126_block_008,3111786.45,R,3111835.45,3111933.9,12.32348111254143,101.73667613968516,49.0,120.07403587178302,reverse,True
PV_126_008_3111819_R,PV_126,008,PV_126_block_008,3111819.25,L,3111835.45,3111884.9,4.67944024275168,151.3793728989565,16.200000000186265,49.64269675927133,same,True
PV_126_008_3222466_R,PV_126,008,PV_126_block_008,3222465.6,L,3222613.6,3222629.8,0.5259494972649544,298.98291116072033,148.0,130.1091709188015,reverse,True
PV_126_008_3222466_R,PV_126,008,PV_126_block_008,3222465.6,R,3222531.3,3222613.6,7.060289971172705,9.93588216086065,65.6999999997206,158.93785808105818,reverse,True
PV_126_008_3234271_R,PV_126,008,PV_126_block_008,3234271.4,L,3234287.6,3234337.1,5.2682525446587665,107.7282364385576,16.200000000186265,42.18176052197009,same,True
PV_126_008_3273776_R,PV_126,008,PV_126_block_008,3273776.25,L,3273809.05,3273841.9,1.1949075318176736,241.64604344183795,32.799999999813735,22.54478425283918,same,True
PV_126_008_3273776_R,PV_126,008,PV_126_block_008,3273776.25,L,3273858.05,3273923.7,7.313763368620662,188.73115290074063,81.79999999981374,75.4596747939365,same,True
PV_126_008_3282001_R,PV_126,008,PV_126_block_008,3282001.3,L,3282017.95,3282034.15,4.513687785082221,300.7988907973521,16.65000000037253,128.3345703770011,reverse,True
PV_126_008_3282001_R,PV_126,008,PV_126_block_008,3282001.3,L,3282034.15,3282050.8,9.062008095396926,187.54616340593006,32.85000000009313,15.081842985579101,same,True
PV_126_008_3282001_R,PV_126,008,PV_126_block_008,3282001.3,L,3282050.8,3282116.5,9.96585410816796,22.441465294219352,49.5,150.02285512613162,reverse,False
PV_126_008_3282001_R,PV_126,008,PV_126_block_008,3282001.3,L,3282116.5,3282149.3,2.7993579892305016,210.3533541354279,115.20000000018626,37.88903371507695,same,True
PV_126_008_3282001_R,PV_126,008,PV_126_block_008,3282001.3,L,3282165.5,3282215.0,2.113608183365501,356.93984564745716,164.20000000018626,175.52447477289377,reverse,True
PV_126_008_3282001_R,PV_126,008,PV_126_block_008,3282001.3,L,3282231.2,3282247.85,3.084909622577387,178.9556346827241,229.90000000037253,6.491314262373152,same,True
PV_126_008_3282001_R,PV_126,008,PV_126_block_008,3282001.3,L,3282247.85,3282296.85,4.288177838333118,16.28683273295548,246.5500000002794,156.17748768739548,reverse,True
PV_126_008_3282001_R,PV_126,008,PV_126_block_008,3282001.3,R,3282050.8,3282132.65,11.589850204491608,323.4174023821839,49.5,150.95308196183294,reverse,False
PV_126_008_3282001_R,PV_126,008,PV_126_block_008,3282001.3,R,3282132.65,3282149.3,1.5544896261886811,134.018291577264,131.35000000009313,38.446028843086964,same,True
PV_126_008_3282001_R,PV_126,008,PV_126_block_008,3282001.3,R,3282149.3,3282215.0,3.8587290059995953,3.0204636685896755,148.0,169.44385675176127,reverse,True
PV_126_008_3282051_R,PV_126,008,PV_126_block_008,3282050.8,L,3282116.5,3282149.3,2.7993579892305016,210.3533541354279,65.70000000018626,113.06404824675602,reverse,True
PV_126_008_3282051_R,PV_126,008,PV_126_block_008,3282050.8,L,3282165.5,3282215.0,2.113608183365501,356.93984564745716,114.70000000018626,33.52244326527324,same,True
PV_126_008_3282051_R,PV_126,008,PV_126_block_008,3282050.8,L,3282231.2,3282247.85,3.084909622577387,178.9556346827241,180.40000000037253,144.4617676994598,reverse,True
PV_126_008_3282051_R,PV_126,008,PV_126_block_008,3282050.8,L,3282247.85,3282296.85,4.288177838333118,16.28683273295548,197.0500000002794,52.86943035077155,same,True
PV_126_008_3282051_R,PV_126,008,PV_126_block_008,3282050.8,R,3282132.65,3282149.3,1.5544896261886811,134.018291577264,81.85000000009313,170.60088919508007,reverse,True
PV_126_008_3282051_R,PV_126,008,PV_126_block_008,3282050.8,R,3282149.3,3282215.0,3.8587290059995953,3.0204636685896755,98.5,39.60306128640576,same,True
PV_126_008_3282051_R,PV_126,008,PV_126_block_008,3282050.8,R,3282280.65,3282329.7,2.9218822678938987,313.57459877658414,229.85000000009313,9.842803605599784,same,True
PV_126_008_3284398_L,PV_126,008,PV_126_block_008,3284398.3,L,3284447.75,3284496.8,3.0690713097592193,343.1688905778995,49.450000000186265,174.1359433433447,reverse,True
PV_126_008_3284398_L,PV_126,008,PV_126_block_008,3284398.3,R,3284431.1,3284529.65,9.628106933383814,10.739310846201871,32.8000000002794,146.56552307504236,reverse,True
PV_126_008_3304510_R,PV_126,008,PV_126_block_008,3304510.3,L,3304543.15,3304559.3,1.0906693827676315,55.0077977306608,32.85000000009313,173.23827104798409,reverse,True
PV_126_008_3304510_R,PV_126,008,PV_126_block_008,3304510.3,L,3304559.3,3304592.15,,,49.0,,unknown,False
PV_126_008_3304510_R,PV_126,008,PV_126_block_008,3304510.3,R,3304543.15,3304559.3,0.5557983652691973,52.89361756908394,32.85000000009313,171.1240908864072,reverse,True
PV_126_008_3304510_R,PV_126,008,PV_126_block_008,3304510.3,R,3304575.95,3304592.15,,,65.65000000037253,,unknown,False
PV_126_008_3333309_L,PV_126,008,PV_126_block_008,3333308.8,L,3333357.85,3333423.5,4.519080905565063,212.01433521990563,49.0500000002794,150.85100637395635,reverse,True
PV_126_008_265843_L,PV_126,008,PV_126_block_008,265842.8,L,265875.6,265974.1,11.241435177367734,122.76751286118669,32.79999999998836,163.80799394697038,reverse,True
PV_126_008_265843_L,PV_126,008,PV_126_block_008,265842.8,R,265891.8,265957.45,3.8336223753252985,21.403348599256212,49.0,62.44382968503993,same,True
PV_126_008_392114_L,PV_126,008,PV_126_block_008,392113.75,L,392129.95,392146.6,0.5434389113059022,78.31396183588365,16.20000000001164,102.44108209319543,reverse,True
PV_126_008_1177650_L,PV_126,008,PV_126_block_008,1177650.25,R,1177699.7,1177748.75,4.981521501644432,119.06010494681375,49.449999999953434,141.02339399135013,reverse,True
PV_126_008_1177650_L,PV_126,008,PV_126_block_008,1177650.25,R,1177781.55,1177814.4,1.1162812389407506,156.72781285582184,131.30000000004657,103.35568608234203,reverse,True
PV_126_008_1244700_L,PV_126,008,PV_126_block_008,1244700.15,L,1244749.1,1244765.75,0.6990122054918095,104.01421914692125,48.950000000186265,171.67461790283267,reverse,True
PV_126_008_1244700_L,PV_126,008,PV_126_block_008,1244700.15,L,1244814.8,1244847.6,1.4359484565771867,163.19276213759588,114.6500000001397,129.14683910649268,reverse,True
PV_126_008_1302670_L,PV_126,008,PV_126_block_008,1302669.75,L,1302718.75,1302735.4,0.7674469885255472,309.331225754607,49.0,19.77244582778087,same,True
PV_126_008_1302670_L,PV_126,008,PV_126_block_008,1302669.75,L,1302751.6,1302784.4,1.567772578227079,142.49226578898578,81.85000000009313,173.38859420659793,reverse,True
PV_126_008_1302670_L,PV_126,008,PV_126_block_008,1302669.75,R,1302735.4,1302768.25,1.0244884749264462,78.97715362914433,65.64999999990687,109.87348204675646,reverse,True
PV_126_008_1656838_L,PV_126,008,PV_126_block_008,1656837.5,L,1656952.6,1656968.75,0.5033651676182853,48.135569337548866,115.10000000009313,93.1906545260436,reverse,True
PV_126_008_1656838_L,PV_126,008,PV_126_block_008,1656837.5,L,1656985.4,1657165.65,,,147.89999999990687,,unknown,False
PV_126_008_1656838_L,PV_126,008,PV_126_block_008,1656837.5,R,1656935.95,1657083.9,19.135684330101423,304.272059882335,98.44999999995343,10.672854929170285,same,False
PV_126_008_1656838_L,PV_126,008,PV_126_block_008,1656837.5,R,1657083.9,1657100.05,2.84378539579202,357.48067913096037,246.39999999990687,42.5357643194551,same,True
PV_126_008_1662598_L,PV_126,008,PV_126_block_008,1662597.85,L,1662696.35,1662794.8,15.913400715768352,86.33474697813843,98.5,171.74975022396416,reverse,False
PV_126_008_1662598_L,PV_126,008,PV_126_block_008,1662597.85,L,1662794.8,1662893.3,6.4481778090174044,40.825807565616266,196.94999999995343,126.24081081144197,reverse,False
PV_126_008_1662598_L,PV_126,008,PV_126_block_008,1662597.85,R,1662646.9,1662663.55,1.9091440963272825,343.76508672765374,49.049999999813735,69.18008997347948,same,True
PV_126_008_1662598_L,PV_126,008,PV_126_block_008,1662597.85,R,1662663.55,1662729.2,20.912989917232483,215.72777138089728,65.69999999995343,58.857225373276975,same,False
PV_126_008_1662598_L,PV_126,008,PV_126_block_008,1662597.85,R,1662729.2,1662778.15,5.87191591548537,37.408736791372256,131.3499999998603,122.82374003719804,reverse,False
PV_126_008_1662598_L,PV_126,008,PV_126_block_008,1662597.85,R,1662778.15,1662827.65,4.22191927002325,275.9451408606487,180.29999999981374,1.3601441064744222,same,True
PV_126_008_1662598_L,PV_126,008,PV_126_block_008,1662597.85,R,1662843.8,1662893.3,2.077407558862972,335.969356062548,245.94999999995343,61.384359308373746,same,True
PV_126_008_1681126_L,PV_126,008,PV_126_block_008,1681126.1,L,1681158.95,1681241.25,5.5070988470043485,154.7823808420792,32.8499999998603,159.13351234830293,reverse,True
PV_126_008_1681126_L,PV_126,008,PV_126_block_008,1681126.1,R,1681191.75,1681241.25,5.123133490973127,29.12086839654316,65.64999999990687,75.20497520616107,same,True
PV_126_008_2039143_L,PV_126,008,PV_126_block_008,2039142.8,L,2039339.75,2039356.4,0.9868190972516846,44.39425113283051,196.94999999995343,36.97860506492276,same,True
PV_126_008_2039143_L,PV_126,008,PV_126_block_008,2039142.8,L,2039389.25,2039422.05,1.494569654992273,34.56154000795186,246.44999999995343,46.8113161898014,same,True
PV_126_008_2077849_L,PV_126,008,PV_126_block_008,2077849.45,L,2077964.05,2077996.9,2.011510922851655,42.907792329692306,114.60000000009313,25.13421538061698,same,True
PV_126_008_2077849_L,PV_126,008,PV_126_block_008,2077849.45,L,2078079.15,2078210.45,,,229.69999999995343,,unknown,False
PV_126_008_2078424_L,PV_126,008,PV_126_block_008,2078423.55,R,2078505.85,2078538.65,4.110845032516538,182.70234010351456,82.30000000004657,111.29359352038466,reverse,True
PV_126_008_2078424_L,PV_126,008,PV_126_block_008,2078423.55,R,2078538.65,2078604.25,4.614874412482331,11.103639219536705,115.0999999998603,60.305107363593194,same,True
PV_126_008_2902614_L,PV_126,008,PV_126_block_008,2902613.95,L,2902745.3,2902778.1,16.36530236799169,164.7211518720461,131.34999999962747,1.3731523721256167,same,True
PV_126_008_2902614_L,PV_126,008,PV_126_block_008,2902613.95,L,2902794.3,2902827.1,16.702769711999817,163.6433520965191,180.34999999962747,2.450952147652629,same,False
PV_126_008_2902745_L,PV_126,008,PV_126_block_008,2902745.3,L,2902794.3,2902827.1,16.702769711999817,163.6433520965191,49.0,1.0777997755270121,same,False
PV_126_008_3282034_L,PV_126,008,PV_126_block_008,3282034.15,L,3282050.8,3282116.5,9.96585410816796,22.441465294219352,16.649999999906868,165.10469811171072,reverse,False
PV_126_008_3282034_L,PV_126,008,PV_126_block_008,3282034.15,L,3282116.5,3282149.3,2.7993579892305016,210.3533541354279,82.35000000009313,22.807190729497847,same,True
PV_126_008_3282034_L,PV_126,008,PV_126_block_008,3282034.15,L,3282165.5,3282215.0,2.113608183365501,356.93984564745716,131.35000000009313,169.39368224152713,reverse,True
PV_126_008_3282034_L,PV_126,008,PV_126_block_008,3282034.15,L,3282231.2,3282247.85,3.084909622577387,178.9556346827241,197.0500000002794,8.59052872320595,same,True
PV_126_008_3282034_L,PV_126,008,PV_126_block_008,3282034.15,L,3282247.85,3282296.85,4.288177838333118,16.28683273295548,213.70000000018626,171.25933067297458,reverse,True
PV_126_008_3282034_L,PV_126,008,PV_126_block_008,3282034.15,R,3282050.8,3282132.65,11.589850204491608,323.4174023821839,16.649999999906868,135.87123897625384,reverse,False
PV_126_008_3282034_L,PV_126,008,PV_126_block_008,3282034.15,R,3282132.65,3282149.3,1.5544896261886811,134.018291577264,98.5,53.527871828666065,same,True
PV_126_008_3282034_L,PV_126,008,PV_126_block_008,3282034.15,R,3282149.3,3282215.0,3.8587290059995953,3.0204636685896755,115.14999999990687,175.47430026265965,reverse,True
PV_126_008_3282034_L,PV_126,008,PV_126_block_008,3282034.15,R,3282280.65,3282329.7,2.9218822678938987,313.57459877658414,246.5,126.02843537065405,reverse,True
PV_126_008_3293609_L,PV_126,008,PV_126_block_008,3293608.8,L,3293641.65,3293657.85,1.359854714500389,85.2210809331579,32.85000000009313,122.02900605495171,reverse,True
PV_126_008_3293609_L,PV_126,008,PV_126_block_008,3293608.8,L,3293690.7,3293723.55,2.129458165480642,177.6807013951175,81.90000000037253,145.5113734830887,reverse,True
PV_126_008_3293609_L,PV_126,008,PV_126_block_008,3293608.8,R,3293657.85,3293674.5,0.8251080999912611,229.82540316682892,49.0500000002794,93.36667171137728,reverse,True
PV_126_008_1657100_R,PV_126,008,PV_126_block_008,1657100.05,R,1657182.3,1657215.1,1.4941556907115454,353.37166098891777,82.25,129.9832977930319,reverse,True
PV_126_008_1657100_R,PV_126,008,PV_126_block_008,1657100.05,R,1657280.75,1657313.55,1.3625918682802245,48.26494463315104,180.69999999995343,175.12341856273483,reverse,True
PV_126_008_1662729_R,PV_126,008,PV_126_block_008,1662729.2,L,1662794.8,1662893.3,6.4481778090174044,40.825807565616266,65.60000000009313,3.417070774243996,same,False
PV_126_008_1662729_R,PV_126,008,PV_126_block_008,1662729.2,R,1662778.15,1662827.65,4.22191927002325,275.9451408606487,48.949999999953434,121.46359593072361,reverse,True
PV_126_008_1662729_R,PV_126,008,PV_126_block_008,1662729.2,R,1662843.8,1662893.3,2.077407558862972,335.969356062548,114.60000000009313,61.43938072882423,same,True
PV_126_008_1967276_R,PV_126,008,PV_126_block_008,1967275.85,R,1967488.95,1967554.6,4.76265811263267,280.6737556661575,213.0999999998603,19.35437043157316,same,True
PV_126_008_2075568_R,PV_126,008,PV_126_block_008,2075568.3,L,2075633.95,2075666.75,1.5321565327961555,62.851748732216016,65.64999999990687,117.64993143663139,reverse,True
PV_126_008_2075568_R,PV_126,008,PV_126_block_008,2075568.3,R,2075781.85,2075814.7,0.9861786241468504,107.35028725774686,213.55000000004657,162.14846996216227,reverse,True
PV_126_008_2076257_R,PV_126,008,PV_126_block_008,2076257.45,R,2076290.3,2076339.8,2.692559257102731,241.60590915026216,32.85000000009313,161.8011100735082,reverse,True
PV_126_008_2076257_R,PV_126,008,PV_126_block_008,2076257.45,R,2076405.4,2076471.05,4.048137267160137,92.2341266659641,147.94999999995343,48.82710744219378,same,True
PV_126_008_2076570_R,PV_126,008,PV_126_block_008,2076569.5,R,2076618.5,2076651.3,2.9835038657991952,332.7569081501223,49.0,121.82620333381152,reverse,True
PV_126_008_2076570_R,PV_126,008,PV_126_block_008,2076569.5,R,2076716.95,2076766.45,2.4281509597212643,344.6059980895003,147.44999999995343,133.67529327318954,reverse,True
PV_126_008_2082099_R,PV_126,008,PV_126_block_008,2082099.15,R,2082148.65,2082230.4,10.184870390967353,86.76101686292668,49.5,151.39302037214858,reverse,False
PV_126_008_3222531_R,PV_126,008,PV_126_block_008,3222531.3,L,3222613.6,3222629.8,0.5259494972649544,298.98291116072033,82.3000000002794,70.95297100014034,same,True
PV_126_008_3234222_R,PV_126,008,PV_126_block_008,3234221.9,L,3234271.4,3234287.6,4.123111041445868,310.7869863965387,49.5,69.1439782042064,same,True
PV_126_008_3234222_R,PV_126,008,PV_126_block_008,3234221.9,L,3234287.6,3234337.1,5.2682525446587665,107.7282364385576,65.70000000018626,133.9147717537747,reverse,True
PV_126_008_3234222_R,PV_126,008,PV_126_block_008,3234221.9,R,3234271.4,3234386.1,15.86194036947088,65.54647591658751,49.5,176.09653227574478,reverse,False
PV_126_008_3276912_R,PV_126,008,PV_126_block_008,3276911.6,L,3276961.05,3276977.25,0.7194900117148664,100.43408639978219,49.4499999997206,123.86649257198604,reverse,True
PV_126_008_3276912_R,PV_126,008,PV_126_block_008,3276911.6,R,3276961.05,3277042.9,16.634117729100353,40.20262758041143,49.4499999997206,175.9020486086432,reverse,False
PV_126_008_3333243_R,PV_126,008,PV_126_block_008,3333243.15,L,3333308.8,3333357.85,8.29351291082441,2.8653415938619857,65.64999999990687,112.17225740848289,reverse,True
PV_126_008_3333243_R,PV_126,008,PV_126_block_008,3333243.15,L,3333357.85,3333423.5,4.519080905565063,212.01433521990563,114.70000000018626,38.67874896547346,same,True
PV_126_008_3333243_R,PV_126,008,PV_126_block_008,3333243.15,R,3333341.65,3333407.3,5.852366396606526,63.73362895679568,98.5,173.0405447714166,reverse,True
PV_126_009_46992_L,PV_126,009,PV_126_block_009,46992.1,L,47057.75,47090.6,2.821483142980579,0.8203833119511216,65.65000000000146,121.02971915359205,reverse,True
PV_126_009_46992_L,PV_126,009,PV_126_block_009,46992.1,L,47090.6,47189.05,8.653119279784109,193.6011964546207,98.5,46.189467703738416,same,False
PV_126_009_46992_L,PV_126,009,PV_126_block_009,46992.1,L,47189.05,47238.05,9.076025944953702,338.4224165826777,196.95000000000437,98.63175242431862,reverse,False
PV_126_009_46992_L,PV_126,009,PV_126_block_009,46992.1,L,47238.05,47336.55,6.26764814658953,158.89807143312157,245.95000000000437,80.89259272523753,same,True
PV_126_009_46992_L,PV_126,009,PV_126_block_009,46992.1,R,47073.95,47090.6,2.1329705488683044,353.61668734252174,81.84999999999854,113.82602318416264,reverse,True
PV_126_009_46992_L,PV_126,009,PV_126_block_009,46992.1,R,47090.6,47189.05,9.219307412647655,173.90161370424855,98.5,65.88905045411056,same,False
PV_126_009_46992_L,PV_126,009,PV_126_block_009,46992.1,R,47189.05,47238.05,8.38069353235134,47.602979361462914,196.95000000000437,167.81231520310382,reverse,False
PV_126_009_47091_R,PV_126,009,PV_126_block_009,47090.6,L,47189.05,47238.05,9.076025944953702,338.4224165826777,98.45000000000437,164.5208028784292,reverse,True
PV_126_009_47091_R,PV_126,009,PV_126_block_009,47090.6,L,47238.05,47336.55,6.26764814658953,158.89807143312157,147.45000000000437,15.003542271126975,same,True
PV_126_009_47091_R,PV_126,009,PV_126_block_009,47090.6,R,47189.05,47238.05,8.38069353235134,47.602979361462914,98.45000000000437,126.29863434278563,reverse,True
PV_126_009_47091_R,PV_126,009,PV_126_block_009,47090.6,R,47254.7,47303.75,3.1510568916533286,211.49704504998638,164.09999999999854,37.595431345737836,same,True
PV_126_009_47091_R,PV_126,009,PV_126_block_009,47090.6,R,47320.4,47336.55,0.6983385317360022,237.71014687486544,229.8000000000029,63.8085331706169,same,True
PV_126_009_47189_L,PV_126,009,PV_126_block_009,47189.05,L,47238.05,47336.55,6.26764814658953,158.89807143312157,49.0,179.52434514955615,reverse,True
PV_126_009_47189_L,PV_126,009,PV_126_block_009,47189.05,R,47254.7,47303.75,3.1510568916533286,211.49704504998638,65.64999999999418,126.92537153269134,reverse,True
PV_126_009_47189_L,PV_126,009,PV_126_block_009,47189.05,R,47320.4,47336.55,0.6983385317360022,237.71014687486544,131.34999999999854,100.71226970781228,reverse,True
PV_126_009_47189_L,PV_126,009,PV_126_block_009,47189.05,R,47369.4,47386.05,0.5009126786263397,266.65127985966046,180.34999999999854,71.77113672301726,same,True
PV_126_009_47238_L,PV_126,009,PV_126_block_009,47238.05,R,47320.4,47336.55,0.6983385317360022,237.71014687486544,82.34999999999854,78.8120754417439,same,True
PV_126_009_47238_L,PV_126,009,PV_126_block_009,47238.05,R,47369.4,47386.05,0.5009126786263397,266.65127985966046,131.34999999999854,107.75320842653889,reverse,True
PV_126_009_60454_R,PV_126,009,PV_126_block_009,60454.3,L,60700.3,60749.8,3.831956675558653,5.80870163199165,246.0,177.42373848322825,reverse,True
PV_126_009_60454_R,PV_126,009,PV_126_block_009,60454.3,R,60700.3,60749.8,3.3072636903923973,355.2075413271347,246.0,166.82257817837137,reverse,True
PV_126_009_65970_L,PV_126,009,PV_126_block_009,65969.9,L,66051.75,66068.4,0.5642896957627241,212.1153951016912,81.85000000000582,145.90111565229773,reverse,True
PV_126_009_65970_L,PV_126,009,PV_126_block_009,65969.9,R,66035.55,66051.75,0.6980784955241707,97.83064875805466,65.65000000000873,31.616369308661177,same,True
PV_126_009_72207_R,PV_126,009,PV_126_block_009,72207.45,R,72273.1,72322.1,4.819182845263373,45.465472724619936,65.65000000000873,168.19677981064063,reverse,True
PV_126_009_78657_L,PV_126,009,PV_126_block_009,78657.45,R,78723.05,78739.7,1.4354898266194098,264.4789845854483,65.60000000000582,81.23755311748579,same,True
PV_126_009_82055_R,PV_126,009,PV_126_block_009,82055.3,L,82120.95,82169.95,3.3411210688440884,138.69174214502414,65.64999999999418,73.75868474875824,same,True
PV_126_009_84550_L,PV_126,009,PV_126_block_009,84550.4,R,84583.2,84632.2,2.765459843705063,41.557003215643945,32.80000000000291,128.0139338351574,reverse,True
PV_126_009_89770_L,PV_126,009,PV_126_block_009,89770.45,L,89885.1,89917.95,5.4361818126921415,178.2605939634786,114.65000000000873,17.958370072898788,same,True
PV_126_009_89770_L,PV_126,009,PV_126_block_009,89770.45,L,89917.95,89950.8,5.392979754531628,350.2799698001051,147.5,154.06100576372774,reverse,True
PV_126_009_89770_L,PV_126,009,PV_126_block_009,89770.45,L,89983.65,90065.95,6.835731815472091,357.13955268013444,213.1999999999971,160.92058864375701,reverse,True
PV_126_009_89770_L,PV_126,009,PV_126_block_009,89770.45,R,89852.3,89885.1,1.319032450195926,339.6338067702965,81.85000000000582,143.41484273391904,reverse,True
PV_126_009_89770_L,PV_126,009,PV_126_block_009,89770.45,R,89901.75,89917.95,0.6973321716041174,322.5584643209143,131.3000000000029,126.33950028453694,reverse,True
PV_126_009_89770_L,PV_126,009,PV_126_block_009,89770.45,R,89950.8,89967.45,1.983572541825141,358.7934969359287,180.35000000000582,162.5745328995513,reverse,True
PV_126_009_89770_L,PV_126,009,PV_126_block_009,89770.45,R,90000.3,90082.15,6.516225155566547,10.021961677166155,229.85000000000582,173.80299764078876,reverse,True
PV_126_009_98536_R,PV_126,009,PV_126_block_009,98535.75,R,98617.65,98650.45,3.0442791269306477,10.10814512742305,81.89999999999418,39.92382324919811,same,True
PV_126_009_98536_R,PV_126,009,PV_126_block_009,98535.75,R,98650.45,98667.1,0.5084597057777823,192.85800928356082,114.69999999999709,137.3263125946641,reverse,True
PV_126_009_99357_L,PV_126,009,PV_126_block_009,99356.65,L,99405.7,99471.35,5.57668033497304,157.59747354786484,49.05000000000291,149.76388501091355,reverse,True
PV_126_009_99357_L,PV_126,009,PV_126_block_009,99356.65,L,99488.0,99520.8,1.5570956207296118,271.6028504977412,131.35000000000582,96.23073803921011,reverse,True
PV_126_009_99357_L,PV_126,009,PV_126_block_009,99356.65,R,99389.5,99405.7,0.7365717015052309,219.91869517660353,32.85000000000582,147.91489336034778,reverse,True
PV_126_009_99357_L,PV_126,009,PV_126_block_009,99356.65,R,99422.35,99471.35,4.02123596022092,247.27584899082188,65.70000000001164,120.55773954612943,reverse,True
PV_126_009_99390_L,PV_126,009,PV_126_block_009,99389.5,L,99488.0,99520.8,1.5570956207296118,271.6028504977412,98.5,114.00537694987634,reverse,True
PV_126_009_99390_L,PV_126,009,PV_126_block_009,99389.5,R,99422.35,99471.35,4.02123596022092,247.27584899082188,32.85000000000582,89.67837544295708,same,True
PV_126_009_118054_L,PV_126,009,PV_126_block_009,118054.1,L,118169.25,118202.1,1.5156185323231117,20.580033016896923,115.14999999999418,155.52047995916135,reverse,True
PV_126_009_118054_L,PV_126,009,PV_126_block_009,118054.1,L,118218.25,118251.1,5.3136329329271135,171.19127304726223,164.14999999999418,4.90923992879604,same,True
PV_126_009_118054_L,PV_126,009,PV_126_block_009,118054.1,L,118267.75,118300.6,3.4343561315829705,349.2586843472976,213.64999999999418,173.15817137123935,reverse,True
PV_126_009_118054_L,PV_126,009,PV_126_block_009,118054.1,L,118300.6,118333.4,8.723967987248866,170.63633826655155,246.5,5.464174709506722,same,True
PV_126_009_118054_L,PV_126,009,PV_126_block_009,118054.1,R,118152.6,118202.1,2.1906546180942286,340.3269507680109,98.5,164.2264377919526,reverse,True
PV_126_009_118054_L,PV_126,009,PV_126_block_009,118054.1,R,118251.1,118283.95,1.8154662949906777,344.16560941719206,197.0,168.0650964411338,reverse,True
PV_126_009_118054_L,PV_126,009,PV_126_block_009,118054.1,R,118300.6,118316.75,0.7512643371597082,12.181419995420928,246.5,163.91909298063734,reverse,True
PV_126_009_118301_L,PV_126,009,PV_126_block_009,118300.6,L,118333.4,118431.9,10.197218234879708,342.4793805837286,32.79999999998836,171.84304231717704,reverse,False
PV_126_009_118301_L,PV_126,009,PV_126_block_009,118300.6,R,118333.4,118349.6,1.200852192679261,187.0375188067143,32.79999999998836,16.401180540162756,same,True
PV_126_009_118301_L,PV_126,009,PV_126_block_009,118300.6,R,118349.6,118448.1,9.210638108650867,7.764332470520847,49.0,162.8720057960307,reverse,False
PV_126_009_118333_L,PV_126,009,PV_126_block_009,118333.4,R,118349.6,118448.1,9.210638108650867,7.764332470520847,16.20000000001164,25.28495188679227,same,True
PV_126_009_119039_L,PV_126,009,PV_126_block_009,119039.0,L,119071.85,119187.0,9.058103886177916,174.8497511545769,32.85000000000582,177.46527458277154,reverse,False
PV_126_009_119039_L,PV_126,009,PV_126_block_009,119039.0,R,119071.85,119187.0,9.35050567475272,207.86762132028784,32.85000000000582,149.5168552515175,reverse,False
PV_126_009_148426_R,PV_126,009,PV_126_block_009,148425.9,L,148475.4,148491.55,0.5175913950026938,190.6058373811194,49.5,86.98036201974702,same,True
PV_126_009_148426_R,PV_126,009,PV_126_block_009,148425.9,L,148508.2,148524.4,0.6108228522621506,128.99252289670954,82.30000000001746,25.36704753533718,same,True
PV_126_009_148426_R,PV_126,009,PV_126_block_009,148425.9,R,148557.25,148573.9,0.7298704947745313,282.7792731725172,131.35000000000582,179.15379781114484,reverse,True
PV_126_009_152186_R,PV_126,009,PV_126_block_009,152185.85,L,152267.7,152284.35,1.3649251509288658,160.3904313063908,81.85000000000582,176.00773545856043,reverse,True
PV_126_009_152186_R,PV_126,009,PV_126_block_009,152185.85,L,152333.35,152415.65,6.9285988066103315,174.6518578664412,147.5,169.73083798138916,reverse,True
PV_126_009_152186_R,PV_126,009,PV_126_block_009,152185.85,L,152415.65,152431.85,0.6700401473882491,29.237935779399596,229.79999999998836,44.85523993156926,same,True
PV_126_009_152186_R,PV_126,009,PV_126_block_009,152185.85,R,152333.35,152415.65,6.7629353029335855,184.0039379913155,147.5,160.37875785651485,reverse,True
PV_126_009_152186_R,PV_126,009,PV_126_block_009,152185.85,R,152415.65,152464.7,8.953319554505914,5.723449113355183,229.79999999998836,21.340753265524825,same,True
PV_126_009_152333_L,PV_126,009,PV_126_block_009,152333.35,L,152415.65,152431.85,0.6700401473882491,29.237935779399596,82.29999999998836,145.41392208704158,reverse,True
PV_126_009_152333_L,PV_126,009,PV_126_block_009,152333.35,L,152448.5,152464.7,1.4018043730508116,349.8217436008158,115.14999999999418,175.1698857343746,reverse,True
PV_126_009_152333_L,PV_126,009,PV_126_block_009,152333.35,L,152464.7,152563.25,7.55067572034337,185.94361273645418,131.35000000000582,11.291754870012994,same,False
PV_126_009_152333_L,PV_126,009,PV_126_block_009,152333.35,R,152415.65,152464.7,8.953319554505914,5.723449113355183,82.29999999998836,168.92840875308602,reverse,False
PV_126_009_152333_L,PV_126,009,PV_126_block_009,152333.35,R,152464.7,152563.25,6.742936898058236,187.48685615807358,131.35000000000582,12.834998291632388,same,True
PV_126_009_152416_R,PV_126,009,PV_126_block_009,152415.65,L,152448.5,152464.7,1.4018043730508116,349.8217436008158,32.85000000000582,15.901705512539365,same,True
PV_126_009_152416_R,PV_126,009,PV_126_block_009,152415.65,L,152464.7,152563.25,7.55067572034337,185.94361273645418,49.05000000001746,179.77983637690102,reverse,True
PV_126_009_152416_R,PV_126,009,PV_126_block_009,152415.65,R,152464.7,152563.25,6.742936898058236,187.48685615807358,49.05000000001746,178.2365929552816,reverse,True
PV_126_009_152448_R,PV_126,009,PV_126_block_009,152448.5,L,152464.7,152563.25,7.55067572034337,185.94361273645418,16.20000000001164,1.543243421619394,same,False
PV_126_009_205943_L,PV_126,009,PV_126_block_009,205942.65,R,206057.8,206073.95,0.7069158082064141,158.10041662371086,115.14999999999418,65.01972706416552,same,True
PV_126_009_231008_R,PV_126,009,PV_126_block_009,231008.15,L,231073.8,231106.6,1.0070761091677083,84.90235515910915,65.64999999999418,114.59440046995901,reverse,True
PV_126_009_245831_R,PV_126,009,PV_126_block_009,245830.6,R,245994.75,246257.35,26.61096630142384,122.08687325059981,164.14999999999418,153.7336897561043,reverse,False
PV_126_009_246537_L,PV_126,009,PV_126_block_009,246536.6,L,246569.45,246667.95,6.896939222180459,350.4033750412306,32.85000000000582,152.4292372660401,reverse,False
PV_126_009_246537_L,PV_126,009,PV_126_block_009,246536.6,L,246684.1,246733.6,5.828762917380611,152.48123640754028,147.5,45.49290136765026,same,False
PV_126_009_246537_L,PV_126,009,PV_126_block_009,246536.6,L,246733.6,246766.4,2.404205061139424,29.09116512883592,197.0,168.88297264635463,reverse,True
PV_126_009_246537_L,PV_126,009,PV_126_block_009,246536.6,R,246569.45,246585.6,0.7343622244306199,347.04179370447616,32.85000000000582,149.0676559292856,reverse,True
PV_126_009_246537_L,PV_126,009,PV_126_block_009,246536.6,R,246602.25,246684.1,5.213822139694177,5.239784539060593,65.64999999999418,167.26564676387005,reverse,True
PV_126_009_246537_L,PV_126,009,PV_126_block_009,246536.6,R,246700.75,246716.95,2.89754908364795,154.510014982978,164.14999999999418,43.46412279221255,same,True
PV_126_009_273457_R,PV_126,009,PV_126_block_009,273457.2,L,273539.05,273555.7,0.6004613645282026,107.05442932763005,81.84999999997672,22.338267538166292,same,True
PV_126_009_273457_R,PV_126,009,PV_126_block_009,273457.2,L,273571.85,273588.5,0.6790365278846651,127.38887677446058,114.64999999996508,42.672714984996844,same,True
PV_126_009_273457_R,PV_126,009,PV_126_block_009,273457.2,L,273604.65,273654.15,2.7689762335695574,112.23222426233184,147.45000000001164,27.5160624728681,same,True
PV_126_009_325078_R,PV_126,009,PV_126_block_009,325078.35,R,325209.65,325226.3,0.7006372942520822,211.79449843164107,131.30000000004657,28.4200930784954,same,True
PV_126_009_325078_R,PV_126,009,PV_126_block_009,325078.35,R,325259.15,325275.3,0.5527460891279505,37.70212156918108,180.80000000004657,157.48753005904462,reverse,True
PV_126_009_325078_R,PV_126,009,PV_126_block_009,325078.35,R,325291.95,325324.75,1.2787459292562462,8.103884559583639,213.60000000003492,127.88929304944713,reverse,True
PV_126_009_327360_R,PV_126,009,PV_126_block_009,327360.1,L,327474.75,327507.6,1.4324119381806075,340.87072991809157,114.65000000002328,174.73828130319237,reverse,True
PV_126_009_327360_R,PV_126,009,PV_126_block_009,327360.1,L,327524.25,327540.4,0.6313326105660342,30.740139422330437,164.15000000002328,124.86887179895348,reverse,True
PV_126_009_327360_R,PV_126,009,PV_126_block_009,327360.1,L,327557.05,327671.75,9.43837040669587,50.92684329416723,196.95000000001164,104.68216792711668,reverse,False
PV_126_009_327360_R,PV_126,009,PV_126_block_009,327360.1,R,327524.25,327606.1,4.306182773078708,333.59468446227817,164.15000000002328,177.9856732409943,reverse,True
PV_126_009_327656_L,PV_126,009,PV_126_block_009,327655.55,L,327754.05,327803.05,2.35685001928419,8.681319668826328,98.5,152.70991468540905,reverse,True
PV_126_009_327656_L,PV_126,009,PV_126_block_009,327655.55,R,327704.55,327737.4,7.135882500219139,145.65528919585662,49.0,70.31611578756065,same,True
PV_126_009_327656_L,PV_126,009,PV_126_block_009,327655.55,R,327737.4,327754.05,0.707410296891739,307.8788444432944,81.85000000003492,91.90743945987708,reverse,True
PV_126_009_327656_L,PV_126,009,PV_126_block_009,327655.55,R,327770.2,327786.85,0.6534290369528277,356.8414819533057,114.65000000002328,140.87007696988837,reverse,True
PV_126_009_328000_R,PV_126,009,PV_126_block_009,328000.0,L,328065.7,328131.35,4.575827424246249,13.136647756792234,65.70000000001164,95.42716207296071,reverse,True
PV_126_009_328000_R,PV_126,009,PV_126_block_009,328000.0,R,328082.35,328115.15,1.433163443645257,337.8156076755042,82.34999999997672,130.7482021542487,reverse,True
PV_126_009_328000_R,PV_126,009,PV_126_block_009,328000.0,R,328131.35,328164.2,1.5350615274126806,319.0552070622398,131.34999999997672,149.50860276751314,reverse,True
PV_126_009_333910_L,PV_126,009,PV_126_block_009,333909.9,L,333975.55,334041.2,7.480629483676077,204.58127450082486,65.64999999996508,165.7640213486498,reverse,True
PV_126_009_333910_L,PV_126,009,PV_126_block_009,333909.9,R,333975.55,334025.05,4.979548579418865,183.02236120966688,65.64999999996508,144.20510805749183,reverse,True
PV_126_009_344892_L,PV_126,009,PV_126_block_009,344891.9,L,345088.85,345121.7,1.3731881071836394,187.42553245506377,196.94999999995343,161.76506901323717,reverse,True
PV_126_009_359091_R,PV_126,009,PV_126_block_009,359091.2,L,359107.85,359173.45,8.493869795588177,195.17868807762036,16.649999999965075,175.62149861131172,reverse,True
PV_126_009_359091_R,PV_126,009,PV_126_block_009,359091.2,L,359206.3,359239.15,1.5526096296088805,150.0920623883744,115.09999999997672,139.29187569944224,reverse,True
PV_126_009_359091_R,PV_126,009,PV_126_block_009,359091.2,L,359337.55,359386.55,3.0012836140884276,245.87193647632841,246.34999999997672,124.9282502126037,reverse,True
PV_126_009_359091_R,PV_126,009,PV_126_block_009,359091.2,R,359124.0,359239.15,9.373924435750727,195.11309980419048,32.79999999998836,175.68708688474163,reverse,False
PV_126_009_359091_R,PV_126,009,PV_126_block_009,359091.2,R,359337.55,359419.4,,,246.34999999997672,,unknown,False
PV_126_009_359108_R,PV_126,009,PV_126_block_009,359107.85,L,359206.3,359239.15,1.5526096296088805,150.0920623883744,98.45000000001164,45.021037415816096,same,True
PV_126_009_359108_R,PV_126,009,PV_126_block_009,359107.85,L,359337.55,359386.55,3.0012836140884276,245.87193647632841,229.70000000001164,50.75883667213793,same,True
PV_126_009_359108_R,PV_126,009,PV_126_block_009,359107.85,R,359337.55,359419.4,,,229.70000000001164,,unknown,False
PV_126_009_359764_R,PV_126,009,PV_126_block_009,359764.3,L,359797.1,359862.75,5.75188604551835,164.63217547939863,32.79999999998836,132.83373410101058,reverse,True
PV_126_009_359764_R,PV_126,009,PV_126_block_009,359764.3,R,359797.1,359862.75,5.455212182705365,213.65117814605117,32.79999999998836,178.14726323233685,reverse,True
PV_126_009_359797_L,PV_126,009,PV_126_block_009,359797.1,L,360043.1,360075.9,1.8764125962857485,194.14989143474452,246.0,29.517715955345892,same,True
PV_126_009_359797_L,PV_126,009,PV_126_block_009,359797.1,R,360043.1,360059.75,1.778679825599624,37.15568650714975,246.0,127.47648897224887,reverse,True
PV_126_009_366872_R,PV_126,009,PV_126_block_009,366871.6,L,366970.1,367035.75,5.978052683373342,116.50284882741002,98.5,81.42401711339599,same,True
PV_126_009_366872_R,PV_126,009,PV_126_block_009,366871.6,R,366970.1,367052.4,7.767542087321436,34.544287889529656,98.5,163.38257805127637,reverse,True
PV_126_009_367397_L,PV_126,009,PV_126_block_009,367396.85,L,367429.7,367446.35,0.5298769819492394,222.61750720487353,32.850000000034925,177.65373864002208,reverse,True
PV_126_009_375867_R,PV_126,009,PV_126_block_009,375866.7,L,375981.9,376014.7,2.462908772595595,171.52129854381639,115.20000000001164,36.01924048400667,same,True
PV_126_009_375867_R,PV_126,009,PV_126_block_009,375866.7,R,375932.4,375949.05,2.7439193380075118,141.92787939891448,65.70000000001164,65.61265962890857,same,True
PV_126_009_375867_R,PV_126,009,PV_126_block_009,375866.7,R,375949.05,375998.05,4.284094917365165,36.52713097273299,82.34999999997672,171.01340805509005,reverse,True
PV_126_009_400426_L,PV_126,009,PV_126_block_009,400425.75,L,400672.25,400721.3,6.896643533788784,16.557523249057013,246.5,2.2855409004910996,same,True
PV_126_009_400672_L,PV_126,009,PV_126_block_009,400672.25,L,400836.45,400852.65,0.7056452911705451,13.772269824777634,164.20000000001164,2.785253424279375,same,True
PV_126_009_400672_L,PV_126,009,PV_126_block_009,400672.25,L,400869.3,400935.0,4.829790140404812,168.80295850727705,197.04999999998836,152.24543525822003,reverse,True
PV_126_009_400672_L,PV_126,009,PV_126_block_009,400672.25,R,400885.45,400918.35,2.76128873006563,186.86612332844783,213.20000000001164,170.30860007939083,reverse,True
PV_126_009_494766_R,PV_126,009,PV_126_block_009,494765.55,L,494864.05,494896.9,1.561629235809268,97.12805322293671,98.5,115.24465394097534,reverse,True
PV_126_009_494766_R,PV_126,009,PV_126_block_009,494765.55,R,494831.2,494913.55,8.895235630214751,24.166567893866237,65.65000000002328,171.7938607299542,reverse,False
PV_126_009_494831_R,PV_126,009,PV_126_block_009,494831.2,L,495077.7,495093.9,0.7606016947159461,191.63034044799176,246.5,167.4637725541255,reverse,True
PV_126_009_500380_L,PV_126,009,PV_126_block_009,500380.3,L,500429.85,500446.0,0.5568430731301892,358.16913971336874,49.54999999998836,172.33570358213234,reverse,True
PV_126_009_500380_L,PV_126,009,PV_126_block_009,500380.3,L,500462.65,500511.65,2.947556654911142,350.92724769671344,82.35000000003492,165.09381156547704,reverse,True
PV_126_009_500380_L,PV_126,009,PV_126_block_009,500380.3,L,500577.35,500594.0,2.5005528609422907,238.14697187793672,197.04999999998836,52.313535746700325,same,True
PV_126_009_500380_L,PV_126,009,PV_126_block_009,500380.3,L,500594.0,500659.65,4.161827042397855,21.171515312346312,213.70000000001164,164.66192081889008,reverse,True
PV_126_009_500380_L,PV_126,009,PV_126_block_009,500380.3,R,500478.85,500495.5,0.6414826291388109,326.1409285405576,98.54999999998836,140.30749240932118,reverse,True
PV_126_009_500380_L,PV_126,009,PV_126_block_009,500380.3,R,500511.65,500528.3,0.7817860359136811,318.2607846950139,131.35000000003492,132.4273485637775,reverse,True
PV_126_009_500380_L,PV_126,009,PV_126_block_009,500380.3,R,500561.15,500594.0,2.6954737856287743,110.98791864756564,180.85000000003492,74.84551748367076,same,True
PV_126_009_500380_L,PV_126,009,PV_126_block_009,500380.3,R,500594.0,500659.65,3.880687995040902,310.8219953070176,213.70000000001164,124.98855917578118,reverse,True
PV_126_009_504829_R,PV_126,009,PV_126_block_009,504829.1,L,504943.8,504960.45,0.5553491802955967,27.86087614113821,114.70000000001164,99.322185785968,reverse,True
PV_126_009_505781_R,PV_126,009,PV_126_block_009,505781.3,L,505896.0,505961.65,5.0987649535346815,225.30609234237113,114.70000000001164,22.050502565242084,same,True
PV_126_009_505781_R,PV_126,009,PV_126_block_009,505781.3,L,505978.3,505994.5,0.6593588047593912,170.90658041457024,197.0,76.45001449304297,same,True
PV_126_009_505781_R,PV_126,009,PV_126_block_009,505781.3,L,506011.15,506043.95,1.6082401457392128,110.21388479100182,229.85000000003492,137.1427101166114,reverse,True
PV_126_009_505781_R,PV_126,009,PV_126_block_009,505781.3,R,505847.0,505896.0,3.5100706940059214,22.42957047322239,65.70000000001164,135.07297556560917,reverse,True
PV_126_009_518422_L,PV_126,009,PV_126_block_009,518421.55,L,518585.75,518618.6,1.7043431414840042,81.74974446393634,164.20000000001164,132.90668310327894,reverse,True
PV_126_009_518422_L,PV_126,009,PV_126_block_009,518421.55,L,518634.8,518651.45,0.7916504262303813,75.10523113452689,213.25,139.55119643268839,reverse,True
PV_126_009_518422_L,PV_126,009,PV_126_block_009,518421.55,R,518470.6,518503.45,1.4089437235183129,333.3133224458271,49.04999999998836,118.65689487861187,reverse,True
PV_126_009_518422_L,PV_126,009,PV_126_block_009,518421.55,R,518585.75,518618.6,0.9190188585871776,359.7521348497266,164.20000000001164,145.09570728251128,reverse,True
PV_126_009_518422_L,PV_126,009,PV_126_block_009,518421.55,R,518667.65,518717.1,3.4519552162943072,298.47589753285047,246.10000000003492,83.81946996563522,same,True
PV_126_009_526056_L,PV_126,009,PV_126_block_009,526056.2,L,526269.85,526302.7,2.4065823206688255,327.4335032265845,213.65000000002328,27.558427665738577,same,True
PV_126_009_526056_L,PV_126,009,PV_126_block_009,526056.2,L,526302.7,526318.9,0.7687079433631637,180.5970745063063,246.5,174.39485638601676,reverse,True
PV_126_009_526056_L,PV_126,009,PV_126_block_009,526056.2,R,526286.05,526302.7,1.5663040853106796,344.2861685479485,229.85000000009313,10.705762344374591,same,True
PV_126_009_556905_L,PV_126,009,PV_126_block_009,556905.2,L,556938.05,556970.9,1.5734036388439554,355.31296178004834,32.85000000009313,177.30678031284316,reverse,True
PV_126_009_556905_L,PV_126,009,PV_126_block_009,556905.2,R,556921.4,556954.25,1.9260150772894613,331.7843752763288,16.20000000006985,159.16463318343727,reverse,True
PV_126_009_563734_L,PV_126,009,PV_126_block_009,563734.3,L,563800.0,563881.85,8.334346060802096,230.97726997809403,65.69999999995343,169.17192273884052,reverse,True
PV_126_009_563734_L,PV_126,009,PV_126_block_009,563734.3,R,563832.8,563881.85,4.144240339534421,152.92967517002015,98.5,112.7804824530856,reverse,True
PV_126_009_574257_R,PV_126,009,PV_126_block_009,574256.6,L,574322.2,574404.5,13.610208174073778,164.231684837939,65.59999999997672,4.852564989615274,same,False
PV_126_009_574257_R,PV_126,009,PV_126_block_009,574256.6,R,574404.5,574453.5,2.447639303146108,349.23647174688625,147.90000000002328,179.84777808066804,reverse,True
PV_126_009_574618_L,PV_126,009,PV_126_block_009,574617.65,L,574667.15,574683.35,0.7549239436571987,52.11832288373567,49.5,155.55761440170568,reverse,True
PV_126_009_574618_L,PV_126,009,PV_126_block_009,574617.65,L,574700.0,574716.15,0.6945003686747565,54.52379669962769,82.34999999997672,153.15214058581367,reverse,True
PV_126_009_574618_L,PV_126,009,PV_126_block_009,574617.65,R,574667.15,574716.15,2.51771323262352,306.3003548049701,49.5,98.62441751952872,reverse,True
PV_126_009_576703_R,PV_126,009,PV_126_block_009,576702.6,L,576735.4,576751.6,0.6465847802062621,244.45510535894203,32.800000000046566,96.93913188450472,reverse,True
PV_126_009_576703_R,PV_126,009,PV_126_block_009,576702.6,L,576768.25,576850.1,5.505572293471992,198.4118577096406,65.65000000002328,142.98237953380615,reverse,True
PV_126_009_576703_R,PV_126,009,PV_126_block_009,576702.6,L,576915.75,576932.4,2.7661976381506426,24.72134961207516,213.15000000002328,43.32711236862838,same,True
PV_126_009_576703_R,PV_126,009,PV_126_block_009,576702.6,L,576932.4,576981.4,3.2345750317040927,186.04806040717688,229.80000000004657,155.34617683626988,reverse,True
PV_126_009_576703_R,PV_126,009,PV_126_block_009,576702.6,R,576735.4,576751.6,0.5552152122130816,182.8716508526035,32.800000000046566,158.52258639084326,reverse,True
PV_126_009_576703_R,PV_126,009,PV_126_block_009,576702.6,R,576768.25,576817.25,2.3762183173355935,136.01985780104707,65.65000000002328,154.6256205576003,reverse,True
PV_126_009_576703_R,PV_126,009,PV_126_block_009,576702.6,R,576899.55,576932.4,5.433208820222702,355.5288381215431,196.95000000006985,14.134600878096364,same,True
PV_126_009_576703_R,PV_126,009,PV_126_block_009,576702.6,R,576932.4,576965.25,2.0447984929740364,177.09416668027976,229.80000000004657,164.300070563167,reverse,True
PV_126_009_576768_L,PV_126,009,PV_126_block_009,576768.25,L,576915.75,576932.4,2.7661976381506426,24.72134961207516,147.5,173.69050809756544,reverse,True
PV_126_009_576768_L,PV_126,009,PV_126_block_009,576768.25,L,576932.4,576981.4,3.2345750317040927,186.04806040717688,164.15000000002328,12.363797302463723,same,True
PV_126_009_576768_L,PV_126,009,PV_126_block_009,576768.25,R,576899.55,576932.4,5.433208820222702,355.5288381215431,131.30000000004657,157.11698041190255,reverse,True
PV_126_009_576768_L,PV_126,009,PV_126_block_009,576768.25,R,576932.4,576965.25,2.0447984929740364,177.09416668027976,164.15000000002328,21.317691029360844,same,True
PV_126_009_577277_R,PV_126,009,PV_126_block_009,577276.9,L,577326.35,577342.55,3.2744073158972644,39.59292809624344,49.449999999953434,58.20080002354763,same,True
PV_126_009_577277_R,PV_126,009,PV_126_block_009,577276.9,L,577342.55,577408.2,3.3749974972068455,240.79601277396915,65.65000000002328,100.59611529872666,reverse,True
PV_126_009_577277_R,PV_126,009,PV_126_block_009,577276.9,R,577359.2,577408.2,3.1523987503856605,169.58844663099757,82.29999999993015,171.80368144169825,reverse,True
PV_126_009_581233_L,PV_126,009,PV_126_block_009,581233.0,L,581249.2,581314.85,3.310632571134822,194.55029847025395,16.199999999953434,178.3802122959608,reverse,True
PV_126_009_581233_L,PV_126,009,PV_126_block_009,581233.0,L,581429.95,581446.15,2.4206715961845093,94.00803320960661,196.94999999995343,81.0775224433919,same,True
PV_126_009_581233_L,PV_126,009,PV_126_block_009,581233.0,L,581478.95,581511.8,1.6892544300999033,186.8133561754601,245.94999999995343,173.8828454092453,reverse,True
PV_126_009_581233_L,PV_126,009,PV_126_block_009,581233.0,R,581265.85,581314.85,3.180011246080477,183.5334533766471,32.84999999997672,170.60294261043236,reverse,True
PV_126_009_581233_L,PV_126,009,PV_126_block_009,581233.0,R,581413.3,581446.15,4.791187744531629,352.6183566356542,180.30000000004657,20.312154130560543,same,True
PV_126_009_581233_L,PV_126,009,PV_126_block_009,581233.0,R,581446.15,581511.8,5.960685640699037,177.02734498320126,213.15000000002328,164.0968342169865,reverse,False
PV_126_009_581430_R,PV_126,009,PV_126_block_009,581429.95,L,581478.95,581511.8,1.6892544300999033,186.8133561754601,49.0,9.786011192258826,same,True
PV_126_009_609863_R,PV_126,009,PV_126_block_009,609862.9,L,609961.45,610027.1,8.31574710173635,208.7594454762941,98.54999999993015,11.24913560892324,same,True
PV_126_009_609863_R,PV_126,009,PV_126_block_009,609862.9,R,609977.6,610010.45,2.7582145038045467,94.46029882926797,114.69999999995343,103.0500110381029,reverse,True
PV_126_009_609863_R,PV_126,009,PV_126_block_009,609862.9,R,610043.3,610059.95,0.6561824300369135,347.65411730507816,180.40000000002328,150.14380743770732,reverse,True
PV_126_009_609961_L,PV_126,009,PV_126_block_009,609961.45,R,610043.3,610059.95,0.6561824300369135,347.65411730507816,81.85000000009313,138.89467182878406,reverse,True
PV_126_009_618842_L,PV_126,009,PV_126_block_009,618842.05,L,618907.7,618973.35,4.706713556498946,163.84787184257152,65.64999999990687,134.14211269323187,reverse,True
PV_126_009_618842_L,PV_126,009,PV_126_block_009,618842.05,L,619088.5,619121.35,6.000867589154134,21.094755400799066,246.44999999995343,8.611003748540554,same,True
PV_126_009_618842_L,PV_126,009,PV_126_block_009,618842.05,R,618874.85,618973.35,6.027047669926035,198.14882940802008,32.79999999993015,168.44307025868045,reverse,True
PV_126_009_618842_L,PV_126,009,PV_126_block_009,618842.05,R,619071.85,619104.7,8.445996690983325,5.887747554169132,229.79999999993015,23.818011595170503,same,False
PV_126_009_618875_R,PV_126,009,PV_126_block_009,618874.85,L,619088.5,619121.35,6.000867589154134,21.094755400799066,213.65000000002328,177.054074007221,reverse,True
PV_126_009_618875_R,PV_126,009,PV_126_block_009,618874.85,R,619071.85,619104.7,8.445996690983325,5.887747554169132,197.0,167.73891814614905,reverse,False
PV_126_009_618875_R,PV_126,009,PV_126_block_009,618874.85,R,619104.7,619219.85,12.064026782557349,189.5574892309581,229.84999999997672,8.591340177061966,same,False
PV_126_009_619088_R,PV_126,009,PV_126_block_009,619088.5,L,619137.5,619203.2,5.2815051198752565,168.01345183706076,49.0,21.544037393897355,same,True
PV_126_009_619088_R,PV_126,009,PV_126_block_009,619088.5,L,619236.0,619252.65,1.5845264450096441,356.0275419152718,147.5,166.4700526843137,reverse,True
PV_126_009_619088_R,PV_126,009,PV_126_block_009,619088.5,L,619252.65,619285.45,8.889041397866405,198.23300661817987,164.15000000002328,8.67551738722176,same,True
PV_126_009_619088_R,PV_126,009,PV_126_block_009,619088.5,L,619334.45,619351.1,0.7939562724579848,200.87401448266132,245.94999999995343,11.316525251703212,same,True
PV_126_009_619088_R,PV_126,009,PV_126_block_009,619088.5,R,619219.85,619252.65,2.9371288687831836,37.03265405538297,131.34999999997672,152.52483517557513,reverse,True
PV_126_009_619088_R,PV_126,009,PV_126_block_009,619088.5,R,619285.45,619318.3,1.5030144525556908,287.7763625173482,196.94999999995343,98.21887328639014,reverse,True
PV_126_009_619253_L,PV_126,009,PV_126_block_009,619252.65,L,619334.45,619351.1,0.7939562724579848,200.87401448266132,81.79999999993015,2.641007864481452,same,True
PV_126_009_619253_L,PV_126,009,PV_126_block_009,619252.65,L,619432.95,619465.8,12.689701027077017,19.27342629259444,180.29999999993015,178.95958032558542,reverse,False
PV_126_009_619253_L,PV_126,009,PV_126_block_009,619252.65,L,619465.8,619548.1,8.884978533453333,198.09185087730572,213.15000000002328,0.1411557408741544,same,True
PV_126_009_619253_L,PV_126,009,PV_126_block_009,619252.65,R,619367.3,619383.95,0.7227410190657063,239.80289468551808,114.65000000002328,41.56988806733821,same,True
PV_126_009_619253_L,PV_126,009,PV_126_block_009,619252.65,R,619449.6,619482.45,8.300028220696817,17.12919011912003,196.94999999995343,178.8961835009402,reverse,True
PV_126_009_619253_L,PV_126,009,PV_126_block_009,619252.65,R,619482.45,619548.1,7.080226349382584,162.98046975206216,229.79999999993015,35.25253686611771,same,True
PV_126_009_632517_L,PV_126,009,PV_126_block_009,632516.9,L,632582.6,632598.8,0.523341289026935,183.39500611085379,65.69999999995343,103.7583607525583,reverse,True
PV_126_009_632517_L,PV_126,009,PV_126_block_009,632516.9,R,632582.6,632631.6,3.139841780967693,272.6361141445045,65.69999999995343,167.00053121379096,reverse,True
PV_126_009_941920_L,PV_126,009,PV_126_block_009,941919.95,L,942133.65,942149.8,0.5892712875751993,242.6360687185619,213.70000000006985,171.0662232587905,reverse,True
PV_126_009_941920_L,PV_126,009,PV_126_block_009,941919.95,R,942166.45,942199.3,,,246.5,,unknown,False
PV_126_009_951131_R,PV_126,009,PV_126_block_009,951131.15,R,951295.35,951328.15,1.3692788260355386,96.04709167939575,164.19999999995343,17.399206650485155,same,True
PV_126_009_974366_R,PV_126,009,PV_126_block_009,974365.65,L,974480.8,974529.85,3.2011628925446316,178.49635605923567,115.15000000002328,38.93954982690258,same,True
PV_126_009_974366_R,PV_126,009,PV_126_block_009,974365.65,R,974431.3,974562.65,14.554831260841267,64.793342415414,65.65000000002328,152.64256347072424,reverse,False
PV_126_009_1162785_R,PV_126,009,PV_126_block_009,1162785.3,L,1162899.95,1162916.6,0.5701334228626199,46.614666728507764,114.64999999990687,115.63607305821091,reverse,True
PV_126_009_1175771_R,PV_126,009,PV_126_block_009,1175770.6,L,1175836.2,1175869.1,2.936390818814552,37.1651420020902,65.5999999998603,35.9572088593078,same,True
PV_126_009_1175771_R,PV_126,009,PV_126_block_009,1175770.6,R,1175934.75,1175967.55,,,164.14999999990687,,unknown,False
PV_126_009_1175771_R,PV_126,009,PV_126_block_009,1175770.6,R,1176017.05,1176033.25,0.7695193913321043,350.1445953623061,246.44999999995343,11.063337780476331,same,True
PV_126_009_1319074_R,PV_126,009,PV_126_block_009,1319074.3,L,1319156.6,1319172.8,0.8528294355626961,171.64263899624027,82.30000000004657,171.4436072484733,reverse,True
PV_126_009_1319074_R,PV_126,009,PV_126_block_009,1319074.3,L,1319255.1,1319287.95,1.7239841277593155,63.70291347938886,180.80000000004657,63.50388173162193,same,True
PV_126_009_1319074_R,PV_126,009,PV_126_block_009,1319074.3,L,1319304.15,1319336.95,2.620072936627656,43.25002987839745,229.8499999998603,43.05099813063052,same,True
PV_126_009_1319074_R,PV_126,009,PV_126_block_009,1319074.3,R,1319189.45,1319205.65,0.6991584203715724,7.811535379348475,115.14999999990687,7.612503631581546,same,True
PV_126_009_1319419_L,PV_126,009,PV_126_block_009,1319419.3,L,1319550.6,1319665.3,6.8439924406218635,234.6780732412551,131.30000000004657,131.4209920993198,reverse,True
PV_126_009_1319419_L,PV_126,009,PV_126_block_009,1319419.3,R,1319517.8,1319533.95,0.7319524227655598,214.9026622543728,98.5,151.19640308620205,reverse,True
PV_126_009_1319419_L,PV_126,009,PV_126_block_009,1319419.3,R,1319566.8,1319616.3,3.246116807766942,175.94104120362812,147.5,169.84197586305322,reverse,True
PV_126_009_1319419_L,PV_126,009,PV_126_block_009,1319419.3,R,1319616.3,1319632.45,0.660053376652647,47.86375817821551,197.0,41.76469283764064,same,True
PV_126_009_1319419_L,PV_126,009,PV_126_block_009,1319419.3,R,1319649.1,1319665.3,,,229.80000000004657,,unknown,False
PV_126_009_1319551_L,PV_126,009,PV_126_block_009,1319550.6,L,1319681.95,1319730.95,2.02682174483059,56.02991043386647,131.3499999998603,178.64816280738864,reverse,True
PV_126_009_1319551_L,PV_126,009,PV_126_block_009,1319550.6,L,1319747.6,1319813.25,4.459114536579676,166.5858965665074,197.0,68.09217667474772,same,True
PV_126_009_1319551_L,PV_126,009,PV_126_block_009,1319550.6,R,1319616.3,1319632.45,0.660053376652647,47.86375817821551,65.69999999995343,173.1856849369604,reverse,True
PV_126_009_1319551_L,PV_126,009,PV_126_block_009,1319550.6,R,1319649.1,1319665.3,,,98.5,,unknown,False
PV_126_009_1630440_R,PV_126,009,PV_126_block_009,1630440.2,L,1630489.25,1630522.1,1.4811437451324088,352.84525655535197,49.050000000046566,128.77804554286752,reverse,True
PV_126_009_1630440_R,PV_126,009,PV_126_block_009,1630440.2,R,1630489.25,1630554.9,4.021001314137562,344.2010053456903,49.050000000046566,137.42229675252918,reverse,True
PV_126_009_1637730_R,PV_126,009,PV_126_block_009,1637730.45,L,1637812.3,1637894.6,7.4956256278885265,140.34326108141636,81.85000000009313,81.04009534473022,same,False
PV_126_009_1637730_R,PV_126,009,PV_126_block_009,1637730.45,R,1637763.25,1637796.1,2.504777586099973,93.52509833257713,32.800000000046566,127.85825809356945,reverse,True
PV_126_009_1637730_R,PV_126,009,PV_126_block_009,1637730.45,R,1637796.1,1637910.8,14.211836697063697,255.49227728123407,65.6500000001397,34.10892085508749,same,False
PV_126_009_1648335_L,PV_126,009,PV_126_block_009,1648335.35,L,1648401.0,1648417.15,0.6289001316952222,60.44892839809796,65.64999999990687,33.683563588646365,same,True
PV_126_009_1648335_L,PV_126,009,PV_126_block_009,1648335.35,R,1648401.0,1648417.15,2.919884223991022,262.9701404849301,65.64999999990687,123.79522432452154,reverse,True
PV_126_009_1648335_L,PV_126,009,PV_126_block_009,1648335.35,R,1648450.05,1648466.7,0.5658573679663018,250.51146570701965,114.69999999995343,136.25389910243194,reverse,True
PV_126_009_1998748_L,PV_126,009,PV_126_block_009,1998748.0,L,1998945.0,1998977.8,1.624617442114382,41.19613187948031,197.0,165.54893573215145,reverse,True
PV_126_009_1998748_L,PV_126,009,PV_126_block_009,1998748.0,R,1998879.35,1998928.85,2.602361826604748,44.59051783186911,131.35000000009313,168.94332168454025,reverse,True
PV_126_009_1999470_L,PV_126,009,PV_126_block_009,1999470.2,L,1999700.0,1999716.65,0.7971997071414447,107.69152942424533,229.80000000004657,76.61340213023645,same,True
PV_126_009_1999470_L,PV_126,009,PV_126_block_009,1999470.2,R,1999552.5,1999568.7,0.8948582197429256,181.6192879267369,82.30000000004657,2.685643627744895,same,True
PV_126_009_1999470_L,PV_126,009,PV_126_block_009,1999470.2,R,1999568.7,1999585.35,0.5260623618993743,299.131099313342,98.5,114.82616775886027,reverse,True
PV_126_009_1999470_L,PV_126,009,PV_126_block_009,1999470.2,R,1999634.35,1999667.15,1.602995419750754,117.60306336622004,164.1500000001397,66.70186818826174,same,True
PV_126_009_1999798_L,PV_126,009,PV_126_block_009,1999798.45,L,1999831.3,1999847.95,0.557832132463152,138.1704071289216,32.85000000009313,104.78264506889332,reverse,True
PV_126_009_2004706_R,PV_126,009,PV_126_block_009,2004706.0,R,2004771.6,2004787.8,5.2060421079587735,59.57200057735599,65.60000000009313,140.83041831594352,reverse,True
PV_126_009_2004706_R,PV_126,009,PV_126_block_009,2004706.0,R,2004787.8,2004837.25,,,81.80000000004657,,unknown,False
PV_126_009_2130188_L,PV_126,009,PV_126_block_009,2130188.25,L,2130221.05,2130335.7,19.55428757456588,120.65397640719924,32.799999999813735,157.79998549679152,reverse,False
PV_126_009_2130188_L,PV_126,009,PV_126_block_009,2130188.25,R,2130221.05,2130237.25,0.7425709618060938,154.8391251676808,32.799999999813735,168.01486574272693,reverse,True
PV_126_009_2130188_L,PV_126,009,PV_126_block_009,2130188.25,R,2130270.1,2130319.55,3.1910653778585045,277.7125647260457,81.85000000009313,45.14142618436205,same,True
PV_126_009_2130221_L,PV_126,009,PV_126_block_009,2130221.05,R,2130270.1,2130319.55,3.1910653778585045,277.7125647260457,49.0500000002794,157.05858831884643,reverse,True
PV_126_009_86225_L,PV_126,009,PV_126_block_009,86224.75,L,86290.4,86306.6,1.124452010124286,210.49927399212774,65.64999999999418,43.62109096570768,same,True
PV_126_009_327557_L,PV_126,009,PV_126_block_009,327557.05,L,327671.75,327721.2,9.357846272936307,215.97140498341727,114.70000000001164,165.04456168925003,reverse,True
PV_126_009_327557_L,PV_126,009,PV_126_block_009,327557.05,L,327754.05,327803.05,2.35685001928419,8.681319668826328,197.0,42.245523625340894,same,True
PV_126_009_327557_L,PV_126,009,PV_126_block_009,327557.05,R,327655.55,327688.4,1.3077033875004878,343.39593211777157,98.5,67.53091117639565,same,True
PV_126_009_327557_L,PV_126,009,PV_126_block_009,327557.05,R,327704.55,327737.4,7.135882500219139,145.65528919585662,147.5,94.72844590168938,reverse,True
PV_126_009_327557_L,PV_126,009,PV_126_block_009,327557.05,R,327737.4,327754.05,0.707410296891739,307.8788444432944,180.35000000003492,103.04799885087283,reverse,True
PV_126_009_327557_L,PV_126,009,PV_126_block_009,327557.05,R,327770.2,327786.85,0.6534290369528277,356.8414819533057,213.15000000002328,54.08536134086154,same,True
PV_126_009_359584_L,PV_126,009,PV_126_block_009,359583.5,L,359780.45,359797.1,2.060784996372963,328.58468039195674,196.95000000001164,110.51598842295971,reverse,True
PV_126_009_359584_L,PV_126,009,PV_126_block_009,359583.5,L,359797.1,359862.75,5.75188604551835,164.63217547939863,213.59999999997672,53.436516489598375,same,False
PV_126_009_359584_L,PV_126,009,PV_126_block_009,359583.5,R,359764.3,359797.1,9.043915985603489,31.798441378388013,180.79999999998836,173.72974940939105,reverse,False
PV_126_009_359584_L,PV_126,009,PV_126_block_009,359583.5,R,359797.1,359862.75,5.455212182705365,213.65117814605117,213.59999999997672,4.4175138229458355,same,True
PV_126_009_574322_L,PV_126,009,PV_126_block_009,574322.2,R,574404.5,574453.5,2.447639303146108,349.23647174688625,82.30000000004657,174.99521309105273,reverse,True
PV_126_009_1111238_L,PV_126,009,PV_126_block_009,1111238.35,R,1111451.5,1111468.15,0.5651071942090053,261.99918740345095,213.14999999990687,49.57856958233279,same,True
PV_126_009_1318894_L,PV_126,009,PV_126_block_009,1318893.95,L,1319074.3,1319107.15,2.499417567653944,334.91422961498057,180.35000000009313,43.81682027101294,same,True
PV_126_009_1318894_L,PV_126,009,PV_126_block_009,1318893.95,R,1319025.3,1319041.5,0.7877400313187254,353.6345716642508,131.35000000009313,62.53716232028319,same,True
PV_126_009_1318894_L,PV_126,009,PV_126_block_009,1318893.95,R,1319058.15,1319074.3,3.3688126523743094,101.70134824748752,164.19999999995343,170.60393890351986,reverse,True
PV_126_009_1318894_L,PV_126,009,PV_126_block_009,1318893.95,R,1319074.3,1319172.8,5.792334933151701,0.19903174776692634,180.35000000009313,69.1016224037993,same,True
PV_126_009_1319813_L,PV_126,009,PV_126_block_009,1319813.25,L,1319862.3,1319911.8,3.049441633120712,156.38704320673253,49.050000000046566,133.86197930740832,reverse,True
PV_126_009_2000242_L,PV_126,009,PV_126_block_009,2000241.85,L,2000323.65,2000340.3,13.678079126943224,256.01970897686954,81.79999999981374,128.8292129828044,reverse,False
PV_126_009_2000242_L,PV_126,009,PV_126_block_009,2000241.85,L,2000340.3,2000373.15,8.076470641943146,77.80259211588256,98.44999999995343,52.95367015620866,same,True
PV_126_009_2000242_L,PV_126,009,PV_126_block_009,2000241.85,L,2000438.8,2000455.0,1.4073191118344388,303.83827714221246,196.94999999995343,81.01064481746147,same,True
PV_126_009_2000242_L,PV_126,009,PV_126_block_009,2000241.85,L,2000455.0,2000471.65,0.6940955320691097,182.42697351545596,213.14999999990687,157.57805155578205,reverse,True
PV_126_009_2000324_L,PV_126,009,PV_126_block_009,2000323.65,L,2000340.3,2000373.15,8.076470641943146,77.80259211588256,16.6500000001397,178.21711686098698,reverse,True
PV_126_009_2000324_L,PV_126,009,PV_126_block_009,2000323.65,L,2000438.8,2000455.0,1.4073191118344388,303.83827714221246,115.1500000001397,47.818568165342924,same,True
PV_126_009_2000324_L,PV_126,009,PV_126_block_009,2000323.65,L,2000455.0,2000471.65,0.6940955320691097,182.42697351545596,131.35000000009313,73.59273546141358,same,True
PV_126_009_2000340_L,PV_126,009,PV_126_block_009,2000340.3,L,2000438.8,2000455.0,1.4073191118344388,303.83827714221246,98.5,133.96431497367007,reverse,True
PV_126_009_2000340_L,PV_126,009,PV_126_block_009,2000340.3,L,2000455.0,2000471.65,0.6940955320691097,182.42697351545596,114.69999999995343,104.6243813995734,reverse,True
PV_126_009_2001752_L,PV_126,009,PV_126_block_009,2001751.75,L,2001948.65,2001981.45,1.1914240317098075,11.270828396804838,196.89999999990687,22.13328258819672,same,True
PV_126_009_2002080_L,PV_126,009,PV_126_block_009,2002079.9,L,2002128.9,2002145.55,0.6377722762104571,19.768372344800216,49.0,131.09625016815542,reverse,True
PV_126_009_2384935_L,PV_126,009,PV_126_block_009,2384935.25,R,2385033.75,2385049.9,0.6298701305470871,219.25199517766018,98.5,21.208202829940063,same,True
PV_126_009_57006_R,PV_126,009,PV_126_block_009,57006.4,R,57055.4,57137.7,9.514031194706737,65.93089588455076,49.0,164.72272231216368,reverse,True
PV_126_009_238739_R,PV_126,009,PV_126_block_009,238739.3,L,238887.25,238936.3,3.6318927080092496,253.83170565789868,147.95000000001164,145.3433816506755,reverse,True
PV_126_009_238739_R,PV_126,009,PV_126_block_009,238739.3,R,238936.3,238952.95,7.571966868716409,294.3051460419588,197.0,174.1831779652644,reverse,True
PV_126_009_238739_R,PV_126,009,PV_126_block_009,238739.3,R,238952.95,238969.1,6.595523848938183,116.44106530423646,213.65000000002328,7.952741297013262,same,True
PV_126_009_238739_R,PV_126,009,PV_126_block_009,238739.3,R,238969.1,238985.75,6.0706969610351695,294.63669039695503,229.80000000001746,173.85163361026815,reverse,True
PV_126_009_238739_R,PV_126,009,PV_126_block_009,238739.3,R,238985.75,239001.95,5.657104905861431,114.76542414470039,246.45000000001164,6.277100137477191,same,True
PV_126_009_238936_R,PV_126,009,PV_126_block_009,238936.3,R,238952.95,238969.1,6.595523848938183,116.44106530423646,16.650000000023283,177.8640807377223,reverse,True
PV_126_009_238936_R,PV_126,009,PV_126_block_009,238936.3,R,238969.1,238985.75,6.0706969610351695,294.63669039695503,32.80000000001746,0.3315443549962538,same,True
PV_126_009_238936_R,PV_126,009,PV_126_block_009,238936.3,R,238985.75,239001.95,5.657104905861431,114.76542414470039,49.45000000001164,179.5397218972584,reverse,True
PV_126_009_238936_R,PV_126,009,PV_126_block_009,238936.3,R,239001.95,239018.6,7.0144568352186445,285.17760795161405,65.65000000002328,9.127538090344729,same,True
PV_126_009_238936_R,PV_126,009,PV_126_block_009,238936.3,R,239018.6,239034.75,4.497554640650288,119.62678620583802,82.30000000001746,174.67835983612076,reverse,True
PV_126_009_238936_R,PV_126,009,PV_126_block_009,238936.3,R,239034.75,239051.4,0.6455822317053168,247.70363972698803,98.45000000001164,46.60150631497075,same,True
PV_126_009_238936_R,PV_126,009,PV_126_block_009,238936.3,R,239067.6,239084.25,2.074630121675693,104.14346888890816,131.30000000001746,169.83832284694938,reverse,True
PV_126_009_238953_R,PV_126,009,PV_126_block_009,238952.95,R,238969.1,238985.75,6.0706969610351695,294.63669039695503,16.14999999999418,178.19562509271856,reverse,True
PV_126_009_238953_R,PV_126,009,PV_126_block_009,238952.95,R,238985.75,239001.95,5.657104905861431,114.76542414470039,32.79999999998836,1.6756411595360703,same,True
PV_126_009_238953_R,PV_126,009,PV_126_block_009,238952.95,R,239001.95,239018.6,7.0144568352186445,285.17760795161405,49.0,168.73654264737758,reverse,False
PV_126_009_238953_R,PV_126,009,PV_126_block_009,238952.95,R,239018.6,239034.75,4.497554640650288,119.62678620583802,65.64999999999418,3.1857209016015418,same,True
PV_126_009_238953_R,PV_126,009,PV_126_block_009,238952.95,R,239034.75,239051.4,0.6455822317053168,247.70363972698803,81.79999999998836,131.26257442275158,reverse,True
PV_126_009_238953_R,PV_126,009,PV_126_block_009,238952.95,R,239067.6,239084.25,2.074630121675693,104.14346888890816,114.64999999999418,12.297596415328314,same,True
PV_126_009_238969_R,PV_126,009,PV_126_block_009,238969.1,R,238985.75,239001.95,5.657104905861431,114.76542414470039,16.64999999999418,179.87126625225466,reverse,True
PV_126_009_238969_R,PV_126,009,PV_126_block_009,238969.1,R,239001.95,239018.6,7.0144568352186445,285.17760795161405,32.85000000000582,9.459082445340982,same,False
PV_126_009_238969_R,PV_126,009,PV_126_block_009,238969.1,R,239018.6,239034.75,4.497554640650288,119.62678620583802,49.5,175.00990419111702,reverse,True
PV_126_009_238969_R,PV_126,009,PV_126_block_009,238969.1,R,239034.75,239051.4,0.6455822317053168,247.70363972698803,65.64999999999418,46.933050669967,same,True
PV_126_009_238969_R,PV_126,009,PV_126_block_009,238969.1,R,239067.6,239084.25,2.074630121675693,104.14346888890816,98.5,169.50677849195313,reverse,True
PV_126_009_238986_R,PV_126,009,PV_126_block_009,238985.75,R,239001.95,239018.6,7.0144568352186445,285.17760795161405,16.20000000001164,170.41218380691367,reverse,False
PV_126_009_238986_R,PV_126,009,PV_126_block_009,238985.75,R,239018.6,239034.75,4.497554640650288,119.62678620583802,32.85000000000582,4.8613620611376405,same,True
PV_126_009_238986_R,PV_126,009,PV_126_block_009,238985.75,R,239034.75,239051.4,0.6455822317053168,247.70363972698803,49.0,132.93821558228763,reverse,True
PV_126_009_238986_R,PV_126,009,PV_126_block_009,238985.75,R,239067.6,239084.25,2.074630121675693,104.14346888890816,81.85000000000582,10.621955255792216,same,True
PV_126_009_238986_R,PV_126,009,PV_126_block_009,238985.75,R,239231.75,239264.55,1.3676914614590605,114.76200578152292,246.0,0.0034183631774737933,same,True
PV_126_009_239002_R,PV_126,009,PV_126_block_009,239001.95,R,239018.6,239034.75,4.497554640650288,119.62678620583802,16.64999999999418,165.55082174577603,reverse,True
PV_126_009_239002_R,PV_126,009,PV_126_block_009,239001.95,R,239034.75,239051.4,0.6455822317053168,247.70363972698803,32.79999999998836,37.47396822462602,same,True
PV_126_009_239002_R,PV_126,009,PV_126_block_009,239001.95,R,239067.6,239084.25,2.074630121675693,104.14346888890816,65.64999999999418,178.9658609372941,reverse,True
PV_126_009_239002_R,PV_126,009,PV_126_block_009,239001.95,R,239231.75,239264.55,1.3676914614590605,114.76200578152292,229.79999999998836,170.41560217009112,reverse,True
PV_126_009_246274_R,PV_126,009,PV_126_block_009,246274.0,L,246339.65,246372.45,0.8886834100863487,296.3975220915767,65.64999999999418,173.12277296243604,reverse,True
PV_126_009_246274_R,PV_126,009,PV_126_block_009,246274.0,L,246405.3,246438.1,1.6358448855602103,299.47042120413903,131.29999999998836,170.04987384987373,reverse,True
PV_126_009_246274_R,PV_126,009,PV_126_block_009,246274.0,L,246487.1,246503.75,0.6224919431248171,330.4084868961595,213.10000000000582,139.11180815785326,reverse,True
PV_126_009_327705_R,PV_126,009,PV_126_block_009,327704.55,L,327754.05,327803.05,2.35685001928419,8.681319668826328,49.5,136.9739695270303,reverse,True
PV_126_009_327705_R,PV_126,009,PV_126_block_009,327704.55,R,327737.4,327754.05,0.707410296891739,307.8788444432944,32.850000000034925,162.22355524743773,reverse,True
PV_126_009_327705_R,PV_126,009,PV_126_block_009,327704.55,R,327770.2,327786.85,0.6534290369528277,356.8414819533057,65.65000000002328,148.81380724255098,reverse,True
PV_126_009_359469_R,PV_126,009,PV_126_block_009,359468.85,L,359550.7,359567.35,0.654079751008622,137.71142144064572,81.85000000003492,35.20125196502511,same,True
PV_126_009_359469_R,PV_126,009,PV_126_block_009,359468.85,L,359583.5,359682.0,5.706651434587205,218.068691968997,114.65000000002328,115.55852249337642,reverse,True
PV_126_009_518339_R,PV_126,009,PV_126_block_009,518339.25,L,518355.9,518388.7,,,16.650000000023283,,unknown,False
PV_126_009_518339_R,PV_126,009,PV_126_block_009,518339.25,L,518421.55,518520.1,10.229457593447156,214.65642756721527,82.29999999998836,18.02414610236565,same,False
PV_126_009_518339_R,PV_126,009,PV_126_block_009,518339.25,L,518585.75,518618.6,1.7043431414840042,81.74974446393634,246.5,114.88253700091329,reverse,True
PV_126_009_518339_R,PV_126,009,PV_126_block_009,518339.25,R,518372.05,518404.9,2.90372793108,265.44954690507916,32.79999999998836,68.81726544022953,same,True
PV_126_009_518339_R,PV_126,009,PV_126_block_009,518339.25,R,518404.9,518437.75,2.218977186550077,92.46274329127256,65.65000000002328,104.16953817357707,reverse,True
PV_126_009_518339_R,PV_126,009,PV_126_block_009,518339.25,R,518437.75,518454.4,0.5144374835275701,248.84015147355694,98.5,52.20787000870732,same,True
PV_126_009_518339_R,PV_126,009,PV_126_block_009,518339.25,R,518470.6,518503.45,1.4089437235183129,333.3133224458271,131.34999999997672,136.6810409809775,reverse,True
PV_126_009_518339_R,PV_126,009,PV_126_block_009,518339.25,R,518585.75,518618.6,0.9190188585871776,359.7521348497266,246.5,163.11985338487693,reverse,True
PV_126_009_559548_R,PV_126,009,PV_126_block_009,559547.85,L,559580.7,559597.35,,,32.84999999997672,,unknown,False
PV_126_009_559548_R,PV_126,009,PV_126_block_009,559547.85,L,559630.2,559728.7,10.278480288807167,146.5017430897363,82.34999999997672,27.28857098286727,same,False
PV_126_009_559548_R,PV_126,009,PV_126_block_009,559547.85,L,559794.4,559827.2,5.632919094803255,32.21458958242986,246.55000000004657,141.5757244901737,reverse,True
PV_126_009_559548_R,PV_126,009,PV_126_block_009,559547.85,R,559580.7,559597.35,0.948586813570808,42.48993988059883,32.84999999997672,131.30037419200474,reverse,True
PV_126_009_559548_R,PV_126,009,PV_126_block_009,559547.85,R,559597.35,559613.55,3.063075385725486,229.96961281876867,49.5,56.1792987461651,same,True
PV_126_009_559548_R,PV_126,009,PV_126_block_009,559547.85,R,559613.55,559712.05,5.684493187453701,39.056617154809,65.70000000006985,134.73369691779456,reverse,True
PV_126_009_559548_R,PV_126,009,PV_126_block_009,559547.85,R,559777.75,559810.55,6.046872533542103,354.8321765508189,229.90000000002328,178.9581375217847,reverse,False
PV_126_009_610273_R,PV_126,009,PV_126_block_009,610273.15,L,610289.8,610322.6,3.385976449672774,159.93547787553075,16.650000000023283,4.074141474829048,same,True
PV_126_009_610273_R,PV_126,009,PV_126_block_009,610273.15,L,610371.6,610388.25,0.5604721296124107,331.556468907509,98.44999999995343,175.69513250680728,reverse,True
PV_126_009_610273_R,PV_126,009,PV_126_block_009,610273.15,R,610305.95,610322.6,0.6268992075856472,352.496749564188,32.79999999993015,163.3645868365137,reverse,True
PV_126_009_610273_R,PV_126,009,PV_126_block_009,610273.15,R,610338.8,610388.25,2.9642293806517666,359.8938415653348,65.65000000002328,155.9674948353669,reverse,True
PV_126_009_619072_R,PV_126,009,PV_126_block_009,619071.85,L,619088.5,619121.35,6.000867589154134,21.094755400799066,16.650000000023283,15.20700784662995,same,True
PV_126_009_619072_R,PV_126,009,PV_126_block_009,619071.85,L,619137.5,619203.2,5.2815051198752565,168.01345183706076,65.65000000002328,162.12570428289166,reverse,True
PV_126_009_619072_R,PV_126,009,PV_126_block_009,619071.85,L,619236.0,619252.65,1.5845264450096441,356.0275419152718,164.15000000002328,9.860205638897355,same,True
PV_126_009_619072_R,PV_126,009,PV_126_block_009,619071.85,L,619252.65,619285.45,8.889041397866405,198.23300661817987,180.80000000004657,167.65474093598925,reverse,False
PV_126_009_619072_R,PV_126,009,PV_126_block_009,619071.85,R,619104.7,619219.85,12.064026782557349,189.5574892309581,32.84999999997672,176.330258323211,reverse,False
PV_126_009_619072_R,PV_126,009,PV_126_block_009,619071.85,R,619219.85,619252.65,2.9371288687831836,37.03265405538297,148.0,31.144906501213825,same,True
PV_126_009_619072_R,PV_126,009,PV_126_block_009,619071.85,R,619285.45,619318.3,1.5030144525556908,287.7763625173482,213.59999999997672,78.11138503682093,same,True
PV_126_009_974431_R,PV_126,009,PV_126_block_009,974431.3,L,974480.8,974529.85,3.2011628925446316,178.49635605923567,49.5,113.70301364382169,reverse,True
PV_126_009_1195782_R,PV_126,009,PV_126_block_009,1195781.8,R,1195830.8,1195847.45,3.8242608072939253,134.54691843454134,49.0,42.13706842126348,same,True
PV_126_009_1195782_R,PV_126,009,PV_126_block_009,1195781.8,R,1195847.45,1195880.25,7.3668830073949385,295.9366136193671,65.64999999990687,156.47323639391072,reverse,False
PV_126_009_1195782_R,PV_126,009,PV_126_block_009,1195781.8,R,1195929.25,1195962.1,1.2423762452843803,279.52924436641774,147.44999999995343,172.8806056468601,reverse,True
PV_126_009_1195847_R,PV_126,009,PV_126_block_009,1195847.45,R,1195929.25,1195962.1,1.2423762452843803,279.52924436641774,81.80000000004657,16.407369252949366,same,True
PV_126_009_1594092_R,PV_126,009,PV_126_block_009,1594091.65,R,1594190.15,1594206.35,0.5723899090559588,292.84342495233295,98.5,13.522068167501232,same,True
PV_126_009_1818568_R,PV_126,009,PV_126_block_009,1818568.2,R,1818601.0,1818715.75,10.764780782799319,253.7736535106895,32.800000000046566,141.55285709719783,reverse,True
PV_126_009_1987552_R,PV_126,009,PV_126_block_009,1987552.05,L,1987700.05,1987716.2,1.6083635441159077,281.037027291105,148.0,43.65626493949125,same,True
PV_126_009_2653002_R,PV_126,009,PV_126_block_009,2653001.7,R,2653034.5,2653083.5,4.513158831960728,313.9230806102272,32.799999999813735,156.48782178592444,reverse,True
PV_126_009_2653002_R,PV_126,009,PV_126_block_009,2653001.7,R,2653083.5,2653100.15,0.6758714098148793,218.32005906090677,81.79999999981374,60.884800236604036,same,True
PV_126_010_121931_R,PV_126,010,PV_126_block_010,121931.45,L,121997.1,122029.9,3.270982371536153,204.071895031767,65.65000000000873,160.099120021844,reverse,True
PV_126_010_121931_R,PV_126,010,PV_126_block_010,121931.45,R,121997.1,122046.1,3.3064800965597327,141.32300964563595,65.65000000000873,137.15199459202495,reverse,True
PV_126_010_122883_L,PV_126,010,PV_126_block_010,122883.45,R,122932.45,122998.15,3.782959589705099,334.79887771729045,49.0,114.15096621756675,reverse,True
PV_126_010_379812_R,PV_126,010,PV_126_block_010,379811.5,R,379893.8,379992.3,7.824957752323753,268.8079331766708,82.29999999998836,54.133008045144464,same,False
PV_126_010_381404_R,PV_126,010,PV_126_block_010,381404.2,L,381469.85,381486.05,1.014240192449342,113.37003942982545,65.64999999996508,163.00157727140112,reverse,True
PV_126_010_416290_L,PV_126,010,PV_126_block_010,416289.8,L,416388.3,416404.95,0.7067113308013299,10.09116192266382,98.5,21.30269396565012,same,True
PV_126_010_416290_L,PV_126,010,PV_126_block_010,416289.8,R,416437.8,416470.65,1.3091356840259214,303.9056726125205,148.0,44.88279534449322,same,True
PV_126_010_470299_R,PV_126,010,PV_126_block_010,470299.1,L,470381.4,470397.6,0.5846696970510824,193.13226742214275,82.30000000004657,26.63098485670409,same,True
PV_126_010_643484_L,PV_126,010,PV_126_block_010,643483.7,R,643582.15,643647.85,2.5660609853072454,319.23784567018527,98.45000000006985,43.40458866950263,same,True
PV_126_010_664103_R,PV_126,010,PV_126_block_010,664102.95,L,664185.25,664234.25,4.376219017386782,141.51048612800952,82.30000000004657,102.64417353398113,reverse,True
PV_126_010_680750_R,PV_126,010,PV_126_block_010,680749.55,L,680864.7,680880.85,0.7903484865860594,68.9383496352801,115.14999999990687,32.00917809958048,same,True
PV_126_010_717441_R,PV_126,010,PV_126_block_010,717441.05,R,717506.7,717539.55,1.792502608506997,230.17599626919767,65.64999999990687,138.920980944419,reverse,True
PV_126_010_722169_L,PV_126,010,PV_126_block_010,722169.25,L,722218.25,722300.6,10.754235507604792,139.97262068038756,49.0,168.82249010471295,reverse,True
PV_126_010_722169_L,PV_126,010,PV_126_block_010,722169.25,R,722234.9,722251.1,2.363270388064167,220.11538135194155,65.65000000002328,88.67972943315897,same,True
PV_126_010_722169_L,PV_126,010,PV_126_block_010,722169.25,R,722251.1,722316.8,5.4382059804689,62.0011269649176,81.84999999997672,113.20601617981708,reverse,True
PV_126_010_722218_L,PV_126,010,PV_126_block_010,722218.25,R,722251.1,722316.8,5.4382059804689,62.0011269649176,32.84999999997672,77.97149371546996,same,True
PV_126_010_767826_R,PV_126,010,PV_126_block_010,767826.1,L,767875.6,767891.8,0.701932460253634,312.10000458479374,49.5,158.0928058525874,reverse,True
PV_126_010_767826_R,PV_126,010,PV_126_block_010,767826.1,L,767924.65,767990.3,2.2990721390993825,16.87368036059513,98.55000000004657,137.13351837161122,reverse,True
PV_126_010_767826_R,PV_126,010,PV_126_block_010,767826.1,R,767908.45,767974.15,5.42172591815086,330.7912552985853,82.34999999997672,176.78405656637898,reverse,True
PV_126_010_780729_R,PV_126,010,PV_126_block_010,780729.2,R,780844.3,780860.45,0.5969319760662967,27.781152822840593,115.10000000009313,130.57207577603629,reverse,True
PV_126_010_789890_R,PV_126,010,PV_126_block_010,789889.9,L,789972.25,790021.25,2.4494363862519966,175.85640016378304,82.34999999997672,161.2666436490105,reverse,True
PV_126_010_789890_R,PV_126,010,PV_126_block_010,789889.9,L,790037.9,790070.75,4.889420618450463,8.159886502119527,148.0,31.036842689326022,same,True
PV_126_010_789890_R,PV_126,010,PV_126_block_010,789889.9,L,790070.75,790152.6,5.3645340692143915,212.03034810494006,180.84999999997672,125.09269570785347,reverse,True
PV_126_010_789890_R,PV_126,010,PV_126_block_010,789889.9,R,789988.4,790037.9,3.0571253783286823,161.08129500961815,98.5,176.04174880317538,reverse,True
PV_126_010_789890_R,PV_126,010,PV_126_block_010,789889.9,R,790070.75,790103.6,2.8563958185887413,7.384943500108132,180.84999999997672,30.26189968731461,same,True
PV_126_010_789890_R,PV_126,010,PV_126_block_010,789889.9,R,790119.75,790185.45,4.136887190158473,159.7330090804317,229.84999999997672,177.3900347323618,reverse,True
PV_126_010_910723_R,PV_126,010,PV_126_block_010,910723.2,L,910969.15,911002.0,3.922300045220909,196.40488528886442,245.95000000006985,163.808043322059,reverse,True
PV_126_010_910723_R,PV_126,010,PV_126_block_010,910723.2,R,910969.15,911002.0,5.9161228486044966,151.02406828897432,245.95000000006985,150.81113967805095,reverse,True
PV_126_010_910969_R,PV_126,010,PV_126_block_010,910969.15,L,911002.0,911051.5,2.9431759507644712,327.02275474908254,32.84999999997672,175.99868646010822,reverse,True
PV_126_010_910969_R,PV_126,010,PV_126_block_010,910969.15,R,911002.0,911067.65,4.283440241838362,359.42548062369553,32.84999999997672,151.59858766527879,reverse,True
PV_126_010_911544_R,PV_126,010,PV_126_block_010,911543.95,R,911675.3,911708.1,2.0525667117458335,106.16956781694854,131.35000000009313,164.84763137878923,reverse,True
PV_126_010_911544_R,PV_126,010,PV_126_block_010,911543.95,R,911773.75,911806.6,0.9718212066335168,298.42359950971627,229.80000000004657,2.8983369284430296,same,True
PV_126_010_1809225_R,PV_126,010,PV_126_block_010,1809224.95,L,1809290.6,1809323.4,,,65.6500000001397,,unknown,False
PV_126_010_1809225_R,PV_126,010,PV_126_block_010,1809224.95,L,1809372.9,1809421.95,2.3062587021429235,135.21251294597965,147.94999999995343,45.051691898141826,same,True
PV_126_010_1936210_R,PV_126,010,PV_126_block_010,1936209.5,L,1936373.65,1936406.45,5.444905623029344,192.02368096968783,164.14999999990687,127.87557443056991,reverse,True
PV_126_010_1936210_R,PV_126,010,PV_126_block_010,1936209.5,L,1936406.45,1936472.1,3.2504625224353836,5.1904121911355565,196.94999999995343,45.291156790877835,same,True
PV_126_010_1936210_R,PV_126,010,PV_126_block_010,1936209.5,R,1936373.65,1936406.45,6.818313418301915,131.77473146548175,164.14999999990687,171.875476065224,reverse,False
PV_126_010_1936210_R,PV_126,010,PV_126_block_010,1936209.5,R,1936406.45,1936455.45,4.978321363013184,307.592568625937,196.94999999995343,12.306686774320724,same,True
PV_126_010_1936374_R,PV_126,010,PV_126_block_010,1936373.65,L,1936406.45,1936472.1,3.2504625224353836,5.1904121911355565,32.800000000046566,126.5843192743462,reverse,True
PV_126_010_1936374_R,PV_126,010,PV_126_block_010,1936373.65,R,1936406.45,1936455.45,4.978321363013184,307.592568625937,32.800000000046566,175.81783716045527,reverse,True
PV_126_010_1937834_R,PV_126,010,PV_126_block_010,1937834.3,R,1937883.75,1937949.4,3.5664821677730907,322.0961934710158,49.449999999953434,163.21898478617402,reverse,True
PV_126_010_1939049_R,PV_126,010,PV_126_block_010,1939048.85,L,1939180.2,1939262.5,4.784978000745894,16.839249255034385,131.3499999998603,106.71377033154738,reverse,True
PV_126_010_1939049_R,PV_126,010,PV_126_block_010,1939048.85,R,1939196.85,1939245.85,2.4211223121275753,22.125486431626154,148.0,112.00000750813916,reverse,True
PV_126_010_1939788_R,PV_126,010,PV_126_block_010,1939787.8,R,1939820.65,1939869.65,2.413581495924682,15.262014114224295,32.8499999998603,139.69706920481383,reverse,True
PV_126_010_1942234_R,PV_126,010,PV_126_block_010,1942233.5,R,1942299.15,1942315.8,0.6713117129500367,311.57094536706165,65.64999999990687,151.20016634253022,reverse,True
PV_126_010_1946337_R,PV_126,010,PV_126_block_010,1946337.05,L,1946386.5,1946452.15,4.073444075795208,188.32283121474399,49.449999999953434,5.552818846115997,same,True
PV_126_010_1946337_R,PV_126,010,PV_126_block_010,1946337.05,L,1946501.15,1946583.45,3.2177816248406876,67.79681860979991,164.0999999998603,114.97319375882807,reverse,True
PV_126_010_1946337_R,PV_126,010,PV_126_block_010,1946337.05,R,1946501.15,1946517.8,4.493529003855214,7.890641186817427,164.0999999998603,174.87937118181057,reverse,True
PV_126_010_1946337_R,PV_126,010,PV_126_block_010,1946337.05,R,1946517.8,1946599.65,6.3992080596518015,140.68635147499631,180.75,42.083660893631674,same,True
PV_126_010_2387690_R,PV_126,010,PV_126_block_010,2387689.85,R,2387738.9,2387755.55,9.427772121504267,90.24282950108959,49.049999999813735,12.0431098362032,same,False
PV_126_010_2387690_R,PV_126,010,PV_126_block_010,2387689.85,R,2387788.35,2387837.4,3.1101447087023013,83.74848030742281,98.5,5.548760642536422,same,True
PV_126_010_2404799_L,PV_126,010,PV_126_block_010,2404799.2,R,2404881.05,2404963.35,5.087979536165181,264.32255129276007,81.84999999962747,168.80713367625742,reverse,True
PV_126_010_2545930_R,PV_126,010,PV_126_block_010,2545929.55,L,2546077.05,2546109.9,2.4416796633229016,191.83896634012808,147.5,80.25733691730937,same,True
PV_126_010_2545930_R,PV_126,010,PV_126_block_010,2545929.55,R,2546060.9,2546093.7,1.5561975326896187,61.56174758085882,131.35000000009313,50.01988184195989,same,True
PV_126_010_2545930_R,PV_126,010,PV_126_block_010,2545929.55,R,2546109.9,2546142.75,2.4349432757233145,137.91012605304456,180.35000000009313,26.328496630225857,same,True
PV_126_010_131107_L,PV_126,010,PV_126_block_010,131106.8,L,131172.45,131221.9,6.261533811069671,143.6429833405698,65.65000000002328,10.369416492934874,same,True
PV_126_010_131107_L,PV_126,010,PV_126_block_010,131106.8,L,131221.9,131238.1,3.775116295838719,28.107305714866563,115.10000000000582,125.90509411863812,reverse,True
PV_126_010_131107_L,PV_126,010,PV_126_block_010,131106.8,L,131238.1,131320.4,6.241406243565996,258.6237510390542,131.30000000001746,104.61135120554951,reverse,True
PV_126_010_131107_L,PV_126,010,PV_126_block_010,131106.8,R,131172.45,131320.4,12.583852360677037,65.28056552010548,65.65000000002328,88.73183431339919,same,False
PV_126_010_792582_L,PV_126,010,PV_126_block_010,792582.45,L,792763.3,792779.45,1.029586768260845,245.97062023770684,180.85000000009313,171.93290781595823,reverse,True
PV_126_010_792582_L,PV_126,010,PV_126_block_010,792582.45,R,792631.95,792648.15,2.154966214710667,140.68224962376283,49.5,82.77872157009779,same,True
PV_126_010_792582_L,PV_126,010,PV_126_block_010,792582.45,R,792648.15,792746.65,10.397713838789473,1.6271285614191833,65.70000000006985,56.27639949224587,same,True
PV_126_010_792582_L,PV_126,010,PV_126_block_010,792582.45,R,792763.3,792779.45,0.6977531893893029,105.11013653266508,180.85000000009313,47.20660847900001,same,True
PV_126_010_1256954_L,PV_126,010,PV_126_block_010,1256953.75,L,1256986.55,1257052.2,7.379305614657822,136.86034494479597,32.800000000046566,164.41981091595918,reverse,False
PV_126_010_301993_R,PV_126,010,PV_126_block_010,301992.9,R,302058.55,302124.2,7.183012663094093,5.7419185882375645,65.64999999996508,171.87387695613796,reverse,True
PV_126_010_680421_R,PV_126,010,PV_126_block_010,680421.2,R,680651.05,680683.85,5.236429731567398,296.406375210091,229.85000000009313,161.09169428744974,reverse,True
PV_126_010_767252_R,PV_126,010,PV_126_block_010,767251.85,R,767399.35,767416.0,0.7855365128787443,335.14746584355856,147.5,90.49716089727156,reverse,True
PV_126_010_770863_R,PV_126,010,PV_126_block_010,770863.4,L,770896.3,770929.1,1.4811947356558108,311.7968142655141,32.90000000002328,124.89415232380543,reverse,True
PV_126_010_770863_R,PV_126,010,PV_126_block_010,770863.4,R,770929.1,770945.3,0.5523083859645269,294.7540423499164,65.69999999995343,141.93692423940314,reverse,True
PV_126_010_792648_R,PV_126,010,PV_126_block_010,792648.15,L,792763.3,792779.45,1.029586768260845,245.97062023770684,115.15000000002328,115.65650832371233,reverse,True
PV_126_010_792648_R,PV_126,010,PV_126_block_010,792648.15,R,792763.3,792779.45,0.6977531893893029,105.11013653266508,115.15000000002328,103.48300797124591,reverse,True
PV_126_010_1176090_R,PV_126,010,PV_126_block_010,1176089.8,L,1176155.45,1176171.6,0.6290135085579807,14.078602998960923,65.64999999990687,32.33640809787056,same,True
PV_126_010_1176090_R,PV_126,010,PV_126_block_010,1176089.8,R,1176106.0,1176138.8,,,16.199999999953434,,unknown,False
PV_126_010_1176090_R,PV_126,010,PV_126_block_010,1176089.8,R,1176188.25,1176253.95,4.04534177606159,296.40389333618697,98.44999999995343,110.01111776064454,reverse,True
PV_126_010_1930645_R,PV_126,010,PV_126_block_010,1930644.75,R,1930694.25,1930727.05,12.7679409702336,315.8428810968032,49.5,156.07097009951826,reverse,True
PV_126_010_1936045_R,PV_126,010,PV_126_block_010,1936045.35,L,1936160.05,1936192.85,2.4640330827735686,165.7552229614952,114.69999999995343,176.26495126399007,reverse,True
PV_126_010_1936045_R,PV_126,010,PV_126_block_010,1936045.35,L,1936209.5,1936275.15,4.3384458374471775,29.548931469609826,164.14999999990687,47.52875724412456,same,True
PV_126_010_1936045_R,PV_126,010,PV_126_block_010,1936045.35,R,1936160.05,1936192.85,4.012989235108867,126.15078587381171,114.69999999995343,144.1306116483264,reverse,True
PV_126_010_1936045_R,PV_126,010,PV_126_block_010,1936045.35,R,1936209.5,1936275.15,5.990617359267436,319.89925540025774,164.14999999990687,22.120918825227534,same,False
PV_126_010_1940920_R,PV_126,010,PV_126_block_010,1940920.25,L,1940953.1,1940985.95,0.9813267127643823,329.9725500447505,32.85000000009313,155.39018071934981,reverse,True
PV_126_010_1940920_R,PV_126,010,PV_126_block_010,1940920.25,L,1941018.75,1941035.4,1.3405523713394207,222.0350732319785,98.5,96.6723424678782,reverse,True
PV_126_010_1940920_R,PV_126,010,PV_126_block_010,1940920.25,L,1941035.4,1941051.6,2.5029109658637534,38.243329011044935,115.14999999990687,87.11940175305536,same,True
PV_126_010_1940920_R,PV_126,010,PV_126_block_010,1940920.25,L,1941051.6,1941084.45,2.392471793514426,205.1408767765231,131.35000000009313,79.77814601242278,same,True
PV_126_010_1940920_R,PV_126,010,PV_126_block_010,1940920.25,R,1940953.1,1941035.4,4.316468034542465,342.44860243263616,32.85000000009313,142.9141283314641,reverse,True
PV_126_010_1946518_R,PV_126,010,PV_126_block_010,1946517.8,L,1946632.5,1946649.15,1.62393211884547,210.30370356243364,114.69999999995343,69.61735208743733,same,True
PV_126_010_1946518_R,PV_126,010,PV_126_block_010,1946517.8,L,1946649.15,1946665.3,0.7634499806414091,78.67388858405339,131.3499999998603,62.01246289094293,same,True
PV_126_010_1946518_R,PV_126,010,PV_126_block_010,1946517.8,L,1946681.95,1946698.15,2.923659368497722,26.19419632356369,164.14999999990687,114.49215515143263,reverse,True
PV_126_010_1946518_R,PV_126,010,PV_126_block_010,1946517.8,L,1946698.15,1946747.6,3.6069541341487823,198.94283647467608,180.3499999998603,58.25648499967977,same,True
PV_126_010_1946518_R,PV_126,010,PV_126_block_010,1946517.8,R,1946599.65,1946632.5,,,81.8499999998603,,unknown,False
PV_126_010_1946813_R,PV_126,010,PV_126_block_010,1946813.25,R,1946829.45,1946846.1,3.6825578960710237,92.15196443673892,16.199999999953434,162.6869464349764,reverse,True
PV_126_010_1946813_R,PV_126,010,PV_126_block_010,1946813.25,R,1946878.9,1946927.9,,,65.64999999990687,,unknown,False
PV_126_010_1946813_R,PV_126,010,PV_126_block_010,1946813.25,R,1946993.55,1947026.4,10.961351004872478,107.58910149123173,180.30000000004657,178.12408348946917,reverse,False
PV_126_010_1946813_R,PV_126,010,PV_126_block_010,1946813.25,R,1947026.4,1947043.05,1.0300672766856351,246.93160793304548,213.14999999990687,42.533410068717046,same,True
PV_126_010_1946813_R,PV_126,010,PV_126_block_010,1946813.25,R,1947043.05,1947075.85,16.832178060905424,103.14082054509241,229.80000000004657,173.6758025433299,reverse,False
PV_126_010_1946994_R,PV_126,010,PV_126_block_010,1946993.55,R,1947026.4,1947043.05,1.0300672766856351,246.93160793304548,32.8499999998603,139.34250644181373,reverse,True
PV_126_010_1946994_R,PV_126,010,PV_126_block_010,1946993.55,R,1947043.05,1947075.85,16.832178060905424,103.14082054509241,49.5,4.4482809461393344,same,False
PV_126_010_1946994_R,PV_126,010,PV_126_block_010,1946993.55,R,1947075.85,1947141.5,35.210656194933264,280.6495548508566,82.30000000004657,173.06045335962483,reverse,False
PV_126_010_1946994_R,PV_126,010,PV_126_block_010,1946993.55,R,1947141.5,1947207.15,,,147.94999999995343,,unknown,False
PV_126_010_1947043_R,PV_126,010,PV_126_block_010,1947043.05,R,1947075.85,1947141.5,35.210656194933264,280.6495548508566,32.800000000046566,177.50873430576416,reverse,False
PV_126_010_1947043_R,PV_126,010,PV_126_block_010,1947043.05,R,1947141.5,1947207.15,,,98.44999999995343,,unknown,False
PV_126_010_1947076_R,PV_126,010,PV_126_block_010,1947075.85,L,1947321.8,1947338.45,5.317506978454812,357.13756916383244,245.94999999995343,76.48801431297585,same,True
PV_126_010_1947076_R,PV_126,010,PV_126_block_010,1947075.85,R,1947141.5,1947207.15,,,65.64999999990687,,unknown,False
PV_126_010_2387739_R,PV_126,010,PV_126_block_010,2387738.9,R,2387788.35,2387837.4,3.1101447087023013,83.74848030742281,49.450000000186265,6.494349193666778,same,True
PV_126_011_140432_R,PV_126,011,PV_126_block_011,140431.8,R,140546.85,140563.05,0.5429379223861452,259.17453600322386,115.05000000001746,21.1191731166883,same,True
PV_126_011_248295_R,PV_126,011,PV_126_block_011,248294.55,L,248376.8,248409.6,1.6441046783507367,161.67622296131222,82.25,64.4897804054545,same,True
PV_126_011_248295_R,PV_126,011,PV_126_block_011,248294.55,R,248425.7,248442.35,0.5507929317135452,93.32745659115963,131.15000000002328,3.8589859646980926,same,True
PV_126_011_347965_R,PV_126,011,PV_126_block_011,347964.9,L,347997.75,348063.35,8.338980068527446,150.67230931783078,32.84999999997672,49.944450498924226,same,True
PV_126_011_364580_L,PV_126,011,PV_126_block_011,364580.05,L,364645.65,364695.1,5.323592319165124,141.5123586548278,65.60000000003492,176.10163801522125,reverse,True
PV_126_011_364580_L,PV_126,011,PV_126_block_011,364580.05,R,364695.1,364727.95,0.8700921911662322,83.71898481555048,115.04999999998836,126.10498814550141,reverse,True
PV_126_011_380508_R,PV_126,011,PV_126_block_011,380507.85,L,380589.6,380606.25,5.584523022845643,138.02478669298844,81.75,94.65804531476024,reverse,True
PV_126_011_380508_R,PV_126,011,PV_126_block_011,380507.85,R,380589.6,380639.05,6.04336792082925,58.70066516690417,81.75,173.9821668408445,reverse,True
PV_126_011_398568_L,PV_126,011,PV_126_block_011,398567.9,R,398650.15,398699.1,2.3903144843447124,333.0299797229573,82.25,42.891793025534525,same,True
PV_126_011_409394_L,PV_126,011,PV_126_block_011,409394.35,R,409411.0,409427.15,1.6316637613312075,45.91609658063859,16.650000000023283,85.46636776744998,same,True
PV_126_011_462393_R,PV_126,011,PV_126_block_011,462392.9,L,462474.65,462491.3,2.006468742480998,139.67746931853776,81.75,43.878226628842555,same,True
PV_126_011_462393_R,PV_126,011,PV_126_block_011,462392.9,R,462491.3,462605.9,15.20447937215521,64.25047782293815,98.39999999996508,119.30521812444216,reverse,False
PV_126_011_479549_R,PV_126,011,PV_126_block_011,479549.4,L,479631.15,479680.6,4.746155605132002,144.8412253743223,81.75,90.18167032720655,reverse,True
PV_126_011_479549_R,PV_126,011,PV_126_block_011,479549.4,R,479615.0,479631.15,5.064818709405871,40.32081892971659,65.59999999997672,165.29792322818776,reverse,True
PV_126_011_479549_R,PV_126,011,PV_126_block_011,479549.4,R,479631.15,479746.25,10.198509965190727,296.0035121277523,81.75,60.980616426223435,same,True
PV_126_011_486423_L,PV_126,011,PV_126_block_011,486422.6,R,486488.25,486521.05,1.5263127976686963,341.52838819590505,65.65000000002328,49.3057374190513,same,True
PV_126_011_486948_R,PV_126,011,PV_126_block_011,486947.5,L,487128.2,487144.35,2.281848796536283,224.696807024951,180.70000000001164,135.566683613002,reverse,True
PV_126_011_486948_R,PV_126,011,PV_126_block_011,486947.5,R,487111.55,487209.95,8.772221543067891,149.6349789017513,164.04999999998836,149.3714882637983,reverse,False
PV_126_011_489031_L,PV_126,011,PV_126_block_011,489030.85,L,489079.8,489162.05,5.971948655958399,98.02280966577327,48.95000000001164,157.51226862564124,reverse,True
PV_126_011_489031_L,PV_126,011,PV_126_block_011,489030.85,R,489079.8,489194.9,14.302640750915621,10.27740863140098,48.95000000001164,69.76686759126898,same,False
PV_126_011_494493_L,PV_126,011,PV_126_block_011,494492.85,L,494558.45,494591.3,2.5415041025369733,120.65323494274891,65.60000000003492,142.8490487669169,reverse,True
PV_126_011_494493_L,PV_126,011,PV_126_block_011,494492.85,L,494624.1,494656.9,1.7791497122824194,110.86688358950715,131.25,133.06269741367515,reverse,True
PV_126_011_494493_L,PV_126,011,PV_126_block_011,494492.85,R,494624.1,494673.55,4.762621062887031,19.209269721703468,131.25,41.40508354587149,same,True
PV_126_011_503220_R,PV_126,011,PV_126_block_011,503220.1,R,503252.9,503335.15,18.407820824071432,2.5762269244574396,32.800000000046566,161.86052228663942,reverse,False
PV_126_011_508403_R,PV_126,011,PV_126_block_011,508403.35,R,508469.0,508534.65,13.067292902182789,54.80070190030701,65.65000000002328,154.90336107971476,reverse,True
PV_126_011_538650_R,PV_126,011,PV_126_block_011,538649.9,L,538732.15,538764.95,0.8708762095307848,3.0222169144630397,82.25,122.98129355987501,reverse,True
PV_126_011_538650_R,PV_126,011,PV_126_block_011,538649.9,R,538715.5,538797.75,5.5903867773517115,339.62347907237904,65.59999999997672,146.380031401959,reverse,True
PV_126_011_545423_R,PV_126,011,PV_126_block_011,545423.45,L,545489.05,545505.2,1.1435099357133671,119.45372346789941,65.60000000009313,56.48672726081071,same,True
PV_126_011_545423_R,PV_126,011,PV_126_block_011,545423.45,L,545538.0,545554.65,0.6319575493855424,118.61111367644116,114.55000000004657,55.644117469352466,same,True
PV_126_011_551771_R,PV_126,011,PV_126_block_011,551770.65,R,551820.1,551836.25,5.120398001489942,93.93489076070871,49.449999999953434,12.209307025609291,same,True
PV_126_011_551771_R,PV_126,011,PV_126_block_011,551770.65,R,551869.05,551901.85,2.281099341158721,81.54074856172885,98.40000000002328,24.603449224589156,same,True
PV_126_011_556282_R,PV_126,011,PV_126_block_011,556281.55,L,556396.15,556445.6,3.5980154322895204,167.84222118530096,114.59999999997672,54.78245644399587,same,True
PV_126_011_556282_R,PV_126,011,PV_126_block_011,556281.55,R,556363.35,556428.95,11.621534452219258,244.69614481532042,81.79999999993015,22.071467186023597,same,True
PV_126_011_570914_R,PV_126,011,PV_126_block_011,570913.6,L,571044.8,571077.6,1.8503861580202918,205.23292439925743,131.20000000006985,82.13299807578127,same,True
PV_126_011_570914_R,PV_126,011,PV_126_block_011,570913.6,L,571126.55,571143.2,3.2339483653282164,221.4381678033646,212.95000000006985,65.92775467167411,same,True
PV_126_011_570914_R,PV_126,011,PV_126_block_011,570913.6,L,571143.2,571159.35,3.350298830116386,49.46501381622464,229.59999999997672,122.09909134118595,reverse,True
PV_126_011_570914_R,PV_126,011,PV_126_block_011,570913.6,L,571159.35,571176.0,0.7063000031340902,217.6196680158683,245.75,69.74625445917039,same,True
PV_126_011_570914_R,PV_126,011,PV_126_block_011,570913.6,R,571077.6,571126.55,2.053509550194048,169.93664137575604,164.0,117.42928109928266,reverse,True
PV_126_011_570914_R,PV_126,011,PV_126_block_011,570913.6,R,571143.2,571159.35,2.7588267232319734,4.748988764566457,229.59999999997672,77.38306628952773,same,True
PV_126_011_575063_R,PV_126,011,PV_126_block_011,575062.65,L,575128.3,575210.5,7.074710117250045,99.89776357300133,65.65000000002328,107.93574350532927,reverse,False
PV_126_011_575063_R,PV_126,011,PV_126_block_011,575062.65,L,575308.95,575325.05,0.6141630867588621,231.34091288499633,246.29999999993015,23.50740580666573,same,True
PV_126_011_575063_R,PV_126,011,PV_126_block_011,575062.65,R,575112.15,575193.85,10.804163935270866,321.6444129649751,49.5,113.81090588664449,reverse,False
PV_126_011_575063_R,PV_126,011,PV_126_block_011,575062.65,R,575243.35,575276.15,1.6757041545147013,49.84599846276644,180.69999999995343,157.98750861556417,reverse,True
PV_126_011_575112_R,PV_126,011,PV_126_block_011,575112.15,L,575308.95,575325.05,0.6141630867588621,231.34091288499633,196.79999999993015,90.30350007997879,reverse,True
PV_126_011_575112_R,PV_126,011,PV_126_block_011,575112.15,R,575243.35,575276.15,1.6757041545147013,49.84599846276644,131.19999999995343,88.20158549779131,same,True
PV_126_011_586085_R,PV_126,011,PV_126_block_011,586084.95,L,586134.4,586183.4,2.679151385451082,97.34050565085556,49.45000000006985,4.711910397427488,same,True
PV_126_011_592893_R,PV_126,011,PV_126_block_011,592892.85,L,592925.7,593007.45,9.519886102076443,137.38410734823623,32.84999999997672,110.91308166634997,reverse,True
PV_126_011_592893_R,PV_126,011,PV_126_block_011,592892.85,L,593138.7,593155.35,0.747937180944655,209.15180956680427,245.84999999997672,39.14537944778192,same,True
PV_126_011_597880_L,PV_126,011,PV_126_block_011,597879.6,L,597978.05,598027.0,3.2466992764608538,122.13222854785246,98.45000000006985,25.324196190503415,same,True
PV_126_011_597880_L,PV_126,011,PV_126_block_011,597879.6,R,597945.25,598010.85,18.06956175149222,89.02749802192935,65.65000000002328,7.780534335419702,same,True
PV_126_011_597880_L,PV_126,011,PV_126_block_011,597879.6,R,598043.65,598076.5,1.3082694614578867,321.0056307748581,164.05000000004657,135.80240158249092,reverse,True
PV_126_011_607394_R,PV_126,011,PV_126_block_011,607393.65,L,607442.6,607459.25,0.5817763168966188,180.13824154252626,48.949999999953434,8.913244212624704,same,True
PV_126_011_607394_R,PV_126,011,PV_126_block_011,607393.65,L,607492.1,607541.05,2.5599582200220037,349.6903454606171,98.44999999995343,178.46534813071554,reverse,True
PV_126_011_607394_R,PV_126,011,PV_126_block_011,607393.65,R,607524.9,607557.7,2.1234718537318287,356.03284503588554,131.25,175.192152294016,reverse,True
PV_126_011_612577_L,PV_126,011,PV_126_block_011,612577.35,L,612659.1,612708.55,3.576923817945308,136.95566190289045,81.75,160.9234881920205,reverse,True
PV_126_011_612577_L,PV_126,011,PV_126_block_011,612577.35,R,612642.95,612659.1,0.6110112123817929,248.4719479557836,65.59999999997672,87.56022575508638,same,True
PV_126_011_612577_L,PV_126,011,PV_126_block_011,612577.35,R,612691.9,612724.75,2.3066986828151212,13.835174021525043,114.55000000004657,37.80300031065508,same,True
PV_126_011_624453_L,PV_126,011,PV_126_block_011,624452.85,L,624633.05,624665.85,1.3283224201622652,212.19342249465222,180.20000000006985,169.32733515819245,reverse,True
PV_126_011_624453_L,PV_126,011,PV_126_block_011,624452.85,R,624501.8,624518.45,0.7570718080980574,358.29644582731515,48.95000000006985,44.56964150914462,same,True
PV_126_011_624453_L,PV_126,011,PV_126_block_011,624452.85,R,624534.6,624633.05,15.033708292584517,26.79534430332669,81.75,16.070743033133112,same,True
PV_126_011_624453_L,PV_126,011,PV_126_block_011,624452.85,R,624665.85,624682.5,0.791937803995561,160.3249106022615,213.0,117.4588232658017,reverse,True
PV_126_011_628553_L,PV_126,011,PV_126_block_011,628553.25,L,628618.85,628667.85,2.2550864672074296,285.4526150062166,65.59999999997672,44.766108434754216,same,True
PV_126_011_630833_L,PV_126,011,PV_126_block_011,630833.05,L,630865.85,630964.3,9.692521645402062,149.66733264443099,32.79999999993015,172.02181745083294,reverse,False
PV_126_011_630833_L,PV_126,011,PV_126_block_011,630833.05,R,630865.85,630882.5,0.8443459920063418,85.80120433548537,32.79999999993015,124.11205424022143,reverse,True
PV_126_011_630833_L,PV_126,011,PV_126_block_011,630833.05,R,630882.5,630898.65,2.4943558965899983,191.8354432343047,49.449999999953434,129.85370686095922,reverse,True
PV_126_011_630833_L,PV_126,011,PV_126_block_011,630833.05,R,630898.65,630948.15,5.237268785741506,73.83294862270516,65.59999999997672,112.14379852744122,reverse,True
PV_126_011_630833_L,PV_126,011,PV_126_block_011,630833.05,R,630964.3,630980.95,0.7090141321646476,313.7491459973603,131.25,7.940004097903625,same,True
PV_126_011_630866_L,PV_126,011,PV_126_block_011,630865.85,R,630882.5,630898.65,2.4943558965899983,191.8354432343047,16.650000000023283,42.16811058987372,same,True
PV_126_011_630866_L,PV_126,011,PV_126_block_011,630865.85,R,630898.65,630948.15,5.237268785741506,73.83294862270516,32.800000000046566,75.83438402172582,same,True
PV_126_011_630866_L,PV_126,011,PV_126_block_011,630865.85,R,630964.3,630980.95,0.7090141321646476,313.7491459973603,98.45000000006985,164.08181335292932,reverse,True
PV_126_011_634721_R,PV_126,011,PV_126_block_011,634720.85,L,634737.0,634819.25,6.423194696740797,329.5932948060103,16.150000000023283,51.17886755395125,same,True
PV_126_011_634721_R,PV_126,011,PV_126_block_011,634720.85,L,634901.0,634917.65,3.665315719920613,153.848810382698,180.15000000002328,133.07664802273644,reverse,True
PV_126_011_634721_R,PV_126,011,PV_126_block_011,634720.85,L,634917.65,634999.4,5.4263694613488225,338.42315120129916,196.80000000004657,42.34901115866239,same,True
PV_126_011_634721_R,PV_126,011,PV_126_block_011,634720.85,R,634852.05,634868.2,0.8465127441469861,20.764522543385347,131.20000000006985,0.007639816576215708,same,True
PV_126_011_634721_R,PV_126,011,PV_126_block_011,634720.85,R,634868.2,634884.85,3.1496392654032292,187.37024886633407,147.34999999997672,166.5980865063725,reverse,True
PV_126_011_634721_R,PV_126,011,PV_126_block_011,634720.85,R,634917.65,634933.75,0.5246152706872037,242.58184567624835,196.80000000004657,138.1903166837132,reverse,True
PV_126_011_634721_R,PV_126,011,PV_126_block_011,634720.85,R,634950.4,634999.4,3.224989838025101,20.640817340588423,229.55000000004657,0.13134501937312848,same,True
PV_126_011_638673_R,PV_126,011,PV_126_block_011,638673.4,L,638706.2,638755.65,6.1567767724392874,325.6770077833561,32.79999999993015,164.3863843827861,reverse,True
PV_126_011_638673_R,PV_126,011,PV_126_block_011,638673.4,L,638755.65,638870.15,8.080023134855178,125.96127677166594,82.25,35.329346628904034,same,True
PV_126_011_638673_R,PV_126,011,PV_126_block_011,638673.4,R,638722.85,638837.35,19.362946850652026,331.4587112709051,49.449999999953434,170.16808787033517,reverse,False
PV_126_011_702844_L,PV_126,011,PV_126_block_011,702843.8,L,702893.25,702975.05,7.594267868911141,228.2384833061073,49.449999999953434,70.06995110008222,same,True
PV_126_011_702844_L,PV_126,011,PV_126_block_011,702843.8,R,702909.4,702926.05,0.6856328093792285,356.6006834358784,65.59999999997672,58.29224902968889,same,True
PV_126_011_702844_L,PV_126,011,PV_126_block_011,702843.8,R,702942.25,702991.7,4.984689151532087,42.6689330934255,98.44999999995343,104.36049868723597,reverse,True
PV_126_011_702893_L,PV_126,011,PV_126_block_011,702893.25,R,702942.25,702991.7,4.984689151532087,42.6689330934255,49.0,174.4304497873182,reverse,True
PV_126_011_709470_R,PV_126,011,PV_126_block_011,709470.3,L,709585.4,709618.2,0.857806981042788,15.663436238966467,115.09999999997672,145.22119254191531,reverse,True
PV_126_011_709470_R,PV_126,011,PV_126_block_011,709470.3,R,709552.55,709585.4,1.8367896610128331,316.9299215125874,82.25,156.04529273170562,reverse,True
PV_126_011_715393_R,PV_126,011,PV_126_block_011,715392.6,L,715441.55,715458.2,2.3998736113774486,41.84989746043445,48.95000000006985,57.81431498070981,same,True
PV_126_011_715393_R,PV_126,011,PV_126_block_011,715392.6,L,715458.2,715491.05,1.5103848440853922,167.97045031989367,65.59999999997672,176.065132159831,reverse,True
PV_126_011_722545_L,PV_126,011,PV_126_block_011,722544.7,L,722626.45,722643.1,0.7292849705855458,169.47124910199332,81.75,116.85439443004776,reverse,True
PV_126_011_722545_L,PV_126,011,PV_126_block_011,722544.7,L,722659.25,722692.05,1.2203515877962794,216.5255802808182,114.55000000004657,163.9087256088726,reverse,True
PV_126_011_725465_L,PV_126,011,PV_126_block_011,725464.55,L,725546.35,725579.15,1.7125942768078488,232.3112460362928,81.79999999993015,174.96803168976635,reverse,True
PV_126_011_725465_L,PV_126,011,PV_126_block_011,725464.55,R,725513.55,725579.15,3.539867884858977,148.1163459372429,49.0,100.83706821118369,reverse,True
PV_126_011_729909_L,PV_126,011,PV_126_block_011,729909.4,R,730057.25,730090.1,1.7565056844819782,145.92799360820513,147.84999999997672,126.45483699949071,reverse,True
PV_126_011_744985_R,PV_126,011,PV_126_block_011,744985.25,L,745050.9,745149.35,8.169634383557469,134.93410285294485,65.65000000002328,123.71996774816694,reverse,True
PV_126_011_744985_R,PV_126,011,PV_126_block_011,744985.25,R,745067.05,745083.7,0.7288321107228037,198.04048809282617,81.80000000004657,173.17364701195174,reverse,True
PV_126_011_766308_R,PV_126,011,PV_126_block_011,766308.4,L,766324.55,766374.0,9.02446105451135,331.0663170458454,16.150000000023283,143.8856220106564,reverse,True
PV_126_011_766308_R,PV_126,011,PV_126_block_011,766308.4,L,766374.0,766472.4,12.007515895882849,104.03938618858757,65.59999999997672,83.14130884660142,same,False
PV_126_011_766308_R,PV_126,011,PV_126_block_011,766308.4,L,766505.2,766521.35,0.5993906016763159,181.5455338370004,196.79999999993015,5.635161198188598,same,True
PV_126_011_766308_R,PV_126,011,PV_126_block_011,766308.4,R,766374.0,766390.15,1.0290305917045615,282.10729447563955,65.59999999997672,94.92659944045056,reverse,True
PV_126_011_766308_R,PV_126,011,PV_126_block_011,766308.4,R,766390.15,766472.4,14.697769219628237,9.636439159759036,81.75,177.54425587542994,reverse,False
PV_126_011_766308_R,PV_126,011,PV_126_block_011,766308.4,R,766538.0,766570.8,1.5367344220492574,184.23000072058025,229.59999999997672,2.9506943146087394,same,True
PV_126_011_766374_L,PV_126,011,PV_126_block_011,766374.0,L,766505.2,766521.35,0.5993906016763159,181.5455338370004,131.19999999995343,77.50614764841282,same,True
PV_126_011_766374_L,PV_126,011,PV_126_block_011,766374.0,R,766390.15,766472.4,14.697769219628237,9.636439159759036,16.150000000023283,94.40294702882854,reverse,False
PV_126_011_766374_L,PV_126,011,PV_126_block_011,766374.0,R,766538.0,766570.8,1.5367344220492574,184.23000072058025,164.0,80.19061453199265,same,True
PV_126_011_771885_L,PV_126,011,PV_126_block_011,771885.15,R,771950.75,772049.2,13.512678622606046,72.10257036591955,65.59999999997672,111.24505840607785,reverse,False
PV_126_011_771885_L,PV_126,011,PV_126_block_011,771885.15,R,772065.35,772098.15,1.4547381817171188,290.55979219164806,180.19999999995343,107.21216341965066,reverse,True
PV_126_011_773870_R,PV_126,011,PV_126_block_011,773869.65,L,774115.9,774148.7,2.6494593799407724,351.9380570483183,246.25,126.26017180340853,reverse,True
PV_126_011_773870_R,PV_126,011,PV_126_block_011,773869.65,R,774115.9,774214.3,7.4590022666292715,3.396076401112094,246.25,137.7181911562023,reverse,True
PV_126_011_783137_L,PV_126,011,PV_126_block_011,783137.15,L,783235.6,783284.55,3.0642688764301838,71.52705732411054,98.44999999995343,178.89570885860348,reverse,True
PV_126_011_783137_L,PV_126,011,PV_126_block_011,783137.15,L,783350.15,783366.8,0.7934065890226145,50.08758580863319,213.0,159.66481962591916,reverse,True
PV_126_011_783137_L,PV_126,011,PV_126_block_011,783137.15,R,783268.4,783284.55,0.7429256600076116,46.68449770935697,131.25,156.26173152664296,reverse,True
PV_126_011_818105_L,PV_126,011,PV_126_block_011,818104.6,L,818137.45,818186.4,8.863206609991128,122.0366245458602,32.84999999997672,165.4716950517539,reverse,True
PV_126_011_818105_L,PV_126,011,PV_126_block_011,818104.6,R,818137.45,818235.85,13.33988118704516,290.9949720071163,32.84999999997672,25.569957486990006,same,False
PV_126_011_818105_L,PV_126,011,PV_126_block_011,818104.6,R,818252.0,818284.8,1.7667651640810844,50.42425487117214,147.40000000002328,93.85932537706583,reverse,True
PV_126_011_818137_R,PV_126,011,PV_126_block_011,818137.45,R,818252.0,818284.8,1.7667651640810844,50.42425487117214,114.55000000004657,119.42928286405584,reverse,True
PV_126_011_822665_R,PV_126,011,PV_126_block_011,822665.2,L,822779.8,822812.6,1.6714854245119777,28.485962167353378,114.60000000009313,67.20423063010661,same,True
PV_126_011_822665_R,PV_126,011,PV_126_block_011,822665.2,L,822829.25,822862.1,1.0948396942246115,25.239856908931344,164.05000000004657,70.45033588852864,same,True
PV_126_011_828456_R,PV_126,011,PV_126_block_011,828455.5,R,828553.95,828570.6,6.090685653088135,114.04687744562455,98.44999999995343,140.6860237040688,reverse,True
PV_126_011_828456_R,PV_126,011,PV_126_block_011,828455.5,R,828570.6,828619.5,9.79005018229152,318.80146194778877,115.09999999997672,64.06856079809543,same,True
PV_126_011_830162_L,PV_126,011,PV_126_block_011,830161.55,L,830227.15,830243.8,0.5183892581688567,96.88093840074784,65.59999999997672,73.82366533545309,same,True
PV_126_011_830162_L,PV_126,011,PV_126_block_011,830161.55,L,830260.0,830292.8,1.440021359962803,208.8978890733912,98.44999999995343,174.15938399190355,reverse,True
PV_126_011_830162_L,PV_126,011,PV_126_block_011,830161.55,R,830243.8,830276.65,1.8873366448946285,149.72848561846308,82.25,126.67121255316829,reverse,True
PV_126_011_838921_L,PV_126,011,PV_126_block_011,838920.65,L,839019.1,839051.9,1.7282261777980457,231.24236519473305,98.44999999995343,178.16772301193623,reverse,True
PV_126_011_838921_L,PV_126,011,PV_126_block_011,838920.65,R,838953.45,839002.9,13.789977666647857,19.531026561948494,32.79999999993015,29.87906164472082,same,False
PV_126_011_838921_L,PV_126,011,PV_126_block_011,838920.65,R,839002.9,839019.1,0.7892329686572637,126.65648751935088,82.25,77.24639931268155,same,True
PV_126_011_838921_L,PV_126,011,PV_126_block_011,838920.65,R,839035.75,839051.9,0.658790274064318,69.50618658236688,115.09999999997672,20.09609837569758,same,True
PV_126_011_840446_L,PV_126,011,PV_126_block_011,840446.2,L,840528.0,840544.65,2.003749854679251,297.3633417385808,81.80000000004657,8.18072986070058,same,True
PV_126_011_840446_L,PV_126,011,PV_126_block_011,840446.2,L,840659.2,840708.7,3.347537152121842,188.01402073092535,213.0,101.16859114695487,reverse,True
PV_126_011_840446_L,PV_126,011,PV_126_block_011,840446.2,R,840495.15,840593.6,7.901422488561382,292.95114521082263,48.95000000006985,3.768533332942411,same,True
PV_126_011_840446_L,PV_126,011,PV_126_block_011,840446.2,R,840626.4,840692.05,4.232798381148036,173.13751959050717,180.20000000006985,116.04509228737305,reverse,True
PV_126_011_840495_R,PV_126,011,PV_126_block_011,840495.15,L,840659.2,840708.7,3.347537152121842,188.01402073092535,164.04999999993015,104.93712447989728,reverse,True
PV_126_011_840495_R,PV_126,011,PV_126_block_011,840495.15,R,840626.4,840692.05,4.232798381148036,173.13751959050717,131.25,119.81362562031546,reverse,True
PV_126_011_847303_R,PV_126,011,PV_126_block_011,847302.65,L,847433.9,847466.75,2.174705702396518,34.8851043452837,131.25,164.16345316266256,reverse,True
PV_126_011_847303_R,PV_126,011,PV_126_block_011,847302.65,R,847401.1,847532.4,11.424788787215553,24.40009507797164,98.44999999995343,153.67844389535048,reverse,True
PV_126_011_847303_R,PV_126,011,PV_126_block_011,847302.65,R,847532.4,847581.35,5.6214431495501636,226.72897439992923,229.75,3.9926767826918876,same,True
PV_126_011_847401_R,PV_126,011,PV_126_block_011,847401.1,L,847614.15,847646.95,1.537190964652819,339.4534693600927,213.05000000004657,44.94662571787893,same,True
PV_126_011_847401_R,PV_126,011,PV_126_block_011,847401.1,R,847532.4,847581.35,5.6214431495501636,226.72897439992923,131.30000000004657,157.67112067804237,reverse,True
PV_126_011_847401_R,PV_126,011,PV_126_block_011,847401.1,R,847581.35,847598.0,0.7287885318845565,322.86826364511916,180.25,61.53183143285247,same,True
PV_126_011_847401_R,PV_126,011,PV_126_block_011,847401.1,R,847614.15,847712.6,8.52615154878341,34.102877935428566,213.05000000004657,9.702782857456924,same,True
PV_126_011_847614_R,PV_126,011,PV_126_block_011,847614.15,L,847860.5,847893.3,2.0324398560659525,176.52139217145674,246.34999999997672,142.41851423602816,reverse,True
PV_126_011_847614_R,PV_126,011,PV_126_block_011,847614.15,R,847860.5,847876.65,1.9127438823865224,230.59827122471825,246.34999999997672,163.50460671071033,reverse,True
PV_126_011_854521_R,PV_126,011,PV_126_block_011,854520.75,L,854536.95,854553.6,2.3275288329179995,209.44914348148438,16.199999999953434,166.03641770442937,reverse,True
PV_126_011_854521_R,PV_126,011,PV_126_block_011,854520.75,L,854619.2,854635.35,0.5067304384742193,217.44932894145907,98.44999999995343,158.0362322444547,reverse,True
PV_126_011_858278_L,PV_126,011,PV_126_block_011,858277.5,L,858408.75,858458.2,2.4257442503725843,355.16555740984774,131.25,165.20440931761925,reverse,True
PV_126_011_858278_L,PV_126,011,PV_126_block_011,858277.5,R,858343.15,858359.8,1.0723882602765547,188.32952177076592,65.65000000002328,1.6316263214625621,same,True
PV_126_011_858278_L,PV_126,011,PV_126_block_011,858277.5,R,858359.8,858375.95,0.7261654356409026,323.8334557003508,82.30000000004657,133.8723076081223,reverse,True
PV_126_011_858278_L,PV_126,011,PV_126_block_011,858277.5,R,858441.55,858458.2,0.7351434608893002,5.167249343052239,164.05000000004657,175.20610125082374,reverse,True
PV_126_011_861706_R,PV_126,011,PV_126_block_011,861706.3,L,861870.35,861919.3,3.242430444564534,156.30441063516628,164.04999999993015,170.89622958406125,reverse,True
PV_126_011_861706_R,PV_126,011,PV_126_block_011,861706.3,L,861935.95,862017.7,5.334811340634869,179.01935248923962,229.64999999990687,148.1812877299879,reverse,True
PV_126_011_861706_R,PV_126,011,PV_126_block_011,861706.3,R,861837.55,861886.5,3.0323991873257348,172.81391624826563,131.25,154.3867239709619,reverse,True
PV_126_011_861706_R,PV_126,011,PV_126_block_011,861706.3,R,861935.95,861952.1,3.515490981418765,190.73831830634174,229.64999999990687,136.46232191288578,reverse,True
PV_126_011_871778_L,PV_126,011,PV_126_block_011,871778.25,L,871876.65,871909.45,1.53635759122062,210.24469593212598,98.40000000002328,164.3906090519044,reverse,True
PV_126_011_871778_L,PV_126,011,PV_126_block_011,871778.25,R,871876.65,871925.6,2.2916740690951474,157.85543641784477,98.40000000002328,112.00134953762318,reverse,True
PV_126_011_876634_L,PV_126,011,PV_126_block_011,876633.6,L,876682.55,876780.95,12.26442034193237,164.55152081193452,48.95000000006985,151.95146951830006,reverse,True
PV_126_011_876634_L,PV_126,011,PV_126_block_011,876633.6,R,876830.4,876879.4,2.412388979049254,337.54504018845284,196.80000000004657,21.042049858218263,same,True
PV_126_011_880768_R,PV_126,011,PV_126_block_011,880767.5,L,880800.3,880865.9,5.733180336643823,125.34192057906618,32.800000000046566,55.54959876097968,same,True
PV_126_011_885000_R,PV_126,011,PV_126_block_011,884999.65,R,885065.3,885130.9,4.661219273138554,343.38877743328123,65.65000000002328,166.70757716677213,reverse,True
PV_126_011_895171_L,PV_126,011,PV_126_block_011,895171.3,L,895236.9,895368.15,13.025124952539294,174.17670836561248,65.59999999997672,162.3020974905243,reverse,False
PV_126_011_895171_L,PV_126,011,PV_126_block_011,895171.3,R,895220.25,895236.9,1.6065974569105939,89.95324316048614,48.949999999953434,113.47443730434935,reverse,True
PV_126_011_895171_L,PV_126,011,PV_126_block_011,895171.3,R,895236.9,895253.05,1.745458164425755,289.31171391008064,65.59999999997672,47.16709194605613,same,True
PV_126_011_895171_L,PV_126,011,PV_126_block_011,895171.3,R,895285.85,895384.3,6.21226065223631,95.35335239308195,114.54999999993015,118.87454653694516,reverse,True
PV_126_011_895171_L,PV_126,011,PV_126_block_011,895171.3,R,895400.95,895417.1,0.7224850215521638,94.0979034485645,229.64999999990687,117.61909759242769,reverse,True
PV_126_011_895237_L,PV_126,011,PV_126_block_011,895236.9,R,895285.85,895384.3,6.21226065223631,95.35335239308195,48.949999999953434,78.82335597253054,same,True
PV_126_011_895237_L,PV_126,011,PV_126_block_011,895236.9,R,895400.95,895417.1,0.7224850215521638,94.0979034485645,164.04999999993015,80.07880491704799,same,True
PV_126_011_895237_L,PV_126,011,PV_126_block_011,895236.9,R,895482.7,895548.35,3.306496744153337,335.2317536052233,245.79999999993015,161.05504523961076,reverse,True
PV_126_011_900421_L,PV_126,011,PV_126_block_011,900421.1,L,900470.1,900486.75,2.3743757561509824,216.8451411767459,49.0,130.72955741797333,reverse,True
PV_126_011_900421_L,PV_126,011,PV_126_block_011,900421.1,L,900486.75,900535.7,2.9349413675190634,129.35904256015363,65.65000000002328,141.7843439654344,reverse,True
PV_126_011_900421_L,PV_126,011,PV_126_block_011,900421.1,L,900650.8,900683.6,1.4976892491347755,49.940360523818,229.70000000006985,62.36566192909879,same,True
PV_126_011_902816_R,PV_126,011,PV_126_block_011,902816.35,L,902898.2,902914.85,1.8429509212936601,121.33445035939413,81.84999999997672,85.07872997520838,same,True
PV_126_011_902816_R,PV_126,011,PV_126_block_011,902816.35,L,902914.85,902963.8,3.156130974260561,213.37433683313012,98.5,177.1186164489444,reverse,True
PV_126_011_909428_R,PV_126,011,PV_126_block_011,909427.95,L,909460.8,909510.25,,,32.85000000009313,,unknown,False
PV_126_011_909428_R,PV_126,011,PV_126_block_011,909427.95,L,909543.05,909575.85,1.5441612548691457,156.84724174228185,115.10000000009313,16.881109934934585,same,True
PV_126_011_909428_R,PV_126,011,PV_126_block_011,909427.95,L,909657.65,909690.45,1.628593678591447,272.2106125143319,229.70000000006985,98.48226083711546,reverse,True
PV_126_011_909428_R,PV_126,011,PV_126_block_011,909427.95,R,909559.2,909690.45,12.146832197380439,18.798657747775145,131.25,154.9296939294413,reverse,False
PV_126_011_909543_R,PV_126,011,PV_126_block_011,909543.05,L,909657.65,909690.45,1.628593678591447,272.2106125143319,114.59999999997672,106.58804523344327,reverse,True
PV_126_011_909543_R,PV_126,011,PV_126_block_011,909543.05,L,909788.9,909805.55,0.6716206423856468,99.6335448879753,245.84999999997672,80.83488714020018,same,True
PV_126_011_914038_R,PV_126,011,PV_126_block_011,914037.95,L,914086.9,914152.55,5.15971239877094,99.04763249434332,48.95000000006985,107.41739119858522,reverse,True
PV_126_011_914038_R,PV_126,011,PV_126_block_011,914037.95,L,914169.2,914218.15,2.6703395374857566,166.913014127407,131.25,175.2827728316489,reverse,True
PV_126_011_930427_R,PV_126,011,PV_126_block_011,930426.55,L,930557.75,930574.4,0.5343037824101632,4.306839765522769,131.19999999995343,173.7832069512633,reverse,True
PV_126_011_930427_R,PV_126,011,PV_126_block_011,930426.55,R,930492.15,930607.2,19.01903437578604,4.81902513082201,65.59999999997672,173.27102158596406,reverse,False
PV_126_011_938595_L,PV_126,011,PV_126_block_011,938595.25,L,938644.7,938726.45,7.988043190832347,203.5559794274046,49.449999999953434,106.89049103504803,reverse,True
PV_126_011_944517_R,PV_126,011,PV_126_block_011,944517.1,L,944549.95,944615.55,5.55684346050973,192.261386390154,32.84999999997672,1.7707807678540632,same,True
PV_126_011_944517_R,PV_126,011,PV_126_block_011,944517.1,R,944582.75,944648.35,6.380952082609942,26.08971513882235,65.65000000002328,164.40089048347758,reverse,True
PV_126_011_955212_L,PV_126,011,PV_126_block_011,955211.85,L,955260.75,955277.4,4.13399651283468,215.96886313497131,48.90000000002328,127.97958348979293,reverse,True
PV_126_011_955212_L,PV_126,011,PV_126_block_011,955211.85,L,955277.4,955326.4,2.103605594779469,142.33870575456768,65.55000000004657,158.39025912980344,reverse,True
PV_126_011_955212_L,PV_126,011,PV_126_block_011,955211.85,R,955277.4,955359.2,6.62968061949259,9.121767007064623,65.55000000004657,25.173320382300403,same,True
PV_126_011_968892_L,PV_126,011,PV_126_block_011,968892.05,L,968973.85,968990.5,0.6518647228259552,186.0478616436774,81.79999999993015,172.26042307625795,reverse,True
PV_126_011_968892_L,PV_126,011,PV_126_block_011,968892.05,R,968924.9,968941.05,0.5804567575435206,271.47766820218845,32.84999999997672,102.30977036523103,reverse,True
PV_126_011_968892_L,PV_126,011,PV_126_block_011,968892.05,R,968957.7,968990.5,1.5458007409300074,223.4394751973991,65.64999999990687,150.34796337002035,reverse,True
PV_126_011_982999_R,PV_126,011,PV_126_block_011,982999.2,L,983081.0,983146.6,6.694006631680068,143.15648996476827,81.80000000004657,22.882773210449415,same,True
PV_126_011_982999_R,PV_126,011,PV_126_block_011,982999.2,R,983081.0,983097.65,2.1498099921095286,257.4121536611424,81.80000000004657,91.3728904859247,reverse,True
PV_126_011_982999_R,PV_126,011,PV_126_block_011,982999.2,R,983097.65,983146.6,4.136528645884832,37.58875771939878,98.45000000006985,128.4505054558189,reverse,True
PV_126_011_983081_L,PV_126,011,PV_126_block_011,983081.0,R,983097.65,983146.6,4.136528645884832,37.58875771939878,16.650000000023283,105.56773224536948,reverse,True
PV_126_011_1000747_R,PV_126,011,PV_126_block_011,1000747.1,L,1000812.7,1000861.65,3.75415967377946,103.47483789086765,65.59999999997672,10.557346513573492,same,True
PV_126_011_1004700_R,PV_126,011,PV_126_block_011,1004700.15,L,1004749.6,1004798.6,3.1469450454900256,216.5694738428225,49.449999999953434,55.67922079458339,same,True
PV_126_011_1007587_L,PV_126,011,PV_126_block_011,1007586.85,L,1007652.5,1007669.15,0.7448494965915187,276.68412276014465,65.65000000002328,151.90324102294426,reverse,True
PV_126_011_1007587_L,PV_126,011,PV_126_block_011,1007586.85,R,1007701.9,1007734.7,1.2530455982920836,149.38932558422204,115.05000000004657,80.80196180113307,same,True
PV_126_011_1011227_R,PV_126,011,PV_126_block_011,1011227.3,L,1011292.9,1011325.7,1.610019296944266,220.47919308909508,65.59999999997672,170.16117223898584,reverse,True
PV_126_011_1020296_L,PV_126,011,PV_126_block_011,1020296.25,L,1020394.65,1020427.45,1.3173134820839119,234.0231280861054,98.40000000002328,178.47911020569472,reverse,True
PV_126_011_1038519_R,PV_126,011,PV_126_block_011,1038519.2,L,1038584.8,1038617.6,5.778385060643239,45.07873558184023,65.60000000009313,80.56195006610147,same,True
PV_126_011_1038519_R,PV_126,011,PV_126_block_011,1038519.2,L,1038617.6,1038683.2,5.453240476122222,193.60074508370406,98.40000000002328,67.96005943576236,same,True
PV_126_011_1038519_R,PV_126,011,PV_126_block_011,1038519.2,R,1038568.65,1038699.85,17.382127155874695,7.9099579882236135,49.45000000006985,117.73072765971808,reverse,False
PV_126_011_1038569_R,PV_126,011,PV_126_block_011,1038568.65,L,1038617.6,1038683.2,5.453240476122222,193.60074508370406,48.949999999953434,174.30921290451954,reverse,True
PV_126_011_1045539_L,PV_126,011,PV_126_block_011,1045538.9,R,1045670.15,1045686.8,0.6082057822036473,288.79225870460607,131.25,65.46980953187133,same,True
PV_126_011_1045539_L,PV_126,011,PV_126_block_011,1045538.9,R,1045719.6,1045735.7,0.6186014532059139,337.4556728321429,180.69999999995343,114.13322365940815,reverse,True
PV_126_011_1054151_R,PV_126,011,PV_126_block_011,1054150.8,L,1054216.4,1054232.55,1.0416037420012754,39.14863927894921,65.5999999998603,28.54985921944808,same,True
PV_126_011_1054151_R,PV_126,011,PV_126_block_011,1054150.8,R,1054166.95,1054216.4,8.300418691944014,193.21306507995882,16.149999999906868,125.51456658156155,reverse,False
PV_126_011_1054151_R,PV_126,011,PV_126_block_011,1054150.8,R,1054216.4,1054232.55,1.4646223758595531,305.82034813149204,65.5999999998603,121.87815036690529,reverse,True
PV_126_011_1054151_R,PV_126,011,PV_126_block_011,1054150.8,R,1054232.55,1054314.85,9.799543805033228,23.091922266013086,81.75,44.606576232384214,same,False
PV_126_011_1056743_R,PV_126,011,PV_126_block_011,1056742.7,L,1056775.5,1056873.95,8.734634228299653,145.55358164400462,32.800000000046566,109.59978472975854,reverse,False
PV_126_011_1056743_R,PV_126,011,PV_126_block_011,1056742.7,R,1056873.95,1056906.75,5.545642426469048,1.5719809005204697,131.25,34.3818160137256,same,True
PV_126_011_1056743_R,PV_126,011,PV_126_block_011,1056742.7,R,1056906.75,1056939.55,1.4311491140484218,280.7620030317103,164.05000000004657,115.19179388253576,reverse,True
PV_126_011_1062320_R,PV_126,011,PV_126_block_011,1062319.95,L,1062368.95,1062434.55,5.00159145872143,174.49354470974552,49.0,177.0161015698949,reverse,True
PV_126_011_1062320_R,PV_126,011,PV_126_block_011,1062319.95,R,1062385.6,1062418.4,1.0134541961941024,340.98442896143246,65.6500000001397,16.493014178418207,same,True
PV_126_011_1077067_R,PV_126,011,PV_126_block_011,1077067.35,L,1077132.9,1077182.35,3.842345203609767,104.3915024624202,65.54999999981374,74.38139958677188,same,True
PV_126_011_1077067_R,PV_126,011,PV_126_block_011,1077067.35,R,1077116.8,1077231.35,17.488355454038363,356.0167677012378,49.449999999953434,177.24386565204577,reverse,False
PV_126_011_1115762_L,PV_126,011,PV_126_block_011,1115761.65,R,1115827.25,1115909.0,5.021960867675264,97.75724367383901,65.60000000009313,4.163461934015174,same,True
PV_126_011_1118156_R,PV_126,011,PV_126_block_011,1118156.5,L,1118254.95,1118320.55,3.1074413766640725,249.61329405369938,98.44999999995343,63.84600127419762,same,True
PV_126_011_1118156_R,PV_126,011,PV_126_block_011,1118156.5,R,1118222.1,1118320.55,13.860972375139292,21.33271267936226,65.60000000009313,164.4345801001395,reverse,False
PV_126_011_1158790_R,PV_126,011,PV_126_block_011,1158789.9,R,1158905.0,1158921.15,0.6967340610853981,150.58250024246004,115.10000000009313,6.346033586603681,same,True
PV_126_011_1158790_R,PV_126,011,PV_126_block_011,1158789.9,R,1159036.25,1159085.25,2.7216990200669766,346.41310151809125,246.35000000009313,170.51543231097247,reverse,True
PV_126_011_1174112_L,PV_126,011,PV_126_block_011,1174111.55,L,1174144.4,1174242.8,6.486008250033963,167.18897760082663,32.8499999998603,167.65073899410993,reverse,True
PV_126_011_1174112_L,PV_126,011,PV_126_block_011,1174111.55,R,1174128.2,1174177.2,10.76677245652821,208.51111500442448,16.649999999906868,151.0271236022922,reverse,False
PV_126_011_1174112_L,PV_126,011,PV_126_block_011,1174111.55,R,1174177.2,1174259.45,11.229979457413476,64.95387825401126,65.64999999990687,65.4156396472946,same,False
PV_126_011_1176622_R,PV_126,011,PV_126_block_011,1176621.8,L,1176753.0,1176801.95,2.294242309029182,208.58178600564182,131.19999999995343,146.3583232704007,reverse,True
PV_126_011_1176622_R,PV_126,011,PV_126_block_011,1176621.8,R,1176720.2,1176736.35,0.5061662821373923,176.58959005510567,98.39999999990687,178.35051922093683,reverse,True
PV_126_011_1176622_R,PV_126,011,PV_126_block_011,1176621.8,R,1176785.8,1176818.6,1.1312884869833284,170.08667316321436,164.0,175.14656388717185,reverse,True
PV_126_011_1179197_R,PV_126,011,PV_126_block_011,1179197.3,L,1179230.1,1179246.75,0.5398178622978,5.6540558742963825,32.800000000046566,168.99860726600977,reverse,True
PV_126_011_1188466_R,PV_126,011,PV_126_block_011,1188466.2,L,1188531.9,1188580.85,3.8789025934306727,76.786693889883,65.69999999995343,96.82006384889584,reverse,True
PV_126_011_1188466_R,PV_126,011,PV_126_block_011,1188466.2,R,1188531.9,1188663.15,21.480257959537855,3.126304260084845,65.69999999995343,170.480453478694,reverse,False
PV_126_011_1190107_R,PV_126,011,PV_126_block_011,1190106.75,R,1190221.3,1190237.95,0.6171425207263358,170.8196807093494,114.55000000004657,128.727772034768,reverse,True
PV_126_011_1192895_L,PV_126,011,PV_126_block_011,1192895.1,L,1193042.5,1193059.15,0.6274113537575158,230.5173773208251,147.39999999990687,164.8088349312942,reverse,True
PV_126_011_1192895_L,PV_126,011,PV_126_block_011,1192895.1,R,1193042.5,1193075.3,1.4909981370219072,163.77050056992428,147.39999999990687,98.06195818039339,reverse,True
PV_126_011_1193912_L,PV_126,011,PV_126_block_011,1193912.0,L,1194059.4,1194076.05,1.3182195972441006,325.11365495093,147.39999999990687,127.28560523284534,reverse,True
PV_126_011_1193912_L,PV_126,011,PV_126_block_011,1193912.0,L,1194076.05,1194125.0,3.087866976103099,175.41147571220924,164.05000000004657,22.416574005875447,same,True
PV_126_011_1193912_L,PV_126,011,PV_126_block_011,1193912.0,R,1193977.6,1194026.55,3.320684898590943,164.72203440160328,65.60000000009313,33.106015316481404,same,True
PV_126_011_1193912_L,PV_126,011,PV_126_block_011,1193912.0,R,1194059.4,1194076.05,1.8823397831934772,27.87826337157559,147.39999999990687,169.9497863465091,reverse,True
PV_126_011_1193912_L,PV_126,011,PV_126_block_011,1193912.0,R,1194076.05,1194092.2,0.6506478005599634,182.61031758739318,164.05000000004657,15.217732130691502,same,True
PV_126_011_1193912_L,PV_126,011,PV_126_block_011,1193912.0,R,1194108.85,1194141.65,1.859226359927003,181.12230325364763,196.85000000009313,16.705746464437055,same,True
PV_126_011_1197488_R,PV_126,011,PV_126_block_011,1197488.3,L,1197537.25,1197586.7,2.6080720143248692,160.08639632439193,48.949999999953434,131.9196477631508,reverse,True
PV_126_011_1197488_R,PV_126,011,PV_126_block_011,1197488.3,R,1197521.1,1197586.7,3.7711313005924305,211.27320145203151,32.800000000046566,176.89354710920963,reverse,True
PV_126_011_1205707_L,PV_126,011,PV_126_block_011,1205706.55,L,1205756.0,1205772.15,0.8142835783660339,71.29985390494625,49.449999999953434,104.4678746881973,reverse,True
PV_126_011_1205707_L,PV_126,011,PV_126_block_011,1205706.55,L,1205772.15,1205837.75,5.688858980124445,136.34135549426276,65.5999999998603,169.5093762775138,reverse,True
PV_126_011_1205707_L,PV_126,011,PV_126_block_011,1205706.55,R,1205756.0,1205854.4,7.612286763912261,356.5430957526023,49.449999999953434,29.711116535853364,same,True
PV_126_011_1205756_R,PV_126,011,PV_126_block_011,1205756.0,L,1205772.15,1205837.75,5.688858980124445,136.34135549426276,16.149999999906868,139.79825974166044,reverse,True
PV_126_011_1211579_R,PV_126,011,PV_126_block_011,1211578.8,L,1211628.25,1211792.25,14.041160172149183,221.66558496500176,49.449999999953434,55.74073676365265,same,False
PV_126_011_1211579_R,PV_126,011,PV_126_block_011,1211578.8,L,1211808.4,1211841.2,,,229.5999999998603,,unknown,False
PV_126_011_1211579_R,PV_126,011,PV_126_block_011,1211578.8,R,1211628.25,1211661.05,2.700835159403716,263.2776742571053,49.449999999953434,97.35282605575617,reverse,True
PV_126_011_1211579_R,PV_126,011,PV_126_block_011,1211578.8,R,1211661.05,1211759.45,10.972687018907019,41.50054188427708,82.25,124.42430631707202,reverse,False
PV_126_011_1211579_R,PV_126,011,PV_126_block_011,1211578.8,R,1211775.6,1211792.25,0.7715851123938087,8.101428111045042,196.80000000004657,157.82342009030407,reverse,True
PV_126_011_1211579_R,PV_126,011,PV_126_block_011,1211578.8,R,1211825.05,1211841.2,,,246.25,,unknown,False
PV_126_011_1211628_L,PV_126,011,PV_126_block_011,1211628.25,L,1211808.4,1211841.2,,,180.14999999990687,,unknown,False
PV_126_011_1211628_L,PV_126,011,PV_126_block_011,1211628.25,R,1211661.05,1211759.45,10.972687018907019,41.50054188427708,32.800000000046566,179.83495691927533,reverse,True
PV_126_011_1211628_L,PV_126,011,PV_126_block_011,1211628.25,R,1211775.6,1211792.25,0.7715851123938087,8.101428111045042,147.35000000009313,146.43584314604328,reverse,True
PV_126_011_1211628_L,PV_126,011,PV_126_block_011,1211628.25,R,1211825.05,1211841.2,,,196.80000000004657,,unknown,False
PV_126_011_1226589_R,PV_126,011,PV_126_block_011,1226588.7,L,1226703.25,1226719.9,1.5597689455608743,200.72780391537205,114.55000000004657,91.8029475330998,reverse,True
PV_126_011_1226589_R,PV_126,011,PV_126_block_011,1226588.7,R,1226703.25,1226736.05,1.7165549427444318,194.4629312561481,114.55000000004657,98.06782019232375,reverse,True
PV_126_011_1230132_R,PV_126,011,PV_126_block_011,1230131.7,L,1230147.85,1230164.5,0.5741883328714233,77.96107411564815,16.1500000001397,94.94301190037437,reverse,True
PV_126_011_1230132_R,PV_126,011,PV_126_block_011,1230131.7,L,1230180.7,1230263.0,8.31667257796267,168.21658810968532,49.0,4.6874979063371995,same,False
PV_126_011_1230132_R,PV_126,011,PV_126_block_011,1230131.7,R,1230164.5,1230180.7,0.8190363274656707,215.07648592987496,32.800000000046566,42.172399913852445,same,True
PV_126_011_1230132_R,PV_126,011,PV_126_block_011,1230131.7,R,1230213.5,1230246.35,2.0970002870576954,97.44540480911377,81.80000000004657,75.45868120690875,same,True
PV_126_011_1230132_R,PV_126,011,PV_126_block_011,1230131.7,R,1230377.6,1230410.4,1.9457266042725252,354.62676302267835,245.9000000001397,178.27732299334417,reverse,True
PV_126_011_1230164_L,PV_126,011,PV_126_block_011,1230164.5,R,1230213.5,1230246.35,2.0970002870576954,97.44540480911377,49.0,70.77118330057155,same,True
PV_126_011_1230164_L,PV_126,011,PV_126_block_011,1230164.5,R,1230377.6,1230410.4,1.9457266042725252,354.62676302267835,213.10000000009313,173.58982508700694,reverse,True
PV_126_011_1233757_L,PV_126,011,PV_126_block_011,1233757.15,L,1233822.8,1233855.6,2.970756072751853,168.76556634030007,65.6500000001397,128.8105539154862,reverse,True
PV_126_011_1233757_L,PV_126,011,PV_126_block_011,1233757.15,R,1233855.6,1233872.25,2.500685441997689,156.70043787692842,98.45000000018626,116.74542545211455,reverse,True
PV_126_011_1239072_L,PV_126,011,PV_126_block_011,1239072.35,L,1239105.15,1239203.55,6.460537289258933,188.87485767090135,32.799999999813735,121.2360076385217,reverse,True
PV_126_011_1239072_L,PV_126,011,PV_126_block_011,1239072.35,R,1239121.8,1239203.55,8.967056693937641,42.54935886419526,49.449999999953434,92.43849355477221,reverse,True
PV_126_011_1250342_R,PV_126,011,PV_126_block_011,1250341.8,L,1250407.45,1250440.25,3.9361534203630275,168.48314130925823,65.64999999990687,22.732016684309883,same,True
PV_126_011_1250342_R,PV_126,011,PV_126_block_011,1250341.8,R,1250423.6,1250473.05,5.631084780839315,74.11195884226883,81.80000000004657,117.10319915129928,reverse,True
PV_126_011_1250407_R,PV_126,011,PV_126_block_011,1250407.45,L,1250637.1,1250653.25,1.473773685929531,183.08972430845242,229.6500000001397,108.9777654661836,reverse,True
PV_126_011_1250407_R,PV_126,011,PV_126_block_011,1250407.45,R,1250637.1,1250669.9,2.0039890677451626,157.72647645332597,229.6500000001397,83.61451761105712,same,True
PV_126_011_1255542_R,PV_126,011,PV_126_block_011,1255541.85,L,1255591.3,1255705.9,9.15883580826488,105.05495702274598,49.449999999953434,41.20689421756617,same,True
PV_126_011_1259086_R,PV_126,011,PV_126_block_011,1259085.55,L,1259118.35,1259216.75,13.072330904846893,146.00062470807933,32.800000000046566,63.394823497326854,same,True
PV_126_011_1264106_R,PV_126,011,PV_126_block_011,1264105.7,L,1264187.95,1264220.8,1.2435642367839346,209.7224200483122,82.25,159.29360804684666,reverse,True
PV_126_011_1264106_R,PV_126,011,PV_126_block_011,1264105.7,R,1264171.3,1264220.8,3.47947406123198,160.50469780189204,65.60000000009313,151.48866970673322,reverse,True
PV_126_011_1270405_R,PV_126,011,PV_126_block_011,1270405.2,L,1270470.8,1270487.45,0.6016475640579574,199.18208572629064,65.60000000009313,144.11924096763707,reverse,True
PV_126_011_1270405_R,PV_126,011,PV_126_block_011,1270405.2,R,1270438.0,1270487.45,2.2822446409132127,207.74946623898106,32.800000000046566,135.55186045494665,reverse,True
PV_126_011_1272111_L,PV_126,011,PV_126_block_011,1272111.2,R,1272176.8,1272226.25,1.65983280889423,20.263053360121784,65.60000000009313,127.80070753092411,reverse,True
PV_126_011_1278475_R,PV_126,011,PV_126_block_011,1278475.15,L,1278721.35,1278754.2,1.2269513939186398,351.55345975945863,246.20000000018626,138.59104460603066,reverse,True
PV_126_011_1278475_R,PV_126,011,PV_126_block_011,1278475.15,R,1278540.7,1278639.1,9.991430274240622,144.3991738353311,65.55000000004657,14.254669469841787,same,False
PV_126_011_1278475_R,PV_126,011,PV_126_block_011,1278475.15,R,1278721.35,1278770.3,2.6591942094976293,336.35430840221835,246.20000000018626,153.790195963271,reverse,True
PV_126_011_1286103_L,PV_126,011,PV_126_block_011,1286102.8,L,1286135.55,1286201.2,5.4616533564556144,157.2749832394775,32.75,167.13527201390013,reverse,True
PV_126_011_1286103_L,PV_126,011,PV_126_block_011,1286102.8,R,1286168.4,1286184.55,1.8223627191405847,303.39128450084354,65.5999999998603,46.74842672473386,same,True
PV_126_011_1286103_L,PV_126,011,PV_126_block_011,1286102.8,R,1286184.55,1286234.0,4.664495030130751,60.0499092212953,81.75,69.91019799571791,same,True
PV_126_011_1304490_R,PV_126,011,PV_126_block_011,1304489.85,R,1304555.45,1304588.25,1.7457205572945111,299.85133364141393,65.5999999998603,176.3861742129592,reverse,True
PV_126_011_1310001_L,PV_126,011,PV_126_block_011,1310001.2,L,1310083.45,1310099.55,0.6939338856626733,211.25280408653936,82.25,140.85866093473862,reverse,True
PV_126_011_1312888_R,PV_126,011,PV_126_block_011,1312888.3,L,1312970.55,1312986.7,0.726931160165184,265.06759404220685,82.25,152.0823922885058,reverse,True
PV_126_011_1312888_R,PV_126,011,PV_126_block_011,1312888.3,R,1312921.1,1312937.75,0.5180379331264263,225.9908676563572,32.800000000046566,113.00566590265618,reverse,True
PV_126_011_1312888_R,PV_126,011,PV_126_block_011,1312888.3,R,1312953.9,1312986.7,1.5390891099806252,290.9559953062153,65.5999999998603,177.97079355251424,reverse,True
PV_126_011_1316153_R,PV_126,011,PV_126_block_011,1316153.3,L,1316235.1,1316251.75,0.7318524291587155,201.08803903912747,81.80000000004657,25.86473865365673,same,True
PV_126_011_1316153_R,PV_126,011,PV_126_block_011,1316153.3,R,1316202.25,1316284.55,9.66183562216153,332.30596828013995,48.949999999953434,105.35319058735575,reverse,True
PV_126_011_1325504_R,PV_126,011,PV_126_block_011,1325504.35,L,1325586.15,1325635.6,2.441142777370233,53.715651487818,81.79999999981374,51.61654822859791,same,True
PV_126_011_1329835_R,PV_126,011,PV_126_block_011,1329834.9,L,1330015.1,1330031.75,0.5637776891439175,156.65412268473472,180.20000000018626,128.3655802949237,reverse,True
PV_126_011_1329835_R,PV_126,011,PV_126_block_011,1329834.9,R,1329916.65,1329998.95,3.8678201384493134,11.086664081247058,81.75,86.06696110158867,same,True
PV_126_011_1329835_R,PV_126,011,PV_126_block_011,1329834.9,R,1330015.1,1330031.75,1.2588694229308335,191.05354556195297,180.20000000018626,93.96615741770543,reverse,True
PV_126_011_1329835_R,PV_126,011,PV_126_block_011,1329834.9,R,1330031.75,1330047.9,0.9808316296759175,8.98189064834727,196.85000000009313,83.96218766868884,same,True
PV_126_011_1329835_R,PV_126,011,PV_126_block_011,1329834.9,R,1330047.9,1330097.35,4.656073231432741,181.66421513585405,213.0,103.35548784380435,reverse,True
PV_126_011_1333952_R,PV_126,011,PV_126_block_011,1333952.1,L,1334001.55,1334083.35,11.539829032252642,170.10460871298667,49.449999999953434,0.8266707429413884,same,True
PV_126_011_1333952_R,PV_126,011,PV_126_block_011,1333952.1,R,1333984.9,1334017.75,8.864375965776762,304.44333946278067,32.799999999813735,133.5120600068526,reverse,True
PV_126_011_1333952_R,PV_126,011,PV_126_block_011,1333952.1,R,1334017.75,1334083.35,5.26031965784522,111.89846130048242,65.64999999990687,59.03281815544564,same,True
PV_126_011_1358902_R,PV_126,011,PV_126_block_011,1358902.35,L,1358951.3,1358967.95,0.5204250096059919,90.52025692555881,48.949999999953434,168.4896021965683,reverse,True
PV_126_011_1358902_R,PV_126,011,PV_126_block_011,1358902.35,L,1358984.15,1359033.6,3.730122758104553,145.31087271705874,81.79999999981374,113.69898640506838,reverse,True
PV_126_011_1371895_R,PV_126,011,PV_126_block_011,1371894.75,L,1371943.75,1372009.35,4.6755399712607355,110.55253800797477,49.0,50.42709827848813,same,True
PV_126_011_1375340_R,PV_126,011,PV_126_block_011,1375339.65,L,1375438.1,1375487.05,4.620144172910893,152.74698906077893,98.45000000018626,91.9802617283867,reverse,True
PV_126_011_1379588_R,PV_126,011,PV_126_block_011,1379588.2,L,1379637.65,1379653.8,2.525225777349385,122.90489705081586,49.449999999953434,49.40122772426358,same,True
PV_126_011_1387611_L,PV_126,011,PV_126_block_011,1387610.65,L,1387725.25,1387758.05,3.127346583031747,193.67976789634287,114.60000000009313,118.80916762491063,reverse,True
PV_126_011_1390482_L,PV_126,011,PV_126_block_011,1390481.55,L,1390580.0,1390612.8,1.8164132713002543,259.68979102030954,98.44999999995343,1.720702540537843,same,True
PV_126_011_1393944_L,PV_126,011,PV_126_block_011,1393943.65,L,1394058.25,1394074.9,0.7772492473695206,237.54276413801176,114.60000000009313,173.4912968409326,reverse,True
PV_126_011_1395913_R,PV_126,011,PV_126_block_011,1395912.6,R,1395978.25,1396027.25,2.8565782085219076,332.9692740642459,65.64999999990687,159.30737222848234,reverse,True
PV_126_011_1402705_R,PV_126,011,PV_126_block_011,1402705.3,L,1402738.1,1402754.25,0.5247078134421661,117.00311335034583,32.800000000046566,77.25234788404504,same,True
PV_126_011_1402705_R,PV_126,011,PV_126_block_011,1402705.3,L,1402770.9,1402803.7,1.3716888843822088,166.3646084897764,65.5999999998603,126.61384302347562,reverse,True
PV_126_011_1412138_R,PV_126,011,PV_126_block_011,1412137.7,R,1412318.45,1412351.25,1.417965517369578,196.1289233619064,180.75,104.49132500751097,reverse,True
PV_126_011_1416830_L,PV_126,011,PV_126_block_011,1416830.05,L,1416895.7,1417010.75,6.140284572027313,189.9108297988933,65.64999999990687,156.84380586152548,reverse,True
PV_126_011_1416830_L,PV_126,011,PV_126_block_011,1416830.05,L,1417059.75,1417092.55,3.704419702656293,27.241405655992903,229.69999999995343,40.48676999557409,same,True
PV_126_011_1416830_L,PV_126,011,PV_126_block_011,1416830.05,R,1416912.35,1416945.15,1.5864596138596696,208.03418654263825,82.30000000004657,138.72044911778053,reverse,True
PV_126_011_1416830_L,PV_126,011,PV_126_block_011,1416830.05,R,1416961.3,1417010.75,2.5861047592535433,174.43118540829119,131.25,172.3234502521276,reverse,True
PV_126_011_1416830_L,PV_126,011,PV_126_block_011,1416830.05,R,1417059.75,1417092.55,5.707265067334328,358.32405555659415,229.69999999995343,11.569419896175361,same,True
PV_126_011_1416896_L,PV_126,011,PV_126_block_011,1416895.7,L,1417059.75,1417092.55,3.704419702656293,27.241405655992903,164.05000000004657,162.6694241429004,reverse,True
PV_126_011_1416896_L,PV_126,011,PV_126_block_011,1416895.7,L,1417109.2,1417142.05,1.5258564628435758,210.63946913303278,213.5,20.728639334139473,same,True
PV_126_011_1416896_L,PV_126,011,PV_126_block_011,1416895.7,R,1416961.3,1417010.75,2.5861047592535433,174.43118540829119,65.60000000009313,15.479644390602118,same,True
PV_126_011_1416896_L,PV_126,011,PV_126_block_011,1416895.7,R,1417059.75,1417092.55,5.707265067334328,358.32405555659415,164.05000000004657,168.41322575770084,reverse,True
PV_126_011_1416896_L,PV_126,011,PV_126_block_011,1416895.7,R,1417092.55,1417142.05,2.5626917451464295,175.78981137571634,196.85000000009313,14.121018423176963,same,True
PV_126_011_1417060_R,PV_126,011,PV_126_block_011,1417059.75,L,1417109.2,1417142.05,1.5258564628435758,210.63946913303278,49.449999999953434,147.68458642356137,reverse,True
PV_126_011_1417060_R,PV_126,011,PV_126_block_011,1417059.75,R,1417092.55,1417142.05,2.5626917451464295,175.78981137571634,32.800000000046566,177.4657558191222,reverse,True
PV_126_011_1418290_R,PV_126,011,PV_126_block_011,1418290.45,L,1418306.6,1418339.45,5.0697426959737335,332.7275743229312,16.1500000001397,172.26086715337522,reverse,True
PV_126_011_1418290_R,PV_126,011,PV_126_block_011,1418290.45,L,1418339.45,1418437.85,7.213712395692217,101.95297395380335,49.0,58.51373321575262,same,True
PV_126_011_1418290_R,PV_126,011,PV_126_block_011,1418290.45,L,1418454.5,1418487.35,1.6302431349892228,181.51448875367717,164.05000000004657,21.047781584121196,same,True
PV_126_011_1418290_R,PV_126,011,PV_126_block_011,1418290.45,R,1418339.45,1418421.7,18.225835531933154,354.4456938445086,49.0,166.02101332504742,reverse,False
PV_126_011_1418290_R,PV_126,011,PV_126_block_011,1418290.45,R,1418470.7,1418487.35,0.7696657724492731,188.16223934183344,180.25,27.695532172277467,same,True
PV_126_011_1418290_R,PV_126,011,PV_126_block_011,1418290.45,R,1418503.5,1418520.15,0.5732051425185017,184.88990465412462,213.05000000004657,24.423197484568647,same,True
PV_126_011_1418339_R,PV_126,011,PV_126_block_011,1418339.45,L,1418454.5,1418487.35,1.6302431349892228,181.51448875367717,115.05000000004657,172.9312050908314,reverse,True
PV_126_011_1418339_R,PV_126,011,PV_126_block_011,1418339.45,R,1418470.7,1418487.35,0.7696657724492731,188.16223934183344,131.25,166.28345450267514,reverse,True
PV_126_011_1418339_R,PV_126,011,PV_126_block_011,1418339.45,R,1418503.5,1418520.15,0.5732051425185017,184.88990465412462,164.05000000004657,169.55578919038396,reverse,True
PV_126_011_1426182_R,PV_126,011,PV_126_block_011,1426182.1,L,1426231.55,1426313.35,7.212144132452731,167.5122217890833,49.449999999953434,2.1875686723600154,same,True
PV_126_011_1426182_R,PV_126,011,PV_126_block_011,1426182.1,R,1426214.9,1426231.55,6.199392621552303,343.035211155348,32.799999999813735,173.33542069390467,reverse,True
PV_126_011_1426182_R,PV_126,011,PV_126_block_011,1426182.1,R,1426231.55,1426411.75,13.087889599108669,312.4281371398276,49.449999999953434,142.72834667838424,reverse,True
PV_126_011_1426182_R,PV_126,011,PV_126_block_011,1426182.1,R,1426428.4,1426444.6,0.553209271342578,355.0201630265595,246.29999999981374,174.67962743488386,reverse,True
PV_126_011_1426232_R,PV_126,011,PV_126_block_011,1426231.55,R,1426428.4,1426444.6,0.553209271342578,355.0201630265595,196.8499999998603,42.5920258867319,same,True
PV_126_011_1432055_R,PV_126,011,PV_126_block_011,1432055.35,L,1432072.0,1432104.8,3.1469780667091087,115.21224803976133,16.649999999906868,102.1721792726313,reverse,True
PV_126_011_1432055_R,PV_126,011,PV_126_block_011,1432055.35,L,1432153.8,1432203.25,3.6496577979170852,172.5947915159753,98.44999999995343,159.55472274884528,reverse,True
PV_126_011_1441357_R,PV_126,011,PV_126_block_011,1441356.7,L,1441405.7,1441487.9,11.804336687081475,176.61922990425194,49.0,11.004987203702967,same,False
PV_126_011_1441357_R,PV_126,011,PV_126_block_011,1441356.7,R,1441389.5,1441422.35,2.6057174597458754,268.804753588772,32.800000000046566,81.18053648081707,same,True
PV_126_011_1441357_R,PV_126,011,PV_126_block_011,1441356.7,R,1441422.35,1441455.15,2.0317633023049484,10.929838344157758,65.6500000001397,176.69437876379715,reverse,True
PV_126_011_1441390_L,PV_126,011,PV_126_block_011,1441389.5,R,1441422.35,1441455.15,2.0317633023049484,10.929838344157758,32.85000000009313,165.68939156009418,reverse,True
PV_126_011_1448001_L,PV_126,011,PV_126_block_011,1448000.85,L,1448050.3,1448132.1,11.39250261366832,168.38710634615944,49.449999999953434,177.23510537736934,reverse,True
PV_126_011_1448001_L,PV_126,011,PV_126_block_011,1448000.85,L,1448230.5,1448345.65,5.949507756776141,209.18886993102308,229.64999999990687,136.4333417925057,reverse,True
PV_126_011_1448001_L,PV_126,011,PV_126_block_011,1448000.85,R,1448066.45,1448083.1,3.5477365883548404,263.957073938999,65.5999999998603,81.6651377845298,same,True
PV_126_011_1448001_L,PV_126,011,PV_126_block_011,1448000.85,R,1448083.1,1448132.1,3.680697779526278,60.54580207326109,82.25,74.92359034973231,same,True
PV_126_011_1448050_L,PV_126,011,PV_126_block_011,1448050.3,L,1448230.5,1448345.65,5.949507756776141,209.18886993102308,180.19999999995343,40.801763584863636,same,True
PV_126_011_1448050_L,PV_126,011,PV_126_block_011,1448050.3,R,1448083.1,1448132.1,3.680697779526278,60.54580207326109,32.800000000046566,107.84130427289836,reverse,True
PV_126_011_1457304_R,PV_126,011,PV_126_block_011,1457303.65,L,1457352.65,1457451.1,13.44304283009179,184.09776402691378,49.0,1.5859294552550693,same,False
PV_126_011_1457304_R,PV_126,011,PV_126_block_011,1457303.65,L,1457500.55,1457533.35,1.0874690602998942,168.33402555311673,196.9000000001397,14.177809018541979,same,True
PV_126_011_1457304_R,PV_126,011,PV_126_block_011,1457303.65,R,1457369.3,1457385.45,2.1616958827772454,294.7164836762324,65.6500000001397,112.20464910457366,reverse,True
PV_126_011_1457304_R,PV_126,011,PV_126_block_011,1457303.65,R,1457385.45,1457434.9,4.405137240548238,66.98887230454963,81.80000000004657,115.52296226710908,reverse,True
PV_126_011_1457304_R,PV_126,011,PV_126_block_011,1457303.65,R,1457533.35,1457615.15,4.157875171506852,335.77278120999006,229.70000000018626,153.26094663833135,reverse,True
PV_126_011_1457353_L,PV_126,011,PV_126_block_011,1457352.65,L,1457500.55,1457533.35,1.0874690602998942,168.33402555311673,147.9000000001397,15.763738473797048,same,True
PV_126_011_1457353_L,PV_126,011,PV_126_block_011,1457352.65,R,1457385.45,1457434.9,4.405137240548238,66.98887230454963,32.800000000046566,117.10889172236415,reverse,True
PV_126_011_1457353_L,PV_126,011,PV_126_block_011,1457352.65,R,1457533.35,1457615.15,4.157875171506852,335.77278120999006,180.70000000018626,151.6750171830763,reverse,True
PV_126_011_1462832_R,PV_126,011,PV_126_block_011,1462832.05,L,1462897.7,1462979.95,6.595500871434523,89.69804427302236,65.64999999990687,21.695334300260896,same,True
PV_126_011_1465424_R,PV_126,011,PV_126_block_011,1465423.9,L,1465571.75,1465587.9,0.6356574578680091,259.0917809860312,147.85000000009313,10.231226380178043,same,True
PV_126_011_1469608_R,PV_126,011,PV_126_block_011,1469607.75,L,1469673.35,1469689.55,0.9751665434717629,309.8291780884897,65.60000000009313,58.630759761599734,same,True
PV_126_011_1469608_R,PV_126,011,PV_126_block_011,1469607.75,L,1469689.55,1469739.0,2.6068660152294374,210.33548494841617,81.80000000004657,158.12445290167324,reverse,True
PV_126_011_1469608_R,PV_126,011,PV_126_block_011,1469607.75,R,1469722.35,1469755.15,1.2733849298877593,179.02222790320891,114.60000000009313,170.5622900531195,reverse,True
PV_126_011_1477433_L,PV_126,011,PV_126_block_011,1477433.35,L,1477564.55,1477581.2,0.5322567472360028,243.9235415055981,131.19999999995343,157.29468099265137,reverse,True
PV_126_011_1477433_L,PV_126,011,PV_126_block_011,1477433.35,R,1477515.55,1477564.55,3.196360856088457,115.67327529213047,82.19999999995343,29.04441477918371,same,True
PV_126_011_1479172_R,PV_126,011,PV_126_block_011,1479172.0,R,1479270.4,1479287.05,0.505834108365347,357.1858767278393,98.39999999990687,5.029258641680485,same,True
PV_126_011_1506062_R,PV_126,011,PV_126_block_011,1506061.55,L,1506258.4,1506291.2,2.884665608094375,215.52728890064637,196.8499999998603,37.0848297169579,same,True
PV_126_011_1506062_R,PV_126,011,PV_126_block_011,1506061.55,L,1506291.2,1506324.0,1.8371262335705305,7.622754423879333,229.64999999990687,115.0106358062751,reverse,True
PV_126_011_1506062_R,PV_126,011,PV_126_block_011,1506061.55,R,1506192.75,1506208.95,0.7589861558053613,12.466779306736157,131.19999999995343,119.85466068913189,reverse,True
PV_126_011_1506062_R,PV_126,011,PV_126_block_011,1506061.55,R,1506258.4,1506274.55,2.0717686225457057,178.21926486371478,196.8499999998603,74.39285375388948,same,True
PV_126_011_1506062_R,PV_126,011,PV_126_block_011,1506061.55,R,1506274.55,1506291.2,0.5661746044686881,308.7258743384603,213.0,56.113755720856034,same,True
PV_126_011_1514772_L,PV_126,011,PV_126_block_011,1514771.95,L,1514903.2,1514952.65,2.62974465040979,227.7404792986059,131.25,179.8393826329537,reverse,True
PV_126_011_1527880_R,PV_126,011,PV_126_block_011,1527879.85,L,1527912.65,1527928.8,0.7992665797548569,165.9467450873219,32.799999999813735,65.53789197837929,same,True
PV_126_011_1527880_R,PV_126,011,PV_126_block_011,1527879.85,L,1527945.45,1528043.9,9.045774538560654,184.5554020455755,65.5999999998603,46.929235020125674,same,True
PV_126_011_1527880_R,PV_126,011,PV_126_block_011,1527879.85,L,1528076.7,1528092.85,0.6204055014777671,203.91147573617008,196.8499999998603,27.573161329531104,same,True
PV_126_011_1527880_R,PV_126,011,PV_126_block_011,1527879.85,R,1527978.25,1527994.45,0.7679975900002086,140.2157223186709,98.39999999990687,91.26891474703027,reverse,True
PV_126_011_1527945_L,PV_126,011,PV_126_block_011,1527945.45,L,1528076.7,1528092.85,0.6204055014777671,203.91147573617008,131.25,19.35607369059457,same,True
PV_126_011_1527945_L,PV_126,011,PV_126_block_011,1527945.45,R,1528175.15,1528191.3,0.7129950660539623,345.6798259674882,229.69999999995343,161.1244239219127,reverse,True
PV_126_011_1537690_R,PV_126,011,PV_126_block_011,1537690.1,R,1537739.1,1537804.7,3.7131286632293,311.6368923947795,49.0,166.52147032170683,reverse,True
PV_126_011_1551437_R,PV_126,011,PV_126_block_011,1551436.85,L,1551649.85,1551682.65,1.4913440749704956,199.46205514715493,213.0,159.66789234940344,reverse,True
PV_126_011_1551437_R,PV_126,011,PV_126_block_011,1551436.85,R,1551649.85,1551699.3,2.4073535096934786,181.75813259054908,213.0,177.3718149060093,reverse,True
PV_126_011_1557063_R,PV_126,011,PV_126_block_011,1557063.35,L,1557145.65,1557178.45,2.4169189737101777,79.21914883698007,82.29999999981374,115.34314074877669,reverse,True
PV_126_011_1557063_R,PV_126,011,PV_126_block_011,1557063.35,R,1557129.0,1557194.55,14.88423566517468,13.303564674071076,65.64999999990687,178.7412750883143,reverse,False
PV_126_011_1576420_R,PV_126,011,PV_126_block_011,1576420.5,L,1576453.3,1576518.9,7.32944694298686,169.04211026205007,32.800000000046566,26.303992206013845,same,True
PV_126_011_1576420_R,PV_126,011,PV_126_block_011,1576420.5,R,1576486.1,1576502.75,1.8415517938254808,301.65732082894505,65.60000000009313,106.31121836088113,reverse,True
PV_126_011_1576420_R,PV_126,011,PV_126_block_011,1576420.5,R,1576502.75,1576551.7,6.589841776998485,60.834637524458465,82.25,134.51146494360546,reverse,True
PV_126_011_1580521_R,PV_126,011,PV_126_block_011,1580521.3,L,1580570.75,1580603.55,3.9692522637936536,210.28553371601814,49.449999999953434,63.970073883287654,same,True
PV_126_011_1580521_R,PV_126,011,PV_126_block_011,1580521.3,L,1580685.35,1580718.15,1.918827318175975,25.88474016810824,164.05000000004657,120.43071966462225,reverse,True
PV_126_011_1580521_R,PV_126,011,PV_126_block_011,1580521.3,R,1580702.0,1580751.0,3.3905214956233745,333.2052537040869,180.69999999995343,173.1102061286436,reverse,True
PV_126_011_1584721_L,PV_126,011,PV_126_block_011,1584720.8,L,1584803.05,1584819.2,0.5979763079973328,185.45063569318594,82.25,140.15479147604935,reverse,True
PV_126_011_1584721_L,PV_126,011,PV_126_block_011,1584720.8,L,1584835.85,1584852.0,0.6786159354646499,221.6103901001473,115.05000000004657,176.31454588301068,reverse,True
PV_126_011_1584721_L,PV_126,011,PV_126_block_011,1584720.8,R,1584835.85,1584868.65,1.4872676719139488,159.45340232510495,115.05000000004657,114.15755810796833,reverse,True
PV_126_011_1599109_L,PV_126,011,PV_126_block_011,1599108.85,R,1599174.45,1599289.1,8.849207708906718,135.4572537360477,65.5999999998603,93.10267517583083,reverse,False
PV_126_011_1599109_L,PV_126,011,PV_126_block_011,1599108.85,R,1599354.7,1599387.55,1.0677627426413898,332.0389955836981,245.8499999998603,103.47906667181962,reverse,True
PV_126_011_1624685_R,PV_126,011,PV_126_block_011,1624684.95,R,1624750.55,1624783.35,1.9181224827364984,313.6911640771384,65.60000000009313,158.6745711741861,reverse,True
PV_126_011_1629032_R,PV_126,011,PV_126_block_011,1629032.0,L,1629097.6,1629130.4,2.8745639356509627,68.33797395800076,65.60000000009313,153.95251958877952,reverse,True
PV_126_011_1629032_R,PV_126,011,PV_126_block_011,1629032.0,L,1629146.55,1629179.4,1.30781007957032,158.75417648985584,114.55000000004657,115.6312778793654,reverse,True
PV_126_011_1634986_R,PV_126,011,PV_126_block_011,1634986.4,R,1635052.0,1635084.8,1.7750071801281522,324.55662462548713,65.60000000009313,146.4001719098182,reverse,True
PV_126_011_1641941_L,PV_126,011,PV_126_block_011,1641940.8,L,1642072.05,1642088.7,0.5819825738838846,228.8413019449257,131.25,168.4112431001094,reverse,True
PV_126_011_1641941_L,PV_126,011,PV_126_block_011,1641940.8,R,1642023.1,1642072.05,3.3423177149788006,156.31958505119695,82.30000000004657,119.06704000616185,reverse,True
PV_126_011_1646567_R,PV_126,011,PV_126_block_011,1646566.55,L,1646616.0,1646632.15,0.628354360167579,45.87933543442172,49.449999999953434,85.2088740143423,same,True
PV_126_011_1646567_R,PV_126,011,PV_126_block_011,1646566.55,R,1646632.15,1646664.95,1.3163646150985864,309.38198822687144,65.5999999998603,178.29377877810742,reverse,True
PV_126_011_1649618_R,PV_126,011,PV_126_block_011,1649617.6,L,1649683.2,1649748.85,6.986294693597669,145.88060176069303,65.5999999998603,85.2956905462024,same,True
PV_126_011_1649618_R,PV_126,011,PV_126_block_011,1649617.6,R,1649683.2,1649732.7,3.539137151385696,27.45689581352618,65.5999999998603,156.28060350663077,reverse,True
PV_126_011_1652472_R,PV_126,011,PV_126_block_011,1652471.85,R,1652521.3,1652586.9,3.061809435720418,341.1038235880852,49.449999999953434,121.06920521024313,reverse,True
PV_126_011_1657770_R,PV_126,011,PV_126_block_011,1657770.3,L,1657934.4,1657967.2,1.3246913663320936,339.42926117795173,164.0999999998603,71.59446539614316,same,True
PV_126_011_1657770_R,PV_126,011,PV_126_block_011,1657770.3,L,1658016.15,1658048.95,2.065405055668273,91.88266192917855,245.8499999998603,175.95213385263003,reverse,True
PV_126_011_1657770_R,PV_126,011,PV_126_block_011,1657770.3,R,1657917.75,1657983.35,4.0663617934039955,22.67937721727137,147.44999999995343,114.84458143546283,reverse,True
PV_126_011_1657770_R,PV_126,011,PV_126_block_011,1657770.3,R,1658016.15,1658032.8,1.8496931020111882,171.55263284551853,245.8499999998603,96.28216293629004,reverse,True
PV_126_011_1659886_L,PV_126,011,PV_126_block_011,1659886.1,L,1659984.5,1660033.95,2.269301256837452,21.71763814855759,98.39999999990687,139.13750004786328,reverse,True
PV_126_011_1659886_L,PV_126,011,PV_126_block_011,1659886.1,L,1660066.8,1660099.6,1.623431593683798,31.678356934986496,180.69999999995343,149.0982188342922,reverse,True
PV_126_011_1659886_L,PV_126,011,PV_126_block_011,1659886.1,L,1660099.6,1660132.4,3.0666931400623727,174.5478845358559,213.5,68.03225356483841,same,True
PV_126_011_1659886_L,PV_126,011,PV_126_block_011,1659886.1,R,1659951.7,1660066.8,5.865972586899432,330.64734101405617,65.5999999998603,88.06720291336183,same,True
PV_126_011_1659886_L,PV_126,011,PV_126_block_011,1659886.1,R,1660082.95,1660099.6,0.6648535655221602,353.78352862472343,196.8499999998603,111.20339052402915,reverse,True
PV_126_011_1659886_L,PV_126,011,PV_126_block_011,1659886.1,R,1660115.75,1660132.4,0.8120008441323762,200.7913771285732,229.64999999990687,41.78876097212111,same,True
PV_126_011_1659886_L,PV_126,011,PV_126_block_011,1659886.1,R,1660132.4,1660198.0,3.2037797047513017,358.30347272328424,246.29999999981374,115.72333462258996,reverse,True
PV_126_011_1659952_R,PV_126,011,PV_126_block_011,1659951.7,L,1660066.8,1660099.6,1.623431593683798,31.678356934986496,115.10000000009313,61.031015920930315,same,True
PV_126_011_1659952_R,PV_126,011,PV_126_block_011,1659951.7,L,1660099.6,1660132.4,3.0666931400623727,174.5478845358559,147.9000000001397,156.09945647820027,reverse,True
PV_126_011_1659952_R,PV_126,011,PV_126_block_011,1659951.7,L,1660148.55,1660214.2,5.310103589779839,356.6588661005169,196.85000000009313,26.011525086460722,same,True
PV_126_011_1659952_R,PV_126,011,PV_126_block_011,1659951.7,R,1660082.95,1660099.6,0.6648535655221602,353.78352862472343,131.25,23.136187610667264,same,True
PV_126_011_1659952_R,PV_126,011,PV_126_block_011,1659951.7,R,1660115.75,1660132.4,0.8120008441323762,200.7913771285732,164.05000000004657,129.85596388548296,reverse,True
PV_126_011_1659952_R,PV_126,011,PV_126_block_011,1659951.7,R,1660132.4,1660198.0,3.2037797047513017,358.30347272328424,180.69999999995343,27.656131709228077,same,True
PV_126_011_1660264_R,PV_126,011,PV_126_block_011,1660263.65,L,1660296.45,1660312.6,0.5504949098942694,50.65269448705767,32.800000000046566,117.52615190176353,reverse,True
PV_126_011_1660264_R,PV_126,011,PV_126_block_011,1660263.65,R,1660296.45,1660345.4,2.257465726576336,319.51669176214693,32.800000000046566,151.33784537332576,reverse,True
PV_126_011_1663872_L,PV_126,011,PV_126_block_011,1663872.4,L,1663905.2,1663986.95,7.631600892911801,167.4200308625883,32.800000000046566,173.13512303955332,reverse,True
PV_126_011_1663872_L,PV_126,011,PV_126_block_011,1663872.4,R,1663905.2,1663921.35,0.687330261671853,25.977512358096334,32.800000000046566,45.422358455954736,same,True
PV_126_011_1684884_R,PV_126,011,PV_126_block_011,1684884.3,L,1684917.05,1684966.5,2.7759441973697285,358.86809423879265,32.75,62.40531397448717,same,True
PV_126_011_1684884_R,PV_126,011,PV_126_block_011,1684884.3,L,1684999.35,1685048.3,2.1712047551331026,105.52362773784468,115.05000000004657,44.25021952456484,same,True
PV_126_011_1725339_R,PV_126,011,PV_126_block_011,1725339.0,L,1725437.45,1725454.1,0.618843643342262,4.97321519472043,98.44999999995343,15.549343876520709,same,True
PV_126_011_1731393_R,PV_126,011,PV_126_block_011,1731393.1,L,1731622.85,1731639.0,1.0253720280465657,187.22371375767173,229.75,116.29171874364383,reverse,True
PV_126_011_1731393_R,PV_126,011,PV_126_block_011,1731393.1,R,1731622.85,1731671.85,2.1336201066365934,172.3292126795488,229.75,131.18621982176677,reverse,True
PV_126_011_1738645_L,PV_126,011,PV_126_block_011,1738645.35,L,1738710.95,1738727.1,2.8799542435314964,215.28792781148542,65.5999999998603,177.02204491986083,reverse,True
PV_126_011_1738645_L,PV_126,011,PV_126_block_011,1738645.35,L,1738759.95,1738776.6,0.7203062873743761,228.43598741266734,114.5999999998603,169.82989547895727,reverse,True
PV_126_011_1742320_R,PV_126,011,PV_126_block_011,1742320.0,R,1742385.6,1742418.45,1.65512475456806,280.5129332039816,65.60000000009313,161.55797087814778,reverse,True
PV_126_011_1749900_R,PV_126,011,PV_126_block_011,1749900.4,R,1749966.0,1749998.85,1.9282277011159155,310.3870490548254,65.60000000009313,153.5696667198315,reverse,True
PV_126_011_1764093_R,PV_126,011,PV_126_block_011,1764093.2,L,1764158.85,1764224.45,7.30031695960309,91.23833539436463,65.6500000001397,162.92333414785946,reverse,True
PV_126_011_1764585_L,PV_126,011,PV_126_block_011,1764585.4,R,1764634.9,1764651.05,2.6342855271037933,181.83857245408828,49.5,1.6165101689001915,same,True
PV_126_011_1767145_R,PV_126,011,PV_126_block_011,1767144.85,L,1767210.45,1767276.1,3.942033643712649,102.06082276968148,65.5999999998603,67.01062625395956,same,True
PV_126_011_1767145_R,PV_126,011,PV_126_block_011,1767144.85,L,1767358.35,1767374.5,0.7419459090096157,312.88563171219306,213.5,143.81418268855202,reverse,True
PV_126_011_1767145_R,PV_126,011,PV_126_block_011,1767144.85,L,1767391.15,1767407.35,1.25143665069307,338.6236353878501,246.29999999981374,169.55218636420904,reverse,True
PV_126_011_1767145_R,PV_126,011,PV_126_block_011,1767144.85,R,1767177.65,1767194.3,8.601007263212502,297.71719165391113,32.799999999813735,128.6457426302701,reverse,True
PV_126_011_1767145_R,PV_126,011,PV_126_block_011,1767144.85,R,1767194.3,1767292.75,12.83442823013598,359.4115775974784,49.449999999953434,169.65987142616262,reverse,True
PV_126_011_1767145_R,PV_126,011,PV_126_block_011,1767144.85,R,1767325.55,1767391.15,9.062090878480607,38.27007933869341,180.69999999995343,130.80136968494764,reverse,True
PV_126_011_1767145_R,PV_126,011,PV_126_block_011,1767144.85,R,1767391.15,1767489.6,7.944795646840328,205.16620276007586,246.29999999981374,36.094753736434825,same,True
PV_126_011_1767194_R,PV_126,011,PV_126_block_011,1767194.3,L,1767358.35,1767374.5,0.7419459090096157,312.88563171219306,164.05000000004657,46.52594588528535,same,True
PV_126_011_1767194_R,PV_126,011,PV_126_block_011,1767194.3,L,1767391.15,1767407.35,1.25143665069307,338.6236353878501,196.8499999998603,20.78794220962834,same,True
PV_126_011_1767194_R,PV_126,011,PV_126_block_011,1767194.3,L,1767407.35,1767505.75,5.941205536224918,163.97539598820936,213.05000000004657,164.56381839073094,reverse,True
PV_126_011_1767194_R,PV_126,011,PV_126_block_011,1767194.3,R,1767325.55,1767391.15,9.062090878480607,38.27007933869341,131.25,38.85850174121498,same,True
PV_126_011_1767194_R,PV_126,011,PV_126_block_011,1767194.3,R,1767391.15,1767489.6,7.944795646840328,205.16620276007586,196.8499999998603,154.24537483740255,reverse,True
PV_126_011_1767358_R,PV_126,011,PV_126_block_011,1767358.35,L,1767391.15,1767407.35,1.25143665069307,338.6236353878501,32.799999999813735,133.4574326277742,reverse,True
PV_126_011_1767358_R,PV_126,011,PV_126_block_011,1767358.35,L,1767407.35,1767505.75,5.941205536224918,163.97539598820936,49.0,41.190806771866505,same,True
PV_126_011_1774446_R,PV_126,011,PV_126_block_011,1774445.6,L,1774494.55,1774544.0,4.385567748784759,17.37230919912686,48.949999999953434,72.67599769038131,same,True
PV_126_011_1780581_R,PV_126,011,PV_126_block_011,1780580.7,L,1780629.7,1780646.35,1.7824671949814266,256.32409439768423,49.0,92.35045526954036,reverse,True
PV_126_011_1780581_R,PV_126,011,PV_126_block_011,1780580.7,L,1780646.35,1780777.6,6.577422566543403,117.23455264324767,65.6500000001397,46.739086484896205,same,True
PV_126_011_1780581_R,PV_126,011,PV_126_block_011,1780580.7,R,1780646.35,1780662.5,2.761746046391645,272.3150887611535,65.6500000001397,108.34144963300963,reverse,True
PV_126_011_1780581_R,PV_126,011,PV_126_block_011,1780580.7,R,1780662.5,1780728.1,8.985306957256471,7.6677669652610465,81.80000000004657,156.30587216288282,reverse,True
PV_126_011_1786502_R,PV_126,011,PV_126_block_011,1786502.5,L,1786551.95,1786600.9,2.426999324380924,14.83555070846932,49.449999999953434,7.109808399739421,same,True
PV_126_011_1786502_R,PV_126,011,PV_126_block_011,1786502.5,R,1786748.8,1786781.6,7.32233076120352,219.66863310415025,246.30000000004657,162.2767260040585,reverse,True
PV_126_011_1797642_L,PV_126,011,PV_126_block_011,1797641.5,R,1797723.25,1797772.7,3.2874698641888394,280.80874893156385,81.75,9.251057417890365,same,True
PV_126_011_1801218_L,PV_126,011,PV_126_block_011,1801217.9,R,1801266.9,1801299.7,1.1024127455801285,294.33717416731906,49.0,165.4553827215596,reverse,True
PV_126_011_1801218_L,PV_126,011,PV_126_block_011,1801217.9,R,1801316.35,1801365.3,6.891137143887297,20.817523205913652,98.45000000018626,78.97503368296503,same,True
PV_126_011_1801218_L,PV_126,011,PV_126_block_011,1801217.9,R,1801365.3,1801381.95,0.6456214353123962,229.66229393535235,147.4000000001397,129.8697370464737,reverse,True
PV_126_011_1801218_L,PV_126,011,PV_126_block_011,1801217.9,R,1801398.15,1801447.6,2.547950068260654,190.36818318799638,180.25,90.57562629911769,reverse,True
PV_126_011_1804450_R,PV_126,011,PV_126_block_011,1804450.25,L,1804499.7,1804515.85,0.8009234484721971,256.83275028269804,49.449999999953434,94.97979457543363,reverse,True
PV_126_011_1804450_R,PV_126,011,PV_126_block_011,1804450.25,L,1804515.85,1804532.5,0.7402683461621705,134.2069484465788,65.60000000009313,27.64600726068562,same,True
PV_126_011_1804450_R,PV_126,011,PV_126_block_011,1804450.25,L,1804565.35,1804598.15,1.4726935302532218,7.863612972330122,115.10000000009313,153.9893427349343,reverse,True
PV_126_011_1804450_R,PV_126,011,PV_126_block_011,1804450.25,R,1804548.7,1804598.15,3.6067564646510712,349.0723931503832,98.44999999995343,172.7805625568812,reverse,True
PV_126_011_1806895_L,PV_126,011,PV_126_block_011,1806895.15,L,1806927.95,1807026.4,16.964001688422396,147.5414301033639,32.800000000046566,178.81525061483234,reverse,False
PV_126_011_1806895_L,PV_126,011,PV_126_block_011,1806895.15,R,1806927.95,1807108.2,12.654659148485786,25.225309490589687,32.800000000046566,56.49913000205811,same,False
PV_126_011_1823991_R,PV_126,011,PV_126_block_011,1823990.8,L,1824039.8,1824105.45,7.848848908781837,189.24858278605157,49.0,18.792102681534203,same,True
PV_126_011_1823991_R,PV_126,011,PV_126_block_011,1823990.8,R,1824039.8,1824138.25,16.194537170437453,346.9515300938138,49.0,176.49504998929643,reverse,True
PV_126_011_592926_L,PV_126,011,PV_126_block_011,592925.7,L,593138.7,593155.35,0.747937180944655,209.15180956680427,213.0,71.76770221856805,same,True
PV_126_011_592926_L,PV_126,011,PV_126_block_011,592925.7,L,593171.5,593204.3,1.6715243748508417,193.8416814490847,245.80000000004657,56.45757410084846,same,True
PV_126_011_634737_L,PV_126,011,PV_126_block_011,634737.0,L,634901.0,634917.65,3.665315719920613,153.848810382698,164.0,175.74448442331231,reverse,True
PV_126_011_634737_L,PV_126,011,PV_126_block_011,634737.0,L,634917.65,634999.4,5.4263694613488225,338.42315120129916,180.65000000002328,8.829856395288857,same,True
PV_126_011_634737_L,PV_126,011,PV_126_block_011,634737.0,R,634852.05,634868.2,0.8465127441469861,20.764522543385347,115.05000000004657,51.171227737375034,same,True
PV_126_011_634737_L,PV_126,011,PV_126_block_011,634737.0,R,634868.2,634884.85,3.1496392654032292,187.37024886633407,131.19999999995343,142.22304593967624,reverse,True
PV_126_011_634737_L,PV_126,011,PV_126_block_011,634737.0,R,634917.65,634933.75,0.5246152706872037,242.58184567624835,180.65000000002328,87.01144912976196,same,True
PV_126_011_634737_L,PV_126,011,PV_126_block_011,634737.0,R,634950.4,634999.4,3.224989838025101,20.640817340588423,213.40000000002328,51.04752253457809,same,True
PV_126_011_638706_L,PV_126,011,PV_126_block_011,638706.2,L,638755.65,638870.15,8.080023134855178,125.96127677166594,49.45000000006985,160.28426898830986,reverse,False
PV_126_011_638706_L,PV_126,011,PV_126_block_011,638706.2,R,638722.85,638837.35,19.362946850652026,331.4587112709051,16.650000000023283,5.781703487549009,same,False
PV_126_011_719936_L,PV_126,011,PV_126_block_011,719936.3,L,719985.8,720067.55,6.290937077983046,188.3963191590027,49.5,110.17727162204108,reverse,True
PV_126_011_719936_L,PV_126,011,PV_126_block_011,719936.3,R,719985.8,720018.6,1.2313303480906241,122.54696493180472,49.5,176.02662584923905,reverse,True
PV_126_011_766325_L,PV_126,011,PV_126_block_011,766324.55,L,766374.0,766472.4,12.007515895882849,104.03938618858757,49.449999999953434,132.9730691427422,reverse,False
PV_126_011_766325_L,PV_126,011,PV_126_block_011,766324.55,L,766505.2,766521.35,0.5993906016763159,181.5455338370004,180.64999999990687,149.520783208845,reverse,True
PV_126_011_766325_L,PV_126,011,PV_126_block_011,766324.55,R,766341.2,766374.0,9.350465036901952,187.180695035189,16.649999999906868,143.8856220106564,reverse,False
PV_126_011_766325_L,PV_126,011,PV_126_block_011,766324.55,R,766374.0,766390.15,1.0290305917045615,282.10729447563955,49.449999999953434,48.95902257020583,same,True
PV_126_011_766325_L,PV_126,011,PV_126_block_011,766324.55,R,766390.15,766472.4,14.697769219628237,9.636439159759036,65.59999999997672,38.57012211391367,same,False
PV_126_011_766325_L,PV_126,011,PV_126_block_011,766324.55,R,766538.0,766570.8,1.5367344220492574,184.23000072058025,213.44999999995343,146.83631632526513,reverse,True
PV_126_011_876683_L,PV_126,011,PV_126_block_011,876682.55,R,876830.4,876879.4,2.412388979049254,337.54504018845284,147.84999999997672,172.9935193765183,reverse,True
PV_126_011_887723_L,PV_126,011,PV_126_block_011,887723.05,L,887772.0,887837.6,6.773175781238723,163.15002693251483,48.949999999953434,177.20542826763392,reverse,True
PV_126_011_887723_L,PV_126,011,PV_126_block_011,887723.05,R,887854.25,887870.45,0.5131397708164536,47.02700474063612,131.19999999995343,66.67154954048738,same,True
PV_126_011_887772_L,PV_126,011,PV_126_block_011,887772.0,R,887854.25,887870.45,0.5131397708164536,47.02700474063612,82.25,116.1230221918787,reverse,True
PV_126_011_944550_L,PV_126,011,PV_126_block_011,944549.95,R,944582.75,944648.35,6.380952082609942,26.08971513882235,32.800000000046566,166.17167125133165,reverse,False
PV_126_011_1023757_L,PV_126,011,PV_126_block_011,1023756.7,R,1023806.15,1023822.3,2.954050375829642,144.98077351450647,49.45000000006985,125.73927572900513,reverse,True
PV_126_011_1023757_L,PV_126,011,PV_126_block_011,1023756.7,R,1023822.3,1023904.6,9.429409758004772,14.238107500932552,65.60000000009313,103.51805825742093,reverse,True
PV_126_011_1041504_L,PV_126,011,PV_126_block_011,1041504.3,L,1041586.55,1041635.5,3.158721128956959,250.11258697105438,82.25,33.77803148632228,same,True
PV_126_011_1041504_L,PV_126,011,PV_126_block_011,1041504.3,R,1041602.7,1041619.35,0.6499753682331015,66.80982723297642,98.39999999990687,142.91920877559977,reverse,True
PV_126_011_1056776_L,PV_126,011,PV_126_block_011,1056775.5,R,1056873.95,1056906.75,5.545642426469048,1.5719809005204697,98.44999999995343,143.98160074348417,reverse,True
PV_126_011_1056776_L,PV_126,011,PV_126_block_011,1056775.5,R,1056906.75,1056939.55,1.4311491140484218,280.7620030317103,131.25,135.2084213877057,reverse,True
PV_126_011_1239105_L,PV_126,011,PV_126_block_011,1239105.15,R,1239121.8,1239203.55,8.967056693937641,42.54935886419526,16.6500000001397,146.3254988067061,reverse,False
PV_126_011_1448230_L,PV_126,011,PV_126_block_011,1448230.5,L,1448460.25,1448493.05,1.7282846599442672,11.516155555064978,229.75,162.3272856240419,reverse,True
PV_126_011_1448230_L,PV_126,011,PV_126_block_011,1448230.5,R,1448444.1,1448509.7,4.775613185462517,341.45318678590075,213.60000000009313,132.26431685487768,reverse,True
PV_126_011_1576453_L,PV_126,011,PV_126_block_011,1576453.3,R,1576486.1,1576502.75,1.8415517938254808,301.65732082894505,32.800000000046566,132.61521056689497,reverse,True
PV_126_011_1576453_L,PV_126,011,PV_126_block_011,1576453.3,R,1576502.75,1576551.7,6.589841776998485,60.834637524458465,49.449999999953434,108.20747273759162,reverse,True
PV_126_011_1710525_L,PV_126,011,PV_126_block_011,1710524.85,L,1710573.8,1710656.1,10.07069870105362,158.65051432203438,48.949999999953434,174.5336068195782,reverse,False
PV_126_011_1780646_L,PV_126,011,PV_126_block_011,1780646.35,R,1780662.5,1780728.1,8.985306957256471,7.6677669652610465,16.149999999906868,109.56678567798662,reverse,False
PV_126_011_219969_R,PV_126,011,PV_126_block_011,219969.25,L,220034.85,220051.0,1.1827868822577778,208.84554003060853,65.60000000000582,98.79999546438518,reverse,True
PV_126_011_398535_R,PV_126,011,PV_126_block_011,398535.1,L,398567.9,398633.5,15.8296963246885,15.921772748491861,32.800000000046566,127.50451915782025,reverse,False
PV_126_011_398535_R,PV_126,011,PV_126_block_011,398535.1,R,398600.7,398633.5,8.912408150067815,292.6030925715029,65.60000000003492,44.18583898083125,same,True
PV_126_011_398535_R,PV_126,011,PV_126_block_011,398535.1,R,398650.15,398699.1,2.3903144843447124,333.0299797229573,115.05000000004657,84.61272613228567,same,True
PV_126_011_624535_R,PV_126,011,PV_126_block_011,624534.6,L,624633.05,624665.85,1.3283224201622652,212.19342249465222,98.45000000006985,174.60192180867443,reverse,True
PV_126_011_624535_R,PV_126,011,PV_126_block_011,624534.6,R,624665.85,624682.5,0.791937803995561,160.3249106022615,131.25,133.5295662989348,reverse,True
PV_126_011_641478_R,PV_126,011,PV_126_block_011,641478.2,L,641559.9,641576.55,1.1557484033961758,152.20010512926015,81.70000000006985,44.66149785198007,same,True
PV_126_011_641478_R,PV_126,011,PV_126_block_011,641478.2,L,641576.55,641642.15,4.228082040174032,64.75889542291928,98.35000000009313,42.779711854360784,same,True
PV_126_011_641478_R,PV_126,011,PV_126_block_011,641478.2,R,641609.35,641625.5,0.6233607313737861,335.8646538339836,131.15000000002328,131.67395344329645,reverse,True
PV_126_011_644365_R,PV_126,011,PV_126_block_011,644364.7,L,644413.7,644479.3,4.526289881040774,168.97981209873626,49.0,161.03863496733766,reverse,True
PV_126_011_644365_R,PV_126,011,PV_126_block_011,644364.7,L,644512.1,644528.75,2.6615450304212156,4.816778596557853,147.40000000002328,3.1243985348407364,same,True
PV_126_011_644365_R,PV_126,011,PV_126_block_011,644364.7,L,644528.75,644544.9,0.7899213219377728,143.7085356628311,164.05000000004657,135.76735853143254,reverse,True
PV_126_011_644365_R,PV_126,011,PV_126_block_011,644364.7,L,644561.55,644594.4,1.4222878363823659,118.0969858880949,196.85000000009313,110.15580875669633,reverse,True
PV_126_011_644365_R,PV_126,011,PV_126_block_011,644364.7,R,644397.5,644495.95,9.947629166283697,191.928979499311,32.800000000046566,176.01219763208758,reverse,False
PV_126_011_644365_R,PV_126,011,PV_126_block_011,644364.7,R,644528.75,644544.9,1.6862042346211201,22.864403930360982,164.05000000004657,14.923226798962418,same,True
PV_126_011_644365_R,PV_126,011,PV_126_block_011,644364.7,R,644544.9,644627.2,6.680419454110496,225.93622195117882,180.20000000006985,142.00495518021978,reverse,True
PV_126_011_659801_R,PV_126,011,PV_126_block_011,659801.3,R,659965.4,659998.2,1.741927186177506,93.95819626190676,164.09999999997672,175.06159340555945,reverse,True
PV_126_011_766390_R,PV_126,011,PV_126_block_011,766390.15,L,766505.2,766521.35,0.5993906016763159,181.5455338370004,115.04999999993015,171.90909467724134,reverse,True
PV_126_011_766390_R,PV_126,011,PV_126_block_011,766390.15,R,766538.0,766570.8,1.5367344220492574,184.23000072058025,147.84999999997672,174.59356156082123,reverse,True
PV_126_011_771951_R,PV_126,011,PV_126_block_011,771950.75,R,772065.35,772098.15,1.4547381817171188,290.55979219164806,114.59999999997672,141.54277817427146,reverse,True
PV_126_011_828554_R,PV_126,011,PV_126_block_011,828553.95,R,828570.6,828619.5,9.79005018229152,318.80146194778877,16.650000000023283,155.24541549783578,reverse,False
PV_126_011_838953_R,PV_126,011,PV_126_block_011,838953.45,L,839019.1,839051.9,1.7282261777980457,231.24236519473305,65.65000000002328,148.28866136721547,reverse,True
PV_126_011_838953_R,PV_126,011,PV_126_block_011,838953.45,R,839002.9,839019.1,0.7892329686572637,126.65648751935088,49.45000000006985,107.12546095740237,reverse,True
PV_126_011_838953_R,PV_126,011,PV_126_block_011,838953.45,R,839035.75,839051.9,0.658790274064318,69.50618658236688,82.30000000004657,49.9751600204184,same,True
PV_126_011_847532_R,PV_126,011,PV_126_block_011,847532.4,L,847614.15,847646.95,1.537190964652819,339.4534693600927,81.75,112.7244949601635,reverse,True
PV_126_011_847532_R,PV_126,011,PV_126_block_011,847532.4,R,847581.35,847598.0,0.7287885318845565,322.86826364511916,48.949999999953434,96.13928924518996,reverse,True
PV_126_011_847532_R,PV_126,011,PV_126_block_011,847532.4,R,847614.15,847712.6,8.52615154878341,34.102877935428566,81.75,167.37390353549932,reverse,False
PV_126_011_854488_R,PV_126,011,PV_126_block_011,854487.95,L,854520.75,854536.95,2.496305161676292,327.72529544672005,32.800000000046566,125.81660629377393,reverse,True
PV_126_011_854488_R,PV_126,011,PV_126_block_011,854487.95,L,854536.95,854553.6,2.3275288329179995,209.44914348148438,49.0,7.54045432853826,same,True
PV_126_011_854488_R,PV_126,011,PV_126_block_011,854487.95,L,854619.2,854635.35,0.5067304384742193,217.44932894145907,131.25,15.540639788512948,same,True
PV_126_011_854488_R,PV_126,011,PV_126_block_011,854487.95,R,854536.95,854635.35,10.534625652869728,15.485561185913767,49.0,173.57687203296763,reverse,True
PV_126_011_895286_R,PV_126,011,PV_126_block_011,895285.85,R,895400.95,895417.1,0.7224850215521638,94.0979034485645,115.09999999997672,1.2554489445174681,same,True
PV_126_011_895286_R,PV_126,011,PV_126_block_011,895285.85,R,895482.7,895548.35,3.306496744153337,335.2317536052233,196.84999999997672,120.12159878785866,reverse,True
PV_126_011_905343_R,PV_126,011,PV_126_block_011,905343.0,L,905424.8,905474.25,4.572588504361269,268.49681478651456,81.80000000004657,66.27247952337146,same,True
PV_126_011_905343_R,PV_126,011,PV_126_block_011,905343.0,L,905490.4,905507.05,0.7712819451220324,277.1558499770599,147.40000000002328,74.93151471391681,same,True
PV_126_011_905343_R,PV_126,011,PV_126_block_011,905343.0,L,905523.25,905556.05,1.4139654177893128,267.8788599059576,180.25,65.6545246428145,same,True
PV_126_011_905343_R,PV_126,011,PV_126_block_011,905343.0,R,905424.8,905457.6,4.035130917702084,21.828396248499995,81.80000000004657,179.6040609853569,reverse,True
PV_126_011_905343_R,PV_126,011,PV_126_block_011,905343.0,R,905474.25,905507.05,4.245703764687357,332.9221048071721,131.25,130.69776954402903,reverse,True
PV_126_011_914005_R,PV_126,011,PV_126_block_011,914005.15,L,914037.95,914086.9,4.888033498146855,333.4699583262207,32.79999999993015,144.69866146692516,reverse,True
PV_126_011_914005_R,PV_126,011,PV_126_block_011,914005.15,L,914086.9,914152.55,5.15971239877094,99.04763249434332,81.75,89.7236643649522,same,True
PV_126_011_914005_R,PV_126,011,PV_126_block_011,914005.15,L,914169.2,914218.15,2.6703395374857566,166.913014127407,164.04999999993015,21.858282731888522,same,True
PV_126_011_914005_R,PV_126,011,PV_126_block_011,914005.15,R,914054.1,914136.35,14.329921156573072,351.6302412957581,48.949999999953434,162.8589444364626,reverse,False
PV_126_011_919796_R,PV_126,011,PV_126_block_011,919796.4,L,919878.7,919894.85,0.8399023781105008,48.90222506654087,82.29999999993015,136.0307556970314,reverse,True
PV_126_011_919796_R,PV_126,011,PV_126_block_011,919796.4,L,919894.85,919944.35,3.511871854426477,198.82204359582278,98.44999999995343,74.04942577368666,same,True
PV_126_011_919796_R,PV_126,011,PV_126_block_011,919796.4,R,919944.35,919993.3,2.8705394823047583,10.849404348135854,147.94999999995343,97.97793497862642,reverse,True
PV_126_011_930492_R,PV_126,011,PV_126_block_011,930492.15,L,930557.75,930574.4,0.5343037824101632,4.306839765522769,65.59999999997672,0.5121853652992456,same,True
PV_126_011_1054167_R,PV_126,011,PV_126_block_011,1054166.95,L,1054216.4,1054232.55,1.0416037420012754,39.14863927894921,49.449999999953434,154.0644258010096,reverse,True
PV_126_011_1054167_R,PV_126,011,PV_126_block_011,1054166.95,R,1054216.4,1054232.55,1.4646223758595531,305.82034813149204,49.449999999953434,112.60728305153322,reverse,True
PV_126_011_1054167_R,PV_126,011,PV_126_block_011,1054166.95,R,1054232.55,1054314.85,9.799543805033228,23.091922266013086,65.60000000009313,170.12114281394574,reverse,False
PV_126_011_1056874_R,PV_126,011,PV_126_block_011,1056873.95,R,1056906.75,1056939.55,1.4311491140484218,280.7620030317103,32.800000000046566,80.80997786881017,same,True
PV_126_011_1062254_R,PV_126,011,PV_126_block_011,1062254.35,L,1062319.95,1062352.75,2.2015243317612407,278.00022893202424,65.5999999998603,85.52482664154297,same,True
PV_126_011_1062254_R,PV_126,011,PV_126_block_011,1062254.35,L,1062368.95,1062434.55,5.00159145872143,174.49354470974552,114.5999999998603,17.98185758073575,same,True
PV_126_011_1062254_R,PV_126,011,PV_126_block_011,1062254.35,R,1062336.1,1062368.95,9.394852912316658,357.47744313985066,81.75,165.0020408493694,reverse,True
PV_126_011_1062254_R,PV_126,011,PV_126_block_011,1062254.35,R,1062385.6,1062418.4,1.0134541961941024,340.98442896143246,131.25,148.5090266709512,reverse,True
PV_126_011_1089221_R,PV_126,011,PV_126_block_011,1089221.45,L,1089303.25,1089319.9,0.6385996544424798,274.42248861660505,81.80000000004657,23.85517089842648,same,True
PV_126_011_1089221_R,PV_126,011,PV_126_block_011,1089221.45,R,1089303.25,1089336.05,1.3367395842729604,256.2270542038299,81.80000000004657,42.05060531120165,same,True
PV_126_011_1163088_R,PV_126,011,PV_126_block_011,1163088.05,L,1163137.5,1163153.7,4.359433126175427,190.91528436091608,49.449999999953434,91.00107272690536,reverse,True
PV_126_011_1163088_R,PV_126,011,PV_126_block_011,1163088.05,L,1163186.5,1163235.95,3.0797910205652164,174.6697943041588,98.44999999995343,74.7555826701481,same,True
PV_126_011_1163088_R,PV_126,011,PV_126_block_011,1163088.05,L,1163317.7,1163334.35,0.8692379465179569,172.45701491343183,229.64999999990687,72.54280327942115,same,True
PV_126_011_1163088_R,PV_126,011,PV_126_block_011,1163088.05,R,1163301.55,1163317.7,0.7719464636230259,328.00268692354496,213.5,131.91152471046576,reverse,True
PV_126_011_1163088_R,PV_126,011,PV_126_block_011,1163088.05,R,1163334.35,1163350.5,1.1876912106636663,175.21576662645063,246.30000000004657,75.30155499243995,same,True
PV_126_011_1211661_R,PV_126,011,PV_126_block_011,1211661.05,L,1211808.4,1211841.2,,,147.3499999998603,,unknown,False
PV_126_011_1211661_R,PV_126,011,PV_126_block_011,1211661.05,R,1211775.6,1211792.25,0.7715851123938087,8.101428111045042,114.55000000004657,33.399113773232045,same,True
PV_126_011_1211661_R,PV_126,011,PV_126_block_011,1211661.05,R,1211825.05,1211841.2,,,164.0,,unknown,False
PV_126_011_1278541_R,PV_126,011,PV_126_block_011,1278540.7,L,1278721.35,1278754.2,1.2269513939186398,351.55345975945863,180.6500000001397,152.84571407587248,reverse,True
PV_126_011_1278541_R,PV_126,011,PV_126_block_011,1278540.7,R,1278721.35,1278770.3,2.6591942094976293,336.35430840221835,180.6500000001397,168.04486543311276,reverse,True
PV_126_011_1333985_R,PV_126,011,PV_126_block_011,1333984.9,L,1334001.55,1334083.35,11.539829032252642,170.10460871298667,16.6500000001397,134.338730749794,reverse,False
PV_126_011_1333985_R,PV_126,011,PV_126_block_011,1333984.9,R,1334017.75,1334083.35,5.26031965784522,111.89846130048242,32.85000000009313,167.45512183770177,reverse,True
PV_126_011_1368646_R,PV_126,011,PV_126_block_011,1368646.5,L,1368695.5,1368728.3,1.2475857995403254,253.65501418066154,49.0,19.13129296352932,same,True
PV_126_011_1426215_R,PV_126,011,PV_126_block_011,1426214.9,L,1426231.55,1426313.35,7.212144132452731,167.5122217890833,16.6500000001397,175.5229893662647,reverse,False
PV_126_011_1426215_R,PV_126,011,PV_126_block_011,1426214.9,R,1426231.55,1426411.75,13.087889599108669,312.4281371398276,16.6500000001397,30.607074015520425,same,False
PV_126_011_1426215_R,PV_126,011,PV_126_block_011,1426214.9,R,1426428.4,1426444.6,0.553209271342578,355.0201630265595,213.5,11.984951871211479,same,True
PV_126_011_1426658_R,PV_126,011,PV_126_block_011,1426658.1,R,1426756.55,1426822.15,10.848762088073558,104.03820860174817,98.44999999995343,139.11729300209737,reverse,False
PV_126_011_1426658_R,PV_126,011,PV_126_block_011,1426658.1,R,1426822.15,1426871.15,8.980938862421365,250.3344804922471,164.04999999981374,74.5864351074037,same,False
PV_126_011_1426658_R,PV_126,011,PV_126_block_011,1426658.1,R,1426871.15,1426920.6,1.8866690451435424,41.800614067153134,213.04999999981374,76.8796984675023,same,True
PV_126_011_1479123_R,PV_126,011,PV_126_block_011,1479123.05,L,1479172.0,1479188.65,1.6673323348430196,254.28077613240418,48.949999999953434,56.383280613361336,same,True
PV_126_011_1479123_R,PV_126,011,PV_126_block_011,1479123.05,R,1479188.65,1479254.25,7.358120147085346,2.215135369519752,65.5999999998603,164.3176398504769,reverse,True
PV_126_011_1479123_R,PV_126,011,PV_126_block_011,1479123.05,R,1479270.4,1479287.05,0.505834108365347,357.1858767278393,147.3499999998603,159.2883812087964,reverse,True
PV_126_011_1599174_R,PV_126,011,PV_126_block_011,1599174.45,R,1599354.7,1599387.55,1.0677627426413898,332.0389955836981,180.25,163.4182581523496,reverse,True
PV_126_011_1767178_R,PV_126,011,PV_126_block_011,1767177.65,L,1767210.45,1767276.1,3.942033643712649,102.06082276968148,32.800000000046566,164.34363111577034,reverse,True
PV_126_011_1767178_R,PV_126,011,PV_126_block_011,1767177.65,L,1767358.35,1767374.5,0.7419459090096157,312.88563171219306,180.70000000018626,15.16844005828193,same,True
PV_126_011_1767178_R,PV_126,011,PV_126_block_011,1767177.65,L,1767391.15,1767407.35,1.25143665069307,338.6236353878501,213.5,40.90644373393894,same,True
PV_126_011_1767178_R,PV_126,011,PV_126_block_011,1767177.65,L,1767407.35,1767505.75,5.941205536224918,163.97539598820936,229.70000000018626,133.74179566570177,reverse,True
PV_126_011_1767178_R,PV_126,011,PV_126_block_011,1767177.65,R,1767194.3,1767292.75,12.83442823013598,359.4115775974784,16.6500000001397,61.69438594356728,same,False
PV_126_011_1767178_R,PV_126,011,PV_126_block_011,1767177.65,R,1767325.55,1767391.15,9.062090878480607,38.27007933869341,147.9000000001397,100.55288768478226,reverse,False
PV_126_011_1767178_R,PV_126,011,PV_126_block_011,1767177.65,R,1767391.15,1767489.6,7.944795646840328,205.16620276007586,213.5,92.55098889383527,reverse,True
PV_126_011_1767326_R,PV_126,011,PV_126_block_011,1767325.55,L,1767358.35,1767374.5,0.7419459090096157,312.88563171219306,32.800000000046566,85.38444762650033,same,True
PV_126_011_1767326_R,PV_126,011,PV_126_block_011,1767325.55,L,1767391.15,1767407.35,1.25143665069307,338.6236353878501,65.5999999998603,59.64644395084332,same,True
PV_126_011_1767326_R,PV_126,011,PV_126_block_011,1767325.55,L,1767407.35,1767505.75,5.941205536224918,163.97539598820936,81.80000000004657,125.70531664951596,reverse,True
PV_126_011_1767326_R,PV_126,011,PV_126_block_011,1767325.55,R,1767391.15,1767489.6,7.944795646840328,205.16620276007586,65.5999999998603,166.89612342138247,reverse,True
PV_126_011_1801316_R,PV_126,011,PV_126_block_011,1801316.35,R,1801365.3,1801381.95,0.6456214353123962,229.66229393535235,48.949999999953434,151.15522927056134,reverse,True
PV_126_011_1801316_R,PV_126,011,PV_126_block_011,1801316.35,R,1801398.15,1801447.6,2.547950068260654,190.36818318799638,81.79999999981374,169.55065998208272,reverse,True
PV_126_012_430549_L,PV_126,012,PV_126_block_012,430549.45,L,430664.55,430697.35,2.2863746677201915,231.0161242527436,115.09999999997672,173.40378488254032,reverse,True
PV_126_012_430549_L,PV_126,012,PV_126_block_012,430549.45,R,430615.1,430631.75,5.547904854795246,100.06357859848836,65.64999999996508,42.45123922828512,same,True
PV_126_012_430549_L,PV_126,012,PV_126_block_012,430549.45,R,430631.75,430664.55,9.57873294265851,326.89528768625104,82.29999999998836,90.7170516839522,reverse,True
PV_126_012_430549_L,PV_126,012,PV_126_block_012,430549.45,R,430664.55,430713.5,3.249362862709771,144.7381762175784,115.09999999997672,87.12583684737513,same,True
