animal,block,block_key,event_id,saccade_on_ms,saccade_off_ms,amp_deg,overall_angle_deg,primary_eye,concurrency,eyes,n_constituents
PV_106,008,PV_106_block_008,PV_106_008_87320_R,87319.75,87336.4,0.7249398160056449,356.0273286094534,R,binocular,2,2
PV_106,008,PV_106_block_008,PV_106_008_171402_L,171402.25,171485.5,7.281168541189229,92.31415042619379,L,binocular,2,2
PV_106,008,PV_106_block_008,PV_106_008_179910_L,179910.4,179993.65,6.7146234126515765,17.295815803740343,L,binocular,2,2
PV_106,008,PV_106_block_008,PV_106_008_180959_R,180959.35,181009.3,0.5097373477146057,196.90673978462223,R,binocular,2,2
PV_106,008,PV_106_block_008,PV_106_008_199324_R,199324.3,199357.6,1.8191997347107998,294.76821151429874,R,binocular,2,2
PV_106,008,PV_106_block_008,PV_106_008_236371_R,236370.55,236437.15,4.923809925116044,342.7551692900831,R,binocular,2,2
PV_106,008,PV_106_block_008,PV_106_008_256018_R,256017.55,256067.5,1.9230654691918112,326.6823781516561,R,binocular,2,2
PV_106,008,PV_106_block_008,PV_106_008_273334_R,273333.55,273366.85,1.6796522983968707,146.72656593122204,R,binocular,2,2
PV_106,008,PV_106_block_008,PV_106_008_338269_L,338268.55,338351.8,5.433354925453221,342.51719566329734,L,binocular,2,2
PV_106,008,PV_106_block_008,PV_106_008_364626_R,364625.5,364708.75,3.401631722394105,286.42772100271793,R,binocular,2,2
PV_106,008,PV_106_block_008,PV_106_008_399657_L,399657.1,399773.65,18.944411773537897,314.71821457230783,L,binocular,2,2
PV_106,008,PV_106_block_008,PV_106_008_484605_L,484605.4,484688.65,10.03554510175634,155.26161703130873,L,binocular,2,2
PV_106,008,PV_106_block_008,PV_106_008_518788_L,518787.85,518937.7,20.8204643726309,323.61506805386745,L,binocular,2,2
PV_106,008,PV_106_block_008,PV_106_008_549257_L,549257.35,549340.6,7.093253705127265,18.39367324090345,L,binocular,2,2
PV_106,008,PV_106_block_008,PV_106_008_549374_L,549373.9,549390.55,0.5696152373164949,240.54243974319434,L,binocular,2,2
PV_106,008,PV_106_block_008,PV_106_008_620919_L,620918.95,620935.6,0.8765460101697847,30.506999702551067,L,binocular,2,2
PV_106,008,PV_106_block_008,PV_106_008_624499_L,624498.7,624548.65,2.382085890656824,14.006618323712136,L,binocular,2,2
PV_106,008,PV_106_block_008,PV_106_008_650606_L,650605.9,650672.5,10.025337630856786,331.0506009639352,L,binocular,2,2
PV_106,008,PV_106_block_008,PV_106_008_734439_R,734438.65,734488.6,3.56064505924468,18.632051282015244,R,binocular,2,2
PV_106,008,PV_106_block_008,PV_106_008_736703_L,736703.05,736769.65,5.1735691457382424,31.078003232044235,L,binocular,2,2
PV_106,008,PV_106_block_008,PV_106_008_769886_L,769886.5,769919.8,0.6253392370034142,9.156044198363903,L,binocular,2,2
PV_106,008,PV_106_block_008,PV_106_008_799240_L,799240.45,799290.4,2.137098374239456,262.18328694638274,L,binocular,2,2
PV_106,008,PV_106_block_008,PV_106_008_799940_L,799939.75,799989.7,3.117766483637188,0.6812809652790267,L,binocular,2,2
PV_106,008,PV_106_block_008,PV_106_008_809713_L,809713.3,809796.55,5.252452889687125,234.31084019286544,L,binocular,2,2
PV_106,008,PV_106_block_008,PV_106_008_821668_R,821668.0,821684.65,0.7354529505762069,306.8038035455651,R,binocular,2,2
PV_106,008,PV_106_block_008,PV_106_008_851155_R,851155.15,851271.7,7.528267441870485,250.19118070626757,R,binocular,2,2
PV_106,008,PV_106_block_008,PV_106_008_861778_R,861777.85,861861.1,6.076606967228133,270.84456947996733,R,binocular,2,2
PV_106,008,PV_106_block_008,PV_106_008_924598_R,924598.3,924681.55,7.160196707696032,291.1796648516429,R,binocular,2,2
PV_106,008,PV_106_block_008,PV_106_008_930209_R,930209.35,930275.95,4.9619130505507645,304.561264010005,R,binocular,2,2
PV_106,008,PV_106_block_008,PV_106_008_50656_L,50656.45,50773.0,6.405611878777194,297.76983804367273,L,monocular,1,1
PV_106,008,PV_106_block_008,PV_106_008_58632_L,58631.8,58648.45,0.5187715899385551,133.97214011174506,L,monocular,1,1
PV_106,008,PV_106_block_008,PV_106_008_91632_L,91632.1,91648.75,1.2164739718888908,90.22009848147512,L,monocular,1,1
PV_106,008,PV_106_block_008,PV_106_008_95678_L,95678.05,95711.35,0.8637487187184114,272.62472663741966,L,monocular,1,1
PV_106,008,PV_106_block_008,PV_106_008_97726_L,97726.0,97742.65,1.1749854626790253,267.73150073542695,L,monocular,1,1
PV_106,008,PV_106_block_008,PV_106_008_99458_L,99457.6,99490.9,0.9342272681590525,254.59738977974382,L,monocular,1,1
PV_106,008,PV_106_block_008,PV_106_008_99607_L,99607.45,99624.1,1.2524810705552407,85.2064758580615,L,monocular,1,1
PV_106,008,PV_106_block_008,PV_106_008_99624_L,99624.1,99640.75,1.0353291071437514,263.35123646518457,L,monocular,1,1
PV_106,008,PV_106_block_008,PV_106_008_99641_L,99640.75,99674.05,0.9779894767857306,85.88142332764336,L,monocular,1,1
PV_106,008,PV_106_block_008,PV_106_008_104170_L,104169.55,104186.2,1.077230116963985,86.4646215002914,L,monocular,1,1
PV_106,008,PV_106_block_008,PV_106_008_116374_L,116374.0,116390.65,0.5374122516955523,334.33548456096713,L,monocular,1,1
PV_106,008,PV_106_block_008,PV_106_008_118455_L,118455.25,118488.55,1.6022285109025396,185.50416418373322,L,monocular,1,1
PV_106,008,PV_106_block_008,PV_106_008_121336_L,121335.7,121352.35,0.586701560174387,245.30372267021642,L,monocular,1,1
PV_106,008,PV_106_block_008,PV_106_008_130443_L,130443.25,130459.9,0.7135175898202978,126.40507971821211,L,monocular,1,1
PV_106,008,PV_106_block_008,PV_106_008_147543_L,147542.8,147626.05,4.769088683030978,139.74245981376333,L,monocular,1,1
PV_106,008,PV_106_block_008,PV_106_008_181958_L,181958.35,181975.0,0.5125606309337126,9.397301661688953,L,monocular,1,1
PV_106,008,PV_106_block_008,PV_106_008_187536_L,187536.1,187552.75,0.5526751530932146,137.4623502903556,L,monocular,1,1
PV_106,008,PV_106_block_008,PV_106_008_205318_L,205318.3,205334.95,1.3070637704505808,231.83133400347972,L,monocular,1,1
PV_106,008,PV_106_block_008,PV_106_008_209198_L,209197.75,209214.4,0.7703751277110203,185.88606056963653,L,monocular,1,1
PV_106,008,PV_106_block_008,PV_106_008_211346_L,211345.6,211378.9,1.1218673091379059,238.76325849079115,L,monocular,1,1
PV_106,008,PV_106_block_008,PV_106_008_211512_L,211512.1,211545.4,1.7589112566633367,218.81410939320205,L,monocular,1,1
PV_106,008,PV_106_block_008,PV_106_008_213110_L,213110.5,213143.8,0.9901160735369103,265.37273104951646,L,monocular,1,1
PV_106,008,PV_106_block_008,PV_106_008_221369_L,221368.9,221385.55,1.2384739879969042,231.85792903168263,L,monocular,1,1
PV_106,008,PV_106_block_008,PV_106_008_223583_L,223583.35,223616.65,1.2858353801273192,235.84103384202172,L,monocular,1,1
PV_106,008,PV_106_block_008,PV_106_008_227180_L,227179.75,227196.4,0.7178109393376892,12.757929992464469,L,monocular,1,1
PV_106,008,PV_106_block_008,PV_106_008_228195_L,228195.4,228212.05,0.6639835240936602,184.1700346965037,L,monocular,1,1
PV_106,008,PV_106_block_008,PV_106_008_230826_L,230826.1,230842.75,0.6878792434463088,193.70409997585284,L,monocular,1,1
PV_106,008,PV_106_block_008,PV_106_008_236071_L,236070.85,236104.15,1.4353983422369492,231.78127413548484,L,monocular,1,1
PV_106,008,PV_106_block_008,PV_106_008_240666_L,240666.25,240682.9,0.6812814916768026,171.5836328985351,L,monocular,1,1
PV_106,008,PV_106_block_008,PV_106_008_273284_L,273283.6,273300.25,0.7430797039935532,190.8000795258068,L,monocular,1,1
PV_106,008,PV_106_block_008,PV_106_008_279611_L,279610.6,279627.25,0.631466446346215,5.389836778996703,L,monocular,1,1
PV_106,008,PV_106_block_008,PV_106_008_302055_L,302054.8,302071.45,0.559017816930348,252.22168375396382,L,monocular,1,1
PV_106,008,PV_106_block_008,PV_106_008_306783_L,306783.4,306816.7,1.2451117251503643,179.13648944379784,L,monocular,1,1
PV_106,008,PV_106_block_008,PV_106_008_309947_L,309946.9,309980.2,1.3759742613645782,236.60794765208993,L,monocular,1,1
PV_106,008,PV_106_block_008,PV_106_008_313810_L,313809.7,313826.35,0.7336296802607251,5.233161839873834,L,monocular,1,1
PV_106,008,PV_106_block_008,PV_106_008_315974_L,315974.2,315990.85,0.7738386627901486,354.52723866337897,L,monocular,1,1
PV_106,008,PV_106_block_008,PV_106_008_322201_L,322201.3,322234.6,1.0579876958569527,53.850571358932285,L,monocular,1,1
PV_106,008,PV_106_block_008,PV_106_008_330943_L,330942.55,330959.2,1.1638650717746364,233.88377612870408,L,monocular,1,1
PV_106,008,PV_106_block_008,PV_106_008_330959_L,330959.2,330975.85,1.2160625817833246,49.66497514293824,L,monocular,1,1
PV_106,008,PV_106_block_008,PV_106_008_332524_L,332524.3,332540.95,0.983223445046871,352.38913920922624,L,monocular,1,1
PV_106,008,PV_106_block_008,PV_106_008_335155_L,335155.0,335171.65,0.5930232145843555,69.66089109556324,L,monocular,1,1
PV_106,008,PV_106_block_008,PV_106_008_342564_L,342564.25,342580.9,1.119958691118728,52.39594645578392,L,monocular,1,1
PV_106,008,PV_106_block_008,PV_106_008_344479_L,344479.0,344512.3,1.1646304824050182,230.26288659019508,L,monocular,1,1
PV_106,008,PV_106_block_008,PV_106_008_353503_L,353503.3,353519.95,1.286241056052626,233.99749827940684,L,monocular,1,1
PV_106,008,PV_106_block_008,PV_106_008_359514_L,359513.95,359530.6,1.276970474887695,61.84078911232887,L,monocular,1,1
PV_106,008,PV_106_block_008,PV_106_008_366790_L,366790.0,366806.65,0.5012959083141751,17.117634781218708,L,monocular,1,1
PV_106,008,PV_106_block_008,PV_106_008_411146_L,411145.6,411162.25,0.6812162408539363,167.91214136675242,L,monocular,1,1
PV_106,008,PV_106_block_008,PV_106_008_417506_L,417505.9,417522.55,0.6977615652656336,342.36736117645273,L,monocular,1,1
PV_106,008,PV_106_block_008,PV_106_008_433856_L,433856.2,433872.85,1.2630804649975396,58.56536904460879,L,monocular,1,1
PV_106,008,PV_106_block_008,PV_106_008_461379_L,461378.65,461461.9,4.755047473192754,334.62257586270005,L,monocular,1,1
PV_106,008,PV_106_block_008,PV_106_008_489600_L,489600.4,489617.05,5.600906062393629,342.14815718800304,L,monocular,1,1
PV_106,008,PV_106_block_008,PV_106_008_489617_L,489617.05,489683.65,7.4909709459000435,156.32749978666345,L,monocular,1,1
PV_106,008,PV_106_block_008,PV_106_008_499324_L,499324.0,499340.65,0.7719952598823804,177.6367069844343,L,monocular,1,1
PV_106,008,PV_106_block_008,PV_106_008_504452_L,504452.2,504468.85,0.6255314932805712,351.42109811001785,L,monocular,1,1
PV_106,008,PV_106_block_008,PV_106_008_519554_L,519553.75,519570.4,0.6294147101167291,157.12201178450252,L,monocular,1,1
PV_106,008,PV_106_block_008,PV_106_008_537619_L,537619.0,537635.65,,,L,monocular,1,1
PV_106,008,PV_106_block_008,PV_106_008_549241_L,549240.7,549257.35,1.2010447074531048,214.95477534001796,L,monocular,1,1
PV_106,008,PV_106_block_008,PV_106_008_549307_L,549307.3,549340.6,1.3958936648736784,227.57321468166356,L,monocular,1,1
PV_106,008,PV_106_block_008,PV_106_008_551189_L,551188.75,551205.4,0.6503190885561481,192.80724545499527,L,monocular,1,1
PV_106,008,PV_106_block_008,PV_106_008_558681_L,558681.25,558697.9,0.5743505250860039,11.224666573513959,L,monocular,1,1
PV_106,008,PV_106_block_008,PV_106_008_576064_L,576063.85,576080.5,0.6826149259838988,8.757944539949607,L,monocular,1,1
PV_106,008,PV_106_block_008,PV_106_008_577363_L,577362.55,577379.2,0.7227592476038366,8.490519693689164,L,monocular,1,1
PV_106,008,PV_106_block_008,PV_106_008_581275_L,581275.3,581291.95,0.7204305656413422,183.4640080355731,L,monocular,1,1
PV_106,008,PV_106_block_008,PV_106_008_582008_L,582007.9,582024.55,1.2396020186879175,236.5483560369491,L,monocular,1,1
PV_106,008,PV_106_block_008,PV_106_008_590433_L,590432.8,590449.45,1.2126175456701602,51.55104423047491,L,monocular,1,1
PV_106,008,PV_106_block_008,PV_106_008_590449_L,590449.45,590482.75,1.2269500823300326,231.72944433113108,L,monocular,1,1
PV_106,008,PV_106_block_008,PV_106_008_597442_L,597442.45,597459.1,,,L,monocular,1,1
PV_106,008,PV_106_block_008,PV_106_008_602737_L,602737.15,602770.45,2.303830766231273,290.262870932645,L,monocular,1,1
PV_106,008,PV_106_block_008,PV_106_008_611828_L,611828.05,611844.7,0.6174645581625585,278.37864807398154,L,monocular,1,1
PV_106,008,PV_106_block_008,PV_106_008_614076_L,614075.8,614092.45,1.383468716012316,51.5683309702729,L,monocular,1,1
PV_106,008,PV_106_block_008,PV_106_008_620603_L,620602.6,620619.25,0.7281355162051234,200.08417526664005,L,monocular,1,1
PV_106,008,PV_106_block_008,PV_106_008_625781_L,625780.75,625830.7,1.7643175310676633,283.23595174885054,L,monocular,1,1
PV_106,008,PV_106_block_008,PV_106_008_633989_L,633989.2,634005.85,1.19300615384043,53.09606265118608,L,monocular,1,1
PV_106,008,PV_106_block_008,PV_106_008_634039_L,634039.15,634072.45,1.2054985216285308,58.0656678560747,L,monocular,1,1
PV_106,008,PV_106_block_008,PV_106_008_634838_L,634838.35,634871.65,1.063782558731824,178.65821564583229,L,monocular,1,1
PV_106,008,PV_106_block_008,PV_106_008_635404_L,635404.45,635421.1,1.4052966836320977,231.68021965717614,L,monocular,1,1
PV_106,008,PV_106_block_008,PV_106_008_635421_L,635421.1,635454.4,1.3998851375564885,61.00402691205184,L,monocular,1,1
PV_106,008,PV_106_block_008,PV_106_008_638684_L,638684.5,638717.8,1.510158641851481,43.71184104966424,L,monocular,1,1
PV_106,008,PV_106_block_008,PV_106_008_638884_L,638884.3,638900.95,1.2783274659992792,231.5847855517494,L,monocular,1,1
PV_106,008,PV_106_block_008,PV_106_008_648075_L,648075.1,648091.75,1.2373555760069408,233.30377472205168,L,monocular,1,1
PV_106,008,PV_106_block_008,PV_106_008_651605_L,651604.9,651621.55,0.7463542061756492,179.7736302717178,L,monocular,1,1
PV_106,008,PV_106_block_008,PV_106_008_652154_L,652154.35,652171.0,0.7193508570409047,191.61086570307404,L,monocular,1,1
PV_106,008,PV_106_block_008,PV_106_008_652571_L,652570.6,652587.25,0.6253207259371972,181.1979139768649,L,monocular,1,1
PV_106,008,PV_106_block_008,PV_106_008_652604_L,652603.9,652620.55,0.6342662422562122,183.05043246833014,L,monocular,1,1
PV_106,008,PV_106_block_008,PV_106_008_654552_L,654551.95,654568.6,0.69660682835807,181.01317779318506,L,monocular,1,1
PV_106,008,PV_106_block_008,PV_106_008_656683_L,656683.15,656699.8,1.6349652963551915,32.519554277169775,L,monocular,1,1
PV_106,008,PV_106_block_008,PV_106_008_657616_L,657615.55,657648.85,1.1985390554389619,235.29061847447974,L,monocular,1,1
PV_106,008,PV_106_block_008,PV_106_008_657965_L,657965.2,657981.85,0.6288037651638391,359.74486791860903,L,monocular,1,1
PV_106,008,PV_106_block_008,PV_106_008_662660_L,662660.5,662677.15,1.370545299813887,231.70421164870206,L,monocular,1,1
PV_106,008,PV_106_block_008,PV_106_008_662760_L,662760.4,662793.7,1.1557488667835942,232.17090007257437,L,monocular,1,1
PV_106,008,PV_106_block_008,PV_106_008_668538_L,668537.95,668554.6,0.708928639549411,3.7328190497550326,L,monocular,1,1
PV_106,008,PV_106_block_008,PV_106_008_669187_L,669187.3,669220.6,1.5248144745176853,207.90318594694998,L,monocular,1,1
PV_106,008,PV_106_block_008,PV_106_008_669237_L,669237.25,669253.9,0.5368123724815621,192.40457933450693,L,monocular,1,1
PV_106,008,PV_106_block_008,PV_106_008_669703_L,669703.45,669720.1,1.641123140675271,31.571188948921648,L,monocular,1,1
PV_106,008,PV_106_block_008,PV_106_008_672384_L,672384.1,672400.75,6.219152091069397,138.55569120531598,L,monocular,1,1
PV_106,008,PV_106_block_008,PV_106_008_676946_L,676946.2,676962.85,1.2251655972769815,56.915696269037824,L,monocular,1,1
PV_106,008,PV_106_block_008,PV_106_008_677496_L,677495.65,677512.3,0.6123416764069519,190.24825900888746,L,monocular,1,1
PV_106,008,PV_106_block_008,PV_106_008_682624_L,682623.85,682640.5,0.6339218496274307,3.7408042310626426,L,monocular,1,1
PV_106,008,PV_106_block_008,PV_106_008_688068_L,688068.4,688085.05,0.7086250388037235,5.705636603871478,L,monocular,1,1
PV_106,008,PV_106_block_008,PV_106_008_690966_L,690965.5,690998.8,1.194160671367807,55.00509339459282,L,monocular,1,1
PV_106,008,PV_106_block_008,PV_106_008_692364_L,692364.1,692380.75,1.2543360399066739,54.7323858688257,L,monocular,1,1
PV_106,008,PV_106_block_008,PV_106_008_696443_L,696443.35,696460.0,0.6727679391624473,185.85274034741892,L,monocular,1,1
PV_106,008,PV_106_block_008,PV_106_008_699007_L,699007.45,699024.1,1.0462727026036505,225.64290346334946,L,monocular,1,1
PV_106,008,PV_106_block_008,PV_106_008_699024_L,699024.1,699040.75,1.2002875525512329,53.50762390706694,L,monocular,1,1
PV_106,008,PV_106_block_008,PV_106_008_699657_L,699656.8,699690.1,1.2911426570106828,61.2318502147314,L,monocular,1,1
PV_106,008,PV_106_block_008,PV_106_008_699757_L,699756.7,699773.35,0.7187595285821821,166.28706919774243,L,monocular,1,1
PV_106,008,PV_106_block_008,PV_106_008_700190_L,700189.6,700206.25,0.6381409225412302,177.96441084488646,L,monocular,1,1
PV_106,008,PV_106_block_008,PV_106_008_701555_L,701554.9,701571.55,1.2090026549338926,48.82307129956519,L,monocular,1,1
PV_106,008,PV_106_block_008,PV_106_008_701572_L,701571.55,701604.85,1.1757066305598574,236.2608345531838,L,monocular,1,1
PV_106,008,PV_106_block_008,PV_106_008_705218_L,705217.9,705234.55,0.6938765981397897,7.103312944377037,L,monocular,1,1
PV_106,008,PV_106_block_008,PV_106_008_705651_L,705650.8,705667.45,1.096365400862241,225.9024270342197,L,monocular,1,1
PV_106,008,PV_106_block_008,PV_106_008_705667_L,705667.45,705684.1,1.180549900005878,49.46610779997013,L,monocular,1,1
PV_106,008,PV_106_block_008,PV_106_008_705817_L,705817.3,705833.95,0.5808652705566675,188.84447296723556,L,monocular,1,1
PV_106,008,PV_106_block_008,PV_106_008_706600_L,706599.85,706633.15,,,L,monocular,1,1
PV_106,008,PV_106_block_008,PV_106_008_710746_L,710745.7,710762.35,0.7628517817979251,266.87159904076236,L,monocular,1,1
PV_106,008,PV_106_block_008,PV_106_008_710779_L,710779.0,710845.6,3.3145441286829755,292.655042211013,L,monocular,1,1
PV_106,008,PV_106_block_008,PV_106_008_712610_L,712610.5,712627.15,0.6617901593209442,8.629716530500737,L,monocular,1,1
PV_106,008,PV_106_block_008,PV_106_008_712677_L,712677.1,712693.75,0.6876775460481355,186.2786198524809,L,monocular,1,1
PV_106,008,PV_106_block_008,PV_106_008_713693_L,713692.75,713709.4,0.694343603686607,182.12998286216427,L,monocular,1,1
PV_106,008,PV_106_block_008,PV_106_008_714092_L,714092.35,714109.0,0.7367889195357802,194.92306667695755,L,monocular,1,1
PV_106,008,PV_106_block_008,PV_106_008_715258_L,715257.85,715274.5,0.7309922152108035,186.00923288729356,L,monocular,1,1
PV_106,008,PV_106_block_008,PV_106_008_715524_L,715524.25,715540.9,0.7278974936278583,8.390687538482599,L,monocular,1,1
PV_106,008,PV_106_block_008,PV_106_008_719404_L,719403.7,719420.35,0.7195191311095568,182.3350945419411,L,monocular,1,1
PV_106,008,PV_106_block_008,PV_106_008_721119_L,721118.65,721135.3,0.6580857251472212,177.54684705432874,L,monocular,1,1
PV_106,008,PV_106_block_008,PV_106_008_723383_L,723383.05,723399.7,1.3301054095094853,235.60439931949122,L,monocular,1,1
PV_106,008,PV_106_block_008,PV_106_008_726746_L,726746.35,726763.0,0.6041994576941847,189.53871950896092,L,monocular,1,1
PV_106,008,PV_106_block_008,PV_106_008_728311_L,728311.45,728344.75,1.7561312120890424,216.7255750224304,L,monocular,1,1
PV_106,008,PV_106_block_008,PV_106_008_730226_L,730226.2,730242.85,0.6213801640944894,0.7925019962969899,L,monocular,1,1
PV_106,008,PV_106_block_008,PV_106_008_732857_L,732856.9,732873.55,0.6208281293604371,188.15541964864786,L,monocular,1,1
PV_106,008,PV_106_block_008,PV_106_008_735920_L,735920.5,735953.8,1.4880122381047314,245.32358052928177,L,monocular,1,1
PV_106,008,PV_106_block_008,PV_106_008_741282_L,741281.8,741298.45,1.079800274553487,44.67946341086704,L,monocular,1,1
PV_106,008,PV_106_block_008,PV_106_008_747576_L,747575.5,747592.15,0.6205357901113028,7.722571181101737,L,monocular,1,1
PV_106,008,PV_106_block_008,PV_106_008_749956_L,749956.45,749989.75,1.3059905651323886,236.78453348541285,L,monocular,1,1
PV_106,008,PV_106_block_008,PV_106_008_752471_L,752470.6,752503.9,1.2418547292261577,232.00206503677907,L,monocular,1,1
PV_106,008,PV_106_block_008,PV_106_008_752620_L,752620.45,752637.1,1.2808087951527043,233.54706467582466,L,monocular,1,1
PV_106,008,PV_106_block_008,PV_106_008_754852_L,754851.55,754868.2,0.6614253822505597,359.56182296638974,L,monocular,1,1
PV_106,008,PV_106_block_008,PV_106_008_754902_L,754901.5,754918.15,0.679988289013575,177.46022276333247,L,monocular,1,1
PV_106,008,PV_106_block_008,PV_106_008_759980_L,759979.75,759996.4,0.6782955101192926,184.69237748804338,L,monocular,1,1
PV_106,008,PV_106_block_008,PV_106_008_761195_L,761195.2,761211.85,0.663721209234147,173.31047867429328,L,monocular,1,1
PV_106,008,PV_106_block_008,PV_106_008_762660_L,762660.4,762677.05,0.5072311383623447,157.32522011399223,L,monocular,1,1
PV_106,008,PV_106_block_008,PV_106_008_764625_L,764625.1,764641.75,0.6619172526626378,352.47022302439467,L,monocular,1,1
PV_106,008,PV_106_block_008,PV_106_008_765558_L,765557.5,765574.15,0.6610229196977684,181.90422300148265,L,monocular,1,1
PV_106,008,PV_106_block_008,PV_106_008_765774_L,765773.95,765790.6,1.0611649034113935,228.7002610565876,L,monocular,1,1
PV_106,008,PV_106_block_008,PV_106_008_765791_L,765790.6,765823.9,1.1367725021758797,53.952753314216956,L,monocular,1,1
PV_106,008,PV_106_block_008,PV_106_008_766956_L,766956.1,766972.75,0.6603746119863119,184.70808944976963,L,monocular,1,1
PV_106,008,PV_106_block_008,PV_106_008_768571_L,768571.15,768604.45,1.6339518988406894,196.29663234400607,L,monocular,1,1
PV_106,008,PV_106_block_008,PV_106_008_772700_L,772700.35,772717.0,1.3206895904072544,55.56508484555731,L,monocular,1,1
PV_106,008,PV_106_block_008,PV_106_008_779111_L,779110.6,779127.25,0.9446346986340378,262.1334460867381,L,monocular,1,1
PV_106,008,PV_106_block_008,PV_106_008_781258_L,781258.45,781291.75,1.1890387836843135,234.78388005160667,L,monocular,1,1
PV_106,008,PV_106_block_008,PV_106_008_783123_L,783123.25,783139.9,0.6190065353077107,1.503283723100993,L,monocular,1,1
PV_106,008,PV_106_block_008,PV_106_008_783206_L,783206.5,783223.15,0.7441256611363529,194.95003474892664,L,monocular,1,1
PV_106,008,PV_106_block_008,PV_106_008_784389_L,784388.65,784405.3,0.6318130577583523,8.49647361846035,L,monocular,1,1
PV_106,008,PV_106_block_008,PV_106_008_790283_L,790282.75,790299.4,1.625328297896725,30.848445076911283,L,monocular,1,1
PV_106,008,PV_106_block_008,PV_106_008_790816_L,790815.55,790832.2,0.9154114885880994,229.50300089066639,L,monocular,1,1
PV_106,008,PV_106_block_008,PV_106_008_795344_L,795344.35,795361.0,0.7155955862867625,171.19628300995606,L,monocular,1,1
PV_106,008,PV_106_block_008,PV_106_008_795694_L,795694.0,795710.65,0.6391653968525021,180.71025953868866,L,monocular,1,1
PV_106,008,PV_106_block_008,PV_106_008_797126_L,797125.9,797192.5,8.352601916122788,236.64913993534356,L,monocular,1,1
PV_106,008,PV_106_block_008,PV_106_008_798891_L,798890.8,798907.45,1.3024608319000186,57.65584554494964,L,monocular,1,1
PV_106,008,PV_106_block_008,PV_106_008_798907_L,798907.45,798940.75,1.869148443873613,221.31469335256782,L,monocular,1,1
PV_106,008,PV_106_block_008,PV_106_008_802903_L,802903.45,802920.1,1.9979693205334286,223.87463037811006,L,monocular,1,1
PV_106,008,PV_106_block_008,PV_106_008_802920_L,802920.1,802936.75,1.951155933601968,41.651623690504955,L,monocular,1,1
PV_106,008,PV_106_block_008,PV_106_008_804802_L,804801.55,804818.2,0.7147450040983458,188.1289995795407,L,monocular,1,1
PV_106,008,PV_106_block_008,PV_106_008_805334_L,805334.35,805351.0,1.934417072223934,37.880176338816504,L,monocular,1,1
PV_106,008,PV_106_block_008,PV_106_008_807749_L,807748.6,807765.25,0.5965484642032765,186.73794079319975,L,monocular,1,1
PV_106,008,PV_106_block_008,PV_106_008_807932_L,807931.75,807948.4,1.3458063291667492,54.108674220606595,L,monocular,1,1
PV_106,008,PV_106_block_008,PV_106_008_808448_L,808447.9,808464.55,0.6443438118710328,172.13385978168742,L,monocular,1,1
PV_106,008,PV_106_block_008,PV_106_008_812094_L,812094.25,812127.55,1.1838464934226083,47.49580200051152,L,monocular,1,1
PV_106,008,PV_106_block_008,PV_106_008_814675_L,814675.0,814691.65,0.6645970860086295,7.3868056573555245,L,monocular,1,1
PV_106,008,PV_106_block_008,PV_106_008_814842_L,814841.5,814858.15,1.7730673635477983,36.406970530978406,L,monocular,1,1
PV_106,008,PV_106_block_008,PV_106_008_815391_L,815390.95,815407.6,0.5978658711768404,183.4494752239044,L,monocular,1,1
PV_106,008,PV_106_block_008,PV_106_008_817805_L,817805.2,817821.85,1.2543804700495451,230.39656393381787,L,monocular,1,1
PV_106,008,PV_106_block_008,PV_106_008_819836_L,819836.5,819853.15,0.7059060664443921,187.83968008625394,L,monocular,1,1
PV_106,008,PV_106_block_008,PV_106_008_821019_L,821018.65,821051.95,1.71833464666535,218.1065465912116,L,monocular,1,1
PV_106,008,PV_106_block_008,PV_106_008_822401_L,822400.6,822450.55,3.0221807184771152,51.333290753290306,L,monocular,1,1
PV_106,008,PV_106_block_008,PV_106_008_828578_L,828577.75,828611.05,1.1344245357314462,233.92383828465825,L,monocular,1,1
PV_106,008,PV_106_block_008,PV_106_008_830792_L,830792.2,830808.85,0.9481748798060521,89.90306949564962,L,monocular,1,1
PV_106,008,PV_106_block_008,PV_106_008_830842_L,830842.15,830858.8,0.8069054899214521,84.58368922995494,L,monocular,1,1
PV_106,008,PV_106_block_008,PV_106_008_830859_L,830858.8,830875.45,0.7477894909060431,265.31657984239615,L,monocular,1,1
PV_106,008,PV_106_block_008,PV_106_008_832507_L,832507.15,832540.45,1.9526756829137837,11.929599433309104,L,monocular,1,1
PV_106,008,PV_106_block_008,PV_106_008_853786_L,853785.85,853802.5,0.7134401384780314,174.26249376284716,L,monocular,1,1
PV_106,008,PV_106_block_008,PV_106_008_854319_L,854318.65,854335.3,1.1970633164728168,230.5907707366481,L,monocular,1,1
PV_106,008,PV_106_block_008,PV_106_008_859064_L,859063.9,859097.2,1.8637289457452457,269.50326712507126,L,monocular,1,1
PV_106,008,PV_106_block_008,PV_106_008_859314_L,859313.65,859346.95,1.7630753702353361,15.272658518154843,L,monocular,1,1
PV_106,008,PV_106_block_008,PV_106_008_860030_L,860029.6,860046.25,0.7138226345941505,327.68779894973994,L,monocular,1,1
PV_106,008,PV_106_block_008,PV_106_008_861878_L,861877.75,861911.05,1.2722300830323845,208.58937224009625,L,monocular,1,1
PV_106,008,PV_106_block_008,PV_106_008_865041_L,865041.25,865057.9,0.7767750034846541,196.1050592707325,L,monocular,1,1
PV_106,008,PV_106_block_008,PV_106_008_865191_L,865191.1,865207.75,1.398181019093155,55.23438427306368,L,monocular,1,1
PV_106,008,PV_106_block_008,PV_106_008_865374_L,865374.25,865390.9,2.5403255262807427,337.9155474056803,L,monocular,1,1
PV_106,008,PV_106_block_008,PV_106_008_865391_L,865390.9,865474.15,9.877240325387746,160.94095160372444,L,monocular,1,1
PV_106,008,PV_106_block_008,PV_106_008_866756_L,866756.2,866772.85,0.6472790177164736,177.5582518191728,L,monocular,1,1
PV_106,008,PV_106_block_008,PV_106_008_870619_L,870619.0,870635.65,1.3260680299790284,237.09960241840383,L,monocular,1,1
PV_106,008,PV_106_block_008,PV_106_008_871152_L,871151.8,871168.45,1.2020448232696528,233.87231084027337,L,monocular,1,1
PV_106,008,PV_106_block_008,PV_106_008_871168_L,871168.45,871185.1,1.159568036247525,53.09617429587156,L,monocular,1,1
PV_106,008,PV_106_block_008,PV_106_008_873416_L,873416.2,873432.85,1.2500029423854289,235.60933922572764,L,monocular,1,1
PV_106,008,PV_106_block_008,PV_106_008_876463_L,876463.15,876496.45,1.2926939685860408,51.06345400534856,L,monocular,1,1
PV_106,008,PV_106_block_008,PV_106_008_876713_L,876712.9,876729.55,0.6841231128396027,183.5558973554859,L,monocular,1,1
PV_106,008,PV_106_block_008,PV_106_008_878961_L,878960.65,878977.3,0.7094216463877523,359.10619327442276,L,monocular,1,1
PV_106,008,PV_106_block_008,PV_106_008_881675_L,881674.6,881691.25,0.7349004740031879,179.6425119997853,L,monocular,1,1
PV_106,008,PV_106_block_008,PV_106_008_882640_L,882640.3,882656.95,1.6630219959855785,211.7097296790619,L,monocular,1,1
PV_106,008,PV_106_block_008,PV_106_008_884222_L,884222.05,884238.7,0.6419872895202086,179.27788154073227,L,monocular,1,1
PV_106,008,PV_106_block_008,PV_106_008_885304_L,885304.3,885320.95,0.7003000871176177,186.76651495726082,L,monocular,1,1
PV_106,008,PV_106_block_008,PV_106_008_885604_L,885604.0,885620.65,0.6088832167586774,1.7893584125602588,L,monocular,1,1
PV_106,008,PV_106_block_008,PV_106_008_886054_L,886053.55,886086.85,0.825996767984514,179.63695423086003,L,monocular,1,1
PV_106,008,PV_106_block_008,PV_106_008_886220_L,886220.05,886236.7,0.7322398227800138,185.71030355434436,L,monocular,1,1
PV_106,008,PV_106_block_008,PV_106_008_890016_L,890016.25,890032.9,0.6206083204810141,0.6585917509545427,L,monocular,1,1
PV_106,008,PV_106_block_008,PV_106_008_891348_L,891348.25,891381.55,1.156278526853011,53.408500112739866,L,monocular,1,1
PV_106,008,PV_106_block_008,PV_106_008_893613_L,893612.65,893629.3,0.6468153206709941,176.74077992494455,L,monocular,1,1
PV_106,008,PV_106_block_008,PV_106_008_895461_L,895460.8,895494.1,1.1273837943848874,231.59334215339737,L,monocular,1,1
PV_106,008,PV_106_block_008,PV_106_008_895627_L,895627.3,895643.95,0.563661194003717,177.26834948866784,L,monocular,1,1
PV_106,008,PV_106_block_008,PV_106_008_896676_L,896676.25,896709.55,1.5873231294843855,58.19621182528255,L,monocular,1,1
PV_106,008,PV_106_block_008,PV_106_008_907582_L,907582.0,907681.9,8.741691455311708,291.03785635597524,L,monocular,1,1
PV_106,008,PV_106_block_008,PV_106_008_909930_L,909929.65,909962.95,1.2754210540648616,58.89311912385775,L,monocular,1,1
PV_106,008,PV_106_block_008,PV_106_008_914458_L,914458.45,914475.1,1.1604502340555956,232.1327038920146,L,monocular,1,1
PV_106,008,PV_106_block_008,PV_106_008_915557_L,915557.35,915574.0,,,L,monocular,1,1
PV_106,008,PV_106_block_008,PV_106_008_922567_L,922567.0,922666.9,9.461087067991988,288.62953752737826,L,monocular,1,1
PV_106,008,PV_106_block_008,PV_106_008_923233_L,923233.0,923249.65,0.5673445567748865,336.1863851509353,L,monocular,1,1
PV_106,008,PV_106_block_008,PV_106_008_930043_L,930042.85,930059.5,0.750681602737052,11.336941033457848,L,monocular,1,1
PV_106,008,PV_106_block_008,PV_106_008_932857_L,932856.7,932890.0,1.190276454982583,236.41583891250968,L,monocular,1,1
PV_106,008,PV_106_block_008,PV_106_008_934605_L,934604.95,934638.25,1.1899487755530342,239.8368659419355,L,monocular,1,1
PV_106,008,PV_106_block_008,PV_106_008_934988_L,934987.9,935004.55,1.3017070142328528,236.45872089672483,L,monocular,1,1
PV_106,008,PV_106_block_008,PV_106_008_935005_L,935004.55,935037.85,1.3771772675509035,59.0309904278253,L,monocular,1,1
PV_106,008,PV_106_block_008,PV_106_008_935804_L,935803.75,935820.4,1.3917810934158732,242.60380999403483,L,monocular,1,1
PV_106,008,PV_106_block_008,PV_106_008_946343_L,946343.2,946359.85,0.725255896590208,18.07423715164149,L,monocular,1,1
PV_106,008,PV_106_block_008,PV_106_008_958265_L,958264.6,958297.9,4.225539798444802,281.57332261514955,L,monocular,1,1
PV_106,008,PV_106_block_008,PV_106_008_958298_L,958297.9,958314.55,1.1159276597154786,16.669401722434003,L,monocular,1,1
PV_106,008,PV_106_block_008,PV_106_008_958681_L,958680.85,958697.5,1.5473438444698766,235.24501822528796,L,monocular,1,1
PV_106,008,PV_106_block_008,PV_106_008_959047_L,959047.15,959063.8,0.6157571056367258,56.271501301754135,L,monocular,1,1
PV_106,008,PV_106_block_008,PV_106_008_960895_L,960895.3,960911.95,1.4077050725603626,236.49866503912858,L,monocular,1,1
PV_106,008,PV_106_block_008,PV_106_008_960912_L,960911.95,960928.6,1.3804495508199663,60.236344418658895,L,monocular,1,1
PV_106,008,PV_106_block_008,PV_106_008_961212_L,961211.65,961244.95,1.2767239508615384,56.80096852680769,L,monocular,1,1
PV_106,008,PV_106_block_008,PV_106_008_965491_L,965490.7,965507.35,0.683839146400464,178.7553167108896,L,monocular,1,1
PV_106,008,PV_106_block_008,PV_106_008_974598_L,974598.25,974614.9,1.1545182177015492,228.8021872400846,L,monocular,1,1
PV_106,008,PV_106_block_008,PV_106_008_974748_L,974748.1,974781.4,1.1904354063878972,229.32715784513414,L,monocular,1,1
PV_106,008,PV_106_block_008,PV_106_008_976247_L,976246.6,976279.9,1.1085271245950714,54.2053717558709,L,monocular,1,1
PV_106,008,PV_106_block_008,PV_106_008_979776_L,979776.4,979793.05,,,L,monocular,1,1
PV_106,008,PV_106_block_008,PV_106_008_989966_L,989966.2,989999.5,2.2211839353058984,297.8164526182521,L,monocular,1,1
PV_106,008,PV_106_block_008,PV_106_008_990066_L,990066.1,990099.4,,,L,monocular,1,1
PV_106,008,PV_106_block_008,PV_106_008_48026_R,48025.75,48059.05,2.4328237064021554,248.7474849309012,R,monocular,1,1
PV_106,008,PV_106_block_008,PV_106_008_88236_R,88235.5,88268.8,1.1621703377579375,164.4355404507476,R,monocular,1,1
PV_106,008,PV_106_block_008,PV_106_008_232807_R,232807.45,232874.05,4.080627852777416,268.06478990625544,R,monocular,1,1
PV_106,008,PV_106_block_008,PV_106_008_364692_R,364692.1,364708.75,0.7218398450981386,259.6803496242395,R,monocular,1,1
PV_106,008,PV_106_block_008,PV_106_008_451072_R,451072.3,451088.95,0.5563873215398832,268.02551189178735,R,monocular,1,1
PV_106,008,PV_106_block_008,PV_106_008_462361_R,462361.0,462394.3,1.0859519208146553,5.318663223426214,R,monocular,1,1
PV_106,008,PV_106_block_008,PV_106_008_484272_R,484272.4,484305.7,1.6308273509438629,255.34962767644845,R,monocular,1,1
PV_106,008,PV_106_block_008,PV_106_008_484322_R,484322.35,484339.0,0.7984625309876487,265.0041922720166,R,monocular,1,1
PV_106,008,PV_106_block_008,PV_106_008_484356_R,484355.65,484422.25,4.27309437573292,259.72015328109336,R,monocular,1,1
PV_106,008,PV_106_block_008,PV_106_008_561628_R,561628.3,561678.25,3.0349132040297198,270.50813325537325,R,monocular,1,1
PV_106,008,PV_106_block_008,PV_106_008_609380_R,609380.5,609463.75,7.879761108747204,256.9652637445704,R,monocular,1,1
PV_106,008,PV_106_block_008,PV_106_008_611778_R,611778.1,611811.4,2.5549172906255104,308.9857729054793,R,monocular,1,1
PV_106,008,PV_106_block_008,PV_106_008_624765_R,624765.1,624781.75,0.6625574845440731,141.17924625491358,R,monocular,1,1
PV_106,008,PV_106_block_008,PV_106_008_711378_R,711378.4,711478.3,6.0248936922116405,261.47169950635504,R,monocular,1,1
PV_106,008,PV_106_block_008,PV_106_008_771768_R,771767.95,771801.25,1.975557511497919,300.37026425907675,R,monocular,1,1
PV_106,008,PV_106_block_008,PV_106_008_797026_R,797026.0,797042.65,0.7897454322865942,253.01048170353155,R,monocular,1,1
PV_106,008,PV_106_block_008,PV_106_008_799274_R,799273.75,799290.4,0.6218350956541095,29.944749478194996,R,monocular,1,1
PV_106,008,PV_106_block_008,PV_106_008_836536_R,836536.45,836569.75,1.4493650973373864,252.74769372904174,R,monocular,1,1
PV_106,008,PV_106_block_008,PV_106_008_908148_R,908148.1,908231.35,5.482378309614262,261.2277359962474,R,monocular,1,1
PV_106,008,PV_106_block_008,PV_106_008_916806_R,916806.1,916822.75,0.7144229297214522,263.71484358098087,R,monocular,1,1
PV_106,008,PV_106_block_008,PV_106_008_922500_R,922500.4,922550.35,2.1357625991403495,257.3257691665485,R,monocular,1,1
PV_106,008,PV_106_block_008,PV_106_008_958448_R,958447.75,958514.35,5.33110271493118,261.06711998697847,R,monocular,1,1
PV_106,008,PV_106_block_008,PV_106_008_981491_R,981491.35,981524.65,0.8791801126015847,71.58570724195421,R,monocular,1,1
PV_106,008,PV_106_block_008,PV_106_008_989883_R,989882.95,989966.2,5.473993724887424,259.0589391864871,R,monocular,1,1
PV_106,009,PV_106_block_009,PV_106_009_63607_L,63607.0,63673.6,3.2518177067510026,343.9086291297666,L,binocular,2,2
PV_106,009,PV_106_block_009,PV_106_009_63674_R,63673.6,63723.55,0.8762258399126246,271.1876704125203,R,binocular,2,2
PV_106,009,PV_106_block_009,PV_106_009_98788_R,98788.45,98838.4,3.715056257954879,340.30007697112245,R,binocular,2,2
PV_106,009,PV_106_block_009,PV_106_009_101835_R,101835.4,101852.05,0.6965222104965626,302.7833798764851,R,binocular,2,2
PV_106,009,PV_106_block_009,PV_106_009_136967_L,136966.9,137033.5,5.02816195836261,341.02115520560363,L,binocular,2,2
PV_106,009,PV_106_block_009,PV_106_009_245475_R,245474.95,245591.5,6.693330129758293,179.95327168224452,R,binocular,2,2
PV_106,009,PV_106_block_009,PV_106_009_283753_L,283753.3,283819.9,11.617000405983788,168.9707654039303,L,binocular,2,2
PV_106,009,PV_106_block_009,PV_106_009_283953_L,283953.1,284003.05,5.7332594731377515,158.6767017162038,L,binocular,2,2
PV_106,009,PV_106_block_009,PV_106_009_285651_R,285651.4,285751.3,7.118652259702976,190.35786296730205,R,binocular,2,2
PV_106,009,PV_106_block_009,PV_106_009_317436_R,317436.25,317469.55,2.120865719169823,355.9175220843514,R,binocular,2,2
PV_106,009,PV_106_block_009,PV_106_009_335502_R,335501.5,335601.4,5.531329390389222,32.20800111490249,R,binocular,2,2
PV_106,009,PV_106_block_009,PV_106_009_336351_R,336350.65,336400.6,1.478785959864294,44.80210784997477,R,binocular,2,2
PV_106,009,PV_106_block_009,PV_106_009_353234_R,353233.75,353250.4,0.5322870371392371,16.28499775754617,R,binocular,2,2
PV_106,009,PV_106_block_009,PV_106_009_364256_L,364256.05,364355.95,19.588431424048366,324.3750688139604,L,binocular,2,2
PV_106,009,PV_106_block_009,PV_106_009_408811_L,408811.45,408878.05,10.26836403400634,158.23234865205117,L,binocular,2,2
PV_106,009,PV_106_block_009,PV_106_009_449737_L,449737.15,449787.1,2.9451019917282086,347.7689715299048,L,binocular,2,2
PV_106,009,PV_106_block_009,PV_106_009_474179_R,474179.35,474279.25,4.865303898942555,316.49556954511127,R,binocular,2,2
PV_106,009,PV_106_block_009,PV_106_009_536184_R,536183.95,536283.85,5.781857101229321,318.11177555318557,R,binocular,2,2
PV_106,009,PV_106_block_009,PV_106_009_574762_L,574762.0,574845.25,7.943499985867412,37.56232190852512,L,binocular,2,2
PV_106,009,PV_106_block_009,PV_106_009_596524_L,596523.55,596556.85,2.2823281836223552,241.7958142061002,L,binocular,2,2
PV_106,009,PV_106_block_009,PV_106_009_661109_R,661108.9,661192.15,5.415583368561837,309.8234141439092,R,binocular,2,2
PV_106,009,PV_106_block_009,PV_106_009_666870_R,666869.8,666936.4,2.7677275804762553,304.8260337180789,R,binocular,2,2
PV_106,009,PV_106_block_009,PV_106_009_721498_L,721498.45,721531.75,1.2631768436341042,133.72458066878298,L,binocular,2,2
PV_106,009,PV_106_block_009,PV_106_009_721732_R,721731.55,721764.85,2.1494821517563074,117.20597614387455,R,binocular,2,2
PV_106,009,PV_106_block_009,PV_106_009_789947_R,789946.6,790063.15,6.877996346827876,319.71105937571195,R,binocular,2,2
PV_106,009,PV_106_block_009,PV_106_009_793626_L,793626.25,793676.2,1.4338823732287431,11.263791241491324,L,binocular,2,2
PV_106,009,PV_106_block_009,PV_106_009_821149_L,821148.7,821265.25,19.333043819747218,323.2758142493122,L,binocular,2,2
PV_106,009,PV_106_block_009,PV_106_009_849803_L,849803.35,849853.3,3.4545211916279843,71.81264591389636,L,binocular,2,2
PV_106,009,PV_106_block_009,PV_106_009_869933_L,869933.2,870033.1,16.807313432516718,326.84177569695083,L,binocular,2,2
PV_106,009,PV_106_block_009,PV_106_009_920716_L,920715.7,920815.6,8.796891878453039,350.80023660732667,L,binocular,2,2
PV_106,009,PV_106_block_009,PV_106_009_933370_L,933369.7,933436.3,19.319361331924657,354.131664712068,L,binocular,2,2
PV_106,009,PV_106_block_009,PV_106_009_933436_L,933436.3,933486.25,10.80568063964905,189.88883052713777,L,binocular,2,2
PV_106,009,PV_106_block_009,PV_106_009_65938_L,65938.0,65954.65,0.5368288519503831,351.148561419702,L,monocular,1,1
PV_106,009,PV_106_block_009,PV_106_009_95991_L,95991.25,96041.2,3.2387775030751387,174.4756975661529,L,monocular,1,1
PV_106,009,PV_106_block_009,PV_106_009_171865_L,171865.3,171881.95,0.7009222413110752,337.4886027278039,L,monocular,1,1
PV_106,009,PV_106_block_009,PV_106_009_208878_L,208878.25,208894.9,0.516116371649243,32.66488472860136,L,monocular,1,1
PV_106,009,PV_106_block_009,PV_106_009_237250_L,237249.85,237333.1,5.978320537196648,299.06443060181186,L,monocular,1,1
PV_106,009,PV_106_block_009,PV_106_009_237350_L,237349.75,237383.05,1.277823428804032,266.11754467400556,L,monocular,1,1
PV_106,009,PV_106_block_009,PV_106_009_240580_L,240579.85,240629.8,3.877060529372941,76.40149367549233,L,monocular,1,1
PV_106,009,PV_106_block_009,PV_106_009_262408_L,262408.0,262474.6,11.954764914681597,352.88969986979936,L,monocular,1,1
PV_106,009,PV_106_block_009,PV_106_009_286983_L,286983.4,287000.05,0.5390022096422838,10.053192289410855,L,monocular,1,1
PV_106,009,PV_106_block_009,PV_106_009_302634_L,302634.4,302734.3,6.444248963055863,285.7939270480384,L,monocular,1,1
PV_106,009,PV_106_block_009,PV_106_009_309694_L,309694.0,309727.3,1.3182680622130372,293.6694880213084,L,monocular,1,1
PV_106,009,PV_106_block_009,PV_106_009_316371_L,316370.65,316470.55,7.941670831770579,287.34294747747947,L,monocular,1,1
PV_106,009,PV_106_block_009,PV_106_009_316471_L,316470.55,316487.2,0.8109444661394781,107.39679275162854,L,monocular,1,1
PV_106,009,PV_106_block_009,PV_106_009_360443_L,360443.2,360509.8,7.046576331239562,285.46668134362466,L,monocular,1,1
PV_106,009,PV_106_block_009,PV_106_009_404932_L,404932.0,404948.65,0.6708751077161903,325.81311223258865,L,monocular,1,1
PV_106,009,PV_106_block_009,PV_106_009_404965_L,404965.3,404981.95,0.5809169697635691,247.2117370405046,L,monocular,1,1
PV_106,009,PV_106_block_009,PV_106_009_405032_L,405031.9,405048.55,0.5486312927990719,264.9903117759532,L,monocular,1,1
PV_106,009,PV_106_block_009,PV_106_009_422981_L,422980.6,422997.25,1.5602092395507445,5.504804171046627,L,monocular,1,1
PV_106,009,PV_106_block_009,PV_106_009_422997_L,422997.25,423063.85,6.254443177669875,190.41013217202055,L,monocular,1,1
PV_106,009,PV_106_block_009,PV_106_009_466970_L,466969.9,467036.5,6.922974135565471,283.6501914501251,L,monocular,1,1
PV_106,009,PV_106_block_009,PV_106_009_467036_L,467036.5,467053.15,0.8732266288394409,90.51148882540514,L,monocular,1,1
PV_106,009,PV_106_block_009,PV_106_009_490480_L,490479.7,490546.3,3.574565141702593,343.7454144983739,L,monocular,1,1
PV_106,009,PV_106_block_009,PV_106_009_498838_L,498838.0,498854.65,,,L,monocular,1,1
PV_106,009,PV_106_block_009,PV_106_009_515788_L,515787.7,515837.65,3.209333329656258,281.04462834891984,L,monocular,1,1
PV_106,009,PV_106_block_009,PV_106_009_515854_L,515854.3,515870.95,0.6565571015737734,285.85827458830454,L,monocular,1,1
PV_106,009,PV_106_block_009,PV_106_009_519151_L,519151.0,519217.6,25.136460820370353,88.62699095975621,L,monocular,1,1
PV_106,009,PV_106_block_009,PV_106_009_534169_L,534169.3,534219.25,4.327551672488412,161.87328690374727,L,monocular,1,1
PV_106,009,PV_106_block_009,PV_106_009_569950_L,569950.15,569966.8,0.6557439774182757,279.5721331257073,L,monocular,1,1
PV_106,009,PV_106_block_009,PV_106_009_569983_L,569983.45,570016.75,1.3331856775359836,299.06347350099344,L,monocular,1,1
PV_106,009,PV_106_block_009,PV_106_009_573680_L,573679.75,573713.05,1.33504848318087,289.94818091525053,L,monocular,1,1
PV_106,009,PV_106_block_009,PV_106_009_574196_L,574195.9,574212.55,0.7660307127547991,5.916979654221443,L,monocular,1,1
PV_106,009,PV_106_block_009,PV_106_009_595841_L,595840.9,595874.2,1.224788635884419,0.6065698775847838,L,monocular,1,1
PV_106,009,PV_106_block_009,PV_106_009_596240_L,596240.5,596290.45,6.124547742391992,9.054395480982585,L,monocular,1,1
PV_106,009,PV_106_block_009,PV_106_009_644392_L,644392.3,644442.25,2.706802096619738,272.3738525704666,L,monocular,1,1
PV_106,009,PV_106_block_009,PV_106_009_689747_L,689746.9,689813.5,4.301499464684504,298.9015294718984,L,monocular,1,1
PV_106,009,PV_106_block_009,PV_106_009_700519_L,700519.45,700536.1,0.6051906309612982,347.20593490469713,L,monocular,1,1
PV_106,009,PV_106_block_009,PV_106_009_721515_L,721515.1,721548.4,2.2482994805448673,260.50751200438583,L,monocular,1,1
PV_106,009,PV_106_block_009,PV_106_009_723114_L,723113.5,723130.15,0.5467575635297676,127.70748259519296,L,monocular,1,1
PV_106,009,PV_106_block_009,PV_106_009_763456_L,763456.45,763556.35,6.214726500641452,290.6477712490892,L,monocular,1,1
PV_106,009,PV_106_block_009,PV_106_009_785301_L,785301.25,785351.2,2.5866303413068286,324.19823209744095,L,monocular,1,1
PV_106,009,PV_106_block_009,PV_106_009_785368_L,785367.85,785417.8,3.396181733371794,270.6464416435901,L,monocular,1,1
PV_106,009,PV_106_block_009,PV_106_009_796107_L,796107.1,796157.05,3.4227160089229134,273.6604701068914,L,monocular,1,1
PV_106,009,PV_106_block_009,PV_106_009_847306_L,847305.85,847355.8,3.6308749475637954,291.90835152187987,L,monocular,1,1
PV_106,009,PV_106_block_009,PV_106_009_850586_L,850585.9,850619.2,2.0406079243082873,152.10995661671558,L,monocular,1,1
PV_106,009,PV_106_block_009,PV_106_009_899320_L,899320.45,899387.05,4.678114054212715,284.873846869006,L,monocular,1,1
PV_106,009,PV_106_block_009,PV_106_009_67853_R,67852.75,67886.05,2.031333057178285,343.64736267230575,R,monocular,1,1
PV_106,009,PV_106_block_009,PV_106_009_192978_R,192977.5,192994.15,1.596074790016438,72.76052719874382,R,monocular,1,1
PV_106,009,PV_106_block_009,PV_106_009_192994_R,192994.15,193010.8,1.341637170652757,251.03661163060698,R,monocular,1,1
PV_106,009,PV_106_block_009,PV_106_009_193677_R,193676.8,193693.45,0.6728872791433979,294.75847748926554,R,monocular,1,1
PV_106,009,PV_106_block_009,PV_106_009_193710_R,193710.1,193726.75,0.7929136842074133,272.48879260869825,R,monocular,1,1
PV_106,009,PV_106_block_009,PV_106_009_193743_R,193743.4,193810.0,4.0146687882539664,269.9542960500605,R,monocular,1,1
PV_106,009,PV_106_block_009,PV_106_009_236834_R,236833.6,236933.5,10.169813315876235,183.50668151026392,R,monocular,1,1
PV_106,009,PV_106_block_009,PV_106_009_262608_R,262607.8,262691.05,7.513740734726567,254.52378977687422,R,monocular,1,1
PV_106,009,PV_106_block_009,PV_106_009_274146_R,274146.25,274179.55,1.6678805756948716,244.889586871431,R,monocular,1,1
PV_106,009,PV_106_block_009,PV_106_009_274196_R,274196.2,274212.85,0.6179668878937594,271.7816251441926,R,monocular,1,1
PV_106,009,PV_106_block_009,PV_106_009_274230_R,274229.5,274246.15,0.7552207466746979,251.76831414753866,R,monocular,1,1
PV_106,009,PV_106_block_009,PV_106_009_309128_R,309127.9,309144.55,0.6767557105950858,262.3294594844094,R,monocular,1,1
PV_106,009,PV_106_block_009,PV_106_009_315871_R,315871.15,315921.1,5.155822745940511,251.05415710848143,R,monocular,1,1
PV_106,009,PV_106_block_009,PV_106_009_315954_R,315954.4,315971.05,0.6493642461168407,75.6461587062687,R,monocular,1,1
PV_106,009,PV_106_block_009,PV_106_009_390163_R,390163.45,390246.7,5.545924197353573,254.93365170932748,R,monocular,1,1
PV_106,009,PV_106_block_009,PV_106_009_411875_R,411875.05,411891.7,0.6680117598258745,153.32988860726547,R,monocular,1,1
PV_106,009,PV_106_block_009,PV_106_009_420133_R,420133.45,420150.1,0.5323970098635116,285.37008608367114,R,monocular,1,1
PV_106,009,PV_106_block_009,PV_106_009_421033_R,421032.55,421065.85,2.4947113548710336,138.06831319668063,R,monocular,1,1
PV_106,009,PV_106_block_009,PV_106_009_449787_R,449787.1,449803.75,0.6643597986918952,256.6403216968845,R,monocular,1,1
PV_106,009,PV_106_block_009,PV_106_009_466903_R,466903.3,466953.25,4.532290404558809,266.1633340526797,R,monocular,1,1
PV_106,009,PV_106_block_009,PV_106_009_471382_R,471382.15,471398.8,0.7511431413833312,12.353517727969997,R,monocular,1,1
PV_106,009,PV_106_block_009,PV_106_009_490979_R,490979.2,491062.45,4.342300901660023,302.63160206768,R,monocular,1,1
PV_106,009,PV_106_block_009,PV_106_009_519700_R,519700.45,519783.7,5.957007971954414,262.3778000492507,R,monocular,1,1
PV_106,009,PV_106_block_009,PV_106_009_530590_R,530589.55,530606.2,0.5576023138615602,222.2760752266669,R,monocular,1,1
PV_106,009,PV_106_block_009,PV_106_009_593194_R,593193.55,593210.2,1.21939716196789,77.271431256501,R,monocular,1,1
PV_106,009,PV_106_block_009,PV_106_009_593210_R,593210.2,593226.85,0.5843776074992965,252.26590101485823,R,monocular,1,1
PV_106,009,PV_106_block_009,PV_106_009_596324_R,596323.75,596357.05,2.5008348931196864,251.79633565657898,R,monocular,1,1
PV_106,009,PV_106_block_009,PV_106_009_596374_R,596373.7,596423.65,2.4626440621048924,252.98144966996801,R,monocular,1,1
PV_106,009,PV_106_block_009,PV_106_009_622548_R,622547.5,622614.1,5.438668016536782,298.53981393257015,R,monocular,1,1
PV_106,009,PV_106_block_009,PV_106_009_625361_R,625361.35,625378.0,0.7779299309003102,18.082224442632203,R,monocular,1,1
PV_106,009,PV_106_block_009,PV_106_009_625395_R,625394.65,625477.9,4.1807366630593545,15.582467035275243,R,monocular,1,1
PV_106,009,PV_106_block_009,PV_106_009_644176_R,644175.85,644242.45,4.772584757415916,267.8393746937948,R,monocular,1,1
PV_106,009,PV_106_block_009,PV_106_009_644442_R,644442.25,644525.5,7.601017654895635,85.99365964718135,R,monocular,1,1
PV_106,009,PV_106_block_009,PV_106_009_723163_R,723163.45,723213.4,2.84704089590124,289.0568199154747,R,monocular,1,1
PV_106,009,PV_106_block_009,PV_106_009_777875_R,777875.35,777958.6,5.109818589438155,253.10033513005425,R,monocular,1,1
PV_106,009,PV_106_block_009,PV_106_009_785118_R,785118.1,785151.4,3.0993451252572917,93.99350537992585,R,monocular,1,1
PV_106,009,PV_106_block_009,PV_106_009_786400_R,786400.15,786450.1,3.1196953088195407,353.77377584791924,R,monocular,1,1
PV_106,009,PV_106_block_009,PV_106_009_840646_R,840645.85,840679.15,2.5424948075908853,261.3811129867232,R,monocular,1,1
PV_106,009,PV_106_block_009,PV_106_009_847089_R,847089.4,847139.35,6.734435219703706,133.3790921425418,R,monocular,1,1
PV_106,009,PV_106_block_009,PV_106_009_874345_R,874345.45,874362.1,0.5849676348526129,283.55558674504965,R,monocular,1,1
PV_106,009,PV_106_block_009,PV_106_009_885851_R,885850.6,885867.25,0.5174152472274957,278.50983655755135,R,monocular,1,1
PV_106,009,PV_106_block_009,PV_106_009_898838_R,898837.6,898870.9,1.6065156922055124,165.68663089939645,R,monocular,1,1
PV_106,009,PV_106_block_009,PV_106_009_914872_R,914871.55,914888.2,0.6351901106830852,243.53189590385875,R,monocular,1,1
PV_106,009,PV_106_block_009,PV_106_009_916287_R,916286.8,916336.75,6.947636882503276,97.72009407013694,R,monocular,1,1
PV_106,009,PV_106_block_009,PV_106_009_927409_R,927409.0,927425.65,0.5112922751016783,153.2196865660177,R,monocular,1,1
PV_106,009,PV_106_block_009,PV_106_009_930240_R,930239.5,930256.15,0.5686604049390646,49.63724983196297,R,monocular,1,1
PV_106,009,PV_106_block_009,PV_106_009_956863_R,956862.85,956879.5,1.0793333381373513,134.75500148386703,R,monocular,1,1
PV_106,010,PV_106_block_010,PV_106_010_35901_L,35900.95,36000.85,8.888049997661096,8.794968678859243,L,binocular,2,2
PV_106,010,PV_106_block_010,PV_106_010_36101_R,36100.75,36167.35,2.4856020436144237,263.26635277236323,R,binocular,2,2
PV_106,010,PV_106_block_010,PV_106_010_75062_L,75061.75,75128.35,7.9689133113486355,344.7152845624788,L,binocular,2,2
PV_106,010,PV_106_block_010,PV_106_010_98588_R,98588.2,98654.8,3.9203716720969912,307.3018967290319,R,binocular,2,2
PV_106,010,PV_106_block_010,PV_106_010_137965_L,137965.45,138032.05,10.71016968898325,342.7082865352064,L,binocular,2,2
PV_106,010,PV_106_block_010,PV_106_010_160876_R,160875.85,160925.8,2.065414867328094,276.97854776460014,R,binocular,2,2
PV_106,010,PV_106_block_010,PV_106_010_165571_R,165571.15,165637.75,3.1618054687451886,320.4160402770632,R,binocular,2,2
PV_106,010,PV_106_block_010,PV_106_010_191312_R,191312.05,191362.0,1.8731471078651039,61.779955851909456,R,binocular,2,2
PV_106,010,PV_106_block_010,PV_106_010_200536_L,200536.15,200586.1,4.177654351325042,346.67469312174165,L,binocular,2,2
PV_106,010,PV_106_block_010,PV_106_010_224396_R,224395.6,224478.85,6.19340582468138,314.1052295967216,R,binocular,2,2
PV_106,010,PV_106_block_010,PV_106_010_250686_L,250685.95,250769.2,8.427638197303978,131.514440782136,L,binocular,2,2
PV_106,010,PV_106_block_010,PV_106_010_252917_R,252917.05,253033.6,8.168492229100446,301.0127537007377,R,binocular,2,2
PV_106,010,PV_106_block_010,PV_106_010_255731_R,255730.9,255814.15,4.581154777719543,306.04011859668077,R,binocular,2,2
PV_106,010,PV_106_block_010,PV_106_010_258495_L,258494.8,258578.05,8.082332349986922,324.94080099278045,L,binocular,2,2
PV_106,010,PV_106_block_010,PV_106_010_262924_L,262923.7,262990.3,6.657196095071715,349.83750553273154,L,binocular,2,2
PV_106,010,PV_106_block_010,PV_106_010_284452_L,284452.15,284502.1,2.7752416879848654,74.3508029086281,L,binocular,2,2
PV_106,010,PV_106_block_010,PV_106_010_287000_R,286999.6,287066.2,4.229886495115129,307.58542666274576,R,binocular,2,2
PV_106,010,PV_106_block_010,PV_106_010_290696_R,290695.9,290729.2,1.60045354706301,347.5573569951147,R,binocular,2,2
PV_106,010,PV_106_block_010,PV_106_010_376943_L,376942.9,377026.15,11.861528648441224,141.30149633977888,L,binocular,2,2
PV_106,010,PV_106_block_010,PV_106_010_390846_R,390845.65,390945.55,14.12965362719668,221.17462854480218,R,binocular,2,2
PV_106,010,PV_106_block_010,PV_106_010_435118_L,435118.0,435167.95,4.985750718545828,78.43913321809858,L,binocular,2,2
PV_106,010,PV_106_block_010,PV_106_010_483536_L,483536.2,483602.8,3.6635649973827857,61.565488702522195,L,binocular,2,2
PV_106,010,PV_106_block_010,PV_106_010_483769_R,483769.3,483835.9,5.721963772834159,296.0589912481606,R,binocular,2,2
PV_106,010,PV_106_block_010,PV_106_010_534335_L,534335.35,534368.65,0.6875756826002708,32.86636842485846,L,binocular,2,2
PV_106,010,PV_106_block_010,PV_106_010_540263_R,540262.75,540329.35,4.387926315073692,314.8919578506241,R,binocular,2,2
PV_106,010,PV_106_block_010,PV_106_010_580223_L,580222.75,580339.3,23.647292071613705,312.83699258347485,L,binocular,2,2
PV_106,010,PV_106_block_010,PV_106_010_597172_L,597172.45,597222.4,9.108078290254067,149.37324816234292,L,binocular,2,2
PV_106,010,PV_106_block_010,PV_106_010_599520_L,599520.1,599586.7,5.13744583824932,19.851397415261065,L,binocular,2,2
PV_106,010,PV_106_block_010,PV_106_010_659560_L,659560.0,659609.95,3.1143502953828945,250.94937329961175,L,binocular,2,2
PV_106,010,PV_106_block_010,PV_106_010_662590_L,662590.3,662656.9,3.027451061133442,0.6127284688183035,L,binocular,2,2
PV_106,010,PV_106_block_010,PV_106_010_722797_L,722796.7,722879.95,6.279529644951047,289.3143653575271,L,binocular,2,2
PV_106,010,PV_106_block_010,PV_106_010_725311_L,725310.85,725360.8,4.967505313405945,150.0376834964597,L,binocular,2,2
PV_106,010,PV_106_block_010,PV_106_010_909893_L,909892.75,909942.7,11.082124679782801,162.1433434038233,L,binocular,2,2
PV_106,010,PV_106_block_010,PV_106_010_88731_L,88731.4,88764.7,2.046186487132117,100.1783259322137,L,monocular,1,1
PV_106,010,PV_106_block_010,PV_106_010_88831_L,88831.3,88847.95,1.2741868241883587,258.13666366901,L,monocular,1,1
PV_106,010,PV_106_block_010,PV_106_010_89597_L,89597.2,89613.85,0.7338042355040839,319.1947040626804,L,monocular,1,1
PV_106,010,PV_106_block_010,PV_106_010_93543_L,93543.25,93559.9,1.2263509365418084,261.6210059444836,L,monocular,1,1
PV_106,010,PV_106_block_010,PV_106_010_95525_L,95524.6,95541.25,1.284102413180969,87.4908249528859,L,monocular,1,1
PV_106,010,PV_106_block_010,PV_106_010_95874_L,95874.25,95890.9,0.6269641270964795,341.76064524326904,L,monocular,1,1
PV_106,010,PV_106_block_010,PV_106_010_96907_L,96906.55,96939.85,1.4085974323026045,256.3638761590578,L,monocular,1,1
PV_106,010,PV_106_block_010,PV_106_010_97040_L,97039.75,97106.35,8.025485980678953,156.75948927707415,L,monocular,1,1
PV_106,010,PV_106_block_010,PV_106_010_98622_L,98621.5,98654.8,1.5555239305047837,49.841580737503676,L,monocular,1,1
PV_106,010,PV_106_block_010,PV_106_010_113174_L,113173.6,113190.25,1.2350927638480058,57.56736029375256,L,monocular,1,1
PV_106,010,PV_106_block_010,PV_106_010_113224_L,113223.55,113256.85,1.3261201408516285,60.06491732445793,L,monocular,1,1
PV_106,010,PV_106_block_010,PV_106_010_114639_L,114638.8,114655.45,1.1741262551313716,235.29187818778473,L,monocular,1,1
PV_106,010,PV_106_block_010,PV_106_010_114655_L,114655.45,114672.1,1.2939861154940917,50.60412664237818,L,monocular,1,1
PV_106,010,PV_106_block_010,PV_106_010_119634_L,119633.8,119667.1,2.377150998849833,349.1341683485879,L,monocular,1,1
PV_106,010,PV_106_block_010,PV_106_010_121565_L,121565.2,121598.5,1.2247250119282946,239.57823551934626,L,monocular,1,1
PV_106,010,PV_106_block_010,PV_106_010_122797_L,122797.3,122830.6,1.2204824127046312,234.33200772415023,L,monocular,1,1
PV_106,010,PV_106_block_010,PV_106_010_123014_L,123013.75,123047.05,1.238853121030785,54.51535880054678,L,monocular,1,1
PV_106,010,PV_106_block_010,PV_106_010_123330_L,123330.1,123363.4,1.174779037102131,55.44618292693411,L,monocular,1,1
PV_106,010,PV_106_block_010,PV_106_010_124046_L,124046.05,124062.7,1.25517840551188,55.04625388690771,L,monocular,1,1
PV_106,010,PV_106_block_010,PV_106_010_125178_L,125178.25,125194.9,1.1117817485312809,54.95158692635539,L,monocular,1,1
PV_106,010,PV_106_block_010,PV_106_010_127260_L,127259.5,127276.15,1.1855577216704696,236.01946609670034,L,monocular,1,1
PV_106,010,PV_106_block_010,PV_106_010_128242_L,128241.85,128258.5,1.1708688246842085,59.222275036402635,L,monocular,1,1
PV_106,010,PV_106_block_010,PV_106_010_128875_L,128874.55,128907.85,1.2082947749387183,54.05115148229486,L,monocular,1,1
PV_106,010,PV_106_block_010,PV_106_010_129108_L,129107.65,129140.95,1.28014230206589,56.83471214546123,L,monocular,1,1
PV_106,010,PV_106_block_010,PV_106_010_132488_L,132487.6,132504.25,1.3635211655406076,230.8900459013471,L,monocular,1,1
PV_106,010,PV_106_block_010,PV_106_010_132504_L,132504.25,132537.55,1.2357555129525268,55.83262708129261,L,monocular,1,1
PV_106,010,PV_106_block_010,PV_106_010_134103_L,134102.65,134135.95,1.2374517930862297,57.08967378831353,L,monocular,1,1
PV_106,010,PV_106_block_010,PV_106_010_135002_L,135001.75,135035.05,1.1954418745235087,237.05346981632704,L,monocular,1,1
PV_106,010,PV_106_block_010,PV_106_010_135335_L,135334.75,135351.4,1.1692170426000892,235.18071663158258,L,monocular,1,1
PV_106,010,PV_106_block_010,PV_106_010_136800_L,136799.95,136833.25,1.2487604557516272,234.57516853700338,L,monocular,1,1
PV_106,010,PV_106_block_010,PV_106_010_137399_L,137399.35,137465.95,5.847792774540615,355.3871778060258,L,monocular,1,1
PV_106,010,PV_106_block_010,PV_106_010_137632_L,137632.45,137649.1,1.0280497141287372,49.14863625510868,L,monocular,1,1
PV_106,010,PV_106_block_010,PV_106_010_138382_L,138381.7,138415.0,1.4171605192802548,229.6215217626183,L,monocular,1,1
PV_106,010,PV_106_block_010,PV_106_010_139331_L,139330.75,139364.05,1.0838708912617527,263.8876973630544,L,monocular,1,1
PV_106,010,PV_106_block_010,PV_106_010_140047_L,140046.7,140063.35,1.133066381616263,230.9917288879088,L,monocular,1,1
PV_106,010,PV_106_block_010,PV_106_010_140063_L,140063.35,140080.0,1.1509889856634137,53.37166739409871,L,monocular,1,1
PV_106,010,PV_106_block_010,PV_106_010_140746_L,140746.0,140762.65,0.6752295344423023,3.6728527176896106,L,monocular,1,1
PV_106,010,PV_106_block_010,PV_106_010_140796_L,140795.95,140829.25,1.102506079269624,264.6557031401243,L,monocular,1,1
PV_106,010,PV_106_block_010,PV_106_010_142944_L,142943.8,142960.45,1.1759431198644077,236.42665680227697,L,monocular,1,1
PV_106,010,PV_106_block_010,PV_106_010_143144_L,143143.6,143160.25,1.317038212443785,236.60081860334583,L,monocular,1,1
PV_106,010,PV_106_block_010,PV_106_010_143560_L,143559.85,143576.5,1.235786163631086,239.42545619948004,L,monocular,1,1
PV_106,010,PV_106_block_010,PV_106_010_143676_L,143676.4,143709.7,1.3142071363958812,239.08405698124932,L,monocular,1,1
PV_106,010,PV_106_block_010,PV_106_010_145225_L,145224.85,145241.5,1.220666273829752,56.39684519047327,L,monocular,1,1
PV_106,010,PV_106_block_010,PV_106_010_145491_L,145491.25,145507.9,1.1584784123514045,52.80914124618215,L,monocular,1,1
PV_106,010,PV_106_block_010,PV_106_010_150886_L,150885.85,150919.15,1.1595800873199287,53.44744109855195,L,monocular,1,1
PV_106,010,PV_106_block_010,PV_106_010_155132_L,155131.6,155148.25,1.086669576565413,51.99123758125801,L,monocular,1,1
PV_106,010,PV_106_block_010,PV_106_010_157729_L,157729.0,157745.65,0.9990453562508379,92.94016872785286,L,monocular,1,1
PV_106,010,PV_106_block_010,PV_106_010_157995_L,157995.4,158012.05,1.1926928938302144,55.72809021395617,L,monocular,1,1
PV_106,010,PV_106_block_010,PV_106_010_159544_L,159543.85,159577.15,7.008241935827961,137.38518043459115,L,monocular,1,1
PV_106,010,PV_106_block_010,PV_106_010_159577_L,159577.15,159610.45,1.174420471906749,289.357033102552,L,monocular,1,1
PV_106,010,PV_106_block_010,PV_106_010_160909_L,160909.15,160925.8,0.5007680783831071,285.5195785251649,L,monocular,1,1
PV_106,010,PV_106_block_010,PV_106_010_162874_L,162873.85,162907.15,1.0203975168873618,264.96277644665986,L,monocular,1,1
PV_106,010,PV_106_block_010,PV_106_010_168119_L,168118.6,168135.25,1.0649100627710124,52.767721707872184,L,monocular,1,1
PV_106,010,PV_106_block_010,PV_106_010_168135_L,168135.25,168151.9,1.1812412795473788,234.1645178884602,L,monocular,1,1
PV_106,010,PV_106_block_010,PV_106_010_173796_L,173796.25,173812.9,1.1149192328286184,229.8391355873714,L,monocular,1,1
PV_106,010,PV_106_block_010,PV_106_010_179141_L,179140.9,179157.55,1.0624470821456102,230.39908865202037,L,monocular,1,1
PV_106,010,PV_106_block_010,PV_106_010_180639_L,180639.4,180656.05,,,L,monocular,1,1
PV_106,010,PV_106_block_010,PV_106_010_189697_L,189697.0,189830.2,8.509330655036537,290.32750005566425,L,monocular,1,1
PV_106,010,PV_106_block_010,PV_106_010_228208_L,228208.45,228225.1,0.7552316498276391,347.26084658072915,L,monocular,1,1
PV_106,010,PV_106_block_010,PV_106_010_243243_L,243243.4,243260.05,0.6008842246523319,94.95299475066932,L,monocular,1,1
PV_106,010,PV_106_block_010,PV_106_010_250320_L,250319.65,250419.55,9.39500335060271,286.15167494638234,L,monocular,1,1
PV_106,010,PV_106_block_010,PV_106_010_302501_L,302500.75,302517.4,1.2469869417201953,329.19383044800895,L,monocular,1,1
PV_106,010,PV_106_block_010,PV_106_010_302517_L,302517.4,302534.05,1.2643439290158083,137.4276797500083,L,monocular,1,1
PV_106,010,PV_106_block_010,PV_106_010_317336_L,317335.9,317402.5,5.949723224126003,302.6772888857531,L,monocular,1,1
PV_106,010,PV_106_block_010,PV_106_010_322547_L,322547.35,322564.0,0.6434403227096328,7.824792224889474,L,monocular,1,1
PV_106,010,PV_106_block_010,PV_106_010_373280_L,373279.9,373413.1,8.859802045467644,292.4873497948702,L,monocular,1,1
PV_106,010,PV_106_block_010,PV_106_010_408228_L,408228.25,408294.85,6.270844280294828,288.19576450640153,L,monocular,1,1
PV_106,010,PV_106_block_010,PV_106_010_434702_L,434701.75,434751.7,4.9572412838885125,279.7957151027355,L,monocular,1,1
PV_106,010,PV_106_block_010,PV_106_010_435151_L,435151.3,435167.95,0.6092699408150363,256.59641073799924,L,monocular,1,1
PV_106,010,PV_106_block_010,PV_106_010_449837_L,449836.6,449953.15,24.363533614999593,307.53610063833065,L,monocular,1,1
PV_106,010,PV_106_block_010,PV_106_010_471115_L,471115.3,471131.95,0.5624711959646774,76.18494991508211,L,monocular,1,1
PV_106,010,PV_106_block_010,PV_106_010_511958_L,511957.75,512007.7,2.031737803407378,275.1389577720062,L,monocular,1,1
PV_106,010,PV_106_block_010,PV_106_010_596540_L,596539.75,596556.4,0.5634567880183466,270.8384802484929,L,monocular,1,1
PV_106,010,PV_106_block_010,PV_106_010_596623_L,596623.0,596656.3,1.734981723873537,270.20979774578194,L,monocular,1,1
PV_106,010,PV_106_block_010,PV_106_010_596673_L,596672.95,596689.6,0.7034013186239353,298.0435573010307,L,monocular,1,1
PV_106,010,PV_106_block_010,PV_106_010_597089_L,597089.2,597139.15,3.118645865861886,164.41514730783035,L,monocular,1,1
PV_106,010,PV_106_block_010,PV_106_010_615654_L,615653.95,615670.6,0.777492572254489,272.53854010218083,L,monocular,1,1
PV_106,010,PV_106_block_010,PV_106_010_626826_L,626826.1,626842.75,1.3912645475548375,262.2682651357033,L,monocular,1,1
PV_106,010,PV_106_block_010,PV_106_010_626843_L,626842.75,626876.05,1.0731817145529239,352.3602291086904,L,monocular,1,1
PV_106,010,PV_106_block_010,PV_106_010_629390_L,629390.2,629406.85,1.075000922482571,52.53174962996028,L,monocular,1,1
PV_106,010,PV_106_block_010,PV_106_010_629473_L,629473.45,629506.75,1.1851869928480383,50.15342389017676,L,monocular,1,1
PV_106,010,PV_106_block_010,PV_106_010_629906_L,629906.35,629923.0,0.755228557997069,266.133452132609,L,monocular,1,1
PV_106,010,PV_106_block_010,PV_106_010_633653_L,633652.6,633685.9,1.2128679433982679,48.257037188660966,L,monocular,1,1
PV_106,010,PV_106_block_010,PV_106_010_633802_L,633802.45,633819.1,0.9668150060666929,108.98869350002482,L,monocular,1,1
PV_106,010,PV_106_block_010,PV_106_010_635900_L,635900.35,636000.25,7.847809595426575,306.6868521787291,L,monocular,1,1
PV_106,010,PV_106_block_010,PV_106_010_637682_L,637681.9,637698.55,1.279726867029705,60.74419522887096,L,monocular,1,1
PV_106,010,PV_106_block_010,PV_106_010_638431_L,638431.15,638464.45,1.078992423347892,45.18215948738773,L,monocular,1,1
PV_106,010,PV_106_block_010,PV_106_010_639647_L,639646.6,639663.25,0.9086864211693513,265.96418343571537,L,monocular,1,1
PV_106,010,PV_106_block_010,PV_106_010_639663_L,639663.25,639696.55,1.1002788212464485,85.269533089212,L,monocular,1,1
PV_106,010,PV_106_block_010,PV_106_010_639730_L,639729.85,639763.15,1.2151456856874963,54.16040689075731,L,monocular,1,1
PV_106,010,PV_106_block_010,PV_106_010_640279_L,640279.3,640312.6,1.0114194653537683,79.15370322232226,L,monocular,1,1
PV_106,010,PV_106_block_010,PV_106_010_640779_L,640778.8,640795.45,1.0812123316747686,274.8749936824793,L,monocular,1,1
PV_106,010,PV_106_block_010,PV_106_010_641062_L,641061.85,641095.15,1.245717478161203,54.92325371457739,L,monocular,1,1
PV_106,010,PV_106_block_010,PV_106_010_642094_L,642094.15,642110.8,1.0568832511234585,270.36438838619426,L,monocular,1,1
PV_106,010,PV_106_block_010,PV_106_010_644259_L,644258.65,644275.3,1.3052714200466737,240.59746894020924,L,monocular,1,1
PV_106,010,PV_106_block_010,PV_106_010_644275_L,644275.3,644308.6,1.3945781064858156,60.28749019044963,L,monocular,1,1
PV_106,010,PV_106_block_010,PV_106_010_647422_L,647422.15,647438.8,0.9651053109166139,84.83677742706156,L,monocular,1,1
PV_106,010,PV_106_block_010,PV_106_010_647522_L,647522.05,647538.7,0.7638704559358658,12.254006118852127,L,monocular,1,1
PV_106,010,PV_106_block_010,PV_106_010_647655_L,647655.25,647688.55,1.2139738952403052,56.76138349563673,L,monocular,1,1
PV_106,010,PV_106_block_010,PV_106_010_649237_L,649237.0,649253.65,0.6184634208695302,12.424142667233761,L,monocular,1,1
PV_106,010,PV_106_block_010,PV_106_010_649603_L,649603.3,649619.95,0.6068434066425614,149.78065901256213,L,monocular,1,1
PV_106,010,PV_106_block_010,PV_106_010_653050_L,653049.85,653199.7,7.668533959668183,293.1609114929486,L,monocular,1,1
PV_106,010,PV_106_block_010,PV_106_010_654149_L,654148.75,654165.4,1.1925801834970102,264.8363462726475,L,monocular,1,1
PV_106,010,PV_106_block_010,PV_106_010_654249_L,654248.65,654265.3,0.9705245019510896,92.38926291048095,L,monocular,1,1
PV_106,010,PV_106_block_010,PV_106_010_654465_L,654465.1,654481.75,1.059722583462082,264.7623527771363,L,monocular,1,1
PV_106,010,PV_106_block_010,PV_106_010_654665_L,654664.9,654698.2,1.0145688922600276,88.85454946926392,L,monocular,1,1
PV_106,010,PV_106_block_010,PV_106_010_654881_L,654881.35,654898.0,1.0067237778514289,266.0794212152002,L,monocular,1,1
PV_106,010,PV_106_block_010,PV_106_010_655614_L,655613.95,655630.6,0.9326801655063556,265.25060378817307,L,monocular,1,1
PV_106,010,PV_106_block_010,PV_106_010_656480_L,656479.75,656513.05,1.057491143054705,88.500287725873,L,monocular,1,1
PV_106,010,PV_106_block_010,PV_106_010_660709_L,660708.85,660742.15,1.6884784464584037,154.6740901460035,L,monocular,1,1
PV_106,010,PV_106_block_010,PV_106_010_660759_L,660758.8,660775.45,0.7972469665957511,146.25777190331533,L,monocular,1,1
PV_106,010,PV_106_block_010,PV_106_010_668834_L,668834.05,668850.7,0.7937066945006875,86.7851137717009,L,monocular,1,1
PV_106,010,PV_106_block_010,PV_106_010_669200_L,669200.35,669233.65,1.0987886592645721,49.126535914443586,L,monocular,1,1
PV_106,010,PV_106_block_010,PV_106_010_670000_L,669999.55,670016.2,0.8931231453177241,87.39000372801833,L,monocular,1,1
PV_106,010,PV_106_block_010,PV_106_010_670183_L,670182.7,670199.35,0.6143865936070909,187.20183240757666,L,monocular,1,1
PV_106,010,PV_106_block_010,PV_106_010_670233_L,670232.65,670249.3,0.9601525460389376,85.86172190385494,L,monocular,1,1
PV_106,010,PV_106_block_010,PV_106_010_670882_L,670882.0,670915.3,0.924780472757199,85.76269078012486,L,monocular,1,1
PV_106,010,PV_106_block_010,PV_106_010_673829_L,673829.05,673845.7,0.5473445669400796,1.917496930227912,L,monocular,1,1
PV_106,010,PV_106_block_010,PV_106_010_677808_L,677808.4,677825.05,0.5991235176620044,6.979642240924854,L,monocular,1,1
PV_106,010,PV_106_block_010,PV_106_010_677908_L,677908.3,677924.95,0.6732079117931741,359.7081262289977,L,monocular,1,1
PV_106,010,PV_106_block_010,PV_106_010_681238_L,681238.3,681254.95,0.5692304046479417,355.69782474452074,L,monocular,1,1
PV_106,010,PV_106_block_010,PV_106_010_686833_L,686832.7,686965.9,9.526819923397996,285.75409355259126,L,monocular,1,1
PV_106,010,PV_106_block_010,PV_106_010_690263_L,690262.6,690279.25,0.6498907853725886,357.7080953507498,L,monocular,1,1
PV_106,010,PV_106_block_010,PV_106_010_691994_L,691994.2,692010.85,0.6534964252133428,357.06285559203735,L,monocular,1,1
PV_106,010,PV_106_block_010,PV_106_010_693643_L,693642.55,693675.85,1.1378041260062814,89.14094467682999,L,monocular,1,1
PV_106,010,PV_106_block_010,PV_106_010_694342_L,694341.85,694375.15,1.235267303733301,262.4330537586436,L,monocular,1,1
PV_106,010,PV_106_block_010,PV_106_010_694492_L,694491.7,694508.35,1.1318502143833575,258.5482900920789,L,monocular,1,1
PV_106,010,PV_106_block_010,PV_106_010_694991_L,694991.2,695024.5,1.2178115565624434,88.53751706806506,L,monocular,1,1
PV_106,010,PV_106_block_010,PV_106_010_695041_L,695041.15,695057.8,1.1418717537315417,53.026271761802555,L,monocular,1,1
PV_106,010,PV_106_block_010,PV_106_010_695058_L,695057.8,695074.45,1.1796051872487654,239.09121887294137,L,monocular,1,1
PV_106,010,PV_106_block_010,PV_106_010_695074_L,695074.45,695091.1,1.065372916670497,49.83344592034673,L,monocular,1,1
PV_106,010,PV_106_block_010,PV_106_010_695091_L,695091.1,695107.75,0.6648966370025112,168.58236416509806,L,monocular,1,1
PV_106,010,PV_106_block_010,PV_106_010_697006_L,697005.85,697039.15,1.0386943312261077,90.32892057709219,L,monocular,1,1
PV_106,010,PV_106_block_010,PV_106_010_697439_L,697438.75,697472.05,1.036116237199104,84.26044058754562,L,monocular,1,1
PV_106,010,PV_106_block_010,PV_106_010_697622_L,697621.9,697655.2,1.1019730107071601,88.45063427127525,L,monocular,1,1
PV_106,010,PV_106_block_010,PV_106_010_699487_L,699486.7,699520.0,1.0024750123985393,268.95378289190705,L,monocular,1,1
PV_106,010,PV_106_block_010,PV_106_010_699853_L,699853.0,699886.3,1.1997753842529166,56.360082250947535,L,monocular,1,1
PV_106,010,PV_106_block_010,PV_106_010_700069_L,700069.45,700102.75,1.2743208872727796,234.99691806143602,L,monocular,1,1
PV_106,010,PV_106_block_010,PV_106_010_700119_L,700119.4,700136.05,1.1591585988504318,235.07474504171915,L,monocular,1,1
PV_106,010,PV_106_block_010,PV_106_010_702201_L,702200.65,702233.95,1.232100226873348,229.3065151613024,L,monocular,1,1
PV_106,010,PV_106_block_010,PV_106_010_705148_L,705147.7,705164.35,0.5550912821971349,356.95804945407906,L,monocular,1,1
PV_106,010,PV_106_block_010,PV_106_010_705847_L,705847.0,705863.65,0.5003539482928917,94.6718153394706,L,monocular,1,1
PV_106,010,PV_106_block_010,PV_106_010_706180_L,706180.0,706196.65,,,L,monocular,1,1
PV_106,010,PV_106_block_010,PV_106_010_848221_L,848221.15,848254.45,2.4906215789933492,148.1917630891649,L,monocular,1,1
PV_106,010,PV_106_block_010,PV_106_010_848271_L,848271.1,848321.05,2.346021113746022,199.28708723470373,L,monocular,1,1
PV_106,010,PV_106_block_010,PV_106_010_876443_L,876442.9,876476.2,2.9319836154210908,323.7198344089587,L,monocular,1,1
PV_106,010,PV_106_block_010,PV_106_010_907245_L,907245.4,907278.7,2.039955231159927,294.765985387863,L,monocular,1,1
PV_106,010,PV_106_block_010,PV_106_010_907295_L,907295.35,907312.0,0.6542896160224304,286.3059229231753,L,monocular,1,1
PV_106,010,PV_106_block_010,PV_106_010_907329_L,907328.65,907395.25,5.204996590197699,276.61716319228594,L,monocular,1,1
PV_106,010,PV_106_block_010,PV_106_010_941012_L,941011.6,941028.25,0.6290709596490652,353.9526579997929,L,monocular,1,1
PV_106,010,PV_106_block_010,PV_106_010_950885_L,950885.05,950918.35,2.2058430520587446,336.98748034284984,L,monocular,1,1
PV_106,010,PV_106_block_010,PV_106_010_33986_R,33986.2,34002.85,0.7902103761328092,201.7924211558325,R,monocular,1,1
PV_106,010,PV_106_block_010,PV_106_010_34752_R,34752.1,34785.4,1.8655419867492997,340.34445492770675,R,monocular,1,1
PV_106,010,PV_106_block_010,PV_106_010_96407_R,96407.05,96423.7,0.5789773159698239,234.26034610032758,R,monocular,1,1
PV_106,010,PV_106_block_010,PV_106_010_96457_R,96457.0,96473.65,0.5924409528686025,259.43491689718917,R,monocular,1,1
PV_106,010,PV_106_block_010,PV_106_010_96657_R,96656.8,96690.1,1.667698603307318,356.6575547654059,R,monocular,1,1
PV_106,010,PV_106_block_010,PV_106_010_113074_R,113073.7,113090.35,0.9090704019957562,249.34719541810387,R,monocular,1,1
PV_106,010,PV_106_block_010,PV_106_010_120200_R,120199.9,120216.55,0.5880047772029936,180.68990663640625,R,monocular,1,1
PV_106,010,PV_106_block_010,PV_106_010_120233_R,120233.2,120249.85,0.6481950326722246,267.56491075121943,R,monocular,1,1
PV_106,010,PV_106_block_010,PV_106_010_137799_R,137798.95,137898.85,6.482812546697895,240.2571709181471,R,monocular,1,1
PV_106,010,PV_106_block_010,PV_106_010_149787_R,149786.95,149803.6,0.5116589182830784,94.70674033731065,R,monocular,1,1
PV_106,010,PV_106_block_010,PV_106_010_157596_R,157595.8,157612.45,0.5615156312197754,44.05452007080638,R,monocular,1,1
PV_106,010,PV_106_block_010,PV_106_010_190962_R,190962.4,191029.0,3.9066871621254293,259.1334082174849,R,monocular,1,1
PV_106,010,PV_106_block_010,PV_106_010_223630_R,223629.7,223646.35,0.7731922813814546,306.6839503649434,R,monocular,1,1
PV_106,010,PV_106_block_010,PV_106_010_250619_R,250619.35,250636.0,0.5102068204150204,216.62151798953803,R,monocular,1,1
PV_106,010,PV_106_block_010,PV_106_010_250753_R,250752.55,250769.2,0.6608028905120864,28.032426263213253,R,monocular,1,1
PV_106,010,PV_106_block_010,PV_106_010_316687_R,316686.55,316769.8,4.021567342016695,258.6288977347505,R,monocular,1,1
PV_106,010,PV_106_block_010,PV_106_010_354232_R,354232.3,354248.95,0.6916740406995066,199.72903373742832,R,monocular,1,1
PV_106,010,PV_106_block_010,PV_106_010_354266_R,354265.6,354298.9,1.6229837038417714,261.2422295930211,R,monocular,1,1
PV_106,010,PV_106_block_010,PV_106_010_375078_R,375078.1,375161.35,5.452026736723473,248.35099105845856,R,monocular,1,1
PV_106,010,PV_106_block_010,PV_106_010_375178_R,375178.0,375194.65,0.7539546785020181,253.19987930371576,R,monocular,1,1
PV_106,010,PV_106_block_010,PV_106_010_375544_R,375544.3,375560.95,0.5860607345697008,352.5316111852523,R,monocular,1,1
PV_106,010,PV_106_block_010,PV_106_010_406963_R,406962.85,406979.5,0.557018160585945,244.71910322286362,R,monocular,1,1
PV_106,010,PV_106_block_010,PV_106_010_434802_R,434801.65,434834.95,3.1666627694020524,261.36495762386943,R,monocular,1,1
PV_106,010,PV_106_block_010,PV_106_010_444092_R,444092.35,444109.0,1.1218539715422355,244.00604353325383,R,monocular,1,1
PV_106,010,PV_106_block_010,PV_106_010_444575_R,444575.2,444591.85,0.8907657570629748,244.42703259735922,R,monocular,1,1
PV_106,010,PV_106_block_010,PV_106_010_450153_R,450152.95,450236.2,5.711816606210795,249.66413914230736,R,monocular,1,1
PV_106,010,PV_106_block_010,PV_106_010_465621_R,465620.8,465704.05,4.641973911482989,264.10841158522595,R,monocular,1,1
PV_106,010,PV_106_block_010,PV_106_010_481139_R,481138.6,481155.25,0.7409911207391269,217.1762344559826,R,monocular,1,1
PV_106,010,PV_106_block_010,PV_106_010_481172_R,481171.9,481238.5,4.58356258743703,253.32974487134814,R,monocular,1,1
PV_106,010,PV_106_block_010,PV_106_010_481788_R,481787.95,481821.25,6.14885518386461,99.04092367712748,R,monocular,1,1
PV_106,010,PV_106_block_010,PV_106_010_481821_R,481821.25,481837.9,0.537515538110691,276.6305420734571,R,monocular,1,1
PV_106,010,PV_106_block_010,PV_106_010_522847_R,522846.85,522863.5,0.6296482652867865,340.37093871336697,R,monocular,1,1
PV_106,010,PV_106_block_010,PV_106_010_634069_R,634068.85,634135.45,4.01262105069787,253.5925680305475,R,monocular,1,1
PV_106,010,PV_106_block_010,PV_106_010_635717_R,635717.2,635767.15,11.053447922339016,120.42071697235991,R,monocular,1,1
PV_106,010,PV_106_block_010,PV_106_010_652783_R,652783.45,652866.7,4.97519671517403,261.39769767081845,R,monocular,1,1
PV_106,010,PV_106_block_010,PV_106_010_686633_R,686632.9,686716.15,5.217043077610254,274.77999025945905,R,monocular,1,1
PV_106,010,PV_106_block_010,PV_106_010_711758_R,711757.75,711841.0,4.701477782426776,260.02189862563023,R,monocular,1,1
PV_106,010,PV_106_block_010,PV_106_010_722747_R,722746.75,722780.05,1.7947933061114052,276.4284920894947,R,monocular,1,1
PV_106,010,PV_106_block_010,PV_106_010_734202_R,734201.95,734235.25,1.8203684362820112,145.0027714984086,R,monocular,1,1
PV_106,010,PV_106_block_010,PV_106_010_761475_R,761474.65,761491.3,0.5975583791094373,255.5310197272213,R,monocular,1,1
PV_106,010,PV_106_block_010,PV_106_010_790512_R,790512.25,790528.9,0.6546604506939305,265.4354570003836,R,monocular,1,1
PV_106,010,PV_106_block_010,PV_106_010_873912_R,873912.1,873928.75,0.5563532646212299,10.067558862977934,R,monocular,1,1
PV_106,010,PV_106_block_010,PV_106_010_876060_R,876059.95,876093.25,1.5605877103951116,101.51048162617727,R,monocular,1,1
PV_106,010,PV_106_block_010,PV_106_010_913040_R,913039.6,913072.9,1.3885032187300015,203.37342047051385,R,monocular,1,1
PV_106,010,PV_106_block_010,PV_106_010_915321_R,915320.65,915353.95,1.5014524153123783,285.28987771129806,R,monocular,1,1
PV_106,010,PV_106_block_010,PV_106_010_930122_R,930122.5,930139.15,0.8668596026706744,116.27176527151312,R,monocular,1,1
PV_106,011,PV_106_block_011,PV_106_011_90574_L,90574.25,90624.2,0.6175993950592182,165.8344069561964,L,binocular,2,2
PV_106,011,PV_106_block_011,PV_106_011_98600_L,98599.55,98649.5,5.244811067044335,6.99871344892575,L,binocular,2,2
PV_106,011,PV_106_block_011,PV_106_011_240008_L,240008.0,240057.95,2.7945736226555713,332.4690578392215,L,binocular,2,2
PV_106,011,PV_106_block_011,PV_106_011_241973_L,241972.7,242039.3,4.372720661412987,329.56369476040135,L,binocular,2,2
PV_106,011,PV_106_block_011,PV_106_011_328619_L,328619.3,328669.25,5.767524258079194,306.5798025872551,L,binocular,2,2
PV_106,011,PV_106_block_011,PV_106_011_329402_R,329401.85,329451.8,2.846130254537905,188.52585686651742,R,binocular,2,2
PV_106,011,PV_106_block_011,PV_106_011_391523_L,391523.0,391589.6,2.903439799989598,163.18888749082404,L,binocular,2,2
PV_106,011,PV_106_block_011,PV_106_011_407107_R,407107.4,407190.65,4.700241253155385,138.71315077998005,R,binocular,2,2
PV_106,011,PV_106_block_011,PV_106_011_496435_R,496434.65,496551.2,11.986052166287404,235.03230003975818,R,binocular,2,2
PV_106,011,PV_106_block_011,PV_106_011_504926_L,504926.15,504976.1,2.366245565159855,341.19419121719125,L,binocular,2,2
PV_106,011,PV_106_block_011,PV_106_011_505143_R,505142.6,505209.2,4.857298540928359,7.771695669745341,R,binocular,2,2
PV_106,011,PV_106_block_011,PV_106_011_505226_R,505225.85,505342.4,6.1841114158442165,184.06780943393957,R,binocular,2,2
PV_106,011,PV_106_block_011,PV_106_011_505409_R,505409.0,505492.25,4.019061461164813,196.28357933559832,R,binocular,2,2
PV_106,011,PV_106_block_011,PV_106_011_506674_R,506674.4,506724.35,4.803380115300173,9.8641482460675,R,binocular,2,2
PV_106,011,PV_106_block_011,PV_106_011_506724_R,506724.35,506774.3,2.595874326284934,196.7618259699528,R,binocular,2,2
PV_106,011,PV_106_block_011,PV_106_011_512685_R,512685.05,512751.65,1.367348085790217,195.11228807909941,R,binocular,2,2
PV_106,011,PV_106_block_011,PV_106_011_647300_R,647300.3,647383.55,2.380068922619495,199.09839172083173,R,binocular,2,2
PV_106,011,PV_106_block_011,PV_106_011_648149_L,648149.45,648166.1,0.5902968948872016,75.43674394991027,L,binocular,2,2
PV_106,011,PV_106_block_011,PV_106_011_648199_R,648199.4,648249.35,1.7142211678522536,233.3209854502493,R,binocular,2,2
PV_106,011,PV_106_block_011,PV_106_011_656641_R,656640.95,656724.2,4.0953141333310725,186.60697579142644,R,binocular,2,2
PV_106,011,PV_106_block_011,PV_106_011_657990_L,657989.6,658122.8,4.672253420111563,308.3285676735175,L,binocular,2,2
PV_106,011,PV_106_block_011,PV_106_011_670244_L,670244.0,670310.6,4.150375264134539,283.56022519993616,L,binocular,2,2
PV_106,011,PV_106_block_011,PV_106_011_760937_L,760936.55,761003.15,1.5660569774805486,158.2308176684482,L,binocular,2,2
PV_106,011,PV_106_block_011,PV_106_011_843238_L,843237.5,843370.7,7.541958783179878,216.30602445688052,L,binocular,2,2
PV_106,011,PV_106_block_011,PV_106_011_873241_L,873240.8,873257.45,0.7416249140737706,162.99282557092113,L,binocular,2,2
PV_106,011,PV_106_block_011,PV_106_011_878918_L,878918.45,878985.05,3.0398917329634285,126.5979159949449,L,binocular,2,2
PV_106,011,PV_106_block_011,PV_106_011_884196_R,884196.5,884279.75,7.099634253478126,353.7243574047392,R,binocular,2,2
PV_106,011,PV_106_block_011,PV_106_011_885462_L,885461.9,885545.15,14.459662163346584,337.1779467167189,L,binocular,2,2
PV_106,011,PV_106_block_011,PV_106_011_1024340_R,1024339.55,1024456.1,14.674298847459209,246.90344030704824,R,binocular,2,2
PV_106,011,PV_106_block_011,PV_106_011_1024456_L,1024456.1,1024539.35,8.861342408400976,143.3891609679759,L,binocular,2,2
PV_106,011,PV_106_block_011,PV_106_011_1030783_L,1030783.1,1030816.4,2.074899267689276,148.74203901622786,L,binocular,2,2
PV_106,011,PV_106_block_011,PV_106_011_1030816_L,1030816.4,1030916.3,7.8584728543323195,319.6493368108863,L,binocular,2,2
PV_106,011,PV_106_block_011,PV_106_011_1045402_R,1045401.8,1045518.35,13.142222250130962,30.335733523594115,R,binocular,2,2
PV_106,011,PV_106_block_011,PV_106_011_1126537_L,1126537.25,1126603.85,5.883937211420036,340.6927672080055,L,binocular,2,2
PV_106,011,PV_106_block_011,PV_106_011_1158838_L,1158838.25,1158938.15,4.073277361866712,339.7174350299686,L,binocular,2,2
PV_106,011,PV_106_block_011,PV_106_011_1264566_L,1264565.75,1264698.95,6.800478388741016,146.98212146505702,L,binocular,2,2
PV_106,011,PV_106_block_011,PV_106_011_1264799_L,1264798.85,1264882.1,5.556517189950615,137.8896898932935,L,binocular,2,2
PV_106,011,PV_106_block_011,PV_106_011_1355292_L,1355291.6,1355391.5,5.949325821677582,352.7619024688474,L,binocular,2,2
PV_106,011,PV_106_block_011,PV_106_011_1365298_R,1365298.25,1365431.45,13.796501782605576,23.195140414512597,R,binocular,2,2
PV_106,011,PV_106_block_011,PV_106_011_1396117_R,1396117.4,1396167.35,0.5973718927531,260.1755862251589,R,binocular,2,2
PV_106,011,PV_106_block_011,PV_106_011_1409304_L,1409304.2,1409354.15,6.510288549144725,214.18554714152233,L,binocular,2,2
PV_106,011,PV_106_block_011,PV_106_011_1409454_R,1409454.05,1409520.65,5.357924461800909,234.75911467361385,R,binocular,2,2
PV_106,011,PV_106_block_011,PV_106_011_1413833_L,1413833.0,1413932.9,15.022456932549037,275.6082281646089,L,binocular,2,2
PV_106,011,PV_106_block_011,PV_106_011_1413983_R,1413982.85,1414032.8,4.685011955681185,46.065244336146606,R,binocular,2,2
PV_106,011,PV_106_block_011,PV_106_011_1438192_R,1438191.95,1438291.85,12.289871733604729,241.94585849086414,R,binocular,2,2
PV_106,011,PV_106_block_011,PV_106_011_1447066_R,1447066.4,1447166.3,3.9506323553247875,343.0978166926278,R,binocular,2,2
PV_106,011,PV_106_block_011,PV_106_011_1480283_R,1480283.15,1480349.75,2.6115217788731337,323.97518943546066,R,binocular,2,2
PV_106,011,PV_106_block_011,PV_106_011_1495668_R,1495667.75,1495717.7,8.761426621047846,97.13739322943145,R,binocular,2,2
PV_106,011,PV_106_block_011,PV_106_011_1508838_R,1508837.9,1508887.85,2.258440827419501,119.63014327706898,R,binocular,2,2
PV_106,011,PV_106_block_011,PV_106_011_1714998_L,1714998.2,1715048.15,4.035367620186326,334.5175240566528,L,binocular,2,2
PV_106,011,PV_106_block_011,PV_106_011_1752028_R,1752027.8,1752144.35,18.321093154609297,258.63071729680604,R,binocular,2,2
PV_106,011,PV_106_block_011,PV_106_011_1801428_L,1801428.35,1801478.3,1.9815812651980491,13.88002852911945,L,binocular,2,2
PV_106,011,PV_106_block_011,PV_106_011_1809221_R,1809220.55,1809320.45,17.000847576047473,248.41101595743618,R,binocular,2,2
PV_106,011,PV_106_block_011,PV_106_011_1824056_R,1824055.7,1824188.9,10.500116729782915,92.81166920987495,R,binocular,2,2
PV_106,011,PV_106_block_011,PV_106_011_1824389_L,1824388.7,1824438.65,4.334471514022215,164.92813528976242,L,binocular,2,2
PV_106,011,PV_106_block_011,PV_106_011_1824472_L,1824471.95,1824521.9,0.7640923061489885,343.304016163844,L,binocular,2,2
PV_106,011,PV_106_block_011,PV_106_011_1824738_L,1824738.35,1824804.95,5.369991587719057,157.574199589745,L,binocular,2,2
PV_106,011,PV_106_block_011,PV_106_011_1875637_L,1875637.4,1875720.65,5.822142229792832,335.5358979258273,L,binocular,2,2
PV_106,011,PV_106_block_011,PV_106_011_1918261_R,1918261.4,1918361.3,10.144901453358885,355.7929898870174,R,binocular,2,2
PV_106,011,PV_106_block_011,PV_106_011_1918711_L,1918710.95,1918777.55,6.795532350517184,329.5007061221173,L,binocular,2,2
PV_106,011,PV_106_block_011,PV_106_011_1925654_L,1925654.0,1925753.9,6.318367861167098,351.98950276720797,L,binocular,2,2
PV_106,011,PV_106_block_011,PV_106_011_1926054_L,1926053.6,1926120.2,6.500757038110194,342.4381592378285,L,binocular,2,2
PV_106,011,PV_106_block_011,PV_106_011_1927252_L,1927252.4,1927319.0,6.257254934948873,348.70893422157104,L,binocular,2,2
PV_106,011,PV_106_block_011,PV_106_011_1938691_L,1938690.95,1938740.9,4.346086096582603,324.84611808192244,L,binocular,2,2
PV_106,011,PV_106_block_011,PV_106_011_1971508_R,1971508.1,1971558.05,1.7976476603003448,233.87334479928663,R,binocular,2,2
PV_106,011,PV_106_block_011,PV_106_011_1986044_L,1986043.55,1986176.75,13.187358138663877,332.9366105531788,L,binocular,2,2
PV_106,011,PV_106_block_011,PV_106_011_1986377_L,1986376.55,1986443.15,5.129425798198128,324.10928548106574,L,binocular,2,2
PV_106,011,PV_106_block_011,PV_106_011_1986859_L,1986859.4,1986909.35,4.002205800953813,327.09998542122474,L,binocular,2,2
PV_106,011,PV_106_block_011,PV_106_011_2000795_L,2000795.45,2000878.7,4.37707680267788,324.937774955759,L,binocular,2,2
PV_106,011,PV_106_block_011,PV_106_011_2005258_L,2005257.65,2005374.2,17.122734176676712,165.52294272958662,L,binocular,2,2
PV_106,011,PV_106_block_011,PV_106_011_2013266_L,2013266.3,2013366.2,11.326068156986631,173.91330347659408,L,binocular,2,2
PV_106,011,PV_106_block_011,PV_106_011_2020442_R,2020442.45,2020575.65,13.607643035651277,256.525790875006,R,binocular,2,2
PV_106,011,PV_106_block_011,PV_106_011_2029700_R,2029699.85,2029749.8,3.1656326950430524,313.52207149593704,R,binocular,2,2
PV_106,011,PV_106_block_011,PV_106_011_2031398_R,2031398.15,2031531.35,19.73210170865349,177.81399765572493,R,binocular,2,2
PV_106,011,PV_106_block_011,PV_106_011_2053726_R,2053725.8,2053825.7,5.667418084578171,251.55621558106964,R,binocular,2,2
PV_106,011,PV_106_block_011,PV_106_011_2104658_L,2104658.15,2104791.35,14.980774380596532,354.403133787584,L,binocular,2,2
PV_106,011,PV_106_block_011,PV_106_011_2104841_L,2104841.3,2104907.9,4.568862454857941,172.68313234414893,L,binocular,2,2
PV_106,011,PV_106_block_011,PV_106_011_2104908_R,2104907.9,2104957.85,3.8206657252806884,10.069954163116343,R,binocular,2,2
PV_106,011,PV_106_block_011,PV_106_011_2104958_L,2104957.85,2105041.1,5.7657029595631695,158.04995485225984,L,binocular,2,2
PV_106,011,PV_106_block_011,PV_106_011_2106040_L,2106040.1,2106073.4,14.49308085942324,72.29458540885248,L,binocular,2,2
PV_106,011,PV_106_block_011,PV_106_011_2110402_L,2110402.4,2110452.35,15.074312301537066,345.9864217824072,L,binocular,2,2
PV_106,011,PV_106_block_011,PV_106_011_2110452_L,2110452.35,2110485.65,6.550601714403651,216.3184425789488,L,binocular,2,2
PV_106,011,PV_106_block_011,PV_106_011_2110502_L,2110502.3,2110552.25,4.918940498893865,140.62842443873703,L,binocular,2,2
PV_106,011,PV_106_block_011,PV_106_011_2112317_R,2112317.15,2112367.1,2.0785866048088,22.37804458350902,R,binocular,2,2
PV_106,011,PV_106_block_011,PV_106_011_2112400_L,2112400.4,2112417.05,2.288202119034748,333.05776342700216,L,binocular,2,2
PV_106,011,PV_106_block_011,PV_106_011_2112417_L,2112417.05,2112450.35,1.864148322322074,170.5123259389315,L,binocular,2,2
PV_106,011,PV_106_block_011,PV_106_011_2114382_L,2114381.75,2114448.35,8.244526923263425,140.53864499606897,L,binocular,2,2
PV_106,011,PV_106_block_011,PV_106_011_2119843_L,2119842.95,2119892.9,0.7233003204871661,267.19707992437145,L,binocular,2,2
PV_106,011,PV_106_block_011,PV_106_011_2120026_R,2120026.1,2120076.05,6.77902958957549,48.75347498780016,R,binocular,2,2
PV_106,011,PV_106_block_011,PV_106_011_2120076_R,2120076.05,2120126.0,3.193695325485022,144.5271644036997,R,binocular,2,2
PV_106,011,PV_106_block_011,PV_106_011_2120243_L,2120242.55,2120275.85,1.5737324122904301,190.4426206815467,L,binocular,2,2
PV_106,011,PV_106_block_011,PV_106_011_2120609_L,2120608.85,2120625.5,3.2803875375824227,266.29125479071075,L,binocular,2,2
PV_106,011,PV_106_block_011,PV_106_011_2120992_L,2120991.8,2121075.05,16.832855782457493,304.2083691485751,L,binocular,2,2
PV_106,011,PV_106_block_011,PV_106_011_2121358_R,2121358.1,2121408.05,2.5159296974409604,129.51476078026067,R,binocular,2,2
PV_106,011,PV_106_block_011,PV_106_011_2122107_R,2122107.35,2122190.6,8.04581082533744,189.889875451901,R,binocular,2,2
PV_106,011,PV_106_block_011,PV_106_011_2122207_L,2122207.25,2122290.5,5.11527583518792,144.44903040471394,L,binocular,2,2
PV_106,011,PV_106_block_011,PV_106_011_2122407_L,2122407.05,2122473.65,3.974573713146846,49.56625322651711,L,binocular,2,2
PV_106,011,PV_106_block_011,PV_106_011_2122474_L,2122473.65,2122523.6,1.6725368012475912,180.28004700233896,L,binocular,2,2
PV_106,011,PV_106_block_011,PV_106_011_2125104_L,2125104.35,2125170.95,7.608846637628675,137.38485469621912,L,binocular,2,2
PV_106,011,PV_106_block_011,PV_106_011_2125321_R,2125320.8,2125387.4,2.9305846560068574,353.7127375463043,R,binocular,2,2
PV_106,011,PV_106_block_011,PV_106_011_2131365_L,2131364.75,2131448.0,9.51194138463797,325.25349549369605,L,binocular,2,2
PV_106,011,PV_106_block_011,PV_106_011_2132314_L,2132313.8,2132363.75,1.6592640314233071,48.89107636693038,L,binocular,2,2
PV_106,011,PV_106_block_011,PV_106_011_2133429_L,2133429.35,2133545.9,17.361281906545837,158.12095546070327,L,binocular,2,2
PV_106,011,PV_106_block_011,PV_106_011_2133563_R,2133562.55,2133645.8,7.294392616622886,14.154533220035914,R,binocular,2,2
PV_106,011,PV_106_block_011,PV_106_011_2134512_L,2134511.6,2134561.55,2.7679760208604645,130.90669958035977,L,binocular,2,2
PV_106,011,PV_106_block_011,PV_106_011_2149613_L,2149613.15,2149663.1,3.3543953065078607,326.27774693884606,L,binocular,2,2
PV_106,011,PV_106_block_011,PV_106_011_2149730_R,2149729.7,2149812.95,3.20074669313795,17.265935066133444,R,binocular,2,2
PV_106,011,PV_106_block_011,PV_106_011_2151278_L,2151278.15,2151461.3,19.85803078467526,340.73039662028066,L,binocular,2,2
PV_106,011,PV_106_block_011,PV_106_011_2151628_R,2151627.8,2151677.75,2.7882083436923937,1.7632565157237612,R,binocular,2,2
PV_106,011,PV_106_block_011,PV_106_011_2155141_R,2155140.95,2155224.2,7.423435939758214,15.102160074830275,R,binocular,2,2
PV_106,011,PV_106_block_011,PV_106_011_2155357_R,2155357.4,2155407.35,2.3482577298574316,7.586702912430761,R,binocular,2,2
PV_106,011,PV_106_block_011,PV_106_011_2155407_L,2155407.35,2155540.55,8.940368440629822,151.12905150713567,L,binocular,2,2
PV_106,011,PV_106_block_011,PV_106_011_2155557_R,2155557.2,2155607.15,2.671150053823906,11.821530247772886,R,binocular,2,2
PV_106,011,PV_106_block_011,PV_106_011_2156922_R,2156922.5,2157055.7,11.78577385464048,101.59771320735081,R,binocular,2,2
PV_106,011,PV_106_block_011,PV_106_011_2159636_R,2159636.45,2159686.4,3.0052843945960763,351.68388973797846,R,binocular,2,2
PV_106,011,PV_106_block_011,PV_106_011_2159953_R,2159952.8,2160119.3,10.65974424679106,306.0929779490456,R,binocular,2,2
PV_106,011,PV_106_block_011,PV_106_011_2163100_R,2163099.65,2163232.85,20.228863651111357,132.96572817490284,R,binocular,2,2
PV_106,011,PV_106_block_011,PV_106_011_2165747_L,2165747.0,2165863.55,8.875591707256975,334.8304638437384,L,binocular,2,2
PV_106,011,PV_106_block_011,PV_106_011_2165963_L,2165963.45,2166030.05,2.915826489493921,308.21401229350386,L,binocular,2,2
PV_106,011,PV_106_block_011,PV_106_011_2169160_R,2169160.25,2169210.2,6.914218417611566,235.7891583497266,R,binocular,2,2
PV_106,011,PV_106_block_011,PV_106_011_2169926_L,2169926.15,2169992.75,9.047551257892058,325.59826853812785,L,binocular,2,2
PV_106,011,PV_106_block_011,PV_106_011_2170143_L,2170142.6,2170175.9,1.673681117242729,7.254314588383494,L,binocular,2,2
PV_106,011,PV_106_block_011,PV_106_011_2170226_R,2170225.85,2170242.5,0.81660736648055,183.7192178260431,R,binocular,2,2
PV_106,011,PV_106_block_011,PV_106_011_2170942_R,2170941.8,2171025.05,7.453191022864501,351.55166026860013,R,binocular,2,2
PV_106,011,PV_106_block_011,PV_106_011_2171025_L,2171025.05,2171058.35,1.3695082335193376,215.71470593192672,L,binocular,2,2
PV_106,011,PV_106_block_011,PV_106_011_42339_L,42339.2,42389.15,2.7985063954008895,281.984395331424,L,monocular,1,1
PV_106,011,PV_106_block_011,PV_106_011_42422_L,42422.45,42439.1,0.7167328891082918,303.3347138169245,L,monocular,1,1
PV_106,011,PV_106_block_011,PV_106_011_42589_L,42588.95,42672.2,5.875710295271703,55.87986187582651,L,monocular,1,1
PV_106,011,PV_106_block_011,PV_106_011_55759_L,55759.1,55775.75,,,L,monocular,1,1
PV_106,011,PV_106_block_011,PV_106_011_55842_L,55842.35,55875.65,2.4377085031421246,282.36677370970244,L,monocular,1,1
PV_106,011,PV_106_block_011,PV_106_011_58673_L,58672.85,58689.5,,,L,monocular,1,1
PV_106,011,PV_106_block_011,PV_106_011_66182_L,66182.0,66231.95,3.0173143314095516,275.78466750392164,L,monocular,1,1
PV_106,011,PV_106_block_011,PV_106_011_82349_L,82349.15,82432.4,6.251176420363156,278.1583721813234,L,monocular,1,1
PV_106,011,PV_106_block_011,PV_106_011_82449_L,82449.05,82465.7,0.6791219129813738,288.00462072177856,L,monocular,1,1
PV_106,011,PV_106_block_011,PV_106_011_83065_L,83065.1,83098.4,0.8738292347245569,262.59182536158585,L,monocular,1,1
PV_106,011,PV_106_block_011,PV_106_011_90424_L,90424.4,90474.35,2.5094855821194773,110.0540649645712,L,monocular,1,1
PV_106,011,PV_106_block_011,PV_106_011_99732_L,99731.75,99748.4,1.0937819171097878,108.02060493165027,L,monocular,1,1
PV_106,011,PV_106_block_011,PV_106_011_111836_L,111836.3,111886.25,2.6387142183151284,320.5981518093853,L,monocular,1,1
PV_106,011,PV_106_block_011,PV_106_011_123575_L,123574.55,123607.85,1.566288464015759,76.2409768906276,L,monocular,1,1
PV_106,011,PV_106_block_011,PV_106_011_123691_L,123691.1,123707.75,1.369438225585619,261.33231072903027,L,monocular,1,1
PV_106,011,PV_106_block_011,PV_106_011_124490_L,124490.3,124506.95,0.5020526245420016,275.9921207947542,L,monocular,1,1
PV_106,011,PV_106_block_011,PV_106_011_145719_L,145719.05,145852.25,8.914576969208786,274.85187996097795,L,monocular,1,1
PV_106,011,PV_106_block_011,PV_106_011_191140_L,191140.25,191156.9,0.8374990100403613,266.7812721349121,L,monocular,1,1
PV_106,011,PV_106_block_011,PV_106_011_191157_L,191156.9,191173.55,0.8028874547347162,82.42836473655373,L,monocular,1,1
PV_106,011,PV_106_block_011,PV_106_011_196402_L,196401.65,196434.95,1.4533320716214224,135.21550159415312,L,monocular,1,1
PV_106,011,PV_106_block_011,PV_106_011_216964_L,216964.4,216981.05,1.734813105680866,155.20008031854644,L,monocular,1,1
PV_106,011,PV_106_block_011,PV_106_011_216981_L,216981.05,216997.7,0.515498073445706,249.01996104750546,L,monocular,1,1
PV_106,011,PV_106_block_011,PV_106_011_337827_L,337826.75,337876.7,2.7866160016351342,334.8380051863045,L,monocular,1,1
PV_106,011,PV_106_block_011,PV_106_011_338010_L,338009.9,338043.2,2.170564974145963,324.3223522341713,L,monocular,1,1
PV_106,011,PV_106_block_011,PV_106_011_350614_L,350613.95,350647.25,0.8333886833883021,228.8053904595596,L,monocular,1,1
PV_106,011,PV_106_block_011,PV_106_011_352312_L,352312.25,352328.9,0.8895097099687985,46.25655130061735,L,monocular,1,1
PV_106,011,PV_106_block_011,PV_106_011_354627_L,354626.6,354643.25,0.9220931566125558,227.76466556834393,L,monocular,1,1
PV_106,011,PV_106_block_011,PV_106_011_354943_L,354942.95,354976.25,0.9906872545803759,101.24955299214687,L,monocular,1,1
PV_106,011,PV_106_block_011,PV_106_011_370011_L,370011.2,370044.5,1.3149957035939768,209.30608879902007,L,monocular,1,1
PV_106,011,PV_106_block_011,PV_106_011_370744_L,370743.8,370777.1,1.2478075174680179,50.269671343217645,L,monocular,1,1
PV_106,011,PV_106_block_011,PV_106_011_391123_L,391123.4,391173.35,2.8874204611233893,5.2476130955012685,L,monocular,1,1
PV_106,011,PV_106_block_011,PV_106_011_391190_L,391190.0,391223.3,1.486756669867112,334.49743688756195,L,monocular,1,1
PV_106,011,PV_106_block_011,PV_106_011_396984_L,396984.2,397017.5,1.5925935019987427,149.61566278427125,L,monocular,1,1
PV_106,011,PV_106_block_011,PV_106_011_414633_L,414633.2,414649.85,0.7018686897385166,172.3632225965879,L,monocular,1,1
PV_106,011,PV_106_block_011,PV_106_011_455243_L,455242.55,455275.85,1.3289907670806378,61.199379902138936,L,monocular,1,1
PV_106,011,PV_106_block_011,PV_106_011_456208_L,456208.25,456224.9,1.1854526152465097,63.83452578378688,L,monocular,1,1
PV_106,011,PV_106_block_011,PV_106_011_457757_L,457756.7,457773.35,0.9952198251798584,245.20162906524928,L,monocular,1,1
PV_106,011,PV_106_block_011,PV_106_011_457857_L,457856.6,457889.9,1.0926947202878774,246.13360519691184,L,monocular,1,1
PV_106,011,PV_106_block_011,PV_106_011_457907_L,457906.55,457923.2,0.9435145352814626,257.78160134040644,L,monocular,1,1
PV_106,011,PV_106_block_011,PV_106_011_458006_L,458006.45,458023.1,1.1152110249507554,247.30903724387372,L,monocular,1,1
PV_106,011,PV_106_block_011,PV_106_011_458023_L,458023.1,458039.75,1.0458418149843887,70.78328258951316,L,monocular,1,1
PV_106,011,PV_106_block_011,PV_106_011_458106_L,458106.35,458123.0,0.9870762164789115,64.1710255721973,L,monocular,1,1
PV_106,011,PV_106_block_011,PV_106_011_458190_L,458189.6,458206.25,0.8652972360148182,72.10861686965606,L,monocular,1,1
PV_106,011,PV_106_block_011,PV_106_011_458306_L,458306.15,458339.45,1.0513625708208536,61.68599497532042,L,monocular,1,1
PV_106,011,PV_106_block_011,PV_106_011_458439_L,458439.35,458472.65,1.098460342393145,247.674022290339,L,monocular,1,1
PV_106,011,PV_106_block_011,PV_106_011_458573_L,458572.55,458589.2,0.8111671259141827,257.7538630957069,L,monocular,1,1
PV_106,011,PV_106_block_011,PV_106_011_458589_L,458589.2,458605.85,1.0966987971389213,68.44430629525675,L,monocular,1,1
PV_106,011,PV_106_block_011,PV_106_011_458689_L,458689.1,458705.75,0.872955949215413,248.3917012498407,L,monocular,1,1
PV_106,011,PV_106_block_011,PV_106_011_459205_L,459205.25,459221.9,1.177135859186604,63.62634922946691,L,monocular,1,1
PV_106,011,PV_106_block_011,PV_106_011_459272_L,459271.85,459288.5,1.0256699274299692,66.97051207208395,L,monocular,1,1
PV_106,011,PV_106_block_011,PV_106_011_459288_L,459288.5,459305.15,1.0851703676883482,243.3456853843991,L,monocular,1,1
PV_106,011,PV_106_block_011,PV_106_011_459305_L,459305.15,459321.8,1.1144258375227132,64.87739587710519,L,monocular,1,1
PV_106,011,PV_106_block_011,PV_106_011_459422_L,459421.7,459438.35,1.176633215903851,52.57765703302768,L,monocular,1,1
PV_106,011,PV_106_block_011,PV_106_011_459438_L,459438.35,459471.65,1.2815334601521704,238.83772906577022,L,monocular,1,1
PV_106,011,PV_106_block_011,PV_106_011_459555_L,459554.9,459571.55,1.0642157751328016,251.0046224195637,L,monocular,1,1
PV_106,011,PV_106_block_011,PV_106_011_459838_L,459837.95,459854.6,0.9563302312245591,251.8612625299657,L,monocular,1,1
PV_106,011,PV_106_block_011,PV_106_011_460071_L,460071.05,460087.7,1.3118618056627476,242.1138590133,L,monocular,1,1
PV_106,011,PV_106_block_011,PV_106_011_460088_L,460087.7,460121.0,1.0752990787462617,67.01204301083425,L,monocular,1,1
PV_106,011,PV_106_block_011,PV_106_011_460487_L,460487.3,460520.6,1.1016219970653909,250.13629489741328,L,monocular,1,1
PV_106,011,PV_106_block_011,PV_106_011_461786_L,461786.0,461802.65,0.7247232534199765,247.29726859634394,L,monocular,1,1
PV_106,011,PV_106_block_011,PV_106_011_462752_L,462751.7,462785.0,0.8511117878880815,252.10594172011764,L,monocular,1,1
PV_106,011,PV_106_block_011,PV_106_011_463085_L,463084.7,463101.35,0.9338520137900783,252.57296739756487,L,monocular,1,1
PV_106,011,PV_106_block_011,PV_106_011_463501_L,463500.95,463517.6,1.0937820218090069,248.72293477862794,L,monocular,1,1
PV_106,011,PV_106_block_011,PV_106_011_464150_L,464150.3,464183.6,0.8839866023566599,251.89625504321336,L,monocular,1,1
PV_106,011,PV_106_block_011,PV_106_011_464383_L,464383.4,464400.05,0.8772224216758419,249.74484569645557,L,monocular,1,1
PV_106,011,PV_106_block_011,PV_106_011_505376_L,505375.7,505392.35,0.5513760644863993,172.5828536865385,L,monocular,1,1
PV_106,011,PV_106_block_011,PV_106_011_515033_L,515032.7,515066.0,1.0127470333845583,51.784069554522375,L,monocular,1,1
PV_106,011,PV_106_block_011,PV_106_011_518346_L,518346.05,518379.35,0.986770465347191,46.91023643530509,L,monocular,1,1
PV_106,011,PV_106_block_011,PV_106_011_519578_L,519578.15,519594.8,0.9489433772635342,228.93179292243414,L,monocular,1,1
PV_106,011,PV_106_block_011,PV_106_011_521210_L,521209.85,521226.5,0.5112443641510408,357.3035051233061,L,monocular,1,1
PV_106,011,PV_106_block_011,PV_106_011_521743_L,521742.65,521759.3,0.9371195499471026,228.22245799559948,L,monocular,1,1
PV_106,011,PV_106_block_011,PV_106_011_522176_L,522175.55,522192.2,0.5485171057446004,344.08621279732216,L,monocular,1,1
PV_106,011,PV_106_block_011,PV_106_011_528253_L,528252.8,528269.45,0.7630596205147484,197.821754475102,L,monocular,1,1
PV_106,011,PV_106_block_011,PV_106_011_528286_L,528286.1,528302.75,2.0282183881601337,327.79674903849826,L,monocular,1,1
PV_106,011,PV_106_block_011,PV_106_011_528303_L,528302.75,528386.0,8.193194395813661,119.36755222476776,L,monocular,1,1
PV_106,011,PV_106_block_011,PV_106_011_546651_L,546651.05,546667.7,0.5820731895572924,207.59281854632727,L,monocular,1,1
PV_106,011,PV_106_block_011,PV_106_011_546801_L,546800.9,546917.45,8.520734451513722,153.80785304012775,L,monocular,1,1
PV_106,011,PV_106_block_011,PV_106_011_550747_L,550746.95,550846.85,8.724905636138702,296.27829905376893,L,monocular,1,1
PV_106,011,PV_106_block_011,PV_106_011_552079_L,552078.95,552095.6,8.678479241174694,109.60392727612033,L,monocular,1,1
PV_106,011,PV_106_block_011,PV_106_011_552096_L,552095.6,552145.55,,,L,monocular,1,1
PV_106,011,PV_106_block_011,PV_106_011_559188_L,559188.5,559221.8,2.9104260831965987,130.18437679785234,L,monocular,1,1
PV_106,011,PV_106_block_011,PV_106_011_630567_L,630567.05,630583.7,0.6003217125885476,324.9869519620302,L,monocular,1,1
PV_106,011,PV_106_block_011,PV_106_011_648216_L,648216.05,648232.7,3.308561379836021,333.1490611395153,L,monocular,1,1
PV_106,011,PV_106_block_011,PV_106_011_656341_L,656341.25,656357.9,0.6583048246860215,316.28256189512956,L,monocular,1,1
PV_106,011,PV_106_block_011,PV_106_011_679352_L,679351.55,679368.2,0.7748945262933331,163.96076658036273,L,monocular,1,1
PV_106,011,PV_106_block_011,PV_106_011_690790_L,690790.1,690806.75,0.78930186423991,133.25637782848324,L,monocular,1,1
PV_106,011,PV_106_block_011,PV_106_011_704010_L,704010.2,704026.85,0.6450578949703647,166.31564817102756,L,monocular,1,1
PV_106,011,PV_106_block_011,PV_106_011_704044_L,704043.5,704060.15,0.7259092366859573,177.5513701335537,L,monocular,1,1
PV_106,011,PV_106_block_011,PV_106_011_719095_L,719095.1,719111.75,1.5069217252586402,104.29163448312192,L,monocular,1,1
PV_106,011,PV_106_block_011,PV_106_011_739425_L,739424.75,739441.4,0.5122294325804747,214.4602332523757,L,monocular,1,1
PV_106,011,PV_106_block_011,PV_106_011_739458_L,739458.05,739474.7,0.5249861074534408,209.13124821352633,L,monocular,1,1
PV_106,011,PV_106_block_011,PV_106_011_741273_L,741272.9,741306.2,2.5854927297165613,138.18964020182977,L,monocular,1,1
PV_106,011,PV_106_block_011,PV_106_011_745752_L,745751.75,745918.25,17.760906990384882,271.8975688529471,L,monocular,1,1
PV_106,011,PV_106_block_011,PV_106_011_760953_L,760953.2,760969.85,3.8752556333493753,254.26471233904581,L,monocular,1,1
PV_106,011,PV_106_block_011,PV_106_011_760970_L,760969.85,760986.5,0.7121083955673762,127.54721158662649,L,monocular,1,1
PV_106,011,PV_106_block_011,PV_106_011_761170_L,761169.65,761186.3,2.723765282319926,82.87790487239364,L,monocular,1,1
PV_106,011,PV_106_block_011,PV_106_011_761186_L,761186.3,761202.95,2.4798507587694614,271.2771635936921,L,monocular,1,1
PV_106,011,PV_106_block_011,PV_106_011_761270_L,761269.55,761286.2,,,L,monocular,1,1
PV_106,011,PV_106_block_011,PV_106_011_767447_L,767446.7,767463.35,0.7619829657840487,26.860284480950913,L,monocular,1,1
PV_106,011,PV_106_block_011,PV_106_011_767480_L,767480.0,767496.65,0.7208192516425252,356.39963503390175,L,monocular,1,1
PV_106,011,PV_106_block_011,PV_106_011_777553_L,777553.25,777569.9,0.790079085860124,266.0640782232276,L,monocular,1,1
PV_106,011,PV_106_block_011,PV_106_011_778319_L,778319.15,778335.8,0.8312305806310156,81.81969691729408,L,monocular,1,1
PV_106,011,PV_106_block_011,PV_106_011_827303_L,827303.45,827320.1,1.3734261631811857,82.07572390465904,L,monocular,1,1
PV_106,011,PV_106_block_011,PV_106_011_827320_L,827320.1,827336.75,1.0840466388633054,254.45633299410795,L,monocular,1,1
PV_106,011,PV_106_block_011,PV_106_011_839375_L,839374.7,839408.0,2.0931398580157596,80.82670402144552,L,monocular,1,1
PV_106,011,PV_106_block_011,PV_106_011_840374_L,840373.7,840390.35,0.9221415785438153,84.98774578056558,L,monocular,1,1
PV_106,011,PV_106_block_011,PV_106_011_848782_L,848781.95,848881.85,10.185611233641389,101.32621236707409,L,monocular,1,1
PV_106,011,PV_106_block_011,PV_106_011_865166_L,865165.55,865182.2,1.3926256424105434,300.3017049288772,L,monocular,1,1
PV_106,011,PV_106_block_011,PV_106_011_865232_L,865232.15,865248.8,1.5016356355386256,299.94373199743086,L,monocular,1,1
PV_106,011,PV_106_block_011,PV_106_011_883064_L,883064.3,883147.55,6.734514685472343,283.4068337184479,L,monocular,1,1
PV_106,011,PV_106_block_011,PV_106_011_884896_L,884895.8,884912.45,0.722600863171079,70.0515991127092,L,monocular,1,1
PV_106,011,PV_106_block_011,PV_106_011_884979_L,884979.05,884995.7,0.9979103501247185,69.4401095620089,L,monocular,1,1
PV_106,011,PV_106_block_011,PV_106_011_884996_L,884995.7,885029.0,1.015948163612675,237.93543970304503,L,monocular,1,1
PV_106,011,PV_106_block_011,PV_106_011_896484_L,896484.2,896500.85,0.7175111656954322,167.22228206294213,L,monocular,1,1
PV_106,011,PV_106_block_011,PV_106_011_899231_L,899231.45,899248.1,0.6084671556847165,148.6476141602351,L,monocular,1,1
PV_106,011,PV_106_block_011,PV_106_011_899631_L,899631.05,899647.7,0.5983198410273659,158.4529705360207,L,monocular,1,1
PV_106,011,PV_106_block_011,PV_106_011_910737_L,910736.6,910753.25,0.5637429710508209,302.6727259227754,L,monocular,1,1
PV_106,011,PV_106_block_011,PV_106_011_918129_L,918129.2,918145.85,0.5792927735031559,9.899681814244564,L,monocular,1,1
PV_106,011,PV_106_block_011,PV_106_011_920011_L,920010.65,920027.3,1.1424365697034957,234.462238808031,L,monocular,1,1
PV_106,011,PV_106_block_011,PV_106_011_924273_L,924273.05,924289.7,0.5475865737180899,351.8556023095754,L,monocular,1,1
PV_106,011,PV_106_block_011,PV_106_011_924340_L,924339.65,924356.3,0.6218160755220894,183.1376180134325,L,monocular,1,1
PV_106,011,PV_106_block_011,PV_106_011_925921_L,925921.4,925938.05,1.1167490878370903,56.78178364407834,L,monocular,1,1
PV_106,011,PV_106_block_011,PV_106_011_938842_L,938841.8,938875.1,1.4326542310081583,277.34497513461554,L,monocular,1,1
PV_106,011,PV_106_block_011,PV_106_011_938892_L,938891.75,938991.65,5.45532344420711,281.2452174458562,L,monocular,1,1
PV_106,011,PV_106_block_011,PV_106_011_942388_L,942388.25,942421.55,1.0774806622646564,59.001863883994496,L,monocular,1,1
PV_106,011,PV_106_block_011,PV_106_011_942521_L,942521.45,942554.75,1.2703623855788746,63.10816940291752,L,monocular,1,1
PV_106,011,PV_106_block_011,PV_106_011_943587_L,943587.05,943603.7,0.8711701182441451,215.3915020140886,L,monocular,1,1
PV_106,011,PV_106_block_011,PV_106_011_943987_L,943986.65,944003.3,0.6491470831460581,151.25762867269466,L,monocular,1,1
PV_106,011,PV_106_block_011,PV_106_011_951562_L,951562.4,951695.6,10.30357535999393,293.76227077374705,L,monocular,1,1
PV_106,011,PV_106_block_011,PV_106_011_953710_L,953710.25,953726.9,1.287182019498318,56.881364219997636,L,monocular,1,1
PV_106,011,PV_106_block_011,PV_106_011_953727_L,953726.9,953743.55,1.2042323821504515,236.6010919214113,L,monocular,1,1
PV_106,011,PV_106_block_011,PV_106_011_953810_L,953810.15,953826.8,1.1873855545735685,235.931194774444,L,monocular,1,1
PV_106,011,PV_106_block_011,PV_106_011_954426_L,954426.2,954459.5,1.2020019034841567,235.69465069126124,L,monocular,1,1
PV_106,011,PV_106_block_011,PV_106_011_954643_L,954642.65,954675.95,1.2628167250582207,54.997600686188335,L,monocular,1,1
PV_106,011,PV_106_block_011,PV_106_011_1021392_L,1021392.5,1021425.8,2.2967537449262156,86.52155801203749,L,monocular,1,1
PV_106,011,PV_106_block_011,PV_106_011_1030766_L,1030766.45,1030799.75,6.396916868453469,307.35770475570854,L,monocular,1,1
PV_106,011,PV_106_block_011,PV_106_011_1041439_L,1041439.1,1041472.4,1.7957072214052598,85.21319088216383,L,monocular,1,1
PV_106,011,PV_106_block_011,PV_106_011_1042738_L,1042737.8,1042754.45,0.7179823796453744,276.30869239454455,L,monocular,1,1
PV_106,011,PV_106_block_011,PV_106_011_1052461_L,1052461.4,1052494.7,1.8649479487394127,87.71886360791179,L,monocular,1,1
PV_106,011,PV_106_block_011,PV_106_011_1065382_L,1065381.8,1065448.4,5.409447810998908,278.7160108190038,L,monocular,1,1
PV_106,011,PV_106_block_011,PV_106_011_1068029_L,1068029.15,1068045.8,1.000434069540473,51.672261371677436,L,monocular,1,1
PV_106,011,PV_106_block_011,PV_106_011_1069877_L,1069877.3,1069910.6,1.6955465512933738,93.03967467510046,L,monocular,1,1
PV_106,011,PV_106_block_011,PV_106_011_1079967_L,1079967.2,1079983.85,0.8872057569353216,83.92599819078289,L,monocular,1,1
PV_106,011,PV_106_block_011,PV_106_011_1079984_L,1079983.85,1080017.15,0.9576360042559258,263.966647348073,L,monocular,1,1
PV_106,011,PV_106_block_011,PV_106_011_1081982_L,1081981.85,1081998.5,0.8915672227512995,263.71664610396715,L,monocular,1,1
PV_106,011,PV_106_block_011,PV_106_011_1094869_L,1094868.95,1094918.9,3.802692647081706,111.47051341042486,L,monocular,1,1
PV_106,011,PV_106_block_011,PV_106_011_1096584_L,1096583.9,1096600.55,0.7440195249566033,285.01182100692614,L,monocular,1,1
PV_106,011,PV_106_block_011,PV_106_011_1096634_L,1096633.85,1096650.5,0.669054172409829,315.6776456374237,L,monocular,1,1
PV_106,011,PV_106_block_011,PV_106_011_1096667_L,1096667.15,1096717.1,2.8638546531623352,279.152604439036,L,monocular,1,1
PV_106,011,PV_106_block_011,PV_106_011_1099498_L,1099497.65,1099530.95,1.78164610942192,92.65100285451605,L,monocular,1,1
PV_106,011,PV_106_block_011,PV_106_011_1114599_L,1114599.2,1114632.5,1.1042150425351922,85.04825963777508,L,monocular,1,1
PV_106,011,PV_106_block_011,PV_106_011_1114649_L,1114649.15,1114665.8,2.659037777764393,266.7642226163631,L,monocular,1,1
PV_106,011,PV_106_block_011,PV_106_011_1114666_L,1114665.8,1114699.1,3.487576546175931,82.78743357319357,L,monocular,1,1
PV_106,011,PV_106_block_011,PV_106_011_1114716_L,1114715.75,1114732.4,,,L,monocular,1,1
PV_106,011,PV_106_block_011,PV_106_011_1116680_L,1116680.45,1116797.0,7.411181601232132,282.11225274739866,L,monocular,1,1
PV_106,011,PV_106_block_011,PV_106_011_1132298_L,1132298.15,1132331.45,0.8747320551073636,224.532052128418,L,monocular,1,1
PV_106,011,PV_106_block_011,PV_106_011_1132648_L,1132647.8,1132681.1,0.8637737965099647,226.4178012980452,L,monocular,1,1
PV_106,011,PV_106_block_011,PV_106_011_1162385_L,1162384.7,1162418.0,2.123216024256687,220.0352045924528,L,monocular,1,1
PV_106,011,PV_106_block_011,PV_106_011_1162418_L,1162418.0,1162451.3,2.292897309624114,356.0924903022198,L,monocular,1,1
PV_106,011,PV_106_block_011,PV_106_011_1162468_L,1162467.95,1162484.6,1.0950547287218322,221.16506480891357,L,monocular,1,1
PV_106,011,PV_106_block_011,PV_106_011_1162485_L,1162484.6,1162501.25,0.7928730852754905,331.70697372916976,L,monocular,1,1
PV_106,011,PV_106_block_011,PV_106_011_1162518_L,1162517.9,1162667.75,10.788143537320979,182.86043893256883,L,monocular,1,1
PV_106,011,PV_106_block_011,PV_106_011_1178602_L,1178601.8,1178685.05,4.88246116885798,276.9836944093828,L,monocular,1,1
PV_106,011,PV_106_block_011,PV_106_011_1184746_L,1184745.65,1184762.3,0.5791675446635994,80.66349670566643,L,monocular,1,1
PV_106,011,PV_106_block_011,PV_106_011_1211019_L,1211019.35,1211036.0,0.8629476990915806,349.62225321944237,L,monocular,1,1
PV_106,011,PV_106_block_011,PV_106_011_1211036_L,1211036.0,1211085.95,3.1512745690474895,165.3038234257255,L,monocular,1,1
PV_106,011,PV_106_block_011,PV_106_011_1211136_L,1211135.9,1211152.55,0.7566699998132369,353.6551032360872,L,monocular,1,1
PV_106,011,PV_106_block_011,PV_106_011_1211452_L,1211452.25,1211468.9,0.5636418442006973,317.45372641967765,L,monocular,1,1
PV_106,011,PV_106_block_011,PV_106_011_1230750_L,1230749.6,1230766.25,,,L,monocular,1,1
PV_106,011,PV_106_block_011,PV_106_011_1241339_L,1241339.0,1241438.9,8.114867348951938,285.3526893765225,L,monocular,1,1
PV_106,011,PV_106_block_011,PV_106_011_1241439_L,1241438.9,1241455.55,0.5694798504994955,114.83860311524784,L,monocular,1,1
PV_106,011,PV_106_block_011,PV_106_011_1264399_L,1264399.25,1264415.9,0.5953928073969772,170.65160383927596,L,monocular,1,1
PV_106,011,PV_106_block_011,PV_106_011_1264449_L,1264449.2,1264532.45,7.965303166533056,341.9935059893277,L,monocular,1,1
PV_106,011,PV_106_block_011,PV_106_011_1265814_L,1265814.5,1265831.15,2.324447117117979,97.87114781287924,L,monocular,1,1
PV_106,011,PV_106_block_011,PV_106_011_1265831_L,1265831.15,1265914.4,,,L,monocular,1,1
PV_106,011,PV_106_block_011,PV_106_011_1265948_L,1265947.7,1266064.25,,,L,monocular,1,1
PV_106,011,PV_106_block_011,PV_106_011_1266497_L,1266497.15,1266530.45,2.93915229528719,187.64114784010755,L,monocular,1,1
PV_106,011,PV_106_block_011,PV_106_011_1266564_L,1266563.75,1266613.7,1.9734510098512381,207.3897846770814,L,monocular,1,1
PV_106,011,PV_106_block_011,PV_106_011_1266664_L,1266663.65,1266746.9,5.719075862813414,170.1242570583576,L,monocular,1,1
PV_106,011,PV_106_block_011,PV_106_011_1266764_L,1266763.55,1266863.45,6.997301735424441,171.73818324672314,L,monocular,1,1
PV_106,011,PV_106_block_011,PV_106_011_1271109_L,1271109.2,1271125.85,0.5186462293834557,135.340030121249,L,monocular,1,1
PV_106,011,PV_106_block_011,PV_106_011_1274123_L,1274122.85,1274289.35,10.135251599546153,282.7109068194513,L,monocular,1,1
PV_106,011,PV_106_block_011,PV_106_011_1320726_L,1320726.2,1320759.5,1.797145587140242,71.68152473088891,L,monocular,1,1
PV_106,011,PV_106_block_011,PV_106_011_1333630_L,1333629.95,1333763.15,13.278076280632629,292.5597929821521,L,monocular,1,1
PV_106,011,PV_106_block_011,PV_106_011_1340257_L,1340256.65,1340273.3,,,L,monocular,1,1
PV_106,011,PV_106_block_011,PV_106_011_1341888_L,1341888.35,1341905.0,0.5108070305769059,256.0701280847397,L,monocular,1,1
PV_106,011,PV_106_block_011,PV_106_011_1341988_L,1341988.25,1342021.55,1.4333522629835564,299.8197127863416,L,monocular,1,1
PV_106,011,PV_106_block_011,PV_106_011_1357406_L,1357406.15,1357439.45,2.534687783861948,228.6145152199053,L,monocular,1,1
PV_106,011,PV_106_block_011,PV_106_011_1357473_L,1357472.75,1357489.4,0.5111730320682873,216.17895852372735,L,monocular,1,1
PV_106,011,PV_106_block_011,PV_106_011_1357506_L,1357506.05,1357622.6,8.399239469812258,169.18763081469675,L,monocular,1,1
PV_106,011,PV_106_block_011,PV_106_011_1365215_L,1365215.0,1365281.6,3.7041557437220116,145.26231603954437,L,monocular,1,1
PV_106,011,PV_106_block_011,PV_106_011_1395102_L,1395101.75,1395118.4,0.552810088577496,337.92767383926554,L,monocular,1,1
PV_106,011,PV_106_block_011,PV_106_011_1396101_L,1396100.75,1396117.4,6.007469826191535,142.28656457917916,L,monocular,1,1
PV_106,011,PV_106_block_011,PV_106_011_1396151_L,1396150.7,1396267.25,25.950674012465125,18.08256002820259,L,monocular,1,1
PV_106,011,PV_106_block_011,PV_106_011_1396267_L,1396267.25,1396283.9,9.603444135357938,303.0649769254004,L,monocular,1,1
PV_106,011,PV_106_block_011,PV_106_011_1396284_L,1396283.9,1396383.8,9.488860081012401,76.13537580897633,L,monocular,1,1
PV_106,011,PV_106_block_011,PV_106_011_1396750_L,1396750.1,1396766.75,0.5781526448819508,198.29543685047437,L,monocular,1,1
PV_106,011,PV_106_block_011,PV_106_011_1396817_L,1396816.7,1396866.65,2.5084599837892085,182.26496507467596,L,monocular,1,1
PV_106,011,PV_106_block_011,PV_106_011_1397016_L,1397016.5,1397083.1,4.568074923615618,169.6139362122961,L,monocular,1,1
PV_106,011,PV_106_block_011,PV_106_011_1397633_L,1397632.55,1397665.85,2.6162647449947216,342.8308767144337,L,monocular,1,1
PV_106,011,PV_106_block_011,PV_106_011_1397899_L,1397898.95,1398015.5,8.34841208526326,242.02898047432228,L,monocular,1,1
PV_106,011,PV_106_block_011,PV_106_011_1398049_L,1398048.8,1398065.45,0.693508520488278,221.69545063966305,L,monocular,1,1
PV_106,011,PV_106_block_011,PV_106_011_1406890_L,1406889.95,1406923.25,1.3862125911073095,307.00183717397675,L,monocular,1,1
PV_106,011,PV_106_block_011,PV_106_011_1408388_L,1408388.45,1408405.1,1.5663206423336795,264.90940551237424,L,monocular,1,1
PV_106,011,PV_106_block_011,PV_106_011_1409487_L,1409487.35,1409553.95,3.0359688119733557,250.12398659559716,L,monocular,1,1
PV_106,011,PV_106_block_011,PV_106_011_1409571_L,1409570.6,1409653.85,,,L,monocular,1,1
PV_106,011,PV_106_block_011,PV_106_011_1409687_L,1409687.15,1409753.75,,,L,monocular,1,1
PV_106,011,PV_106_block_011,PV_106_011_1409970_L,1409970.2,1409986.85,,,L,monocular,1,1
PV_106,011,PV_106_block_011,PV_106_011_1410020_L,1410020.15,1410036.8,0.7556298180585019,213.0061454095343,L,monocular,1,1
PV_106,011,PV_106_block_011,PV_106_011_1410103_L,1410103.4,1410136.7,1.6597462049771778,263.39765269347515,L,monocular,1,1
PV_106,011,PV_106_block_011,PV_106_011_1410153_L,1410153.35,1410186.65,1.3831968465075721,215.98183276196104,L,monocular,1,1
PV_106,011,PV_106_block_011,PV_106_011_1410203_L,1410203.3,1410219.95,0.5515380414601218,234.7458897290869,L,monocular,1,1
PV_106,011,PV_106_block_011,PV_106_011_1410237_L,1410236.6,1410269.9,1.5320736514016913,202.91634176400268,L,monocular,1,1
PV_106,011,PV_106_block_011,PV_106_011_1410303_L,1410303.2,1410403.1,6.72693621744105,180.8476281678422,L,monocular,1,1
PV_106,011,PV_106_block_011,PV_106_011_1413950_L,1413949.55,1413982.85,3.974167284993372,325.7824283715515,L,monocular,1,1
PV_106,011,PV_106_block_011,PV_106_011_1439058_L,1439057.75,1439074.4,0.8581867769848351,219.77397307926606,L,monocular,1,1
PV_106,011,PV_106_block_011,PV_106_011_1449930_L,1449930.2,1449946.85,1.0194119829124386,31.380201024269287,L,monocular,1,1
PV_106,011,PV_106_block_011,PV_106_011_1449947_L,1449946.85,1450013.45,9.825612086508313,129.20978648562107,L,monocular,1,1
PV_106,011,PV_106_block_011,PV_106_011_1473923_L,1473922.85,1473939.5,0.6388270583205344,129.3647241568807,L,monocular,1,1
PV_106,011,PV_106_block_011,PV_106_011_1478035_L,1478035.4,1478068.7,1.2417961632332373,238.64127556216766,L,monocular,1,1
PV_106,011,PV_106_block_011,PV_106_011_1512601_L,1512600.8,1512634.1,11.03069815083008,129.00379743946718,L,monocular,1,1
PV_106,011,PV_106_block_011,PV_106_011_1514049_L,1514049.35,1514082.65,2.288166276352836,128.37940572644467,L,monocular,1,1
PV_106,011,PV_106_block_011,PV_106_011_1544252_L,1544252.45,1544269.1,0.5412568736762606,332.8328498694354,L,monocular,1,1
PV_106,011,PV_106_block_011,PV_106_011_1571525_L,1571525.15,1571575.1,2.3697146900159494,281.3123201418447,L,monocular,1,1
PV_106,011,PV_106_block_011,PV_106_011_1574872_L,1574871.8,1574888.45,0.6511977341311892,259.17963822717036,L,monocular,1,1
PV_106,011,PV_106_block_011,PV_106_011_1588242_L,1588241.75,1588258.4,,,L,monocular,1,1
PV_106,011,PV_106_block_011,PV_106_011_1603443_L,1603443.2,1603476.5,1.9710091050137317,290.69243896396677,L,monocular,1,1
PV_106,011,PV_106_block_011,PV_106_011_1603510_L,1603509.8,1603543.1,1.7915571747019587,273.1596976370782,L,monocular,1,1
PV_106,011,PV_106_block_011,PV_106_011_1615032_L,1615031.6,1615114.85,6.368146901414683,94.19548283809523,L,monocular,1,1
PV_106,011,PV_106_block_011,PV_106_011_1658438_L,1658438.15,1658471.45,2.900973226892518,69.92663965266804,L,monocular,1,1
PV_106,011,PV_106_block_011,PV_106_011_1664665_L,1664665.25,1664681.9,0.6814191696019619,275.0154548310467,L,monocular,1,1
PV_106,011,PV_106_block_011,PV_106_011_1664715_L,1664715.2,1664748.5,1.6623700309695124,283.5279542006627,L,monocular,1,1
PV_106,011,PV_106_block_011,PV_106_011_1664782_L,1664781.8,1664798.45,0.6467582497475336,285.31500877823913,L,monocular,1,1
PV_106,011,PV_106_block_011,PV_106_011_1682697_L,1682697.2,1682713.85,0.7559218325907701,82.78428555846519,L,monocular,1,1
PV_106,011,PV_106_block_011,PV_106_011_1686993_L,1686992.9,1687009.55,0.8699093397277843,259.9667024529376,L,monocular,1,1
PV_106,011,PV_106_block_011,PV_106_011_1688325_L,1688324.9,1688341.55,0.6519684258827391,68.63274395386773,L,monocular,1,1
PV_106,011,PV_106_block_011,PV_106_011_1723739_L,1723739.45,1723789.4,3.126112061567835,278.47968987006186,L,monocular,1,1
PV_106,011,PV_106_block_011,PV_106_011_1737942_L,1737941.9,1737975.2,1.6571556575408515,299.1319507889675,L,monocular,1,1
PV_106,011,PV_106_block_011,PV_106_011_1738025_L,1738025.15,1738091.75,3.8018877320658127,289.89369814455,L,monocular,1,1
PV_106,011,PV_106_block_011,PV_106_011_1750696_L,1750695.8,1750712.45,0.6010857330036303,286.40139074626796,L,monocular,1,1
PV_106,011,PV_106_block_011,PV_106_011_1750762_L,1750762.4,1750795.7,1.6522807057271829,292.5110583192543,L,monocular,1,1
PV_106,011,PV_106_block_011,PV_106_011_1790190_L,1790189.6,1790206.25,0.5622421235070559,91.97324600548885,L,monocular,1,1
PV_106,011,PV_106_block_011,PV_106_011_1792554_L,1792553.9,1792570.55,0.6264812401502444,291.25680090245794,L,monocular,1,1
PV_106,011,PV_106_block_011,PV_106_011_1801478_L,1801478.3,1801494.95,0.5002082161189113,88.96043856516825,L,monocular,1,1
PV_106,011,PV_106_block_011,PV_106_011_1802228_L,1802227.55,1802244.2,,,L,monocular,1,1
PV_106,011,PV_106_block_011,PV_106_011_1808571_L,1808571.2,1808587.85,0.6005753506351824,303.10607039346564,L,monocular,1,1
PV_106,011,PV_106_block_011,PV_106_011_1808604_L,1808604.5,1808654.45,2.6017627635854117,289.6656486006355,L,monocular,1,1
PV_106,011,PV_106_block_011,PV_106_011_1824089_L,1824089.0,1824105.65,0.710589035903713,87.20464131365594,L,monocular,1,1
PV_106,011,PV_106_block_011,PV_106_011_1824139_L,1824138.95,1824172.25,1.3003578824128899,112.44679249679507,L,monocular,1,1
PV_106,011,PV_106_block_011,PV_106_011_1824422_L,1824422.0,1824438.65,0.6959697420420732,296.37102556196163,L,monocular,1,1
PV_106,011,PV_106_block_011,PV_106_011_1824838_L,1824838.25,1824854.9,0.595542010190803,313.7462036268838,L,monocular,1,1
PV_106,011,PV_106_block_011,PV_106_011_1843320_L,1843319.75,1843369.7,2.8252907569954178,285.59683552918943,L,monocular,1,1
PV_106,011,PV_106_block_011,PV_106_011_1843420_L,1843419.65,1843436.3,0.7626852710069114,291.00070263247596,L,monocular,1,1
PV_106,011,PV_106_block_011,PV_106_011_1846850_L,1846849.55,1846916.15,3.643087223908096,139.11422919312616,L,monocular,1,1
PV_106,011,PV_106_block_011,PV_106_011_1866663_L,1866663.05,1866679.7,0.5639664481609041,76.00652428370601,L,monocular,1,1
PV_106,011,PV_106_block_011,PV_106_011_1867496_L,1867495.55,1867512.2,0.5557595465446338,262.595084634945,L,monocular,1,1
PV_106,011,PV_106_block_011,PV_106_011_1867529_L,1867528.85,1867545.5,0.5851758417391523,291.7083308461807,L,monocular,1,1
PV_106,011,PV_106_block_011,PV_106_011_1882364_L,1882364.0,1882380.65,0.5168657283773141,75.85647809158434,L,monocular,1,1
PV_106,011,PV_106_block_011,PV_106_011_1891788_L,1891787.9,1891821.2,2.732875036147229,295.0984237170959,L,monocular,1,1
PV_106,011,PV_106_block_011,PV_106_011_1891838_L,1891837.85,1891887.8,2.265612138116924,271.0547296684491,L,monocular,1,1
PV_106,011,PV_106_block_011,PV_106_011_1894269_L,1894268.75,1894318.7,2.7180836178182264,133.6672011266891,L,monocular,1,1
PV_106,011,PV_106_block_011,PV_106_011_1908188_L,1908188.15,1908221.45,1.7065303315645437,286.9681361715735,L,monocular,1,1
PV_106,011,PV_106_block_011,PV_106_011_1908238_L,1908238.1,1908254.75,0.6630177582553909,283.16672457015744,L,monocular,1,1
PV_106,011,PV_106_block_011,PV_106_011_1918844_L,1918844.15,1918860.8,0.72678495319047,168.68776738361998,L,monocular,1,1
PV_106,011,PV_106_block_011,PV_106_011_1927286_L,1927285.7,1927302.35,0.542022208016446,170.37415869283953,L,monocular,1,1
PV_106,011,PV_106_block_011,PV_106_011_1956806_L,1956806.15,1956839.45,1.341244130222762,285.0079641531963,L,monocular,1,1
PV_106,011,PV_106_block_011,PV_106_011_1956856_L,1956856.1,1956922.7,3.3958454509500133,280.19506744637397,L,monocular,1,1
PV_106,011,PV_106_block_011,PV_106_011_1959187_L,1959187.1,1959203.75,,,L,monocular,1,1
PV_106,011,PV_106_block_011,PV_106_011_1969344_L,1969343.6,1969360.25,0.7159439169952891,330.28976590355114,L,monocular,1,1
PV_106,011,PV_106_block_011,PV_106_011_1969377_L,1969376.9,1969393.55,0.7591360278634559,287.56164280167707,L,monocular,1,1
PV_106,011,PV_106_block_011,PV_106_011_1969427_L,1969426.85,1969476.8,2.830518286714108,275.45579385248874,L,monocular,1,1
PV_106,011,PV_106_block_011,PV_106_011_1971442_L,1971441.5,1971491.45,3.3133475283432103,111.27145993854762,L,monocular,1,1
PV_106,011,PV_106_block_011,PV_106_011_1980033_L,1980032.9,1980132.8,8.294991777495106,80.01464551898134,L,monocular,1,1
PV_106,011,PV_106_block_011,PV_106_011_1986976_L,1986975.95,1986992.6,0.5496462840092563,151.07431338886568,L,monocular,1,1
PV_106,011,PV_106_block_011,PV_106_011_2013350_L,2013349.55,2013366.2,0.7363393669213317,110.0208164241777,L,monocular,1,1
PV_106,011,PV_106_block_011,PV_106_011_2014115_L,2014115.45,2014132.1,0.7682958354124262,64.14780358665317,L,monocular,1,1
PV_106,011,PV_106_block_011,PV_106_011_2018744_L,2018744.15,2018760.8,0.6734000492704476,284.1921092675353,L,monocular,1,1
PV_106,011,PV_106_block_011,PV_106_011_2020542_L,2020542.35,2020559.0,0.7353389786511086,116.175242509267,L,monocular,1,1
PV_106,011,PV_106_block_011,PV_106_011_2031531_L,2031531.35,2031581.3,2.201414389674193,24.586845661389614,L,monocular,1,1
PV_106,011,PV_106_block_011,PV_106_011_2044652_L,2044651.55,2044684.85,1.4412848858120488,98.63549645289783,L,monocular,1,1
PV_106,011,PV_106_block_011,PV_106_011_2053626_L,2053625.9,2053659.2,1.4660048959319139,296.1047228057228,L,monocular,1,1
PV_106,011,PV_106_block_011,PV_106_011_2053676_L,2053675.85,2053709.15,1.6563935354185622,273.80197960279764,L,monocular,1,1
PV_106,011,PV_106_block_011,PV_106_011_2053759_L,2053759.1,2053775.75,1.8910735999609567,266.43443668182636,L,monocular,1,1
PV_106,011,PV_106_block_011,PV_106_011_2053776_L,2053775.75,2053809.05,1.2218177418049632,96.18140365952382,L,monocular,1,1
PV_106,011,PV_106_block_011,PV_106_011_2070259_L,2070259.25,2070292.55,1.6887698951862875,287.1164644275249,L,monocular,1,1
PV_106,011,PV_106_block_011,PV_106_011_2070326_L,2070325.85,2070359.15,2.0797373670676125,253.31687158215254,L,monocular,1,1
PV_106,011,PV_106_block_011,PV_106_011_2070359_L,2070359.15,2070392.45,0.9184838497481371,101.62513359919738,L,monocular,1,1
PV_106,011,PV_106_block_011,PV_106_011_2070659_L,2070658.85,2070675.5,0.6220599736866821,62.25731649922104,L,monocular,1,1
PV_106,011,PV_106_block_011,PV_106_011_2071175_L,2071175.0,2071274.9,9.617522623846545,97.92171963050998,L,monocular,1,1
PV_106,011,PV_106_block_011,PV_106_011_2071292_L,2071291.55,2071308.2,0.6567448803733389,113.88894299477879,L,monocular,1,1
PV_106,011,PV_106_block_011,PV_106_011_2098448_L,2098447.7,2098481.0,1.411825739226329,326.6707759466507,L,monocular,1,1
PV_106,011,PV_106_block_011,PV_106_011_2098498_L,2098497.65,2098530.95,1.3418716303785738,289.7901899661989,L,monocular,1,1
PV_106,011,PV_106_block_011,PV_106_011_2098664_L,2098664.15,2098680.8,0.5147837901341079,261.2558713833906,L,monocular,1,1
PV_106,011,PV_106_block_011,PV_106_011_2101312_L,2101311.5,2101378.1,6.1875980935877415,74.54635762044201,L,monocular,1,1
PV_106,011,PV_106_block_011,PV_106_011_2104808_L,2104808.0,2104824.65,0.6725925484695994,336.6564880063171,L,monocular,1,1
PV_106,011,PV_106_block_011,PV_106_011_2106057_L,2106056.75,2106073.4,2.6772271168406236,175.2062019927703,L,monocular,1,1
PV_106,011,PV_106_block_011,PV_106_011_2110486_L,2110485.65,2110502.3,2.2479160929850854,356.26672104380793,L,monocular,1,1
PV_106,011,PV_106_block_011,PV_106_011_2114465_L,2114465.0,2114481.65,0.5551443916497706,309.317551443948,L,monocular,1,1
PV_106,011,PV_106_block_011,PV_106_011_2120259_L,2120259.2,2120309.15,3.638974612587471,30.91279925727499,L,monocular,1,1
PV_106,011,PV_106_block_011,PV_106_011_2120376_L,2120375.75,2120392.4,18.063089898097108,70.98651413914624,L,monocular,1,1
PV_106,011,PV_106_block_011,PV_106_011_2120392_L,2120392.4,2120425.7,2.741869107232737,268.0352963185989,L,monocular,1,1
PV_106,011,PV_106_block_011,PV_106_011_2120626_L,2120625.5,2120658.8,2.7629457837905607,69.4357238168402,L,monocular,1,1
PV_106,011,PV_106_block_011,PV_106_011_2121075_L,2121075.05,2121125.0,3.5565744937039603,194.3050265543275,L,monocular,1,1
PV_106,011,PV_106_block_011,PV_106_011_2121142_L,2121141.65,2121158.3,0.5393318581461012,110.45036818001753,L,monocular,1,1
PV_106,011,PV_106_block_011,PV_106_011_2121225_L,2121224.9,2121258.2,3.1457657180931333,81.7787675091557,L,monocular,1,1
PV_106,011,PV_106_block_011,PV_106_011_2121258_L,2121258.2,2121308.15,5.697393445332571,218.59192183331436,L,monocular,1,1
PV_106,011,PV_106_block_011,PV_106_011_2121308_L,2121308.15,2121358.1,9.66531019178204,49.60275814841823,L,monocular,1,1
PV_106,011,PV_106_block_011,PV_106_011_2121408_L,2121408.05,2121424.7,0.8544225054091749,251.81852968793646,L,monocular,1,1
PV_106,011,PV_106_block_011,PV_106_011_2121425_L,2121424.7,2121441.35,0.5534328581801807,357.70762209428085,L,monocular,1,1
PV_106,011,PV_106_block_011,PV_106_011_2121458_L,2121458.0,2121491.3,1.231524641794943,106.5395033274246,L,monocular,1,1
PV_106,011,PV_106_block_011,PV_106_011_2122141_L,2122140.65,2122207.25,8.569375236747499,324.56996189457607,L,monocular,1,1
PV_106,011,PV_106_block_011,PV_106_011_2125271_L,2125270.85,2125304.15,2.012349898728658,136.83277318423228,L,monocular,1,1
PV_106,011,PV_106_block_011,PV_106_011_2125504_L,2125503.95,2125537.25,3.9245901487274697,117.21844846345128,L,monocular,1,1
PV_106,011,PV_106_block_011,PV_106_011_2125537_L,2125537.25,2125553.9,0.7660510183159128,323.7154082799318,L,monocular,1,1
PV_106,011,PV_106_block_011,PV_106_011_2134478_L,2134478.3,2134494.95,0.6497539428573101,154.6343039376884,L,monocular,1,1
PV_106,011,PV_106_block_011,PV_106_011_2144768_L,2144768.0,2144784.65,0.8154033811724382,257.5355906143822,L,monocular,1,1
PV_106,011,PV_106_block_011,PV_106_011_2145517_L,2145517.25,2145533.9,0.7917831298662876,261.1408953300619,L,monocular,1,1
PV_106,011,PV_106_block_011,PV_106_011_2145867_L,2145866.9,2145900.2,0.8538546876395373,83.03903549649067,L,monocular,1,1
PV_106,011,PV_106_block_011,PV_106_011_2148831_L,2148830.6,2148847.25,0.7076311498925967,82.61860818001225,L,monocular,1,1
PV_106,011,PV_106_block_011,PV_106_011_2149780_L,2149779.65,2149796.3,2.026739798451447,325.9812522351177,L,monocular,1,1
PV_106,011,PV_106_block_011,PV_106_011_2149796_L,2149796.3,2149829.6,1.931139026059709,169.65734369458198,L,monocular,1,1
PV_106,011,PV_106_block_011,PV_106_011_2151478_L,2151477.95,2151594.5,6.474041715521762,151.92644067587565,L,monocular,1,1
PV_106,011,PV_106_block_011,PV_106_011_2151678_L,2151677.75,2151727.7,2.613983497042566,152.8361715537972,L,monocular,1,1
PV_106,011,PV_106_block_011,PV_106_011_2155607_L,2155607.15,2155657.1,2.6636176261810642,159.05087447192108,L,monocular,1,1
PV_106,011,PV_106_block_011,PV_106_011_2156873_L,2156872.55,2156922.5,10.00825642806175,343.42099260768714,L,monocular,1,1
PV_106,011,PV_106_block_011,PV_106_011_2156989_L,2156989.1,2157055.7,6.321898789960136,126.40014589533025,L,monocular,1,1
PV_106,011,PV_106_block_011,PV_106_011_2166030_L,2166030.05,2166046.7,0.628992758432323,175.68187713352876,L,monocular,1,1
PV_106,011,PV_106_block_011,PV_106_011_2169959_L,2169959.45,2170009.4,6.338889684793006,218.73199823354534,L,monocular,1,1
PV_106,011,PV_106_block_011,PV_106_011_2170009_L,2170009.4,2170076.0,12.870425174098182,138.9383096981153,L,monocular,1,1
PV_106,011,PV_106_block_011,PV_106_011_2170176_L,2170175.9,2170225.85,6.648674932120547,138.28933523922603,L,monocular,1,1
PV_106,011,PV_106_block_011,PV_106_011_2170259_L,2170259.15,2170309.1,2.706283012896366,342.27897054062475,L,monocular,1,1
PV_106,011,PV_106_block_011,PV_106_011_2170342_L,2170342.4,2170359.05,0.5191575143323712,317.76314066289876,L,monocular,1,1
PV_106,011,PV_106_block_011,PV_106_011_2171275_L,2171274.8,2171291.45,0.8152757412894506,83.24717911023404,L,monocular,1,1
PV_106,011,PV_106_block_011,PV_106_011_2172923_L,2172923.15,2172939.8,0.7636541483981539,86.10094697623072,L,monocular,1,1
PV_106,011,PV_106_block_011,PV_106_011_43155_R,43155.05,43188.35,1.7007501589687146,259.0729194351396,R,monocular,1,1
PV_106,011,PV_106_block_011,PV_106_011_43205_R,43205.0,43221.65,0.6841901387960466,221.17362657440395,R,monocular,1,1
PV_106,011,PV_106_block_011,PV_106_011_43238_R,43238.3,43254.95,0.6082855663765657,258.2358296174149,R,monocular,1,1
PV_106,011,PV_106_block_011,PV_106_011_63352_R,63351.5,63368.15,0.7944232006309627,260.60862161098186,R,monocular,1,1
PV_106,011,PV_106_block_011,PV_106_011_65999_R,65998.85,66048.8,3.231793229277263,25.13071944887789,R,monocular,1,1
PV_106,011,PV_106_block_011,PV_106_011_73308_R,73308.2,73324.85,0.5955915346164745,60.12339121046441,R,monocular,1,1
PV_106,011,PV_106_block_011,PV_106_011_78703_R,78702.8,78736.1,2.0389758865082666,253.9021087172552,R,monocular,1,1
PV_106,011,PV_106_block_011,PV_106_011_142356_R,142355.75,142405.7,2.725422737510544,263.3000228980729,R,monocular,1,1
PV_106,011,PV_106_block_011,PV_106_011_142422_R,142422.35,142455.65,1.661018076731569,245.57953516896725,R,monocular,1,1
PV_106,011,PV_106_block_011,PV_106_011_163518_R,163517.9,163534.55,0.523434164746012,277.08969409821026,R,monocular,1,1
PV_106,011,PV_106_block_011,PV_106_011_184047_R,184047.35,184064.0,0.590452652501356,81.07728767988021,R,monocular,1,1
PV_106,011,PV_106_block_011,PV_106_011_193888_R,193887.5,193920.8,1.79144229681703,70.36652619271213,R,monocular,1,1
PV_106,011,PV_106_block_011,PV_106_011_293355_R,293354.6,293454.5,16.237196996666945,88.55757754230473,R,monocular,1,1
PV_106,011,PV_106_block_011,PV_106_011_354993_R,354992.9,355026.2,1.6799202861898856,204.89724853318694,R,monocular,1,1
PV_106,011,PV_106_block_011,PV_106_011_359921_R,359921.3,359937.95,0.6731467218269497,264.8499301531399,R,monocular,1,1
PV_106,011,PV_106_block_011,PV_106_011_359955_R,359954.6,359971.25,4.366323265531319,202.55844495418597,R,monocular,1,1
PV_106,011,PV_106_block_011,PV_106_011_359971_R,359971.25,360037.85,9.917917092350985,45.260678084527186,R,monocular,1,1
PV_106,011,PV_106_block_011,PV_106_011_370594_R,370593.95,370643.9,2.4871797576194385,24.82067499902423,R,monocular,1,1
PV_106,011,PV_106_block_011,PV_106_011_375706_R,375705.5,375738.8,1.6407962046652769,188.7424454463955,R,monocular,1,1
PV_106,011,PV_106_block_011,PV_106_011_380651_R,380650.55,380717.15,3.144937833171808,16.810490667403805,R,monocular,1,1
PV_106,011,PV_106_block_011,PV_106_011_437943_R,437943.2,438009.8,4.907388989482066,94.61097797767384,R,monocular,1,1
PV_106,011,PV_106_block_011,PV_106_011_438026_R,438026.45,438059.75,1.7878073031153663,90.44219601411612,R,monocular,1,1
PV_106,011,PV_106_block_011,PV_106_011_448916_R,448915.55,448932.2,0.670891041085132,358.5468443406276,R,monocular,1,1
PV_106,011,PV_106_block_011,PV_106_011_470610_R,470610.5,470627.15,0.7293831965862868,110.16880786667397,R,monocular,1,1
PV_106,011,PV_106_block_011,PV_106_011_500997_R,500996.75,501013.4,0.7293546065075428,236.98602568117093,R,monocular,1,1
PV_106,011,PV_106_block_011,PV_106_011_504959_R,504959.45,504992.75,2.2492217692028076,3.921508538945967,R,monocular,1,1
PV_106,011,PV_106_block_011,PV_106_011_511386_R,511386.35,511403.0,0.6762043336125738,308.0540839160286,R,monocular,1,1
PV_106,011,PV_106_block_011,PV_106_011_546551_R,546551.15,546684.35,13.836607036350463,23.697509833840147,R,monocular,1,1
PV_106,011,PV_106_block_011,PV_106_011_562735_R,562734.95,562768.25,1.533212529958865,185.8230990305655,R,monocular,1,1
PV_106,011,PV_106_block_011,PV_106_011_635579_R,635578.7,635628.65,7.791444858855876,36.76735505086179,R,monocular,1,1
PV_106,011,PV_106_block_011,PV_106_011_656408_R,656407.85,656424.5,0.6925091925863192,0.3864730819286081,R,monocular,1,1
PV_106,011,PV_106_block_011,PV_106_011_716714_R,716714.15,716730.8,0.7215336845583206,226.99847787132413,R,monocular,1,1
PV_106,011,PV_106_block_011,PV_106_011_723824_R,723823.7,723840.35,0.6871398800831806,138.63003224702518,R,monocular,1,1
PV_106,011,PV_106_block_011,PV_106_011_745835_R,745835.0,745851.65,0.569686324653279,22.227274047080023,R,monocular,1,1
PV_106,011,PV_106_block_011,PV_106_011_831916_R,831915.5,831932.15,0.6456953622885164,14.07433676777328,R,monocular,1,1
PV_106,011,PV_106_block_011,PV_106_011_867513_R,867513.2,867529.85,0.5615968434831284,236.39083426903704,R,monocular,1,1
PV_106,011,PV_106_block_011,PV_106_011_883114_R,883114.25,883164.2,2.554270888447871,11.899248110217561,R,monocular,1,1
PV_106,011,PV_106_block_011,PV_106_011_942455_R,942454.85,942488.15,1.032426643247882,229.62544647718016,R,monocular,1,1
PV_106,011,PV_106_block_011,PV_106_011_959704_R,959704.25,959720.9,1.4991741761118555,248.01253303531746,R,monocular,1,1
PV_106,011,PV_106_block_011,PV_106_011_959721_R,959720.9,959737.55,0.5556122195866493,26.17062570125508,R,monocular,1,1
PV_106,011,PV_106_block_011,PV_106_011_1040057_R,1040057.15,1040073.8,2.0319854319350372,144.25290234170268,R,monocular,1,1
PV_106,011,PV_106_block_011,PV_106_011_1040074_R,1040073.8,1040140.4,10.264145468730808,16.03252075737469,R,monocular,1,1
PV_106,011,PV_106_block_011,PV_106_011_1040140_R,1040140.4,1040157.05,5.72623590923162,204.79117702053455,R,monocular,1,1
PV_106,011,PV_106_block_011,PV_106_011_1040157_R,1040157.05,1040240.3,10.863209382032524,36.5198051913244,R,monocular,1,1
PV_106,011,PV_106_block_011,PV_106_011_1044436_R,1044436.1,1044452.75,0.6138140218027317,66.45807073633566,R,monocular,1,1
PV_106,011,PV_106_block_011,PV_106_011_1044769_R,1044769.1,1044785.75,0.5711998279547184,252.18232754650438,R,monocular,1,1
PV_106,011,PV_106_block_011,PV_106_011_1053211_R,1053210.65,1053227.3,0.753334055853838,260.7870403230242,R,monocular,1,1
PV_106,011,PV_106_block_011,PV_106_011_1071243_R,1071242.6,1071275.9,1.9784739571287944,247.25628730121917,R,monocular,1,1
PV_106,011,PV_106_block_011,PV_106_011_1086694_R,1086693.8,1086710.45,2.249441823684436,313.1534984223777,R,monocular,1,1
PV_106,011,PV_106_block_011,PV_106_011_1086710_R,1086710.45,1086727.1,1.898580059843824,80.67123377465929,R,monocular,1,1
PV_106,011,PV_106_block_011,PV_106_011_1086727_R,1086727.1,1086743.75,5.700648104176752,203.06495212000672,R,monocular,1,1
PV_106,011,PV_106_block_011,PV_106_011_1086744_R,1086743.75,1086810.35,9.577870805518062,40.61765131346928,R,monocular,1,1
PV_106,011,PV_106_block_011,PV_106_011_1159205_R,1159204.55,1159221.2,0.5322960957987265,142.1739938603464,R,monocular,1,1
PV_106,011,PV_106_block_011,PV_106_011_1198948_R,1198948.1,1198981.4,1.0704366004506216,359.5801938886832,R,monocular,1,1
PV_106,011,PV_106_block_011,PV_106_011_1211086_R,1211085.95,1211102.6,1.0708867871813381,212.94607953487133,R,monocular,1,1
PV_106,011,PV_106_block_011,PV_106_011_1214649_R,1214649.05,1214715.65,4.452116920076492,264.9906660727889,R,monocular,1,1
PV_106,011,PV_106_block_011,PV_106_011_1242521_R,1242521.15,1242571.1,2.0031422655352222,253.16956430297114,R,monocular,1,1
PV_106,011,PV_106_block_011,PV_106_011_1242604_R,1242604.4,1242621.05,0.7058964236684832,265.7807426625658,R,monocular,1,1
PV_106,011,PV_106_block_011,PV_106_011_1259471_R,1259470.85,1259504.15,1.7069241757366247,68.27642974599708,R,monocular,1,1
PV_106,011,PV_106_block_011,PV_106_011_1261552_R,1261552.1,1261568.75,0.7000019560304818,245.31087927502784,R,monocular,1,1
PV_106,011,PV_106_block_011,PV_106_011_1264499_R,1264499.15,1264549.1,4.936493687215869,0.5946758075310854,R,monocular,1,1
PV_106,011,PV_106_block_011,PV_106_011_1265998_R,1265997.65,1266047.6,2.461419301423971,104.6894774747034,R,monocular,1,1
PV_106,011,PV_106_block_011,PV_106_011_1266064_R,1266064.25,1266080.9,0.545602756825579,91.01606379756004,R,monocular,1,1
PV_106,011,PV_106_block_011,PV_106_011_1291822_R,1291821.8,1291921.7,7.562532713086151,109.42939232653622,R,monocular,1,1
PV_106,011,PV_106_block_011,PV_106_011_1365132_R,1365131.75,1365281.6,,,R,monocular,1,1
PV_106,011,PV_106_block_011,PV_106_011_1398099_R,1398098.75,1398115.4,0.6992756062375105,273.88576300242903,R,monocular,1,1
PV_106,011,PV_106_block_011,PV_106_011_1398132_R,1398132.05,1398148.7,0.5404274917464292,323.75864239295856,R,monocular,1,1
PV_106,011,PV_106_block_011,PV_106_011_1398182_R,1398182.0,1398231.95,3.17247213093221,295.9913793782658,R,monocular,1,1
PV_106,011,PV_106_block_011,PV_106_011_1398232_R,1398231.95,1398248.6,1.6477112932652942,215.25418675846964,R,monocular,1,1
PV_106,011,PV_106_block_011,PV_106_011_1398249_R,1398248.6,1398315.2,3.9007953730389366,348.42772721630183,R,monocular,1,1
PV_106,011,PV_106_block_011,PV_106_011_1398332_R,1398331.85,1398431.75,7.186644272334084,354.93676570609284,R,monocular,1,1
PV_106,011,PV_106_block_011,PV_106_011_1408821_R,1408821.35,1408871.3,,,R,monocular,1,1
PV_106,011,PV_106_block_011,PV_106_011_1409437_R,1409437.4,1409454.05,0.6267400741017294,323.20752149589254,R,monocular,1,1
PV_106,011,PV_106_block_011,PV_106_011_1409521_R,1409520.65,1409703.8,13.6510586648093,5.662276983880638,R,monocular,1,1
PV_106,011,PV_106_block_011,PV_106_011_1409754_R,1409753.75,1409770.4,0.5610963200630831,331.30449855390856,R,monocular,1,1
PV_106,011,PV_106_block_011,PV_106_011_1452278_R,1452277.85,1452361.1,7.360100678849815,41.97138459541709,R,monocular,1,1
PV_106,011,PV_106_block_011,PV_106_011_1453860_R,1453859.6,1453892.9,1.4234615800830446,27.399752719791625,R,monocular,1,1
PV_106,011,PV_106_block_011,PV_106_011_1495751_R,1495751.0,1495767.65,0.6287827440048323,280.80093198010934,R,monocular,1,1
PV_106,011,PV_106_block_011,PV_106_011_1591905_R,1591904.75,1591938.05,1.4352392084496324,273.99311058358694,R,monocular,1,1
PV_106,011,PV_106_block_011,PV_106_011_1607506_R,1607505.8,1607555.75,2.1651891668611447,247.07332922073255,R,monocular,1,1
PV_106,011,PV_106_block_011,PV_106_011_1607572_R,1607572.4,1607639.0,3.2206058501536385,250.28002326104667,R,monocular,1,1
PV_106,011,PV_106_block_011,PV_106_011_1607656_R,1607655.65,1607672.3,0.5131070286368942,250.83615781533194,R,monocular,1,1
PV_106,011,PV_106_block_011,PV_106_011_1715081_R,1715081.45,1715181.35,7.216988105603383,247.91688056877052,R,monocular,1,1
PV_106,011,PV_106_block_011,PV_106_011_1724755_R,1724755.1,1724855.0,7.127906054946977,248.2498541078785,R,monocular,1,1
PV_106,011,PV_106_block_011,PV_106_011_1734512_R,1734512.0,1734561.95,3.155886465554993,84.78254691562637,R,monocular,1,1
PV_106,011,PV_106_block_011,PV_106_011_1770076_R,1770076.4,1770143.0,3.2615724501459944,251.71380301713583,R,monocular,1,1
PV_106,011,PV_106_block_011,PV_106_011_1821009_R,1821008.75,1821125.3,14.218852259224816,219.45430485861968,R,monocular,1,1
PV_106,011,PV_106_block_011,PV_106_011_1838924_R,1838924.15,1838940.8,1.5412639592882897,72.85808471717408,R,monocular,1,1
PV_106,011,PV_106_block_011,PV_106_011_1838941_R,1838940.8,1838957.45,0.7148193705339102,231.54053700958184,R,monocular,1,1
PV_106,011,PV_106_block_011,PV_106_011_1838974_R,1838974.1,1838990.75,0.7621548159167544,239.02498094886903,R,monocular,1,1
PV_106,011,PV_106_block_011,PV_106_011_1843686_R,1843686.05,1843785.95,5.845848429257747,252.26425139694857,R,monocular,1,1
PV_106,011,PV_106_block_011,PV_106_011_1847682_R,1847682.05,1847698.7,0.5306201454071066,64.069382154448,R,monocular,1,1
PV_106,011,PV_106_block_011,PV_106_011_1854442_R,1854441.95,1854508.55,4.6046279618628025,249.27119371022462,R,monocular,1,1
PV_106,011,PV_106_block_011,PV_106_011_1877386_R,1877385.65,1877402.3,0.7955147557297787,249.5506029222951,R,monocular,1,1
PV_106,011,PV_106_block_011,PV_106_011_1877436_R,1877435.6,1877502.2,4.246473845949334,250.15934234484064,R,monocular,1,1
PV_106,011,PV_106_block_011,PV_106_011_1900229_R,1900229.45,1900279.4,2.520562148292102,243.68402924222738,R,monocular,1,1
PV_106,011,PV_106_block_011,PV_106_011_1918395_R,1918394.6,1918427.9,1.0147801025160346,19.740593960578785,R,monocular,1,1
PV_106,011,PV_106_block_011,PV_106_011_1938358_R,1938357.95,1938391.25,1.6004255469339872,79.76662331028194,R,monocular,1,1
PV_106,011,PV_106_block_011,PV_106_011_1938408_R,1938407.9,1938441.2,1.516760273635703,79.81985227410074,R,monocular,1,1
PV_106,011,PV_106_block_011,PV_106_011_1948614_R,1948614.35,1948714.25,21.400675495399234,124.51297635446491,R,monocular,1,1
PV_106,011,PV_106_block_011,PV_106_011_1949930_R,1949929.7,1949946.35,1.5273634578819324,105.92833912247083,R,monocular,1,1
PV_106,011,PV_106_block_011,PV_106_011_1959936_R,1959936.35,1960036.25,12.80198752838164,235.1341858969211,R,monocular,1,1
PV_106,011,PV_106_block_011,PV_106_011_1980100_R,1980099.5,1980116.15,0.7121770938745583,45.98424292868861,R,monocular,1,1
PV_106,011,PV_106_block_011,PV_106_011_2000879_R,2000878.7,2000895.35,0.5420733075661954,8.814492323451447,R,monocular,1,1
PV_106,011,PV_106_block_011,PV_106_011_2026486_R,2026486.4,2026503.05,0.7575918380572616,274.2423888159654,R,monocular,1,1
PV_106,011,PV_106_block_011,PV_106_011_2026520_R,2026519.7,2026569.65,4.357455107483385,285.2051124829745,R,monocular,1,1
PV_106,011,PV_106_block_011,PV_106_011_2029750_R,2029749.8,2029783.1,1.0845919545656224,224.75512063368797,R,monocular,1,1
PV_106,011,PV_106_block_011,PV_106_011_2031465_R,2031464.75,2031597.95,18.65035039811955,1.3442148290477407,R,monocular,1,1
PV_106,011,PV_106_block_011,PV_106_011_2065581_R,2065580.6,2065597.25,0.7733784432887724,251.06247382189034,R,monocular,1,1
PV_106,011,PV_106_block_011,PV_106_011_2065631_R,2065630.55,2065680.5,7.662555699353683,112.96545725857038,R,monocular,1,1
PV_106,011,PV_106_block_011,PV_106_011_2085344_R,2085344.15,2085360.8,0.7922568781440131,276.86591355299015,R,monocular,1,1
PV_106,011,PV_106_block_011,PV_106_011_2085394_R,2085394.1,2085410.75,0.6192480664850089,272.76629235157833,R,monocular,1,1
PV_106,011,PV_106_block_011,PV_106_011_2106073_R,2106073.4,2106156.65,9.869533138928645,0.6292336246392067,R,monocular,1,1
PV_106,011,PV_106_block_011,PV_106_011_2112434_R,2112433.7,2112450.35,0.6941278819684636,200.73272241991438,R,monocular,1,1
PV_106,011,PV_106_block_011,PV_106_011_2112467_R,2112467.0,2112483.65,0.528406964832046,197.23763154783148,R,monocular,1,1
PV_106,011,PV_106_block_011,PV_106_011_2119910_R,2119909.55,2119926.2,,,R,monocular,1,1
PV_106,011,PV_106_block_011,PV_106_011_2120309_R,2120309.15,2120325.8,0.6354375292873444,150.67019236192937,R,monocular,1,1
PV_106,011,PV_106_block_011,PV_106_011_2120476_R,2120475.65,2120508.95,1.9914438459571642,147.3651602089282,R,monocular,1,1
PV_106,011,PV_106_block_011,PV_106_011_2122191_R,2122190.6,2122207.25,1.9039135486476775,328.35741374580005,R,monocular,1,1
PV_106,011,PV_106_block_011,PV_106_011_2122224_R,2122223.9,2122257.2,8.080917425864481,19.91775486336389,R,monocular,1,1
PV_106,011,PV_106_block_011,PV_106_011_2133163_R,2133162.95,2133179.6,0.6932469611735701,337.9763501035776,R,monocular,1,1
PV_106,011,PV_106_block_011,PV_106_011_2134578_R,2134578.2,2134594.85,0.5048778935877751,26.179924156249946,R,monocular,1,1
PV_106,011,PV_106_block_011,PV_106_011_2149830_R,2149829.6,2149862.9,1.6547661070844173,219.60955839978232,R,monocular,1,1
PV_106,011,PV_106_block_011,PV_106_011_2151528_R,2151527.9,2151561.2,1.6396510371259847,203.28531011728026,R,monocular,1,1
PV_106,011,PV_106_block_011,PV_106_011_2151711_R,2151711.05,2151727.7,0.7741941950231896,197.36023071287934,R,monocular,1,1
PV_106,011,PV_106_block_011,PV_106_011_2155491_R,2155490.6,2155540.55,3.153098727909316,210.87660025135642,R,monocular,1,1
PV_106,011,PV_106_block_011,PV_106_011_2155640_R,2155640.45,2155673.75,1.3224027237696385,192.75644634679895,R,monocular,1,1
PV_106,011,PV_106_block_011,PV_106_011_2160036_R,2160036.05,2160052.7,0.6503628308318524,180.84893850984963,R,monocular,1,1
PV_106,011,PV_106_block_011,PV_106_011_2160086_R,2160086.0,2160119.3,1.5130332560265203,147.86639949392278,R,monocular,1,1
PV_106,011,PV_106_block_011,PV_106_011_2163266_R,2163266.15,2163282.8,0.6298323000000345,316.79707399246286,R,monocular,1,1
PV_106,011,PV_106_block_011,PV_106_011_2163316_R,2163316.1,2163332.75,0.6991066619143944,321.5956723989703,R,monocular,1,1
PV_106,011,PV_106_block_011,PV_106_011_2169227_R,2169226.85,2169260.15,0.9490536319536247,248.5929444510718,R,monocular,1,1
PV_106,011,PV_106_block_011,PV_106_011_2170292_R,2170292.45,2170325.75,1.8588960548304954,354.93282211981574,R,monocular,1,1
PV_106,012,PV_106_block_012,PV_106_012_57844_L,57843.65,57926.9,3.7437434025954155,338.33301076263456,L,binocular,2,2
PV_106,012,PV_106_block_012,PV_106_012_87980_R,87980.15,88030.1,2.3564473698975896,201.51871606720718,R,binocular,2,2
PV_106,012,PV_106_block_012,PV_106_012_96655_L,96654.8,96738.05,6.738555706754383,296.9339125403883,L,binocular,2,2
PV_106,012,PV_106_block_012,PV_106_012_137131_L,137130.95,137197.55,1.343309350753683,319.09413353412566,L,binocular,2,2
PV_106,012,PV_106_block_012,PV_106_012_139728_R,139728.35,139811.6,8.702761446781473,234.49605713282278,R,binocular,2,2
PV_106,012,PV_106_block_012,PV_106_012_171946_R,171946.1,172029.35,4.843872188255895,31.421947579556413,R,binocular,2,2
PV_106,012,PV_106_block_012,PV_106_012_187564_L,187563.8,187630.4,2.9594727815023583,315.78220516514483,L,binocular,2,2
PV_106,012,PV_106_block_012,PV_106_012_198886_L,198885.8,198919.1,2.110278453020044,316.8785614213988,L,binocular,2,2
PV_106,012,PV_106_block_012,PV_106_012_349768_R,349768.1,349801.4,1.3139471655989075,88.18206386173016,R,binocular,2,2
PV_106,012,PV_106_block_012,PV_106_012_349801_L,349801.4,349851.35,2.212254313127319,278.4255985222062,L,binocular,2,2
PV_106,012,PV_106_block_012,PV_106_012_460174_L,460174.25,460224.2,1.89631878756027,95.3277567141995,L,binocular,2,2
PV_106,012,PV_106_block_012,PV_106_012_505762_R,505761.95,505878.5,7.439361539290739,51.30479847469939,R,binocular,2,2
PV_106,012,PV_106_block_012,PV_106_012_529322_R,529321.7,529404.95,4.973780365549108,28.254475982532973,R,binocular,2,2
PV_106,012,PV_106_block_012,PV_106_012_540461_L,540460.55,540543.8,8.437914704883848,331.474787453002,L,binocular,2,2
PV_106,012,PV_106_block_012,PV_106_012_543058_L,543057.95,543141.2,6.537197334852026,338.89515731091893,L,binocular,2,2
PV_106,012,PV_106_block_012,PV_106_012_712672_R,712671.5,712721.45,0.515316906067891,275.5212893583402,R,binocular,2,2
PV_106,012,PV_106_block_012,PV_106_012_867283_R,867283.4,867350.0,1.6989846462080684,219.90084535444305,R,binocular,2,2
PV_106,012,PV_106_block_012,PV_106_012_871113_L,871112.9,871246.1,27.079780792434935,137.4436305680985,L,binocular,2,2
PV_106,012,PV_106_block_012,PV_106_012_907127_L,907126.85,907193.45,4.001290768645181,134.3078511417428,L,binocular,2,2
PV_106,012,PV_106_block_012,PV_106_012_941992_R,941991.95,942058.55,3.421739263883481,24.921075680770556,R,binocular,2,2
PV_106,012,PV_106_block_012,PV_106_012_950866_L,950866.4,950949.65,11.03213722685947,80.26690983836328,L,binocular,2,2
PV_106,012,PV_106_block_012,PV_106_012_971512_R,971512.4,971562.35,0.6044509492241106,19.406137404151895,R,binocular,2,2
PV_106,012,PV_106_block_012,PV_106_012_979371_L,979371.2,979487.75,13.315997915942354,273.1322779042721,L,binocular,2,2
PV_106,012,PV_106_block_012,PV_106_012_1021779_L,1021778.75,1021862.0,9.19031341761219,285.26605423374053,L,binocular,2,2
PV_106,012,PV_106_block_012,PV_106_012_1031802_L,1031802.05,1031835.35,3.9031545257842954,155.89270272586762,L,binocular,2,2
PV_106,012,PV_106_block_012,PV_106_012_1034000_L,1033999.85,1034049.8,5.193354498845241,167.45875767463298,L,binocular,2,2
PV_106,012,PV_106_block_012,PV_106_012_1034616_R,1034615.9,1034665.85,0.7467915149259885,32.32302489654583,R,binocular,2,2
PV_106,012,PV_106_block_012,PV_106_012_1037297_L,1037296.55,1037363.15,3.578807838417404,91.97800199222786,L,binocular,2,2
PV_106,012,PV_106_block_012,PV_106_012_1037396_R,1037396.45,1037463.05,3.4720204711787073,124.67082884661829,R,binocular,2,2
PV_106,012,PV_106_block_012,PV_106_012_1037613_L,1037612.9,1037712.8,7.667886267624452,318.0858593460479,L,binocular,2,2
PV_106,012,PV_106_block_012,PV_106_012_1081519_R,1081518.95,1081635.5,7.805828710125787,238.65731982438214,R,binocular,2,2
PV_106,012,PV_106_block_012,PV_106_012_1090676_L,1090676.45,1090743.05,6.193601137071714,326.5608066266286,L,binocular,2,2
PV_106,012,PV_106_block_012,PV_106_012_1103430_R,1103430.35,1103496.95,6.114731656368848,351.4860185132063,R,binocular,2,2
PV_106,012,PV_106_block_012,PV_106_012_1115818_R,1115817.95,1115901.2,5.622843952178323,353.2797478326281,R,binocular,2,2
PV_106,012,PV_106_block_012,PV_106_012_1496220_L,1496220.5,1496287.1,2.998029142218842,69.21214684558082,L,binocular,2,2
PV_106,012,PV_106_block_012,PV_106_012_1496304_R,1496303.75,1496370.35,7.168290542092206,194.43652809893666,R,binocular,2,2
PV_106,012,PV_106_block_012,PV_106_012_1581419_R,1581418.55,1581535.1,8.470309705955826,195.36432145541372,R,binocular,2,2
PV_106,012,PV_106_block_012,PV_106_012_1596104_L,1596103.85,1596170.45,3.67510019993257,70.65021954951567,L,binocular,2,2
PV_106,012,PV_106_block_012,PV_106_012_1636730_L,1636729.85,1636779.8,12.815072247704807,75.88366068887501,L,binocular,2,2
PV_106,012,PV_106_block_012,PV_106_012_1658142_R,1658141.75,1658191.7,4.987153991383825,3.20511878991768,R,binocular,2,2
PV_106,012,PV_106_block_012,PV_106_012_1783400_R,1783399.7,1783433.0,1.948560224340716,6.775923051222301,R,binocular,2,2
PV_106,012,PV_106_block_012,PV_106_012_1785731_R,1785730.7,1785764.0,0.6747865734182694,349.0710800629944,R,binocular,2,2
PV_106,012,PV_106_block_012,PV_106_012_1788195_L,1788194.9,1788228.2,5.7253519648676905,188.77800704911746,L,binocular,2,2
PV_106,012,PV_106_block_012,PV_106_012_1802414_L,1802414.0,1802513.9,9.776134305885215,328.9620521689436,L,binocular,2,2
PV_106,012,PV_106_block_012,PV_106_012_1802680_L,1802680.4,1802713.7,2.990723581004451,357.35629500139544,L,binocular,2,2
PV_106,012,PV_106_block_012,PV_106_012_1802714_R,1802713.7,1802747.0,1.3816808115445112,227.12939292259412,R,binocular,2,2
PV_106,012,PV_106_block_012,PV_106_012_1803813_R,1803812.6,1803895.85,12.046990744957636,5.514994786330769,R,binocular,2,2
PV_106,012,PV_106_block_012,PV_106_012_1803929_L,1803929.15,1803945.8,0.6239869142896186,152.9725706588741,L,binocular,2,2
PV_106,012,PV_106_block_012,PV_106_012_1803979_L,1803979.1,1804045.7,4.646679998689901,141.9324466223302,L,binocular,2,2
PV_106,012,PV_106_block_012,PV_106_012_1804046_L,1804045.7,1804095.65,5.375261928225225,328.269372499904,L,binocular,2,2
PV_106,012,PV_106_block_012,PV_106_012_1804129_R,1804128.95,1804228.85,6.27233017970504,191.82882214013884,R,binocular,2,2
PV_106,012,PV_106_block_012,PV_106_012_1804345_R,1804345.4,1804378.7,5.355829583069217,28.407923234692557,R,binocular,2,2
PV_106,012,PV_106_block_012,PV_106_012_1807775_L,1807775.3,1807875.2,7.194066352735006,291.7632450767734,L,binocular,2,2
PV_106,012,PV_106_block_012,PV_106_012_1807908_L,1807908.5,1807975.1,1.325413908585576,132.81430081458237,L,binocular,2,2
PV_106,012,PV_106_block_012,PV_106_012_1807992_R,1807991.75,1808091.65,5.3134415726702935,345.3407408181111,R,binocular,2,2
PV_106,012,PV_106_block_012,PV_106_012_1808108_L,1808108.3,1808158.25,2.6937128859039867,139.1392902868814,L,binocular,2,2
PV_106,012,PV_106_block_012,PV_106_012_1815001_L,1815001.4,1815084.65,6.163935490297348,338.6379665475221,L,binocular,2,2
PV_106,012,PV_106_block_012,PV_106_012_1815451_L,1815450.95,1815517.55,20.709925584817533,274.60871896298437,L,binocular,2,2
PV_106,012,PV_106_block_012,PV_106_012_1815501_L,1815500.9,1815634.1,7.977557731751536,144.81357696597237,L,binocular,2,2
PV_106,012,PV_106_block_012,PV_106_012_1815717_L,1815717.35,1815767.3,1.3104797598963056,113.40264150797842,L,binocular,2,2
PV_106,012,PV_106_block_012,PV_106_012_1815867_R,1815867.2,1816017.05,15.98659877517547,254.31294653877978,R,binocular,2,2
PV_106,012,PV_106_block_012,PV_106_012_1816816_L,1816816.25,1816982.75,26.735172096764565,346.65735109185175,L,binocular,2,2
PV_106,012,PV_106_block_012,PV_106_012_1816983_L,1816982.75,1817032.7,7.874118622715522,122.95008854308271,L,binocular,2,2
PV_106,012,PV_106_block_012,PV_106_012_1817016_L,1817016.05,1817049.35,3.2854304204917733,354.4782598002043,L,binocular,2,2
PV_106,012,PV_106_block_012,PV_106_012_1817049_L,1817049.35,1817165.9,7.9926856455180255,119.04624449829723,L,binocular,2,2
PV_106,012,PV_106_block_012,PV_106_012_1817482_R,1817482.25,1817548.85,8.89893345880427,42.72305604468528,R,binocular,2,2
PV_106,012,PV_106_block_012,PV_106_012_1817532_L,1817532.2,1817598.8,3.7647974986003145,145.4169128779655,L,binocular,2,2
PV_106,012,PV_106_block_012,PV_106_012_1818082_R,1818081.65,1818148.25,17.773683537123087,208.5458944042222,R,binocular,2,2
PV_106,012,PV_106_block_012,PV_106_012_1823110_R,1823109.95,1823193.2,13.720608865465286,120.625171216542,R,binocular,2,2
PV_106,012,PV_106_block_012,PV_106_012_1823210_L,1823209.85,1823293.1,13.525202671757162,131.20873875407372,L,binocular,2,2
PV_106,012,PV_106_block_012,PV_106_012_1823892_R,1823892.5,1824025.7,20.27749320836598,309.3415128326135,R,binocular,2,2
PV_106,012,PV_106_block_012,PV_106_012_1825374_L,1825374.35,1825490.9,21.279715201673174,30.89938151133777,L,binocular,2,2
PV_106,012,PV_106_block_012,PV_106_012_1825524_L,1825524.2,1825624.1,5.704319519561284,184.7951196401924,L,binocular,2,2
PV_106,012,PV_106_block_012,PV_106_012_1825857_R,1825857.2,1825923.8,7.246261186821382,44.31138191107798,R,binocular,2,2
PV_106,012,PV_106_block_012,PV_106_012_1825940_L,1825940.45,1825990.4,1.7264200138865227,143.818320532775,L,binocular,2,2
PV_106,012,PV_106_block_012,PV_106_012_1830353_R,1830352.7,1830469.25,18.84811215360441,129.46309038921385,R,binocular,2,2
PV_106,012,PV_106_block_012,PV_106_012_1830552_L,1830552.5,1830652.4,5.799439768720963,22.968274456496236,L,binocular,2,2
PV_106,012,PV_106_block_012,PV_106_012_1832634_R,1832633.75,1832750.3,11.55877507982407,312.25171424049165,R,binocular,2,2
PV_106,012,PV_106_block_012,PV_106_012_1832884_R,1832883.5,1832916.8,1.6374674462982788,330.8778571155404,R,binocular,2,2
PV_106,012,PV_106_block_012,PV_106_012_1840143_R,1840142.9,1840242.8,9.023455717732677,0.8293051141299498,R,binocular,2,2
PV_106,012,PV_106_block_012,PV_106_012_1867033_L,1867032.65,1867099.25,5.31045048932574,323.2945379751067,L,binocular,2,2
PV_106,012,PV_106_block_012,PV_106_012_1877705_L,1877705.3,1877738.6,1.5765956191029635,157.38909278943706,L,binocular,2,2
PV_106,012,PV_106_block_012,PV_106_012_44057_L,44057.45,44074.1,,,L,monocular,1,1
PV_106,012,PV_106_block_012,PV_106_012_44574_L,44573.6,44590.25,0.6642678278423797,278.10841830333936,L,monocular,1,1
PV_106,012,PV_106_block_012,PV_106_012_47987_L,47986.85,48003.5,0.637976093349533,99.19625650648712,L,monocular,1,1
PV_106,012,PV_106_block_012,PV_106_012_68550_L,68549.6,68566.25,0.8680669035645038,262.9355387508254,L,monocular,1,1
PV_106,012,PV_106_block_012,PV_106_012_68566_L,68566.25,68599.55,0.835034488100142,88.1894706833595,L,monocular,1,1
PV_106,012,PV_106_block_012,PV_106_012_68616_L,68616.2,68649.5,0.8160428499365847,80.18398812102454,L,monocular,1,1
PV_106,012,PV_106_block_012,PV_106_012_71214_L,71213.6,71230.25,0.5911429773615685,26.332857283060488,L,monocular,1,1
PV_106,012,PV_106_block_012,PV_106_012_71347_L,71346.8,71363.45,6.00429870625792,323.7365924741803,L,monocular,1,1
PV_106,012,PV_106_block_012,PV_106_012_71363_L,71363.45,71446.7,16.524557962921463,137.96412878263052,L,monocular,1,1
PV_106,012,PV_106_block_012,PV_106_012_79272_L,79272.2,79288.85,0.84580411171095,262.9919738303282,L,monocular,1,1
PV_106,012,PV_106_block_012,PV_106_012_81387_L,81386.75,81403.4,0.9206562423536995,87.03304271113934,L,monocular,1,1
PV_106,012,PV_106_block_012,PV_106_012_81403_L,81403.4,81420.05,0.8531932250384818,266.2751021435304,L,monocular,1,1
PV_106,012,PV_106_block_012,PV_106_012_81420_L,81420.05,81453.35,0.8625194797444511,82.44978223637378,L,monocular,1,1
PV_106,012,PV_106_block_012,PV_106_012_84284_L,84283.85,84300.5,0.5389571762840101,171.50170677980756,L,monocular,1,1
PV_106,012,PV_106_block_012,PV_106_012_97238_L,97237.55,97254.2,0.6914993529485961,172.9883921076549,L,monocular,1,1
PV_106,012,PV_106_block_012,PV_106_012_127491_L,127490.6,127507.25,0.7155039534564095,32.060410853907676,L,monocular,1,1
PV_106,012,PV_106_block_012,PV_106_012_137780_L,137780.3,137796.95,0.7406580207538619,84.84915293923466,L,monocular,1,1
PV_106,012,PV_106_block_012,PV_106_012_200318_L,200317.7,200334.35,0.7512883505955223,340.8169061957207,L,monocular,1,1
PV_106,012,PV_106_block_012,PV_106_012_201833_L,201832.85,201849.5,0.7721862686876816,327.7588295340587,L,monocular,1,1
PV_106,012,PV_106_block_012,PV_106_012_218183_L,218183.15,218199.8,,,L,monocular,1,1
PV_106,012,PV_106_block_012,PV_106_012_229705_L,229704.95,229721.6,0.6955316067074976,83.98613358787352,L,monocular,1,1
PV_106,012,PV_106_block_012,PV_106_012_229772_L,229771.55,229804.85,1.0838957960058613,81.74949702536304,L,monocular,1,1
PV_106,012,PV_106_block_012,PV_106_012_235150_L,235149.5,235182.8,1.4508687876603417,279.57406591559817,L,monocular,1,1
PV_106,012,PV_106_block_012,PV_106_012_235199_L,235199.45,235216.1,0.6541900841775453,304.7165058516035,L,monocular,1,1
PV_106,012,PV_106_block_012,PV_106_012_235233_L,235232.75,235266.05,1.4950332020713368,271.830450736378,L,monocular,1,1
PV_106,012,PV_106_block_012,PV_106_012_235349_L,235349.3,235382.6,2.234770725408355,271.3463746374237,L,monocular,1,1
PV_106,012,PV_106_block_012,PV_106_012_236981_L,236981.0,237014.3,0.9106170678939344,66.347588180868,L,monocular,1,1
PV_106,012,PV_106_block_012,PV_106_012_237564_L,237563.75,237580.4,0.6727540972752234,261.9740327892307,L,monocular,1,1
PV_106,012,PV_106_block_012,PV_106_012_237997_L,237996.65,238029.95,0.8621032786008777,64.69981116367448,L,monocular,1,1
PV_106,012,PV_106_block_012,PV_106_012_247887_L,247886.75,247970.0,4.584478896788359,120.55522961881975,L,monocular,1,1
PV_106,012,PV_106_block_012,PV_106_012_248003_L,248003.3,248019.95,0.6238328089252781,118.20971354123414,L,monocular,1,1
PV_106,012,PV_106_block_012,PV_106_012_261756_L,261756.2,261806.15,2.0539784136474646,272.21448694848283,L,monocular,1,1
PV_106,012,PV_106_block_012,PV_106_012_265403_L,265402.55,265485.8,13.312948631284787,78.56319721562873,L,monocular,1,1
PV_106,012,PV_106_block_012,PV_106_012_283618_L,283617.65,283634.3,0.7869865593840931,265.13646881881334,L,monocular,1,1
PV_106,012,PV_106_block_012,PV_106_012_285999_L,285998.6,286015.25,,,L,monocular,1,1
PV_106,012,PV_106_block_012,PV_106_012_288713_L,288712.55,288779.15,8.725071708056202,277.95887058891316,L,monocular,1,1
PV_106,012,PV_106_block_012,PV_106_012_288779_L,288779.15,288795.8,0.5179296397004413,175.5243649593601,L,monocular,1,1
PV_106,012,PV_106_block_012,PV_106_012_298070_L,298069.85,298103.15,0.9090839920457353,261.2542130309423,L,monocular,1,1
PV_106,012,PV_106_block_012,PV_106_012_301716_L,301716.2,301732.85,0.9126267592218779,83.26564750692124,L,monocular,1,1
PV_106,012,PV_106_block_012,PV_106_012_310824_L,310823.75,310840.4,0.8369450545896524,266.27655925621144,L,monocular,1,1
PV_106,012,PV_106_block_012,PV_106_012_315402_L,315402.5,315419.15,,,L,monocular,1,1
PV_106,012,PV_106_block_012,PV_106_012_317617_L,317616.95,317633.6,0.6754020590008033,279.9603592905016,L,monocular,1,1
PV_106,012,PV_106_block_012,PV_106_012_321730_L,321729.5,321746.15,0.7644972755626552,262.3743310409949,L,monocular,1,1
PV_106,012,PV_106_block_012,PV_106_012_331253_L,331253.3,331286.6,0.8558829438660587,257.88669931497685,L,monocular,1,1
PV_106,012,PV_106_block_012,PV_106_012_342226_L,342225.65,342292.25,4.387456236723883,159.16437801108566,L,monocular,1,1
PV_106,012,PV_106_block_012,PV_106_012_344890_L,344889.65,344922.95,0.9041904655676818,88.92002658381396,L,monocular,1,1
PV_106,012,PV_106_block_012,PV_106_012_349868_L,349868.0,349901.3,2.549141577894217,285.25475022370506,L,monocular,1,1
PV_106,012,PV_106_block_012,PV_106_012_349918_L,349917.95,349934.6,0.7410320541193713,281.60799721736623,L,monocular,1,1
PV_106,012,PV_106_block_012,PV_106_012_418150_L,418149.65,418182.95,1.1012440559592356,302.3285914773991,L,monocular,1,1
PV_106,012,PV_106_block_012,PV_106_012_418200_L,418199.6,418232.9,1.2202951149947632,284.0994926393022,L,monocular,1,1
PV_106,012,PV_106_block_012,PV_106_012_441626_L,441626.15,441642.8,0.8818596933650191,261.7952130843558,L,monocular,1,1
PV_106,012,PV_106_block_012,PV_106_012_441859_L,441859.25,441875.9,0.9199978215576167,78.82715230091209,L,monocular,1,1
PV_106,012,PV_106_block_012,PV_106_012_443574_L,443574.2,443590.85,0.9376309237681731,248.52077312479213,L,monocular,1,1
PV_106,012,PV_106_block_012,PV_106_012_443591_L,443590.85,443607.5,0.5809033234932609,39.37664866869588,L,monocular,1,1
PV_106,012,PV_106_block_012,PV_106_012_447620_L,447620.15,447636.8,0.5393535128282072,328.38166618391944,L,monocular,1,1
PV_106,012,PV_106_block_012,PV_106_012_455895_L,455895.2,456028.4,10.145334118116637,286.8503158641088,L,monocular,1,1
PV_106,012,PV_106_block_012,PV_106_012_466485_L,466484.6,466501.25,2.5986443762240445,120.40942713493688,L,monocular,1,1
PV_106,012,PV_106_block_012,PV_106_012_466501_L,466501.25,466534.55,1.732435305216901,238.20774368585853,L,monocular,1,1
PV_106,012,PV_106_block_012,PV_106_012_482735_L,482735.0,482851.55,9.562909185141764,284.7649906014218,L,monocular,1,1
PV_106,012,PV_106_block_012,PV_106_012_497737_L,497736.65,497769.95,0.8715931852884021,60.07379931791299,L,monocular,1,1
PV_106,012,PV_106_block_012,PV_106_012_498469_L,498469.25,498485.9,0.8093951862564124,67.79753172229246,L,monocular,1,1
PV_106,012,PV_106_block_012,PV_106_012_498886_L,498885.5,498902.15,0.7087585824947216,69.90833236831551,L,monocular,1,1
PV_106,012,PV_106_block_012,PV_106_012_505346_L,505345.7,505379.0,0.9671147414277868,67.7236889277466,L,monocular,1,1
PV_106,012,PV_106_block_012,PV_106_012_505645_L,505645.4,505662.05,0.8469042897603865,65.1787969445181,L,monocular,1,1
PV_106,012,PV_106_block_012,PV_106_012_505812_L,505811.9,505878.5,4.672783087330651,68.12250318723181,L,monocular,1,1
PV_106,012,PV_106_block_012,PV_106_012_506628_L,506627.75,506644.4,0.5025245722364636,1.5435572852450001,L,monocular,1,1
PV_106,012,PV_106_block_012,PV_106_012_512339_L,512338.7,512355.35,0.7697624071474708,279.88318735228273,L,monocular,1,1
PV_106,012,PV_106_block_012,PV_106_012_512372_L,512372.0,512388.65,0.6931847172120427,295.12356932895483,L,monocular,1,1
PV_106,012,PV_106_block_012,PV_106_012_512405_L,512405.3,512421.95,0.6720394042424579,261.31925823154785,L,monocular,1,1
PV_106,012,PV_106_block_012,PV_106_012_512439_L,512438.6,512488.55,2.4238018510171977,272.09601908817405,L,monocular,1,1
PV_106,012,PV_106_block_012,PV_106_012_518699_L,518699.0,518715.65,0.5145869018228494,130.55204622763617,L,monocular,1,1
PV_106,012,PV_106_block_012,PV_106_012_519698_L,519698.0,519797.9,5.722006016503274,275.8431799649426,L,monocular,1,1
PV_106,012,PV_106_block_012,PV_106_012_519964_L,519964.4,519981.05,0.8036599149020138,84.09037011459196,L,monocular,1,1
PV_106,012,PV_106_block_012,PV_106_012_547054_L,547053.95,547120.55,8.11757220287189,93.68257700888527,L,monocular,1,1
PV_106,012,PV_106_block_012,PV_106_012_556395_L,556394.6,556511.15,9.943182596960892,284.7337075628715,L,monocular,1,1
PV_106,012,PV_106_block_012,PV_106_012_556511_L,556511.15,556527.8,0.5950220338415693,108.16471315998342,L,monocular,1,1
PV_106,012,PV_106_block_012,PV_106_012_567350_L,567350.3,567366.95,0.782523271303233,83.1652501415862,L,monocular,1,1
PV_106,012,PV_106_block_012,PV_106_012_568649_L,568649.0,568665.65,0.778866717168581,81.5867312451682,L,monocular,1,1
PV_106,012,PV_106_block_012,PV_106_012_571180_L,571179.8,571196.45,0.8074604520830804,263.96293478490264,L,monocular,1,1
PV_106,012,PV_106_block_012,PV_106_012_571196_L,571196.45,571213.1,0.7644473426953703,82.35490804018303,L,monocular,1,1
PV_106,012,PV_106_block_012,PV_106_012_574277_L,574276.7,574293.35,,,L,monocular,1,1
PV_106,012,PV_106_block_012,PV_106_012_580088_L,580087.55,580137.5,4.10623772249776,292.3898014388843,L,monocular,1,1
PV_106,012,PV_106_block_012,PV_106_012_580154_L,580154.15,580170.8,0.7677755819986676,279.326810688912,L,monocular,1,1
PV_106,012,PV_106_block_012,PV_106_012_580187_L,580187.45,580220.75,1.7187297150620722,277.0523090064325,L,monocular,1,1
PV_106,012,PV_106_block_012,PV_106_012_580237_L,580237.4,580254.05,0.5176476187578601,290.6390987372751,L,monocular,1,1
PV_106,012,PV_106_block_012,PV_106_012_581619_L,581619.35,581652.65,1.0679865749027058,266.2536208198485,L,monocular,1,1
PV_106,012,PV_106_block_012,PV_106_012_581819_L,581819.15,581835.8,1.0344303334318716,86.20149830599902,L,monocular,1,1
PV_106,012,PV_106_block_012,PV_106_012_584550_L,584549.75,584566.4,1.0339849811214223,265.64125031189144,L,monocular,1,1
PV_106,012,PV_106_block_012,PV_106_012_584666_L,584666.3,584682.95,1.0023678816051536,267.89850378948836,L,monocular,1,1
PV_106,012,PV_106_block_012,PV_106_012_585266_L,585265.7,585299.0,1.047150920833901,85.70658045308272,L,monocular,1,1
PV_106,012,PV_106_block_012,PV_106_012_586215_L,586214.75,586231.4,0.9356174924366067,84.51622329329187,L,monocular,1,1
PV_106,012,PV_106_block_012,PV_106_012_586781_L,586780.85,586797.5,0.969497901170308,263.4319325798804,L,monocular,1,1
PV_106,012,PV_106_block_012,PV_106_012_586798_L,586797.5,586830.8,1.0029777687981312,86.18504817991523,L,monocular,1,1
PV_106,012,PV_106_block_012,PV_106_012_589245_L,589245.05,589261.7,0.8080892568923534,259.96037610023654,L,monocular,1,1
PV_106,012,PV_106_block_012,PV_106_012_589262_L,589261.7,589278.35,0.7967575341341815,83.50583940765898,L,monocular,1,1
PV_106,012,PV_106_block_012,PV_106_012_594706_L,594706.25,594739.55,1.7187501766698328,286.8456603032432,L,monocular,1,1
PV_106,012,PV_106_block_012,PV_106_012_594756_L,594756.2,594772.85,0.7927073847970871,278.6055693733796,L,monocular,1,1
PV_106,012,PV_106_block_012,PV_106_012_594790_L,594789.5,594839.45,2.3114768880892123,280.2984665310129,L,monocular,1,1
PV_106,012,PV_106_block_012,PV_106_012_598902_L,598902.05,598918.7,0.5092931281037473,29.514027886019463,L,monocular,1,1
PV_106,012,PV_106_block_012,PV_106_012_603664_L,603663.95,603713.9,2.4431589111594993,288.1809652704452,L,monocular,1,1
PV_106,012,PV_106_block_012,PV_106_012_603731_L,603730.55,603847.1,6.68579341354592,283.1359888399745,L,monocular,1,1
PV_106,012,PV_106_block_012,PV_106_012_626524_L,626524.4,626541.05,,,L,monocular,1,1
PV_106,012,PV_106_block_012,PV_106_012_642975_L,642974.6,643007.9,1.6984431929550199,287.69104445603864,L,monocular,1,1
PV_106,012,PV_106_block_012,PV_106_012_643074_L,643074.5,643091.15,0.777667562656942,274.97456762824515,L,monocular,1,1
PV_106,012,PV_106_block_012,PV_106_012_643108_L,643107.8,643124.45,0.7937418973148446,278.93628704855627,L,monocular,1,1
PV_106,012,PV_106_block_012,PV_106_012_644390_L,644389.85,644456.45,8.203462638464321,96.56390651779064,L,monocular,1,1
PV_106,012,PV_106_block_012,PV_106_012_651782_L,651782.45,651799.1,0.6747988152335831,94.34309686462305,L,monocular,1,1
PV_106,012,PV_106_block_012,PV_106_012_653214_L,653214.35,653231.0,0.571100721005032,165.87563470282393,L,monocular,1,1
PV_106,012,PV_106_block_012,PV_106_012_654730_L,654729.5,654762.8,0.9812040533716953,98.58913104370845,L,monocular,1,1
PV_106,012,PV_106_block_012,PV_106_012_670597_L,670596.95,670713.5,9.435272386514251,285.90904475878176,L,monocular,1,1
PV_106,012,PV_106_block_012,PV_106_012_671080_L,671079.8,671096.45,1.0004440844773794,75.61844126538224,L,monocular,1,1
PV_106,012,PV_106_block_012,PV_106_012_687014_L,687013.85,687030.5,0.7459301067716614,294.80964423476007,L,monocular,1,1
PV_106,012,PV_106_block_012,PV_106_012_691959_L,691958.9,691975.55,0.6590708222130071,250.64201897626216,L,monocular,1,1
PV_106,012,PV_106_block_012,PV_106_012_702348_L,702348.5,702365.15,,,L,monocular,1,1
PV_106,012,PV_106_block_012,PV_106_012_707760_L,707759.75,707776.4,0.7334569392326722,290.81776767994916,L,monocular,1,1
PV_106,012,PV_106_block_012,PV_106_012_707793_L,707793.05,707909.6,7.843703630110635,291.34840733155784,L,monocular,1,1
PV_106,012,PV_106_block_012,PV_106_012_716801_L,716800.7,716817.35,,,L,monocular,1,1
PV_106,012,PV_106_block_012,PV_106_012_716884_L,716883.95,716917.25,1.6439376760226043,284.7536018551473,L,monocular,1,1
PV_106,012,PV_106_block_012,PV_106_012_716934_L,716933.9,716967.2,2.0304668399780588,285.43991357826616,L,monocular,1,1
PV_106,012,PV_106_block_012,PV_106_012_718815_L,718815.35,718832.0,0.9565486866047342,120.1649731919043,L,monocular,1,1
PV_106,012,PV_106_block_012,PV_106_012_720164_L,720164.0,720180.65,0.931368789725524,72.71779204777677,L,monocular,1,1
PV_106,012,PV_106_block_012,PV_106_012_722645_L,722644.85,722711.45,4.235258640410318,154.23549306643918,L,monocular,1,1
PV_106,012,PV_106_block_012,PV_106_012_726707_L,726707.45,726724.1,1.2340476473861324,293.94564104372773,L,monocular,1,1
PV_106,012,PV_106_block_012,PV_106_012_734400_L,734399.75,734433.05,1.470928235908946,167.02012973388486,L,monocular,1,1
PV_106,012,PV_106_block_012,PV_106_012_757610_L,757609.85,757659.8,2.7588764485790613,294.7959328156136,L,monocular,1,1
PV_106,012,PV_106_block_012,PV_106_012_757676_L,757676.45,757693.1,0.7961651808495229,276.08240214090387,L,monocular,1,1
PV_106,012,PV_106_block_012,PV_106_012_757710_L,757709.75,757743.05,1.7432526912749602,282.2961420018807,L,monocular,1,1
PV_106,012,PV_106_block_012,PV_106_012_757760_L,757759.7,757776.35,0.7499809267656462,264.49732840339635,L,monocular,1,1
PV_106,012,PV_106_block_012,PV_106_012_764553_L,764552.9,764586.2,1.1493919768149656,77.70812614700944,L,monocular,1,1
PV_106,012,PV_106_block_012,PV_106_012_778406_L,778405.7,778422.35,,,L,monocular,1,1
PV_106,012,PV_106_block_012,PV_106_012_783084_L,783084.35,783101.0,0.7196142949540508,296.6518809828015,L,monocular,1,1
PV_106,012,PV_106_block_012,PV_106_012_783118_L,783117.65,783184.25,4.480686854215596,287.17305860143506,L,monocular,1,1
PV_106,012,PV_106_block_012,PV_106_012_783201_L,783200.9,783234.2,1.7420930838513295,274.3511639313755,L,monocular,1,1
PV_106,012,PV_106_block_012,PV_106_012_786881_L,786880.55,786897.2,2.24594449391747,92.59309418630481,L,monocular,1,1
PV_106,012,PV_106_block_012,PV_106_012_786897_L,786897.2,786913.85,1.3882084185323944,271.41841654605014,L,monocular,1,1
PV_106,012,PV_106_block_012,PV_106_012_794007_L,794006.75,794123.3,7.836136884185608,283.1042814235392,L,monocular,1,1
PV_106,012,PV_106_block_012,PV_106_012_841609_L,841609.1,841659.05,4.129573884748304,98.13381070950614,L,monocular,1,1
PV_106,012,PV_106_block_012,PV_106_012_854946_L,854945.75,855029.0,5.436273955234044,289.31824912907325,L,monocular,1,1
PV_106,012,PV_106_block_012,PV_106_012_855079_L,855078.95,855128.9,2.0886198679055754,270.47941582472544,L,monocular,1,1
PV_106,012,PV_106_block_012,PV_106_012_855678_L,855678.35,855695.0,0.6805064601881096,80.39901985262598,L,monocular,1,1
PV_106,012,PV_106_block_012,PV_106_012_881752_L,881752.25,881768.9,0.8345833457551894,262.65546290603,L,monocular,1,1
PV_106,012,PV_106_block_012,PV_106_012_884566_L,884566.1,884582.75,0.8823360171087334,97.3297375222061,L,monocular,1,1
PV_106,012,PV_106_block_012,PV_106_012_892658_L,892658.0,892691.3,2.669745417145569,80.76985921174119,L,monocular,1,1
PV_106,012,PV_106_block_012,PV_106_012_916551_L,916550.75,916567.4,0.6514889847740363,61.26895001159881,L,monocular,1,1
PV_106,012,PV_106_block_012,PV_106_012_917167_L,917166.8,917183.45,0.5001301246871653,249.0169578761425,L,monocular,1,1
PV_106,012,PV_106_block_012,PV_106_012_940177_L,940177.1,940277.0,14.758191231594118,132.07058582477055,L,monocular,1,1
PV_106,012,PV_106_block_012,PV_106_012_977923_L,977922.65,977939.3,1.209700749315241,265.1663830543382,L,monocular,1,1
PV_106,012,PV_106_block_012,PV_106_012_977939_L,977939.3,977955.95,1.1685230566722233,85.67003240775654,L,monocular,1,1
PV_106,012,PV_106_block_012,PV_106_012_977989_L,977989.25,978005.9,0.5848906624735386,338.9827764350507,L,monocular,1,1
PV_106,012,PV_106_block_012,PV_106_012_1006860_L,1006860.35,1006943.6,13.579170249772869,260.1244920480756,L,monocular,1,1
PV_106,012,PV_106_block_012,PV_106_012_1030453_L,1030453.4,1030486.7,1.000030949964545,82.36825667514236,L,monocular,1,1
PV_106,012,PV_106_block_012,PV_106_012_1031819_L,1031818.7,1031868.65,16.376849085460286,307.1449738958473,L,monocular,1,1
PV_106,012,PV_106_block_012,PV_106_012_1031869_L,1031868.65,1031885.3,2.448136104608603,96.80279381975743,L,monocular,1,1
PV_106,012,PV_106_block_012,PV_106_012_1031885_L,1031885.3,1032018.5,15.727665235567144,161.97815660239095,L,monocular,1,1
PV_106,012,PV_106_block_012,PV_106_012_1032335_L,1032334.85,1032384.8,18.65840104666747,277.7010507789765,L,monocular,1,1
PV_106,012,PV_106_block_012,PV_106_012_1032385_L,1032384.8,1032401.45,0.6602565055145955,152.3336148791893,L,monocular,1,1
PV_106,012,PV_106_block_012,PV_106_012_1034583_L,1034582.6,1034599.25,0.5821339900899355,284.3737538692135,L,monocular,1,1
PV_106,012,PV_106_block_012,PV_106_012_1034666_L,1034665.85,1034682.5,0.6487727133877106,307.6514218720457,L,monocular,1,1
PV_106,012,PV_106_block_012,PV_106_012_1039195_L,1039194.65,1039211.3,0.7407629383394446,329.65949001638376,L,monocular,1,1
PV_106,012,PV_106_block_012,PV_106_012_1040260_L,1040260.25,1040276.9,0.9652006515419792,85.2239350339254,L,monocular,1,1
PV_106,012,PV_106_block_012,PV_106_012_1040277_L,1040276.9,1040310.2,1.0208204886545098,262.0035665061952,L,monocular,1,1
PV_106,012,PV_106_block_012,PV_106_012_1040360_L,1040360.15,1040393.45,1.1404696107360826,264.01561968020724,L,monocular,1,1
PV_106,012,PV_106_block_012,PV_106_012_1044423_L,1044422.75,1044439.4,0.7984550851337986,313.8588115384867,L,monocular,1,1
PV_106,012,PV_106_block_012,PV_106_012_1046804_L,1046803.7,1046837.0,1.4188869229370995,264.45470762418034,L,monocular,1,1
PV_106,012,PV_106_block_012,PV_106_012_1046904_L,1046903.6,1046936.9,1.6695992578392378,288.1047943567371,L,monocular,1,1
PV_106,012,PV_106_block_012,PV_106_012_1050500_L,1050500.0,1050516.65,0.5429638092249977,104.74398798068788,L,monocular,1,1
PV_106,012,PV_106_block_012,PV_106_012_1050583_L,1050583.25,1050616.55,1.1953740087506792,60.677315991894496,L,monocular,1,1
PV_106,012,PV_106_block_012,PV_106_012_1050700_L,1050699.8,1050716.45,,,L,monocular,1,1
PV_106,012,PV_106_block_012,PV_106_012_1061939_L,1061938.55,1061955.2,0.7307139124771399,266.9002004810528,L,monocular,1,1
PV_106,012,PV_106_block_012,PV_106_012_1061988_L,1061988.5,1062021.8,1.9960333289177086,300.8162885578927,L,monocular,1,1
PV_106,012,PV_106_block_012,PV_106_012_1062038_L,1062038.45,1062105.05,3.984736601682551,285.1381419973652,L,monocular,1,1
PV_106,012,PV_106_block_012,PV_106_012_1074543_L,1074542.6,1074559.25,0.6099840076302941,276.80848862006985,L,monocular,1,1
PV_106,012,PV_106_block_012,PV_106_012_1074593_L,1074592.55,1074625.85,2.0154585738972544,278.2149971066076,L,monocular,1,1
PV_106,012,PV_106_block_012,PV_106_012_1095921_L,1095921.2,1095954.5,1.1180878749006826,92.90645094676734,L,monocular,1,1
PV_106,012,PV_106_block_012,PV_106_012_1101033_L,1101032.75,1101049.4,0.9820701885586709,86.53067346047004,L,monocular,1,1
PV_106,012,PV_106_block_012,PV_106_012_1101216_L,1101215.9,1101232.55,1.018631768761678,263.9318290375792,L,monocular,1,1
PV_106,012,PV_106_block_012,PV_106_012_1101233_L,1101232.55,1101249.2,1.0088106752348065,83.22315255077699,L,monocular,1,1
PV_106,012,PV_106_block_012,PV_106_012_1101249_L,1101249.2,1101265.85,0.9402524185058523,262.36611302133554,L,monocular,1,1
PV_106,012,PV_106_block_012,PV_106_012_1101382_L,1101382.4,1101399.05,0.9503115267668372,83.35513155611932,L,monocular,1,1
PV_106,012,PV_106_block_012,PV_106_012_1102814_L,1102814.3,1102830.95,0.9986782173914658,85.70707653394894,L,monocular,1,1
PV_106,012,PV_106_block_012,PV_106_012_1151998_L,1151998.4,1152015.05,0.5865801617186671,246.9080319339958,L,monocular,1,1
PV_106,012,PV_106_block_012,PV_106_012_1152032_L,1152031.7,1152065.0,1.423276047596861,314.5595796166282,L,monocular,1,1
PV_106,012,PV_106_block_012,PV_106_012_1156794_L,1156793.6,1156810.25,,,L,monocular,1,1
PV_106,012,PV_106_block_012,PV_106_012_1178622_L,1178621.75,1178688.35,5.5666580209709196,272.69418632631863,L,monocular,1,1
PV_106,012,PV_106_block_012,PV_106_012_1187396_L,1187396.3,1187412.95,0.799222880262949,112.72431073898875,L,monocular,1,1
PV_106,012,PV_106_block_012,PV_106_012_1189444_L,1189444.25,1189460.9,0.6568778344642271,90.4613832487709,L,monocular,1,1
PV_106,012,PV_106_block_012,PV_106_012_1189528_L,1189527.5,1189544.15,0.5312231649949968,117.1796730407914,L,monocular,1,1
PV_106,012,PV_106_block_012,PV_106_012_1222162_L,1222161.5,1222178.15,2.488695595177643,35.600857927732484,L,monocular,1,1
PV_106,012,PV_106_block_012,PV_106_012_1222178_L,1222178.15,1222228.1,6.715728901272503,271.7219920128565,L,monocular,1,1
PV_106,012,PV_106_block_012,PV_106_012_1223843_L,1223843.15,1223943.05,18.815908121368153,87.36066379077913,L,monocular,1,1
PV_106,012,PV_106_block_012,PV_106_012_1225225_L,1225225.1,1225258.4,4.563022402488577,358.8404678786404,L,monocular,1,1
PV_106,012,PV_106_block_012,PV_106_012_1225258_L,1225258.4,1225275.05,0.6688481890891134,180.53135151276365,L,monocular,1,1
PV_106,012,PV_106_block_012,PV_106_012_1228855_L,1228854.8,1228871.45,0.5291376933727864,86.88253769622588,L,monocular,1,1
PV_106,012,PV_106_block_012,PV_106_012_1289644_L,1289643.95,1289660.6,,,L,monocular,1,1
PV_106,012,PV_106_block_012,PV_106_012_1304313_L,1304312.6,1304329.25,0.7946708776047042,297.5270911190696,L,monocular,1,1
PV_106,012,PV_106_block_012,PV_106_012_1304379_L,1304379.2,1304412.5,1.4597151826003438,266.8163326762051,L,monocular,1,1
PV_106,012,PV_106_block_012,PV_106_012_1320896_L,1320896.0,1320979.25,4.25971482620005,288.0206637268118,L,monocular,1,1
PV_106,012,PV_106_block_012,PV_106_012_1340127_L,1340126.75,1340143.4,0.6092813022619017,304.3362394901921,L,monocular,1,1
PV_106,012,PV_106_block_012,PV_106_012_1340160_L,1340160.05,1340193.35,1.6888067926188512,262.4969094793828,L,monocular,1,1
PV_106,012,PV_106_block_012,PV_106_012_1354063_L,1354062.8,1354096.1,1.417322888583623,280.2942155098653,L,monocular,1,1
PV_106,012,PV_106_block_012,PV_106_012_1368898_L,1368897.95,1368931.25,1.6811237704572866,268.50251525807596,L,monocular,1,1
PV_106,012,PV_106_block_012,PV_106_012_1372561_L,1372560.95,1372577.6,,,L,monocular,1,1
PV_106,012,PV_106_block_012,PV_106_012_1383700_L,1383699.8,1383716.45,0.5039073038517504,281.7228363068982,L,monocular,1,1
PV_106,012,PV_106_block_012,PV_106_012_1383733_L,1383733.1,1383766.4,1.8451977487030187,289.4551601087044,L,monocular,1,1
PV_106,012,PV_106_block_012,PV_106_012_1383800_L,1383799.7,1383816.35,0.5357243476316539,270.29986836211714,L,monocular,1,1
PV_106,012,PV_106_block_012,PV_106_012_1396570_L,1396570.25,1396620.2,3.2393539963627864,278.3849866463129,L,monocular,1,1
PV_106,012,PV_106_block_012,PV_106_012_1418448_L,1418448.35,1418465.0,1.7266339358797016,278.92372929507184,L,monocular,1,1
PV_106,012,PV_106_block_012,PV_106_012_1434183_L,1434182.6,1434199.25,0.6872049409064441,281.6665631860871,L,monocular,1,1
PV_106,012,PV_106_block_012,PV_106_012_1446986_L,1446986.45,1447119.65,6.682231462514963,68.8069637401439,L,monocular,1,1
PV_106,012,PV_106_block_012,PV_106_012_1469397_L,1469397.35,1469414.0,0.7698168060809214,282.6905145729697,L,monocular,1,1
PV_106,012,PV_106_block_012,PV_106_012_1471096_L,1471095.65,1471112.3,0.5795832910308908,96.09652776523494,L,monocular,1,1
PV_106,012,PV_106_block_012,PV_106_012_1477789_L,1477788.95,1477805.6,0.5207792242464799,327.18029757258284,L,monocular,1,1
PV_106,012,PV_106_block_012,PV_106_012_1477822_L,1477822.25,1477872.2,2.885813200918838,276.5657263268446,L,monocular,1,1
PV_106,012,PV_106_block_012,PV_106_012_1494589_L,1494588.8,1494655.4,4.111771917023108,279.4389065371109,L,monocular,1,1
PV_106,012,PV_106_block_012,PV_106_012_1498268_L,1498268.45,1498285.1,0.534748502984735,103.062137163327,L,monocular,1,1
PV_106,012,PV_106_block_012,PV_106_012_1498368_L,1498368.35,1498401.65,1.415105169682691,88.49287507020594,L,monocular,1,1
PV_106,012,PV_106_block_012,PV_106_012_1498418_L,1498418.3,1498468.25,2.874628422766447,101.49829184021226,L,monocular,1,1
PV_106,012,PV_106_block_012,PV_106_012_1509940_L,1509940.1,1509990.05,2.608337213352317,290.78969933082465,L,monocular,1,1
PV_106,012,PV_106_block_012,PV_106_012_1510007_L,1510006.7,1510023.35,0.6812355357148067,275.33916440600456,L,monocular,1,1
PV_106,012,PV_106_block_012,PV_106_012_1514602_L,1514602.1,1514618.75,0.6512465394968948,89.23109018092838,L,monocular,1,1
PV_106,012,PV_106_block_012,PV_106_012_1514685_L,1514685.35,1514718.65,,,L,monocular,1,1
PV_106,012,PV_106_block_012,PV_106_012_1523060_L,1523060.3,1523110.25,3.3657208040138604,273.3005565858814,L,monocular,1,1
PV_106,012,PV_106_block_012,PV_106_012_1530719_L,1530719.3,1530769.25,3.123890512029364,67.32741298943472,L,monocular,1,1
PV_106,012,PV_106_block_012,PV_106_012_1530819_L,1530819.2,1531002.35,14.203248827849528,358.6308358094773,L,monocular,1,1
PV_106,012,PV_106_block_012,PV_106_012_1531951_L,1531951.4,1531968.05,0.5591248385873124,3.6668688977606294,L,monocular,1,1
PV_106,012,PV_106_block_012,PV_106_012_1532035_L,1532034.65,1532051.3,,,L,monocular,1,1
PV_106,012,PV_106_block_012,PV_106_012_1544222_L,1544222.45,1544255.75,1.3051819256705421,286.57763052980766,L,monocular,1,1
PV_106,012,PV_106_block_012,PV_106_012_1570579_L,1570579.4,1570596.05,0.5772023079581412,96.35618133197367,L,monocular,1,1
PV_106,012,PV_106_block_012,PV_106_012_1570713_L,1570712.6,1570745.9,1.402256902636262,107.35056568132397,L,monocular,1,1
PV_106,012,PV_106_block_012,PV_106_012_1581485_L,1581485.15,1581601.7,8.328201600937245,157.44737872883326,L,monocular,1,1
PV_106,012,PV_106_block_012,PV_106_012_1592840_L,1592840.45,1592923.7,6.528815011653975,150.38727081627175,L,monocular,1,1
PV_106,012,PV_106_block_012,PV_106_012_1609440_L,1609440.5,1609457.15,,,L,monocular,1,1
PV_106,012,PV_106_block_012,PV_106_012_1621795_L,1621794.8,1621844.75,5.840105856920127,299.2593917196828,L,monocular,1,1
PV_106,012,PV_106_block_012,PV_106_012_1636297_L,1636296.95,1636313.6,0.5027697771643346,295.53129345103736,L,monocular,1,1
PV_106,012,PV_106_block_012,PV_106_012_1661388_L,1661388.5,1661405.15,0.698057562298774,282.4361447513593,L,monocular,1,1
PV_106,012,PV_106_block_012,PV_106_012_1661455_L,1661455.1,1661505.05,2.5906512925015623,286.32778624371645,L,monocular,1,1
PV_106,012,PV_106_block_012,PV_106_012_1661538_L,1661538.35,1661555.0,0.5245396751120689,257.783245954457,L,monocular,1,1
PV_106,012,PV_106_block_012,PV_106_012_1701648_L,1701648.2,1701681.5,2.797735906310507,267.8346717569424,L,monocular,1,1
PV_106,012,PV_106_block_012,PV_106_012_1701698_L,1701698.15,1701781.4,4.9272294819353535,290.53299359847875,L,monocular,1,1
PV_106,012,PV_106_block_012,PV_106_012_1706010_L,1706010.5,1706060.45,7.062903215316924,88.43266321705413,L,monocular,1,1
PV_106,012,PV_106_block_012,PV_106_012_1708508_L,1708508.0,1708524.65,0.6943502286563284,76.08354166712905,L,monocular,1,1
PV_106,012,PV_106_block_012,PV_106_012_1711755_L,1711754.75,1711904.6,10.475433217051643,284.9053350013942,L,monocular,1,1
PV_106,012,PV_106_block_012,PV_106_012_1725091_L,1725091.4,1725141.35,3.146667948524471,334.45844003310185,L,monocular,1,1
PV_106,012,PV_106_block_012,PV_106_012_1755278_L,1755277.85,1755294.5,1.1009139800696277,321.48921163718177,L,monocular,1,1
PV_106,012,PV_106_block_012,PV_106_012_1762171_L,1762170.95,1762270.85,8.286589326844295,290.86917566147747,L,monocular,1,1
PV_106,012,PV_106_block_012,PV_106_012_1762288_L,1762287.5,1762304.15,0.7338934631218059,272.04699528133824,L,monocular,1,1
PV_106,012,PV_106_block_012,PV_106_012_1766017_L,1766017.1,1766033.75,0.7445304882715182,102.57275168958246,L,monocular,1,1
PV_106,012,PV_106_block_012,PV_106_012_1770263_L,1770262.85,1770346.1,9.074085955683309,283.37916605508656,L,monocular,1,1
PV_106,012,PV_106_block_012,PV_106_012_1802497_L,1802497.25,1802513.9,0.7403588072733435,326.41544295074397,L,monocular,1,1
PV_106,012,PV_106_block_012,PV_106_012_1802531_L,1802530.55,1802563.85,1.6743903245059752,325.50530114360737,L,monocular,1,1
PV_106,012,PV_106_block_012,PV_106_012_1804246_L,1804245.5,1804262.15,0.6777990960471163,140.48286083897338,L,monocular,1,1
PV_106,012,PV_106_block_012,PV_106_012_1808008_L,1808008.4,1808075.0,11.316844876713771,304.270847689392,L,monocular,1,1
PV_106,012,PV_106_block_012,PV_106_012_1808075_L,1808075.0,1808091.65,0.5600849581918392,161.87471542995178,L,monocular,1,1
PV_106,012,PV_106_block_012,PV_106_012_1815817_L,1815817.25,1815833.9,0.7159553897210368,109.52574541535172,L,monocular,1,1
PV_106,012,PV_106_block_012,PV_106_012_1815900_L,1815900.5,1816017.05,6.749200215817919,192.43783120044523,L,monocular,1,1
PV_106,012,PV_106_block_012,PV_106_012_1817915_L,1817915.15,1817948.45,3.460295163953487,130.16103915548095,L,monocular,1,1
PV_106,012,PV_106_block_012,PV_106_012_1818215_L,1818214.85,1818248.15,2.0039807487608314,147.80292693053207,L,monocular,1,1
PV_106,012,PV_106_block_012,PV_106_012_1823160_L,1823159.9,1823193.2,5.7928536642730455,187.78090244359095,L,monocular,1,1
PV_106,012,PV_106_block_012,PV_106_012_1823193_L,1823193.2,1823209.85,6.846673032274574,321.6367689893766,L,monocular,1,1
PV_106,012,PV_106_block_012,PV_106_012_1825474_L,1825474.25,1825490.9,0.5904134266710906,265.1100363138926,L,monocular,1,1
PV_106,012,PV_106_block_012,PV_106_012_1832717_L,1832717.0,1832733.65,0.5184962911864306,333.59299752154186,L,monocular,1,1
PV_106,012,PV_106_block_012,PV_106_012_1860905_L,1860905.45,1860922.1,0.5096236880016931,331.36176419873135,L,monocular,1,1
PV_106,012,PV_106_block_012,PV_106_012_1872627_L,1872627.05,1872643.7,0.6958289473320685,173.87578629351577,L,monocular,1,1
PV_106,012,PV_106_block_012,PV_106_012_1875541_L,1875540.8,1875590.75,2.9168408452513326,159.9071262293415,L,monocular,1,1
PV_106,012,PV_106_block_012,PV_106_012_1875607_L,1875607.4,1875624.05,0.6197650477744364,150.47767872054595,L,monocular,1,1
PV_106,012,PV_106_block_012,PV_106_012_1877789_L,1877788.55,1877838.5,18.993586185572173,333.8086664760735,L,monocular,1,1
PV_106,012,PV_106_block_012,PV_106_012_1877838_L,1877838.5,1877855.15,8.969452645774366,182.78682847640798,L,monocular,1,1
PV_106,012,PV_106_block_012,PV_106_012_1877855_L,1877855.15,1877871.8,2.0788599787350686,328.4559893585196,L,monocular,1,1
PV_106,012,PV_106_block_012,PV_106_012_1877872_L,1877871.8,1877938.4,9.230076674325272,139.05837979716452,L,monocular,1,1
PV_106,012,PV_106_block_012,PV_106_012_127541_R,127540.55,127557.2,0.5350703236180681,97.460730064039,R,monocular,1,1
PV_106,012,PV_106_block_012,PV_106_012_160774_R,160773.95,160857.2,5.943156960767319,197.73284530025066,R,monocular,1,1
PV_106,012,PV_106_block_012,PV_106_012_180354_R,180354.35,180387.65,1.832507300401191,3.6637762255383204,R,monocular,1,1
PV_106,012,PV_106_block_012,PV_106_012_186631_R,186631.4,186664.7,1.438108827476845,11.977632695673039,R,monocular,1,1
PV_106,012,PV_106_block_012,PV_106_012_196472_R,196471.55,196488.2,0.7309087592232106,261.8095713863326,R,monocular,1,1
PV_106,012,PV_106_block_012,PV_106_012_210657_R,210657.35,210707.3,3.861575993506624,276.64774342819635,R,monocular,1,1
PV_106,012,PV_106_block_012,PV_106_012_234783_R,234783.2,234799.85,0.9348478489144371,199.952465243967,R,monocular,1,1
PV_106,012,PV_106_block_012,PV_106_012_234833_R,234833.15,234916.4,4.46407719125558,264.0633786588976,R,monocular,1,1
PV_106,012,PV_106_block_012,PV_106_012_234933_R,234933.05,234966.35,1.5934446919284935,253.54135444551116,R,monocular,1,1
PV_106,012,PV_106_block_012,PV_106_012_265486_R,265485.8,265502.45,0.5709250208513913,107.3242672412976,R,monocular,1,1
PV_106,012,PV_106_block_012,PV_106_012_275626_R,275625.65,275708.9,5.316317721963121,259.705330171145,R,monocular,1,1
PV_106,012,PV_106_block_012,PV_106_012_285299_R,285299.3,285315.95,0.6259418150410537,283.0655824875497,R,monocular,1,1
PV_106,012,PV_106_block_012,PV_106_012_288613_R,288612.65,288629.3,0.5545765219445444,312.1808476606236,R,monocular,1,1
PV_106,012,PV_106_block_012,PV_106_012_288646_R,288645.95,288662.6,0.5767983962118727,290.81877772549586,R,monocular,1,1
PV_106,012,PV_106_block_012,PV_106_012_309925_R,309924.65,309941.3,0.6664376226027094,279.6638897606662,R,monocular,1,1
PV_106,012,PV_106_block_012,PV_106_012_309991_R,309991.25,310007.9,0.5232873646712133,85.79856350917052,R,monocular,1,1
PV_106,012,PV_106_block_012,PV_106_012_317684_R,317683.55,317716.85,2.6435947237737865,264.9806744667325,R,monocular,1,1
PV_106,012,PV_106_block_012,PV_106_012_317750_R,317750.15,317816.75,3.7528207149048436,260.77113773309503,R,monocular,1,1
PV_106,012,PV_106_block_012,PV_106_012_342326_R,342325.55,342342.2,0.7202406335714852,203.27995726528576,R,monocular,1,1
PV_106,012,PV_106_block_012,PV_106_012_350151_R,350151.05,350167.7,2.308449125686876,72.66238617793225,R,monocular,1,1
PV_106,012,PV_106_block_012,PV_106_012_350168_R,350167.7,350184.35,0.5684056289465861,262.81479326948465,R,monocular,1,1
PV_106,012,PV_106_block_012,PV_106_012_352682_R,352681.85,352698.5,0.7055071492709566,101.1668197732675,R,monocular,1,1
PV_106,012,PV_106_block_012,PV_106_012_357127_R,357127.4,357160.7,3.1083275815264013,272.258440751057,R,monocular,1,1
PV_106,012,PV_106_block_012,PV_106_012_357161_R,357160.7,357177.35,0.788517568878298,55.13193132103643,R,monocular,1,1
PV_106,012,PV_106_block_012,PV_106_012_357194_R,357194.0,357260.6,3.7289828171449177,257.7878520659431,R,monocular,1,1
PV_106,012,PV_106_block_012,PV_106_012_375975_R,375975.2,376058.45,5.409016148297139,257.35201858001716,R,monocular,1,1
PV_106,012,PV_106_block_012,PV_106_012_383268_R,383267.9,383284.55,0.8312627789618523,99.65022530251704,R,monocular,1,1
PV_106,012,PV_106_block_012,PV_106_012_383285_R,383284.55,383317.85,0.9917678245292691,280.6780846551079,R,monocular,1,1
PV_106,012,PV_106_block_012,PV_106_012_383734_R,383734.1,383750.75,0.7251946512545476,101.26637035734046,R,monocular,1,1
PV_106,012,PV_106_block_012,PV_106_012_386348_R,386348.15,386364.8,0.7402613731411738,97.89439247180587,R,monocular,1,1
PV_106,012,PV_106_block_012,PV_106_012_387547_R,387546.95,387580.25,0.94873054609339,279.99953216127875,R,monocular,1,1
PV_106,012,PV_106_block_012,PV_106_012_392042_R,392042.45,392059.1,0.830399216229873,282.94482300185246,R,monocular,1,1
PV_106,012,PV_106_block_012,PV_106_012_397071_R,397070.75,397087.4,0.5222392769140757,126.04195835916923,R,monocular,1,1
PV_106,012,PV_106_block_012,PV_106_012_397121_R,397120.7,397170.65,2.821671748779144,96.06211291420368,R,monocular,1,1
PV_106,012,PV_106_block_012,PV_106_012_397970_R,397969.85,397986.5,0.7901696300728354,103.51537337166525,R,monocular,1,1
PV_106,012,PV_106_block_012,PV_106_012_405745_R,405745.4,405812.0,5.273970219220569,112.63838492528122,R,monocular,1,1
PV_106,012,PV_106_block_012,PV_106_012_421679_R,421679.45,421696.1,0.7104734543328121,196.8417420950649,R,monocular,1,1
PV_106,012,PV_106_block_012,PV_106_012_504280_R,504280.1,504296.75,0.5587527929364213,230.8994526302589,R,monocular,1,1
PV_106,012,PV_106_block_012,PV_106_012_504313_R,504313.4,504330.05,0.6154375283718142,268.0002485415464,R,monocular,1,1
PV_106,012,PV_106_block_012,PV_106_012_504347_R,504346.7,504380.0,2.142457126715874,253.75547319305326,R,monocular,1,1
PV_106,012,PV_106_block_012,PV_106_012_504447_R,504446.6,504463.25,0.6269326608985962,277.26014752632074,R,monocular,1,1
PV_106,012,PV_106_block_012,PV_106_012_511723_R,511722.65,511755.95,1.6979673817630834,269.2274504615723,R,monocular,1,1
PV_106,012,PV_106_block_012,PV_106_012_511806_R,511805.9,511839.2,2.1630146216510613,257.82314738853466,R,monocular,1,1
PV_106,012,PV_106_block_012,PV_106_012_517733_R,517733.3,517749.95,1.6607433476302729,264.9800303144848,R,monocular,1,1
PV_106,012,PV_106_block_012,PV_106_012_517750_R,517749.95,517766.6,1.0284981477109432,81.87011553328634,R,monocular,1,1
PV_106,012,PV_106_block_012,PV_106_012_535665_R,535665.35,535682.0,1.1203843295992555,255.1862662335775,R,monocular,1,1
PV_106,012,PV_106_block_012,PV_106_012_535682_R,535682.0,535698.65,2.24095938102364,80.84083822194548,R,monocular,1,1
PV_106,012,PV_106_block_012,PV_106_012_535699_R,535698.65,535715.3,3.448444008865565,264.1140059922739,R,monocular,1,1
PV_106,012,PV_106_block_012,PV_106_012_535715_R,535715.3,535731.95,1.7924666888309633,87.53473179434963,R,monocular,1,1
PV_106,012,PV_106_block_012,PV_106_012_535732_R,535731.95,535748.6,0.7080893258149131,254.12284548081445,R,monocular,1,1
PV_106,012,PV_106_block_012,PV_106_012_540560_R,540560.45,540577.1,0.5550959551148902,314.45261893545546,R,monocular,1,1
PV_106,012,PV_106_block_012,PV_106_012_558243_R,558242.75,558259.4,1.7543670313336612,256.24470655681006,R,monocular,1,1
PV_106,012,PV_106_block_012,PV_106_012_563204_R,563204.45,563221.1,0.953487915575586,274.4636846675158,R,monocular,1,1
PV_106,012,PV_106_block_012,PV_106_012_563254_R,563254.4,563271.05,0.7939929083147826,266.36614224386244,R,monocular,1,1
PV_106,012,PV_106_block_012,PV_106_012_563304_R,563304.35,563354.3,2.403026512427738,249.25099556942513,R,monocular,1,1
PV_106,012,PV_106_block_012,PV_106_012_576191_R,576191.45,576224.75,1.8953262421155952,261.907227780451,R,monocular,1,1
PV_106,012,PV_106_block_012,PV_106_012_576225_R,576224.75,576241.4,1.507681359103456,71.16277544077549,R,monocular,1,1
PV_106,012,PV_106_block_012,PV_106_012_576241_R,576241.4,576274.7,1.4357117544889761,266.4696366325154,R,monocular,1,1
PV_106,012,PV_106_block_012,PV_106_012_605895_R,605895.05,605928.35,1.499826661953792,91.07779160204593,R,monocular,1,1
PV_106,012,PV_106_block_012,PV_106_012_608076_R,608076.2,608109.5,3.0862312075722653,264.0064368796177,R,monocular,1,1
PV_106,012,PV_106_block_012,PV_106_012_608110_R,608109.5,608126.15,1.3658444724503391,69.38036901569586,R,monocular,1,1
PV_106,012,PV_106_block_012,PV_106_012_608126_R,608126.15,608142.8,3.1550230107787804,259.10551927341226,R,monocular,1,1
PV_106,012,PV_106_block_012,PV_106_012_608143_R,608142.8,608159.45,1.1324413262421378,67.47763196703919,R,monocular,1,1
PV_106,012,PV_106_block_012,PV_106_012_608159_R,608159.45,608209.4,2.201247101737609,263.2729177228801,R,monocular,1,1
PV_106,012,PV_106_block_012,PV_106_012_620048_R,620047.55,620080.85,3.470324216283305,260.06772123484086,R,monocular,1,1
PV_106,012,PV_106_block_012,PV_106_012_620114_R,620114.15,620180.75,3.2071335110373886,256.61790609502066,R,monocular,1,1
PV_106,012,PV_106_block_012,PV_106_012_636681_R,636680.9,636714.2,1.686806036853542,91.32974204612304,R,monocular,1,1
PV_106,012,PV_106_block_012,PV_106_012_638646_R,638645.6,638662.25,0.5703312796988861,276.1944616841957,R,monocular,1,1
PV_106,012,PV_106_block_012,PV_106_012_638679_R,638678.9,638695.55,0.9312516600531949,64.05014087279517,R,monocular,1,1
PV_106,012,PV_106_block_012,PV_106_012_649418_R,649418.15,649501.4,5.079767558132001,265.31113069082903,R,monocular,1,1
PV_106,012,PV_106_block_012,PV_106_012_661722_R,661722.5,661772.45,2.9926149103459894,305.6117077866276,R,monocular,1,1
PV_106,012,PV_106_block_012,PV_106_012_670048_R,670047.5,670064.15,0.6081835019102383,14.332838296180672,R,monocular,1,1
PV_106,012,PV_106_block_012,PV_106_012_687114_R,687113.75,687180.35,3.3330855152241634,285.8862072930616,R,monocular,1,1
PV_106,012,PV_106_block_012,PV_106_012_692458_R,692458.4,692525.0,6.468493886336575,255.04450787028657,R,monocular,1,1
PV_106,012,PV_106_block_012,PV_106_012_701682_R,701682.5,701699.15,1.0828756815708014,267.0473090841971,R,monocular,1,1
PV_106,012,PV_106_block_012,PV_106_012_701699_R,701699.15,701715.8,1.3427324867455654,97.36275439965625,R,monocular,1,1
PV_106,012,PV_106_block_012,PV_106_012_702915_R,702914.6,702931.25,0.5369155003742143,253.54220777331673,R,monocular,1,1
PV_106,012,PV_106_block_012,PV_106_012_704446_R,704446.4,704463.05,1.5195514101042862,117.35981664219182,R,monocular,1,1
PV_106,012,PV_106_block_012,PV_106_012_727873_R,727872.95,727906.25,1.4400275071050543,7.627476064954489,R,monocular,1,1
PV_106,012,PV_106_block_012,PV_106_012_750800_R,750800.0,750816.65,0.5575725930133177,28.382049744353715,R,monocular,1,1
PV_106,012,PV_106_block_012,PV_106_012_770564_R,770563.55,770580.2,0.7483673223674764,107.02382834838791,R,monocular,1,1
PV_106,012,PV_106_block_012,PV_106_012_781902_R,781902.2,781918.85,0.5339721114782109,223.4524991539498,R,monocular,1,1
PV_106,012,PV_106_block_012,PV_106_012_781936_R,781935.5,782018.75,4.891399531923434,253.7063164400568,R,monocular,1,1
PV_106,012,PV_106_block_012,PV_106_012_782035_R,782035.4,782052.05,0.6689379183506756,251.09223988418788,R,monocular,1,1
PV_106,012,PV_106_block_012,PV_106_012_782085_R,782085.35,782102.0,0.7779730814424571,100.06234507145919,R,monocular,1,1
PV_106,012,PV_106_block_012,PV_106_012_790294_R,790293.8,790410.35,7.721505658898023,260.47338034882796,R,monocular,1,1
PV_106,012,PV_106_block_012,PV_106_012_795322_R,795322.1,795338.75,0.6402215935246014,274.8593830643372,R,monocular,1,1
PV_106,012,PV_106_block_012,PV_106_012_795522_R,795521.9,795538.55,0.5880297370351505,272.3302230557132,R,monocular,1,1
PV_106,012,PV_106_block_012,PV_106_012_801349_R,801349.4,801366.05,0.7689607314765671,206.29251763247527,R,monocular,1,1
PV_106,012,PV_106_block_012,PV_106_012_801383_R,801382.7,801515.9,8.344914962662667,263.3726308517498,R,monocular,1,1
PV_106,012,PV_106_block_012,PV_106_012_806411_R,806411.0,806427.65,0.7699132126409994,63.833469402331644,R,monocular,1,1
PV_106,012,PV_106_block_012,PV_106_012_806627_R,806627.45,806644.1,0.5619350584076442,76.04068661801801,R,monocular,1,1
PV_106,012,PV_106_block_012,PV_106_012_814536_R,814536.2,814569.5,2.3022207148404332,256.3558858652253,R,monocular,1,1
PV_106,012,PV_106_block_012,PV_106_012_814603_R,814602.8,814619.45,0.6338742193978879,228.6557173010761,R,monocular,1,1
PV_106,012,PV_106_block_012,PV_106_012_814636_R,814636.1,814652.75,0.6752227061088723,253.18892305798846,R,monocular,1,1
PV_106,012,PV_106_block_012,PV_106_012_820597_R,820596.8,820613.45,0.5369762593041176,63.23890228655628,R,monocular,1,1
PV_106,012,PV_106_block_012,PV_106_012_836681_R,836680.7,836763.95,7.262119516782096,251.99509992027387,R,monocular,1,1
PV_106,012,PV_106_block_012,PV_106_012_842025_R,842025.35,842058.65,2.0660258300419776,93.85240935302289,R,monocular,1,1
PV_106,012,PV_106_block_012,PV_106_012_842075_R,842075.3,842091.95,0.5634785680326074,88.22940158954866,R,monocular,1,1
PV_106,012,PV_106_block_012,PV_106_012_843441_R,843440.6,843473.9,1.7891224837245578,258.5915030392794,R,monocular,1,1
PV_106,012,PV_106_block_012,PV_106_012_880587_R,880586.75,880603.4,0.6971705678976704,95.15280471189715,R,monocular,1,1
PV_106,012,PV_106_block_012,PV_106_012_906611_R,906610.7,906644.0,1.6069571751343281,182.91396092330453,R,monocular,1,1
PV_106,012,PV_106_block_012,PV_106_012_921263_R,921262.7,921296.0,1.9362448114386464,93.02544241291079,R,monocular,1,1
PV_106,012,PV_106_block_012,PV_106_012_935698_R,935698.25,935764.85,4.185702848636631,21.96699211958738,R,monocular,1,1
PV_106,012,PV_106_block_012,PV_106_012_945139_R,945138.8,945155.45,0.7539910514670454,176.10712136767842,R,monocular,1,1
PV_106,012,PV_106_block_012,PV_106_012_975525_R,975525.05,975541.7,0.5907888353475852,328.3503017540243,R,monocular,1,1
PV_106,012,PV_106_block_012,PV_106_012_975725_R,975724.85,975774.8,2.5731562194520565,294.2952841031735,R,monocular,1,1
PV_106,012,PV_106_block_012,PV_106_012_980420_R,980420.15,980436.8,0.8967741384527351,218.84426386339757,R,monocular,1,1
PV_106,012,PV_106_block_012,PV_106_012_991159_R,991159.4,991176.05,1.7510738884393964,263.7194924417438,R,monocular,1,1
PV_106,012,PV_106_block_012,PV_106_012_991409_R,991409.15,991442.45,1.6359112579205015,261.69721008237815,R,monocular,1,1
PV_106,012,PV_106_block_012,PV_106_012_1000284_R,1000283.6,1000300.25,0.5513318417086052,84.78247501187039,R,monocular,1,1
PV_106,012,PV_106_block_012,PV_106_012_1000317_R,1000316.9,1000333.55,1.1421512168973074,281.7721879690572,R,monocular,1,1
PV_106,012,PV_106_block_012,PV_106_012_1000334_R,1000333.55,1000350.2,1.01097524697282,116.22099705445639,R,monocular,1,1
PV_106,012,PV_106_block_012,PV_106_012_1000350_R,1000350.2,1000366.85,0.7221457827967266,262.52637953428166,R,monocular,1,1
PV_106,012,PV_106_block_012,PV_106_012_1000384_R,1000383.5,1000400.15,0.7729413439992233,250.0522861655763,R,monocular,1,1
PV_106,012,PV_106_block_012,PV_106_012_1000417_R,1000416.8,1000433.45,0.7840459394458547,261.93177298647413,R,monocular,1,1
PV_106,012,PV_106_block_012,PV_106_012_1007526_R,1007526.35,1007559.65,1.3326543871451806,77.00211329045368,R,monocular,1,1
PV_106,012,PV_106_block_012,PV_106_012_1013420_R,1013420.45,1013437.1,0.6592338472017131,272.1192250612887,R,monocular,1,1
PV_106,012,PV_106_block_012,PV_106_012_1013470_R,1013470.4,1013503.7,1.5886833227135972,262.5833106972039,R,monocular,1,1
PV_106,012,PV_106_block_012,PV_106_012_1023760_R,1023760.1,1023793.4,1.61710783137846,273.3261616235674,R,monocular,1,1
PV_106,012,PV_106_block_012,PV_106_012_1023810_R,1023810.05,1023826.7,0.7676840949898865,271.4980211663438,R,monocular,1,1
PV_106,012,PV_106_block_012,PV_106_012_1023843_R,1023843.35,1023860.0,1.0737647438705256,257.22759148806216,R,monocular,1,1
PV_106,012,PV_106_block_012,PV_106_012_1023860_R,1023860.0,1023876.65,1.2009898702356074,84.73303353416684,R,monocular,1,1
PV_106,012,PV_106_block_012,PV_106_012_1023877_R,1023876.65,1023909.95,1.7417455133616526,260.7641946971515,R,monocular,1,1
PV_106,012,PV_106_block_012,PV_106_012_1035515_R,1035515.0,1035531.65,0.6377204932880324,75.21703002052331,R,monocular,1,1
PV_106,012,PV_106_block_012,PV_106_012_1037263_R,1037263.25,1037313.2,13.892519654505826,240.09050666654446,R,monocular,1,1
PV_106,012,PV_106_block_012,PV_106_012_1091176_R,1091175.95,1091209.25,1.8839095546974771,252.9435663068726,R,monocular,1,1
PV_106,012,PV_106_block_012,PV_106_012_1091243_R,1091242.55,1091259.2,0.6055657219837731,274.4120203818308,R,monocular,1,1
PV_106,012,PV_106_block_012,PV_106_012_1094989_R,1094988.8,1095005.45,0.732495044046102,277.68948642767344,R,monocular,1,1
PV_106,012,PV_106_block_012,PV_106_012_1095022_R,1095022.1,1095138.65,10.353943584387642,351.7057298095496,R,monocular,1,1
PV_106,012,PV_106_block_012,PV_106_012_1095139_R,1095138.65,1095155.3,1.4458977817787568,144.59943041485977,R,monocular,1,1
PV_106,012,PV_106_block_012,PV_106_012_1095155_R,1095155.3,1095171.95,0.9666391217354158,247.84171600307005,R,monocular,1,1
PV_106,012,PV_106_block_012,PV_106_012_1095172_R,1095171.95,1095305.15,13.583760253863858,18.32637838615596,R,monocular,1,1
PV_106,012,PV_106_block_012,PV_106_012_1150333_R,1150333.4,1150400.0,8.6848596698871,102.293841674078,R,monocular,1,1
PV_106,012,PV_106_block_012,PV_106_012_1159408_R,1159407.65,1159424.3,0.6464161295746903,61.35389328813503,R,monocular,1,1
PV_106,012,PV_106_block_012,PV_106_012_1175941_R,1175941.1,1175957.75,1.134093040286923,69.34285628956877,R,monocular,1,1
PV_106,012,PV_106_block_012,PV_106_012_1176257_R,1176257.45,1176274.1,,,R,monocular,1,1
PV_106,012,PV_106_block_012,PV_106_012_1187829_R,1187829.2,1187879.15,3.3356920779873582,259.91345831307933,R,monocular,1,1
PV_106,012,PV_106_block_012,PV_106_012_1187896_R,1187895.8,1187962.4,3.4428770869200678,247.8499405480884,R,monocular,1,1
PV_106,012,PV_106_block_012,PV_106_012_1224359_R,1224359.3,1224375.95,0.596472589960319,280.2886148548937,R,monocular,1,1
PV_106,012,PV_106_block_012,PV_106_012_1224592_R,1224592.4,1224609.05,0.5156571830767351,85.05845928221589,R,monocular,1,1
PV_106,012,PV_106_block_012,PV_106_012_1230303_R,1230303.35,1230353.3,2.649453699671944,256.55728204917057,R,monocular,1,1
PV_106,012,PV_106_block_012,PV_106_012_1234532_R,1234532.45,1234549.1,0.5859690572888304,53.380982491043184,R,monocular,1,1
PV_106,012,PV_106_block_012,PV_106_012_1241642_R,1241642.0,1241691.95,2.7993252370909776,260.3785629782539,R,monocular,1,1
PV_106,012,PV_106_block_012,PV_106_012_1241759_R,1241758.55,1241775.2,0.5958271698489479,253.8438570989791,R,monocular,1,1
PV_106,012,PV_106_block_012,PV_106_012_1247553_R,1247552.75,1247569.4,0.7330846434746368,109.66363117406604,R,monocular,1,1
PV_106,012,PV_106_block_012,PV_106_012_1249035_R,1249034.6,1249051.25,1.7971841126146364,260.5089271079312,R,monocular,1,1
PV_106,012,PV_106_block_012,PV_106_012_1298735_R,1298734.85,1298768.15,1.569654165979888,267.4485329554761,R,monocular,1,1
PV_106,012,PV_106_block_012,PV_106_012_1310540_R,1310539.7,1310622.95,5.932517580152663,249.48100594111344,R,monocular,1,1
PV_106,012,PV_106_block_012,PV_106_012_1311872_R,1311871.7,1311888.35,0.5324601111057308,93.76484058722095,R,monocular,1,1
PV_106,012,PV_106_block_012,PV_106_012_1312022_R,1312021.55,1312038.2,,,R,monocular,1,1
PV_106,012,PV_106_block_012,PV_106_012_1322511_R,1322511.05,1322527.7,0.7813816307730306,235.6023686524175,R,monocular,1,1
PV_106,012,PV_106_block_012,PV_106_012_1337280_R,1337279.6,1337296.25,0.7141885464778372,243.35201005050635,R,monocular,1,1
PV_106,012,PV_106_block_012,PV_106_012_1337346_R,1337346.2,1337362.85,0.556181587701315,252.0079847371161,R,monocular,1,1
PV_106,012,PV_106_block_012,PV_106_012_1361405_R,1361405.45,1361422.1,1.2057326862571052,271.56956207279813,R,monocular,1,1
PV_106,012,PV_106_block_012,PV_106_012_1361455_R,1361455.4,1361505.35,2.511821937637536,254.49131099028602,R,monocular,1,1
PV_106,012,PV_106_block_012,PV_106_012_1369664_R,1369663.85,1369680.5,,,R,monocular,1,1
PV_106,012,PV_106_block_012,PV_106_012_1379404_R,1379404.1,1379437.4,1.4980126047509597,254.52383498473444,R,monocular,1,1
PV_106,012,PV_106_block_012,PV_106_012_1379454_R,1379454.05,1379470.7,0.6272892436530871,254.6789801835613,R,monocular,1,1
PV_106,012,PV_106_block_012,PV_106_012_1384166_R,1384166.0,1384182.65,0.7645432679319851,86.23771611377121,R,monocular,1,1
PV_106,012,PV_106_block_012,PV_106_012_1388229_R,1388228.6,1388278.55,3.6088954123887875,261.07275391025024,R,monocular,1,1
PV_106,012,PV_106_block_012,PV_106_012_1399551_R,1399550.6,1399567.25,0.6843060493584802,84.67828582288524,R,monocular,1,1
PV_106,012,PV_106_block_012,PV_106_012_1407493_R,1407492.65,1407542.6,2.2919290165723982,266.4154208612153,R,monocular,1,1
PV_106,012,PV_106_block_012,PV_106_012_1407559_R,1407559.25,1407575.9,0.6492696365309615,275.674819079138,R,monocular,1,1
PV_106,012,PV_106_block_012,PV_106_012_1430819_R,1430819.3,1430902.55,6.001040974424605,260.23590412655074,R,monocular,1,1
PV_106,012,PV_106_block_012,PV_106_012_1445821_R,1445820.95,1445837.6,0.6707823832840151,83.49354980686319,R,monocular,1,1
PV_106,012,PV_106_block_012,PV_106_012_1445938_R,1445937.5,1445954.15,0.6557344966970002,84.51572441025368,R,monocular,1,1
PV_106,012,PV_106_block_012,PV_106_012_1459291_R,1459290.8,1459390.7,7.714450653471663,260.55183271615846,R,monocular,1,1
PV_106,012,PV_106_block_012,PV_106_012_1468015_R,1468015.4,1468065.35,2.860936303261661,263.68529944987176,R,monocular,1,1
PV_106,012,PV_106_block_012,PV_106_012_1468082_R,1468082.0,1468115.3,1.4125035040888048,261.2461085205252,R,monocular,1,1
PV_106,012,PV_106_block_012,PV_106_012_1468132_R,1468131.95,1468165.25,1.4025147032202054,263.6667221724634,R,monocular,1,1
PV_106,012,PV_106_block_012,PV_106_012_1469347_R,1469347.4,1469397.35,3.977190497046605,105.9433200265067,R,monocular,1,1
PV_106,012,PV_106_block_012,PV_106_012_1513420_R,1513419.95,1513436.6,0.516734984901476,90.30946730169545,R,monocular,1,1
PV_106,012,PV_106_block_012,PV_106_012_1524242_R,1524242.45,1524259.1,0.5784434532168474,176.0901648356456,R,monocular,1,1
PV_106,012,PV_106_block_012,PV_106_012_1524276_R,1524275.75,1524309.05,2.4626794716056732,265.43146227994583,R,monocular,1,1
PV_106,012,PV_106_block_012,PV_106_012_1524309_R,1524309.05,1524325.7,0.7313169123179545,49.833999816160045,R,monocular,1,1
PV_106,012,PV_106_block_012,PV_106_012_1524376_R,1524375.65,1524392.3,0.7180545355648557,271.107883432149,R,monocular,1,1
PV_106,012,PV_106_block_012,PV_106_012_1530969_R,1530969.05,1530985.7,0.6340582680865106,357.6713618255649,R,monocular,1,1
PV_106,012,PV_106_block_012,PV_106_012_1532567_R,1532567.45,1532650.7,14.471997293002795,255.09993530436753,R,monocular,1,1
PV_106,012,PV_106_block_012,PV_106_012_1533583_R,1533583.1,1533599.75,2.563936378649895,210.54592142171242,R,monocular,1,1
PV_106,012,PV_106_block_012,PV_106_012_1533600_R,1533599.75,1533649.7,2.2309506915428585,289.05587639265775,R,monocular,1,1
PV_106,012,PV_106_block_012,PV_106_012_1535015_R,1535015.0,1535031.65,0.6978391805437524,64.64453540618848,R,monocular,1,1
PV_106,012,PV_106_block_012,PV_106_012_1536364_R,1536363.65,1536430.25,3.8144147639422368,303.18737196977713,R,monocular,1,1
PV_106,012,PV_106_block_012,PV_106_012_1564552_R,1564552.1,1564585.4,4.18007577031379,248.34203242327317,R,monocular,1,1
PV_106,012,PV_106_block_012,PV_106_012_1564585_R,1564585.4,1564602.05,1.1356324912526516,71.64506927461099,R,monocular,1,1
PV_106,012,PV_106_block_012,PV_106_012_1564602_R,1564602.05,1564652.0,2.6421016823043053,255.94042257208076,R,monocular,1,1
PV_106,012,PV_106_block_012,PV_106_012_1610340_R,1610339.6,1610439.5,8.661900332922334,228.67764607843716,R,monocular,1,1
PV_106,012,PV_106_block_012,PV_106_012_1612204_R,1612204.4,1612237.7,1.6172082654059161,49.505077339879534,R,monocular,1,1
PV_106,012,PV_106_block_012,PV_106_012_1622344_R,1622344.25,1622377.55,1.387495014032905,68.12584314851476,R,monocular,1,1
PV_106,012,PV_106_block_012,PV_106_012_1636780_R,1636779.8,1636813.1,1.720512477955053,68.61752707322454,R,monocular,1,1
PV_106,012,PV_106_block_012,PV_106_012_1636830_R,1636829.75,1636846.4,0.758650955650274,51.71626049732683,R,monocular,1,1
PV_106,012,PV_106_block_012,PV_106_012_1642541_R,1642540.7,1642557.35,0.5685200540339933,74.42992580804258,R,monocular,1,1
PV_106,012,PV_106_block_012,PV_106_012_1655927_R,1655927.3,1655993.9,5.902139065134397,244.09130303874477,R,monocular,1,1
PV_106,012,PV_106_block_012,PV_106_012_1655994_R,1655993.9,1656010.55,0.983479116487566,45.76622610604078,R,monocular,1,1
PV_106,012,PV_106_block_012,PV_106_012_1656094_R,1656093.8,1656110.45,0.5449282744912575,267.88105242567804,R,monocular,1,1
PV_106,012,PV_106_block_012,PV_106_012_1658208_R,1658208.35,1658241.65,2.1143623993966636,356.76604472474395,R,monocular,1,1
PV_106,012,PV_106_block_012,PV_106_012_1661339_R,1661338.55,1661355.2,0.6335327970056792,267.451021460235,R,monocular,1,1
PV_106,012,PV_106_block_012,PV_106_012_1670246_R,1670246.3,1670312.9,3.5413825464949165,80.45489892555888,R,monocular,1,1
PV_106,012,PV_106_block_012,PV_106_012_1688645_R,1688644.55,1688677.85,1.702464594129911,73.27970982803859,R,monocular,1,1
PV_106,012,PV_106_block_012,PV_106_012_1694455_R,1694455.4,1694472.05,0.5930938730302749,278.7427160557711,R,monocular,1,1
PV_106,012,PV_106_block_012,PV_106_012_1700599_R,1700599.25,1700615.9,0.5711986517203096,276.27566678658025,R,monocular,1,1
PV_106,012,PV_106_block_012,PV_106_012_1725158_R,1725158.0,1725174.65,0.575138046744825,19.242905579431135,R,monocular,1,1
PV_106,012,PV_106_block_012,PV_106_012_1740293_R,1740292.85,1740392.75,5.789008331854117,259.3842538920341,R,monocular,1,1
PV_106,012,PV_106_block_012,PV_106_012_1748218_R,1748218.25,1748318.15,5.429581400395172,256.7164911224708,R,monocular,1,1
PV_106,012,PV_106_block_012,PV_106_012_1748335_R,1748334.8,1748368.1,1.3699704781425257,78.26124672423553,R,monocular,1,1
PV_106,012,PV_106_block_012,PV_106_012_1748385_R,1748384.75,1748401.4,0.622308692390677,263.63531518062416,R,monocular,1,1
PV_106,012,PV_106_block_012,PV_106_012_1763420_R,1763419.7,1763436.35,0.5904444103277954,83.69249075337574,R,monocular,1,1
PV_106,012,PV_106_block_012,PV_106_012_1764352_R,1764352.1,1764368.75,0.7474003691725727,248.17206309526276,R,monocular,1,1
PV_106,012,PV_106_block_012,PV_106_012_1764385_R,1764385.4,1764418.7,1.286131910379765,257.1408221068527,R,monocular,1,1
PV_106,012,PV_106_block_012,PV_106_012_1815617_R,1815617.45,1815650.75,1.7297753695301532,113.15284844334262,R,monocular,1,1
PV_106,012,PV_106_block_012,PV_106_012_1815667_R,1815667.4,1815684.05,0.756702548056765,111.01588179995343,R,monocular,1,1
PV_106,012,PV_106_block_012,PV_106_012_1816117_R,1816116.95,1816133.6,0.5563268114488048,97.01508149509449,R,monocular,1,1
PV_106,012,PV_106_block_012,PV_106_012_1818148_R,1818148.25,1818231.5,13.447009242823276,23.6626372592528,R,monocular,1,1
PV_106,012,PV_106_block_012,PV_106_012_1830586_R,1830585.8,1830652.4,3.3304762210399095,310.2729558926831,R,monocular,1,1
PV_106,012,PV_106_block_012,PV_106_012_1846919_R,1846919.45,1846936.1,0.6993885152430916,2.211089757204064,R,monocular,1,1
PV_106,012,PV_106_block_012,PV_106_012_1846953_R,1846952.75,1846969.4,0.6167025123166663,355.3010944865524,R,monocular,1,1
PV_106,012,PV_106_block_012,PV_106_012_1867083_R,1867082.6,1867099.25,0.5737237393746766,46.456558321723556,R,monocular,1,1
PV_143,001,PV_143_block_001,PV_143_001_40397_R,40397.05,40480.3,4.111607407273493,238.66012903879846,R,binocular,2,2
PV_143,001,PV_143_block_001,PV_143_001_51203_R,51202.9,51269.5,5.107751606296548,280.1028490925944,R,binocular,2,2
PV_143,001,PV_143_block_001,PV_143_001_52785_L,52784.65,52867.9,19.710157841980678,36.30622905113867,L,binocular,2,2
PV_143,001,PV_143_block_001,PV_143_001_52885_R,52884.55,53117.65,12.555875485763496,22.136910790430193,R,binocular,2,2
PV_143,001,PV_143_block_001,PV_143_001_58179_L,58179.25,58229.2,4.95572199291076,13.920858433569434,L,binocular,2,2
PV_143,001,PV_143_block_001,PV_143_001_69868_L,69867.55,69917.5,5.63437046410981,210.6811756942312,L,binocular,2,2
PV_143,001,PV_143_block_001,PV_143_001_78659_L,78658.75,78725.35,5.631299422919305,195.89238929501573,L,binocular,2,2
PV_143,001,PV_143_block_001,PV_143_001_93777_R,93776.95,93876.85,10.425309562622546,150.3857901800932,R,binocular,2,2
PV_143,001,PV_143_block_001,PV_143_001_102135_R,102135.25,102235.15,6.0948205051764255,164.419123177897,R,binocular,2,2
PV_143,001,PV_143_block_001,PV_143_001_105748_L,105748.3,105781.6,2.2971784863862346,267.3828003515347,L,binocular,2,2
PV_143,001,PV_143_block_001,PV_143_001_122115_R,122115.25,122165.2,6.375605453353051,307.04129987179044,R,binocular,2,2
PV_143,001,PV_143_block_001,PV_143_001_140730_L,140729.95,140763.25,1.847485819500595,209.2045793469451,L,binocular,2,2
PV_143,001,PV_143_block_001,PV_143_001_142445_R,142444.9,142511.5,4.688763443164919,329.3687085635256,R,binocular,2,2
PV_143,001,PV_143_block_001,PV_143_001_142695_L,142694.65,142761.25,3.0886588099009975,205.23651532984601,L,binocular,2,2
PV_143,001,PV_143_block_001,PV_143_001_163624_R,163623.7,163690.3,3.6814063918914757,169.94580038874724,R,binocular,2,2
PV_143,001,PV_143_block_001,PV_143_001_180091_R,180090.55,180157.15,6.821404200500502,146.584911552828,R,binocular,2,2
PV_143,001,PV_143_block_001,PV_143_001_188382_R,188382.25,188448.85,9.164479711359784,353.9655122245551,R,binocular,2,2
PV_143,001,PV_143_block_001,PV_143_001_216587_R,216587.35,216653.95,9.269961478583854,162.38761245178162,R,binocular,2,2
PV_143,001,PV_143_block_001,PV_143_001_230890_L,230889.7,230956.3,3.658640600255682,170.21261185356448,L,binocular,2,2
PV_143,001,PV_143_block_001,PV_143_001_252152_L,252151.75,252185.05,3.230853793402453,351.7347102856755,L,binocular,2,2
PV_143,001,PV_143_block_001,PV_143_001_259711_L,259710.85,259810.75,12.551271460816794,27.605040733067955,L,binocular,2,2
PV_143,001,PV_143_block_001,PV_143_001_260260_R,260260.3,260293.6,4.809226456130101,3.36473492541292,R,binocular,2,2
PV_143,001,PV_143_block_001,PV_143_001_260344_R,260343.55,260376.85,1.4163658926380345,176.01124308131435,R,binocular,2,2
PV_143,001,PV_143_block_001,PV_143_001_262525_R,262524.7,262574.65,2.712699096743325,35.68375978847677,R,binocular,2,2
PV_143,001,PV_143_block_001,PV_143_001_270667_L,270666.55,270716.5,3.6129331405635625,9.77071225731159,L,binocular,2,2
PV_143,001,PV_143_block_001,PV_143_001_277410_L,277409.8,277459.75,4.204344299332483,225.75733146748186,L,binocular,2,2
PV_143,001,PV_143_block_001,PV_143_001_287366_R,287366.5,287399.8,4.509919210371928,170.69029490798954,R,binocular,2,2
PV_143,001,PV_143_block_001,PV_143_001_299022_R,299021.5,299088.1,3.6676617366129896,140.5400147037359,R,binocular,2,2
PV_143,001,PV_143_block_001,PV_143_001_313440_R,313440.4,313556.95,6.832404787930509,183.93659692753715,R,binocular,2,2
PV_143,001,PV_143_block_001,PV_143_001_367420_L,367419.7,367502.95,7.324878888632525,12.147258888389397,L,binocular,2,2
PV_143,001,PV_143_block_001,PV_143_001_371982_L,371981.8,372048.4,5.4590781227421195,24.090431804989123,L,binocular,2,2
PV_143,001,PV_143_block_001,PV_143_001_391662_R,391662.1,391728.7,6.302836882914118,147.57597668468162,R,binocular,2,2
PV_143,001,PV_143_block_001,PV_143_001_410077_L,410077.0,410126.95,7.675734340788708,15.594331124842514,L,binocular,2,2
PV_143,001,PV_143_block_001,PV_143_001_430823_L,430822.9,430872.85,4.836594010532551,16.817474569311244,L,binocular,2,2
PV_143,001,PV_143_block_001,PV_143_001_444626_L,444625.75,444709.0,11.433675249638036,23.152585255963174,L,binocular,2,2
PV_143,001,PV_143_block_001,PV_143_001_456514_R,456513.85,456563.8,12.246144547065441,192.73112404381746,R,binocular,2,2
PV_143,001,PV_143_block_001,PV_143_001_456647_R,456647.05,456730.3,9.285728243771977,2.1358238857987453,R,binocular,2,2
PV_143,001,PV_143_block_001,PV_143_001_471066_R,471065.95,471149.2,5.588226369465251,332.4568801606573,R,binocular,2,2
PV_143,001,PV_143_block_001,PV_143_001_502967_R,502967.35,503067.25,7.303414999283644,161.92117301989774,R,binocular,2,2
PV_143,001,PV_143_block_001,PV_143_001_545741_R,545741.2,545791.15,5.369698640540389,148.37098360102738,R,binocular,2,2
PV_143,001,PV_143_block_001,PV_143_001_599787_L,599787.1,599837.05,5.3836973694275665,211.81414411593641,L,binocular,2,2
PV_143,001,PV_143_block_001,PV_143_001_617819_L,617819.05,617902.3,9.668796310629899,149.03708780699208,L,binocular,2,2
PV_143,001,PV_143_block_001,PV_143_001_628692_L,628691.5,628741.45,4.970927651107572,201.16931257076618,L,binocular,2,2
PV_143,001,PV_143_block_001,PV_143_001_636534_L,636533.65,636600.25,6.337835564477419,204.3916268310978,L,binocular,2,2
PV_143,001,PV_143_block_001,PV_143_001_656497_R,656497.0,656546.95,2.565601558230589,167.89291421540423,R,binocular,2,2
PV_143,001,PV_143_block_001,PV_143_001_694326_R,694325.8,694359.1,8.45208045639082,198.57135369315884,R,binocular,2,2
PV_143,001,PV_143_block_001,PV_143_001_708262_R,708261.85,708328.45,1.5666343901056372,183.6141981196126,R,binocular,2,2
PV_143,001,PV_143_block_001,PV_143_001_720733_L,720732.7,720766.0,1.4632822199990767,190.4960581645909,L,binocular,2,2
PV_143,001,PV_143_block_001,PV_143_001_746490_R,746490.25,746506.9,3.970660184732203,331.8558868093855,R,binocular,2,2
PV_143,001,PV_143_block_001,PV_143_001_779674_R,779673.7,779773.6,16.13827044059259,147.903350706446,R,binocular,2,2
PV_143,001,PV_143_block_001,PV_143_001_832787_L,832787.2,832837.15,3.3751093519524926,266.42716909198583,L,binocular,2,2
PV_143,001,PV_143_block_001,PV_143_001_849887_R,849886.75,849970.0,7.030215115545623,315.1739398708495,R,binocular,2,2
PV_143,001,PV_143_block_001,PV_143_001_925328_L,925327.9,925377.85,3.0709709542330454,139.4124722418553,L,binocular,2,2
PV_143,001,PV_143_block_001,PV_143_001_967020_L,967019.5,967102.75,8.690782207290273,340.2276090482579,L,binocular,2,2
PV_143,001,PV_143_block_001,PV_143_001_971998_R,971997.85,972097.75,6.295431089685925,297.45126071228276,R,binocular,2,2
PV_143,001,PV_143_block_001,PV_143_001_999687_R,999686.8,999753.4,1.3840413463303953,282.3855109888069,R,binocular,2,2
PV_143,001,PV_143_block_001,PV_143_001_1021049_R,1021048.75,1021115.35,11.615774702178749,153.4505066740588,R,binocular,2,2
PV_143,001,PV_143_block_001,PV_143_001_1031954_R,1031954.5,1032021.1,4.6084893568802645,218.68998710628043,R,binocular,2,2
PV_143,001,PV_143_block_001,PV_143_001_1075727_R,1075727.35,1075744.0,0.7770729353784321,307.39874341098164,R,binocular,2,2
PV_143,001,PV_143_block_001,PV_143_001_1080789_R,1080788.95,1080822.25,1.6115764520195268,155.23881865681892,R,binocular,2,2
PV_143,001,PV_143_block_001,PV_143_001_1096923_R,1096922.8,1096989.4,6.0593678102504995,293.50104160680223,R,binocular,2,2
PV_143,001,PV_143_block_001,PV_143_001_1112724_R,1112723.65,1112773.6,10.189276269466337,130.66672087123177,R,binocular,2,2
PV_143,001,PV_143_block_001,PV_143_001_1147988_R,1147988.35,1148088.25,9.15692995046553,67.56832027519646,R,binocular,2,2
PV_143,001,PV_143_block_001,PV_143_001_1165488_R,1165487.5,1165604.05,14.494567395991776,314.18057716354434,R,binocular,2,2
PV_143,001,PV_143_block_001,PV_143_001_1186600_L,1186599.7,1186682.95,5.886559602602947,17.527253568689414,L,binocular,2,2
PV_143,001,PV_143_block_001,PV_143_001_102252_L,102251.8,102285.1,1.4253174831862923,166.89870723327869,L,monocular,1,1
PV_143,001,PV_143_block_001,PV_143_001_212558_L,212558.05,212574.7,0.5647827949011522,273.3128367574607,L,monocular,1,1
PV_143,001,PV_143_block_001,PV_143_001_328359_L,328358.8,328392.1,2.218424563226062,353.5936003817639,L,monocular,1,1
PV_143,001,PV_143_block_001,PV_143_001_361392_L,361392.4,361409.05,1.8087065629938992,177.5483414714523,L,monocular,1,1
PV_143,001,PV_143_block_001,PV_143_001_410110_L,410110.3,410126.95,0.7209064613013249,157.9898906020111,L,monocular,1,1
PV_143,001,PV_143_block_001,PV_143_001_456530_L,456530.5,456580.45,,,L,monocular,1,1
PV_143,001,PV_143_block_001,PV_143_001_468502_L,468501.85,468518.5,0.6192213446878938,24.872494762551902,L,monocular,1,1
PV_143,001,PV_143_block_001,PV_143_001_491729_L,491728.6,491761.9,1.1858968483050893,207.06238640278852,L,monocular,1,1
PV_143,001,PV_143_block_001,PV_143_001_608645_L,608644.9,608661.55,0.5531804822049399,305.4161271216148,L,monocular,1,1
PV_143,001,PV_143_block_001,PV_143_001_609977_L,609976.9,610010.2,1.222788229927167,323.89986618726783,L,monocular,1,1
PV_143,001,PV_143_block_001,PV_143_001_660743_L,660742.75,660776.05,1.481934077621694,346.7350008416272,L,monocular,1,1
PV_143,001,PV_143_block_001,PV_143_001_661192_L,661192.3,661208.95,1.41863196914761,345.5605253341931,L,monocular,1,1
PV_143,001,PV_143_block_001,PV_143_001_661209_L,661208.95,661225.6,1.4557665291505322,165.51853613578876,L,monocular,1,1
PV_143,001,PV_143_block_001,PV_143_001_666753_L,666753.4,666770.05,0.7736815180218626,207.4827356953629,L,monocular,1,1
PV_143,001,PV_143_block_001,PV_143_001_686517_L,686516.95,686533.6,0.6874927951388469,5.728356653975826,L,monocular,1,1
PV_143,001,PV_143_block_001,PV_143_001_708362_L,708361.75,708395.05,,,L,monocular,1,1
PV_143,001,PV_143_block_001,PV_143_001_732138_L,732137.95,732187.9,3.9212017159888495,297.4874047433639,L,monocular,1,1
PV_143,001,PV_143_block_001,PV_143_001_732205_L,732204.55,732221.2,4.05599891819943,293.90010876864585,L,monocular,1,1
PV_143,001,PV_143_block_001,PV_143_001_732271_L,732271.15,732287.8,0.7224827781321872,272.02870337832604,L,monocular,1,1
PV_143,001,PV_143_block_001,PV_143_001_737233_L,737232.85,737266.15,1.8691410555236994,163.56473443903627,L,monocular,1,1
PV_143,001,PV_143_block_001,PV_143_001_757646_L,757645.75,757662.4,2.67746731393668,112.07618599945448,L,monocular,1,1
PV_143,001,PV_143_block_001,PV_143_001_763507_L,763506.55,763523.2,0.5002505739268439,289.8822048268448,L,monocular,1,1
PV_143,001,PV_143_block_001,PV_143_001_763773_L,763772.95,763789.6,,,L,monocular,1,1
PV_143,001,PV_143_block_001,PV_143_001_772581_L,772580.8,772614.1,1.5728839885521049,292.07172272593937,L,monocular,1,1
PV_143,001,PV_143_block_001,PV_143_001_779857_L,779856.85,779873.5,1.935804568675299,291.89070564937066,L,monocular,1,1
PV_143,001,PV_143_block_001,PV_143_001_779923_L,779923.45,779940.1,0.6518790078939923,38.881496661695785,L,monocular,1,1
PV_143,001,PV_143_block_001,PV_143_001_779990_L,779990.05,780006.7,10.236258028910608,233.56967311180586,L,monocular,1,1
PV_143,001,PV_143_block_001,PV_143_001_780007_L,780006.7,780023.35,0.7318128699106254,103.6022597754808,L,monocular,1,1
PV_143,001,PV_143_block_001,PV_143_001_780040_L,780040.0,780056.65,0.5051613266136932,128.6416207498959,L,monocular,1,1
PV_143,001,PV_143_block_001,PV_143_001_780073_L,780073.3,780106.6,,,L,monocular,1,1
PV_143,001,PV_143_block_001,PV_143_001_789114_L,789114.25,789130.9,0.5109027559942579,271.76405571232965,L,monocular,1,1
PV_143,001,PV_143_block_001,PV_143_001_789214_L,789214.15,789230.8,2.6010880718903433,293.4775071647667,L,monocular,1,1
PV_143,001,PV_143_block_001,PV_143_001_799437_L,799437.25,799470.55,2.927453725537046,300.34291517880206,L,monocular,1,1
PV_143,001,PV_143_block_001,PV_143_001_802001_L,802001.35,802034.65,3.5456184765301098,120.72060549785341,L,monocular,1,1
PV_143,001,PV_143_block_001,PV_143_001_802051_L,802051.3,802084.6,0.878183229588538,328.41866513403045,L,monocular,1,1
PV_143,001,PV_143_block_001,PV_143_001_802318_L,802317.7,802334.35,0.5206086339376113,128.94027500577025,L,monocular,1,1
PV_143,001,PV_143_block_001,PV_143_001_811142_L,811142.2,811158.85,3.018559055048861,121.28716258442009,L,monocular,1,1
PV_143,001,PV_143_block_001,PV_143_001_811425_L,811425.25,811441.9,1.1789251697483,271.66406477179555,L,monocular,1,1
PV_143,001,PV_143_block_001,PV_143_001_811442_L,811441.9,811458.55,0.9384262220115827,113.18412045521787,L,monocular,1,1
PV_143,001,PV_143_block_001,PV_143_001_814572_L,814572.1,814588.75,2.9363728639204894,299.81910102845785,L,monocular,1,1
PV_143,001,PV_143_block_001,PV_143_001_814689_L,814688.65,814705.3,3.1993133004729373,301.01738276909475,L,monocular,1,1
PV_143,001,PV_143_block_001,PV_143_001_825162_L,825161.5,825194.8,1.5731018251056408,25.604938671829533,L,monocular,1,1
PV_143,001,PV_143_block_001,PV_143_001_825295_L,825294.7,825328.0,1.3588680682330012,232.43031886982027,L,monocular,1,1
PV_143,001,PV_143_block_001,PV_143_001_909877_L,909876.7,909910.0,1.2997303724084965,311.7486189625546,L,monocular,1,1
PV_143,001,PV_143_block_001,PV_143_001_911891_L,911891.35,911941.3,2.592128944256293,120.74427711260684,L,monocular,1,1
PV_143,001,PV_143_block_001,PV_143_001_925228_L,925228.0,925261.3,4.997005559537844,305.3129021268068,L,monocular,1,1
PV_143,001,PV_143_block_001,PV_143_001_925261_L,925261.3,925277.95,1.210379634365276,95.4941720137053,L,monocular,1,1
PV_143,001,PV_143_block_001,PV_143_001_925361_L,925361.2,925377.85,1.6236606278032983,353.1664896248606,L,monocular,1,1
PV_143,001,PV_143_block_001,PV_143_001_925378_L,925377.85,925411.15,1.3691796190737868,146.012588838004,L,monocular,1,1
PV_143,001,PV_143_block_001,PV_143_001_925461_L,925461.1,925477.75,0.6913087808201448,78.83678956208098,L,monocular,1,1
PV_143,001,PV_143_block_001,PV_143_001_937349_L,937349.2,937365.85,,,L,monocular,1,1
PV_143,001,PV_143_block_001,PV_143_001_944342_L,944342.2,944358.85,0.934630175193702,314.7495433033133,L,monocular,1,1
PV_143,001,PV_143_block_001,PV_143_001_944359_L,944358.85,944375.5,0.6957429605640991,124.88990276586718,L,monocular,1,1
PV_143,001,PV_143_block_001,PV_143_001_956280_L,956280.25,956296.9,0.600029449305568,103.23000912099332,L,monocular,1,1
PV_143,001,PV_143_block_001,PV_143_001_959477_L,959477.05,959493.7,2.1526439680212404,122.8139502460476,L,monocular,1,1
PV_143,001,PV_143_block_001,PV_143_001_959494_L,959493.7,959527.0,1.4740755470673683,294.03816380846644,L,monocular,1,1
PV_143,001,PV_143_block_001,PV_143_001_967286_L,967285.9,967302.55,0.5207184659933398,177.65109320782355,L,monocular,1,1
PV_143,001,PV_143_block_001,PV_143_001_1020533_L,1020532.6,1020549.25,0.5237297132595283,288.4819690328784,L,monocular,1,1
PV_143,001,PV_143_block_001,PV_143_001_1049737_L,1049736.7,1049803.3,6.954712640002448,286.69275616398477,L,monocular,1,1
PV_143,001,PV_143_block_001,PV_143_001_1063323_L,1063323.1,1063423.0,11.936831247873354,265.9235810897749,L,monocular,1,1
PV_143,001,PV_143_block_001,PV_143_001_1091678_L,1091678.05,1091711.35,1.4561339572354313,123.88767013807089,L,monocular,1,1
PV_143,001,PV_143_block_001,PV_143_001_1091845_L,1091844.55,1091861.2,2.592793149353218,117.39279357004875,L,monocular,1,1
PV_143,001,PV_143_block_001,PV_143_001_1091861_L,1091861.2,1091877.85,1.9523100438102106,288.25465642680257,L,monocular,1,1
PV_143,001,PV_143_block_001,PV_143_001_1096240_L,1096240.15,1096306.75,3.3011138182010393,305.94983430448906,L,monocular,1,1
PV_143,001,PV_143_block_001,PV_143_001_1096323_L,1096323.4,1096356.7,1.8252132163005725,285.55393599738284,L,monocular,1,1
PV_143,001,PV_143_block_001,PV_143_001_1100086_L,1100086.3,1100102.95,0.6432969788061631,128.2705720947049,L,monocular,1,1
PV_143,001,PV_143_block_001,PV_143_001_1100203_L,1100202.85,1100219.5,0.5097605451183137,146.72207493631257,L,monocular,1,1
PV_143,001,PV_143_block_001,PV_143_001_1105298_L,1105297.75,1105314.4,0.6820944896296195,290.5318194186549,L,monocular,1,1
PV_143,001,PV_143_block_001,PV_143_001_1123463_L,1123462.9,1123496.2,2.749336267017131,117.12920296588547,L,monocular,1,1
PV_143,001,PV_143_block_001,PV_143_001_1123596_L,1123596.1,1123612.75,,,L,monocular,1,1
PV_143,001,PV_143_block_001,PV_143_001_1123729_L,1123729.3,1123745.95,1.7702757049657458,137.1304169272985,L,monocular,1,1
PV_143,001,PV_143_block_001,PV_143_001_1128991_L,1128990.7,1129007.35,0.7040651616099769,305.8080206619401,L,monocular,1,1
PV_143,001,PV_143_block_001,PV_143_001_1160459_L,1160459.2,1160475.85,1.2813194599844393,281.77458257243387,L,monocular,1,1
PV_143,001,PV_143_block_001,PV_143_001_1160476_L,1160475.85,1160492.5,1.3164529307858734,103.15452851922535,L,monocular,1,1
PV_143,001,PV_143_block_001,PV_143_001_1160492_L,1160492.5,1160509.15,1.1171736213158592,289.10824705000937,L,monocular,1,1
PV_143,001,PV_143_block_001,PV_143_001_1160509_L,1160509.15,1160525.8,1.2508222205338921,111.84932366044274,L,monocular,1,1
PV_143,001,PV_143_block_001,PV_143_001_1160809_L,1160808.85,1160825.5,0.6318711657282781,279.23002090955504,L,monocular,1,1
PV_143,001,PV_143_block_001,PV_143_001_1165321_L,1165321.0,1165337.65,1.7017483877134552,124.50737414740702,L,monocular,1,1
PV_143,001,PV_143_block_001,PV_143_001_1182204_L,1182204.1,1182254.05,2.614475949710006,221.77218254952717,L,monocular,1,1
PV_143,001,PV_143_block_001,PV_143_001_52801_R,52801.3,52817.95,3.5918360169099586,184.65499755164234,R,monocular,1,1
PV_143,001,PV_143_block_001,PV_143_001_52818_R,52817.95,52851.25,,,R,monocular,1,1
PV_143,001,PV_143_block_001,PV_143_001_130790_R,130789.9,130806.55,0.5579351218817008,62.692739415010244,R,monocular,1,1
PV_143,001,PV_143_block_001,PV_143_001_142661_R,142661.35,142678.0,1.0687679097597391,347.13269031353735,R,monocular,1,1
PV_143,001,PV_143_block_001,PV_143_001_154766_R,154765.9,154865.8,7.008708365832446,329.36891364186243,R,monocular,1,1
PV_143,001,PV_143_block_001,PV_143_001_173197_R,173197.45,173230.75,6.036895276306514,202.56987693097884,R,monocular,1,1
PV_143,001,PV_143_block_001,PV_143_001_173231_R,173230.75,173247.4,1.9786630158458,327.3961389507131,R,monocular,1,1
PV_143,001,PV_143_block_001,PV_143_001_173247_R,173247.4,173280.7,4.753410823859135,191.31811821971777,R,monocular,1,1
PV_143,001,PV_143_block_001,PV_143_001_173281_R,173280.7,173297.35,2.5676304107998473,25.738042619603068,R,monocular,1,1
PV_143,001,PV_143_block_001,PV_143_001_202135_R,202135.15,202168.45,1.5373804101378377,347.8964302670158,R,monocular,1,1
PV_143,001,PV_143_block_001,PV_143_001_230856_R,230856.4,230873.05,2.614707265808988,167.8363068302348,R,monocular,1,1
PV_143,001,PV_143_block_001,PV_143_001_230873_R,230873.05,230889.7,2.7282290252481953,355.38503475239395,R,monocular,1,1
PV_143,001,PV_143_block_001,PV_143_001_262591_R,262591.3,262607.95,0.5549996155445763,32.36691748657055,R,monocular,1,1
PV_143,001,PV_143_block_001,PV_143_001_280457_R,280456.75,280473.4,0.6716774512804365,328.93992021575355,R,monocular,1,1
PV_143,001,PV_143_block_001,PV_143_001_287400_R,287399.8,287416.45,0.6360327828724434,315.59005000141497,R,monocular,1,1
PV_143,001,PV_143_block_001,PV_143_001_319568_R,319567.6,319634.2,9.41008463173878,344.6059984774385,R,monocular,1,1
PV_143,001,PV_143_block_001,PV_143_001_327943_R,327942.55,327975.85,1.4232199194484034,344.38951706460244,R,monocular,1,1
PV_143,001,PV_143_block_001,PV_143_001_358978_R,358978.15,359011.45,,,R,monocular,1,1
PV_143,001,PV_143_block_001,PV_143_001_359061_R,359061.4,359128.0,8.682605168093815,13.309682384443883,R,monocular,1,1
PV_143,001,PV_143_block_001,PV_143_001_359211_R,359211.25,359261.2,5.837516163648067,62.35003333211935,R,monocular,1,1
PV_143,001,PV_143_block_001,PV_143_001_439115_R,439114.6,439164.55,3.103348874180511,18.994598734700645,R,monocular,1,1
PV_143,001,PV_143_block_001,PV_143_001_444759_R,444758.95,444775.6,0.7276873091128641,164.16595405562484,R,monocular,1,1
PV_143,001,PV_143_block_001,PV_143_001_456564_R,456563.8,456580.45,2.286620667813563,22.886608480678415,R,monocular,1,1
PV_143,001,PV_143_block_001,PV_143_001_456580_R,456580.45,456597.1,1.7373332362299756,212.5418160597369,R,monocular,1,1
PV_143,001,PV_143_block_001,PV_143_001_456597_R,456597.1,456613.75,1.3390876063877577,86.38940247561109,R,monocular,1,1
PV_143,001,PV_143_block_001,PV_143_001_456614_R,456613.75,456647.05,4.109509439822159,218.44771167638254,R,monocular,1,1
PV_143,001,PV_143_block_001,PV_143_001_547723_R,547722.55,547772.5,5.215845429003536,214.160734611521,R,monocular,1,1
PV_143,001,PV_143_block_001,PV_143_001_579757_R,579757.15,579790.45,8.735910440335998,207.3451698071347,R,monocular,1,1
PV_143,001,PV_143_block_001,PV_143_001_579890_R,579890.35,579923.65,2.9041502668175587,33.5855386899601,R,monocular,1,1
PV_143,001,PV_143_block_001,PV_143_001_589198_R,589197.7,589231.0,2.239404781926208,2.075434662555678,R,monocular,1,1
PV_143,001,PV_143_block_001,PV_143_001_589264_R,589264.3,589280.95,0.7395280757047258,14.162324207206018,R,monocular,1,1
PV_143,001,PV_143_block_001,PV_143_001_683254_R,683253.55,683270.2,1.10438403148556,153.59854105815353,R,monocular,1,1
PV_143,001,PV_143_block_001,PV_143_001_729491_R,729490.6,729540.55,2.9091070092531,151.46896780146042,R,monocular,1,1
PV_143,001,PV_143_block_001,PV_143_001_730073_R,730073.35,730123.3,5.392658602120471,151.219484223557,R,monocular,1,1
PV_143,001,PV_143_block_001,PV_143_001_746507_R,746506.9,746556.85,,,R,monocular,1,1
PV_143,001,PV_143_block_001,PV_143_001_746623_R,746623.45,746656.75,1.446388205138943,325.95724317053487,R,monocular,1,1
PV_143,001,PV_143_block_001,PV_143_001_766787_R,766786.6,766836.55,2.630551673362932,341.5794156206551,R,monocular,1,1
PV_143,001,PV_143_block_001,PV_143_001_804599_R,804598.75,804648.7,2.947441954033887,308.08332672541303,R,monocular,1,1
PV_143,001,PV_143_block_001,PV_143_001_828508_R,828508.15,828524.8,0.614227149796551,310.7739797264755,R,monocular,1,1
PV_143,001,PV_143_block_001,PV_143_001_868635_R,868634.65,868667.95,10.082301600326833,150.57670376771742,R,monocular,1,1
PV_143,001,PV_143_block_001,PV_143_001_868668_R,868667.95,868684.6,2.521516597687961,43.434983993565915,R,monocular,1,1
PV_143,001,PV_143_block_001,PV_143_001_868685_R,868684.6,868701.25,1.4233237368663556,194.31139521382755,R,monocular,1,1
PV_143,001,PV_143_block_001,PV_143_001_868701_R,868701.25,868751.2,9.241782354808246,313.89854029372725,R,monocular,1,1
PV_143,001,PV_143_block_001,PV_143_001_895108_R,895108.15,895158.1,7.43827343496584,139.98361612451404,R,monocular,1,1
PV_143,001,PV_143_block_001,PV_143_001_925861_R,925860.7,925877.35,0.6049836653138277,128.76181889248005,R,monocular,1,1
PV_143,001,PV_143_block_001,PV_143_001_933636_R,933636.25,933652.9,0.5260507924439969,323.19425492333846,R,monocular,1,1
PV_143,001,PV_143_block_001,PV_143_001_945042_R,945041.5,945074.8,2.4067710154213,137.15963401124228,R,monocular,1,1
PV_143,001,PV_143_block_001,PV_143_001_966337_R,966336.85,966536.65,27.336712975471173,74.61692331099006,R,monocular,1,1
PV_143,001,PV_143_block_001,PV_143_001_966986_R,966986.2,967036.15,7.403619802133726,172.8981246646219,R,monocular,1,1
PV_143,001,PV_143_block_001,PV_143_001_971948_R,971947.9,972031.15,16.798357300453954,256.0776118316971,R,monocular,1,1
PV_143,001,PV_143_block_001,PV_143_001_972114_R,972114.4,972131.05,0.7879740270594143,351.96034496386795,R,monocular,1,1
PV_143,001,PV_143_block_001,PV_143_001_972148_R,972147.7,972164.35,0.6154435435061514,340.5347493332792,R,monocular,1,1
PV_143,001,PV_143_block_001,PV_143_001_998871_R,998870.95,998887.6,0.5957364251858103,242.75635630490171,R,monocular,1,1
PV_143,001,PV_143_block_001,PV_143_001_1006713_R,1006713.1,1006729.75,0.5132912039482456,83.76946832769642,R,monocular,1,1
PV_143,001,PV_143_block_001,PV_143_001_1021082_R,1021082.05,1021115.35,,,R,monocular,1,1
PV_143,001,PV_143_block_001,PV_143_001_1021149_R,1021148.65,1021181.95,1.521734485217954,313.48112915641354,R,monocular,1,1
PV_143,001,PV_143_block_001,PV_143_001_1075761_R,1075760.65,1075810.6,2.5952804310656754,320.1580367993764,R,monocular,1,1
PV_143,001,PV_143_block_001,PV_143_001_1088148_R,1088148.25,1088181.55,1.1515503605591182,161.18233393904964,R,monocular,1,1
PV_143,001,PV_143_block_001,PV_143_001_1093443_R,1093442.95,1093526.2,6.201841144758921,133.26990255493277,R,monocular,1,1
PV_143,001,PV_143_block_001,PV_143_001_1110676_R,1110675.7,1110709.0,1.0653558622368355,218.03192871293425,R,monocular,1,1
PV_143,001,PV_143_block_001,PV_143_001_1136566_R,1136566.45,1136583.1,6.827409913561158,205.600321296026,R,monocular,1,1
PV_143,001,PV_143_block_001,PV_143_001_1218368_R,1218367.9,1218401.2,1.2048388998462074,140.321609216054,R,monocular,1,1
PV_143,002,PV_143_block_002,PV_143_002_31520_R,31519.55,31586.15,4.342641400313298,345.7940750496049,R,binocular,2,2
PV_143,002,PV_143_block_002,PV_143_002_36132_L,36131.6,36214.85,6.854343882341075,15.28501431319716,L,binocular,2,2
PV_143,002,PV_143_block_002,PV_143_002_42176_R,42175.55,42208.85,1.1173112488507615,303.23026508168726,R,binocular,2,2
PV_143,002,PV_143_block_002,PV_143_002_42259_R,42258.8,42308.75,2.7212048083380314,0.9311196199885362,R,binocular,2,2
PV_143,002,PV_143_block_002,PV_143_002_48419_R,48419.3,48552.5,12.302051689848609,157.76291477904346,R,binocular,2,2
PV_143,002,PV_143_block_002,PV_143_002_76341_L,76341.35,76424.6,11.076968253135064,215.03479827247236,L,binocular,2,2
PV_143,002,PV_143_block_002,PV_143_002_87946_R,87946.4,88062.95,9.013872321283577,152.39057513539728,R,binocular,2,2
PV_143,002,PV_143_block_002,PV_143_002_108060_R,108059.6,108092.9,1.5257428527826014,169.36903949026367,R,binocular,2,2
PV_143,002,PV_143_block_002,PV_143_002_273294_R,273294.2,273394.1,8.832150377485322,318.8146122355962,R,binocular,2,2
PV_143,002,PV_143_block_002,PV_143_002_286364_R,286364.45,286431.05,3.8560743108039297,333.04764462388994,R,binocular,2,2
PV_143,002,PV_143_block_002,PV_143_002_302365_L,302365.1,302415.05,1.9758211556401748,45.23184044566386,L,binocular,2,2
PV_143,002,PV_143_block_002,PV_143_002_313421_R,313420.7,313503.95,6.593945346299759,145.8042506101134,R,binocular,2,2
PV_143,002,PV_143_block_002,PV_143_002_321396_L,321396.05,321462.65,7.646310946464294,205.2209889276723,L,binocular,2,2
PV_143,002,PV_143_block_002,PV_143_002_321496_R,321495.95,321545.9,3.4171665380664558,350.1824177751159,R,binocular,2,2
PV_143,002,PV_143_block_002,PV_143_002_325209_R,325208.9,325242.2,1.981713088911528,101.06305264389525,R,binocular,2,2
PV_143,002,PV_143_block_002,PV_143_002_325292_R,325292.15,325375.4,9.414196426676176,16.63434651367666,R,binocular,2,2
PV_143,002,PV_143_block_002,PV_143_002_333018_R,333017.75,333084.35,5.552252420428335,150.92725007775363,R,binocular,2,2
PV_143,002,PV_143_block_002,PV_143_002_340277_R,340277.15,340360.4,6.062707093878194,1.70304124580177,R,binocular,2,2
PV_143,002,PV_143_block_002,PV_143_002_342275_R,342275.15,342325.1,4.193831545604596,348.88655207642825,R,binocular,2,2
PV_143,002,PV_143_block_002,PV_143_002_343124_R,343124.3,343174.25,3.5686445315842756,185.7070411738482,R,binocular,2,2
PV_143,002,PV_143_block_002,PV_143_002_347287_L,347286.8,347336.75,3.6525568888418523,44.09847107053753,L,binocular,2,2
PV_143,002,PV_143_block_002,PV_143_002_363254_R,363254.15,363287.45,1.7789709398659241,336.98872715758114,R,binocular,2,2
PV_143,002,PV_143_block_002,PV_143_002_367500_R,367499.9,367583.15,4.368637190673723,173.37184054200858,R,binocular,2,2
PV_143,002,PV_143_block_002,PV_143_002_372428_L,372428.3,372494.9,9.98800634085482,0.9777233891731741,L,binocular,2,2
PV_143,002,PV_143_block_002,PV_143_002_374676_L,374676.05,374742.65,3.6621163879057606,196.7367159494164,L,binocular,2,2
PV_143,002,PV_143_block_002,PV_143_002_378489_R,378488.9,378505.55,0.7181255736946938,179.54475359341006,R,binocular,2,2
PV_143,002,PV_143_block_002,PV_143_002_409208_L,409208.15,409258.1,,,L,binocular,2,2
PV_143,002,PV_143_block_002,PV_143_002_420430_L,420430.25,420480.2,4.609930861040785,45.718117489165735,L,binocular,2,2
PV_143,002,PV_143_block_002,PV_143_002_423644_R,423643.7,423693.65,3.8597831694890767,308.4091037238881,R,binocular,2,2
PV_143,002,PV_143_block_002,PV_143_002_427290_L,427290.05,427340.0,5.993866101450092,31.1682497945416,L,binocular,2,2
PV_143,002,PV_143_block_002,PV_143_002_435498_L,435498.5,435548.45,3.9449095912388383,5.814314856146115,L,binocular,2,2
PV_143,002,PV_143_block_002,PV_143_002_436747_L,436747.25,436797.2,8.621440079431597,349.85835606905573,L,binocular,2,2
PV_143,002,PV_143_block_002,PV_143_002_440244_L,440243.75,440277.05,3.155410448814095,182.43277942948606,L,binocular,2,2
PV_143,002,PV_143_block_002,PV_143_002_452498_L,452498.15,452564.75,6.207181587664586,220.95070071615186,L,binocular,2,2
PV_143,002,PV_143_block_002,PV_143_002_461822_L,461822.15,461872.1,2.7558322419329317,188.96780226019766,L,binocular,2,2
PV_143,002,PV_143_block_002,PV_143_002_478206_L,478205.75,478305.65,16.633797665835964,30.94373948128159,L,binocular,2,2
PV_143,002,PV_143_block_002,PV_143_002_493840_L,493840.1,493906.7,4.046003650226617,31.793007014575174,L,binocular,2,2
PV_143,002,PV_143_block_002,PV_143_002_500051_R,500050.55,500133.8,4.847169970536268,93.30274629004221,R,binocular,2,2
PV_143,002,PV_143_block_002,PV_143_002_501083_R,501082.85,501149.45,5.716965930111441,323.4779094762737,R,binocular,2,2
PV_143,002,PV_143_block_002,PV_143_002_506994_L,506993.6,507076.85,4.898403991696117,165.98230179737845,L,binocular,2,2
PV_143,002,PV_143_block_002,PV_143_002_513104_L,513104.15,513170.75,3.0904855439241135,225.7243008681718,L,binocular,2,2
PV_143,002,PV_143_block_002,PV_143_002_549718_R,549717.5,549834.05,7.381921349079842,128.72786028837774,R,binocular,2,2
PV_143,002,PV_143_block_002,PV_143_002_565518_L,565518.35,565634.9,11.403629028697924,29.31547968692138,L,binocular,2,2
PV_143,002,PV_143_block_002,PV_143_002_577889_R,577889.3,577972.55,6.584638988472833,130.18817350613688,R,binocular,2,2
PV_143,002,PV_143_block_002,PV_143_002_581952_L,581951.9,582051.8,8.662908088970243,214.3254746478245,L,binocular,2,2
PV_143,002,PV_143_block_002,PV_143_002_595222_L,595221.95,595288.55,5.583763623017248,14.208384120180956,L,binocular,2,2
PV_143,002,PV_143_block_002,PV_143_002_742808_R,742807.55,742857.5,3.6436635912981816,100.9847840041964,R,binocular,2,2
PV_143,002,PV_143_block_002,PV_143_002_742874_L,742874.15,742957.4,3.590370572519752,258.14460277868125,L,binocular,2,2
PV_143,002,PV_143_block_002,PV_143_002_789244_R,789244.4,789294.35,1.8080560525239022,242.93584545361585,R,binocular,2,2
PV_143,002,PV_143_block_002,PV_143_002_812371_R,812371.25,812421.2,5.950358503998275,139.17902596707776,R,binocular,2,2
PV_143,002,PV_143_block_002,PV_143_002_836630_R,836630.3,836680.25,1.4789365335604627,289.00370263224346,R,binocular,2,2
PV_143,002,PV_143_block_002,PV_143_002_837280_R,837279.65,837429.5,11.182979281963224,284.4415143980067,R,binocular,2,2
PV_143,002,PV_143_block_002,PV_143_002_837446_L,837446.15,837512.75,4.597877529151571,112.37105467711237,L,binocular,2,2
PV_143,002,PV_143_block_002,PV_143_002_847819_R,847819.1,847985.6,14.408394958729378,132.1438656905235,R,binocular,2,2
PV_143,002,PV_143_block_002,PV_143_002_847986_L,847985.6,848035.55,3.773450659854153,119.08727503780034,L,binocular,2,2
PV_143,002,PV_143_block_002,PV_143_002_848086_R,848085.5,848118.8,0.7105250906130076,239.42720651629003,R,binocular,2,2
PV_143,002,PV_143_block_002,PV_143_002_848152_L,848152.1,848185.4,1.619141490505472,269.0195089262822,L,binocular,2,2
PV_143,002,PV_143_block_002,PV_143_002_850799_R,850799.45,850832.75,13.602717352291652,202.39838173570848,R,binocular,2,2
PV_143,002,PV_143_block_002,PV_143_002_850833_L,850832.75,850899.35,9.609906661631154,261.3562960993837,L,binocular,2,2
PV_143,002,PV_143_block_002,PV_143_002_850883_R,850882.7,850982.6,9.710127467216683,330.1475133000967,R,binocular,2,2
PV_143,002,PV_143_block_002,PV_143_002_861605_R,861605.3,861638.6,2.5250037072782017,323.39685711494496,R,binocular,2,2
PV_143,002,PV_143_block_002,PV_143_002_861639_L,861638.6,861688.55,4.067657256694356,12.35282046216063,L,binocular,2,2
PV_143,002,PV_143_block_002,PV_143_002_863503_R,863503.4,863636.6,9.31381885654741,332.02356751041873,R,binocular,2,2
PV_143,002,PV_143_block_002,PV_143_002_867866_L,867865.7,867932.3,,,L,binocular,2,2
PV_143,002,PV_143_block_002,PV_143_002_867999_L,867998.9,868048.85,2.6289062786956165,248.81983715372272,L,binocular,2,2
PV_143,002,PV_143_block_002,PV_143_002_922161_L,922161.35,922277.9,13.599159781795011,32.36009350566506,L,binocular,2,2
PV_143,002,PV_143_block_002,PV_143_002_922411_R,922411.1,922444.4,1.5016810054589989,337.0940523508979,R,binocular,2,2
PV_143,002,PV_143_block_002,PV_143_002_930769_R,930769.4,930819.35,4.681206063562887,111.1996437605734,R,binocular,2,2
PV_143,002,PV_143_block_002,PV_143_002_957676_L,957675.8,957725.75,5.083038793309331,36.899343447783906,L,binocular,2,2
PV_143,002,PV_143_block_002,PV_143_002_1033833_R,1033832.9,1033899.5,6.557585080242892,166.17575195788592,R,binocular,2,2
PV_143,002,PV_143_block_002,PV_143_002_1120763_L,1120762.55,1120829.15,4.69926628007323,36.915453602558664,L,binocular,2,2
PV_143,002,PV_143_block_002,PV_143_002_1297203_L,1297202.6,1297285.85,7.401660935571884,238.30875677240454,L,binocular,2,2
PV_143,002,PV_143_block_002,PV_143_002_99368_L,99368.3,99384.95,3.012474983136554,114.93890996547071,L,monocular,1,1
PV_143,002,PV_143_block_002,PV_143_002_108160_L,108159.5,108192.8,1.3834262452472617,167.5995774445287,L,monocular,1,1
PV_143,002,PV_143_block_002,PV_143_002_124010_L,124010.3,124026.95,2.6349246014304835,293.45315019318485,L,monocular,1,1
PV_143,002,PV_143_block_002,PV_143_002_127873_L,127873.1,127889.75,0.7583148064335005,14.135499179921197,L,monocular,1,1
PV_143,002,PV_143_block_002,PV_143_002_128572_L,128572.4,128589.05,0.502791514019678,157.30363431152412,L,monocular,1,1
PV_143,002,PV_143_block_002,PV_143_002_145572_L,145572.05,145605.35,2.7517621197377293,298.40343633485156,L,monocular,1,1
PV_143,002,PV_143_block_002,PV_143_002_146255_L,146254.7,146271.35,0.5589424824392822,21.110013324582532,L,monocular,1,1
PV_143,002,PV_143_block_002,PV_143_002_146288_L,146288.0,146337.95,4.4223581116171795,52.53870465873187,L,monocular,1,1
PV_143,002,PV_143_block_002,PV_143_002_147437_L,147436.85,147453.5,0.7515275098993993,109.063633450332,L,monocular,1,1
PV_143,002,PV_143_block_002,PV_143_002_147603_L,147603.35,147620.0,0.5262511367158791,116.99156391497746,L,monocular,1,1
PV_143,002,PV_143_block_002,PV_143_002_166368_L,166367.9,166384.55,0.722138544417599,338.61729333180483,L,monocular,1,1
PV_143,002,PV_143_block_002,PV_143_002_169432_L,169431.5,169464.8,1.7427174335392275,121.41369301141135,L,monocular,1,1
PV_143,002,PV_143_block_002,PV_143_002_189278_L,189278.3,189294.95,0.6270665996045119,297.7528393465042,L,monocular,1,1
PV_143,002,PV_143_block_002,PV_143_002_253464_L,253464.05,253497.35,1.9755564788942923,244.93916061706136,L,monocular,1,1
PV_143,002,PV_143_block_002,PV_143_002_293357_L,293357.45,293407.4,,,L,monocular,1,1
PV_143,002,PV_143_block_002,PV_143_002_293441_L,293440.7,293490.65,3.376811038001993,47.3297473039788,L,monocular,1,1
PV_143,002,PV_143_block_002,PV_143_002_405379_L,405378.65,405411.95,1.7204738613193233,152.85066680678284,L,monocular,1,1
PV_143,002,PV_143_block_002,PV_143_002_414852_L,414852.5,414885.8,1.3250193488016713,353.80639360218044,L,monocular,1,1
PV_143,002,PV_143_block_002,PV_143_002_423777_L,423776.9,423793.55,0.6289801177366583,202.38127618068208,L,monocular,1,1
PV_143,002,PV_143_block_002,PV_143_002_431869_L,431868.8,431885.45,0.5647548248736651,194.46166476898009,L,monocular,1,1
PV_143,002,PV_143_block_002,PV_143_002_436830_L,436830.5,436863.8,1.7147266322230337,183.3623338880553,L,monocular,1,1
PV_143,002,PV_143_block_002,PV_143_002_438262_L,438262.4,438279.05,0.6097593456825892,188.22404837375356,L,monocular,1,1
PV_143,002,PV_143_block_002,PV_143_002_500150_L,500150.45,500183.75,1.5824636265070708,74.55913528773534,L,monocular,1,1
PV_143,002,PV_143_block_002,PV_143_002_516268_L,516267.65,516317.6,3.492209489524425,252.94393978469674,L,monocular,1,1
PV_143,002,PV_143_block_002,PV_143_002_546521_L,546520.7,546537.35,0.6045804551481707,332.26156602925965,L,monocular,1,1
PV_143,002,PV_143_block_002,PV_143_002_546554_L,546554.0,546570.65,0.5340168511743215,281.05184565452504,L,monocular,1,1
PV_143,002,PV_143_block_002,PV_143_002_546587_L,546587.3,546620.6,1.7024269651252897,307.46902098795886,L,monocular,1,1
PV_143,002,PV_143_block_002,PV_143_002_554246_L,554246.3,554262.95,5.773213363035499,257.1390102976007,L,monocular,1,1
PV_143,002,PV_143_block_002,PV_143_002_554429_L,554429.45,554446.1,5.715655480260454,257.25830497273785,L,monocular,1,1
PV_143,002,PV_143_block_002,PV_143_002_554446_L,554446.1,554462.75,5.6728107810927195,77.41961825418085,L,monocular,1,1
PV_143,002,PV_143_block_002,PV_143_002_554463_L,554462.75,554479.4,5.674140754837231,257.7533004404563,L,monocular,1,1
PV_143,002,PV_143_block_002,PV_143_002_554613_L,554612.6,554645.9,5.67124858931678,257.1062100381141,L,monocular,1,1
PV_143,002,PV_143_block_002,PV_143_002_560174_L,560173.7,560190.35,5.585357388635708,76.78930078783137,L,monocular,1,1
PV_143,002,PV_143_block_002,PV_143_002_564303_L,564302.9,564319.55,5.640424493949088,257.2199143133304,L,monocular,1,1
PV_143,002,PV_143_block_002,PV_143_002_564320_L,564319.55,564336.2,5.683385968244261,77.60134473011544,L,monocular,1,1
PV_143,002,PV_143_block_002,PV_143_002_564336_L,564336.2,564369.5,5.695095912723604,257.14941629148734,L,monocular,1,1
PV_143,002,PV_143_block_002,PV_143_002_577973_L,577972.55,577989.2,0.7005043114298711,130.54981528789926,L,monocular,1,1
PV_143,002,PV_143_block_002,PV_143_002_585815_L,585814.7,585848.0,2.867230005215071,120.27199193044032,L,monocular,1,1
PV_143,002,PV_143_block_002,PV_143_002_612222_L,612221.6,612238.25,,,L,monocular,1,1
PV_143,002,PV_143_block_002,PV_143_002_668648_L,668648.45,668698.4,3.7618765577591184,116.93380178433017,L,monocular,1,1
PV_143,002,PV_143_block_002,PV_143_002_720880_L,720879.5,720946.1,6.084524368288268,115.34637593960167,L,monocular,1,1
PV_143,002,PV_143_block_002,PV_143_002_721579_L,721578.8,721678.7,9.13827739943832,309.6020743261338,L,monocular,1,1
PV_143,002,PV_143_block_002,PV_143_002_721679_L,721678.7,721745.3,,,L,monocular,1,1
PV_143,002,PV_143_block_002,PV_143_002_721779_L,721778.6,721845.2,3.0188513397877896,165.7311388265084,L,monocular,1,1
PV_143,002,PV_143_block_002,PV_143_002_751216_L,751215.8,751232.45,0.6373374389851982,120.91498351177147,L,monocular,1,1
PV_143,002,PV_143_block_002,PV_143_002_751416_L,751415.6,751432.25,0.5432818646003152,117.68104354210324,L,monocular,1,1
PV_143,002,PV_143_block_002,PV_143_002_775908_L,775907.75,776074.25,20.62071903911267,87.69555028670673,L,monocular,1,1
PV_143,002,PV_143_block_002,PV_143_002_776624_L,776623.7,776640.35,1.1017958255414564,256.44477821992473,L,monocular,1,1
PV_143,002,PV_143_block_002,PV_143_002_776640_L,776640.35,776673.65,5.711918199860163,355.44552024180484,L,monocular,1,1
PV_143,002,PV_143_block_002,PV_143_002_776674_L,776673.65,776690.3,3.4423897846841878,257.2671369677725,L,monocular,1,1
PV_143,002,PV_143_block_002,PV_143_002_776690_L,776690.3,776723.6,,,L,monocular,1,1
PV_143,002,PV_143_block_002,PV_143_002_776757_L,776756.9,776806.85,3.317620989326641,116.86584929316835,L,monocular,1,1
PV_143,002,PV_143_block_002,PV_143_002_788812_L,788811.5,788828.15,0.6587176753411305,294.60009583973397,L,monocular,1,1
PV_143,002,PV_143_block_002,PV_143_002_788878_L,788878.1,788928.05,3.2271664903077455,289.1948054711936,L,monocular,1,1
PV_143,002,PV_143_block_002,PV_143_002_789311_L,789311.0,789360.95,4.8290339235007815,275.09679442556893,L,monocular,1,1
PV_143,002,PV_143_block_002,PV_143_002_797719_L,797719.25,797752.55,,,L,monocular,1,1
PV_143,002,PV_143_block_002,PV_143_002_797819_L,797819.15,797869.1,3.886382504428235,36.15113494988593,L,monocular,1,1
PV_143,002,PV_143_block_002,PV_143_002_797886_L,797885.75,797902.4,0.7547466115722887,147.1078801556728,L,monocular,1,1
PV_143,002,PV_143_block_002,PV_143_002_798468_L,798468.5,798485.15,0.7614456211853807,19.023547932397243,L,monocular,1,1
PV_143,002,PV_143_block_002,PV_143_002_812388_L,812387.9,812404.55,0.7509810918419192,275.2219570734952,L,monocular,1,1
PV_143,002,PV_143_block_002,PV_143_002_812504_L,812504.45,812521.1,0.7663520208759452,144.28759833727787,L,monocular,1,1
PV_143,002,PV_143_block_002,PV_143_002_830187_L,830186.75,830203.4,,,L,monocular,1,1
PV_143,002,PV_143_block_002,PV_143_002_830270_L,830270.0,830286.65,0.6769010229929485,286.7781227164161,L,monocular,1,1
PV_143,002,PV_143_block_002,PV_143_002_832701_L,832700.9,832717.55,0.6263654565709952,19.60615729165009,L,monocular,1,1
PV_143,002,PV_143_block_002,PV_143_002_833950_L,833949.65,833966.3,,,L,monocular,1,1
PV_143,002,PV_143_block_002,PV_143_002_836281_L,836280.65,836480.45,24.166683872970207,85.21947730224986,L,monocular,1,1
PV_143,002,PV_143_block_002,PV_143_002_837330_L,837329.6,837362.9,5.672956576555443,3.9164337207358257,L,monocular,1,1
PV_143,002,PV_143_block_002,PV_143_002_837363_L,837362.9,837412.85,,,L,monocular,1,1
PV_143,002,PV_143_block_002,PV_143_002_837563_L,837562.7,837612.65,2.1748102212648277,252.04595207741102,L,monocular,1,1
PV_143,002,PV_143_block_002,PV_143_002_847203_L,847203.05,847236.35,1.7486879430390876,107.85835053889949,L,monocular,1,1
PV_143,002,PV_143_block_002,PV_143_002_847852_L,847852.4,847952.3,,,L,monocular,1,1
PV_143,002,PV_143_block_002,PV_143_002_848119_L,848118.8,848135.45,0.5655683031361954,252.0392135763535,L,monocular,1,1
PV_143,002,PV_143_block_002,PV_143_002_850916_L,850916.0,850949.3,1.7101993727345568,148.66461648953288,L,monocular,1,1
PV_143,002,PV_143_block_002,PV_143_002_855978_L,855977.6,855994.25,5.249337166608745,256.34461027409765,L,monocular,1,1
PV_143,002,PV_143_block_002,PV_143_002_856127_L,856127.45,856160.75,5.313610609475218,76.35590105920453,L,monocular,1,1
PV_143,002,PV_143_block_002,PV_143_002_857742_L,857742.5,857775.8,5.5806253258479686,77.29709462422696,L,monocular,1,1
PV_143,002,PV_143_block_002,PV_143_002_861988_L,861988.25,862021.55,1.3793882439055236,113.39831338999575,L,monocular,1,1
PV_143,002,PV_143_block_002,PV_143_002_863287_L,863286.95,863386.85,6.012927315473384,289.5860340650055,L,monocular,1,1
PV_143,002,PV_143_block_002,PV_143_002_863587_L,863586.65,863769.8,24.74343920916221,95.34783525108524,L,monocular,1,1
PV_143,002,PV_143_block_002,PV_143_002_899184_L,899184.35,899201.0,0.8469405048086519,331.0134018054362,L,monocular,1,1
PV_143,002,PV_143_block_002,PV_143_002_901382_L,901382.15,901448.75,4.631533651186192,297.7109624652843,L,monocular,1,1
PV_143,002,PV_143_block_002,PV_143_002_919014_L,919014.5,919064.45,2.8102701904431644,310.7613952891261,L,monocular,1,1
PV_143,002,PV_143_block_002,PV_143_002_945605_L,945604.55,945637.85,1.3960912434339567,78.37651405723194,L,monocular,1,1
PV_143,002,PV_143_block_002,PV_143_002_1050766_L,1050765.95,1050782.6,3.242082276298562,297.9017371484227,L,monocular,1,1
PV_143,002,PV_143_block_002,PV_143_002_1112188_L,1112187.8,1112204.45,0.8244756164036079,45.89992048334326,L,monocular,1,1
PV_143,002,PV_143_block_002,PV_143_002_1138545_L,1138544.75,1138578.05,2.6289227170726313,68.40784951200017,L,monocular,1,1
PV_143,002,PV_143_block_002,PV_143_002_1138595_L,1138594.7,1138611.35,0.5744702548840449,122.71854793571165,L,monocular,1,1
PV_143,002,PV_143_block_002,PV_143_002_1157110_L,1157109.5,1157159.45,4.185535016529835,29.90815486642565,L,monocular,1,1
PV_143,002,PV_143_block_002,PV_143_002_1173660_L,1173659.6,1173692.9,1.8041889327236895,73.89107861583585,L,monocular,1,1
PV_143,002,PV_143_block_002,PV_143_002_1221079_L,1221078.8,1221128.75,5.798279927038395,242.11047997808214,L,monocular,1,1
PV_143,002,PV_143_block_002,PV_143_002_1230586_L,1230585.95,1230619.25,,,L,monocular,1,1
PV_143,002,PV_143_block_002,PV_143_002_1230719_L,1230719.15,1230752.45,1.3773339464388148,26.8297840072447,L,monocular,1,1
PV_143,002,PV_143_block_002,PV_143_002_1250533_L,1250532.65,1250599.25,7.620690160434293,252.96872286441968,L,monocular,1,1
PV_143,002,PV_143_block_002,PV_143_002_1266683_L,1266683.15,1266783.05,11.50837829876563,58.183034444422155,L,monocular,1,1
PV_143,002,PV_143_block_002,PV_143_002_1267099_L,1267099.4,1267116.05,2.222232163107392,46.69241053459211,L,monocular,1,1
PV_143,002,PV_143_block_002,PV_143_002_1293240_L,1293239.9,1293273.2,,,L,monocular,1,1
PV_143,002,PV_143_block_002,PV_143_002_1310856_L,1310855.6,1310888.9,1.5714383552534514,116.00412732617517,L,monocular,1,1
PV_143,002,PV_143_block_002,PV_143_002_1317782_L,1317782.0,1317798.65,2.151303803307854,128.9666493864086,L,monocular,1,1
PV_143,002,PV_143_block_002,PV_143_002_1317799_L,1317798.65,1317815.3,1.79897330103347,313.9211355889908,L,monocular,1,1
PV_143,002,PV_143_block_002,PV_143_002_1345021_L,1345021.4,1345038.05,0.6449116069877552,110.46092189832076,L,monocular,1,1
PV_143,002,PV_143_block_002,PV_143_002_1345138_L,1345137.95,1345154.6,,,L,monocular,1,1
PV_143,002,PV_143_block_002,PV_143_002_42159_R,42158.9,42192.2,8.680231374425881,181.1314331428123,R,monocular,1,1
PV_143,002,PV_143_block_002,PV_143_002_42209_R,42208.85,42242.15,0.9801426757847623,125.19395422165614,R,monocular,1,1
PV_143,002,PV_143_block_002,PV_143_002_122911_R,122911.4,122928.05,,,R,monocular,1,1
PV_143,002,PV_143_block_002,PV_143_002_152049_R,152048.9,152065.55,0.5552133208188775,246.01928044389973,R,monocular,1,1
PV_143,002,PV_143_block_002,PV_143_002_198719_R,198718.85,198768.8,5.0353388050551535,103.82365006414967,R,monocular,1,1
PV_143,002,PV_143_block_002,PV_143_002_221263_R,221262.95,221312.9,,,R,monocular,1,1
PV_143,002,PV_143_block_002,PV_143_002_234600_R,234599.6,234666.2,6.5905656208159815,99.6133760238756,R,monocular,1,1
PV_143,002,PV_143_block_002,PV_143_002_245089_R,245089.1,245122.4,2.36019893615068,144.7342372003048,R,monocular,1,1
PV_143,002,PV_143_block_002,PV_143_002_264636_R,264636.2,264669.5,0.9513219451285991,135.87496789729386,R,monocular,1,1
PV_143,002,PV_143_block_002,PV_143_002_325192_R,325192.25,325208.9,6.573156835531661,192.68684188244475,R,monocular,1,1
PV_143,002,PV_143_block_002,PV_143_002_325226_R,325225.55,325292.15,4.274601903978916,247.76084127840477,R,monocular,1,1
PV_143,002,PV_143_block_002,PV_143_002_342342_R,342341.75,342375.05,1.6538153440220558,194.93667068913996,R,monocular,1,1
PV_143,002,PV_143_block_002,PV_143_002_345056_R,345055.7,345138.95,9.47763901628501,8.009996179184606,R,monocular,1,1
PV_143,002,PV_143_block_002,PV_143_002_359691_R,359691.05,359707.7,0.69921769923516,349.01577335038695,R,monocular,1,1
PV_143,002,PV_143_block_002,PV_143_002_394140_R,394139.9,394156.55,0.7755568808349145,359.3181809141635,R,monocular,1,1
PV_143,002,PV_143_block_002,PV_143_002_398635_R,398635.4,398668.7,1.648995468248014,341.18485391514287,R,monocular,1,1
PV_143,002,PV_143_block_002,PV_143_002_546737_R,546737.15,546753.8,0.69945014788846,245.2321293619156,R,monocular,1,1
PV_143,002,PV_143_block_002,PV_143_002_582318_R,582318.2,582368.15,3.743892008459027,331.3696811425636,R,monocular,1,1
PV_143,002,PV_143_block_002,PV_143_002_584766_R,584765.75,584782.4,0.7970205280686444,3.7588729574039466,R,monocular,1,1
PV_143,002,PV_143_block_002,PV_143_002_586764_R,586763.75,586797.05,1.7193902372945638,169.1935352723461,R,monocular,1,1
PV_143,002,PV_143_block_002,PV_143_002_608992_R,608991.5,609058.1,5.743032558829602,65.34197340419784,R,monocular,1,1
PV_143,002,PV_143_block_002,PV_143_002_611805_R,611805.35,611838.65,1.5447984869229197,250.49733352688773,R,monocular,1,1
PV_143,002,PV_143_block_002,PV_143_002_620064_R,620063.75,620113.7,5.701457619377365,317.8602554819996,R,monocular,1,1
PV_143,002,PV_143_block_002,PV_143_002_646321_R,646320.8,646354.1,2.319494536827608,152.8599228541927,R,monocular,1,1
PV_143,002,PV_143_block_002,PV_143_002_661556_R,661555.55,661572.2,0.7871296042116912,248.1679332162199,R,monocular,1,1
PV_143,002,PV_143_block_002,PV_143_002_701282_R,701282.45,701315.75,1.0974686220282925,248.19324618659374,R,monocular,1,1
PV_143,002,PV_143_block_002,PV_143_002_742491_R,742491.2,742524.5,1.01058786664607,249.78632032274345,R,monocular,1,1
PV_143,002,PV_143_block_002,PV_143_002_758375_R,758375.3,758408.6,6.977735545773504,140.98272528088742,R,monocular,1,1
PV_143,002,PV_143_block_002,PV_143_002_758409_R,758408.6,758441.9,1.0761564592495672,287.9929668789567,R,monocular,1,1
PV_143,002,PV_143_block_002,PV_143_002_836430_R,836430.5,836597.0,28.661956684310148,98.26632464401762,R,monocular,1,1
PV_143,002,PV_143_block_002,PV_143_002_836680_R,836680.25,836696.9,0.7394866521112046,267.7680142528937,R,monocular,1,1
PV_143,002,PV_143_block_002,PV_143_002_847086_R,847086.5,847269.65,23.953633934271753,72.18733351656232,R,monocular,1,1
PV_143,002,PV_143_block_002,PV_143_002_847802_R,847802.45,847819.1,1.5808750172293689,306.24432462155505,R,monocular,1,1
PV_143,002,PV_143_block_002,PV_143_002_851016_R,851015.9,851032.55,0.7274944783192324,348.79097285360615,R,monocular,1,1
PV_143,002,PV_143_block_002,PV_143_002_851349_R,851348.9,851382.2,0.9345076636202055,150.54378210423607,R,monocular,1,1
PV_143,002,PV_143_block_002,PV_143_002_851715_R,851715.2,851731.85,,,R,monocular,1,1
PV_143,002,PV_143_block_002,PV_143_002_860273_R,860273.3,860306.6,1.505289831575572,211.2950297236279,R,monocular,1,1
PV_143,002,PV_143_block_002,PV_143_002_860723_R,860722.85,860739.5,2.0570969157463583,359.6488904107583,R,monocular,1,1
PV_143,002,PV_143_block_002,PV_143_002_860740_R,860739.5,860972.6,32.96651782549516,103.04153571217601,R,monocular,1,1
PV_143,002,PV_143_block_002,PV_143_002_861106_R,861105.8,861122.45,0.5825375607116685,305.7656639706806,R,monocular,1,1
PV_143,002,PV_143_block_002,PV_143_002_861572_R,861572.0,861621.95,7.722331096882887,190.3454617102307,R,monocular,1,1
PV_143,002,PV_143_block_002,PV_143_002_861672_R,861671.9,861721.85,7.695801667114212,94.76454195795262,R,monocular,1,1
PV_143,002,PV_143_block_002,PV_143_002_861722_R,861721.85,861755.15,2.2805952275455263,15.599922436728107,R,monocular,1,1
PV_143,002,PV_143_block_002,PV_143_002_863437_R,863436.8,863470.1,14.721494223408031,200.22883488357186,R,monocular,1,1
PV_143,002,PV_143_block_002,PV_143_002_863470_R,863470.1,863503.4,10.338508999592863,307.70737824666986,R,monocular,1,1
PV_143,002,PV_143_block_002,PV_143_002_863653_R,863653.25,863669.9,0.6555629933810792,302.2133645676573,R,monocular,1,1
PV_143,002,PV_143_block_002,PV_143_002_876058_R,876057.5,876074.15,0.8107848611090179,264.04901907516944,R,monocular,1,1
PV_143,002,PV_143_block_002,PV_143_002_899101_R,899101.1,899151.05,4.088234814271605,98.43397088181148,R,monocular,1,1
PV_143,002,PV_143_block_002,PV_143_002_918432_R,918431.75,918465.05,2.283478885449927,218.73686127208782,R,monocular,1,1
PV_143,002,PV_143_block_002,PV_143_002_918815_R,918814.7,918848.0,,,R,monocular,1,1
PV_143,002,PV_143_block_002,PV_143_002_918948_R,918947.9,918964.55,0.7248993438540686,32.10287163539902,R,monocular,1,1
PV_143,002,PV_143_block_002,PV_143_002_930736_R,930736.1,930786.05,6.565894928401192,299.637322152258,R,monocular,1,1
PV_143,002,PV_143_block_002,PV_143_002_930869_R,930869.3,930885.95,0.9051280234484516,84.57850619204449,R,monocular,1,1
PV_143,002,PV_143_block_002,PV_143_002_955345_R,955344.8,955361.45,0.6053835232308632,242.5970086461598,R,monocular,1,1
PV_143,002,PV_143_block_002,PV_143_002_957842_R,957842.3,957858.95,,,R,monocular,1,1
PV_143,002,PV_143_block_002,PV_143_002_1034099_R,1034099.3,1034115.95,1.006652479978301,179.39014795390491,R,monocular,1,1
PV_143,002,PV_143_block_002,PV_143_002_1034116_R,1034115.95,1034182.55,3.7131207714617576,316.9415767121095,R,monocular,1,1
PV_143,002,PV_143_block_002,PV_143_002_1057359_R,1057359.35,1057376.0,8.800390587415546,124.71058078468542,R,monocular,1,1
PV_143,002,PV_143_block_002,PV_143_002_1057376_R,1057376.0,1057409.3,,,R,monocular,1,1
PV_143,002,PV_143_block_002,PV_143_002_1057443_R,1057442.6,1057459.25,1.1505985494679312,34.95252945431029,R,monocular,1,1
PV_143,002,PV_143_block_002,PV_143_002_1095471_R,1095471.2,1095587.75,13.025298771158248,78.21413003180068,R,monocular,1,1
PV_143,002,PV_143_block_002,PV_143_002_1120746_R,1120745.9,1120762.55,0.8125455160250664,41.0867130680711,R,monocular,1,1
PV_143,002,PV_143_block_002,PV_143_002_1120862_R,1120862.45,1120912.4,5.251735706768855,320.6727458095404,R,monocular,1,1
PV_143,002,PV_143_block_002,PV_143_002_1228738_R,1228737.8,1228771.1,1.935069690797654,120.0994189084533,R,monocular,1,1
PV_143,002,PV_143_block_002,PV_143_002_1230170_R,1230169.7,1230186.35,1.8661772151077127,223.4857897452611,R,monocular,1,1
PV_143,002,PV_143_block_002,PV_143_002_1296537_R,1296536.6,1296553.25,0.9492267960558282,137.05621883330394,R,monocular,1,1
PV_143,002,PV_143_block_002,PV_143_002_1296603_R,1296603.2,1296619.85,0.5476816933247634,311.26976651985115,R,monocular,1,1
PV_143,002,PV_143_block_002,PV_143_002_1296703_R,1296703.1,1296719.75,1.9315540170516696,129.6275199460918,R,monocular,1,1
PV_143,003,PV_143_block_003,PV_143_003_49315_L,49314.85,49331.5,1.9232128807861852,9.680008263162666,L,binocular,2,2
PV_143,003,PV_143_block_003,PV_143_003_59471_L,59471.35,59504.65,2.042313167520295,17.99542292208765,L,binocular,2,2
PV_143,003,PV_143_block_003,PV_143_003_83064_R,83064.4,83114.35,7.160718089186692,131.88977838777222,R,binocular,2,2
PV_143,003,PV_143_block_003,PV_143_003_117297_R,117296.8,117346.75,6.3238512259254875,174.53327637703325,R,binocular,2,2
PV_143,003,PV_143_block_003,PV_143_003_158839_R,158838.55,158871.85,1.5344690294546748,336.9374904772247,R,binocular,2,2
PV_143,003,PV_143_block_003,PV_143_003_162002_R,162002.05,162068.65,6.247910279768386,146.05971701386116,R,binocular,2,2
PV_143,003,PV_143_block_003,PV_143_003_171809_R,171808.9,171875.5,4.091393138275836,155.54202459884573,R,binocular,2,2
PV_143,003,PV_143_block_003,PV_143_003_176321_R,176321.05,176371.0,7.387944830628882,156.4609375201575,R,binocular,2,2
PV_143,003,PV_143_block_003,PV_143_003_221143_L,221142.85,221226.1,9.566067007739935,52.632089725386344,L,binocular,2,2
PV_143,003,PV_143_block_003,PV_143_003_247150_L,247150.15,247200.1,3.0847265275994715,24.34609000624504,L,binocular,2,2
PV_143,003,PV_143_block_003,PV_143_003_254060_L,254059.9,254126.5,2.1240980691999303,322.72248546102855,L,binocular,2,2
PV_143,003,PV_143_block_003,PV_143_003_287310_L,287309.95,287409.85,8.333257502751417,170.82464002945528,L,binocular,2,2
PV_143,003,PV_143_block_003,PV_143_003_293953_R,293953.3,294003.25,4.998056945203721,190.65423007088776,R,binocular,2,2
PV_143,003,PV_143_block_003,PV_143_003_333547_R,333547.0,333630.25,6.239591851938005,61.10259548383983,R,binocular,2,2
PV_143,003,PV_143_block_003,PV_143_003_493154_R,493153.9,493203.85,1.8156601888563568,192.68008552157795,R,binocular,2,2
PV_143,003,PV_143_block_003,PV_143_003_505591_R,505591.45,505674.7,4.586766416658225,161.83792100868857,R,binocular,2,2
PV_143,003,PV_143_block_003,PV_143_003_541256_R,541255.75,541305.7,5.333412765021156,267.67874342244704,R,binocular,2,2
PV_143,003,PV_143_block_003,PV_143_003_568712_R,568711.6,568778.2,6.433804448763543,117.81427074189253,R,binocular,2,2
PV_143,003,PV_143_block_003,PV_143_003_587942_R,587942.35,588042.25,10.515970568503006,134.2871697807638,R,binocular,2,2
PV_143,003,PV_143_block_003,PV_143_003_588409_R,588408.55,588458.5,7.4619068620961775,142.98352819759612,R,binocular,2,2
PV_143,003,PV_143_block_003,PV_143_003_621742_R,621741.85,621791.8,3.007852622750247,233.66454061670845,R,binocular,2,2
PV_143,003,PV_143_block_003,PV_143_003_658588_R,658588.3,658721.5,19.68066153393187,135.3915678224479,R,binocular,2,2
PV_143,003,PV_143_block_003,PV_143_003_678085_R,678085.45,678152.05,4.50074114607232,154.9025228651865,R,binocular,2,2
PV_143,003,PV_143_block_003,PV_143_003_695451_R,695451.4,695534.65,14.56852103079316,307.6691217265151,R,binocular,2,2
PV_143,003,PV_143_block_003,PV_143_003_704159_L,704159.35,704225.95,7.980215648386419,47.09846435231265,L,binocular,2,2
PV_143,003,PV_143_block_003,PV_143_003_708755_R,708754.75,708854.65,13.73933369437975,337.2972749160682,R,binocular,2,2
PV_143,003,PV_143_block_003,PV_143_003_710986_L,710985.85,711019.15,3.3843052308176844,25.29142374268425,L,binocular,2,2
PV_143,003,PV_143_block_003,PV_143_003_718295_R,718295.2,718361.8,6.010306807055895,323.907816772079,R,binocular,2,2
PV_143,003,PV_143_block_003,PV_143_003_727103_R,727103.05,727153.0,7.046558923530855,154.90376476790354,R,binocular,2,2
PV_143,003,PV_143_block_003,PV_143_003_727186_R,727186.3,727236.25,3.1086406555538146,0.1686558353952976,R,binocular,2,2
PV_143,003,PV_143_block_003,PV_143_003_736194_L,736193.95,736260.55,14.893158871824365,23.540047522210415,L,binocular,2,2
PV_143,003,PV_143_block_003,PV_143_003_783746_L,783746.35,783796.3,,,L,binocular,2,2
PV_143,003,PV_143_block_003,PV_143_003_786094_L,786094.0,786143.95,2.7846305491689973,4.743247642897154,L,binocular,2,2
PV_143,003,PV_143_block_003,PV_143_003_810020_L,810020.05,810070.0,8.290978230487518,29.577313623734945,L,binocular,2,2
PV_143,003,PV_143_block_003,PV_143_003_818728_L,818728.0,818761.3,3.6509933374795978,43.063824655132585,L,binocular,2,2
PV_143,003,PV_143_block_003,PV_143_003_837509_R,837509.2,837575.8,8.764243308929267,182.87547906375585,R,binocular,2,2
PV_143,003,PV_143_block_003,PV_143_003_851628_R,851628.4,851695.0,6.94040599152308,358.72617632946856,R,binocular,2,2
PV_143,003,PV_143_block_003,PV_143_003_866464_R,866463.55,866530.15,12.985584754870205,168.02006627479003,R,binocular,2,2
PV_143,003,PV_143_block_003,PV_143_003_886510_R,886510.15,886560.1,3.764837346373364,174.10702147072357,R,binocular,2,2
PV_143,003,PV_143_block_003,PV_143_003_905441_L,905441.2,905524.45,12.12071553326516,31.764536486046723,L,binocular,2,2
PV_143,003,PV_143_block_003,PV_143_003_922241_R,922241.05,922274.35,5.930176060936435,182.164652968119,R,binocular,2,2
PV_143,003,PV_143_block_003,PV_143_003_922274_R,922274.35,922291.0,0.7648433135193893,306.05182001279854,R,binocular,2,2
PV_143,003,PV_143_block_003,PV_143_003_928551_R,928551.4,928618.0,4.085936728430461,191.40876567598633,R,binocular,2,2
PV_143,003,PV_143_block_003,PV_143_003_954126_L,954125.8,954242.35,19.33191042949617,73.49257034643469,L,binocular,2,2
PV_143,003,PV_143_block_003,PV_143_003_1209404_R,1209403.6,1209486.85,8.823185241247794,331.5732879943377,R,binocular,2,2
PV_143,003,PV_143_block_003,PV_143_003_1213716_L,1213715.95,1213815.85,9.514992179312577,91.90468966605373,L,binocular,2,2
PV_143,003,PV_143_block_003,PV_143_003_1219843_L,1219843.15,1219909.75,5.143761960988282,7.843932902846801,L,binocular,2,2
PV_143,003,PV_143_block_003,PV_143_003_1296500_R,1296499.75,1296566.35,11.339218538743884,163.24581357447516,R,binocular,2,2
PV_143,003,PV_143_block_003,PV_143_003_92588_L,92588.2,92604.85,1.080015770509519,0.8066388181027907,L,monocular,1,1
PV_143,003,PV_143_block_003,PV_143_003_92688_L,92688.1,92704.75,1.0814080824821433,2.741822338969161,L,monocular,1,1
PV_143,003,PV_143_block_003,PV_143_003_103577_L,103577.2,103610.5,6.387310613420336,331.3991547831507,L,monocular,1,1
PV_143,003,PV_143_block_003,PV_143_003_133897_L,133896.85,133913.5,0.7187676811404062,283.31646993125975,L,monocular,1,1
PV_143,003,PV_143_block_003,PV_143_003_134929_L,134929.15,134945.8,1.0458818725999675,183.07237559646975,L,monocular,1,1
PV_143,003,PV_143_block_003,PV_143_003_144653_L,144652.75,144669.4,0.6809728767828931,141.03601204675306,L,monocular,1,1
PV_143,003,PV_143_block_003,PV_143_003_149714_L,149714.35,149747.65,1.5943288292228404,183.7604568704082,L,monocular,1,1
PV_143,003,PV_143_block_003,PV_143_003_190074_L,190073.95,190123.9,3.879142186788267,128.85199356274578,L,monocular,1,1
PV_143,003,PV_143_block_003,PV_143_003_313284_L,313283.95,313383.85,13.111152138119301,14.970542741245533,L,monocular,1,1
PV_143,003,PV_143_block_003,PV_143_003_313700_L,313700.2,313750.15,5.489546229826928,31.82854162418189,L,monocular,1,1
PV_143,003,PV_143_block_003,PV_143_003_376754_L,376753.75,376770.4,1.7839210066774804,220.70624121415457,L,monocular,1,1
PV_143,003,PV_143_block_003,PV_143_003_376770_L,376770.4,376803.7,,,L,monocular,1,1
PV_143,003,PV_143_block_003,PV_143_003_399081_L,399081.4,399098.05,2.002404275053915,118.20738966031982,L,monocular,1,1
PV_143,003,PV_143_block_003,PV_143_003_399098_L,399098.05,399131.35,2.101979189332476,297.09368095704116,L,monocular,1,1
PV_143,003,PV_143_block_003,PV_143_003_421825_L,421825.3,421841.95,0.6332112314135241,303.3348126612078,L,monocular,1,1
PV_143,003,PV_143_block_003,PV_143_003_427303_L,427303.15,427319.8,2.353717463541022,111.69742698547363,L,monocular,1,1
PV_143,003,PV_143_block_003,PV_143_003_427320_L,427319.8,427336.45,1.7243377499054267,289.24868196812025,L,monocular,1,1
PV_143,003,PV_143_block_003,PV_143_003_435012_L,435012.1,435028.75,3.0325707213051913,131.40841718796463,L,monocular,1,1
PV_143,003,PV_143_block_003,PV_143_003_435029_L,435028.75,435062.05,5.2995277028023935,304.25968968953504,L,monocular,1,1
PV_143,003,PV_143_block_003,PV_143_003_435062_L,435062.05,435078.7,3.5002463658981178,118.855540020453,L,monocular,1,1
PV_143,003,PV_143_block_003,PV_143_003_435079_L,435078.7,435112.0,5.191285656173497,291.78843080819945,L,monocular,1,1
PV_143,003,PV_143_block_003,PV_143_003_435112_L,435112.0,435128.65,3.976176387609937,116.29659638889133,L,monocular,1,1
PV_143,003,PV_143_block_003,PV_143_003_439258_L,439257.85,439274.5,0.7332036287460093,107.49307243878476,L,monocular,1,1
PV_143,003,PV_143_block_003,PV_143_003_483963_L,483963.1,484029.7,4.31894376342811,184.74335175151822,L,monocular,1,1
PV_143,003,PV_143_block_003,PV_143_003_505691_L,505691.35,505757.95,3.6311882083824827,139.5047622479408,L,monocular,1,1
PV_143,003,PV_143_block_003,PV_143_003_601995_L,601994.95,602011.6,0.7176825308108001,214.7408280925754,L,monocular,1,1
PV_143,003,PV_143_block_003,PV_143_003_757256_L,757256.2,757289.5,,,L,monocular,1,1
PV_143,003,PV_143_block_003,PV_143_003_757356_L,757356.1,757389.4,2.684855444716994,64.28888351538662,L,monocular,1,1
PV_143,003,PV_143_block_003,PV_143_003_757406_L,757406.05,757422.7,0.693695550645157,140.0217034734444,L,monocular,1,1
PV_143,003,PV_143_block_003,PV_143_003_797399_L,797399.35,797432.65,1.129264572775763,142.71260305233707,L,monocular,1,1
PV_143,003,PV_143_block_003,PV_143_003_809204_L,809204.2,809220.85,2.4043350496072615,301.81070364553113,L,monocular,1,1
PV_143,003,PV_143_block_003,PV_143_003_809221_L,809220.85,809254.15,2.3822759010832533,123.92347606408475,L,monocular,1,1
PV_143,003,PV_143_block_003,PV_143_003_855858_L,855857.5,855874.15,0.9594947618682469,19.000589547144855,L,monocular,1,1
PV_143,003,PV_143_block_003,PV_143_003_855874_L,855874.15,855890.8,1.1548706991946385,199.48475449827242,L,monocular,1,1
PV_143,003,PV_143_block_003,PV_143_003_861285_L,861285.4,861302.05,,,L,monocular,1,1
PV_143,003,PV_143_block_003,PV_143_003_934046_L,934045.9,934079.2,,,L,monocular,1,1
PV_143,003,PV_143_block_003,PV_143_003_934162_L,934162.45,934195.75,2.4191028653014244,91.24139251508969,L,monocular,1,1
PV_143,003,PV_143_block_003,PV_143_003_934579_L,934578.7,934595.35,0.8380182975674203,296.35678617563923,L,monocular,1,1
PV_143,003,PV_143_block_003,PV_143_003_974289_L,974288.95,974322.25,,,L,monocular,1,1
PV_143,003,PV_143_block_003,PV_143_003_977053_L,977052.85,977069.5,1.181775744882484,305.09082824099755,L,monocular,1,1
PV_143,003,PV_143_block_003,PV_143_003_1049047_L,1049047.45,1049064.1,0.6070561196018782,331.61595805958325,L,monocular,1,1
PV_143,003,PV_143_block_003,PV_143_003_1049114_L,1049114.05,1049130.7,0.6338944584534916,326.71406022997917,L,monocular,1,1
PV_143,003,PV_143_block_003,PV_143_003_1049797_L,1049796.7,1049813.35,0.6228263699776531,15.443839450552435,L,monocular,1,1
PV_143,003,PV_143_block_003,PV_143_003_1067096_L,1067096.05,1067112.7,0.514863986394978,113.61221527927336,L,monocular,1,1
PV_143,003,PV_143_block_003,PV_143_003_1086227_L,1086226.9,1086260.2,1.3746490859252491,111.72053556783929,L,monocular,1,1
PV_143,003,PV_143_block_003,PV_143_003_1100396_L,1100396.05,1100446.0,2.7265047584039444,301.52621125583534,L,monocular,1,1
PV_143,003,PV_143_block_003,PV_143_003_1100513_L,1100512.6,1100529.25,0.7136879485472436,285.31543148188223,L,monocular,1,1
PV_143,003,PV_143_block_003,PV_143_003_1106823_L,1106822.95,1106839.6,2.124680767588033,292.74072726625525,L,monocular,1,1
PV_143,003,PV_143_block_003,PV_143_003_1106840_L,1106839.6,1106856.25,2.304961608568954,112.41629179610926,L,monocular,1,1
PV_143,003,PV_143_block_003,PV_143_003_1106856_L,1106856.25,1106872.9,1.9444926918602596,296.0629008308115,L,monocular,1,1
PV_143,003,PV_143_block_003,PV_143_003_1106873_L,1106872.9,1106889.55,0.7911877934830823,101.976026923472,L,monocular,1,1
PV_143,003,PV_143_block_003,PV_143_003_1232031_L,1232030.95,1232080.9,3.1743199962110964,36.05250484602397,L,monocular,1,1
PV_143,003,PV_143_block_003,PV_143_003_1266530_L,1266529.75,1266546.4,0.7227156405409534,283.75715189737355,L,monocular,1,1
PV_143,003,PV_143_block_003,PV_143_003_1268161_L,1268161.45,1268211.4,2.524415546219106,87.02354707233786,L,monocular,1,1
PV_143,003,PV_143_block_003,PV_143_003_1276603_L,1276603.0,1276619.65,1.4528196553628214,321.75405128937655,L,monocular,1,1
PV_143,003,PV_143_block_003,PV_143_003_1285444_L,1285444.15,1285460.8,0.5277642724250812,259.2198332663382,L,monocular,1,1
PV_143,003,PV_143_block_003,PV_143_003_1326103_L,1326103.45,1326120.1,,,L,monocular,1,1
PV_143,003,PV_143_block_003,PV_143_003_1361085_L,1361085.1,1361101.75,0.6393019374257267,138.14828257611552,L,monocular,1,1
PV_143,003,PV_143_block_003,PV_143_003_1363233_L,1363232.95,1363249.6,0.874063902442727,318.13530342434484,L,monocular,1,1
PV_143,003,PV_143_block_003,PV_143_003_1363250_L,1363249.6,1363266.25,0.6326074246671841,74.42424834571995,L,monocular,1,1
PV_143,003,PV_143_block_003,PV_143_003_1363333_L,1363332.85,1363349.5,0.531833976854576,295.30384262720435,L,monocular,1,1
PV_143,003,PV_143_block_003,PV_143_003_1369926_L,1369926.25,1369942.9,0.7665745000523538,284.38113428825625,L,monocular,1,1
PV_143,003,PV_143_block_003,PV_143_003_1369976_L,1369976.2,1369992.85,1.364307573919184,284.01220869256474,L,monocular,1,1
PV_143,003,PV_143_block_003,PV_143_003_1369993_L,1369992.85,1370009.5,2.3545958371508275,112.72307887445294,L,monocular,1,1
PV_143,003,PV_143_block_003,PV_143_003_1370010_L,1370009.5,1370026.15,1.2998856847270719,292.52617592495795,L,monocular,1,1
PV_143,003,PV_143_block_003,PV_143_003_53078_R,53077.75,53127.7,2.6162647930103664,299.1025217030434,R,monocular,1,1
PV_143,003,PV_143_block_003,PV_143_003_210553_R,210553.45,210570.1,5.258737852954014,141.2837133774742,R,monocular,1,1
PV_143,003,PV_143_block_003,PV_143_003_210570_R,210570.1,210603.4,,,R,monocular,1,1
PV_143,003,PV_143_block_003,PV_143_003_320310_R,320310.25,320326.9,1.6340460200284848,38.31624201052857,R,monocular,1,1
PV_143,003,PV_143_block_003,PV_143_003_324772_R,324772.45,324789.1,0.564065229253873,72.9100588328698,R,monocular,1,1
PV_143,003,PV_143_block_003,PV_143_003_450663_R,450663.1,450713.05,3.589380122066464,240.44091710315485,R,monocular,1,1
PV_143,003,PV_143_block_003,PV_143_003_453760_R,453760.0,453793.3,1.3341177262230215,231.11405155212185,R,monocular,1,1
PV_143,003,PV_143_block_003,PV_143_003_480117_R,480116.95,480133.6,0.6424302094827798,330.4239748961596,R,monocular,1,1
PV_143,003,PV_143_block_003,PV_143_003_483996_R,483996.4,484063.0,7.480555610379412,151.44556387326762,R,monocular,1,1
PV_143,003,PV_143_block_003,PV_143_003_506407_R,506407.3,506423.95,0.5675101631328123,343.5215221154071,R,monocular,1,1
PV_143,003,PV_143_block_003,PV_143_003_519644_R,519644.05,519677.35,1.0502564195287716,146.32658902502203,R,monocular,1,1
PV_143,003,PV_143_block_003,PV_143_003_549547_R,549547.45,549614.05,7.155874726867041,56.14624412574845,R,monocular,1,1
PV_143,003,PV_143_block_003,PV_143_003_621509_R,621508.75,621542.05,0.9537295828379568,43.03416602672099,R,monocular,1,1
PV_143,003,PV_143_block_003,PV_143_003_658755_R,658754.8,658771.45,0.5766980422690561,323.4133008735655,R,monocular,1,1
PV_143,003,PV_143_block_003,PV_143_003_668295_R,668295.25,668328.55,1.4702145685025607,306.1976811101399,R,monocular,1,1
PV_143,003,PV_143_block_003,PV_143_003_736294_R,736293.85,736310.5,4.900286637066462,345.40178545600185,R,monocular,1,1
PV_143,003,PV_143_block_003,PV_143_003_739091_R,739091.05,739124.35,1.3582037381583776,327.46618579420226,R,monocular,1,1
PV_143,003,PV_143_block_003,PV_143_003_776104_R,776104.0,776137.3,2.964416853287692,182.98777202714402,R,monocular,1,1
PV_143,003,PV_143_block_003,PV_143_003_918378_R,918378.25,918411.55,1.3402307364401105,73.6172827311395,R,monocular,1,1
PV_143,003,PV_143_block_003,PV_143_003_966763_R,966763.15,966779.8,0.8453819585699212,231.38768496025256,R,monocular,1,1
PV_143,003,PV_143_block_003,PV_143_003_1052627_R,1052627.2,1052643.85,0.953658016460192,173.69555338982957,R,monocular,1,1
PV_143,003,PV_143_block_003,PV_143_003_1052644_R,1052643.85,1052660.5,0.5769203209163989,275.43595831361426,R,monocular,1,1
PV_143,003,PV_143_block_003,PV_143_003_1065015_R,1065014.8,1065048.1,3.0442240961950624,281.006233330574,R,monocular,1,1
PV_143,003,PV_143_block_003,PV_143_003_1065281_R,1065281.2,1065297.85,2.8726684032916876,280.88695573232354,R,monocular,1,1
PV_143,003,PV_143_block_003,PV_143_003_1065448_R,1065447.7,1065464.35,0.5129310130031074,146.42569866823956,R,monocular,1,1
PV_143,003,PV_143_block_003,PV_143_003_1065731_R,1065730.75,1065747.4,,,R,monocular,1,1
PV_143,003,PV_143_block_003,PV_143_003_1076920_R,1076919.55,1076936.2,0.6449760327592988,255.90309899828114,R,monocular,1,1
PV_143,003,PV_143_block_003,PV_143_003_1076953_R,1076952.85,1076969.5,0.5073292477524639,327.7249730303672,R,monocular,1,1
PV_143,003,PV_143_block_003,PV_143_003_1080100_R,1080099.7,1080116.35,2.5398080214411265,294.88714184139366,R,monocular,1,1
PV_143,003,PV_143_block_003,PV_143_003_1080116_R,1080116.35,1080149.65,2.51649578158783,115.91207049999723,R,monocular,1,1
PV_143,003,PV_143_block_003,PV_143_003_1107506_R,1107505.6,1107522.25,0.7233722778009919,50.19670013205594,R,monocular,1,1
PV_143,003,PV_143_block_003,PV_143_003_1109554_R,1109553.55,1109653.45,18.119261105790233,150.4838122396379,R,monocular,1,1
PV_143,003,PV_143_block_003,PV_143_003_1121974_R,1121974.45,1121991.1,,,R,monocular,1,1
PV_143,003,PV_143_block_003,PV_143_003_1172657_R,1172657.05,1172673.7,0.5868826178269088,227.6689197846107,R,monocular,1,1
PV_143,003,PV_143_block_003,PV_143_003_1176387_R,1176386.65,1176403.3,0.7884658219059177,301.70799853835194,R,monocular,1,1
PV_143,003,PV_143_block_003,PV_143_003_1177103_R,1177102.6,1177119.25,0.7956958070461728,305.6251508494903,R,monocular,1,1
PV_143,003,PV_143_block_003,PV_143_003_1177852_R,1177851.85,1177868.5,0.8965265758127446,299.81502277001994,R,monocular,1,1
PV_143,003,PV_143_block_003,PV_143_003_1178018_R,1178018.35,1178035.0,0.908896348238152,303.30150790940127,R,monocular,1,1
PV_143,003,PV_143_block_003,PV_143_003_1178035_R,1178035.0,1178068.3,0.879103251442363,120.09890560256918,R,monocular,1,1
PV_143,003,PV_143_block_003,PV_143_003_1178235_R,1178234.8,1178251.45,0.8626476736482017,119.71336372151356,R,monocular,1,1
PV_143,003,PV_143_block_003,PV_143_003_1178251_R,1178251.45,1178268.1,0.8786005092991502,303.678701762925,R,monocular,1,1
PV_143,003,PV_143_block_003,PV_143_003_1178268_R,1178268.1,1178284.75,0.9067819625706846,122.31860621479763,R,monocular,1,1
PV_143,003,PV_143_block_003,PV_143_003_1178951_R,1178950.75,1178967.4,0.7780316843185062,123.59931698636287,R,monocular,1,1
PV_143,003,PV_143_block_003,PV_143_003_1179001_R,1179000.7,1179034.0,0.9328193627730205,126.42721001711368,R,monocular,1,1
PV_143,003,PV_143_block_003,PV_143_003_1179217_R,1179217.15,1179250.45,0.8453120093314385,125.05870235339376,R,monocular,1,1
PV_143,003,PV_143_block_003,PV_143_003_1181565_R,1181564.8,1181598.1,0.8417015717691239,112.49927481839978,R,monocular,1,1
PV_143,003,PV_143_block_003,PV_143_003_1182164_R,1182164.2,1182180.85,0.8158483260384235,121.75676191851508,R,monocular,1,1
PV_143,003,PV_143_block_003,PV_143_003_1182181_R,1182180.85,1182197.5,0.8445831359158853,301.68765388041686,R,monocular,1,1
PV_143,003,PV_143_block_003,PV_143_003_1182198_R,1182197.5,1182214.15,0.823631396999917,122.54894735517848,R,monocular,1,1
PV_143,003,PV_143_block_003,PV_143_003_1182580_R,1182580.45,1182597.1,0.8643171382343652,125.34828693999597,R,monocular,1,1
PV_143,003,PV_143_block_003,PV_143_003_1187992_R,1187991.7,1188058.3,5.05584448642347,343.6787309843778,R,monocular,1,1
PV_143,003,PV_143_block_003,PV_143_003_1252144_R,1252144.15,1252160.8,0.6272899612247049,228.35236124781127,R,monocular,1,1
PV_143,003,PV_143_block_003,PV_143_003_1306107_R,1306106.8,1306156.75,3.449395104829536,302.0553294958073,R,monocular,1,1
PV_143,003,PV_143_block_003,PV_143_003_1373206_R,1373206.3,1373256.25,7.061410452068743,130.03458483270654,R,monocular,1,1
PV_143,003,PV_143_block_003,PV_143_003_1382497_R,1382497.0,1382513.65,1.159883605945581,158.51728316412195,R,monocular,1,1
PV_143,003,PV_143_block_003,PV_143_003_1383113_R,1383113.05,1383129.7,0.9888826597089696,176.7917838412801,R,monocular,1,1
PV_143,003,PV_143_block_003,PV_143_003_1383662_R,1383662.5,1383679.15,0.6321438105047562,181.39015826976876,R,monocular,1,1
PV_143,003,PV_143_block_003,PV_143_003_1384395_R,1384395.1,1384461.7,4.56682531012268,227.32580872575684,R,monocular,1,1
PV_143,003,PV_143_block_003,PV_143_003_1386093_R,1386093.4,1386126.7,1.2620012452873899,32.706025252325624,R,monocular,1,1
PV_143,003,PV_143_block_003,PV_143_003_1397149_R,1397149.0,1397165.65,,,R,monocular,1,1
PV_143,003,PV_143_block_003,PV_143_003_1403692_R,1403692.45,1403725.75,1.0054860015711415,172.7152945988491,R,monocular,1,1
PV_143,003,PV_143_block_003,PV_143_003_1404025_R,1404025.45,1404042.1,0.8778629834515782,313.77280752140206,R,monocular,1,1
PV_143,003,PV_143_block_003,PV_143_003_1404042_R,1404042.1,1404058.75,0.5948665778495217,123.97864476125167,R,monocular,1,1
PV_143,003,PV_143_block_003,PV_143_003_1404075_R,1404075.4,1404092.05,,,R,monocular,1,1
PV_143,004,PV_143_block_004,PV_143_004_147848_R,147847.8,147964.35,16.767175100433413,168.33275760613537,R,binocular,2,2
PV_143,004,PV_143_block_004,PV_143_004_162150_R,162150.15,162200.1,1.628105339537765,311.9486028879359,R,binocular,2,2
PV_143,004,PV_143_block_004,PV_143_004_198181_L,198180.75,198247.35,6.132723091486157,21.710933632477566,L,binocular,2,2
PV_143,004,PV_143_block_004,PV_143_004_248314_L,248313.9,248380.5,5.530434136610292,255.61091886352654,L,binocular,2,2
PV_143,004,PV_143_block_004,PV_143_004_260135_R,260135.4,260185.35,6.333572844108112,150.6628675831472,R,binocular,2,2
PV_143,004,PV_143_block_004,PV_143_004_266079_R,266079.45,266112.75,4.6465817727431045,147.1524874371802,R,binocular,2,2
PV_143,004,PV_143_block_004,PV_143_004_275803_R,275803.05,275853.0,2.744918918006864,156.56384645004525,R,binocular,2,2
PV_143,004,PV_143_block_004,PV_143_004_316945_R,316945.2,317011.8,5.079440148500826,15.84238746967129,R,binocular,2,2
PV_143,004,PV_143_block_004,PV_143_004_456289_R,456289.05,456355.65,10.474277028814024,135.70515421726867,R,binocular,2,2
PV_143,004,PV_143_block_004,PV_143_004_491187_R,491187.45,491254.05,3.974299073509973,123.26639879485867,R,binocular,2,2
PV_143,004,PV_143_block_004,PV_143_004_508803_L,508803.15,508836.45,4.256769043486591,23.937158399695512,L,binocular,2,2
PV_143,004,PV_143_block_004,PV_143_004_525104_L,525103.5,525170.1,10.076572628958392,19.10284762981471,L,binocular,2,2
PV_143,004,PV_143_block_004,PV_143_004_540088_L,540088.5,540138.45,10.536058887839646,25.215881839626437,L,binocular,2,2
PV_143,004,PV_143_block_004,PV_143_004_554591_R,554590.65,554640.6,5.328715505954541,322.906866469579,R,binocular,2,2
PV_143,004,PV_143_block_004,PV_143_004_576868_L,576868.35,576951.6,5.281203122315085,13.292787999604144,L,binocular,2,2
PV_143,004,PV_143_block_004,PV_143_004_587008_L,587008.2,587041.5,0.9888955206488047,219.06089283425572,L,binocular,2,2
PV_143,004,PV_143_block_004,PV_143_004_588224_L,588223.65,588256.95,2.5184836758616425,157.18314691347211,L,binocular,2,2
PV_143,004,PV_143_block_004,PV_143_004_603442_R,603441.75,603491.7,4.769827695860178,150.63744028506022,R,binocular,2,2
PV_143,004,PV_143_block_004,PV_143_004_637491_R,637491.0,637607.55,14.079585358395299,345.0959946770766,R,binocular,2,2
PV_143,004,PV_143_block_004,PV_143_004_638107_L,638107.05,638157.0,2.4496258069771035,18.951261012660684,L,binocular,2,2
PV_143,004,PV_143_block_004,PV_143_004_647498_L,647497.65,647564.25,9.71602566380183,198.9756723682987,L,binocular,2,2
PV_143,004,PV_143_block_004,PV_143_004_660668_R,660667.8,660717.75,2.5545952264835288,161.10492005621907,R,binocular,2,2
PV_143,004,PV_143_block_004,PV_143_004_679349_R,679349.1,679382.4,3.336293586141903,167.197178575632,R,binocular,2,2
PV_143,004,PV_143_block_004,PV_143_004_698147_R,698146.95,698230.2,6.339006650501903,245.57335293943152,R,binocular,2,2
PV_143,004,PV_143_block_004,PV_143_004_30166_L,30165.6,30182.25,2.8917760186572976,295.7037660108564,L,monocular,1,1
PV_143,004,PV_143_block_004,PV_143_004_30332_L,30332.1,30348.75,0.7536669580903275,122.62707445245522,L,monocular,1,1
PV_143,004,PV_143_block_004,PV_143_004_30365_L,30365.4,30382.05,0.6967778340330725,120.16942176310975,L,monocular,1,1
PV_143,004,PV_143_block_004,PV_143_004_131514_L,131514.15,131547.45,1.1986256175713352,318.32818931996286,L,monocular,1,1
PV_143,004,PV_143_block_004,PV_143_004_131681_L,131680.65,131697.3,0.8751564355119055,131.2348658955198,L,monocular,1,1
PV_143,004,PV_143_block_004,PV_143_004_131697_L,131697.3,131713.95,0.7858776617198907,303.1452426162327,L,monocular,1,1
PV_143,004,PV_143_block_004,PV_143_004_131731_L,131730.6,131763.9,3.685134655602341,295.22594227437594,L,monocular,1,1
PV_143,004,PV_143_block_004,PV_143_004_131781_L,131780.55,131797.2,0.8559525931675344,309.2593719615395,L,monocular,1,1
PV_143,004,PV_143_block_004,PV_143_004_131797_L,131797.2,131813.85,1.100848812051962,128.57155242282835,L,monocular,1,1
PV_143,004,PV_143_block_004,PV_143_004_131930_L,131930.4,131963.7,3.1090412155946616,118.42337428019147,L,monocular,1,1
PV_143,004,PV_143_block_004,PV_143_004_132630_L,132629.7,132663.0,1.9340216052179702,136.7531685951771,L,monocular,1,1
PV_143,004,PV_143_block_004,PV_143_004_132696_L,132696.3,132712.95,,,L,monocular,1,1
PV_143,004,PV_143_block_004,PV_143_004_178118_L,178117.5,178150.8,2.941484997088163,116.56290448639766,L,monocular,1,1
PV_143,004,PV_143_block_004,PV_143_004_178534_L,178533.75,178550.4,1.6368718229727797,118.42453352966385,L,monocular,1,1
PV_143,004,PV_143_block_004,PV_143_004_178550_L,178550.4,178567.05,1.4320419805774582,298.6854462405601,L,monocular,1,1
PV_143,004,PV_143_block_004,PV_143_004_190538_L,190538.4,190555.05,0.557136903519209,324.1435241366775,L,monocular,1,1
PV_143,004,PV_143_block_004,PV_143_004_198630_L,198630.3,198646.95,0.5434231550745519,122.53870284570274,L,monocular,1,1
PV_143,004,PV_143_block_004,PV_143_004_198730_L,198730.2,198746.85,0.6183881954622337,131.44826720263111,L,monocular,1,1
PV_143,004,PV_143_block_004,PV_143_004_206106_L,206106.15,206156.1,3.5338928751594163,309.10893426534824,L,monocular,1,1
PV_143,004,PV_143_block_004,PV_143_004_206256_L,206256.0,206272.65,3.167955408268383,308.47780664495156,L,monocular,1,1
PV_143,004,PV_143_block_004,PV_143_004_206273_L,206272.65,206289.3,2.7454301292814502,128.96937223963403,L,monocular,1,1
PV_143,004,PV_143_block_004,PV_143_004_206289_L,206289.3,206305.95,0.5692336775997627,294.7636363290803,L,monocular,1,1
PV_143,004,PV_143_block_004,PV_143_004_235843_L,235843.05,235893.0,3.2422155722914963,58.227391877601654,L,monocular,1,1
PV_143,004,PV_143_block_004,PV_143_004_294468_L,294467.7,294567.6,7.249617042881319,317.6733527826696,L,monocular,1,1
PV_143,004,PV_143_block_004,PV_143_004_339339_L,339339.45,339422.7,7.730797882085703,70.71343985962025,L,monocular,1,1
PV_143,004,PV_143_block_004,PV_143_004_367361_L,367361.4,367477.95,13.590265515652982,164.95273159104903,L,monocular,1,1
PV_143,004,PV_143_block_004,PV_143_004_380182_L,380181.9,380198.55,1.0173507103742403,288.54734995255944,L,monocular,1,1
PV_143,004,PV_143_block_004,PV_143_004_380199_L,380198.55,380231.85,1.9914341893027936,112.33901349246896,L,monocular,1,1
PV_143,004,PV_143_block_004,PV_143_004_385510_L,385509.9,385526.55,0.6817740711623143,285.26624218193297,L,monocular,1,1
PV_143,004,PV_143_block_004,PV_143_004_392986_L,392985.75,393002.4,0.5408965285534082,100.60369656009068,L,monocular,1,1
PV_143,004,PV_143_block_004,PV_143_004_402560_L,402559.5,402576.15,0.5475741950369972,137.6543005389332,L,monocular,1,1
PV_143,004,PV_143_block_004,PV_143_004_410318_L,410318.4,410351.7,1.663641215603056,128.72959119730805,L,monocular,1,1
PV_143,004,PV_143_block_004,PV_143_004_414997_L,414997.05,415080.3,14.913713870083363,30.80873283266207,L,monocular,1,1
PV_143,004,PV_143_block_004,PV_143_004_433928_L,433928.1,434011.35,6.246272176803106,269.1889617430733,L,monocular,1,1
PV_143,004,PV_143_block_004,PV_143_004_540155_L,540155.1,540171.75,0.5283264044896742,207.1097640693803,L,monocular,1,1
PV_143,004,PV_143_block_004,PV_143_004_554641_L,554640.6,554673.9,1.4061163367584724,184.38345032737942,L,monocular,1,1
PV_143,004,PV_143_block_004,PV_143_004_561650_L,561650.25,561666.9,0.6573664955569513,84.29226971851456,L,monocular,1,1
PV_143,004,PV_143_block_004,PV_143_004_571424_L,571423.8,571457.1,1.990226219792915,38.91922160519818,L,monocular,1,1
PV_143,004,PV_143_block_004,PV_143_004_624338_L,624337.5,624370.8,1.8971660177251832,202.7419481183696,L,monocular,1,1
PV_143,004,PV_143_block_004,PV_143_004_637574_L,637574.25,637607.55,1.2728904263095788,20.679039374596616,L,monocular,1,1
PV_143,004,PV_143_block_004,PV_143_004_667744_L,667744.05,667760.7,0.5614355239064083,9.943402907059902,L,monocular,1,1
PV_143,004,PV_143_block_004,PV_143_004_686442_L,686442.0,686458.65,1.626910991519159,10.10890931857986,L,monocular,1,1
PV_143,004,PV_143_block_004,PV_143_004_844917_L,844916.7,844933.35,0.5386245966793283,343.81532163408366,L,monocular,1,1
PV_143,004,PV_143_block_004,PV_143_004_844950_L,844950.0,844966.65,0.5532499561984333,283.9781819765358,L,monocular,1,1
PV_143,004,PV_143_block_004,PV_143_004_848563_L,848563.05,848629.65,5.444881632870254,158.80089086330958,L,monocular,1,1
PV_143,004,PV_143_block_004,PV_143_004_866712_L,866711.55,866728.2,0.7750587516045985,308.2257004574237,L,monocular,1,1
PV_143,004,PV_143_block_004,PV_143_004_870042_L,870041.55,870108.15,4.457331969716367,127.97918483695852,L,monocular,1,1
PV_143,004,PV_143_block_004,PV_143_004_870125_L,870124.8,870174.75,3.121926896914599,118.84778056462524,L,monocular,1,1
PV_143,004,PV_143_block_004,PV_143_004_870191_L,870191.4,870208.05,,,L,monocular,1,1
PV_143,004,PV_143_block_004,PV_143_004_934843_L,934843.35,934876.65,1.3493066768096615,305.9025955931515,L,monocular,1,1
PV_143,004,PV_143_block_004,PV_143_004_934993_L,934993.2,935043.15,5.508749751458984,19.203869154998742,L,monocular,1,1
PV_143,004,PV_143_block_004,PV_143_004_949828_L,949828.35,949845.0,0.6726779051741212,332.37411945130316,L,monocular,1,1
PV_143,004,PV_143_block_004,PV_143_004_949862_L,949861.65,949961.55,13.701798424726352,25.848432124432584,L,monocular,1,1
PV_143,004,PV_143_block_004,PV_143_004_971423_L,971423.4,971440.05,0.5238021537586436,296.4719980417249,L,monocular,1,1
PV_143,004,PV_143_block_004,PV_143_004_971457_L,971456.7,971473.35,0.624319565181208,292.383639177453,L,monocular,1,1
PV_143,004,PV_143_block_004,PV_143_004_971806_L,971806.35,971872.95,8.280641566935117,68.37159315115096,L,monocular,1,1
PV_143,004,PV_143_block_004,PV_143_004_978866_L,978865.95,978882.6,0.5783804104894523,119.56354793008364,L,monocular,1,1
PV_143,004,PV_143_block_004,PV_143_004_986492_L,986491.65,986508.3,0.6234735351230499,284.15734637574485,L,monocular,1,1
PV_143,004,PV_143_block_004,PV_143_004_986525_L,986524.95,986574.9,2.2938714980990587,283.17368710467775,L,monocular,1,1
PV_143,004,PV_143_block_004,PV_143_004_991437_L,991436.7,991453.35,0.5884009570821307,77.20606577948973,L,monocular,1,1
PV_143,004,PV_143_block_004,PV_143_004_997814_L,997813.65,997830.3,0.9910621400994798,150.1797595988519,L,monocular,1,1
PV_143,004,PV_143_block_004,PV_143_004_997964_L,997963.5,997980.15,0.8145000580002139,293.08478186680907,L,monocular,1,1
PV_143,004,PV_143_block_004,PV_143_004_1007687_L,1007687.1,1007720.4,2.4021149102766404,131.9733456832336,L,monocular,1,1
PV_143,004,PV_143_block_004,PV_143_004_1007820_L,1007820.3,1007836.95,0.7033202119475654,65.00792655417006,L,monocular,1,1
PV_143,004,PV_143_block_004,PV_143_004_1043834_L,1043834.25,1043900.85,3.273522816892428,54.132463463270575,L,monocular,1,1
PV_143,004,PV_143_block_004,PV_143_004_1070191_L,1070191.2,1070324.4,25.801889097164324,93.58108936812366,L,monocular,1,1
PV_143,004,PV_143_block_004,PV_143_004_1107104_L,1107104.25,1107137.55,,,L,monocular,1,1
PV_143,004,PV_143_block_004,PV_143_004_1143318_L,1143318.0,1143351.3,1.747560919803025,283.64537202955887,L,monocular,1,1
PV_143,004,PV_143_block_004,PV_143_004_1149429_L,1149428.55,1149445.2,0.700207837635083,127.76983670667562,L,monocular,1,1
PV_143,004,PV_143_block_004,PV_143_004_1149528_L,1149528.45,1149545.1,,,L,monocular,1,1
PV_143,004,PV_143_block_004,PV_143_004_1169675_L,1169674.95,1169708.25,2.0562920066836843,153.42217702182225,L,monocular,1,1
PV_143,004,PV_143_block_004,PV_143_004_1169725_L,1169724.9,1169758.2,1.4788398504900377,128.12198431860193,L,monocular,1,1
PV_143,004,PV_143_block_004,PV_143_004_1170424_L,1170424.2,1170474.15,5.987840618002627,70.07661077151809,L,monocular,1,1
PV_143,004,PV_143_block_004,PV_143_004_1177367_L,1177367.25,1177433.85,7.78166886460473,260.482435954375,L,monocular,1,1
PV_143,004,PV_143_block_004,PV_143_004_1201127_L,1201126.8,1201143.45,2.731731075271848,129.76112440066836,L,monocular,1,1
PV_143,004,PV_143_block_004,PV_143_004_1201143_L,1201143.45,1201160.1,2.019618115144013,317.49758598512676,L,monocular,1,1
PV_143,004,PV_143_block_004,PV_143_004_1201160_L,1201160.1,1201176.75,0.7523486248083507,121.6590855885417,L,monocular,1,1
PV_143,004,PV_143_block_004,PV_143_004_1205256_L,1205256.0,1205289.3,2.8659976414716484,292.2930482463609,L,monocular,1,1
PV_143,004,PV_143_block_004,PV_143_004_1205339_L,1205339.25,1205355.9,0.6042417214672323,326.8540044777403,L,monocular,1,1
PV_143,004,PV_143_block_004,PV_143_004_1205373_L,1205372.55,1205405.85,4.054111511777982,37.90331130664634,L,monocular,1,1
PV_143,004,PV_143_block_004,PV_143_004_1223904_L,1223904.0,1223920.65,0.8810503361598694,206.44457403546596,L,monocular,1,1
PV_143,004,PV_143_block_004,PV_143_004_1223921_L,1223920.65,1223937.3,0.5780817214120075,107.56190588368314,L,monocular,1,1
PV_143,004,PV_143_block_004,PV_143_004_1225070_L,1225069.5,1225086.15,0.671902407018251,127.23091185572459,L,monocular,1,1
PV_143,004,PV_143_block_004,PV_143_004_1225119_L,1225119.45,1225136.1,,,L,monocular,1,1
PV_143,004,PV_143_block_004,PV_143_004_149829_R,149829.15,149895.75,15.548478512555713,43.873445656251306,R,monocular,1,1
PV_143,004,PV_143_block_004,PV_143_004_188391_R,188390.55,188440.5,3.7597399227338375,296.94239079097815,R,monocular,1,1
PV_143,004,PV_143_block_004,PV_143_004_316862_R,316861.95,316878.6,0.7145033803912677,261.8682248627408,R,monocular,1,1
PV_143,004,PV_143_block_004,PV_143_004_316895_R,316895.25,316911.9,0.5201023048171881,245.6737306825114,R,monocular,1,1
PV_143,004,PV_143_block_004,PV_143_004_379549_R,379549.2,379582.5,1.9817356441896283,23.44761604638083,R,monocular,1,1
PV_143,004,PV_143_block_004,PV_143_004_379949_R,379948.8,379965.45,,,R,monocular,1,1
PV_143,004,PV_143_block_004,PV_143_004_456239_R,456239.1,456255.75,0.7747577331570222,223.22306412998768,R,monocular,1,1
PV_143,004,PV_143_block_004,PV_143_004_465780_R,465779.55,465796.2,0.6751306781992155,217.54440090210585,R,monocular,1,1
PV_143,004,PV_143_block_004,PV_143_004_508786_R,508786.5,508803.15,0.9479582875009683,358.75535335874247,R,monocular,1,1
PV_143,004,PV_143_block_004,PV_143_004_561600_R,561600.3,561616.95,1.9879272679436066,325.10809505400687,R,monocular,1,1
PV_143,004,PV_143_block_004,PV_143_004_562882_R,562882.35,562899.0,0.5746718510432594,76.7996231379064,R,monocular,1,1
PV_143,004,PV_143_block_004,PV_143_004_582912_R,582912.3,582945.6,1.1109748349988195,344.127833912559,R,monocular,1,1
PV_143,004,PV_143_block_004,PV_143_004_720774_R,720774.3,720824.25,2.7844645928182636,54.215022233006245,R,monocular,1,1
PV_143,004,PV_143_block_004,PV_143_004_725836_R,725835.9,725869.2,1.8012547665841196,108.99929024632995,R,monocular,1,1
PV_143,004,PV_143_block_004,PV_143_004_1147514_R,1147513.8,1147530.45,,,R,monocular,1,1
PV_143,004,PV_143_block_004,PV_143_004_1147564_R,1147563.75,1147580.4,0.6537309460976369,54.32497172557783,R,monocular,1,1
PV_143,004,PV_143_block_004,PV_143_004_1150178_R,1150177.8,1150211.1,1.5780192410117553,251.0641299955461,R,monocular,1,1
PV_143,004,PV_143_block_004,PV_143_004_1153774_R,1153774.2,1153790.85,2.5068976536728065,294.09580458730784,R,monocular,1,1
PV_143,004,PV_143_block_004,PV_143_004_1153791_R,1153790.85,1153824.15,2.8453089782873624,109.57713514425735,R,monocular,1,1
PV_143,004,PV_143_block_004,PV_143_004_1153874_R,1153874.1,1153890.75,2.5330579431082474,114.52923152309127,R,monocular,1,1
PV_143,004,PV_143_block_004,PV_143_004_1153891_R,1153890.75,1153924.05,2.611582201880468,293.4351023623608,R,monocular,1,1
PV_143,004,PV_143_block_004,PV_143_004_1153991_R,1153990.65,1154007.3,2.9626043855899447,297.89742694859734,R,monocular,1,1
PV_143,004,PV_143_block_004,PV_143_004_1154307_R,1154307.0,1154323.65,,,R,monocular,1,1
PV_143,004,PV_143_block_004,PV_143_004_1154424_R,1154423.55,1154440.2,2.795075083641845,290.81623845354966,R,monocular,1,1
PV_143,004,PV_143_block_004,PV_143_004_1154623_R,1154623.35,1154640.0,,,R,monocular,1,1
PV_143,004,PV_143_block_004,PV_143_004_1154673_R,1154673.3,1154689.95,,,R,monocular,1,1
PV_143,004,PV_143_block_004,PV_143_004_1155256_R,1155256.05,1155272.7,0.6550055205330421,100.40396174351339,R,monocular,1,1
PV_143,004,PV_143_block_004,PV_143_004_1155439_R,1155439.2,1155455.85,,,R,monocular,1,1
PV_143,004,PV_143_block_004,PV_143_004_1156938_R,1156937.7,1156954.35,,,R,monocular,1,1
PV_143,004,PV_143_block_004,PV_143_004_1220691_R,1220690.55,1220707.2,,,R,monocular,1,1
PV_62,024,PV_62_block_024,PV_62_024_35605_L,35605.25,35656.2,1.9576432902918808,172.37058621274494,L,binocular,2,2
PV_62,024,PV_62_block_024,PV_62_024_113342_L,113341.95,113392.9,3.0673425619104937,190.22400300911016,L,binocular,2,2
PV_62,024,PV_62_block_024,PV_62_024_181163_L,181163.35,181197.3,1.4878271964551522,8.217980354792608,L,binocular,2,2
PV_62,024,PV_62_block_024,PV_62_024_220879_R,220879.35,220913.35,3.470617091038253,317.494246245903,R,binocular,2,2
PV_62,024,PV_62_block_024,PV_62_024_220947_R,220947.3,220998.3,2.587862930839044,194.8815602455374,R,binocular,2,2
PV_62,024,PV_62_block_024,PV_62_024_288688_R,288688.05,288739.0,5.430176588735634,86.73753536458268,R,binocular,2,2
PV_62,024,PV_62_block_024,PV_62_024_324469_R,324468.65,324519.6,2.527111457778869,166.03071906692583,R,binocular,2,2
PV_62,024,PV_62_block_024,PV_62_024_332330_L,332330.35,332364.3,6.192444100510417,20.016170072607743,L,binocular,2,2
PV_62,024,PV_62_block_024,PV_62_024_361525_R,361524.95,361558.95,0.6663373111697577,226.25612420386693,R,binocular,2,2
PV_62,024,PV_62_block_024,PV_62_024_422663_R,422663.35,422748.25,4.770206976784979,359.8741045720071,R,binocular,2,2
PV_62,024,PV_62_block_024,PV_62_024_438356_L,438355.8,438389.75,1.7726227557713456,2.0612742664898627,L,binocular,2,2
PV_62,024,PV_62_block_024,PV_62_024_438916_R,438916.3,438967.25,8.158005889270914,151.16148452253054,R,binocular,2,2
PV_62,024,PV_62_block_024,PV_62_024_530682_R,530682.45,530716.4,3.1205519766251375,319.7597487119209,R,binocular,2,2
PV_62,024,PV_62_block_024,PV_62_024_566481_R,566480.55,566548.5,6.077795642220479,359.57693207856494,R,binocular,2,2
PV_62,024,PV_62_block_024,PV_62_024_640470_L,640469.5,640537.45,12.060773522981648,26.920527718699788,L,binocular,2,2
PV_62,024,PV_62_block_024,PV_62_024_653772_R,653771.85,653822.8,3.4622839116368636,105.6009321341121,R,binocular,2,2
PV_62,024,PV_62_block_024,PV_62_024_725019_L,725018.85,725103.8,9.187385646974029,42.17324514872155,L,binocular,2,2
PV_62,024,PV_62_block_024,PV_62_024_787509_R,787509.4,787594.35,4.781161235219514,45.88647403236513,R,binocular,2,2
PV_62,024,PV_62_block_024,PV_62_024_791009_L,791009.35,791060.35,4.272960843964034,88.62928074275044,L,binocular,2,2
PV_62,024,PV_62_block_024,PV_62_024_808438_R,808437.7,808471.7,1.2792659502662493,196.99493695184654,R,binocular,2,2
PV_62,024,PV_62_block_024,PV_62_024_816999_L,816999.2,817050.2,4.206705270790413,208.23100681211756,L,binocular,2,2
PV_62,024,PV_62_block_024,PV_62_024_833254_R,833254.1,833288.1,1.3436946253299136,310.24074406662123,R,binocular,2,2
PV_62,024,PV_62_block_024,PV_62_024_901533_R,901533.15,901567.1,1.649732285426184,182.56917537696285,R,binocular,2,2
PV_62,024,PV_62_block_024,PV_62_024_942708_L,942708.1,942759.05,2.085695176360983,221.674833022578,L,binocular,2,2
PV_62,024,PV_62_block_024,PV_62_024_966812_R,966811.65,966862.6,1.6053469309537258,338.2270689845518,R,binocular,2,2
PV_62,024,PV_62_block_024,PV_62_024_989996_L,989995.55,990029.5,1.3093319804159218,184.78800188244986,L,binocular,2,2
PV_62,024,PV_62_block_024,PV_62_024_999356_R,999356.45,999390.4,2.1759800077225226,279.53454965899596,R,binocular,2,2
PV_62,024,PV_62_block_024,PV_62_024_1139755_R,1139754.95,1139805.95,4.803899177141288,150.1426394673097,R,binocular,2,2
PV_62,024,PV_62_block_024,PV_62_024_1214058_R,1214058.3,1214126.2,5.705439925985741,147.00228223733603,R,binocular,2,2
PV_62,024,PV_62_block_024,PV_62_024_1250976_L,1250975.85,1251026.85,1.5849638765145708,155.13200518764734,L,binocular,2,2
PV_62,024,PV_62_block_024,PV_62_024_1518617_L,1518616.7,1518667.65,3.965930527585719,40.18849294110551,L,binocular,2,2
PV_62,024,PV_62_block_024,PV_62_024_1538122_L,1538122.15,1538173.1,3.2606909318143353,27.923927165015616,L,binocular,2,2
PV_62,024,PV_62_block_024,PV_62_024_1551968_R,1551968.05,1552019.0,0.5416262208466052,272.495246313603,R,binocular,2,2
PV_62,024,PV_62_block_024,PV_62_024_1576024_L,1576024.45,1576109.4,4.578295180696244,69.28066156620939,L,binocular,2,2
PV_62,024,PV_62_block_024,PV_62_024_35656_L,35656.2,35690.2,1.4480924835964486,174.70897859662693,L,monocular,1,1
PV_62,024,PV_62_block_024,PV_62_024_49025_L,49024.7,49058.7,1.2833662297745032,35.68269131297327,L,monocular,1,1
PV_62,024,PV_62_block_024,PV_62_024_60746_L,60746.35,60780.3,2.806885282710301,194.0317882934617,L,monocular,1,1
PV_62,024,PV_62_block_024,PV_62_024_95318_L,95317.55,95334.55,0.9404947178491969,11.358580508540891,L,monocular,1,1
PV_62,024,PV_62_block_024,PV_62_024_104169_L,104168.9,104236.85,3.056933234112092,209.07694973662075,L,monocular,1,1
PV_62,024,PV_62_block_024,PV_62_024_119662_L,119662.0,119696.0,1.4021972963438147,177.27488127478807,L,monocular,1,1
PV_62,024,PV_62_block_024,PV_62_024_158634_L,158634.0,158668.0,1.709449031593254,211.41447910456995,L,monocular,1,1
PV_62,024,PV_62_block_024,PV_62_024_223563_L,223562.85,223596.8,1.444204174795611,198.2748116773837,L,monocular,1,1
PV_62,024,PV_62_block_024,PV_62_024_229218_L,229218.1,229235.1,0.5409509503673102,116.26971208503302,L,monocular,1,1
PV_62,024,PV_62_block_024,PV_62_024_229252_L,229252.05,229269.05,0.636023633761616,100.73205816565063,L,monocular,1,1
PV_62,024,PV_62_block_024,PV_62_024_361644_L,361643.85,361677.8,1.7874253946253649,245.0088538361137,L,monocular,1,1
PV_62,024,PV_62_block_024,PV_62_024_391112_L,391112.0,391145.95,1.4959538836821604,187.70018289317457,L,monocular,1,1
PV_62,024,PV_62_block_024,PV_62_024_441804_L,441804.05,441838.0,1.4697969734537257,309.53788612152584,L,monocular,1,1
PV_62,024,PV_62_block_024,PV_62_024_443808_L,443808.2,443842.2,1.5022557046523604,193.31165597185392,L,monocular,1,1
PV_62,024,PV_62_block_024,PV_62_024_515176_L,515176.35,515227.3,2.7479103635790376,97.52937212473475,L,monocular,1,1
PV_62,024,PV_62_block_024,PV_62_024_686205_L,686204.75,686221.75,0.5503629080486049,193.8638963888921,L,monocular,1,1
PV_62,024,PV_62_block_024,PV_62_024_690129_L,690128.9,690145.85,0.6894757269862999,17.598042812573304,L,monocular,1,1
PV_62,024,PV_62_block_024,PV_62_024_690180_L,690179.85,690230.8,2.0540459138910787,303.6262522386695,L,monocular,1,1
PV_62,024,PV_62_block_024,PV_62_024_703972_L,703972.4,704023.35,2.4103387184376674,185.94093925156386,L,monocular,1,1
PV_62,024,PV_62_block_024,PV_62_024_756785_L,756785.05,756802.05,0.7620182077522791,6.987626918888728,L,monocular,1,1
PV_62,024,PV_62_block_024,PV_62_024_782924_L,782923.5,782940.5,0.6490120387667763,190.76081283221654,L,monocular,1,1
PV_62,024,PV_62_block_024,PV_62_024_815300_L,815300.5,815317.5,0.5599074444939773,189.24042766535342,L,monocular,1,1
PV_62,024,PV_62_block_024,PV_62_024_830758_L,830757.65,830774.6,0.5917261570353833,17.87515637936742,L,monocular,1,1
PV_62,024,PV_62_block_024,PV_62_024_897966_L,897966.0,898033.95,3.300558400627646,206.00382959546275,L,monocular,1,1
PV_62,024,PV_62_block_024,PV_62_024_901567_L,901567.1,901584.1,0.638189871861412,186.90351934470064,L,monocular,1,1
PV_62,024,PV_62_block_024,PV_62_024_929798_L,929798.25,929815.25,0.6116902653216534,162.29734741667875,L,monocular,1,1
PV_62,024,PV_62_block_024,PV_62_024_938852_L,938851.95,938885.95,2.193182412703471,338.14854544760414,L,monocular,1,1
PV_62,024,PV_62_block_024,PV_62_024_944152_L,944152.15,944254.1,9.494697763579332,165.99276968197535,L,monocular,1,1
PV_62,024,PV_62_block_024,PV_62_024_957147_L,957147.25,957232.2,12.11332606988668,5.579658377892685,L,monocular,1,1
PV_62,024,PV_62_block_024,PV_62_024_995857_L,995857.05,995874.05,0.7380618750749223,205.31243107970784,L,monocular,1,1
PV_62,024,PV_62_block_024,PV_62_024_1000121_L,1000120.7,1000137.7,1.249214243742858,190.1754826597853,L,monocular,1,1
PV_62,024,PV_62_block_024,PV_62_024_1013981_L,1013981.4,1014032.4,3.143753838171061,2.070364400833766,L,monocular,1,1
PV_62,024,PV_62_block_024,PV_62_024_1017413_L,1017413.15,1017498.1,4.6324713409102385,195.60838061515702,L,monocular,1,1
PV_62,024,PV_62_block_024,PV_62_024_1100166_L,1100165.7,1100216.65,3.649711277883051,211.2367609026693,L,monocular,1,1
PV_62,024,PV_62_block_024,PV_62_024_1100234_L,1100233.6,1100318.55,16.54710094762354,116.77032130877961,L,monocular,1,1
PV_62,024,PV_62_block_024,PV_62_024_1101847_L,1101846.85,1101931.8,7.365756671455434,293.3664124686689,L,monocular,1,1
PV_62,024,PV_62_block_024,PV_62_024_1105192_L,1105192.5,1105226.5,1.5656119160689337,322.1160937738915,L,monocular,1,1
PV_62,024,PV_62_block_024,PV_62_024_1139857_L,1139856.9,1139873.9,0.5882287358843618,209.28061370714616,L,monocular,1,1
PV_62,024,PV_62_block_024,PV_62_024_1302038_L,1302037.65,1302071.6,2.117809266914243,247.41896119111317,L,monocular,1,1
PV_62,024,PV_62_block_024,PV_62_024_1344052_L,1344052.0,1344086.0,1.5518559154572809,148.39973881359077,L,monocular,1,1
PV_62,024,PV_62_block_024,PV_62_024_1374036_L,1374036.35,1374172.25,12.04293192784508,32.1540963669751,L,monocular,1,1
PV_62,024,PV_62_block_024,PV_62_024_1453433_L,1453433.4,1453467.35,1.527334407140576,206.34662716282426,L,monocular,1,1
PV_62,024,PV_62_block_024,PV_62_024_1469182_L,1469181.5,1469215.5,1.301290924599924,6.935018796637674,L,monocular,1,1
PV_62,024,PV_62_block_024,PV_62_024_1488990_L,1488989.5,1489006.5,0.7557403925950157,196.70218520216167,L,monocular,1,1
PV_62,024,PV_62_block_024,PV_62_024_1542506_L,1542505.85,1542556.8,3.568812255887333,40.80583787495403,L,monocular,1,1
PV_62,024,PV_62_block_024,PV_62_024_1567785_L,1567784.65,1567801.65,0.5420682502745996,205.21675952939384,L,monocular,1,1
PV_62,024,PV_62_block_024,PV_62_024_35503_R,35503.3,35554.25,4.6176953970674495,176.50862693018618,R,monocular,1,1
PV_62,024,PV_62_block_024,PV_62_024_61239_R,61239.0,61272.95,1.7058656001752495,100.58665868815724,R,monocular,1,1
PV_62,024,PV_62_block_024,PV_62_024_175880_R,175879.75,175896.75,0.5876690943414369,341.18200106364,R,monocular,1,1
PV_62,024,PV_62_block_024,PV_62_024_283798_R,283797.55,283831.5,2.1548229286513134,96.56388691530401,R,monocular,1,1
PV_62,024,PV_62_block_024,PV_62_024_370510_R,370510.15,370561.1,3.800032056756363,137.0754435399576,R,monocular,1,1
PV_62,024,PV_62_block_024,PV_62_024_370578_R,370578.1,370595.05,2.1765682213122948,140.9983118213496,R,monocular,1,1
PV_62,024,PV_62_block_024,PV_62_024_479627_R,479626.85,479643.8,0.7123227930263449,93.79278910266672,R,monocular,1,1
PV_62,024,PV_62_block_024,PV_62_024_530733_R,530733.4,530750.35,0.6402522845836363,300.8311864479741,R,monocular,1,1
PV_62,024,PV_62_block_024,PV_62_024_530767_R,530767.35,530784.35,0.6164522785051759,344.20064721290254,R,monocular,1,1
PV_62,024,PV_62_block_024,PV_62_024_595506_R,595506.2,595523.2,0.7006379549832165,228.33371749867987,R,monocular,1,1
PV_62,024,PV_62_block_024,PV_62_024_595574_R,595574.15,595591.15,0.504048841604146,260.6907075032115,R,monocular,1,1
PV_62,024,PV_62_block_024,PV_62_024_600687_R,600686.75,600720.7,2.4707744905114217,332.88265992696483,R,monocular,1,1
PV_62,024,PV_62_block_024,PV_62_024_622498_R,622497.85,622531.85,1.1393503445405408,103.35575539635713,R,monocular,1,1
PV_62,024,PV_62_block_024,PV_62_024_658852_R,658852.1,658937.1,4.663472292375053,186.94707249901833,R,monocular,1,1
PV_62,024,PV_62_block_024,PV_62_024_747153_R,747153.15,747187.15,1.5403752963188473,318.68235638046497,R,monocular,1,1
PV_62,024,PV_62_block_024,PV_62_024_761541_R,761540.85,761557.8,0.6006409043362595,346.51368251511394,R,monocular,1,1
PV_62,024,PV_62_block_024,PV_62_024_815334_R,815334.5,815351.45,0.6656496043838169,241.79240119107357,R,monocular,1,1
PV_62,024,PV_62_block_024,PV_62_024_897507_R,897507.3,897558.3,8.25367072392899,359.9173016458445,R,monocular,1,1
PV_62,024,PV_62_block_024,PV_62_024_993122_R,993121.5,993138.5,0.7859507751565952,183.60070370333924,R,monocular,1,1
PV_62,024,PV_62_block_024,PV_62_024_993189_R,993189.45,993240.45,4.410391491270506,244.94231552252558,R,monocular,1,1
PV_62,024,PV_62_block_024,PV_62_024_995823_R,995823.05,995840.05,0.5876673639353679,126.79754244532089,R,monocular,1,1
PV_62,024,PV_62_block_024,PV_62_024_1000070_R,1000069.75,1000154.7,15.584146318627981,81.55334812697642,R,monocular,1,1
PV_62,024,PV_62_block_024,PV_62_024_1019418_R,1019418.15,1019469.15,4.126092795478675,201.84410962225334,R,monocular,1,1
PV_62,024,PV_62_block_024,PV_62_024_1044543_R,1044542.85,1044559.85,0.5168987878168253,344.62025524108554,R,monocular,1,1
PV_62,024,PV_62_block_024,PV_62_024_1100132_R,1100131.7,1100284.6,19.606732512480967,119.40314399256573,R,monocular,1,1
PV_62,024,PV_62_block_024,PV_62_024_1109574_R,1109574.4,1109625.4,3.6262714721595124,137.6144985113444,R,monocular,1,1
PV_62,024,PV_62_block_024,PV_62_024_1112394_R,1112393.55,1112427.5,4.715055533465138,18.881167359132363,R,monocular,1,1
PV_62,024,PV_62_block_024,PV_62_024_1147077_R,1147076.95,1147093.95,0.6118388205428839,295.85153612531485,R,monocular,1,1
PV_62,024,PV_62_block_024,PV_62_024_1163502_R,1163501.7,1163518.7,0.5983318878944415,26.01313883885899,R,monocular,1,1
PV_62,024,PV_62_block_024,PV_62_024_1194514_R,1194514.4,1194531.4,0.5934510210661151,287.5972826597811,R,monocular,1,1
PV_62,024,PV_62_block_024,PV_62_024_1281261_R,1281261.35,1281278.35,0.8642096635904041,278.5380673516137,R,monocular,1,1
PV_62,024,PV_62_block_024,PV_62_024_1281278_R,1281278.35,1281295.35,0.7399686662141418,92.4961000836485,R,monocular,1,1
PV_62,024,PV_62_block_024,PV_62_024_1281329_R,1281329.3,1281363.3,0.8970036777988346,90.91092700217625,R,monocular,1,1
PV_62,024,PV_62_block_024,PV_62_024_1281686_R,1281686.1,1281720.1,0.8687114381806881,270.471049589993,R,monocular,1,1
PV_62,024,PV_62_block_024,PV_62_024_1281805_R,1281805.0,1281822.0,0.8485742248490223,270.9930558413503,R,monocular,1,1
PV_62,024,PV_62_block_024,PV_62_024_1281822_R,1281822.0,1281839.0,0.8203581975061837,89.4261233194554,R,monocular,1,1
PV_62,024,PV_62_block_024,PV_62_024_1281839_R,1281839.0,1281855.95,0.8927933059080354,270.3556680511864,R,monocular,1,1
PV_62,024,PV_62_block_024,PV_62_024_1281890_R,1281889.95,1281906.9,0.8359506048040114,268.85381284799007,R,monocular,1,1
PV_62,024,PV_62_block_024,PV_62_024_1281941_R,1281940.9,1281957.9,0.8398060999996398,270.4538889506932,R,monocular,1,1
PV_62,024,PV_62_block_024,PV_62_024_1282196_R,1282195.7,1282212.65,0.8777189994989432,89.66219909530778,R,monocular,1,1
PV_62,024,PV_62_block_024,PV_62_024_1282416_R,1282416.5,1282433.45,0.7685014213141125,87.7420939947139,R,monocular,1,1
PV_62,024,PV_62_block_024,PV_62_024_1282569_R,1282569.3,1282586.3,0.8349627265280763,92.96270698478035,R,monocular,1,1
PV_62,024,PV_62_block_024,PV_62_024_1282586_R,1282586.3,1282603.3,0.8763750135012095,269.5911448588489,R,monocular,1,1
PV_62,024,PV_62_block_024,PV_62_024_1282603_R,1282603.3,1282620.25,0.7710046260059336,89.57954848360657,R,monocular,1,1
PV_62,024,PV_62_block_024,PV_62_024_1282705_R,1282705.2,1282722.2,0.87363436142138,268.88902471966725,R,monocular,1,1
PV_62,024,PV_62_block_024,PV_62_024_1283045_R,1283044.85,1283078.8,0.9598280785438259,269.6087417755378,R,monocular,1,1
PV_62,024,PV_62_block_024,PV_62_024_1283096_R,1283095.8,1283129.8,1.0568622225296427,269.7072050983119,R,monocular,1,1
PV_62,024,PV_62_block_024,PV_62_024_1283198_R,1283197.7,1283214.7,0.8693273003097625,270.8435740638745,R,monocular,1,1
PV_62,024,PV_62_block_024,PV_62_024_1283215_R,1283214.7,1283231.7,0.808122057625358,92.07325821044215,R,monocular,1,1
PV_62,024,PV_62_block_024,PV_62_024_1377009_R,1377008.9,1377025.9,0.5413439037519631,261.7760810333063,R,monocular,1,1
PV_62,024,PV_62_block_024,PV_62_024_1389681_R,1389680.8,1389697.8,0.5187040033987754,45.751829209505864,R,monocular,1,1
PV_62,024,PV_62_block_024,PV_62_024_1397019_R,1397019.15,1397036.15,0.9273923932193251,86.1102990339498,R,monocular,1,1
PV_62,024,PV_62_block_024,PV_62_024_1435344_R,1435343.7,1435428.65,7.352660267815782,122.87233614379447,R,monocular,1,1
PV_62,024,PV_62_block_024,PV_62_024_1453365_R,1453365.45,1453433.4,6.395116379946931,112.75186197794682,R,monocular,1,1
PV_62,024,PV_62_block_024,PV_62_024_1542472_R,1542471.85,1542573.8,14.648292963188261,39.15184598847646,R,monocular,1,1
PV_62,024,PV_62_block_024,PV_62_024_1543202_R,1543202.4,1543219.4,1.4692066274536952,264.49876823393674,R,monocular,1,1
PV_62,026,PV_62_block_026,PV_62_026_105640_L,105639.9,105707.85,2.8458015422879033,285.69035203336557,L,binocular,2,2
PV_62,026,PV_62_block_026,PV_62_026_148679_R,148678.8,148729.7,3.371122889886206,5.668324862964724,R,binocular,2,2
PV_62,026,PV_62_block_026,PV_62_026_227295_R,227295.0,227362.95,5.502807390573511,340.1075899255885,R,binocular,2,2
PV_62,026,PV_62_block_026,PV_62_026_228348_L,228348.05,228432.95,6.119562973683979,260.24899909763366,L,binocular,2,2
PV_62,026,PV_62_block_026,PV_62_026_347241_R,347241.45,347292.35,1.833030059283425,207.98682328005037,R,binocular,2,2
PV_62,026,PV_62_block_026,PV_62_026_371560_L,371560.15,371628.1,7.935547769435212,23.722395264736413,L,binocular,2,2
PV_62,026,PV_62_block_026,PV_62_026_402231_R,402230.7,402264.65,0.7297984110350966,151.18462484114067,R,binocular,2,2
PV_62,026,PV_62_block_026,PV_62_026_466397_R,466397.4,466465.35,2.452642429813781,188.8163572274215,R,binocular,2,2
PV_62,026,PV_62_block_026,PV_62_026_484839_R,484838.75,484889.7,2.302818599403413,188.6688803029577,R,binocular,2,2
PV_62,026,PV_62_block_026,PV_62_026_489033_R,489032.9,489168.75,12.145796960687573,247.27934973503812,R,binocular,2,2
PV_62,026,PV_62_block_026,PV_62_026_503652_L,503651.9,503736.75,5.808963829012745,215.1737586258619,L,binocular,2,2
PV_62,026,PV_62_block_026,PV_62_026_663266_L,663265.75,663350.65,7.512907204658328,27.279748126736422,L,binocular,2,2
PV_62,026,PV_62_block_026,PV_62_026_677224_R,677223.6,677291.55,5.396156612223875,7.608947832887259,R,binocular,2,2
PV_62,026,PV_62_block_026,PV_62_026_697840_L,697840.3,697891.25,6.2905689520987,215.6020923019609,L,binocular,2,2
PV_62,026,PV_62_block_026,PV_62_026_701373_R,701372.8,701440.7,2.729191305383737,133.63125475165475,R,binocular,2,2
PV_62,026,PV_62_block_026,PV_62_026_826874_L,826873.85,826924.85,3.4159765032800173,197.81263064262845,L,binocular,2,2
PV_62,026,PV_62_block_026,PV_62_026_833702_L,833702.4,833787.3,7.547060797669445,15.039465719313919,L,binocular,2,2
PV_62,026,PV_62_block_026,PV_62_026_848022_L,848022.25,848124.15,11.390936962031754,60.56893354644974,L,binocular,2,2
PV_62,026,PV_62_block_026,PV_62_026_896308_L,896307.6,896460.45,9.046901696836795,196.39008167886328,L,binocular,2,2
PV_62,026,PV_62_block_026,PV_62_026_915342_R,915342.4,915427.3,5.448510330112581,45.300181626936535,R,binocular,2,2
PV_62,026,PV_62_block_026,PV_62_026_956278_L,956277.65,956345.6,3.6395510450194806,258.48430602590884,L,binocular,2,2
PV_62,026,PV_62_block_026,PV_62_026_992431_L,992431.2,992482.15,1.8307968328624162,177.77213799130925,L,binocular,2,2
PV_62,026,PV_62_block_026,PV_62_026_1010160_L,1010160.25,1010262.15,17.693216492712818,255.32798506151397,L,binocular,2,2
PV_62,026,PV_62_block_026,PV_62_026_1113468_L,1113467.8,1113518.75,1.4963119711026673,218.72871273440353,L,binocular,2,2
PV_62,026,PV_62_block_026,PV_62_026_1152683_L,1152682.9,1152716.9,1.7889033867139061,102.02779810035474,L,binocular,2,2
PV_62,026,PV_62_block_026,PV_62_026_1182901_R,1182900.65,1182985.6,19.404935341968425,109.8161086205795,R,binocular,2,2
PV_62,026,PV_62_block_026,PV_62_026_1194519_L,1194518.9,1194569.85,,,L,binocular,2,2
PV_62,026,PV_62_block_026,PV_62_026_1213201_R,1213201.35,1213252.25,3.6727226671030317,125.67216304018977,R,binocular,2,2
PV_62,026,PV_62_block_026,PV_62_026_1224733_L,1224732.75,1224868.65,15.993695495369103,12.148217711340852,L,binocular,2,2
PV_62,026,PV_62_block_026,PV_62_026_1228588_L,1228587.95,1228689.85,8.637195949295705,218.9555802336143,L,binocular,2,2
PV_62,026,PV_62_block_026,PV_62_026_1231798_L,1231798.15,1231832.1,1.295856616438331,220.1661025831352,L,binocular,2,2
PV_62,026,PV_62_block_026,PV_62_026_1313210_L,1313210.35,1313261.3,2.2869999521629034,7.447016134029751,L,binocular,2,2
PV_62,026,PV_62_block_026,PV_62_026_1313720_L,1313719.85,1313753.8,1.5357378795623717,210.54641097634115,L,binocular,2,2
PV_62,026,PV_62_block_026,PV_62_026_1372234_R,1372234.4,1372302.3,4.152213563172808,344.387768018636,R,binocular,2,2
PV_62,026,PV_62_block_026,PV_62_026_1388252_L,1388252.0,1388370.9,8.000576469927461,283.51350487305496,L,binocular,2,2
PV_62,026,PV_62_block_026,PV_62_026_1397442_R,1397441.5,1397509.45,5.922065212755276,21.531138007268893,R,binocular,2,2
PV_62,026,PV_62_block_026,PV_62_026_1426366_L,1426365.95,1426416.9,2.404333369117338,201.82088075478637,L,binocular,2,2
PV_62,026,PV_62_block_026,PV_62_026_1507743_L,1507742.55,1507776.55,1.5647350191938778,33.48004921241371,L,binocular,2,2
PV_62,026,PV_62_block_026,PV_62_026_1531316_L,1531315.8,1531349.8,1.6365067106154112,173.6711274630949,L,binocular,2,2
PV_62,026,PV_62_block_026,PV_62_026_1534746_R,1534746.1,1534797.05,2.137009585587056,350.8152853108925,R,binocular,2,2
PV_62,026,PV_62_block_026,PV_62_026_1554580_L,1554579.65,1554647.55,2.3938683681798354,196.74362866673638,L,binocular,2,2
PV_62,026,PV_62_block_026,PV_62_026_1583192_R,1583192.5,1583260.4,4.326767053863293,141.03036890803463,R,binocular,2,2
PV_62,026,PV_62_block_026,PV_62_026_1585095_L,1585094.6,1585145.6,6.01633947226916,187.8562974536261,L,binocular,2,2
PV_62,026,PV_62_block_026,PV_62_026_1604032_R,1604031.75,1604150.65,18.336569241102573,61.23052430370896,R,binocular,2,2
PV_62,026,PV_62_block_026,PV_62_026_1610350_R,1610350.25,1610435.2,5.114297499646914,56.634171607565904,R,binocular,2,2
PV_62,026,PV_62_block_026,PV_62_026_1658141_R,1658141.35,1658192.3,4.740733766011464,155.93638703023993,R,binocular,2,2
PV_62,026,PV_62_block_026,PV_62_026_1680050_L,1680049.95,1680117.85,5.335829140004072,35.15229195256818,L,binocular,2,2
PV_62,026,PV_62_block_026,PV_62_026_37046_L,37045.6,37062.6,0.5007238514804322,214.86064965869573,L,monocular,1,1
PV_62,026,PV_62_block_026,PV_62_026_62596_L,62596.0,62646.95,5.601144708233714,284.6875926591051,L,monocular,1,1
PV_62,026,PV_62_block_026,PV_62_026_133021_L,133020.6,133037.6,0.5943675232559069,67.51530591457485,L,monocular,1,1
PV_62,026,PV_62_block_026,PV_62_026_165442_L,165442.15,165493.1,6.725564701689068,7.725775329692404,L,monocular,1,1
PV_62,026,PV_62_block_026,PV_62_026_252515_L,252514.85,252548.85,1.20668666237413,336.39203734987524,L,monocular,1,1
PV_62,026,PV_62_block_026,PV_62_026_272300_L,272299.95,272350.9,2.2231912259606355,223.83792479778822,L,monocular,1,1
PV_62,026,PV_62_block_026,PV_62_026_395828_L,395827.55,395861.5,1.1726725076410347,96.9988580579427,L,monocular,1,1
PV_62,026,PV_62_block_026,PV_62_026_398715_L,398714.9,398782.85,3.6932647503482134,169.56077804039643,L,monocular,1,1
PV_62,026,PV_62_block_026,PV_62_026_409687_L,409687.35,409704.35,0.599763150542508,59.15936094711664,L,monocular,1,1
PV_62,026,PV_62_block_026,PV_62_026_522926_L,522926.0,522960.0,2.9756377426506173,278.90395314675663,L,monocular,1,1
PV_62,026,PV_62_block_026,PV_62_026_663453_L,663452.55,663486.5,1.2322100258440714,20.951330898310115,L,monocular,1,1
PV_62,026,PV_62_block_026,PV_62_026_721531_L,721531.15,721616.1,5.399554632424119,160.4693366730213,L,monocular,1,1
PV_62,026,PV_62_block_026,PV_62_026_782205_L,782205.25,782341.1,9.19386874939894,336.2428045273128,L,monocular,1,1
PV_62,026,PV_62_block_026,PV_62_026_788167_L,788166.8,788200.8,,,L,monocular,1,1
PV_62,026,PV_62_block_026,PV_62_026_852592_L,852591.65,852625.6,1.673381450265775,356.694409827117,L,monocular,1,1
PV_62,026,PV_62_block_026,PV_62_026_852643_L,852642.6,852676.6,2.2193302045910053,272.59404010412754,L,monocular,1,1
PV_62,026,PV_62_block_026,PV_62_026_856838_L,856838.45,856872.45,1.6174852195453078,356.99458090576627,L,monocular,1,1
PV_62,026,PV_62_block_026,PV_62_026_856906_L,856906.4,856923.4,0.6075350084550323,229.11831813429762,L,monocular,1,1
PV_62,026,PV_62_block_026,PV_62_026_908500_L,908499.55,908516.55,0.529007250875956,278.9879167473066,L,monocular,1,1
PV_62,026,PV_62_block_026,PV_62_026_912252_L,912251.85,912302.75,5.560103078572054,68.14898575717258,L,monocular,1,1
PV_62,026,PV_62_block_026,PV_62_026_920300_L,920300.35,920334.35,1.0681899016615777,353.9968385173444,L,monocular,1,1
PV_62,026,PV_62_block_026,PV_62_026_1147656_L,1147655.85,1147672.85,0.6620537797001393,20.01037676870873,L,monocular,1,1
PV_62,026,PV_62_block_026,PV_62_026_1555530_L,1555530.35,1555547.35,0.6920096552425941,169.75450313597528,L,monocular,1,1
PV_62,026,PV_62_block_026,PV_62_026_1561032_L,1561032.2,1561049.2,0.6035967687015298,61.855320820059994,L,monocular,1,1
PV_62,026,PV_62_block_026,PV_62_026_1569795_L,1569795.1,1569812.1,0.5649520727860127,127.03294363833648,L,monocular,1,1
PV_62,026,PV_62_block_026,PV_62_026_1624939_L,1624939.1,1624973.1,1.8664593635057025,299.82326019838393,L,monocular,1,1
PV_62,026,PV_62_block_026,PV_62_026_1658260_L,1658260.25,1658277.25,0.6436761450404024,332.96163215262385,L,monocular,1,1
PV_62,026,PV_62_block_026,PV_62_026_1712673_L,1712672.9,1712706.85,2.556723597175258,39.92148616077546,L,monocular,1,1
PV_62,026,PV_62_block_026,PV_62_026_35839_R,35839.2,35873.2,1.8902689035915063,286.2183276891742,R,monocular,1,1
PV_62,026,PV_62_block_026,PV_62_026_35890_R,35890.15,35907.15,0.7404342725785118,326.1154080156262,R,monocular,1,1
PV_62,026,PV_62_block_026,PV_62_026_186536_R,186536.15,186553.1,0.761574516062609,294.15251936271295,R,monocular,1,1
PV_62,026,PV_62_block_026,PV_62_026_187266_R,187266.3,187351.25,11.770542554401931,61.108383658267684,R,monocular,1,1
PV_62,026,PV_62_block_026,PV_62_026_192192_R,192191.75,192242.7,2.902985793713273,80.06717919398636,R,monocular,1,1
PV_62,026,PV_62_block_026,PV_62_026_208597_R,208597.35,208614.35,0.5925731501527304,97.01490301759159,R,monocular,1,1
PV_62,026,PV_62_block_026,PV_62_026_215288_R,215288.3,215322.25,2.1790994584472343,247.40080771432844,R,monocular,1,1
PV_62,026,PV_62_block_026,PV_62_026_215492_R,215492.1,215526.1,1.221640962034668,239.51200677423054,R,monocular,1,1
PV_62,026,PV_62_block_026,PV_62_026_227397_R,227396.9,227447.85,,,R,monocular,1,1
PV_62,026,PV_62_block_026,PV_62_026_235583_R,235583.0,235600.0,0.5726861916367345,188.6097343317083,R,monocular,1,1
PV_62,026,PV_62_block_026,PV_62_026_266746_R,266745.9,266762.9,0.6725699935152415,10.04435151976381,R,monocular,1,1
PV_62,026,PV_62_block_026,PV_62_026_272266_R,272265.95,272333.9,4.91474849509938,146.53642140958993,R,monocular,1,1
PV_62,026,PV_62_block_026,PV_62_026_285580_R,285580.45,285614.4,1.225200249861461,142.96137077478048,R,monocular,1,1
PV_62,026,PV_62_block_026,PV_62_026_297197_R,297196.75,297230.7,4.84268192621213,81.96112546874326,R,monocular,1,1
PV_62,026,PV_62_block_026,PV_62_026_297248_R,297247.7,297332.6,4.853875920525535,110.39154337063252,R,monocular,1,1
PV_62,026,PV_62_block_026,PV_62_026_398511_R,398511.1,398596.0,10.964169143788117,158.54649388263306,R,monocular,1,1
PV_62,026,PV_62_block_026,PV_62_026_416635_R,416634.55,416651.5,0.5883186807605303,299.77558146554077,R,monocular,1,1
PV_62,026,PV_62_block_026,PV_62_026_422766_R,422766.1,422783.1,0.5016748826688552,337.0120132329516,R,monocular,1,1
PV_62,026,PV_62_block_026,PV_62_026_432124_R,432124.4,432158.4,1.6715277255218528,314.7001698951018,R,monocular,1,1
PV_62,026,PV_62_block_026,PV_62_026_445474_R,445474.3,445508.3,0.8420417553396566,81.11654347869553,R,monocular,1,1
PV_62,026,PV_62_block_026,PV_62_026_445525_R,445525.25,445559.2,0.9117847810747572,83.76293740943245,R,monocular,1,1
PV_62,026,PV_62_block_026,PV_62_026_445644_R,445644.1,445678.1,0.8549386821797871,82.16302682441136,R,monocular,1,1
PV_62,026,PV_62_block_026,PV_62_026_446018_R,446017.8,446034.75,0.8990045185582156,82.3023009278703,R,monocular,1,1
PV_62,026,PV_62_block_026,PV_62_026_446103_R,446102.7,446119.7,0.8033394627361364,261.40195618768865,R,monocular,1,1
PV_62,026,PV_62_block_026,PV_62_026_446120_R,446119.7,446136.65,0.7917626851069115,80.78584955092072,R,monocular,1,1
PV_62,026,PV_62_block_026,PV_62_026_446222_R,446221.6,446255.55,0.9407246503306004,79.38604699967674,R,monocular,1,1
PV_62,026,PV_62_block_026,PV_62_026_447139_R,447138.7,447172.7,0.9790203021301609,81.86330855138823,R,monocular,1,1
PV_62,026,PV_62_block_026,PV_62_026_535035_R,535035.4,535154.25,6.432237864094416,337.3509258963798,R,monocular,1,1
PV_62,026,PV_62_block_026,PV_62_026_537022_R,537022.05,537039.1,0.6179371999671488,256.7563899788746,R,monocular,1,1
PV_62,026,PV_62_block_026,PV_62_026_561475_R,561475.35,561492.3,0.6033494391156616,177.28611852171832,R,monocular,1,1
PV_62,026,PV_62_block_026,PV_62_026_576538_R,576538.05,576572.05,4.055224891685061,63.49677646765877,R,monocular,1,1
PV_62,026,PV_62_block_026,PV_62_026_576606_R,576606.0,576623.0,0.5716326643566467,84.5257971185496,R,monocular,1,1
PV_62,026,PV_62_block_026,PV_62_026_587526_R,587525.6,587542.6,0.6599757439720088,205.50210369327033,R,monocular,1,1
PV_62,026,PV_62_block_026,PV_62_026_601895_R,601894.6,601928.55,1.4667984274527899,188.0129785210507,R,monocular,1,1
PV_62,026,PV_62_block_026,PV_62_026_668632_R,668631.65,668648.65,0.681480161129921,195.15829645843016,R,monocular,1,1
PV_62,026,PV_62_block_026,PV_62_026_672418_R,672418.05,672452.0,,,R,monocular,1,1
PV_62,026,PV_62_block_026,PV_62_026_672571_R,672570.85,672587.85,0.5522717625397539,207.35077765378023,R,monocular,1,1
PV_62,026,PV_62_block_026,PV_62_026_767857_R,767856.9,767907.85,3.0117728078936166,273.7847894019149,R,monocular,1,1
PV_62,026,PV_62_block_026,PV_62_026_778215_R,778214.9,778248.85,1.2785555714785477,157.300049577748,R,monocular,1,1
PV_62,026,PV_62_block_026,PV_62_026_846375_R,846374.65,846425.6,3.4662014352518824,357.8196391518338,R,monocular,1,1
PV_62,026,PV_62_block_026,PV_62_026_856771_R,856770.55,856804.5,1.0233865169724712,155.9780943038836,R,monocular,1,1
PV_62,026,PV_62_block_026,PV_62_026_875335_R,875335.1,875352.1,1.2436768173812098,73.48697400565644,R,monocular,1,1
PV_62,026,PV_62_block_026,PV_62_026_875352_R,875352.1,875369.05,0.6384005455411882,277.0384748929507,R,monocular,1,1
PV_62,026,PV_62_block_026,PV_62_026_880056_R,880056.5,880175.35,21.279011085690712,73.22001744047031,R,monocular,1,1
PV_62,026,PV_62_block_026,PV_62_026_920368_R,920368.3,920402.25,1.843909617623574,236.66014854179295,R,monocular,1,1
PV_62,026,PV_62_block_026,PV_62_026_945156_R,945156.1,945190.05,1.5381727213326808,219.01320957210163,R,monocular,1,1
PV_62,026,PV_62_block_026,PV_62_026_957416_R,957415.5,957483.4,6.493422768351821,78.39948678153176,R,monocular,1,1
PV_62,026,PV_62_block_026,PV_62_026_962187_R,962187.05,962221.0,1.9684519206969464,79.97112118670637,R,monocular,1,1
PV_62,026,PV_62_block_026,PV_62_026_1021793_R,1021792.65,1021809.65,0.6974359376257611,227.6633280647136,R,monocular,1,1
PV_62,026,PV_62_block_026,PV_62_026_1058496_R,1058495.75,1058546.7,2.5132308742442873,344.9132514791094,R,monocular,1,1
PV_62,026,PV_62_block_026,PV_62_026_1067088_R,1067088.5,1067105.45,0.7026400476753826,284.48555709336455,R,monocular,1,1
PV_62,026,PV_62_block_026,PV_62_026_1067156_R,1067156.4,1067173.35,0.7665552669482794,322.6747636620021,R,monocular,1,1
PV_62,026,PV_62_block_026,PV_62_026_1069992_R,1069992.4,1070009.35,0.5688477394405274,272.5851426680813,R,monocular,1,1
PV_62,026,PV_62_block_026,PV_62_026_1070026_R,1070026.35,1070077.3,2.39726291886449,290.81353956540954,R,monocular,1,1
PV_62,026,PV_62_block_026,PV_62_026_1113502_R,1113501.75,1113535.75,1.6805097705437215,286.20888647273546,R,monocular,1,1
PV_62,026,PV_62_block_026,PV_62_026_1118817_R,1118816.95,1118850.9,1.5076353258118398,111.70053107360768,R,monocular,1,1
PV_62,026,PV_62_block_026,PV_62_026_1192583_R,1192582.8,1192633.8,2.5356161662989143,129.2138279051038,R,monocular,1,1
PV_62,026,PV_62_block_026,PV_62_026_1219790_R,1219790.05,1219841.0,1.8816697733580996,148.0785749014543,R,monocular,1,1
PV_62,026,PV_62_block_026,PV_62_026_1219875_R,1219874.95,1219942.9,5.0730850692415235,277.72079302405746,R,monocular,1,1
PV_62,026,PV_62_block_026,PV_62_026_1224920_R,1224919.55,1224953.55,1.2216860694695346,0.37027324154888064,R,monocular,1,1
PV_62,026,PV_62_block_026,PV_62_026_1239848_R,1239847.9,1239983.75,23.939517250386793,114.93886713493093,R,monocular,1,1
PV_62,026,PV_62_block_026,PV_62_026_1275604_R,1275603.75,1275688.7,7.129694990081473,42.05582149024706,R,monocular,1,1
PV_62,026,PV_62_block_026,PV_62_026_1285371_R,1285370.95,1285455.9,11.220113478519291,57.33532164803055,R,monocular,1,1
PV_62,026,PV_62_block_026,PV_62_026_1292149_R,1292148.7,1292182.65,1.189359038592127,79.11076216911954,R,monocular,1,1
PV_62,026,PV_62_block_026,PV_62_026_1292217_R,1292216.65,1292233.65,0.6215260926793552,43.36538272126647,R,monocular,1,1
PV_62,026,PV_62_block_026,PV_62_026_1292336_R,1292335.5,1292386.45,2.970708321915072,251.91342323473387,R,monocular,1,1
PV_62,026,PV_62_block_026,PV_62_026_1318120_R,1318119.75,1318153.75,1.2947327219729416,57.34081319197299,R,monocular,1,1
PV_62,026,PV_62_block_026,PV_62_026_1333405_R,1333405.3,1333422.3,0.5981873369266753,326.54548889516013,R,monocular,1,1
PV_62,026,PV_62_block_026,PV_62_026_1385449_R,1385449.35,1385483.35,1.5004717539397918,205.5622556216304,R,monocular,1,1
PV_62,026,PV_62_block_026,PV_62_026_1402843_R,1402842.9,1402876.85,0.8917522514466644,260.22035071517587,R,monocular,1,1
PV_62,026,PV_62_block_026,PV_62_026_1416838_R,1416837.55,1416854.5,3.1789441732294947,149.50103634202492,R,monocular,1,1
PV_62,026,PV_62_block_026,PV_62_026_1419860_R,1419860.45,1419894.45,1.4945275874412223,195.20984647341893,R,monocular,1,1
PV_62,026,PV_62_block_026,PV_62_026_1431190_R,1431189.75,1431223.75,5.228793390251532,81.6372972871942,R,monocular,1,1
PV_62,026,PV_62_block_026,PV_62_026_1436931_R,1436930.7,1436964.65,2.738249860955308,78.69348251179306,R,monocular,1,1
PV_62,026,PV_62_block_026,PV_62_026_1469950_R,1469950.0,1469984.0,1.407039701315854,136.63760589530412,R,monocular,1,1
PV_62,026,PV_62_block_026,PV_62_026_1494071_R,1494071.1,1494088.1,1.0457451413849252,89.76874615960176,R,monocular,1,1
PV_62,026,PV_62_block_026,PV_62_026_1494156_R,1494156.05,1494190.0,1.0514584278278842,88.26811624603701,R,monocular,1,1
PV_62,026,PV_62_block_026,PV_62_026_1494224_R,1494223.95,1494240.9,0.9877829991180452,84.61893939421493,R,monocular,1,1
PV_62,026,PV_62_block_026,PV_62_026_1494598_R,1494597.6,1494631.6,1.0034612521588986,85.00137230805628,R,monocular,1,1
PV_62,026,PV_62_block_026,PV_62_026_1494700_R,1494699.5,1494733.45,,,R,monocular,1,1
PV_62,026,PV_62_block_026,PV_62_026_1494920_R,1494920.3,1494954.3,1.3549145572770196,87.57864251558196,R,monocular,1,1
PV_62,026,PV_62_block_026,PV_62_026_1495107_R,1495107.15,1495141.15,1.4281787124781447,88.68448314954529,R,monocular,1,1
PV_62,026,PV_62_block_026,PV_62_026_1495345_R,1495344.95,1495378.9,1.371383566081584,266.11511420197144,R,monocular,1,1
PV_62,026,PV_62_block_026,PV_62_026_1495464_R,1495463.8,1495480.8,1.2417253021037333,87.75782124396173,R,monocular,1,1
PV_62,026,PV_62_block_026,PV_62_026_1495651_R,1495650.65,1495684.6,1.1460614511963303,93.15839140388337,R,monocular,1,1
PV_62,026,PV_62_block_026,PV_62_026_1496160_R,1496160.1,1496194.05,1.1370642532080617,87.61014619168112,R,monocular,1,1
PV_62,026,PV_62_block_026,PV_62_026_1496211_R,1496211.05,1496228.05,0.9292656822062898,92.29052581237143,R,monocular,1,1
PV_62,026,PV_62_block_026,PV_62_026_1519716_R,1519716.3,1519733.35,0.8229362958171831,93.62119196588115,R,monocular,1,1
PV_62,026,PV_62_block_026,PV_62_026_1520022_R,1520022.05,1520039.1,0.8548980499568629,269.39754739972096,R,monocular,1,1
PV_62,026,PV_62_block_026,PV_62_026_1520039_R,1520039.1,1520056.05,0.8247874689441536,89.73100971461048,R,monocular,1,1
PV_62,026,PV_62_block_026,PV_62_026_1520056_R,1520056.05,1520090.0,0.8555329133145163,267.9863923383257,R,monocular,1,1
PV_62,026,PV_62_block_026,PV_62_026_1521160_R,1521159.85,1521176.8,0.7993363405887078,270.7406796343823,R,monocular,1,1
PV_62,026,PV_62_block_026,PV_62_026_1529278_R,1529277.85,1529294.8,0.8743683339270615,268.3246785403278,R,monocular,1,1
PV_62,026,PV_62_block_026,PV_62_026_1551931_R,1551930.9,1552032.8,5.19244178568876,57.8341550802703,R,monocular,1,1
PV_62,026,PV_62_block_026,PV_62_026_1554631_R,1554630.6,1554647.55,0.5313876704455969,223.57071726676338,R,monocular,1,1
PV_62,026,PV_62_block_026,PV_62_026_1558587_R,1558586.8,1558637.7,3.2287344353440495,118.69169511315906,R,monocular,1,1
PV_62,026,PV_62_block_026,PV_62_026_1587710_R,1587709.75,1587743.7,1.293904448202467,33.0339527773823,R,monocular,1,1
PV_62,026,PV_62_block_026,PV_62_026_1588797_R,1588796.65,1588813.6,0.761380062913516,84.55945846897515,R,monocular,1,1
PV_62,026,PV_62_block_026,PV_62_026_1592449_R,1592448.6,1592499.55,5.3172930400726095,96.54391218963946,R,monocular,1,1
PV_62,026,PV_62_block_026,PV_62_026_1592550_R,1592550.5,1592567.5,0.5450896995122144,189.8885473579519,R,monocular,1,1
PV_62,026,PV_62_block_026,PV_62_026_1624701_R,1624701.35,1624735.3,,,R,monocular,1,1
PV_62,026,PV_62_block_026,PV_62_026_1625007_R,1625007.05,1625024.05,1.757993746251316,91.79201792530345,R,monocular,1,1
PV_62,026,PV_62_block_026,PV_62_026_1625092_R,1625091.95,1625108.95,1.7856696450970668,271.3853609898488,R,monocular,1,1
PV_62,026,PV_62_block_026,PV_62_026_1625143_R,1625142.9,1625176.9,1.9918777254541482,273.4316581534998,R,monocular,1,1
PV_62,026,PV_62_block_026,PV_62_026_1625330_R,1625329.75,1625363.7,1.772788484695159,271.16670015254294,R,monocular,1,1
PV_62,026,PV_62_block_026,PV_62_026_1625449_R,1625448.6,1625465.6,1.951121622752871,270.90462277583015,R,monocular,1,1
PV_62,026,PV_62_block_026,PV_62_026_1627911_R,1627911.0,1627928.0,0.7378012098346949,241.03471110030256,R,monocular,1,1
PV_62,038,PV_62_block_038,PV_62_038_312440_R,312439.6,312490.6,5.258485501113876,299.9438997050773,R,binocular,2,2
PV_62,038,PV_62_block_038,PV_62_038_315090_R,315089.5,315310.35,11.867758429048225,5.519722207312036,R,binocular,2,2
PV_62,038,PV_62_block_038,PV_62_038_317077_L,317077.0,317178.9,9.593330455567468,5.45154600947128,L,binocular,2,2
PV_62,038,PV_62_block_038,PV_62_038_339943_R,339943.15,339994.1,11.673119396670533,149.3464795119783,R,binocular,2,2
PV_62,038,PV_62_block_038,PV_62_038_341200_R,341200.4,341234.4,2.028172196256773,39.009468088324624,R,binocular,2,2
PV_62,038,PV_62_block_038,PV_62_038_352225_R,352224.6,352343.5,10.94187795776997,254.38897815184822,R,binocular,2,2
PV_62,038,PV_62_block_038,PV_62_038_357932_L,357931.65,357999.55,4.189939340096319,45.42174384441998,L,binocular,2,2
PV_62,038,PV_62_block_038,PV_62_038_365388_R,365388.0,365421.95,1.7459287644866455,337.11197084574184,R,binocular,2,2
PV_62,038,PV_62_block_038,PV_62_038_367817_R,367817.2,367919.1,8.09056715631914,150.0719494429316,R,binocular,2,2
PV_62,038,PV_62_block_038,PV_62_038_377059_R,377058.95,377245.75,18.68475384332707,202.12361263316282,R,binocular,2,2
PV_62,038,PV_62_block_038,PV_62_038_435781_R,435780.8,435814.75,1.3421040967542304,84.81913637428377,R,binocular,2,2
PV_62,038,PV_62_block_038,PV_62_038_436222_R,436222.4,436273.35,3.8173762219510667,359.51214217873456,R,binocular,2,2
PV_62,038,PV_62_block_038,PV_62_038_436307_R,436307.3,436341.3,1.4824290444776427,200.55398173498276,R,binocular,2,2
PV_62,038,PV_62_block_038,PV_62_038_437445_R,437445.25,437496.2,1.0362881849508603,261.0277115607506,R,binocular,2,2
PV_62,038,PV_62_block_038,PV_62_038_439789_R,439789.2,439840.2,5.946676329865626,321.6172399331514,R,binocular,2,2
PV_62,038,PV_62_block_038,PV_62_038_439874_R,439874.15,439908.1,2.014082094871586,148.1414955698,R,binocular,2,2
PV_62,038,PV_62_block_038,PV_62_038_448027_L,448027.0,448111.9,5.838040402123522,19.603049444145785,L,binocular,2,2
PV_62,038,PV_62_block_038,PV_62_038_453598_L,453598.2,453632.15,1.718936253133757,31.016369065759136,L,binocular,2,2
PV_62,038,PV_62_block_038,PV_62_038_461327_R,461326.55,461411.5,13.506531616336217,126.53074819629971,R,binocular,2,2
PV_62,038,PV_62_block_038,PV_62_038_461785_R,461785.15,461870.1,7.027160948336659,120.01418168502765,R,binocular,2,2
PV_62,038,PV_62_block_038,PV_62_038_463790_R,463790.05,463841.05,13.517910010261845,123.33946103783131,R,binocular,2,2
PV_62,038,PV_62_block_038,PV_62_038_471858_R,471858.5,471926.4,1.3421178820847692,283.11284881535994,R,binocular,2,2
PV_62,038,PV_62_block_038,PV_62_038_472725_R,472724.65,472792.55,8.73493618009638,129.20129636106833,R,binocular,2,2
PV_62,038,PV_62_block_038,PV_62_038_474321_R,474321.3,474372.25,2.0187531609844163,115.26553728284115,R,binocular,2,2
PV_62,038,PV_62_block_038,PV_62_038_497711_L,497710.85,497761.8,0.8311980951775928,44.740699299792574,L,binocular,2,2
PV_62,038,PV_62_block_038,PV_62_038_508021_R,508021.25,508089.2,6.161344022565654,162.14919219443087,R,binocular,2,2
PV_62,038,PV_62_block_038,PV_62_038_513438_R,513438.5,513523.4,5.239167784740131,63.39466549285025,R,binocular,2,2
PV_62,038,PV_62_block_038,PV_62_038_519894_R,519893.5,519944.45,5.180783290817651,155.5458471835337,R,binocular,2,2
PV_62,038,PV_62_block_038,PV_62_038_536049_R,536048.85,536116.75,4.10137643250523,312.7441674794248,R,binocular,2,2
PV_62,038,PV_62_block_038,PV_62_038_541297_R,541297.15,541433.0,19.262118443075497,324.27011028364257,R,binocular,2,2
PV_62,038,PV_62_block_038,PV_62_038_543573_L,543573.15,543658.1,12.37960206520265,25.276472713107484,L,binocular,2,2
PV_62,038,PV_62_block_038,PV_62_038_543794_R,543794.05,543828.0,1.5576237462086073,178.9091739302062,R,binocular,2,2
PV_62,038,PV_62_block_038,PV_62_038_544032_R,544031.85,544082.8,4.552245538057948,342.1086469918116,R,binocular,2,2
PV_62,038,PV_62_block_038,PV_62_038_547718_L,547718.3,547786.3,8.2412216771338,28.461439108400103,L,binocular,2,2
PV_62,038,PV_62_block_038,PV_62_038_547888_L,547888.2,547922.2,0.6558404072040718,185.51350608475147,L,binocular,2,2
PV_62,038,PV_62_block_038,PV_62_038_551422_R,551421.6,551455.6,1.5560364467650176,162.5538992996884,R,binocular,2,2
PV_62,038,PV_62_block_038,PV_62_038_561394_R,561393.85,561461.8,4.466104796272092,319.4440414544806,R,binocular,2,2
PV_62,038,PV_62_block_038,PV_62_038_561496_L,561495.8,561546.8,2.891421756035569,216.53436674137347,L,binocular,2,2
PV_62,038,PV_62_block_038,PV_62_038_563586_L,563585.6,563653.55,7.962311317204974,195.52267163248825,L,binocular,2,2
PV_62,038,PV_62_block_038,PV_62_038_577603_R,577602.85,577687.8,14.283370675535267,144.98192858945345,R,binocular,2,2
PV_62,038,PV_62_block_038,PV_62_038_577858_R,577857.7,577908.65,6.591282503160046,133.15612495798268,R,binocular,2,2
PV_62,038,PV_62_block_038,PV_62_038_577943_R,577942.6,578061.55,8.738427588302859,349.70764866561365,R,binocular,2,2
PV_62,038,PV_62_block_038,PV_62_038_579625_R,579624.55,579709.5,11.74628294043544,139.0785063418707,R,binocular,2,2
PV_62,038,PV_62_block_038,PV_62_038_579811_R,579811.45,579947.4,9.43550270846251,346.76755805801383,R,binocular,2,2
PV_62,038,PV_62_block_038,PV_62_038_581103_R,581102.6,581170.55,11.218916068022994,149.27900264591628,R,binocular,2,2
PV_62,038,PV_62_block_038,PV_62_038_581222_R,581221.55,581255.5,1.7810570843464755,305.08875782918835,R,binocular,2,2
PV_62,038,PV_62_block_038,PV_62_038_583294_R,583294.15,583362.1,7.370820267186042,137.07406035241905,R,binocular,2,2
PV_62,038,PV_62_block_038,PV_62_038_584942_R,584942.05,584993.05,4.083732083467071,175.22927151766424,R,binocular,2,2
PV_62,038,PV_62_block_038,PV_62_038_585061_L,585061.0,585112.0,1.4506143110357845,265.2537250149643,L,binocular,2,2
PV_62,038,PV_62_block_038,PV_62_038_585928_R,585927.55,585961.55,5.526549257950823,141.9428988175589,R,binocular,2,2
PV_62,038,PV_62_block_038,PV_62_038_586012_R,586012.5,586063.5,2.508708813495118,323.854593183102,R,binocular,2,2
PV_62,038,PV_62_block_038,PV_62_038_587083_R,587082.95,587133.9,8.328550006050834,147.11325609821245,R,binocular,2,2
PV_62,038,PV_62_block_038,PV_62_038_587253_R,587252.85,587303.85,4.407973416408456,338.7627743393003,R,binocular,2,2
PV_62,038,PV_62_block_038,PV_62_038_587389_R,587388.8,587456.75,3.6989674641140367,341.17956285011627,R,binocular,2,2
PV_62,038,PV_62_block_038,PV_62_038_587559_L,587558.7,587592.65,6.956462076353942,183.1131447117817,L,binocular,2,2
PV_62,038,PV_62_block_038,PV_62_038_587627_R,587626.65,587711.6,4.7105092187604525,345.0838287225685,R,binocular,2,2
PV_62,038,PV_62_block_038,PV_62_038_595816_R,595815.6,595951.5,11.738460002715982,97.3512608930735,R,binocular,2,2
PV_62,038,PV_62_block_038,PV_62_038_598041_L,598041.05,598193.95,26.95568184945922,280.05032034159944,L,binocular,2,2
PV_62,038,PV_62_block_038,PV_62_038_602238_L,602237.5,602322.4,4.892563737106395,300.4353855046075,L,binocular,2,2
PV_62,038,PV_62_block_038,PV_62_038_607980_L,607979.8,608047.75,9.299832435343129,2.896618470601854,L,binocular,2,2
PV_62,038,PV_62_block_038,PV_62_038_652335_R,652334.9,652368.85,5.0662364799885635,302.8281976386516,R,binocular,2,2
PV_62,038,PV_62_block_038,PV_62_038_652403_R,652402.85,652487.8,7.980605050821724,315.86870783116683,R,binocular,2,2
PV_62,038,PV_62_block_038,PV_62_038_654662_R,654661.9,654746.85,17.906069791435577,329.1854676785357,R,binocular,2,2
PV_62,038,PV_62_block_038,PV_62_038_654883_L,654882.75,654916.7,0.7551599039056296,179.09069362855163,L,binocular,2,2
PV_62,038,PV_62_block_038,PV_62_038_655426_R,655426.3,655511.2,14.632078382930258,301.54243830461417,R,binocular,2,2
PV_62,038,PV_62_block_038,PV_62_038_657923_L,657923.35,657991.35,5.386979719308209,10.885117153137784,L,binocular,2,2
PV_62,038,PV_62_block_038,PV_62_038_660522_R,660522.5,660675.4,20.3562197284434,238.9991505448859,R,binocular,2,2
PV_62,038,PV_62_block_038,PV_62_038_664871_L,664870.95,664989.85,10.347695890037016,249.07980570737084,L,binocular,2,2
PV_62,038,PV_62_block_038,PV_62_038_666824_R,666824.2,666977.05,16.327035928424376,42.41645485406395,R,binocular,2,2
PV_62,038,PV_62_block_038,PV_62_038_667962_R,667962.25,668030.2,8.942202531196074,147.49246799637328,R,binocular,2,2
PV_62,038,PV_62_block_038,PV_62_038_668047_R,668047.2,668098.15,5.0491892590827865,35.4437821703272,R,binocular,2,2
PV_62,038,PV_62_block_038,PV_62_038_669763_R,669762.7,669898.6,16.908779923398484,277.22159115028893,R,binocular,2,2
PV_62,038,PV_62_block_038,PV_62_038_673210_L,673210.4,673278.35,2.7355889412281593,31.323598864582884,L,binocular,2,2
PV_62,038,PV_62_block_038,PV_62_038_681261_R,681261.15,681346.05,8.79007233393699,150.04394818957655,R,binocular,2,2
PV_62,038,PV_62_block_038,PV_62_038_681686_L,681685.8,681787.7,8.914321470538471,132.28761948551366,L,binocular,2,2
PV_62,038,PV_62_block_038,PV_62_038_681805_R,681804.7,681872.6,4.480473632772754,353.7619958450316,R,binocular,2,2
PV_62,038,PV_62_block_038,PV_62_038_683690_L,683690.15,683775.1,7.638320789505576,211.54912010608683,L,binocular,2,2
PV_62,038,PV_62_block_038,PV_62_038_684794_R,684794.2,684896.1,13.049298962981132,246.63451195293442,R,binocular,2,2
PV_62,038,PV_62_block_038,PV_62_038_688310_R,688309.6,688394.55,12.86269689948767,124.25977914278036,R,binocular,2,2
PV_62,038,PV_62_block_038,PV_62_038_690994_R,690993.9,691044.85,5.01735244357297,120.1926204142212,R,binocular,2,2
PV_62,038,PV_62_block_038,PV_62_038_698349_R,698348.8,698416.75,8.200787562845143,304.9884005768036,R,binocular,2,2
PV_62,038,PV_62_block_038,PV_62_038_718325_R,718325.0,718376.0,5.038319099738639,117.85819554443097,R,binocular,2,2
PV_62,038,PV_62_block_038,PV_62_038_718665_L,718664.85,718715.8,4.926152564894254,146.11762164610036,L,binocular,2,2
PV_62,038,PV_62_block_038,PV_62_038_722283_R,722283.4,722385.3,8.95709464284459,271.0728505004209,R,binocular,2,2
PV_62,038,PV_62_block_038,PV_62_038_722861_R,722861.15,722929.1,4.530191053982291,52.26388292243431,R,binocular,2,2
PV_62,038,PV_62_block_038,PV_62_038_723592_R,723591.7,723659.65,10.735950487182397,126.15776589365929,R,binocular,2,2
PV_62,038,PV_62_block_038,PV_62_038_731321_R,731320.75,731354.75,5.021872718073417,310.8167607272409,R,binocular,2,2
PV_62,038,PV_62_block_038,PV_62_038_734039_R,734038.7,734157.6,20.67487310698398,304.65349224689356,R,binocular,2,2
PV_62,038,PV_62_block_038,PV_62_038_735635_L,735635.4,735703.35,7.033825938863555,26.079337747828525,L,binocular,2,2
PV_62,038,PV_62_block_038,PV_62_038_736638_R,736637.5,736688.45,6.064276165969357,324.8892068376945,R,binocular,2,2
PV_62,038,PV_62_block_038,PV_62_038_737928_R,737928.35,737979.3,3.8386098791310572,351.1016180945083,R,binocular,2,2
PV_62,038,PV_62_block_038,PV_62_038_740188_L,740187.6,740255.55,8.532594428552834,14.462817362700445,L,binocular,2,2
PV_62,038,PV_62_block_038,PV_62_038_743109_R,743109.25,743177.2,9.238492341423783,312.4685953854094,R,binocular,2,2
PV_62,038,PV_62_block_038,PV_62_038_750821_R,750820.9,750922.8,16.843873304703795,160.0106475527403,R,binocular,2,2
PV_62,038,PV_62_block_038,PV_62_038_751059_L,751058.65,751092.65,2.4443077025981332,161.83934597395995,L,binocular,2,2
PV_62,038,PV_62_block_038,PV_62_038_751127_R,751126.6,751177.55,2.7670588322766556,350.96303318410867,R,binocular,2,2
PV_62,038,PV_62_block_038,PV_62_038_752587_R,752587.3,752621.3,1.4634327252674428,3.4718016316608487,R,binocular,2,2
PV_62,038,PV_62_block_038,PV_62_038_753488_R,753487.55,753538.5,4.093369658735581,107.92247889531251,R,binocular,2,2
PV_62,038,PV_62_block_038,PV_62_038_753776_R,753776.3,753810.25,4.844222787265842,157.36466179674477,R,binocular,2,2
PV_62,038,PV_62_block_038,PV_62_038_754982_R,754982.15,755067.05,13.00719941168021,174.15014453435936,R,binocular,2,2
PV_62,038,PV_62_block_038,PV_62_038_757071_R,757071.35,757139.3,11.282402554941713,15.110458010321437,R,binocular,2,2
PV_62,038,PV_62_block_038,PV_62_038_759228_R,759228.45,759279.4,4.711675473411835,81.24967616773178,R,binocular,2,2
PV_62,038,PV_62_block_038,PV_62_038_760944_L,760943.85,761045.75,3.1400314893765784,189.77270166197783,L,binocular,2,2
PV_62,038,PV_62_block_038,PV_62_038_798173_R,798173.15,798190.15,0.7775508622357212,313.74394746358627,R,binocular,2,2
PV_62,038,PV_62_block_038,PV_62_038_808400_R,808399.65,808552.55,19.180791473312244,324.84661912262163,R,binocular,2,2
PV_62,038,PV_62_block_038,PV_62_038_808790_R,808790.45,808824.4,1.9303535614868381,359.4990059116277,R,binocular,2,2
PV_62,038,PV_62_block_038,PV_62_038_811033_R,811032.85,811117.8,16.032658148668215,320.41998039512623,R,binocular,2,2
PV_62,038,PV_62_block_038,PV_62_038_811407_R,811406.55,811440.55,1.6026701544279325,155.77238124814625,R,binocular,2,2
PV_62,038,PV_62_block_038,PV_62_038_813207_R,813207.4,813292.35,8.72296271158932,36.44095226631166,R,binocular,2,2
PV_62,038,PV_62_block_038,PV_62_038_821565_L,821565.45,821650.35,11.29371486407442,34.13729538574161,L,binocular,2,2
PV_62,038,PV_62_block_038,PV_62_038_828666_L,828665.55,828699.55,1.783735210922147,28.45656323873197,L,binocular,2,2
PV_62,038,PV_62_block_038,PV_62_038_835358_L,835358.4,835426.35,3.584042886119972,43.48094262552712,L,binocular,2,2
PV_62,038,PV_62_block_038,PV_62_038_839519_R,839519.45,839570.45,4.30322347052713,155.64298650681283,R,binocular,2,2
PV_62,038,PV_62_block_038,PV_62_038_842713_R,842712.65,842780.6,8.647197789090967,151.95837722655966,R,binocular,2,2
PV_62,038,PV_62_block_038,PV_62_038_842984_R,842984.4,843018.4,4.785880530714166,139.10195003788482,R,binocular,2,2
PV_62,038,PV_62_block_038,PV_62_038_845532_R,845532.35,845583.3,3.4847185123516917,172.05095192747862,R,binocular,2,2
PV_62,038,PV_62_block_038,PV_62_038_847622_R,847621.55,847689.5,11.172378336817626,139.39252635707376,R,binocular,2,2
PV_62,038,PV_62_block_038,PV_62_038_848878_R,848878.3,848929.25,8.200751250143146,141.41718981371608,R,binocular,2,2
PV_62,038,PV_62_block_038,PV_62_038_850848_R,850848.45,850899.4,6.083598867076267,149.75080489474266,R,binocular,2,2
PV_62,038,PV_62_block_038,PV_62_038_858016_R,858015.6,858066.55,5.138909275853648,120.32931260513483,R,binocular,2,2
PV_62,038,PV_62_block_038,PV_62_038_859442_R,859442.4,859493.35,5.171159960415609,129.95367312733032,R,binocular,2,2
PV_62,038,PV_62_block_038,PV_62_038_862788_R,862788.45,862839.4,3.838578458391173,115.92227596463611,R,binocular,2,2
PV_62,038,PV_62_block_038,PV_62_038_872674_R,872674.05,872725.0,5.1977087296835505,28.82038463440453,R,binocular,2,2
PV_62,038,PV_62_block_038,PV_62_038_872759_R,872759.0,872860.9,9.752868551205554,88.24716657419445,R,binocular,2,2
PV_62,038,PV_62_block_038,PV_62_038_876394_L,876394.45,876445.4,0.5781445347382581,272.9408889676907,L,binocular,2,2
PV_62,038,PV_62_block_038,PV_62_038_878654_R,878653.7,878687.7,1.903480753611681,351.4145928049601,R,binocular,2,2
PV_62,038,PV_62_block_038,PV_62_038_912626_L,912625.6,912693.55,13.162748156086195,31.232232435582045,L,binocular,2,2
PV_62,038,PV_62_block_038,PV_62_038_914188_L,914188.2,914239.1,6.5477095235292335,28.505250957649483,L,binocular,2,2
PV_62,038,PV_62_block_038,PV_62_038_915751_R,915750.75,915801.75,7.959007629065205,326.3744360200756,R,binocular,2,2
PV_62,038,PV_62_block_038,PV_62_038_915938_R,915937.6,915988.6,0.5436639286110699,155.78036695201334,R,binocular,2,2
PV_62,038,PV_62_block_038,PV_62_038_918400_L,918400.45,918451.45,3.321810980654169,49.42857722232104,L,binocular,2,2
PV_62,038,PV_62_block_038,PV_62_038_919878_R,919877.95,919962.85,9.743133564101637,13.356911295252374,R,binocular,2,2
PV_62,038,PV_62_block_038,PV_62_038_922426_L,922425.95,922527.9,12.395017158460893,330.36975152926647,L,binocular,2,2
PV_62,038,PV_62_block_038,PV_62_038_925211_R,925211.45,925228.4,0.6827038183871444,342.5157561280063,R,binocular,2,2
PV_62,038,PV_62_block_038,PV_62_038_933433_L,933433.25,933501.2,2.461703653316324,9.029703965584611,L,binocular,2,2
PV_62,038,PV_62_block_038,PV_62_038_937426_R,937425.7,937459.7,0.9675028111814823,91.45345646521129,R,binocular,2,2
PV_62,038,PV_62_block_038,PV_62_038_938428_L,938428.0,938495.95,6.342577148667898,103.19825910902634,L,binocular,2,2
PV_62,038,PV_62_block_038,PV_62_038_939532_R,939532.0,939582.95,2.2780040781208606,89.64784446419789,R,binocular,2,2
PV_62,038,PV_62_block_038,PV_62_038_949638_R,949637.55,949705.5,12.871502265843302,147.11498892770248,R,binocular,2,2
PV_62,038,PV_62_block_038,PV_62_038_951523_R,951522.85,951590.8,5.876892904826139,135.7116582972749,R,binocular,2,2
PV_62,038,PV_62_block_038,PV_62_038_952746_R,952745.8,952813.75,6.974437907034493,130.5631911867478,R,binocular,2,2
PV_62,038,PV_62_block_038,PV_62_038_955464_L,955463.6,955497.55,1.8823262387586828,194.6334719436848,L,binocular,2,2
PV_62,038,PV_62_block_038,PV_62_038_956924_R,956924.3,956992.2,7.421833062529272,154.25004627571803,R,binocular,2,2
PV_62,038,PV_62_block_038,PV_62_038_960083_R,960083.35,960134.3,7.816983528431329,109.03323871219723,R,binocular,2,2
PV_62,038,PV_62_block_038,PV_62_038_963411_R,963411.35,963513.25,8.496455835072844,195.9670326813118,R,binocular,2,2
PV_62,038,PV_62_block_038,PV_62_038_1007993_R,1007993.2,1008061.15,7.286486623022095,332.3952815268551,R,binocular,2,2
PV_62,038,PV_62_block_038,PV_62_038_1017777_L,1017777.05,1017828.0,3.2412650508172183,34.69930530051775,L,binocular,2,2
PV_62,038,PV_62_block_038,PV_62_038_1027272_R,1027272.4,1027323.35,4.9156938104586505,163.18013393400008,R,binocular,2,2
PV_62,038,PV_62_block_038,PV_62_038_1029922_R,1029922.3,1029990.25,6.357821620377808,112.89516013385774,R,binocular,2,2
PV_62,038,PV_62_block_038,PV_62_038_1034203_R,1034202.55,1034253.5,2.630051453498915,213.8803305474247,R,binocular,2,2
PV_62,038,PV_62_block_038,PV_62_038_1036971_R,1036971.2,1037039.1,12.572093936630784,123.08947969507463,R,binocular,2,2
PV_62,038,PV_62_block_038,PV_62_038_1037888_R,1037888.4,1037956.3,5.99443630599339,117.146558709058,R,binocular,2,2
PV_62,038,PV_62_block_038,PV_62_038_1038041_R,1038041.2,1038126.15,3.9729514478210213,308.2407006234502,R,binocular,2,2
PV_62,038,PV_62_block_038,PV_62_038_1039094_R,1039094.25,1039196.15,8.400721347782707,19.028257005999738,R,binocular,2,2
PV_62,038,PV_62_block_038,PV_62_038_1039689_R,1039688.7,1039824.6,15.02462775484053,193.27909133691682,R,binocular,2,2
PV_62,038,PV_62_block_038,PV_62_038_1041472_R,1041472.1,1041523.1,5.150911212523587,137.42759893251187,R,binocular,2,2
PV_62,038,PV_62_block_038,PV_62_038_1043918_R,1043917.6,1043968.5,2.8074782060292,150.86239901857758,R,binocular,2,2
PV_62,038,PV_62_block_038,PV_62_038_1045446_L,1045445.85,1045530.75,10.231232461333068,85.12647577277042,L,binocular,2,2
PV_62,038,PV_62_block_038,PV_62_038_1046567_L,1046566.75,1046600.75,3.458569902479786,61.0287169630817,L,binocular,2,2
PV_62,038,PV_62_block_038,PV_62_038_1046618_R,1046617.7,1046668.65,2.300418552582167,147.039729565165,R,binocular,2,2
PV_62,038,PV_62_block_038,PV_62_038_1046686_R,1046685.65,1046770.55,3.8982122918912174,149.61468322970504,R,binocular,2,2
PV_62,038,PV_62_block_038,PV_62_038_1049080_R,1049080.35,1049233.2,18.548135963161947,229.80363044917706,R,binocular,2,2
PV_62,038,PV_62_block_038,PV_62_038_1051577_R,1051577.35,1051662.25,13.14666940284274,93.50024998036989,R,binocular,2,2
PV_62,038,PV_62_block_038,PV_62_038_1056469_L,1056468.9,1056587.75,5.666057043842708,126.61210638800868,L,binocular,2,2
PV_62,038,PV_62_block_038,PV_62_038_1073827_R,1073827.05,1073912.05,15.981408589479715,309.6215777433725,R,binocular,2,2
PV_62,038,PV_62_block_038,PV_62_038_1074218_R,1074217.75,1074268.7,4.800475882359641,319.83499349967724,R,binocular,2,2
PV_62,038,PV_62_block_038,PV_62_038_1074269_L,1074268.7,1074319.65,0.969184650047675,215.5290465491467,L,binocular,2,2
PV_62,038,PV_62_block_038,PV_62_038_1074574_R,1074574.35,1074642.3,6.714343893040478,31.00535012025511,R,binocular,2,2
PV_62,038,PV_62_block_038,PV_62_038_1075610_L,1075610.5,1075644.5,2.4422280774400074,199.9709033582791,L,binocular,2,2
PV_62,038,PV_62_block_038,PV_62_038_1076103_R,1076102.95,1076136.9,4.605233624747688,141.9063084940515,R,binocular,2,2
PV_62,038,PV_62_block_038,PV_62_038_1076833_L,1076833.05,1076884.0,5.7868381041787345,194.04132583687692,L,binocular,2,2
PV_62,038,PV_62_block_038,PV_62_038_1079397_R,1079397.25,1079431.25,2.518245950190175,128.88161757819518,R,binocular,2,2
PV_62,038,PV_62_block_038,PV_62_038_1079499_L,1079499.15,1079550.1,1.7448996755856132,207.4483109224849,L,binocular,2,2
PV_62,038,PV_62_block_038,PV_62_038_1104210_R,1104209.7,1104243.7,0.6407830056003903,219.38922031142067,R,binocular,2,2
PV_62,038,PV_62_block_038,PV_62_038_1104346_R,1104345.6,1104396.55,3.4528199378003452,154.02749187511878,R,binocular,2,2
PV_62,038,PV_62_block_038,PV_62_038_1107657_R,1107657.05,1107725.0,4.6789922700238264,120.43939488242768,R,binocular,2,2
PV_62,038,PV_62_block_038,PV_62_038_1127359_R,1127359.25,1127478.1,21.62302802110187,309.0880509031983,R,binocular,2,2
PV_62,038,PV_62_block_038,PV_62_038_1127988_R,1127987.75,1128072.65,11.737388399509193,36.628640734414695,R,binocular,2,2
PV_62,038,PV_62_block_038,PV_62_038_1132761_L,1132761.15,1132812.1,3.4295969113826583,34.58646859525834,L,binocular,2,2
PV_62,038,PV_62_block_038,PV_62_038_1132846_R,1132846.05,1132897.05,2.4355914428521426,157.70167405790227,R,binocular,2,2
PV_62,038,PV_62_block_038,PV_62_038_1139097_L,1139096.65,1139164.6,3.6206017346438304,45.22547949054112,L,binocular,2,2
PV_62,038,PV_62_block_038,PV_62_038_1139487_L,1139487.35,1139555.3,11.853814479897254,210.39980080637076,L,binocular,2,2
PV_62,038,PV_62_block_038,PV_62_038_1153959_R,1153958.9,1154009.85,7.455790615157911,145.0064288892064,R,binocular,2,2
PV_62,038,PV_62_block_038,PV_62_038_1154350_R,1154349.6,1154417.55,5.813469549111957,135.3028838623017,R,binocular,2,2
PV_62,038,PV_62_block_038,PV_62_038_1154944_R,1154944.15,1154995.1,6.246192665052443,293.9186230231169,R,binocular,2,2
PV_62,038,PV_62_block_038,PV_62_038_1155318_R,1155317.8,1155385.7,13.276167718596392,317.24738795237386,R,binocular,2,2
PV_62,038,PV_62_block_038,PV_62_038_1155420_L,1155419.7,1155572.55,9.186281516555184,191.94122902193163,L,binocular,2,2
PV_62,038,PV_62_block_038,PV_62_038_1156252_R,1156251.95,1156336.8,8.552609935201788,86.5237582774912,R,binocular,2,2
PV_62,038,PV_62_block_038,PV_62_038_1158647_R,1158646.85,1158731.75,5.1354951518621,159.41901186478313,R,binocular,2,2
PV_62,038,PV_62_block_038,PV_62_038_1160583_R,1160583.15,1160617.1,6.275359728754661,105.39066410844895,R,binocular,2,2
PV_62,038,PV_62_block_038,PV_62_038_1168600_R,1168600.45,1168651.4,6.447201414132967,132.3629111746552,R,binocular,2,2
PV_62,038,PV_62_block_038,PV_62_038_1179031_R,1179031.3,1179099.25,11.905573631901909,94.03421869215934,R,binocular,2,2
PV_62,038,PV_62_block_038,PV_62_038_1211203_R,1211203.1,1211237.05,0.6269720549154011,235.27826803358278,R,binocular,2,2
PV_62,038,PV_62_block_038,PV_62_038_1220459_L,1220459.4,1220510.35,9.114432210002171,34.18491597983032,L,binocular,2,2
PV_62,038,PV_62_block_038,PV_62_038_1222973_L,1222973.2,1223058.15,10.985728274174093,24.226218076276396,L,binocular,2,2
PV_62,038,PV_62_block_038,PV_62_038_1225674_R,1225673.8,1225741.7,2.3337129836421724,163.0258630615762,R,binocular,2,2
PV_62,038,PV_62_block_038,PV_62_038_1227390_L,1227389.65,1227457.6,3.58203072625742,189.05525307161253,L,binocular,2,2
PV_62,038,PV_62_block_038,PV_62_038_1228494_R,1228493.75,1228578.7,7.817132590679312,55.078907521812766,R,binocular,2,2
PV_62,038,PV_62_block_038,PV_62_038_1230719_R,1230719.15,1230770.1,3.8204315229772905,76.59862556166844,R,binocular,2,2
PV_62,038,PV_62_block_038,PV_62_038_1234083_L,1234083.3,1234134.3,2.8691518934826696,70.24476236769677,L,binocular,2,2
PV_62,038,PV_62_block_038,PV_62_038_1244566_L,1244566.4,1244702.35,15.413773008106505,62.659255805551844,L,binocular,2,2
PV_62,038,PV_62_block_038,PV_62_038_1244804_L,1244804.3,1244872.25,3.5895922503402202,238.28756800758725,L,binocular,2,2
PV_62,038,PV_62_block_038,PV_62_038_1246469_L,1246469.3,1246571.25,7.873280099719866,45.98201325955635,L,binocular,2,2
PV_62,038,PV_62_block_038,PV_62_038_1249884_R,1249883.9,1249951.85,5.632818274377085,288.96050864419584,R,binocular,2,2
PV_62,038,PV_62_block_038,PV_62_038_1255813_R,1255812.65,1255880.55,9.96184375534193,122.85030437945805,R,binocular,2,2
PV_62,038,PV_62_block_038,PV_62_038_1257630_R,1257630.1,1257715.0,5.635967242736517,124.09189190207805,R,binocular,2,2
PV_62,038,PV_62_block_038,PV_62_038_1257919_L,1257918.9,1257969.85,4.696610038161103,218.03732060431733,L,binocular,2,2
PV_62,038,PV_62_block_038,PV_62_038_1258157_R,1258156.75,1258190.7,4.183460131092159,127.63102644531256,R,binocular,2,2
PV_62,038,PV_62_block_038,PV_62_038_1259227_R,1259226.9,1259277.9,1.7971504469433193,161.66895786420656,R,binocular,2,2
PV_62,038,PV_62_block_038,PV_62_038_1259584_L,1259583.7,1259617.65,2.037079139966453,219.85710245754822,L,binocular,2,2
PV_62,038,PV_62_block_038,PV_62_038_1263405_R,1263405.45,1263456.4,5.124606138299383,122.14587597530061,R,binocular,2,2
PV_62,038,PV_62_block_038,PV_62_038_1263779_L,1263779.2,1263830.15,2.723959326990507,287.48222553720035,L,binocular,2,2
PV_62,038,PV_62_block_038,PV_62_038_1283942_R,1283942.1,1283976.05,4.4805319401818196,358.3192127240531,R,binocular,2,2
PV_62,038,PV_62_block_038,PV_62_038_1287951_R,1287951.0,1288069.9,10.213509072151759,125.02473442212312,R,binocular,2,2
PV_62,038,PV_62_block_038,PV_62_038_1321532_R,1321531.65,1321633.6,13.63830416097461,129.16069005364272,R,binocular,2,2
PV_62,038,PV_62_block_038,PV_62_038_1325065_R,1325065.15,1325184.15,11.562075548565481,121.48958277737286,R,binocular,2,2
PV_62,038,PV_62_block_038,PV_62_038_1327087_R,1327086.95,1327273.8,13.293777412445971,163.038388315015,R,binocular,2,2
PV_62,038,PV_62_block_038,PV_62_038_1330230_R,1330229.55,1330263.55,1.7085183025675281,82.79290466283402,R,binocular,2,2
PV_62,038,PV_62_block_038,PV_62_038_1346878_R,1346878.15,1346997.05,12.154337201187564,246.6820072989673,R,binocular,2,2
PV_62,038,PV_62_block_038,PV_62_038_1350276_L,1350275.6,1350326.6,1.8079125912634662,239.07455599547274,L,binocular,2,2
PV_62,038,PV_62_block_038,PV_62_038_1354404_L,1354403.75,1354522.65,3.6378107049408515,326.1402766965275,L,binocular,2,2
PV_62,038,PV_62_block_038,PV_62_038_1355508_R,1355507.95,1355575.9,2.7630717724748344,216.3517308951839,R,binocular,2,2
PV_62,038,PV_62_block_038,PV_62_038_1357920_R,1357920.1,1358005.0,9.790372661600333,343.8633342793796,R,binocular,2,2
PV_62,038,PV_62_block_038,PV_62_038_1358124_L,1358123.9,1358157.9,1.8718449066280263,217.77708512343202,L,binocular,2,2
PV_62,038,PV_62_block_038,PV_62_038_1359551_R,1359550.75,1359618.7,7.15518553336766,339.2262335296228,R,binocular,2,2
PV_62,038,PV_62_block_038,PV_62_038_1371086_L,1371085.55,1371136.55,5.1356684251114375,31.578698939564177,L,binocular,2,2
PV_62,038,PV_62_block_038,PV_62_038_1387819_L,1387819.3,1387955.2,25.722206677652274,144.57844937312132,L,binocular,2,2
PV_62,038,PV_62_block_038,PV_62_038_1389264_R,1389263.65,1389331.6,2.129562661076269,192.37430730206177,R,binocular,2,2
PV_62,038,PV_62_block_038,PV_62_038_1389400_R,1389399.55,1389433.55,0.6901455087820998,352.16509621773645,R,binocular,2,2
PV_62,038,PV_62_block_038,PV_62_038_1395805_R,1395804.9,1395872.9,6.108108817080155,125.39765140373562,R,binocular,2,2
PV_62,038,PV_62_block_038,PV_62_038_1396196_R,1396195.75,1396246.7,1.0812968204321258,190.07291113443324,R,binocular,2,2
PV_62,038,PV_62_block_038,PV_62_038_1399050_R,1399050.05,1399101.0,3.3796730254972522,138.59153529059427,R,binocular,2,2
PV_62,038,PV_62_block_038,PV_62_038_1405796_R,1405796.2,1405915.1,16.762260309610202,19.414392784067942,R,binocular,2,2
PV_62,038,PV_62_block_038,PV_62_038_1407071_R,1407070.6,1407121.6,2.7771377091185387,261.8423937519434,R,binocular,2,2
PV_62,038,PV_62_block_038,PV_62_038_1428413_R,1428413.2,1428498.2,10.902039117610352,126.24519965929561,R,binocular,2,2
PV_62,038,PV_62_block_038,PV_62_038_1429926_R,1429925.75,1429976.75,4.442909881330502,136.0570408221558,R,binocular,2,2
PV_62,038,PV_62_block_038,PV_62_038_1437028_R,1437028.45,1437096.4,16.54378718756434,332.5758669865101,R,binocular,2,2
PV_62,038,PV_62_block_038,PV_62_038_1439934_L,1439933.65,1440001.6,9.840436816177329,315.65881633942604,L,binocular,2,2
PV_62,038,PV_62_block_038,PV_62_038_1440036_R,1440035.55,1440103.55,2.4470540485891554,197.13178418740054,R,binocular,2,2
PV_62,038,PV_62_block_038,PV_62_038_1441208_R,1441207.8,1441258.75,3.681362780349914,33.23098256917796,R,binocular,2,2
PV_62,038,PV_62_block_038,PV_62_038_1441938_L,1441938.35,1441989.35,4.446479180775571,167.27208188273903,L,binocular,2,2
PV_62,038,PV_62_block_038,PV_62_038_1443518_L,1443518.4,1443552.35,4.92602373267826,334.71500200532597,L,binocular,2,2
PV_62,038,PV_62_block_038,PV_62_038_1445693_L,1445692.9,1445726.9,5.351852049538404,113.53701372139818,L,binocular,2,2
PV_62,038,PV_62_block_038,PV_62_038_1470800_R,1470800.05,1470834.05,1.3387420342316243,183.10848858669908,R,binocular,2,2
PV_62,038,PV_62_block_038,PV_62_038_1471174_L,1471173.8,1471224.75,3.1796150510169436,346.86829989700135,L,binocular,2,2
PV_62,038,PV_62_block_038,PV_62_038_1473977_L,1473976.8,1474027.75,5.4917205343554025,210.09705826663512,L,binocular,2,2
PV_62,038,PV_62_block_038,PV_62_038_1475387_R,1475386.6,1475437.55,5.5704570443290455,142.44686594047323,R,binocular,2,2
PV_62,038,PV_62_block_038,PV_62_038_1476270_R,1476269.8,1476354.75,11.692967637016096,165.67797907892384,R,binocular,2,2
PV_62,038,PV_62_block_038,PV_62_038_1477764_R,1477764.5,1477832.45,8.625919702634075,142.70686049137052,R,binocular,2,2
PV_62,038,PV_62_block_038,PV_62_038_1490726_L,1490725.55,1490776.5,3.473798818645607,153.01204846968255,L,binocular,2,2
PV_62,038,PV_62_block_038,PV_62_038_1490794_L,1490793.5,1490844.45,1.7265933610960331,338.69107608531857,L,binocular,2,2
PV_62,038,PV_62_block_038,PV_62_038_1495770_R,1495770.35,1495838.3,5.301147401990759,323.824074668673,R,binocular,2,2
PV_62,038,PV_62_block_038,PV_62_038_1496875_R,1496874.65,1496925.65,6.126368920444569,28.038999053002097,R,binocular,2,2
PV_62,038,PV_62_block_038,PV_62_038_1496960_R,1496959.6,1497044.6,8.172333415013705,157.01065539936147,R,binocular,2,2
PV_62,038,PV_62_block_038,PV_62_038_1498455_R,1498454.65,1498522.6,8.730179291657317,349.07019971769347,R,binocular,2,2
PV_62,038,PV_62_block_038,PV_62_038_1507084_R,1507083.5,1507134.4,2.722614137969147,124.234060622984,R,binocular,2,2
PV_62,038,PV_62_block_038,PV_62_038_1509139_L,1509138.85,1509240.7,6.0557050615711185,132.26283276400673,L,binocular,2,2
PV_62,038,PV_62_block_038,PV_62_038_1512332_L,1512332.25,1512434.2,11.373139226714263,329.2008065213256,L,binocular,2,2
PV_62,038,PV_62_block_038,PV_62_038_1512451_L,1512451.2,1512502.15,1.7984503043366966,154.82555566601386,L,binocular,2,2
PV_62,038,PV_62_block_038,PV_62_038_1526139_R,1526139.35,1526173.3,1.0958106328792372,110.443786536748,R,binocular,2,2
PV_62,038,PV_62_block_038,PV_62_038_1526224_L,1526224.25,1526309.15,19.920845294355917,137.89376684300615,L,binocular,2,2
PV_62,038,PV_62_block_038,PV_62_038_1527209_R,1527209.2,1527294.1,8.454683537536164,263.1756092396015,R,binocular,2,2
PV_62,038,PV_62_block_038,PV_62_038_1547982_R,1547982.0,1548134.85,22.81234159463241,244.24769291563854,R,binocular,2,2
PV_62,038,PV_62_block_038,PV_62_038_1549952_R,1549951.7,1550053.55,4.213624659155022,239.11739435978643,R,binocular,2,2
PV_62,038,PV_62_block_038,PV_62_038_1553450_R,1553449.85,1553653.65,26.127046100303943,339.47255908872677,R,binocular,2,2
PV_62,038,PV_62_block_038,PV_62_038_1555471_L,1555471.0,1555521.95,2.139560439769237,309.42914180337254,L,binocular,2,2
PV_62,038,PV_62_block_038,PV_62_038_1556507_R,1556507.0,1556608.85,12.195241114943542,177.8964180861851,R,binocular,2,2
PV_62,038,PV_62_block_038,PV_62_038_1561008_R,1561007.8,1561058.75,6.365326376282203,95.37010723498742,R,binocular,2,2
PV_62,038,PV_62_block_038,PV_62_038_1565424_R,1565423.6,1565474.5,5.9940414438087135,73.22936066845406,R,binocular,2,2
PV_62,038,PV_62_block_038,PV_62_038_1565746_R,1565746.2,1565831.1,5.2928888351054555,121.24988074869074,R,binocular,2,2
PV_62,038,PV_62_block_038,PV_62_038_1566476_L,1566476.3,1566578.2,19.58712610039286,113.71224985991734,L,binocular,2,2
PV_62,038,PV_62_block_038,PV_62_038_1566595_L,1566595.2,1566663.1,6.573147748072666,55.380540250864364,L,binocular,2,2
PV_62,038,PV_62_block_038,PV_62_038_1566663_R,1566663.1,1566748.0,4.562117007103166,34.4849662138509,R,binocular,2,2
PV_62,038,PV_62_block_038,PV_62_038_1586313_R,1586312.8,1586363.75,5.769803026448987,284.80682194825323,R,binocular,2,2
PV_62,038,PV_62_block_038,PV_62_038_1593803_R,1593803.45,1593888.35,17.231019623782533,326.43938818722216,R,binocular,2,2
PV_62,038,PV_62_block_038,PV_62_038_1597829_R,1597828.9,1597947.75,13.643970109284139,271.413432341335,R,binocular,2,2
PV_62,038,PV_62_block_038,PV_62_038_1598593_R,1598593.25,1598678.2,8.381720417263079,298.6937478073797,R,binocular,2,2
PV_62,038,PV_62_block_038,PV_62_038_1599544_R,1599544.4,1599680.3,27.194238778611137,66.1550966133835,R,binocular,2,2
PV_62,038,PV_62_block_038,PV_62_038_1599680_L,1599680.3,1599731.25,1.5908555322277573,161.86603260078041,L,binocular,2,2
PV_62,038,PV_62_block_038,PV_62_038_1624409_L,1624409.05,1624511.0,8.83488293784961,122.72870196820935,L,binocular,2,2
PV_62,038,PV_62_block_038,PV_62_038_1625989_R,1625988.85,1626039.8,1.45095466161731,349.28164406479067,R,binocular,2,2
PV_62,038,PV_62_block_038,PV_62_038_1635127_L,1635127.2,1635195.15,1.294714179835807,316.70514119978805,L,binocular,2,2
PV_62,038,PV_62_block_038,PV_62_038_1638439_L,1638439.3,1638490.25,0.5394113975537844,325.33770931753605,L,binocular,2,2
PV_62,038,PV_62_block_038,PV_62_038_1653914_R,1653914.1,1653948.1,0.5934696374105642,50.53823166665247,R,binocular,2,2
PV_62,038,PV_62_block_038,PV_62_038_1675162_R,1675161.55,1675246.45,15.065582989827842,285.0197453205893,R,binocular,2,2
PV_62,038,PV_62_block_038,PV_62_038_1675263_L,1675263.4,1675297.35,1.0336404206223235,243.6136446309862,L,binocular,2,2
PV_62,038,PV_62_block_038,PV_62_038_1683550_R,1683550.35,1683618.3,5.415479870359045,331.94845851308935,R,binocular,2,2
PV_62,038,PV_62_block_038,PV_62_038_1683873_R,1683873.0,1683940.9,7.249481560452072,31.309598166466916,R,binocular,2,2
PV_62,038,PV_62_block_038,PV_62_038_1683958_L,1683957.9,1683991.85,1.6339877408257253,148.13250150741843,L,binocular,2,2
PV_62,038,PV_62_block_038,PV_62_038_1684332_R,1684331.55,1684365.5,9.010211213266647,15.723785312551646,R,binocular,2,2
PV_62,038,PV_62_block_038,PV_62_038_1684382_R,1684382.5,1684416.45,3.875668638361402,95.6729436102659,R,binocular,2,2
PV_62,038,PV_62_block_038,PV_62_038_1685096_R,1685095.7,1685163.6,5.941797391378846,22.87093726037047,R,binocular,2,2
PV_62,038,PV_62_block_038,PV_62_038_1685181_L,1685180.6,1685248.5,26.955039188342543,120.63892713127738,L,binocular,2,2
PV_62,038,PV_62_block_038,PV_62_038_1686692_R,1686692.05,1686742.95,4.6703019095350164,78.77265149159324,R,binocular,2,2
PV_62,038,PV_62_block_038,PV_62_038_1689104_R,1689103.75,1689188.65,6.510514070181255,205.5726959712585,R,binocular,2,2
PV_62,038,PV_62_block_038,PV_62_038_1693690_L,1693689.55,1693723.5,1.814657617291799,156.39528533961158,L,binocular,2,2
PV_62,038,PV_62_block_038,PV_62_038_1701588_R,1701587.55,1701655.5,1.2535218930202705,83.9551818595889,R,binocular,2,2
PV_62,038,PV_62_block_038,PV_62_038_1708330_L,1708330.1,1708415.05,8.809605637990996,229.64072255967434,L,binocular,2,2
PV_62,038,PV_62_block_038,PV_62_038_1716585_R,1716585.1,1716653.0,4.086611061590827,129.12786828953855,R,binocular,2,2
PV_62,038,PV_62_block_038,PV_62_038_1784568_R,1784567.85,1784669.75,19.752054154430546,316.7825567606878,R,binocular,2,2
PV_62,038,PV_62_block_038,PV_62_038_1784772_L,1784771.65,1784839.6,6.3357313732262375,134.84004908223287,L,binocular,2,2
PV_62,038,PV_62_block_038,PV_62_038_1784823_L,1784822.6,1784856.6,0.6849472776781201,226.7969273375855,L,binocular,2,2
PV_62,038,PV_62_block_038,PV_62_038_1800787_L,1800787.45,1800872.35,9.8530082855121,291.20907835546336,L,binocular,2,2
PV_62,038,PV_62_block_038,PV_62_038_1816482_R,1816482.4,1816584.35,9.929041219971484,289.38264221715747,R,binocular,2,2
PV_62,038,PV_62_block_038,PV_62_038_1818997_L,1818996.8,1819081.7,33.568958759454844,128.35632646911844,L,binocular,2,2
PV_62,038,PV_62_block_038,PV_62_038_1819184_R,1819183.65,1819234.6,1.9615204549828522,149.4550870995697,R,binocular,2,2
PV_62,038,PV_62_block_038,PV_62_038_1834402_R,1834402.35,1834504.25,9.650248095391918,101.46982549112593,R,binocular,2,2
PV_62,038,PV_62_block_038,PV_62_038_1836237_R,1836236.85,1836304.8,13.806691832779295,302.4270088764242,R,binocular,2,2
PV_62,038,PV_62_block_038,PV_62_038_1855754_L,1855754.15,1855805.1,4.1163621544385265,330.84372916938497,L,binocular,2,2
PV_62,038,PV_62_block_038,PV_62_038_1855856_R,1855856.05,1855890.0,0.5552073232078554,149.06808255879866,R,binocular,2,2
PV_62,038,PV_62_block_038,PV_62_038_1859813_R,1859813.35,1859864.3,1.230396573104172,281.1654889007502,R,binocular,2,2
PV_62,038,PV_62_block_038,PV_62_038_1861444_R,1861443.85,1861511.8,10.941200134341745,130.6477703298988,R,binocular,2,2
PV_62,038,PV_62_block_038,PV_62_038_1861682_R,1861681.6,1861766.55,3.4735622903769072,329.20938424452675,R,binocular,2,2
PV_62,038,PV_62_block_038,PV_62_038_1869120_R,1869120.0,1869170.95,5.641128272496567,127.1152636152,R,binocular,2,2
PV_62,038,PV_62_block_038,PV_62_038_1871583_R,1871582.95,1871633.9,5.726813091110293,121.48818790672905,R,binocular,2,2
PV_62,038,PV_62_block_038,PV_62_038_1898251_L,1898250.55,1898318.45,8.37736857094677,134.96686842429392,L,binocular,2,2
PV_62,038,PV_62_block_038,PV_62_038_1908304_R,1908304.1,1908389.0,22.180136026132345,322.6990581323526,R,binocular,2,2
PV_62,038,PV_62_block_038,PV_62_038_1919988_R,1919988.1,1920073.0,8.181560724915252,319.05447525081956,R,binocular,2,2
PV_62,038,PV_62_block_038,PV_62_038_1925898_R,1925897.75,1925965.7,5.442860470697568,320.4668682292684,R,binocular,2,2
PV_62,038,PV_62_block_038,PV_62_038_1933251_L,1933250.55,1933335.4,32.0719091588772,128.78189129125127,L,binocular,2,2
PV_62,038,PV_62_block_038,PV_62_038_1936426_R,1936425.85,1936493.75,15.957847811376354,139.66299481548862,R,binocular,2,2
PV_62,038,PV_62_block_038,PV_62_038_1946360_L,1946359.55,1946444.45,4.59593870031812,27.354084487818255,L,binocular,2,2
PV_62,038,PV_62_block_038,PV_62_038_1948686_R,1948685.95,1948770.85,15.988806819382305,146.3863906695265,R,binocular,2,2
PV_62,038,PV_62_block_038,PV_62_038_1948924_L,1948923.65,1949008.55,9.58559707788225,174.0411691272075,L,binocular,2,2
PV_62,038,PV_62_block_038,PV_62_038_1951522_L,1951521.6,1951589.55,5.762492404931297,185.33820379064855,L,binocular,2,2
PV_62,038,PV_62_block_038,PV_62_038_1957074_R,1957074.4,1957142.3,2.065451502993327,343.1513983079238,R,binocular,2,2
PV_62,038,PV_62_block_038,PV_62_038_1960284_L,1960283.8,1960368.7,10.895012599521015,189.92264802084273,L,binocular,2,2
PV_62,038,PV_62_block_038,PV_62_038_1962848_R,1962847.75,1962915.7,6.344255430192367,124.93118618861328,R,binocular,2,2
PV_62,038,PV_62_block_038,PV_62_038_1968638_L,1968638.15,1968672.1,2.234088649184069,146.4648049168232,L,binocular,2,2
PV_62,038,PV_62_block_038,PV_62_038_1978792_R,1978791.6,1978842.55,3.0068698192369427,312.95582957892793,R,binocular,2,2
PV_62,038,PV_62_block_038,PV_62_038_1979318_L,1979317.9,1979351.85,3.6296066318962006,94.31287214417851,L,binocular,2,2
PV_62,038,PV_62_block_038,PV_62_038_1980812_L,1980812.1,1980846.05,,,L,binocular,2,2
PV_62,038,PV_62_block_038,PV_62_038_1992699_R,1992699.35,1992767.3,4.177055992479556,72.71557783959734,R,binocular,2,2
PV_62,038,PV_62_block_038,PV_62_038_1993039_L,1993039.1,1993090.05,3.9845228346243164,73.21484608640533,L,binocular,2,2
PV_62,038,PV_62_block_038,PV_62_038_1993311_L,1993310.85,1993361.75,1.7983261490951579,173.06869185307545,L,binocular,2,2
PV_62,038,PV_62_block_038,PV_62_038_1993990_R,1993990.25,1994075.15,5.8418252640110575,312.19200043894375,R,binocular,2,2
PV_62,038,PV_62_block_038,PV_62_038_1994364_R,1994363.85,1994414.8,8.91321609215595,130.39249938646708,R,binocular,2,2
PV_62,038,PV_62_block_038,PV_62_038_1996011_R,1996010.95,1996044.9,4.062398453447738,168.3279512731098,R,binocular,2,2
PV_62,038,PV_62_block_038,PV_62_038_1997386_L,1997386.5,1997403.45,0.8947360935150751,165.24671277846986,L,binocular,2,2
PV_62,038,PV_62_block_038,PV_62_038_2000053_R,2000052.95,2000103.9,7.233469578412665,237.82824193677698,R,binocular,2,2
PV_62,038,PV_62_block_038,PV_62_038_2002736_R,2002736.15,2002906.0,15.431044984926473,112.33984485812012,R,binocular,2,2
PV_62,038,PV_62_block_038,PV_62_038_2004401_L,2004400.65,2004417.65,0.6819000451387797,268.37345231867107,L,binocular,2,2
PV_62,038,PV_62_block_038,PV_62_038_2021469_L,2021469.05,2021503.05,,,L,binocular,2,2
PV_62,038,PV_62_block_038,PV_62_038_2030827_R,2030827.3,2030861.25,1.8244507589788967,270.8781903201916,R,binocular,2,2
PV_62,038,PV_62_block_038,PV_62_038_2047167_R,2047166.8,2047302.7,16.68164141197958,338.6108465195919,R,binocular,2,2
PV_62,038,PV_62_block_038,PV_62_038_2047320_L,2047319.7,2047489.5,27.3742056379568,132.7371761494076,L,binocular,2,2
PV_62,038,PV_62_block_038,PV_62_038_2050071_L,2050071.25,2050190.2,10.843613248064178,318.8506596473546,L,binocular,2,2
PV_62,038,PV_62_block_038,PV_62_038_2050207_L,2050207.15,2050258.15,2.3680445648872097,177.05934249191415,L,binocular,2,2
PV_62,038,PV_62_block_038,PV_62_038_2050819_L,2050818.65,2050852.65,0.9779152772881946,275.39888188440705,L,binocular,2,2
PV_62,038,PV_62_block_038,PV_62_038_2050972_L,2050971.5,2051005.5,1.8312228602932423,166.98805099045802,L,binocular,2,2
PV_62,038,PV_62_block_038,PV_62_038_2051481_R,2051481.05,2051549.0,9.251680267109665,139.85716195581944,R,binocular,2,2
PV_62,038,PV_62_block_038,PV_62_038_2052008_R,2052007.55,2052092.5,12.935942550359835,261.2314412036093,R,binocular,2,2
PV_62,038,PV_62_block_038,PV_62_038_2053298_L,2053298.35,2053366.25,10.006652121739169,4.775328375624407,L,binocular,2,2
PV_62,038,PV_62_block_038,PV_62_038_2053434_R,2053434.2,2053485.15,1.2725219563369121,241.18445430987964,R,binocular,2,2
PV_62,038,PV_62_block_038,PV_62_038_2054419_L,2054419.2,2054470.15,6.327884302756419,21.293023301094525,L,binocular,2,2
PV_62,038,PV_62_block_038,PV_62_038_2054555_R,2054555.1,2054589.1,6.074949378391926,261.6641769753312,R,binocular,2,2
PV_62,038,PV_62_block_038,PV_62_038_2058886_L,2058886.4,2058988.3,7.637935993679208,270.5129140234772,L,binocular,2,2
PV_62,038,PV_62_block_038,PV_62_038_2059005_L,2059005.3,2059090.2,5.479008610845846,142.47908786289935,L,binocular,2,2
PV_62,038,PV_62_block_038,PV_62_038_2071843_R,2071843.35,2071928.25,10.473320685144904,157.13393099281836,R,binocular,2,2
PV_62,038,PV_62_block_038,PV_62_038_2072098_R,2072098.1,2072115.05,1.2601746350708687,102.29178078201633,R,binocular,2,2
PV_62,038,PV_62_block_038,PV_62_038_2073847_L,2073847.35,2073898.3,5.383944904384271,143.8561574798137,L,binocular,2,2
PV_62,038,PV_62_block_038,PV_62_038_2074051_L,2074051.15,2074085.1,1.3302139765811056,212.09683181748656,L,binocular,2,2
PV_62,038,PV_62_block_038,PV_62_038_2076768_R,2076768.45,2076819.45,7.797028603054508,111.85271255239064,R,binocular,2,2
PV_62,038,PV_62_block_038,PV_62_038_2083239_R,2083238.75,2083289.75,9.694990290432953,159.11538449689579,R,binocular,2,2
PV_62,038,PV_62_block_038,PV_62_038_2083341_R,2083340.7,2083425.6,5.404395915149254,345.20084691176777,R,binocular,2,2
PV_62,038,PV_62_block_038,PV_62_038_2083494_R,2083493.55,2083629.35,4.961124378331469,2.9319467499718708,R,binocular,2,2
PV_62,038,PV_62_block_038,PV_62_038_2084801_R,2084801.2,2084852.15,11.87872183160634,97.39465474676172,R,binocular,2,2
PV_62,038,PV_62_block_038,PV_62_038_2104469_R,2104468.75,2104536.7,5.704357828381484,144.61111137288358,R,binocular,2,2
PV_62,038,PV_62_block_038,PV_62_038_2107576_R,2107576.5,2107644.45,7.524330509822334,220.61612563029271,R,binocular,2,2
PV_62,038,PV_62_block_038,PV_62_038_2108476_R,2108476.45,2108510.4,1.8552015987331048,91.21271639641611,R,binocular,2,2
PV_62,038,PV_62_block_038,PV_62_038_2109767_R,2109766.95,2109834.85,6.777037134598871,145.53385118197855,R,binocular,2,2
PV_62,038,PV_62_block_038,PV_62_038_2111159_R,2111159.4,2111295.25,9.552934465614944,231.1331850980298,R,binocular,2,2
PV_62,038,PV_62_block_038,PV_62_038_2113843_R,2113842.7,2113910.65,5.667022681989545,276.45196291817496,R,binocular,2,2
PV_62,038,PV_62_block_038,PV_62_038_2114369_L,2114369.15,2114437.1,3.611932994313354,342.604696322316,L,binocular,2,2
PV_62,038,PV_62_block_038,PV_62_038_2115779_L,2115778.8,2115812.8,1.1380633197702428,210.46316385743722,L,binocular,2,2
PV_62,038,PV_62_block_038,PV_62_038_2119244_R,2119243.65,2119379.5,12.331660241988187,123.52418422672017,R,binocular,2,2
PV_62,038,PV_62_block_038,PV_62_038_2122556_R,2122555.5,2122708.4,14.427452420894994,184.4736434365353,R,binocular,2,2
PV_62,038,PV_62_block_038,PV_62_038_2125528_R,2125527.5,2125595.4,10.602174502018341,131.13956672649658,R,binocular,2,2
PV_62,038,PV_62_block_038,PV_62_038_2127260_L,2127259.55,2127310.5,5.456427805403576,160.16914183707127,L,binocular,2,2
PV_62,038,PV_62_block_038,PV_62_038_2129382_R,2129382.3,2129433.25,7.8951912121825725,114.0275958468689,R,binocular,2,2
PV_62,038,PV_62_block_038,PV_62_038_2129518_R,2129518.15,2129569.1,2.196934213575476,283.9952412422857,R,binocular,2,2
PV_62,038,PV_62_block_038,PV_62_038_2129875_R,2129874.7,2129993.55,19.399982227384236,271.1608946672465,R,binocular,2,2
PV_62,038,PV_62_block_038,PV_62_038_2132167_R,2132167.0,2132302.8,9.734474033697348,187.44608849907024,R,binocular,2,2
PV_62,038,PV_62_block_038,PV_62_038_2133508_R,2133508.45,2133525.45,6.689812946202895,91.54599988053172,R,binocular,2,2
PV_62,038,PV_62_block_038,PV_62_038_2134867_R,2134866.85,2134917.8,14.554607493253926,31.545714483687824,R,binocular,2,2
PV_62,038,PV_62_block_038,PV_62_038_2136514_R,2136514.2,2136599.1,15.984985376927828,354.6979976192268,R,binocular,2,2
PV_62,038,PV_62_block_038,PV_62_038_2137142_R,2137142.45,2137227.35,19.956518148278917,56.88046133846752,R,binocular,2,2
PV_62,038,PV_62_block_038,PV_62_038_2140963_R,2140963.0,2141098.9,30.628693695026328,260.80350807513275,R,binocular,2,2
PV_62,038,PV_62_block_038,PV_62_038_2142322_R,2142321.65,2142423.6,11.554207617449917,282.97765543458445,R,binocular,2,2
PV_62,038,PV_62_block_038,PV_62_038_2143969_R,2143968.8,2144002.8,6.233124098791737,0.5023593378627916,R,binocular,2,2
PV_62,038,PV_62_block_038,PV_62_038_2144037_R,2144036.75,2144087.7,0.6949161743284679,201.47255079587745,R,binocular,2,2
PV_62,038,PV_62_block_038,PV_62_038_2144886_R,2144885.7,2144953.65,9.977835649203056,334.2524833264198,R,binocular,2,2
PV_62,038,PV_62_block_038,PV_62_038_2149046_R,2149045.95,2149130.85,9.36564454351345,65.21507419925558,R,binocular,2,2
PV_62,038,PV_62_block_038,PV_62_038_2151237_R,2151236.7,2151287.65,2.718553760569017,54.77204666857202,R,binocular,2,2
PV_62,038,PV_62_block_038,PV_62_038_2152561_R,2152561.1,2152646.0,5.322800106703902,255.46556914246472,R,binocular,2,2
PV_62,038,PV_62_block_038,PV_62_038_2154531_L,2154530.85,2154581.8,11.632698216282584,170.07195129421476,L,binocular,2,2
PV_62,038,PV_62_block_038,PV_62_038_2155040_L,2155040.3,2155091.25,6.321568148074822,266.52612610213356,L,binocular,2,2
PV_62,038,PV_62_block_038,PV_62_038_2156110_L,2156110.25,2156178.15,4.0615502659577105,112.984143653791,L,binocular,2,2
PV_62,038,PV_62_block_038,PV_62_038_2156840_R,2156840.4,2156891.35,4.096736879097419,336.8624227557193,R,binocular,2,2
PV_62,038,PV_62_block_038,PV_62_038_2157791_R,2157791.3,2157842.25,2.871018933098537,150.1160519329366,R,binocular,2,2
PV_62,038,PV_62_block_038,PV_62_038_2162630_R,2162630.3,2162698.25,3.9086809273836303,189.598549644623,R,binocular,2,2
PV_62,038,PV_62_block_038,PV_62_038_2163598_L,2163598.25,2163683.15,8.26886348694698,131.25177839293957,L,binocular,2,2
PV_62,038,PV_62_block_038,PV_62_038_2164634_R,2164634.0,2164718.9,8.86252252059202,178.6381380871095,R,binocular,2,2
PV_62,038,PV_62_block_038,PV_62_038_2165092_R,2165092.45,2165194.35,3.8302687496470487,22.084281358910083,R,binocular,2,2
PV_62,038,PV_62_block_038,PV_62_038_2177129_R,2177128.65,2177213.55,8.58512061034495,197.26296491663481,R,binocular,2,2
PV_62,038,PV_62_block_038,PV_62_038_2177298_L,2177298.45,2177366.35,1.0764275384872688,335.1859658893237,L,binocular,2,2
PV_62,038,PV_62_block_038,PV_62_038_2179523_R,2179522.75,2179658.55,23.10043007071032,238.82268059758778,R,binocular,2,2
PV_62,038,PV_62_block_038,PV_62_038_2180745_R,2180745.15,2180847.0,23.424872231012696,59.03484641526723,R,binocular,2,2
PV_62,038,PV_62_block_038,PV_62_038_2180864_L,2180864.0,2180881.0,0.6080644493864216,201.86015209896223,L,binocular,2,2
PV_62,038,PV_62_block_038,PV_62_038_2183055_R,2183054.55,2183105.45,2.9352596326557325,283.5226111865832,R,binocular,2,2
PV_62,038,PV_62_block_038,PV_62_038_2185738_L,2185737.7,2185822.6,3.844791690621288,339.18569715726613,L,binocular,2,2
PV_62,038,PV_62_block_038,PV_62_038_2186400_R,2186399.9,2186467.85,1.9995351341422882,48.746478206818345,R,binocular,2,2
PV_62,038,PV_62_block_038,PV_62_038_2205351_L,2205351.25,2205402.2,1.6705814057145936,176.3703123521987,L,binocular,2,2
PV_62,038,PV_62_block_038,PV_62_038_2208391_R,2208390.65,2208441.6,10.53356783213473,138.8617275732243,R,binocular,2,2
PV_62,038,PV_62_block_038,PV_62_038_2210666_L,2210665.75,2210767.65,7.216848428773104,129.58477565012058,L,binocular,2,2
PV_62,038,PV_62_block_038,PV_62_038_2210870_R,2210869.55,2210920.45,0.7307531483014998,274.4064997978612,R,binocular,2,2
PV_62,038,PV_62_block_038,PV_62_038_2213552_R,2213552.5,2213637.4,11.810577980285693,280.57601707352114,R,binocular,2,2
PV_62,038,PV_62_block_038,PV_62_038_2213654_R,2213654.4,2213688.35,1.9786789330617947,241.05177716613304,R,binocular,2,2
PV_62,038,PV_62_block_038,PV_62_038_2232504_L,2232503.7,2232554.6,19.263875819391647,288.4690292922945,L,binocular,2,2
PV_62,038,PV_62_block_038,PV_62_038_2237071_L,2237071.4,2237122.35,3.8068725267907313,105.84035996931857,L,binocular,2,2
PV_62,038,PV_62_block_038,PV_62_038_2237224_L,2237224.2,2237309.1,4.282580075528687,129.49118775999287,L,binocular,2,2
PV_62,038,PV_62_block_038,PV_62_038_2240383_L,2240382.7,2240484.6,13.285731106026073,317.6589476187892,L,binocular,2,2
PV_62,038,PV_62_block_038,PV_62_038_2240485_L,2240484.6,2240552.5,1.9490992004652516,156.15522627338194,L,binocular,2,2
PV_62,038,PV_62_block_038,PV_62_038_2241877_L,2241876.9,2241961.8,8.131779981014514,317.0556854808972,L,binocular,2,2
PV_62,038,PV_62_block_038,PV_62_038_2244764_R,2244763.6,2244865.5,9.541813878612057,267.5656065571006,R,binocular,2,2
PV_62,038,PV_62_block_038,PV_62_038_2246835_L,2246835.25,2246886.15,6.334011174612859,336.1658858490904,L,binocular,2,2
PV_62,038,PV_62_block_038,PV_62_038_2246937_R,2246937.1,2246988.05,2.289557672909928,206.3140325005405,R,binocular,2,2
PV_62,038,PV_62_block_038,PV_62_038_2251386_R,2251386.2,2251437.1,4.7156767507351205,155.68924416562066,R,binocular,2,2
PV_62,038,PV_62_block_038,PV_62_038_2253322_R,2253321.55,2253389.45,12.758839646052234,176.4579584948324,R,binocular,2,2
PV_62,038,PV_62_block_038,PV_62_038_2253559_R,2253559.2,2253593.15,2.4152391266126836,207.4470339617767,R,binocular,2,2
PV_62,038,PV_62_block_038,PV_62_038_2253593_R,2253593.15,2253678.05,6.5336428097604395,10.158670612617396,R,binocular,2,2
PV_62,038,PV_62_block_038,PV_62_038_2256768_R,2256767.85,2256852.75,11.54553190340172,197.2773009963684,R,binocular,2,2
PV_62,038,PV_62_block_038,PV_62_038_2256887_R,2256886.7,2256937.65,3.1158952203565793,24.25680743640933,R,binocular,2,2
PV_62,038,PV_62_block_038,PV_62_038_2258533_R,2258533.3,2258601.2,5.921548621806256,158.25544730839297,R,binocular,2,2
PV_62,038,PV_62_block_038,PV_62_038_2260774_L,2260773.95,2260841.9,8.114287006983028,106.49535390253497,L,binocular,2,2
PV_62,038,PV_62_block_038,PV_62_038_2269280_R,2269279.65,2269330.6,5.090108188442991,145.41825433260937,R,binocular,2,2
PV_62,038,PV_62_block_038,PV_62_038_2273644_R,2273643.5,2273694.45,5.2506306483636855,163.26019276613397,R,binocular,2,2
PV_62,038,PV_62_block_038,PV_62_038_2273728_R,2273728.4,2273745.4,0.6013364215550975,343.94687877983165,R,binocular,2,2
PV_62,038,PV_62_block_038,PV_62_038_2274629_R,2274628.55,2274696.45,2.070440510699126,235.1004593010381,R,binocular,2,2
PV_62,038,PV_62_block_038,PV_62_038_2276021_R,2276021.2,2276072.1,3.418740886034769,89.34165150733872,R,binocular,2,2
PV_62,038,PV_62_block_038,PV_62_038_2278161_R,2278160.7,2278228.65,16.852224146288282,351.12029618176655,R,binocular,2,2
PV_62,038,PV_62_block_038,PV_62_038_2282847_R,2282847.0,2282897.95,2.9243540900679794,182.98551816408371,R,binocular,2,2
PV_62,038,PV_62_block_038,PV_62_038_2283594_R,2283594.1,2283645.0,4.295515569935183,35.33674830534543,R,binocular,2,2
PV_62,038,PV_62_block_038,PV_62_038_2284036_R,2284035.5,2284069.5,0.6490546000337669,194.3825983424794,R,binocular,2,2
PV_62,038,PV_62_block_038,PV_62_038_2285564_L,2285563.7,2285614.65,1.6801986426776703,171.14007521066642,L,binocular,2,2
PV_62,038,PV_62_block_038,PV_62_038_2289893_L,2289893.35,2289978.25,17.19960921687454,130.17028587391286,L,binocular,2,2
PV_62,038,PV_62_block_038,PV_62_038_2290471_R,2290470.7,2290538.65,6.639552288558351,54.024657706569975,R,binocular,2,2
PV_62,038,PV_62_block_038,PV_62_038_2291914_R,2291914.05,2291982.0,5.979505940425959,303.09252684985415,R,binocular,2,2
PV_62,038,PV_62_block_038,PV_62_038_2293731_L,2293731.15,2293765.1,1.81271543728859,10.115118212111907,L,binocular,2,2
PV_62,038,PV_62_block_038,PV_62_038_2299216_R,2299216.45,2299250.4,3.506275174432708,192.38825825749421,R,binocular,2,2
PV_62,038,PV_62_block_038,PV_62_038_2299284_R,2299284.4,2299335.35,2.4935207076376176,303.2880117518439,R,binocular,2,2
PV_62,038,PV_62_block_038,PV_62_038_2304464_L,2304463.7,2304514.65,18.731222995412043,260.66974101870954,L,binocular,2,2
PV_62,038,PV_62_block_038,PV_62_038_2305228_R,2305227.7,2305278.6,2.45749120241953,254.31225221412376,R,binocular,2,2
PV_62,038,PV_62_block_038,PV_62_038_2305330_L,2305329.55,2305431.4,3.029221176452538,196.16162714618403,L,binocular,2,2
PV_62,038,PV_62_block_038,PV_62_038_2306994_R,2306993.5,2307061.4,9.594056210352495,156.76947911306598,R,binocular,2,2
PV_62,038,PV_62_block_038,PV_62_038_2307792_R,2307791.6,2307842.55,2.883903360921876,118.83795614644843,R,binocular,2,2
PV_62,038,PV_62_block_038,PV_62_038_2308980_R,2308980.1,2309031.05,1.3190977734056504,15.956298498732327,R,binocular,2,2
PV_62,038,PV_62_block_038,PV_62_038_2311561_R,2311560.8,2311594.75,5.5679847658399355,166.09616525896553,R,binocular,2,2
PV_62,038,PV_62_block_038,PV_62_038_2312529_R,2312528.55,2312562.5,2.6346418450353606,2.2100136422567447,R,binocular,2,2
PV_62,038,PV_62_block_038,PV_62_038_2313326_R,2313326.5,2313394.4,11.539961327739496,126.31418941255993,R,binocular,2,2
PV_62,038,PV_62_block_038,PV_62_038_2313428_L,2313428.35,2313462.3,1.2990995636234737,9.651301222292373,L,binocular,2,2
PV_62,038,PV_62_block_038,PV_62_038_2314464_R,2314464.2,2314515.15,8.210276739548089,175.70225824539932,R,binocular,2,2
PV_62,038,PV_62_block_038,PV_62_038_2314872_R,2314871.7,2314922.6,7.229400414239304,152.44691807441413,R,binocular,2,2
PV_62,038,PV_62_block_038,PV_62_038_2314974_R,2314973.55,2315024.5,2.982764399842218,344.5308725330169,R,binocular,2,2
PV_62,038,PV_62_block_038,PV_62_038_2320170_L,2320170.5,2320221.4,,,L,binocular,2,2
PV_62,038,PV_62_block_038,PV_62_038_2320323_R,2320323.35,2320374.3,3.6634534049187706,108.91230231017126,R,binocular,2,2
PV_62,038,PV_62_block_038,PV_62_038_2321886_R,2321885.7,2321953.65,6.729948762085493,135.6831619817401,R,binocular,2,2
PV_62,038,PV_62_block_038,PV_62_038_2323397_R,2323397.0,2323447.95,5.773112076540826,312.2571962263245,R,binocular,2,2
PV_62,038,PV_62_block_038,PV_62_038_2323465_R,2323464.9,2323549.85,11.415055856980313,137.46571834598643,R,binocular,2,2
PV_62,038,PV_62_block_038,PV_62_038_2325876_R,2325876.05,2325910.0,0.7569843757768175,239.48996442899693,R,binocular,2,2
PV_62,038,PV_62_block_038,PV_62_038_2326012_L,2326011.9,2326079.8,5.812777851249229,65.18110811947722,L,binocular,2,2
PV_62,038,PV_62_block_038,PV_62_038_2326097_R,2326096.85,2326147.75,2.4164579781111004,205.93676492686606,R,binocular,2,2
PV_62,038,PV_62_block_038,PV_62_038_2327846_L,2327846.0,2327879.95,2.880409679336777,287.46673690835064,L,binocular,2,2
PV_62,038,PV_62_block_038,PV_62_038_2333433_L,2333432.8,2333466.75,1.4191478821623462,101.15115930559975,L,binocular,2,2
PV_62,038,PV_62_block_038,PV_62_038_2335436_R,2335436.4,2335504.35,4.24358083879678,290.0976152434981,R,binocular,2,2
PV_62,038,PV_62_block_038,PV_62_038_2339920_L,2339919.65,2339987.55,,,L,binocular,2,2
PV_62,038,PV_62_block_038,PV_62_038_2361384_R,2361383.65,2361519.55,11.481827506113644,193.17153191344127,R,binocular,2,2
PV_62,038,PV_62_block_038,PV_62_038_2362267_R,2362266.75,2362351.7,6.876653026393105,152.55306886269375,R,binocular,2,2
PV_62,038,PV_62_block_038,PV_62_038_2363116_R,2363115.8,2363217.7,3.5450477846854644,271.39806043605034,R,binocular,2,2
PV_62,038,PV_62_block_038,PV_62_038_2363965_R,2363964.9,2364015.85,9.01840884825225,89.05816878086323,R,binocular,2,2
PV_62,038,PV_62_block_038,PV_62_038_2365035_R,2365034.8,2365119.7,11.811050282411237,141.64301356665,R,binocular,2,2
PV_62,038,PV_62_block_038,PV_62_038_2365340_R,2365340.45,2365425.35,8.456426591827228,216.22044838685895,R,binocular,2,2
PV_62,038,PV_62_block_038,PV_62_038_2365425_R,2365425.35,2365476.3,3.7210189744837585,11.86176605712914,R,binocular,2,2
PV_62,038,PV_62_block_038,PV_62_038_2371538_R,2371538.45,2371657.3,7.150226147177407,174.25547997530293,R,binocular,2,2
PV_62,038,PV_62_block_038,PV_62_038_2382000_R,2381999.6,2382169.4,20.51775105014754,86.74200953688066,R,binocular,2,2
PV_62,038,PV_62_block_038,PV_62_038_2387842_R,2387841.55,2387926.4,18.078934767324736,316.71947291671927,R,binocular,2,2
PV_62,038,PV_62_block_038,PV_62_038_2387926_L,2387926.4,2387994.35,27.996831222241198,130.75101099783203,L,binocular,2,2
PV_62,038,PV_62_block_038,PV_62_038_2388402_L,2388401.9,2388452.85,2.907585187047503,169.28015415961255,L,binocular,2,2
PV_62,038,PV_62_block_038,PV_62_038_2391578_R,2391577.65,2391645.6,15.417031404060493,88.00554075580129,R,binocular,2,2
PV_62,038,PV_62_block_038,PV_62_038_2392036_R,2392036.25,2392070.2,2.9368374805687814,82.87959793679711,R,binocular,2,2
PV_62,038,PV_62_block_038,PV_62_038_2392648_R,2392647.65,2392800.5,19.73369879820158,247.23687872911995,R,binocular,2,2
PV_62,038,PV_62_block_038,PV_62_038_2394074_R,2394074.25,2394125.25,4.319118788927755,274.6411027741879,R,binocular,2,2
PV_62,038,PV_62_block_038,PV_62_038_2394550_R,2394549.8,2394600.75,6.07766958900888,276.9090182385561,R,binocular,2,2
PV_62,038,PV_62_block_038,PV_62_038_2395840_L,2395840.45,2395891.4,0.6793655002284165,87.42486483304933,L,binocular,2,2
PV_62,038,PV_62_block_038,PV_62_038_2404009_R,2404008.95,2404059.9,4.379633346024962,133.51733112176856,R,binocular,2,2
PV_62,038,PV_62_block_038,PV_62_038_2406319_R,2406318.55,2406369.5,8.303641008100799,131.44720772211124,R,binocular,2,2
PV_62,038,PV_62_block_038,PV_62_038_2407456_R,2407456.45,2407507.4,3.1387116367157675,290.27977628076405,R,binocular,2,2
PV_62,038,PV_62_block_038,PV_62_038_2407694_R,2407694.2,2407728.2,3.3985449476934955,133.21285330737814,R,binocular,2,2
PV_62,038,PV_62_block_038,PV_62_038_2408187_L,2408186.75,2408254.7,6.4757943407878304,287.30209874911293,L,binocular,2,2
PV_62,038,PV_62_block_038,PV_62_038_2415133_R,2415132.8,2415234.7,15.556106178936988,70.9081208719809,R,binocular,2,2
PV_62,038,PV_62_block_038,PV_62_038_2435340_R,2435339.65,2435424.55,18.72520709722519,46.242239739221816,R,binocular,2,2
PV_62,038,PV_62_block_038,PV_62_038_2437105_R,2437105.45,2437173.35,6.511277998571304,99.65427898562264,R,binocular,2,2
PV_62,038,PV_62_block_038,PV_62_038_2437802_L,2437801.55,2437886.45,5.956861620271346,154.74097516993953,L,binocular,2,2
PV_62,038,PV_62_block_038,PV_62_038_2443236_R,2443235.6,2443320.5,4.791770504225938,33.655590512042615,R,binocular,2,2
PV_62,038,PV_62_block_038,PV_62_038_2445172_R,2445171.55,2445222.5,8.457389088001975,102.6476438133797,R,binocular,2,2
PV_62,038,PV_62_block_038,PV_62_038_2448890_R,2448890.2,2448958.1,1.9983657315845924,131.44281451139943,R,binocular,2,2
PV_62,038,PV_62_block_038,PV_62_038_2463883_R,2463883.3,2463951.2,8.709791906770262,291.23281221896764,R,binocular,2,2
PV_62,038,PV_62_block_038,PV_62_038_2495483_L,2495482.85,2495550.75,3.9601411240036306,139.18750828954649,L,binocular,2,2
PV_62,038,PV_62_block_038,PV_62_038_2496841_L,2496841.4,2496875.35,1.768359531906154,307.0638364009128,L,binocular,2,2
PV_62,038,PV_62_block_038,PV_62_038_2501104_L,2501103.8,2501171.7,2.7533517413996758,205.16861698641267,L,binocular,2,2
PV_62,038,PV_62_block_038,PV_62_038_2518883_L,2518882.6,2518933.55,18.924872324459447,122.83715690870508,L,binocular,2,2
PV_62,038,PV_62_block_038,PV_62_038_2518934_L,2518933.55,2518984.5,0.5698684366092645,237.1319312384087,L,binocular,2,2
PV_62,038,PV_62_block_038,PV_62_038_2523790_L,2523790.0,2523857.95,7.1045399899265025,190.91468466111942,L,binocular,2,2
PV_62,038,PV_62_block_038,PV_62_038_2524079_R,2524078.65,2524146.55,7.2236162848031436,170.11137384226788,R,binocular,2,2
PV_62,038,PV_62_block_038,PV_62_038_2527016_L,2527015.65,2527083.55,7.9291562995838385,180.5105872982255,L,binocular,2,2
PV_62,038,PV_62_block_038,PV_62_038_2527270_R,2527270.35,2527372.25,6.635442061889052,10.717535274109709,R,binocular,2,2
PV_62,038,PV_62_block_038,PV_62_038_2527967_R,2527966.55,2527983.5,2.5208390128841467,198.62782565458656,R,binocular,2,2
PV_62,038,PV_62_block_038,PV_62_038_2529087_R,2529087.3,2529138.25,2.456961331912562,201.43342660921695,R,binocular,2,2
PV_62,038,PV_62_block_038,PV_62_038_2532636_L,2532635.7,2532737.55,7.268221362286184,89.27077591944037,L,binocular,2,2
PV_62,038,PV_62_block_038,PV_62_038_2534164_R,2534163.6,2534214.55,4.541623074566874,156.89722287628447,R,binocular,2,2
PV_62,038,PV_62_block_038,PV_62_038_2534299_L,2534299.4,2534367.3,25.51268681213631,276.9197878449602,L,binocular,2,2
PV_62,038,PV_62_block_038,PV_62_038_2535080_R,2535080.35,2535182.25,12.34840658838498,108.46547618471388,R,binocular,2,2
PV_62,038,PV_62_block_038,PV_62_038_2535199_R,2535199.2,2535250.15,1.3467472476157765,306.5491021754124,R,binocular,2,2
PV_62,038,PV_62_block_038,PV_62_038_2536201_L,2536200.9,2536302.75,4.228507358232391,291.5862263864608,L,binocular,2,2
PV_62,038,PV_62_block_038,PV_62_038_2537287_R,2537287.45,2537372.35,7.988573805701031,126.25698993576798,R,binocular,2,2
PV_62,038,PV_62_block_038,PV_62_038_2541463_R,2541463.35,2541565.2,7.550292501891647,132.3492415863031,R,binocular,2,2
PV_62,038,PV_62_block_038,PV_62_038_2552550_R,2552550.35,2552635.25,13.915728253869961,132.2282507261576,R,binocular,2,2
PV_62,038,PV_62_block_038,PV_62_038_2554571_R,2554570.9,2554672.75,16.522053842575666,141.08089292909125,R,binocular,2,2
PV_62,038,PV_62_block_038,PV_62_038_2564555_R,2564554.85,2564639.75,8.40980290240142,131.84904984307386,R,binocular,2,2
PV_62,038,PV_62_block_038,PV_62_038_2586395_R,2586395.2,2586463.1,15.59660947816614,325.74778902641435,R,binocular,2,2
PV_62,038,PV_62_block_038,PV_62_038_2586497_R,2586497.05,2586599.0,6.411773929148325,201.8510787175617,R,binocular,2,2
PV_62,038,PV_62_block_038,PV_62_038_2589639_L,2589639.15,2589673.15,0.6224080393393175,289.04082874318516,L,binocular,2,2
PV_62,038,PV_62_block_038,PV_62_038_2600322_R,2600321.8,2600389.7,10.517853943610383,260.96000687746414,R,binocular,2,2
PV_62,038,PV_62_block_038,PV_62_038_2603073_L,2603073.15,2603158.1,10.511424414081466,33.370740776177506,L,binocular,2,2
PV_62,038,PV_62_block_038,PV_62_038_2610087_L,2610087.2,2610138.15,3.1334172228135886,170.68127544577197,L,binocular,2,2
PV_62,038,PV_62_block_038,PV_62_038_2611463_R,2611462.65,2611530.6,14.090395864654543,134.68562570789848,R,binocular,2,2
PV_62,038,PV_62_block_038,PV_62_038_2613602_R,2613602.25,2613636.25,3.32401933911223,231.62643283770865,R,binocular,2,2
PV_62,038,PV_62_block_038,PV_62_038_2621516_R,2621515.85,2621600.75,13.703092135559721,149.87687395172028,R,binocular,2,2
PV_62,038,PV_62_block_038,PV_62_038_2625999_R,2625999.05,2626083.95,6.815753083661531,176.13248733806955,R,binocular,2,2
PV_62,038,PV_62_block_038,PV_62_038_2630871_R,2630871.05,2630921.95,4.378214842420225,285.757185007227,R,binocular,2,2
PV_62,038,PV_62_block_038,PV_62_038_2634843_L,2634843.45,2634945.3,,,L,binocular,2,2
PV_62,038,PV_62_block_038,PV_62_038_2635590_R,2635590.5,2635709.3,27.92240931227623,246.78478863597195,R,binocular,2,2
PV_62,038,PV_62_block_038,PV_62_038_2639954_R,2639954.4,2640056.25,11.001935887611287,330.02721086699404,R,binocular,2,2
PV_62,038,PV_62_block_038,PV_62_038_2641007_R,2641007.05,2641176.85,15.14842661379187,10.745864661356665,R,binocular,2,2
PV_62,038,PV_62_block_038,PV_62_038_2643214_R,2643214.45,2643248.4,3.9090817841761605,94.35731210183803,R,binocular,2,2
PV_62,038,PV_62_block_038,PV_62_038_2643503_R,2643503.1,2643554.05,4.346473846394071,154.6040534874849,R,binocular,2,2
PV_62,038,PV_62_block_038,PV_62_038_2643571_L,2643571.0,2643604.95,1.3259092005168245,304.51807073401085,L,binocular,2,2
PV_62,038,PV_62_block_038,PV_62_038_2660876_L,2660876.3,2660927.25,8.15541275017345,4.060295471315382,L,binocular,2,2
PV_62,038,PV_62_block_038,PV_62_038_2664070_R,2664069.55,2664171.45,14.344560290059215,341.08772514664815,R,binocular,2,2
PV_62,038,PV_62_block_038,PV_62_038_2664256_L,2664256.4,2664307.35,1.8018553623096003,188.15152001300973,L,binocular,2,2
PV_62,038,PV_62_block_038,PV_62_038_2665717_R,2665716.95,2665886.75,19.03908594046827,272.11512378180487,R,binocular,2,2
PV_62,038,PV_62_block_038,PV_62_038_2666430_R,2666430.15,2666549.0,22.736947550356156,60.96301308382086,R,binocular,2,2
PV_62,038,PV_62_block_038,PV_62_038_2666566_L,2666566.0,2666633.9,1.6566548293113104,167.82504311968475,L,binocular,2,2
PV_62,038,PV_62_block_038,PV_62_038_2668230_R,2668230.35,2668298.3,8.22250475834482,40.155909922535855,R,binocular,2,2
PV_62,038,PV_62_block_038,PV_62_038_2668570_L,2668570.05,2668604.05,3.4307626968730753,19.42629016405649,L,binocular,2,2
PV_62,038,PV_62_block_038,PV_62_038_2668638_L,2668638.0,2668672.0,1.465274716302989,170.51302006053388,L,binocular,2,2
PV_62,038,PV_62_block_038,PV_62_038_2670370_L,2670370.35,2670455.25,10.221225584961001,92.06305188216072,L,binocular,2,2
PV_62,038,PV_62_block_038,PV_62_038_2673716_L,2673716.4,2673784.35,7.078627509920381,17.69848536687926,L,binocular,2,2
PV_62,038,PV_62_block_038,PV_62_038_2673818_R,2673818.3,2673852.25,1.7613962064965123,189.2292019083229,R,binocular,2,2
PV_62,038,PV_62_block_038,PV_62_038_2689444_R,2689443.5,2689511.4,9.186703581484723,140.15657263365293,R,binocular,2,2
PV_62,038,PV_62_block_038,PV_62_038_2692637_R,2692636.65,2692704.6,12.803824488992063,177.22428849697062,R,binocular,2,2
PV_62,038,PV_62_block_038,PV_62_038_2700160_R,2700159.8,2700193.75,2.4383523866504233,203.86609230998133,R,binocular,2,2
PV_62,038,PV_62_block_038,PV_62_038_2700211_R,2700210.75,2700261.65,5.932954679368321,188.8475673709009,R,binocular,2,2
PV_62,038,PV_62_block_038,PV_62_038_2700975_L,2700974.95,2701042.95,7.46889370857362,122.72650174645659,L,binocular,2,2
PV_62,038,PV_62_block_038,PV_62_038_2703438_R,2703437.95,2703522.85,14.761670455681939,194.13970044309482,R,binocular,2,2
PV_62,038,PV_62_block_038,PV_62_038_2739325_R,2739325.15,2739393.05,4.987633341015868,141.30082061024078,R,binocular,2,2
PV_62,038,PV_62_block_038,PV_62_038_2753200_R,2753200.35,2753285.25,10.115279831204665,334.4731576285171,R,binocular,2,2
PV_62,038,PV_62_block_038,PV_62_038_2753285_L,2753285.25,2753336.2,0.7912283839701252,267.7481307297994,L,binocular,2,2
PV_62,038,PV_62_block_038,PV_62_038_2773885_R,2773884.85,2773969.75,11.84972511496357,52.63299045635165,R,binocular,2,2
PV_62,038,PV_62_block_038,PV_62_038_2787148_R,2787148.05,2787249.95,12.328310413324754,211.28400769339171,R,binocular,2,2
PV_62,038,PV_62_block_038,PV_62_038_2791496_L,2791496.15,2791547.1,2.3399273589488394,288.2749319072218,L,binocular,2,2
PV_62,038,PV_62_block_038,PV_62_038_2794417_R,2794416.9,2794433.9,0.7527015711260309,215.09595702376117,R,binocular,2,2
PV_62,038,PV_62_block_038,PV_62_038_2808172_L,2808171.7,2808239.6,13.425961591775613,273.00403948558437,L,binocular,2,2
PV_62,038,PV_62_block_038,PV_62_038_2810244_L,2810243.8,2810311.75,5.249762259730931,32.27890018696717,L,binocular,2,2
PV_62,038,PV_62_block_038,PV_62_038_2814099_R,2814099.4,2814235.25,9.442910714709452,45.92952923868023,R,binocular,2,2
PV_62,038,PV_62_block_038,PV_62_038_2814286_L,2814286.2,2814320.2,1.703141032084243,177.34324921639117,L,binocular,2,2
PV_62,038,PV_62_block_038,PV_62_038_2815305_R,2815305.2,2815390.15,14.827678142618396,276.44152014089786,R,binocular,2,2
PV_62,038,PV_62_block_038,PV_62_038_2816833_R,2816833.45,2816935.35,14.436783954200884,81.51806334493305,R,binocular,2,2
PV_62,038,PV_62_block_038,PV_62_038_2826956_R,2826956.05,2827125.85,22.84881526798946,267.9964295653513,R,binocular,2,2
PV_62,038,PV_62_block_038,PV_62_038_2829877_L,2829877.0,2829927.9,4.7393906195686295,56.352677340785064,L,binocular,2,2
PV_62,038,PV_62_block_038,PV_62_038_2833358_R,2833358.35,2833443.25,10.59289207063943,276.26023888877995,R,binocular,2,2
PV_62,038,PV_62_block_038,PV_62_038_2864252_R,2864251.75,2864336.65,9.38633255852068,172.62586020399976,R,binocular,2,2
PV_62,038,PV_62_block_038,PV_62_038_2866952_R,2866952.0,2867070.9,7.718553504622486,178.39662638251707,R,binocular,2,2
PV_62,038,PV_62_block_038,PV_62_038_2870672_R,2870671.75,2870756.65,12.308816786075385,141.72443488332982,R,binocular,2,2
PV_62,038,PV_62_block_038,PV_62_038_2872302_L,2872302.2,2872370.1,27.646292312056072,163.96957871629337,L,binocular,2,2
PV_62,038,PV_62_block_038,PV_62_038_2875597_R,2875596.75,2875647.7,7.071774042023396,101.85604099585183,R,binocular,2,2
PV_62,038,PV_62_block_038,PV_62_038_2889150_R,2889149.85,2889183.8,2.6781409250206707,148.3277332626113,R,binocular,2,2
PV_62,038,PV_62_block_038,PV_62_038_2912571_L,2912570.7,2912638.65,6.223366685154437,15.56597295331139,L,binocular,2,2
PV_62,038,PV_62_block_038,PV_62_038_2914083_R,2914082.55,2914133.5,3.3167875088323844,3.653101111483999,R,binocular,2,2
PV_62,038,PV_62_block_038,PV_62_038_2923526_R,2923525.7,2923593.65,12.089017869035898,29.44254628339069,R,binocular,2,2
PV_62,038,PV_62_block_038,PV_62_038_2938590_L,2938590.3,2938743.15,7.972179767507388,22.681524549590524,L,binocular,2,2
PV_62,038,PV_62_block_038,PV_62_038_2939677_L,2939677.35,2939728.3,1.867423347388508,330.48974833056445,L,binocular,2,2
PV_62,038,PV_62_block_038,PV_62_038_2943584_R,2943584.3,2943652.2,4.996840837280451,336.29481544569614,R,binocular,2,2
PV_62,038,PV_62_block_038,PV_62_038_2944043_L,2944042.8,2944059.8,0.5168032810001881,175.72183234396135,L,binocular,2,2
PV_62,038,PV_62_block_038,PV_62_038_2944111_R,2944110.75,2944161.65,2.349012924346591,87.43647902122996,R,binocular,2,2
PV_62,038,PV_62_block_038,PV_62_038_2944196_R,2944195.65,2944229.6,1.1286092822452014,229.2475065406699,R,binocular,2,2
PV_62,038,PV_62_block_038,PV_62_038_2947440_R,2947439.85,2947507.8,4.543168675133774,320.42538915254016,R,binocular,2,2
PV_62,038,PV_62_block_038,PV_62_038_315158_L,315157.5,315191.45,1.803450962551765,82.30548259178043,L,monocular,1,1
PV_62,038,PV_62_block_038,PV_62_038_315225_L,315225.45,315310.35,5.881863187640919,190.15202340942344,L,monocular,1,1
PV_62,038,PV_62_block_038,PV_62_038_317349_L,317348.75,317365.7,0.7636415529327177,137.16025596322763,L,monocular,1,1
PV_62,038,PV_62_block_038,PV_62_038_336681_L,336681.45,336698.45,0.5886012516841292,78.75301159187984,L,monocular,1,1
PV_62,038,PV_62_block_038,PV_62_038_345634_L,345634.25,345651.25,0.7042916030350989,13.257769277550109,L,monocular,1,1
PV_62,038,PV_62_block_038,PV_62_038_363978_L,363978.2,364063.15,12.26146511920989,221.85118174935081,L,monocular,1,1
PV_62,038,PV_62_block_038,PV_62_038_364386_L,364385.85,364436.85,2.693398114487559,183.5772779320305,L,monocular,1,1
PV_62,038,PV_62_block_038,PV_62_038_366084_L,366084.5,366118.45,3.079250995474074,306.9489977994555,L,monocular,1,1
PV_62,038,PV_62_block_038,PV_62_038_377229_L,377228.8,377262.75,1.5545038485792364,1.3020986929860432,L,monocular,1,1
PV_62,038,PV_62_block_038,PV_62_038_391005_L,391005.35,391039.3,1.8084793266662622,194.2386602092313,L,monocular,1,1
PV_62,038,PV_62_block_038,PV_62_038_428069_L,428069.15,428103.1,2.7019267856059552,32.074780140460895,L,monocular,1,1
PV_62,038,PV_62_block_038,PV_62_038_437632_L,437632.05,437666.05,1.2269598174086518,221.83906379076387,L,monocular,1,1
PV_62,038,PV_62_block_038,PV_62_038_453666_L,453666.1,453683.1,0.5050970168103026,94.30947075254768,L,monocular,1,1
PV_62,038,PV_62_block_038,PV_62_038_456537_L,456536.7,456587.65,4.775631150163149,224.85976693359243,L,monocular,1,1
PV_62,038,PV_62_block_038,PV_62_038_456639_L,456638.6,456672.55,0.8820530253632037,337.45464783346495,L,monocular,1,1
PV_62,038,PV_62_block_038,PV_62_038_460172_L,460171.55,460188.55,1.030148942454121,116.98115868189565,L,monocular,1,1
PV_62,038,PV_62_block_038,PV_62_038_460562_L,460562.2,460579.2,0.5715982642431099,200.69254141292132,L,monocular,1,1
PV_62,038,PV_62_block_038,PV_62_038_462516_L,462515.7,462549.7,2.792201321742482,221.00700336679597,L,monocular,1,1
PV_62,038,PV_62_block_038,PV_62_038_488046_L,488046.4,488080.35,,,L,monocular,1,1
PV_62,038,PV_62_block_038,PV_62_038_523155_L,523155.0500000001,523172.0500000001,0.7041769398386266,235.64786573312693,L,monocular,1,1
PV_62,038,PV_62_block_038,PV_62_038_543760_L,543760.05,543777.05,0.6138741056160267,193.68207376355926,L,monocular,1,1
PV_62,038,PV_62_block_038,PV_62_038_544100_L,544099.8,544116.8,0.731197303510261,207.8772283268714,L,monocular,1,1
PV_62,038,PV_62_block_038,PV_62_038_547837_L,547837.25,547854.2,0.6458451736085778,219.3993830027735,L,monocular,1,1
PV_62,038,PV_62_block_038,PV_62_038_548381_L,548380.85,548397.85,0.7237665718462774,178.9350970628696,L,monocular,1,1
PV_62,038,PV_62_block_038,PV_62_038_551303_L,551302.7,551387.65,11.135407987006642,20.473937789465367,L,monocular,1,1
PV_62,038,PV_62_block_038,PV_62_038_553562_L,553562.1,553579.1,,,L,monocular,1,1
PV_62,038,PV_62_block_038,PV_62_038_553715_L,553714.95,553748.95,1.1581333717257152,107.57268011867859,L,monocular,1,1
PV_62,038,PV_62_block_038,PV_62_038_557062_L,557061.65,557112.65,4.72720136513329,8.305288142690163,L,monocular,1,1
PV_62,038,PV_62_block_038,PV_62_038_564724_L,564723.7,564757.65,2.752338791357728,224.45151070984318,L,monocular,1,1
PV_62,038,PV_62_block_038,PV_62_038_567799_L,567798.85,567900.8,8.136362335076894,44.40227338512149,L,monocular,1,1
PV_62,038,PV_62_block_038,PV_62_038_577994_L,577993.6,578010.6,0.5734745382363188,337.4608813547557,L,monocular,1,1
PV_62,038,PV_62_block_038,PV_62_038_579879_L,579879.4,579930.4,2.6435776560476243,3.7022773097663007,L,monocular,1,1
PV_62,038,PV_62_block_038,PV_62_038_587593_L,587592.65,587609.65,0.549386502949699,89.58285226821874,L,monocular,1,1
PV_62,038,PV_62_block_038,PV_62_038_588102_L,588102.4,588153.4,6.1175322463460775,191.56231671692606,L,monocular,1,1
PV_62,038,PV_62_block_038,PV_62_038_588391_L,588391.3,588425.3,1.1207433700435254,179.7150818407946,L,monocular,1,1
PV_62,038,PV_62_block_038,PV_62_038_589207_L,589206.9,589223.9,0.7114413451218461,183.65161723115307,L,monocular,1,1
PV_62,038,PV_62_block_038,PV_62_038_593879_L,593878.6,593963.6,5.017137392593159,251.08296891783507,L,monocular,1,1
PV_62,038,PV_62_block_038,PV_62_038_610409_L,610409.4,610426.35,2.9502150673087684,139.45910110231188,L,monocular,1,1
PV_62,038,PV_62_block_038,PV_62_038_610460_L,610460.35,610477.35,0.6132033075155389,172.8231367672006,L,monocular,1,1
PV_62,038,PV_62_block_038,PV_62_038_658025_L,658025.3,658059.3,2.0755280160280547,197.74604249970395,L,monocular,1,1
PV_62,038,PV_62_block_038,PV_62_038_658586_L,658585.9,658636.9,2.5419032897071925,54.28286645611197,L,monocular,1,1
PV_62,038,PV_62_block_038,PV_62_038_660624_L,660624.4,660658.35,1.5480152990508511,28.149886161735708,L,monocular,1,1
PV_62,038,PV_62_block_038,PV_62_038_689958_L,689957.55,690008.5,3.3956272682951485,208.058146235617,L,monocular,1,1
PV_62,038,PV_62_block_038,PV_62_038_703598_L,703597.75,703631.7,1.4713535318962994,2.813208114941408,L,monocular,1,1
PV_62,038,PV_62_block_038,PV_62_038_718393_L,718392.95,718409.95,0.6714163445287326,251.74459175108973,L,monocular,1,1
PV_62,038,PV_62_block_038,PV_62_038_744723_L,744723.05,744757.0,2.1833287776877617,320.92739191309386,L,monocular,1,1
PV_62,038,PV_62_block_038,PV_62_038_744791_L,744791.0,744807.95,0.7165264673342909,242.59272613691905,L,monocular,1,1
PV_62,038,PV_62_block_038,PV_62_038_751483_L,751483.25,751517.25,2.1360712482265365,185.33695937605708,L,monocular,1,1
PV_62,038,PV_62_block_038,PV_62_038_761080_L,761079.7,761113.65,1.7828475374987713,97.68462877712955,L,monocular,1,1
PV_62,038,PV_62_block_038,PV_62_038_811152_L,811151.75,811185.75,1.704192586789037,231.61214502411514,L,monocular,1,1
PV_62,038,PV_62_block_038,PV_62_038_821701_L,821701.3,821735.3,1.2761199596702875,193.9395079528361,L,monocular,1,1
PV_62,038,PV_62_block_038,PV_62_038_821752_L,821752.25,821769.25,0.6218794689366541,183.8846239790128,L,monocular,1,1
PV_62,038,PV_62_block_038,PV_62_038_824470_L,824470.3,824487.3,1.6258551071890734,51.8113408842322,L,monocular,1,1
PV_62,038,PV_62_block_038,PV_62_038_824487_L,824487.3,824521.25,2.556953734623206,196.09444891095552,L,monocular,1,1
PV_62,038,PV_62_block_038,PV_62_038_828716_L,828716.5,828750.5,1.7397547471419599,10.080067243590348,L,monocular,1,1
PV_62,038,PV_62_block_038,PV_62_038_840946_L,840946.1,840963.1,0.6392926357964451,45.642051555996176,L,monocular,1,1
PV_62,038,PV_62_block_038,PV_62_038_843834_L,843833.65,843901.6,11.439327283210915,103.50575765748292,L,monocular,1,1
PV_62,038,PV_62_block_038,PV_62_038_845668_L,845668.25,845685.25,0.8917835422192296,231.22042521279053,L,monocular,1,1
PV_62,038,PV_62_block_038,PV_62_038_875188_L,875188.35,875273.25,11.965154573023549,69.08870522025798,L,monocular,1,1
PV_62,038,PV_62_block_038,PV_62_038_912728_L,912727.55,912761.5,1.2556042917531542,244.86087342944217,L,monocular,1,1
PV_62,038,PV_62_block_038,PV_62_038_912846_L,912846.45,912863.45,0.5561871019578253,178.39632031332408,L,monocular,1,1
PV_62,038,PV_62_block_038,PV_62_038_915819_L,915818.75,915835.7,0.7355080828482727,270.2767802620266,L,monocular,1,1
PV_62,038,PV_62_block_038,PV_62_038_918468_L,918468.4,918519.35,2.7754949139948533,162.72601179633114,L,monocular,1,1
PV_62,038,PV_62_block_038,PV_62_038_923785_L,923784.85,923818.8,1.5799641985561967,281.9073795134986,L,monocular,1,1
PV_62,038,PV_62_block_038,PV_62_038_938513_L,938512.9,938529.9,0.6073078596526604,13.996737546725658,L,monocular,1,1
PV_62,038,PV_62_block_038,PV_62_038_939413_L,939413.1,939447.05,,,L,monocular,1,1
PV_62,038,PV_62_block_038,PV_62_038_943150_L,943150.05,943184.0,2.751323772547807,286.1501995713167,L,monocular,1,1
PV_62,038,PV_62_block_038,PV_62_038_944763_L,944763.3,944814.25,,,L,monocular,1,1
PV_62,038,PV_62_block_038,PV_62_038_944933_L,944933.1,944967.05,2.1794586995730754,268.88025432911803,L,monocular,1,1
PV_62,038,PV_62_block_038,PV_62_038_948398_L,948397.65,948431.6,3.2755666862115733,192.83126415783062,L,monocular,1,1
PV_62,038,PV_62_block_038,PV_62_038_948466_L,948465.6,948499.55,1.5901954824074658,170.66040526617633,L,monocular,1,1
PV_62,038,PV_62_block_038,PV_62_038_948517_L,948516.55,948567.5,2.208031997785473,152.51276261170656,L,monocular,1,1
PV_62,038,PV_62_block_038,PV_62_038_1028937_L,1028937.1,1028988.05,,,L,monocular,1,1
PV_62,038,PV_62_block_038,PV_62_038_1039162_L,1039162.15,1039179.15,0.5448536172490882,178.71962010308897,L,monocular,1,1
PV_62,038,PV_62_block_038,PV_62_038_1044801_L,1044800.55,1044851.5,5.671555057480094,155.72509419812047,L,monocular,1,1
PV_62,038,PV_62_block_038,PV_62_038_1061241_L,1061241.35,1061258.3,0.8936013065186718,236.90578821354546,L,monocular,1,1
PV_62,038,PV_62_block_038,PV_62_038_1078446_L,1078446.35,1078497.3,1.943302769117044,171.41425893902996,L,monocular,1,1
PV_62,038,PV_62_block_038,PV_62_038_1093392_L,1093391.55,1093425.5,2.5006638836332793,110.126469486937,L,monocular,1,1
PV_62,038,PV_62_block_038,PV_62_038_1122552_L,1122552.3,1122586.25,1.2029371076963975,177.67024033846783,L,monocular,1,1
PV_62,038,PV_62_block_038,PV_62_038_1156184_L,1156184.0,1156234.95,2.463131913305994,82.94065651577029,L,monocular,1,1
PV_62,038,PV_62_block_038,PV_62_038_1158800_L,1158799.7,1158833.65,1.334516950850483,207.25510524679362,L,monocular,1,1
PV_62,038,PV_62_block_038,PV_62_038_1170045_L,1170044.55,1170061.5,3.4979345006283404,220.35792412272957,L,monocular,1,1
PV_62,038,PV_62_block_038,PV_62_038_1211356_L,1211356.0,1211372.95,0.7877319286502301,268.3827589086488,L,monocular,1,1
PV_62,038,PV_62_block_038,PV_62_038_1223092_L,1223092.1,1223109.1,0.5941493072482713,197.0311489822605,L,monocular,1,1
PV_62,038,PV_62_block_038,PV_62_038_1224128_L,1224128.15,1224179.1,5.283877194378622,24.49697385472481,L,monocular,1,1
PV_62,038,PV_62_block_038,PV_62_038_1225538_L,1225537.9,1225605.85,9.343671750179272,30.022781010238614,L,monocular,1,1
PV_62,038,PV_62_block_038,PV_62_038_1225640_L,1225639.8,1225656.8,0.7023140015051111,202.85583432376134,L,monocular,1,1
PV_62,038,PV_62_block_038,PV_62_038_1225725_L,1225724.75,1225758.7,2.4939319770384034,189.4948996563561,L,monocular,1,1
PV_62,038,PV_62_block_038,PV_62_038_1226846_L,1226845.95,1226879.95,3.4563609733645766,198.59844169823984,L,monocular,1,1
PV_62,038,PV_62_block_038,PV_62_038_1229207_L,1229207.15,1229241.1,1.137051657448397,148.31732852870317,L,monocular,1,1
PV_62,038,PV_62_block_038,PV_62_038_1231942_L,1231942.4,1231959.35,0.5007242681150119,116.67774067114773,L,monocular,1,1
PV_62,038,PV_62_block_038,PV_62_038_1235222_L,1235221.8,1235255.75,1.2850659637267543,209.1582363067488,L,monocular,1,1
PV_62,038,PV_62_block_038,PV_62_038_1237498_L,1237498.25,1237532.25,,,L,monocular,1,1
PV_62,038,PV_62_block_038,PV_62_038_1245161_L,1245161.1,1245195.05,2.4472838208023697,61.29935251000332,L,monocular,1,1
PV_62,038,PV_62_block_038,PV_62_038_1252364_L,1252364.1,1252381.1,0.745895965914155,40.44277378642858,L,monocular,1,1
PV_62,038,PV_62_block_038,PV_62_038_1258564_L,1258564.4,1258598.4,1.7260828486966384,199.19847465389392,L,monocular,1,1
PV_62,038,PV_62_block_038,PV_62_038_1263575_L,1263575.35,1263609.3,1.631508752164832,260.6014154410043,L,monocular,1,1
PV_62,038,PV_62_block_038,PV_62_038_1263864_L,1263864.15,1263881.15,0.6360645254075737,118.19574211504917,L,monocular,1,1
PV_62,038,PV_62_block_038,PV_62_038_1275958_L,1275957.95,1275991.95,2.2033739323001824,269.7699490291674,L,monocular,1,1
PV_62,038,PV_62_block_038,PV_62_038_1281802_L,1281801.85,1281818.85,0.690207414207558,276.92055799502145,L,monocular,1,1
PV_62,038,PV_62_block_038,PV_62_038_1281836_L,1281835.85,1281852.8,0.5907523804129328,269.5952870086407,L,monocular,1,1
PV_62,038,PV_62_block_038,PV_62_038_1281921_L,1281920.8,1281937.75,0.6956452066510737,90.77960096339562,L,monocular,1,1
PV_62,038,PV_62_block_038,PV_62_038_1281989_L,1281988.7,1282005.7,,,L,monocular,1,1
PV_62,038,PV_62_block_038,PV_62_038_1282804_L,1282804.0,1282820.95,0.7412904954203686,323.0309887668238,L,monocular,1,1
PV_62,038,PV_62_block_038,PV_62_038_1282957_L,1282956.85,1282973.85,0.550677402337472,322.7683873942642,L,monocular,1,1
PV_62,038,PV_62_block_038,PV_62_038_1283246_L,1283245.6,1283262.6,0.5145926364858701,270.73810187667925,L,monocular,1,1
PV_62,038,PV_62_block_038,PV_62_038_1285318_L,1285318.0,1285351.95,2.4896452474700004,195.78761090961603,L,monocular,1,1
PV_62,038,PV_62_block_038,PV_62_038_1286133_L,1286133.25,1286150.25,0.8212696130797272,269.69390699526525,L,monocular,1,1
PV_62,038,PV_62_block_038,PV_62_038_1288002_L,1288001.95,1288018.9,0.7588286474319944,166.72861393038187,L,monocular,1,1
PV_62,038,PV_62_block_038,PV_62_038_1354523_L,1354522.65,1354539.6,0.5810779370407377,203.6708013845143,L,monocular,1,1
PV_62,038,PV_62_block_038,PV_62_038_1355389_L,1355389.05,1355440.0,4.0821511716503736,36.42215911241531,L,monocular,1,1
PV_62,038,PV_62_block_038,PV_62_038_1356918_L,1356917.95,1356934.95,0.7367490839325299,90.12454502658409,L,monocular,1,1
PV_62,038,PV_62_block_038,PV_62_038_1360757_L,1360757.05,1360774.05,,,L,monocular,1,1
PV_62,038,PV_62_block_038,PV_62_038_1394616_L,1394615.65,1394666.6,5.5667718055948,123.599410247513,L,monocular,1,1
PV_62,038,PV_62_block_038,PV_62_038_1394667_L,1394666.6,1394683.55,2.590737509459248,8.359936669267274,L,monocular,1,1
PV_62,038,PV_62_block_038,PV_62_038_1404658_L,1404657.65,1404708.6,4.134644941457349,135.76452281563388,L,monocular,1,1
PV_62,038,PV_62_block_038,PV_62_038_1404743_L,1404742.6,1404776.6,1.222950399529693,248.31859734102602,L,monocular,1,1
PV_62,038,PV_62_block_038,PV_62_038_1405966_L,1405966.1,1405983.1,0.7820757263805919,178.25381897408832,L,monocular,1,1
PV_62,038,PV_62_block_038,PV_62_038_1421702_L,1421701.7,1421752.65,6.014159851743974,212.3277215589329,L,monocular,1,1
PV_62,038,PV_62_block_038,PV_62_038_1421804_L,1421803.65,1421837.65,0.9620123174547658,159.58262248574664,L,monocular,1,1
PV_62,038,PV_62_block_038,PV_62_038_1442907_L,1442906.7,1442940.7,2.5018190634009865,331.82565145811213,L,monocular,1,1
PV_62,038,PV_62_block_038,PV_62_038_1444266_L,1444265.9,1444282.85,0.6856750731498853,93.44916642894415,L,monocular,1,1
PV_62,038,PV_62_block_038,PV_62_038_1456971_L,1456971.45,1457039.4,4.197047431029765,87.33394439040129,L,monocular,1,1
PV_62,038,PV_62_block_038,PV_62_038_1460946_L,1460946.3,1460963.25,0.5534935266491119,49.494918651413414,L,monocular,1,1
PV_62,038,PV_62_block_038,PV_62_038_1468099_L,1468098.85,1468132.85,1.9589399843327526,261.72540321532887,L,monocular,1,1
PV_62,038,PV_62_block_038,PV_62_038_1471191_L,1471190.8,1471207.75,0.5562593967582403,78.6936464167752,L,monocular,1,1
PV_62,038,PV_62_block_038,PV_62_038_1473841_L,1473840.9,1473874.85,1.6871216266314801,174.91464928234566,L,monocular,1,1
PV_62,038,PV_62_block_038,PV_62_038_1475421_L,1475420.55,1475454.55,19.627567991260864,275.62899023846444,L,monocular,1,1
PV_62,038,PV_62_block_038,PV_62_038_1478172_L,1478172.15,1478206.1,1.445551463258833,284.47983040149853,L,monocular,1,1
PV_62,038,PV_62_block_038,PV_62_038_1480873_L,1480872.8,1480906.8,,,L,monocular,1,1
PV_62,038,PV_62_block_038,PV_62_038_1490861_L,1490861.45,1490895.4,2.1670270897398387,314.04782161582034,L,monocular,1,1
PV_62,038,PV_62_block_038,PV_62_038_1492050_L,1492050.45,1492067.4,,,L,monocular,1,1
PV_62,038,PV_62_block_038,PV_62_038_1495583_L,1495583.45,1495617.45,2.6959881531497207,349.1591129685184,L,monocular,1,1
PV_62,038,PV_62_block_038,PV_62_038_1495668_L,1495668.4,1495685.4,,,L,monocular,1,1
PV_62,038,PV_62_block_038,PV_62_038_1495719_L,1495719.35,1495736.35,0.7100367350661012,118.54561877273754,L,monocular,1,1
PV_62,038,PV_62_block_038,PV_62_038_1495804_L,1495804.3,1495838.3,1.6649616432587562,359.6212832035269,L,monocular,1,1
PV_62,038,PV_62_block_038,PV_62_038_1495855_L,1495855.3,1495889.25,1.7234711010102042,303.7712003564222,L,monocular,1,1
PV_62,038,PV_62_block_038,PV_62_038_1507033_L,1507032.55,1507049.5,2.724293903464701,268.99464223480265,L,monocular,1,1
PV_62,038,PV_62_block_038,PV_62_038_1507050_L,1507049.5,1507100.45,3.700343158782948,151.94026493434674,L,monocular,1,1
PV_62,038,PV_62_block_038,PV_62_038_1507151_L,1507151.4,1507168.4,0.6177417527596377,131.10634378405237,L,monocular,1,1
PV_62,038,PV_62_block_038,PV_62_038_1509088_L,1509087.9,1509138.85,6.96294502427854,309.46881969471286,L,monocular,1,1
PV_62,038,PV_62_block_038,PV_62_038_1510124_L,1510124.0,1510157.95,1.6256544717513353,131.11862965807185,L,monocular,1,1
PV_62,038,PV_62_block_038,PV_62_038_1510192_L,1510191.95,1510259.9,4.360248495316227,132.2456000195509,L,monocular,1,1
PV_62,038,PV_62_block_038,PV_62_038_1510396_L,1510395.75,1510412.75,1.2653365636308807,327.50865918492485,L,monocular,1,1
PV_62,038,PV_62_block_038,PV_62_038_1519278_L,1519278.35,1519295.3,,,L,monocular,1,1
PV_62,038,PV_62_block_038,PV_62_038_1519397_L,1519397.2,1519584.0,39.86182963907273,133.88223519077104,L,monocular,1,1
PV_62,038,PV_62_block_038,PV_62_038_1519907_L,1519906.7,1519923.65,,,L,monocular,1,1
PV_62,038,PV_62_block_038,PV_62_038_1523133_L,1523133.4,1523184.3,5.77097774836378,7.767694196918017,L,monocular,1,1
PV_62,038,PV_62_block_038,PV_62_038_1523201_L,1523201.3,1523235.3,1.2232871563116634,268.9597954608194,L,monocular,1,1
PV_62,038,PV_62_block_038,PV_62_038_1523303_L,1523303.25,1523354.2,2.1826875837290753,180.51237959653267,L,monocular,1,1
PV_62,038,PV_62_block_038,PV_62_038_1526173_L,1526173.3,1526190.3,0.7410395677203888,157.77973961249367,L,monocular,1,1
PV_62,038,PV_62_block_038,PV_62_038_1527328_L,1527328.05,1527345.05,0.7959444785798042,231.13208052367656,L,monocular,1,1
PV_62,038,PV_62_block_038,PV_62_038_1543294_L,1543294.2,1543328.2,,,L,monocular,1,1
PV_62,038,PV_62_block_038,PV_62_038_1543379_L,1543379.15,1543481.1,8.026216046648493,96.6696963436504,L,monocular,1,1
PV_62,038,PV_62_block_038,PV_62_038_1548067_L,1548066.9,1548202.75,10.214435022148306,297.66505327907856,L,monocular,1,1
PV_62,038,PV_62_block_038,PV_62_038_1553365_L,1553364.95,1553466.8,8.683074949835417,130.4016487578089,L,monocular,1,1
PV_62,038,PV_62_block_038,PV_62_038_1570416_L,1570415.85,1570500.75,5.222513795635927,290.43754484626237,L,monocular,1,1
PV_62,038,PV_62_block_038,PV_62_038_1594092_L,1594092.15,1594126.15,1.0235827682726573,330.0542699295788,L,monocular,1,1
PV_62,038,PV_62_block_038,PV_62_038_1604214_L,1604214.4,1604248.4,,,L,monocular,1,1
PV_62,038,PV_62_block_038,PV_62_038_1624851_L,1624850.7,1624901.65,3.4242828067534496,23.470505711671983,L,monocular,1,1
PV_62,038,PV_62_block_038,PV_62_038_1626023_L,1626022.8,1626073.8,4.132032970076352,358.9006549128774,L,monocular,1,1
PV_62,038,PV_62_block_038,PV_62_038_1632698_L,1632698.25,1632715.25,0.6917151535313087,177.38944007163448,L,monocular,1,1
PV_62,038,PV_62_block_038,PV_62_038_1632902_L,1632902.1,1632987.0,21.477602737506132,290.4908944794897,L,monocular,1,1
PV_62,038,PV_62_block_038,PV_62_038_1635059_L,1635059.25,1635144.2,6.286811896766925,220.8082368784611,L,monocular,1,1
PV_62,038,PV_62_block_038,PV_62_038_1638269_L,1638269.4,1638286.4,0.6847425198136765,193.50064972173038,L,monocular,1,1
PV_62,038,PV_62_block_038,PV_62_038_1641293_L,1641293.05,1641378.0,5.7463870718063585,204.45985719699158,L,monocular,1,1
PV_62,038,PV_62_block_038,PV_62_038_1644690_L,1644690.5,1644758.45,3.5999639868137767,141.28200257715824,L,monocular,1,1
PV_62,038,PV_62_block_038,PV_62_038_1653982_L,1653982.05,1654050.0,5.869828364204527,116.90772211769409,L,monocular,1,1
PV_62,038,PV_62_block_038,PV_62_038_1681869_L,1681869.15,1681903.1,2.6799035358678203,263.02035971627737,L,monocular,1,1
PV_62,038,PV_62_block_038,PV_62_038_1681920_L,1681920.05,1681937.05,0.6288233582598654,179.5297642381193,L,monocular,1,1
PV_62,038,PV_62_block_038,PV_62_038_1683618_L,1683618.3,1683652.25,2.2122714956719873,168.9340500110543,L,monocular,1,1
PV_62,038,PV_62_block_038,PV_62_038_1683703_L,1683703.2,1683720.15,0.6435832281364322,151.9773858243571,L,monocular,1,1
PV_62,038,PV_62_block_038,PV_62_038_1691040_L,1691039.95,1691056.95,,,L,monocular,1,1
PV_62,038,PV_62_block_038,PV_62_038_1691431_L,1691430.6,1691481.6,2.915681054107533,62.84661885912497,L,monocular,1,1
PV_62,038,PV_62_block_038,PV_62_038_1691804_L,1691804.3,1691872.2,3.768388349951635,296.11587513925235,L,monocular,1,1
PV_62,038,PV_62_block_038,PV_62_038_1692399_L,1692398.7,1692449.65,6.194453008772006,172.76658618890605,L,monocular,1,1
PV_62,038,PV_62_block_038,PV_62_038_1693010_L,1693010.15,1693044.1,2.7109684795282,142.71209165273157,L,monocular,1,1
PV_62,038,PV_62_block_038,PV_62_038_1696101_L,1696101.4,1696135.35,1.5709460401284154,266.1300791805374,L,monocular,1,1
PV_62,038,PV_62_block_038,PV_62_038_1701672_L,1701672.5,1701723.45,20.841895039729017,130.21700921535637,L,monocular,1,1
PV_62,038,PV_62_block_038,PV_62_038_1768974_L,1768974.4,1769008.4,1.1196483341198924,339.77584462683546,L,monocular,1,1
PV_62,038,PV_62_block_038,PV_62_038_1781392_L,1781391.7,1781425.7,2.861082693749454,22.02791884947412,L,monocular,1,1
PV_62,038,PV_62_block_038,PV_62_038_1781579_L,1781578.55,1781680.5,11.575315687034617,4.561258221651615,L,monocular,1,1
PV_62,038,PV_62_block_038,PV_62_038_1791328_L,1791327.65,1791344.6,,,L,monocular,1,1
PV_62,038,PV_62_block_038,PV_62_038_1811267_L,1811267.45,1811301.4,1.6622383126646025,339.76389046622415,L,monocular,1,1
PV_62,038,PV_62_block_038,PV_62_038_1812541_L,1812541.4,1812558.35,0.5657190831044634,90.98452231828286,L,monocular,1,1
PV_62,038,PV_62_block_038,PV_62_038_1816669_L,1816669.25,1816686.25,0.6298589178558871,209.77268361328655,L,monocular,1,1
PV_62,038,PV_62_block_038,PV_62_038_1819014_L,1819013.8,1819064.7,3.167625199927931,11.193751237272595,L,monocular,1,1
PV_62,038,PV_62_block_038,PV_62_038_1819235_L,1819234.6,1819268.55,0.9702529420513707,121.32794300595272,L,monocular,1,1
PV_62,038,PV_62_block_038,PV_62_038_1836305_L,1836304.8,1836321.8,0.6163923857886553,163.60549840545724,L,monocular,1,1
PV_62,038,PV_62_block_038,PV_62_038_1838020_L,1838020.45,1838139.35,19.140237139901156,286.3467984063839,L,monocular,1,1
PV_62,038,PV_62_block_038,PV_62_038_1850335_L,1850335.45,1850352.45,0.610190837301162,13.260581648426209,L,monocular,1,1
PV_62,038,PV_62_block_038,PV_62_038_1850369_L,1850369.45,1850403.45,1.0913268571767543,318.3600491825854,L,monocular,1,1
PV_62,038,PV_62_block_038,PV_62_038_1855788_L,1855788.1,1855805.1,34.134754268723164,130.93431291480485,L,monocular,1,1
PV_62,038,PV_62_block_038,PV_62_038_1859932_L,1859932.2,1859949.2,0.7655319851210189,245.52272562726867,L,monocular,1,1
PV_62,038,PV_62_block_038,PV_62_038_1861716_L,1861715.6,1861766.55,2.5875248700729805,326.1992981327607,L,monocular,1,1
PV_62,038,PV_62_block_038,PV_62_038_1864535_L,1864534.65,1864585.6,1.9746896330407786,136.48578965610145,L,monocular,1,1
PV_62,038,PV_62_block_038,PV_62_038_1896960_L,1896959.8,1897044.75,11.945854628249789,306.7624628242788,L,monocular,1,1
PV_62,038,PV_62_block_038,PV_62_038_1902870_L,1902869.7,1902903.65,2.2041820512442243,49.90246430265857,L,monocular,1,1
PV_62,038,PV_62_block_038,PV_62_038_1906334_L,1906334.0,1906351.0,,,L,monocular,1,1
PV_62,038,PV_62_block_038,PV_62_038_1906402_L,1906401.9,1906520.8,8.920257538815262,302.4048633313887,L,monocular,1,1
PV_62,038,PV_62_block_038,PV_62_038_1906572_L,1906571.75,1906588.7,0.7915558139286769,307.99165412482415,L,monocular,1,1
PV_62,038,PV_62_block_038,PV_62_038_1908474_L,1908473.9,1908558.8,6.491408444450117,131.29136269831506,L,monocular,1,1
PV_62,038,PV_62_block_038,PV_62_038_1908576_L,1908575.8,1908592.8,0.5197160771991144,127.8372159669746,L,monocular,1,1
PV_62,038,PV_62_block_038,PV_62_038_1909901_L,1909900.6,1909917.55,1.2572827298247753,92.6133990837453,L,monocular,1,1
PV_62,038,PV_62_block_038,PV_62_038_1910002_L,1910002.5,1910019.5,0.6544889288634662,152.5054914649785,L,monocular,1,1
PV_62,038,PV_62_block_038,PV_62_038_1910036_L,1910036.5,1910053.45,0.5757066733260068,144.9130060436316,L,monocular,1,1
PV_62,038,PV_62_block_038,PV_62_038_1926034_L,1926033.6,1926050.6,0.5223829174585877,205.4644706188823,L,monocular,1,1
PV_62,038,PV_62_block_038,PV_62_038_1927358_L,1927358.25,1927409.2,6.612134181510042,284.3452406157073,L,monocular,1,1
PV_62,038,PV_62_block_038,PV_62_038_1933268_L,1933267.5,1933335.4,6.55016834406666,24.121617500623486,L,monocular,1,1
PV_62,038,PV_62_block_038,PV_62_038_1942029_L,1942029.3,1942080.25,4.254407779069627,320.83994223042555,L,monocular,1,1
PV_62,038,PV_62_block_038,PV_62_038_1944576_L,1944576.35,1944593.35,1.0289739231053157,291.6806918052076,L,monocular,1,1
PV_62,038,PV_62_block_038,PV_62_038_1949331_L,1949331.2,1949348.2,0.5575216483798734,146.88172991105571,L,monocular,1,1
PV_62,038,PV_62_block_038,PV_62_038_1949399_L,1949399.1,1949416.1,0.6082997884661284,350.1313782392952,L,monocular,1,1
PV_62,038,PV_62_block_038,PV_62_038_1949790_L,1949789.65,1949840.6,3.2540747240275993,102.56782765243543,L,monocular,1,1
PV_62,038,PV_62_block_038,PV_62_038_1956990_L,1956989.5,1957006.45,,,L,monocular,1,1
PV_62,038,PV_62_block_038,PV_62_038_1975820_L,1975820.1,1975854.1,1.7897961163279907,180.00779804345308,L,monocular,1,1
PV_62,038,PV_62_block_038,PV_62_038_1976228_L,1976227.65,1976244.6,0.6872308240244145,339.5153849775563,L,monocular,1,1
PV_62,038,PV_62_block_038,PV_62_038_1976279_L,1976278.55,1976295.55,0.5070156823033688,350.39648442615186,L,monocular,1,1
PV_62,038,PV_62_block_038,PV_62_038_1978605_L,1978604.85,1978655.75,2.910406009454933,202.2073813267507,L,monocular,1,1
PV_62,038,PV_62_block_038,PV_62_038_1979352_L,1979351.85,1979368.8,0.543352545876993,190.40163580464124,L,monocular,1,1
PV_62,038,PV_62_block_038,PV_62_038_1980642_L,1980642.25,1980676.25,2.7362774832385757,351.84007185706434,L,monocular,1,1
PV_62,038,PV_62_block_038,PV_62_038_1980948_L,1980947.95,1980998.9,2.375554044923132,182.74961137352662,L,monocular,1,1
PV_62,038,PV_62_block_038,PV_62_038_1983869_L,1983868.55,1983885.55,2.5159584369666708,193.45650570019248,L,monocular,1,1
PV_62,038,PV_62_block_038,PV_62_038_1985618_L,1985617.5,1985634.5,,,L,monocular,1,1
PV_62,038,PV_62_block_038,PV_62_038_1985668_L,1985668.45,1985685.4,0.6248509098318231,321.6934790803278,L,monocular,1,1
PV_62,038,PV_62_block_038,PV_62_038_1985702_L,1985702.4,1985736.35,1.4758768529237603,244.1105774227221,L,monocular,1,1
PV_62,038,PV_62_block_038,PV_62_038_1985787_L,1985787.3,1985804.3,0.5282275829320963,169.37859800967374,L,monocular,1,1
PV_62,038,PV_62_block_038,PV_62_038_1987791_L,1987791.0,1987892.9,9.342716226751705,151.37846535302708,L,monocular,1,1
PV_62,038,PV_62_block_038,PV_62_038_1988300_L,1988300.5,1988334.45,1.106625467459883,178.41487136286682,L,monocular,1,1
PV_62,038,PV_62_block_038,PV_62_038_1989269_L,1989268.55,1989336.5,5.521841917041375,346.94181534163624,L,monocular,1,1
PV_62,038,PV_62_block_038,PV_62_038_1989370_L,1989370.45,1989404.45,1.0134955045874343,14.095581656461414,L,monocular,1,1
PV_62,038,PV_62_block_038,PV_62_038_1989523_L,1989523.3,1989540.3,0.7100938052576914,83.75813034307488,L,monocular,1,1
PV_62,038,PV_62_block_038,PV_62_038_1989574_L,1989574.25,1989591.25,0.6691443446679994,84.36290205332833,L,monocular,1,1
PV_62,038,PV_62_block_038,PV_62_038_1989693_L,1989693.15,1989710.15,0.6490706638483718,322.4194668487311,L,monocular,1,1
PV_62,038,PV_62_block_038,PV_62_038_1989727_L,1989727.1,1989761.05,1.2120916753682736,285.66694049560476,L,monocular,1,1
PV_62,038,PV_62_block_038,PV_62_038_1990474_L,1990474.35,1990542.3,,,L,monocular,1,1
PV_62,038,PV_62_block_038,PV_62_038_1993277_L,1993276.85,1993293.85,1.438991512170041,165.36772361155835,L,monocular,1,1
PV_62,038,PV_62_block_038,PV_62_038_1993294_L,1993293.85,1993310.85,14.503534732398444,278.1968728390531,L,monocular,1,1
PV_62,038,PV_62_block_038,PV_62_038_1993328_L,1993327.8,1993344.8,0.6944003277788581,271.6062052401632,L,monocular,1,1
PV_62,038,PV_62_block_038,PV_62_038_1994805_L,1994805.4,1994822.4,,,L,monocular,1,1
PV_62,038,PV_62_block_038,PV_62_038_1995400_L,1995399.65,1995433.6,1.2040405729794401,72.67701799142498,L,monocular,1,1
PV_62,038,PV_62_block_038,PV_62_038_1995756_L,1995756.25,1995773.2,1.0915093282149044,357.85339227745305,L,monocular,1,1
PV_62,038,PV_62_block_038,PV_62_038_1995773_L,1995773.2,1995807.2,1.1069545248232815,173.0194133138995,L,monocular,1,1
PV_62,038,PV_62_block_038,PV_62_038_1996724_L,1996724.15,1996758.15,2.249333337142929,102.63769404435085,L,monocular,1,1
PV_62,038,PV_62_block_038,PV_62_038_1999408_L,1999407.5,1999441.5,1.2415635951692376,112.66225972793364,L,monocular,1,1
PV_62,038,PV_62_block_038,PV_62_038_2007152_L,2007152.05,2007169.05,0.6519209705740872,293.0615337151639,L,monocular,1,1
PV_62,038,PV_62_block_038,PV_62_038_2047812_L,2047812.2,2047863.15,2.379445460552601,138.88824239066955,L,monocular,1,1
PV_62,038,PV_62_block_038,PV_62_038_2050853_L,2050852.65,2050954.55,25.633947014432675,124.63844346854872,L,monocular,1,1
PV_62,038,PV_62_block_038,PV_62_038_2052144_L,2052143.5,2052160.45,0.6933542867396434,180.95721583680336,L,monocular,1,1
PV_62,038,PV_62_block_038,PV_62_038_2052177_L,2052177.45,2052228.4,2.6119738402886448,182.3836026176373,L,monocular,1,1
PV_62,038,PV_62_block_038,PV_62_038_2056050_L,2056049.8,2056066.8,,,L,monocular,1,1
PV_62,038,PV_62_block_038,PV_62_038_2056101_L,2056100.8,2056151.75,4.703709119196141,13.42595974404866,L,monocular,1,1
PV_62,038,PV_62_block_038,PV_62_038_2056220_L,2056219.7,2056287.65,3.0869701000994167,178.02583263473957,L,monocular,1,1
PV_62,038,PV_62_block_038,PV_62_038_2064422_L,2064422.35,2064439.3,0.5564784273817269,327.1003368301859,L,monocular,1,1
PV_62,038,PV_62_block_038,PV_62_038_2064507_L,2064507.2,2064575.15,13.828710950528151,282.1598126697506,L,monocular,1,1
PV_62,038,PV_62_block_038,PV_62_038_2064575_L,2064575.15,2064694.0,12.93341564965354,112.34814057624978,L,monocular,1,1
PV_62,038,PV_62_block_038,PV_62_038_2066732_L,2066731.85,2066782.8,5.619770676751179,133.15269386594176,L,monocular,1,1
PV_62,038,PV_62_block_038,PV_62_038_2069975_L,2069975.4,2070026.35,2.5179343530673925,190.4285147755417,L,monocular,1,1
PV_62,038,PV_62_block_038,PV_62_038_2070060_L,2070060.3,2070077.3,0.728981533977533,195.5042552691693,L,monocular,1,1
PV_62,038,PV_62_block_038,PV_62_038_2074170_L,2074170.0,2074204.0,1.3723442195711237,330.1760550419161,L,monocular,1,1
PV_62,038,PV_62_block_038,PV_62_038_2080301_L,2080300.75,2080317.75,0.5867008706354593,14.340417034109572,L,monocular,1,1
PV_62,038,PV_62_block_038,PV_62_038_2083544_L,2083544.45,2083561.45,0.7160292598750486,1.3265374790131614,L,monocular,1,1
PV_62,038,PV_62_block_038,PV_62_038_2083612_L,2083612.4,2083646.35,1.3540625381805798,1.4950620946716766,L,monocular,1,1
PV_62,038,PV_62_block_038,PV_62_038_2084903_L,2084903.05,2084971.0,6.725556223632022,144.7708171481252,L,monocular,1,1
PV_62,038,PV_62_block_038,PV_62_038_2086652_L,2086652.45,2086686.4,,,L,monocular,1,1
PV_62,038,PV_62_block_038,PV_62_038_2086805_L,2086805.25,2086839.2,1.0105464027647084,274.169337259879,L,monocular,1,1
PV_62,038,PV_62_block_038,PV_62_038_2107763_L,2107763.3,2107780.25,0.5809073087492388,339.9045935335984,L,monocular,1,1
PV_62,038,PV_62_block_038,PV_62_038_2108510_L,2108510.4,2108527.4,0.7242759506603713,90.72259809666848,L,monocular,1,1
PV_62,038,PV_62_block_038,PV_62_038_2119380_L,2119379.5,2119413.45,2.538761153567896,176.1066129684073,L,monocular,1,1
PV_62,038,PV_62_block_038,PV_62_038_2129467_L,2129467.2,2129501.15,1.3953391339924597,291.09899141452206,L,monocular,1,1
PV_62,038,PV_62_block_038,PV_62_038_2136667_L,2136667.0,2136684.0,0.5754373193683724,220.78799851664266,L,monocular,1,1
PV_62,038,PV_62_block_038,PV_62_038_2137227_L,2137227.35,2137244.3,0.7793505437748078,161.38947047643697,L,monocular,1,1
PV_62,038,PV_62_block_038,PV_62_038_2142407_L,2142406.6,2142474.5,4.299694371040586,252.39065165547092,L,monocular,1,1
PV_62,038,PV_62_block_038,PV_62_038_2142508_L,2142508.5,2142542.45,1.3377649709726733,147.16241264588604,L,monocular,1,1
PV_62,038,PV_62_block_038,PV_62_038_2143171_L,2143170.75,2143204.7,0.8620997824293205,90.63184948798013,L,monocular,1,1
PV_62,038,PV_62_block_038,PV_62_038_2144088_L,2144087.7,2144121.65,3.0368967017585984,118.84465845036169,L,monocular,1,1
PV_62,038,PV_62_block_038,PV_62_038_2144139_L,2144138.65,2144189.55,4.8579907964310785,110.00270923370992,L,monocular,1,1
PV_62,038,PV_62_block_038,PV_62_038_2144224_L,2144223.55,2144274.45,2.8751607323877515,107.73450460174243,L,monocular,1,1
PV_62,038,PV_62_block_038,PV_62_038_2144308_L,2144308.45,2144325.4,0.6678814823460578,120.42077151499342,L,monocular,1,1
PV_62,038,PV_62_block_038,PV_62_038_2144342_L,2144342.4,2144376.35,,,L,monocular,1,1
PV_62,038,PV_62_block_038,PV_62_038_2144512_L,2144512.15,2144529.15,1.1519042786357006,102.2001229577599,L,monocular,1,1
PV_62,038,PV_62_block_038,PV_62_038_2144529_L,2144529.15,2144546.1,1.498556840896877,258.9962642858308,L,monocular,1,1
PV_62,038,PV_62_block_038,PV_62_038_2144546_L,2144546.1,2144580.1,1.9979708786001351,102.68401631952013,L,monocular,1,1
PV_62,038,PV_62_block_038,PV_62_038_2144903_L,2144902.7,2144953.65,11.271828241777678,291.4419812073397,L,monocular,1,1
PV_62,038,PV_62_block_038,PV_62_038_2147942_L,2147942.3,2147976.25,3.1816980697615995,208.43345589422745,L,monocular,1,1
PV_62,038,PV_62_block_038,PV_62_038_2151406_L,2151406.5,2151440.5,1.4077776404831763,118.78911415120706,L,monocular,1,1
PV_62,038,PV_62_block_038,PV_62_038_2154055_L,2154055.35,2154174.2,34.320309879431676,111.7237472457313,L,monocular,1,1
PV_62,038,PV_62_block_038,PV_62_038_2155074_L,2155074.25,2155125.2,3.0355104677026334,155.13730804795946,L,monocular,1,1
PV_62,038,PV_62_block_038,PV_62_038_2162308_L,2162307.7,2162358.65,6.664386150945787,171.8938301587022,L,monocular,1,1
PV_62,038,PV_62_block_038,PV_62_038_2164787_L,2164786.8,2164803.8,0.6127858501088327,334.3738427254639,L,monocular,1,1
PV_62,038,PV_62_block_038,PV_62_038_2167300_L,2167299.8,2167367.7,7.638055185782029,339.74438204936945,L,monocular,1,1
PV_62,038,PV_62_block_038,PV_62_038_2170322_L,2170321.65,2170372.55,5.598858823967289,175.84528348806674,L,monocular,1,1
PV_62,038,PV_62_block_038,PV_62_038_2175177_L,2175176.65,2175244.55,4.154092861426365,72.33046428361895,L,monocular,1,1
PV_62,038,PV_62_block_038,PV_62_038_2175295_L,2175295.45,2175312.4,0.5590303234228883,84.62689070882736,L,monocular,1,1
PV_62,038,PV_62_block_038,PV_62_038_2175703_L,2175702.8,2175736.75,1.9148091840855341,85.2373894452135,L,monocular,1,1
PV_62,038,PV_62_block_038,PV_62_038_2180949_L,2180948.9,2180982.9,2.7645298838364845,359.76042071519026,L,monocular,1,1
PV_62,038,PV_62_block_038,PV_62_038_2183258_L,2183258.35,2183292.3,1.8796424742938056,172.63194182699374,L,monocular,1,1
PV_62,038,PV_62_block_038,PV_62_038_2185313_L,2185313.15,2185347.1,,,L,monocular,1,1
PV_62,038,PV_62_block_038,PV_62_038_2185840_L,2185839.55,2185856.55,0.6383634986875626,346.7707243440201,L,monocular,1,1
PV_62,038,PV_62_block_038,PV_62_038_2190407_L,2190407.4,2190424.35,0.6405050523978139,209.1406687225592,L,monocular,1,1
PV_62,038,PV_62_block_038,PV_62_038_2202294_L,2202294.4,2202311.4,0.7765459857875935,187.42233874820246,L,monocular,1,1
PV_62,038,PV_62_block_038,PV_62_038_2205555_L,2205555.0,2205572.0,0.5043142094327696,356.03019727300045,L,monocular,1,1
PV_62,038,PV_62_block_038,PV_62_038_2210802_L,2210801.6,2210835.55,2.1449446559024965,97.64858143090746,L,monocular,1,1
PV_62,038,PV_62_block_038,PV_62_038_2226067_L,2226067.3,2226101.25,1.7110780005488437,145.96555108651137,L,monocular,1,1
PV_62,038,PV_62_block_038,PV_62_038_2230636_L,2230635.7,2230669.65,3.187612865875747,340.3878901018524,L,monocular,1,1
PV_62,038,PV_62_block_038,PV_62_038_2232707_L,2232707.4,2232758.35,4.098512712967248,114.38305478013267,L,monocular,1,1
PV_62,038,PV_62_block_038,PV_62_038_2241979_L,2241978.8,2242029.7,4.143792640874746,126.43969453281305,L,monocular,1,1
PV_62,038,PV_62_block_038,PV_62_038_2242047_L,2242046.7,2242114.6,3.6176380405845636,135.23972189964235,L,monocular,1,1
PV_62,038,PV_62_block_038,PV_62_038_2243473_L,2243472.95,2243489.95,0.8130499752556803,117.53576903580931,L,monocular,1,1
PV_62,038,PV_62_block_038,PV_62_038_2246954_L,2246954.1,2247005.0,2.8687910728639525,145.671844879193,L,monocular,1,1
PV_62,038,PV_62_block_038,PV_62_038_2253644_L,2253644.1,2253712.05,2.799881664290303,329.13688238858373,L,monocular,1,1
PV_62,038,PV_62_block_038,PV_62_038_2262607_L,2262607.3,2262743.1,28.13501888311273,281.4678907962583,L,monocular,1,1
PV_62,038,PV_62_block_038,PV_62_038_2280844_L,2280843.6,2280877.55,3.093099845487068,318.3529103841905,L,monocular,1,1
PV_62,038,PV_62_block_038,PV_62_038_2280928_L,2280928.5,2280945.5,20.906299312767185,128.5961861872479,L,monocular,1,1
PV_62,038,PV_62_block_038,PV_62_038_2280996_L,2280996.4,2281030.4,1.5060021065136062,128.11728298249614,L,monocular,1,1
PV_62,038,PV_62_block_038,PV_62_038_2281353_L,2281352.95,2281386.95,,,L,monocular,1,1
PV_62,038,PV_62_block_038,PV_62_038_2282457_L,2282456.55,2282473.55,0.6681706869853458,343.37374821623143,L,monocular,1,1
PV_62,038,PV_62_block_038,PV_62_038_2285632_L,2285631.6,2285648.6,0.5395792068321877,172.54223626385775,L,monocular,1,1
PV_62,038,PV_62_block_038,PV_62_038_2286158_L,2286158.0,2286174.95,1.884030605651896,179.66631161897791,L,monocular,1,1
PV_62,038,PV_62_block_038,PV_62_038_2287958_L,2287957.65,2287974.65,,,L,monocular,1,1
PV_62,038,PV_62_block_038,PV_62_038_2288009_L,2288008.65,2288042.6,2.5280546234329995,320.3977698446633,L,monocular,1,1
PV_62,038,PV_62_block_038,PV_62_038_2288060_L,2288059.55,2288127.5,3.1325155173899084,163.96379076078017,L,monocular,1,1
PV_62,038,PV_62_block_038,PV_62_038_2289842_L,2289842.45,2289859.4,1.3409671605274296,320.6446751327277,L,monocular,1,1
PV_62,038,PV_62_block_038,PV_62_038_2290556_L,2290555.6,2290572.6,0.6202810854369301,168.85510662470952,L,monocular,1,1
PV_62,038,PV_62_block_038,PV_62_038_2296313_L,2296312.55,2296346.5,1.152262230282064,268.70925869647226,L,monocular,1,1
PV_62,038,PV_62_block_038,PV_62_038_2297603_L,2297603.0,2297620.0,0.5791090936361372,9.447523018303361,L,monocular,1,1
PV_62,038,PV_62_block_038,PV_62_038_2325299_L,2325298.55,2325315.5,0.5340056758988058,147.18267219317062,L,monocular,1,1
PV_62,038,PV_62_block_038,PV_62_038_2325332_L,2325332.5,2325366.5,1.860357076655343,201.78625237071557,L,monocular,1,1
PV_62,038,PV_62_block_038,PV_62_038_2325791_L,2325791.1,2325842.05,2.513518304985145,214.953489779482,L,monocular,1,1
PV_62,038,PV_62_block_038,PV_62_038_2326165_L,2326164.75,2326181.75,0.5251241439881902,221.5147404431838,L,monocular,1,1
PV_62,038,PV_62_block_038,PV_62_038_2326436_L,2326436.45,2326453.4,,,L,monocular,1,1
PV_62,038,PV_62_block_038,PV_62_038_2326946_L,2326945.95,2326962.95,0.7672141692550669,20.512055198789703,L,monocular,1,1
PV_62,038,PV_62_block_038,PV_62_038_2326997_L,2326996.9,2327013.9,0.6514130660238291,212.03927310886897,L,monocular,1,1
PV_62,038,PV_62_block_038,PV_62_038_2327897_L,2327896.95,2327913.9,0.8833463205363726,273.355081133807,L,monocular,1,1
PV_62,038,PV_62_block_038,PV_62_038_2330393_L,2330393.3,2330495.2,15.082697813294763,93.99494259717937,L,monocular,1,1
PV_62,038,PV_62_block_038,PV_62_038_2331158_L,2331157.6,2331191.55,1.760027943656386,143.3463186830338,L,monocular,1,1
PV_62,038,PV_62_block_038,PV_62_038_2340038_L,2340038.5,2340072.45,3.1848281809765595,276.200946543861,L,monocular,1,1
PV_62,038,PV_62_block_038,PV_62_038_2340072_L,2340072.45,2340140.35,11.591351499184277,99.11326054356508,L,monocular,1,1
PV_62,038,PV_62_block_038,PV_62_038_2341584_L,2341583.6,2341634.55,6.0343711649390155,76.71638533843347,L,monocular,1,1
PV_62,038,PV_62_block_038,PV_62_038_2341652_L,2341651.55,2341685.5,2.388476350750555,142.90694139915198,L,monocular,1,1
PV_62,038,PV_62_block_038,PV_62_038_2341736_L,2341736.5,2341753.45,,,L,monocular,1,1
PV_62,038,PV_62_block_038,PV_62_038_2343503_L,2343502.7,2343570.65,4.42031311128621,104.46898260610834,L,monocular,1,1
PV_62,038,PV_62_block_038,PV_62_038_2344674_L,2344674.4,2344708.35,2.936779852956536,98.94473811764878,L,monocular,1,1
PV_62,038,PV_62_block_038,PV_62_038_2347748_L,2347748.0,2347832.9,10.274076163048392,329.58618752155616,L,monocular,1,1
PV_62,038,PV_62_block_038,PV_62_038_2356102_L,2356102.45,2356170.35,,,L,monocular,1,1
PV_62,038,PV_62_block_038,PV_62_038_2362403_L,2362402.65,2362419.6,0.6242676991114506,183.95552699799418,L,monocular,1,1
PV_62,038,PV_62_block_038,PV_62_038_2364661_L,2364661.2,2364712.15,16.88140146258063,283.12430045781264,L,monocular,1,1
PV_62,038,PV_62_block_038,PV_62_038_2371572_L,2371572.4,2371589.4,0.6398710674305053,226.8966522836406,L,monocular,1,1
PV_62,038,PV_62_block_038,PV_62_038_2382118_L,2382118.5,2382152.45,1.9249531546307415,184.84179757040266,L,monocular,1,1
PV_62,038,PV_62_block_038,PV_62_038_2382322_L,2382322.25,2382356.25,1.1627720283503828,21.89893236736656,L,monocular,1,1
PV_62,038,PV_62_block_038,PV_62_038_2385056_L,2385056.3,2385090.3,,,L,monocular,1,1
PV_62,038,PV_62_block_038,PV_62_038_2389132_L,2389132.1,2389149.05,,,L,monocular,1,1
PV_62,038,PV_62_block_038,PV_62_038_2391085_L,2391085.1,2391119.1,2.3863457725300257,0.717308874923042,L,monocular,1,1
PV_62,038,PV_62_block_038,PV_62_038_2393565_L,2393564.75,2393632.65,5.27338796572564,63.38623436161321,L,monocular,1,1
PV_62,038,PV_62_block_038,PV_62_038_2395586_L,2395585.75,2395653.65,3.733744995230995,283.68975330101773,L,monocular,1,1
PV_62,038,PV_62_block_038,PV_62_038_2396775_L,2396774.55,2396808.55,2.4478391008675358,337.2529685834372,L,monocular,1,1
PV_62,038,PV_62_block_038,PV_62_038_2396826_L,2396825.5,2396859.5,3.518830759029824,268.9216388416683,L,monocular,1,1
PV_62,038,PV_62_block_038,PV_62_038_2396860_L,2396859.5,2396910.45,15.302190913660997,132.3874315323749,L,monocular,1,1
PV_62,038,PV_62_block_038,PV_62_038_2397998_L,2397997.5,2398031.45,1.780085269206315,86.40378664295247,L,monocular,1,1
PV_62,038,PV_62_block_038,PV_62_038_2398422_L,2398422.1,2398456.05,1.623963664886071,43.57577426060743,L,monocular,1,1
PV_62,038,PV_62_block_038,PV_62_038_2402396_L,2402395.95,2402412.95,0.6887207663825375,278.0326945145711,L,monocular,1,1
PV_62,038,PV_62_block_038,PV_62_038_2407066_L,2407065.85,2407099.8,1.148384782864464,325.3872353891495,L,monocular,1,1
PV_62,038,PV_62_block_038,PV_62_038_2435374_L,2435373.65,2435390.6,15.880470103090813,290.0874398297146,L,monocular,1,1
PV_62,038,PV_62_block_038,PV_62_038_2435391_L,2435390.6,2435441.55,3.2265607398338068,32.118422305650974,L,monocular,1,1
PV_62,038,PV_62_block_038,PV_62_038_2437038_L,2437037.55,2437071.5,1.5419184014773182,256.37333439329996,L,monocular,1,1
PV_62,038,PV_62_block_038,PV_62_038_2437394_L,2437394.1,2437428.05,6.057077916031318,311.8227132993768,L,monocular,1,1
PV_62,038,PV_62_block_038,PV_62_038_2437445_L,2437445.0,2437512.9,,,L,monocular,1,1
PV_62,038,PV_62_block_038,PV_62_038_2441402_L,2441401.6,2441418.6,0.7602645601154846,272.09272200336636,L,monocular,1,1
PV_62,038,PV_62_block_038,PV_62_038_2441470_L,2441469.55,2441503.5,1.7358425845620877,273.3658436812893,L,monocular,1,1
PV_62,038,PV_62_block_038,PV_62_038_2441588_L,2441588.4,2441673.35,6.673282112908847,309.57168408678444,L,monocular,1,1
PV_62,038,PV_62_block_038,PV_62_038_2441741_L,2441741.25,2441775.2,3.038164633752084,131.83726535855232,L,monocular,1,1
PV_62,038,PV_62_block_038,PV_62_038_2442030_L,2442029.95,2442063.95,1.2209915279186139,314.89978202110217,L,monocular,1,1
PV_62,038,PV_62_block_038,PV_62_038_2442132_L,2442131.85,2442148.85,0.9337474241394339,146.16535730600506,L,monocular,1,1
PV_62,038,PV_62_block_038,PV_62_038_2460844_L,2460844.0,2460860.95,,,L,monocular,1,1
PV_62,038,PV_62_block_038,PV_62_038_2466872_L,2466871.7,2466888.65,0.5648829606766008,216.92194331742888,L,monocular,1,1
PV_62,038,PV_62_block_038,PV_62_038_2471576_L,2471575.6,2471609.6,1.9021082155246956,1.6533320415184503,L,monocular,1,1
PV_62,038,PV_62_block_038,PV_62_038_2475413_L,2475413.3,2475430.25,0.5755021737510587,345.33691543551015,L,monocular,1,1
PV_62,038,PV_62_block_038,PV_62_038_2477111_L,2477111.35,2477128.3,0.580323793363357,345.97502839144556,L,monocular,1,1
PV_62,038,PV_62_block_038,PV_62_038_2477604_L,2477603.7,2477637.7,1.4245785197175862,347.48004941123537,L,monocular,1,1
PV_62,038,PV_62_block_038,PV_62_038_2477790_L,2477790.45,2477824.4,1.700503607124537,347.8406304713459,L,monocular,1,1
PV_62,038,PV_62_block_038,PV_62_038_2477841_L,2477841.4,2477858.35,1.6935343470292332,347.3087199581748,L,monocular,1,1
PV_62,038,PV_62_block_038,PV_62_038_2478164_L,2478163.9,2478180.9,0.5644382712588657,349.1831457604597,L,monocular,1,1
PV_62,038,PV_62_block_038,PV_62_038_2480116_L,2480116.2,2480150.15,1.6925653677258155,168.50500348682368,L,monocular,1,1
PV_62,038,PV_62_block_038,PV_62_038_2480320_L,2480319.95,2480336.9,1.9621122225075474,348.6531047576024,L,monocular,1,1
PV_62,038,PV_62_block_038,PV_62_038_2480337_L,2480336.9,2480370.85,1.9830048962326416,167.72907026127785,L,monocular,1,1
PV_62,038,PV_62_block_038,PV_62_038_2480965_L,2480965.15,2480982.15,1.7116945910115298,167.72067327970655,L,monocular,1,1
PV_62,038,PV_62_block_038,PV_62_038_2482222_L,2482221.75,2482255.75,2.535911474945692,347.80163839311206,L,monocular,1,1
PV_62,038,PV_62_block_038,PV_62_038_2485295_L,2485294.7,2485311.7,0.5556257736612054,165.55112961713158,L,monocular,1,1
PV_62,038,PV_62_block_038,PV_62_038_2486449_L,2486449.25,2486466.25,0.5872157582884595,343.95051843287524,L,monocular,1,1
PV_62,038,PV_62_block_038,PV_62_038_2487706_L,2487705.65,2487722.6,1.9774846766036018,166.99268616945338,L,monocular,1,1
PV_62,038,PV_62_block_038,PV_62_038_2488079_L,2488079.15,2488096.15,2.2800914594950754,168.51342700041832,L,monocular,1,1
PV_62,038,PV_62_block_038,PV_62_038_2492919_L,2492918.6,2492969.5,4.525224138955574,7.565517979367807,L,monocular,1,1
PV_62,038,PV_62_block_038,PV_62_038_2492986_L,2492986.5,2493003.5,0.6091358335429017,269.37474334893534,L,monocular,1,1
PV_62,038,PV_62_block_038,PV_62_038_2493071_L,2493071.4,2493088.4,1.0200278807988996,244.9195444426968,L,monocular,1,1
PV_62,038,PV_62_block_038,PV_62_038_2493088_L,2493088.4,2493105.4,0.5875459637287556,145.25961009428863,L,monocular,1,1
PV_62,038,PV_62_block_038,PV_62_038_2493122_L,2493122.4,2493139.35,0.927380844899894,250.18465056479525,L,monocular,1,1
PV_62,038,PV_62_block_038,PV_62_038_2495653_L,2495652.65,2495669.6,0.7438264395079573,258.1840784260106,L,monocular,1,1
PV_62,038,PV_62_block_038,PV_62_038_2496094_L,2496094.25,2496128.2,2.7202402699077233,121.64719128223028,L,monocular,1,1
PV_62,038,PV_62_block_038,PV_62_038_2499236_L,2499235.85,2499269.8,1.5767363186544907,135.20382663606065,L,monocular,1,1
PV_62,038,PV_62_block_038,PV_62_038_2500951_L,2500950.9,2501018.85,4.862381541604092,63.546572528489605,L,monocular,1,1
PV_62,038,PV_62_block_038,PV_62_038_2501766_L,2501766.05,2501816.95,2.8375866222365946,268.82254567629855,L,monocular,1,1
PV_62,038,PV_62_block_038,PV_62_038_2501834_L,2501833.95,2501850.9,,,L,monocular,1,1
PV_62,038,PV_62_block_038,PV_62_038_2504721_L,2504720.7,2504737.65,0.5964296093837874,312.67253465348,L,monocular,1,1
PV_62,038,PV_62_block_038,PV_62_038_2504755_L,2504754.65,2504771.6,1.0636468237565757,314.791945603549,L,monocular,1,1
PV_62,038,PV_62_block_038,PV_62_038_2504772_L,2504771.6,2504788.6,0.5243573362913696,76.68459984013798,L,monocular,1,1
PV_62,038,PV_62_block_038,PV_62_038_2508711_L,2508711.45,2508728.45,0.7365223068037466,98.66131367209191,L,monocular,1,1
PV_62,038,PV_62_block_038,PV_62_038_2508745_L,2508745.45,2508762.4,1.4504011736681421,87.7146613047744,L,monocular,1,1
PV_62,038,PV_62_block_038,PV_62_038_2508796_L,2508796.35,2508881.25,5.6944529782577495,70.48335194624053,L,monocular,1,1
PV_62,038,PV_62_block_038,PV_62_038_2515011_L,2515010.75,2515044.7,1.3543007069030224,58.18275021560142,L,monocular,1,1
PV_62,038,PV_62_block_038,PV_62_038_2528000_L,2528000.5,2528034.45,1.3074858165030931,274.5070007245226,L,monocular,1,1
PV_62,038,PV_62_block_038,PV_62_038_2529868_L,2529868.25,2529902.2,1.257145398818147,138.80679951184965,L,monocular,1,1
PV_62,038,PV_62_block_038,PV_62_038_2530123_L,2530122.95,2530139.95,0.7907895810392892,160.86197594117118,L,monocular,1,1
PV_62,038,PV_62_block_038,PV_62_038_2530446_L,2530445.6,2530462.55,0.5690248579469962,346.04484963035185,L,monocular,1,1
PV_62,038,PV_62_block_038,PV_62_038_2537321_L,2537321.4,2537338.4,0.7696094090691159,222.65125082455836,L,monocular,1,1
PV_62,038,PV_62_block_038,PV_62_038_2545249_L,2545248.95,2545299.85,4.722557082124276,158.19022148870042,L,monocular,1,1
PV_62,038,PV_62_block_038,PV_62_038_2546403_L,2546403.45,2546454.4,1.9754305199345108,14.891724920226359,L,monocular,1,1
PV_62,038,PV_62_block_038,PV_62_038_2547218_L,2547218.5,2547235.5,0.7450088793829751,275.95609605376444,L,monocular,1,1
PV_62,038,PV_62_block_038,PV_62_038_2547337_L,2547337.35,2547371.3,1.0398702802866298,7.005180525125455,L,monocular,1,1
PV_62,038,PV_62_block_038,PV_62_038_2554792_L,2554791.6,2554808.6,0.5165808129922592,335.6800159992204,L,monocular,1,1
PV_62,038,PV_62_block_038,PV_62_038_2586090_L,2586089.5,2586174.4,9.725776238355623,347.8322056111758,L,monocular,1,1
PV_62,038,PV_62_block_038,PV_62_038_2586191_L,2586191.35,2586208.35,0.7286044687893621,261.59366541835544,L,monocular,1,1
PV_62,038,PV_62_block_038,PV_62_038_2586820_L,2586819.8,2586904.7,7.011005031378466,193.99100298233915,L,monocular,1,1
PV_62,038,PV_62_block_038,PV_62_038_2587414_L,2587414.25,2587431.2,0.5825294763655736,301.3579313222306,L,monocular,1,1
PV_62,038,PV_62_block_038,PV_62_038_2587448_L,2587448.2,2587482.15,1.2728154218587169,306.059026743608,L,monocular,1,1
PV_62,038,PV_62_block_038,PV_62_038_2588128_L,2588127.65,2588144.6,0.7966511664978934,290.58845462482844,L,monocular,1,1
PV_62,038,PV_62_block_038,PV_62_038_2594649_L,2594649.3,2594666.3,1.4134955289865843,324.7604244351126,L,monocular,1,1
PV_62,038,PV_62_block_038,PV_62_038_2609629_L,2609628.7,2609662.65,3.612848634133759,212.3859400301067,L,monocular,1,1
PV_62,038,PV_62_block_038,PV_62_038_2611497_L,2611496.6,2611530.6,,,L,monocular,1,1
PV_62,038,PV_62_block_038,PV_62_038_2629004_L,2629003.9,2629020.9,0.7321911409544797,136.60263614959285,L,monocular,1,1
PV_62,038,PV_62_block_038,PV_62_038_2629038_L,2629037.85,2629088.8,2.1734906794578457,114.62298728329075,L,monocular,1,1
PV_62,038,PV_62_block_038,PV_62_038_2641075_L,2641075.0,2641108.95,1.8251973345553216,4.405019144648565,L,monocular,1,1
PV_62,038,PV_62_block_038,PV_62_038_2641126_L,2641125.9,2641159.9,1.377039417533125,357.67914559120027,L,monocular,1,1
PV_62,038,PV_62_block_038,PV_62_038_2643265_L,2643265.4,2643282.4,0.5478209769365698,327.3966708930859,L,monocular,1,1
PV_62,038,PV_62_block_038,PV_62_038_2644165_L,2644165.3,2644182.3,0.6065871109711809,214.64878084935543,L,monocular,1,1
PV_62,038,PV_62_block_038,PV_62_038_2644454_L,2644453.9,2644470.9,19.979446833248183,235.37604169913584,L,monocular,1,1
PV_62,038,PV_62_block_038,PV_62_038_2669249_L,2669249.45,2669368.35,9.29207350315649,300.4342534660095,L,monocular,1,1
PV_62,038,PV_62_block_038,PV_62_038_2696322_L,2696321.85,2696355.8,,,L,monocular,1,1
PV_62,038,PV_62_block_038,PV_62_038_2764867_L,2764866.65,2764934.55,4.457470910227066,196.08494308890442,L,monocular,1,1
PV_62,038,PV_62_block_038,PV_62_038_2768790_L,2768789.8,2768840.7,2.842989826558783,196.13514114412268,L,monocular,1,1
PV_62,038,PV_62_block_038,PV_62_038_2785127_L,2785126.95,2785143.9,1.0810078965529002,179.39718989497797,L,monocular,1,1
PV_62,038,PV_62_block_038,PV_62_038_2785144_L,2785143.9,2785177.9,1.113059070635756,358.60912529591053,L,monocular,1,1
PV_62,038,PV_62_block_038,PV_62_038_2794247_L,2794247.1,2794281.05,6.986593157750253,16.10231887878839,L,monocular,1,1
PV_62,038,PV_62_block_038,PV_62_038_2794298_L,2794298.05,2794399.95,4.4334844282801855,306.6925854733225,L,monocular,1,1
PV_62,038,PV_62_block_038,PV_62_038_2794808_L,2794807.5,2794841.45,3.620705528674017,338.44220073166434,L,monocular,1,1
PV_62,038,PV_62_block_038,PV_62_038_2794858_L,2794858.45,2794926.4,4.575964338115184,162.1517803731092,L,monocular,1,1
PV_62,038,PV_62_block_038,PV_62_038_2795962_L,2795962.25,2796115.1,14.80363953923257,90.30303124062078,L,monocular,1,1
PV_62,038,PV_62_block_038,PV_62_038_2796132_L,2796132.1,2796149.05,0.6646452334204341,208.01370461178038,L,monocular,1,1
PV_62,038,PV_62_block_038,PV_62_038_2797015_L,2797015.05,2797184.85,8.880947919829895,287.32678348277096,L,monocular,1,1
PV_62,038,PV_62_block_038,PV_62_038_2798034_L,2798033.85,2798084.85,2.587574698013485,110.27134331684337,L,monocular,1,1
PV_62,038,PV_62_block_038,PV_62_038_2801651_L,2801650.55,2801701.5,2.742605068612127,9.547252458014944,L,monocular,1,1
PV_62,038,PV_62_block_038,PV_62_038_2801854_L,2801854.25,2801871.25,0.6064143226398275,277.1345183484676,L,monocular,1,1
PV_62,038,PV_62_block_038,PV_62_038_2807662_L,2807662.15,2807730.05,9.472561216294064,11.27819322280186,L,monocular,1,1
PV_62,038,PV_62_block_038,PV_62_038_2807781_L,2807781.0,2807814.95,1.1537519766320332,208.3523529688046,L,monocular,1,1
PV_62,038,PV_62_block_038,PV_62_038_2807866_L,2807865.95,2807882.9,,,L,monocular,1,1
PV_62,038,PV_62_block_038,PV_62_038_2808274_L,2808273.6,2808307.55,0.9959045813046951,200.6515857497114,L,monocular,1,1
PV_62,038,PV_62_block_038,PV_62_038_2810346_L,2810345.75,2810430.65,6.515698641140461,127.29070381126202,L,monocular,1,1
PV_62,038,PV_62_block_038,PV_62_038_2814235_L,2814235.25,2814252.25,0.5693246471584392,186.17705061707142,L,monocular,1,1
PV_62,038,PV_62_block_038,PV_62_038_2827126_L,2827125.85,2827159.85,1.4180236409502152,265.61429236514505,L,monocular,1,1
PV_62,038,PV_62_block_038,PV_62_038_2829945_L,2829944.9,2829978.85,3.3686943466454897,94.66294863864286,L,monocular,1,1
PV_62,038,PV_62_block_038,PV_62_038_2841765_L,2841764.85,2841798.85,2.5019146307217945,259.728997269161,L,monocular,1,1
PV_62,038,PV_62_block_038,PV_62_038_2850613_L,2850613.25,2850698.15,4.467753488985775,26.989905777136475,L,monocular,1,1
PV_62,038,PV_62_block_038,PV_62_038_2855318_L,2855318.2,2855335.2,0.6986221165948109,54.63944474705418,L,monocular,1,1
PV_62,038,PV_62_block_038,PV_62_038_2862655_L,2862655.35,2862672.3,,,L,monocular,1,1
PV_62,038,PV_62_block_038,PV_62_038_2862774_L,2862774.2,2862791.2,2.5351397114944083,200.87514498967974,L,monocular,1,1
PV_62,038,PV_62_block_038,PV_62_038_2862842_L,2862842.15,2862893.05,2.186242360120904,157.765535606875,L,monocular,1,1
PV_62,038,PV_62_block_038,PV_62_038_2867903_L,2867903.2,2867920.15,,,L,monocular,1,1
PV_62,038,PV_62_block_038,PV_62_038_2909123_L,2909123.35,2909191.3,11.205913549512672,8.10546219006577,L,monocular,1,1
PV_62,038,PV_62_block_038,PV_62_038_2909446_L,2909446.1,2909480.05,2.5153307693374405,7.536177869843371,L,monocular,1,1
PV_62,038,PV_62_block_038,PV_62_038_2909565_L,2909564.95,2909581.95,0.719739456045818,178.64031147291823,L,monocular,1,1
PV_62,038,PV_62_block_038,PV_62_038_2911008_L,2911008.3,2911059.2,8.144800375317955,10.063732324922212,L,monocular,1,1
PV_62,038,PV_62_block_038,PV_62_038_2911127_L,2911127.15,2911161.1,1.2564815080248206,202.8249357911162,L,monocular,1,1
PV_62,038,PV_62_block_038,PV_62_038_2911195_L,2911195.05,2911246.0,2.1872410731524248,181.77091159291018,L,monocular,1,1
PV_62,038,PV_62_block_038,PV_62_038_2912707_L,2912706.6,2912774.5,3.3156448940334116,181.74435071297117,L,monocular,1,1
PV_62,038,PV_62_block_038,PV_62_038_2913029_L,2913029.35,2913097.3,3.1083830931063385,166.1817312828437,L,monocular,1,1
PV_62,038,PV_62_block_038,PV_62_038_2921624_L,2921623.6,2921674.6,3.540277111006256,292.30078426907164,L,monocular,1,1
PV_62,038,PV_62_block_038,PV_62_038_2923628_L,2923627.6,2923644.6,0.7572090557093569,176.01039672868075,L,monocular,1,1
PV_62,038,PV_62_block_038,PV_62_038_2938777_L,2938777.15,2938811.1,1.4464919643541159,191.59643036846524,L,monocular,1,1
PV_62,038,PV_62_block_038,PV_62_038_2939745_L,2939745.3,2939779.25,1.7253901277664456,259.21005116695096,L,monocular,1,1
PV_62,038,PV_62_block_038,PV_62_038_304676_R,304675.9,304726.85,3.3744767751003972,87.32513147655526,R,monocular,1,1
PV_62,038,PV_62_block_038,PV_62_038_317230_R,317229.85,317263.8,1.3768738635725775,264.9932502448346,R,monocular,1,1
PV_62,038,PV_62_block_038,PV_62_038_335934_R,335933.95,335967.9,16.7627970161234,175.8900931926571,R,monocular,1,1
PV_62,038,PV_62_block_038,PV_62_038_336002_R,336001.9,336120.8,10.20530542183404,336.9975751177558,R,monocular,1,1
PV_62,038,PV_62_block_038,PV_62_038_336546_R,336545.5,336579.5,10.865547298279777,118.73042200953763,R,monocular,1,1
PV_62,038,PV_62_block_038,PV_62_038_336580_R,336579.5,336596.5,0.6438022246967774,218.8189180287827,R,monocular,1,1
PV_62,038,PV_62_block_038,PV_62_038_336630_R,336630.45,336800.35,18.207233895172784,325.0725134721432,R,monocular,1,1
PV_62,038,PV_62_block_038,PV_62_038_345583_R,345583.3,345617.25,,,R,monocular,1,1
PV_62,038,PV_62_block_038,PV_62_038_358102_R,358101.5,358118.45,0.5781841047937241,359.53723095942007,R,monocular,1,1
PV_62,038,PV_62_block_038,PV_62_038_365864_R,365863.6,365897.55,2.6016148560382817,86.10799929935695,R,monocular,1,1
PV_62,038,PV_62_block_038,PV_62_038_366169_R,366169.4,366186.4,2.8214059198814496,91.5807922847444,R,monocular,1,1
PV_62,038,PV_62_block_038,PV_62_038_368004_R,368004.05,368038.0,2.3030457733370593,115.88903963225191,R,monocular,1,1
PV_62,038,PV_62_block_038,PV_62_038_369601_R,369600.7,369685.65,7.781483056770381,113.93271261941189,R,monocular,1,1
PV_62,038,PV_62_block_038,PV_62_038_374562_R,374561.55,374646.5,5.142333111856506,128.47456230519808,R,monocular,1,1
PV_62,038,PV_62_block_038,PV_62_038_377467_R,377466.55,377483.55,1.3392429193680324,270.73093860243034,R,monocular,1,1
PV_62,038,PV_62_block_038,PV_62_038_377484_R,377483.55,377500.5,1.3264768018115265,80.85867634669225,R,monocular,1,1
PV_62,038,PV_62_block_038,PV_62_038_377500_R,377500.5,377534.5,1.3508955808295136,275.100434267883,R,monocular,1,1
PV_62,038,PV_62_block_038,PV_62_038_378758_R,378757.5,378774.45,1.9700421782082973,87.3988159254622,R,monocular,1,1
PV_62,038,PV_62_block_038,PV_62_038_378859_R,378859.4,378876.4,1.968187668188354,87.08827666483555,R,monocular,1,1
PV_62,038,PV_62_block_038,PV_62_038_379046_R,379046.3,379063.25,1.9722785663046887,86.2279335936597,R,monocular,1,1
PV_62,038,PV_62_block_038,PV_62_038_379250_R,379250.1,379318.0,22.602178844177413,70.46857258482918,R,monocular,1,1
PV_62,038,PV_62_block_038,PV_62_038_379403_R,379402.95,379419.9,0.5797815258885279,350.8675144997875,R,monocular,1,1
PV_62,038,PV_62_block_038,PV_62_038_379437_R,379436.9,379487.85,2.269055377567374,281.52395480131156,R,monocular,1,1
PV_62,038,PV_62_block_038,PV_62_038_390971_R,390971.35,391039.3,9.595385994132837,128.11270767015964,R,monocular,1,1
PV_62,038,PV_62_block_038,PV_62_038_391056_R,391056.3,391090.3,5.243258837079837,177.8855732808468,R,monocular,1,1
PV_62,038,PV_62_block_038,PV_62_038_391141_R,391141.25,391192.2,3.0833538273043115,36.877546082917064,R,monocular,1,1
PV_62,038,PV_62_block_038,PV_62_038_391226_R,391226.2,391243.2,0.5020505231483847,327.40429709441474,R,monocular,1,1
PV_62,038,PV_62_block_038,PV_62_038_400044_R,400043.55,400094.5,5.339556202803255,15.039597409993847,R,monocular,1,1
PV_62,038,PV_62_block_038,PV_62_038_400111_R,400111.45,400128.45,0.7919172575424541,352.083162949795,R,monocular,1,1
PV_62,038,PV_62_block_038,PV_62_038_409776_R,409775.85,409792.8,0.7903483049144069,10.642600075760692,R,monocular,1,1
PV_62,038,PV_62_block_038,PV_62_038_409895_R,409894.7,409928.65,1.0689185012058515,117.69209222608592,R,monocular,1,1
PV_62,038,PV_62_block_038,PV_62_038_428035_R,428035.15,428103.1,4.101702208166577,325.7834761798486,R,monocular,1,1
PV_62,038,PV_62_block_038,PV_62_038_437530_R,437530.15,437581.1,4.707525445865894,336.0565809482442,R,monocular,1,1
PV_62,038,PV_62_block_038,PV_62_038_443016_R,443016.5,443050.45,7.394555205119213,64.50539031091061,R,monocular,1,1
PV_62,038,PV_62_block_038,PV_62_038_444800_R,444799.95,444833.9,1.1248108283732308,320.92660806130044,R,monocular,1,1
PV_62,038,PV_62_block_038,PV_62_038_444868_R,444867.9,444901.85,1.1179112665283502,69.8202715583525,R,monocular,1,1
PV_62,038,PV_62_block_038,PV_62_038_448265_R,448264.8,448281.75,0.6246778545387841,245.5268340465338,R,monocular,1,1
PV_62,038,PV_62_block_038,PV_62_038_456503_R,456502.7,456553.65,11.638969907060561,144.8991917223882,R,monocular,1,1
PV_62,038,PV_62_block_038,PV_62_038_456605_R,456604.6,456638.6,1.8195932419042113,302.41813946080777,R,monocular,1,1
PV_62,038,PV_62_block_038,PV_62_038_461428_R,461428.45,461530.4,5.805504601642912,289.0543783066379,R,monocular,1,1
PV_62,038,PV_62_block_038,PV_62_038_461853_R,461853.15,461870.1,0.5611885259665003,320.54410948388977,R,monocular,1,1
PV_62,038,PV_62_block_038,PV_62_038_462397_R,462396.75,462464.75,4.64396014231117,83.9375301190198,R,monocular,1,1
PV_62,038,PV_62_block_038,PV_62_038_462567_R,462566.7,462668.65,5.286504620136128,326.2403326871549,R,monocular,1,1
PV_62,038,PV_62_block_038,PV_62_038_472300_R,472300.05,472317.05,0.7736432861540143,303.8161702383019,R,monocular,1,1
PV_62,038,PV_62_block_038,PV_62_038_472826_R,472826.5,472877.45,2.095784075251141,279.21304411102636,R,monocular,1,1
PV_62,038,PV_62_block_038,PV_62_038_478314_R,478313.5,478381.4,8.607823115978363,205.13424813864492,R,monocular,1,1
PV_62,038,PV_62_block_038,PV_62_038_497779_R,497778.8,497812.8,2.6331503456436507,137.56557623848892,R,monocular,1,1
PV_62,038,PV_62_block_038,PV_62_038_507953_R,507953.3,507970.3,0.6547741070938203,174.4226230285917,R,monocular,1,1
PV_62,038,PV_62_block_038,PV_62_038_523104_R,523104.1,523172.0500000001,5.903065796495662,90.35647883531588,R,monocular,1,1
PV_62,038,PV_62_block_038,PV_62_038_523206_R,523206.0,523223.0500000001,0.8142163761790936,31.6337131027866,R,monocular,1,1
PV_62,038,PV_62_block_038,PV_62_038_523223_R,523223.0500000001,523240.0,0.9165023207572801,260.221775238992,R,monocular,1,1
PV_62,038,PV_62_block_038,PV_62_038_523240_R,523240.0,523257.0,0.9084424859753646,72.23366106504177,R,monocular,1,1
PV_62,038,PV_62_block_038,PV_62_038_523257_R,523257.0,523307.95,2.080637649767285,272.3232860083024,R,monocular,1,1
PV_62,038,PV_62_block_038,PV_62_038_541467_R,541467.0,541500.95,1.064592408370381,97.01862702756762,R,monocular,1,1
PV_62,038,PV_62_block_038,PV_62_038_544134_R,544133.8,544184.75,2.0874545343512976,176.5563312781797,R,monocular,1,1
PV_62,038,PV_62_block_038,PV_62_038_544609_R,544609.4,544643.35,1.026144926490165,14.499121646082903,R,monocular,1,1
PV_62,038,PV_62_block_038,PV_62_038_548279_R,548278.95,548346.9,11.256038659827407,44.803999135747574,R,monocular,1,1
PV_62,038,PV_62_block_038,PV_62_038_551337_R,551336.7,551370.65,2.209227479592948,331.2177671711339,R,monocular,1,1
PV_62,038,PV_62_block_038,PV_62_038_553613_R,553613.05,553647.05,,,R,monocular,1,1
PV_62,038,PV_62_block_038,PV_62_038_557096_R,557095.65,557146.6,2.504497274459279,316.14160636079424,R,monocular,1,1
PV_62,038,PV_62_block_038,PV_62_038_581188_R,581187.55,581204.55,0.6338504580982289,280.5572200229134,R,monocular,1,1
PV_62,038,PV_62_block_038,PV_62_038_581272_R,581272.5,581306.5,1.4299634785372732,3.1199846898149226,R,monocular,1,1
PV_62,038,PV_62_block_038,PV_62_038_583447_R,583447.05,583498.0,2.428893441594462,1.046603808065499,R,monocular,1,1
PV_62,038,PV_62_block_038,PV_62_038_587185_R,587184.9,587235.9,3.809549238216469,334.76756823658525,R,monocular,1,1
PV_62,038,PV_62_block_038,PV_62_038_610511_R,610511.3,610545.25,2.634789005724224,61.70588814909147,R,monocular,1,1
PV_62,038,PV_62_block_038,PV_62_038_610562_R,610562.25,610596.2,1.594782427237498,63.40103579061836,R,monocular,1,1
PV_62,038,PV_62_block_038,PV_62_038_613654_R,613653.85,613687.8,1.7217948623714643,214.3061122494901,R,monocular,1,1
PV_62,038,PV_62_block_038,PV_62_038_613773_R,613772.75,613806.75,1.6675926892680404,118.74604990504368,R,monocular,1,1
PV_62,038,PV_62_block_038,PV_62_038_619718_R,619718.05,619819.95,6.676268532780852,125.54320583980784,R,monocular,1,1
PV_62,038,PV_62_block_038,PV_62_038_626004_R,626003.7,626207.55,17.228480587957847,47.19750105787017,R,monocular,1,1
PV_62,038,PV_62_block_038,PV_62_038_640954_R,640953.5,640987.5,1.1375790597306101,255.97232986723583,R,monocular,1,1
PV_62,038,PV_62_block_038,PV_62_038_641106_R,641106.4,641123.4,0.6050454836483916,91.63945711845325,R,monocular,1,1
PV_62,038,PV_62_block_038,PV_62_038_654781_R,654780.8,654848.75,3.9849705028042144,66.14029237051399,R,monocular,1,1
PV_62,038,PV_62_block_038,PV_62_038_656072_R,656071.8,656173.7,12.189709451850392,69.52032937206741,R,monocular,1,1
PV_62,038,PV_62_block_038,PV_62_038_658552_R,658551.9,658636.9,12.100296171266665,34.43386712011141,R,monocular,1,1
PV_62,038,PV_62_block_038,PV_62_038_673295_R,673295.3,673346.25,3.1400160931925023,73.03248861742091,R,monocular,1,1
PV_62,038,PV_62_block_038,PV_62_038_673380_R,673380.2,673414.2,2.031774810396488,76.90455667744565,R,monocular,1,1
PV_62,038,PV_62_block_038,PV_62_038_680140_R,680140.15,680191.15,2.234684595976413,23.806535387071253,R,monocular,1,1
PV_62,038,PV_62_block_038,PV_62_038_684896_R,684896.1,684913.05,0.6275507091409358,17.063610535180725,R,monocular,1,1
PV_62,038,PV_62_block_038,PV_62_038_689924_R,689923.55,689991.5,12.227447747799095,110.45074663641928,R,monocular,1,1
PV_62,038,PV_62_block_038,PV_62_038_692336_R,692335.95,692369.95,2.746806015144804,117.6433856585738,R,monocular,1,1
PV_62,038,PV_62_block_038,PV_62_038_694358_R,694357.8,694374.75,2.263236670953745,94.5773481713611,R,monocular,1,1
PV_62,038,PV_62_block_038,PV_62_038_696260_R,696259.85,696293.8,0.9309136440339115,114.64057089190504,R,monocular,1,1
PV_62,038,PV_62_block_038,PV_62_038_703547_R,703546.75,703614.7,11.316087720298757,277.4981497093481,R,monocular,1,1
PV_62,038,PV_62_block_038,PV_62_038_710256_R,710255.7,710306.65,3.982859164230215,212.6802308942718,R,monocular,1,1
PV_62,038,PV_62_block_038,PV_62_038_710324_R,710323.65,710357.6,1.9496383425955583,264.3272913291825,R,monocular,1,1
PV_62,038,PV_62_block_038,PV_62_038_711275_R,711274.75,711359.7,17.58536807164629,89.03337892149037,R,monocular,1,1
PV_62,038,PV_62_block_038,PV_62_038_718733_R,718732.8,718766.75,1.5834137181973873,313.9077218694553,R,monocular,1,1
PV_62,038,PV_62_block_038,PV_62_038_723728_R,723727.6,723761.55,1.7265117861058594,305.95572978803943,R,monocular,1,1
PV_62,038,PV_62_block_038,PV_62_038_726802_R,726802.2,726921.1,12.944069520137226,80.85983003208959,R,monocular,1,1
PV_62,038,PV_62_block_038,PV_62_038_726972_R,726972.05,726989.0,0.6625288038013731,243.11410290901472,R,monocular,1,1
PV_62,038,PV_62_block_038,PV_62_038_728212_R,728211.9,728262.9,3.7172358250229256,276.8835943130373,R,monocular,1,1
PV_62,038,PV_62_block_038,PV_62_038_728280_R,728279.85,728313.85,1.4383558985749854,221.73278410705507,R,monocular,1,1
PV_62,038,PV_62_block_038,PV_62_038_729078_R,729078.2,729112.2,1.8851233923926227,200.71192545294537,R,monocular,1,1
PV_62,038,PV_62_block_038,PV_62_038_731406_R,731405.7,731422.7,0.8709473445322493,199.33347522928656,R,monocular,1,1
PV_62,038,PV_62_block_038,PV_62_038_734463_R,734463.35,734480.35,0.715417604273682,116.87042362130396,R,monocular,1,1
PV_62,038,PV_62_block_038,PV_62_038_735737_R,735737.3,735788.25,3.173348825115791,85.11740212169316,R,monocular,1,1
PV_62,038,PV_62_block_038,PV_62_038_736739_R,736739.45,736773.4,1.5128613964901134,169.19692929175227,R,monocular,1,1
PV_62,038,PV_62_block_038,PV_62_038_740341_R,740340.55,740357.5,0.5884539466618756,200.46231215146628,R,monocular,1,1
PV_62,038,PV_62_block_038,PV_62_038_743330_R,743330.15,743347.1,0.6843631010610136,140.10647194969704,R,monocular,1,1
PV_62,038,PV_62_block_038,PV_62_038_748698_R,748697.6,748731.6,2.201814139756711,131.28098938218164,R,monocular,1,1
PV_62,038,PV_62_block_038,PV_62_038_750957_R,750956.75,751024.7,3.8024261200356824,351.890245698224,R,monocular,1,1
PV_62,038,PV_62_block_038,PV_62_038_752944_R,752944.0,752977.95,1.897065228957914,287.7281236582399,R,monocular,1,1
PV_62,038,PV_62_block_038,PV_62_038_753589_R,753589.45,753606.45,0.786968647368448,292.66374915712424,R,monocular,1,1
PV_62,038,PV_62_block_038,PV_62_038_755118_R,755118.0,755168.95,2.814228869630877,347.42685809397005,R,monocular,1,1
PV_62,038,PV_62_block_038,PV_62_038_755186_R,755185.95,755202.95,0.7108151465259488,358.16739640697637,R,monocular,1,1
PV_62,038,PV_62_block_038,PV_62_038_764358_R,764357.85,764493.75,15.838895539760921,228.99750543505436,R,monocular,1,1
PV_62,038,PV_62_block_038,PV_62_038_764528_R,764527.75,764544.7,0.547643863504983,241.72908610515822,R,monocular,1,1
PV_62,038,PV_62_block_038,PV_62_038_765598_R,765597.9,765631.85,1.3745338917546694,266.09940971389744,R,monocular,1,1
PV_62,038,PV_62_block_038,PV_62_038_801298_R,801298.1,801332.05,2.3934078707893978,154.74164754756276,R,monocular,1,1
PV_62,038,PV_62_block_038,PV_62_038_808858_R,808858.4,808875.4,0.7388605679095005,206.4315787383747,R,monocular,1,1
PV_62,038,PV_62_block_038,PV_62_038_811203_R,811202.7,811236.7,1.7232360132981348,121.08677162380033,R,monocular,1,1
PV_62,038,PV_62_block_038,PV_62_038_811254_R,811253.7,811270.7,0.5615967070353134,152.9043589807874,R,monocular,1,1
PV_62,038,PV_62_block_038,PV_62_038_824249_R,824249.45,824266.45,0.7158617588269688,357.37330664611005,R,monocular,1,1
PV_62,038,PV_62_block_038,PV_62_038_832878_R,832878.25,832895.25,1.1416681735954093,160.74374187462894,R,monocular,1,1
PV_62,038,PV_62_block_038,PV_62_038_835460_R,835460.3,835477.3,0.5647578551807049,82.6641008672832,R,monocular,1,1
PV_62,038,PV_62_block_038,PV_62_038_842866_R,842865.5,842899.45,1.5351208865508503,352.0808472875783,R,monocular,1,1
PV_62,038,PV_62_block_038,PV_62_038_843069_R,843069.35,843120.25,2.301935285296847,352.7565240823289,R,monocular,1,1
PV_62,038,PV_62_block_038,PV_62_038_848997_R,848997.2,849014.15,0.7392456072684213,299.041753289967,R,monocular,1,1
PV_62,038,PV_62_block_038,PV_62_038_855451_R,855450.75,855484.7,,,R,monocular,1,1
PV_62,038,PV_62_block_038,PV_62_038_855587_R,855586.55,855637.55,2.384131077871002,90.46539717301728,R,monocular,1,1
PV_62,038,PV_62_block_038,PV_62_038_855672_R,855671.5,855688.45,0.7712454446052818,4.613602138254749,R,monocular,1,1
PV_62,038,PV_62_block_038,PV_62_038_858168_R,858168.45,858219.4,1.4902742944359273,312.1837713888819,R,monocular,1,1
PV_62,038,PV_62_block_038,PV_62_038_862941_R,862941.3,862958.3,0.6555017676191432,320.94473865458764,R,monocular,1,1
PV_62,038,PV_62_block_038,PV_62_038_864232_R,864232.15,864283.15,4.741253871186975,241.8599609763966,R,monocular,1,1
PV_62,038,PV_62_block_038,PV_62_038_864300_R,864300.1,864368.1,7.530543511567269,247.9159569849376,R,monocular,1,1
PV_62,038,PV_62_block_038,PV_62_038_867153_R,867153.45,867221.4,5.636013595833542,197.94238028041545,R,monocular,1,1
PV_62,038,PV_62_block_038,PV_62_038_875494_R,875494.1,875545.05,4.537257032264351,46.454149912789575,R,monocular,1,1
PV_62,038,PV_62_block_038,PV_62_038_875902_R,875901.85,875935.8,1.4218637684803073,194.86260535993765,R,monocular,1,1
PV_62,038,PV_62_block_038,PV_62_038_875953_R,875952.8,876003.75,2.7362873190717973,269.13782065221426,R,monocular,1,1
PV_62,038,PV_62_block_038,PV_62_038_876530_R,876530.35,876547.35,0.7445406983899978,243.12936285870606,R,monocular,1,1
PV_62,038,PV_62_block_038,PV_62_038_883919_R,883919.3,883936.3,0.7534057350916871,84.44152260697552,R,monocular,1,1
PV_62,038,PV_62_block_038,PV_62_038_909857_R,909857.0,909890.95,2.501489915010763,10.55324945655744,R,monocular,1,1
PV_62,038,PV_62_block_038,PV_62_038_912812_R,912812.45,912863.45,2.3865059390098735,124.73030528919735,R,monocular,1,1
PV_62,038,PV_62_block_038,PV_62_038_925144_R,925143.5,925160.5,3.370653919774473,136.68529162764068,R,monocular,1,1
PV_62,038,PV_62_block_038,PV_62_038_937511_R,937510.65,937578.6,8.5668324897368,62.05091299058972,R,monocular,1,1
PV_62,038,PV_62_block_038,PV_62_038_939464_R,939464.05,939481.05,0.7456828021102484,90.30075814730621,R,monocular,1,1
PV_62,038,PV_62_block_038,PV_62_038_943099_R,943099.1,943133.05,1.9658652986221818,74.89850836324,R,monocular,1,1
PV_62,038,PV_62_block_038,PV_62_038_944814_R,944814.25,944865.2,2.775045100223824,155.3621977281736,R,monocular,1,1
PV_62,038,PV_62_block_038,PV_62_038_948347_R,948346.7,948431.6,12.028444169050363,144.0480624568094,R,monocular,1,1
PV_62,038,PV_62_block_038,PV_62_038_948635_R,948635.45,948703.4,3.751052656633467,337.8951341842351,R,monocular,1,1
PV_62,038,PV_62_block_038,PV_62_038_949740_R,949739.5,949756.45,0.5688588062888599,311.58111537390914,R,monocular,1,1
PV_62,038,PV_62_block_038,PV_62_038_951659_R,951658.8,951692.75,1.7523802794901235,329.0000995506404,R,monocular,1,1
PV_62,038,PV_62_block_038,PV_62_038_951710_R,951709.75,951726.7,0.654328205449439,324.67022074248507,R,monocular,1,1
PV_62,038,PV_62_block_038,PV_62_038_952848_R,952847.75,952881.7,1.8138740822341008,295.2439121348217,R,monocular,1,1
PV_62,038,PV_62_block_038,PV_62_038_955107_R,955106.9,955208.8,5.616257159309151,209.66530955375396,R,monocular,1,1
PV_62,038,PV_62_block_038,PV_62_038_955532_R,955531.55,955582.5,2.340675936678735,341.64627704551236,R,monocular,1,1
PV_62,038,PV_62_block_038,PV_62_038_957009_R,957009.2,957026.2,0.7236669392788794,287.72432151375773,R,monocular,1,1
PV_62,038,PV_62_block_038,PV_62_038_965500_R,965499.95,965567.9,6.224138046376904,70.72055094215413,R,monocular,1,1
PV_62,038,PV_62_block_038,PV_62_038_965602_R,965601.85,965635.8,1.522407317833188,16.120244990788805,R,monocular,1,1
PV_62,038,PV_62_block_038,PV_62_038_1017913_R,1017912.9,1017929.9,0.6444978134695338,268.5092698745832,R,monocular,1,1
PV_62,038,PV_62_block_038,PV_62_038_1030058_R,1030058.15,1030092.1,1.6176740898576827,321.9150485856967,R,monocular,1,1
PV_62,038,PV_62_block_038,PV_62_038_1031553_R,1031552.75,1031603.7,4.891279470882137,141.74270427774502,R,monocular,1,1
PV_62,038,PV_62_block_038,PV_62_038_1037124_R,1037124.05,1037158.05,1.4987125654553999,320.27686704741905,R,monocular,1,1
PV_62,038,PV_62_block_038,PV_62_038_1038007_R,1038007.25,1038024.2,0.6950038169145774,267.66335057449595,R,monocular,1,1
PV_62,038,PV_62_block_038,PV_62_038_1041557_R,1041557.05,1041591.05,1.0626055402585413,285.6706521631004,R,monocular,1,1
PV_62,038,PV_62_block_038,PV_62_038_1044461_R,1044460.9,1044494.85,1.05221274039005,174.46269446381928,R,monocular,1,1
PV_62,038,PV_62_block_038,PV_62_038_1044529_R,1044528.8,1044545.8,0.5383000692013182,333.8057694266284,R,monocular,1,1
PV_62,038,PV_62_block_038,PV_62_038_1055858_R,1055857.5,1055891.45,1.8030039116442165,97.73897511354504,R,monocular,1,1
PV_62,038,PV_62_block_038,PV_62_038_1056010_R,1056010.3,1056027.3,0.7280290718259093,66.19902080215127,R,monocular,1,1
PV_62,038,PV_62_block_038,PV_62_038_1061207_R,1061207.35,1061258.3,3.835068079450052,133.7432451526854,R,monocular,1,1
PV_62,038,PV_62_block_038,PV_62_038_1066711_R,1066710.6,1066761.55,5.070496696544133,239.21251264268625,R,monocular,1,1
PV_62,038,PV_62_block_038,PV_62_038_1066812_R,1066812.5,1066846.5,1.5062204836336983,76.31567386797329,R,monocular,1,1
PV_62,038,PV_62_block_038,PV_62_038_1073912_R,1073912.05,1073929.0,0.552859603284909,15.644664330739474,R,monocular,1,1
PV_62,038,PV_62_block_038,PV_62_038_1073963_R,1073963.0,1074013.95,2.3721120383194685,86.38187621543011,R,monocular,1,1
PV_62,038,PV_62_block_038,PV_62_038_1074659_R,1074659.3,1074676.3,0.7737400197246307,165.686636480646,R,monocular,1,1
PV_62,038,PV_62_block_038,PV_62_038_1075067_R,1075066.95,1075083.95,0.8724609455792766,77.85694784790272,R,monocular,1,1
PV_62,038,PV_62_block_038,PV_62_038_1086888_R,1086887.5,1086938.45,2.464735374880657,117.98897706540303,R,monocular,1,1
PV_62,038,PV_62_block_038,PV_62_038_1093205_R,1093204.75,1093238.7,,,R,monocular,1,1
PV_62,038,PV_62_block_038,PV_62_038_1104261_R,1104260.7,1104328.6,4.7340325509449475,142.66268742955435,R,monocular,1,1
PV_62,038,PV_62_block_038,PV_62_038_1107776_R,1107775.95,1107809.95,2.6221559230996316,216.4754283475845,R,monocular,1,1
PV_62,038,PV_62_block_038,PV_62_038_1111377_R,1111376.7,1111427.65,4.058809360872311,70.37789671863707,R,monocular,1,1
PV_62,038,PV_62_block_038,PV_62_038_1155776_R,1155776.4,1155793.4,0.7655748447035083,330.19088761638716,R,monocular,1,1
PV_62,038,PV_62_block_038,PV_62_038_1155844_R,1155844.35,1155912.3,4.059509213958762,235.1071111120974,R,monocular,1,1
PV_62,038,PV_62_block_038,PV_62_038_1156099_R,1156099.1,1156133.05,1.887941003777277,82.69270125964641,R,monocular,1,1
PV_62,038,PV_62_block_038,PV_62_038_1156150_R,1156150.0,1156234.95,4.675848524019802,67.112243068218,R,monocular,1,1
PV_62,038,PV_62_block_038,PV_62_038_1157067_R,1157067.15,1157118.1,4.676392185268281,131.15072081238463,R,monocular,1,1
PV_62,038,PV_62_block_038,PV_62_038_1158732_R,1158731.75,1158748.75,0.6494616851564472,87.51503549398313,R,monocular,1,1
PV_62,038,PV_62_block_038,PV_62_038_1159683_R,1159682.95,1159733.85,,,R,monocular,1,1
PV_62,038,PV_62_block_038,PV_62_038_1159921_R,1159920.7,1159954.7,1.718356336359558,7.094334954856709,R,monocular,1,1
PV_62,038,PV_62_block_038,PV_62_038_1161347_R,1161347.45,1161398.4,5.716774889125433,96.15515572981577,R,monocular,1,1
PV_62,038,PV_62_block_038,PV_62_038_1168753_R,1168753.3,1168770.35,0.5323868565575418,302.4359637503389,R,monocular,1,1
PV_62,038,PV_62_block_038,PV_62_038_1168787_R,1168787.3,1168804.3,0.7288120387497081,336.1641146753068,R,monocular,1,1
PV_62,038,PV_62_block_038,PV_62_038_1170011_R,1170010.55,1170061.5,8.146749423804188,123.73297929606238,R,monocular,1,1
PV_62,038,PV_62_block_038,PV_62_038_1175039_R,1175039.3,1175107.25,7.929909358003735,195.51136799658258,R,monocular,1,1
PV_62,038,PV_62_block_038,PV_62_038_1193248_R,1193248.5,1193282.5,1.648550306800046,108.0068556922404,R,monocular,1,1
PV_62,038,PV_62_block_038,PV_62_038_1198770_R,1198769.9,1198820.85,4.065852745837611,121.94028449437768,R,monocular,1,1
PV_62,038,PV_62_block_038,PV_62_038_1201607_R,1201606.65,1201640.6,1.7740975561884353,92.22819927392432,R,monocular,1,1
PV_62,038,PV_62_block_038,PV_62_038_1201726_R,1201725.55,1201742.55,1.0194029481615408,89.90377683275935,R,monocular,1,1
PV_62,038,PV_62_block_038,PV_62_038_1205751_R,1205751.05,1205768.0,0.7516867995813327,278.75948891995574,R,monocular,1,1
PV_62,038,PV_62_block_038,PV_62_038_1223177_R,1223177.05,1223194.05,0.7303356126326098,249.61734053430501,R,monocular,1,1
PV_62,038,PV_62_block_038,PV_62_038_1224077_R,1224077.2,1224145.15,9.581605508550926,311.3321789576913,R,monocular,1,1
PV_62,038,PV_62_block_038,PV_62_038_1225504_R,1225503.9,1225571.85,11.87999867511093,350.59967285747683,R,monocular,1,1
PV_62,038,PV_62_block_038,PV_62_038_1226081_R,1226081.45,1226115.45,2.854650032280371,356.69540011430735,R,monocular,1,1
PV_62,038,PV_62_block_038,PV_62_038_1227356_R,1227355.65,1227372.65,4.171029129767483,126.42284382890882,R,monocular,1,1
PV_62,038,PV_62_block_038,PV_62_038_1229173_R,1229173.15,1229207.15,2.2191932427893564,64.54444805659206,R,monocular,1,1
PV_62,038,PV_62_block_038,PV_62_038_1233438_R,1233437.6,1233454.55,1.0658657221324772,192.0536039665826,R,monocular,1,1
PV_62,038,PV_62_block_038,PV_62_038_1233658_R,1233658.5,1233692.5,2.026400255302486,25.9564559320658,R,monocular,1,1
PV_62,038,PV_62_block_038,PV_62_038_1235171_R,1235170.8,1235221.8,6.089988238233194,88.2803359619666,R,monocular,1,1
PV_62,038,PV_62_block_038,PV_62_038_1240828_R,1240828.35,1240845.35,0.6228226244200826,119.757875512818,R,monocular,1,1
PV_62,038,PV_62_block_038,PV_62_038_1245127_R,1245127.1,1245195.05,8.73575987844795,257.50160425642,R,monocular,1,1
PV_62,038,PV_62_block_038,PV_62_038_1252313_R,1252313.15,1252347.15,,,R,monocular,1,1
PV_62,038,PV_62_block_038,PV_62_038_1252466_R,1252466.0,1252533.95,5.49286868887659,272.28790234322264,R,monocular,1,1
PV_62,038,PV_62_block_038,PV_62_038_1257715_R,1257715.0,1257749.0,1.530306625040849,337.7042301858113,R,monocular,1,1
PV_62,038,PV_62_block_038,PV_62_038_1257987_R,1257986.85,1258003.85,0.5771669928871197,327.4286836403381,R,monocular,1,1
PV_62,038,PV_62_block_038,PV_62_038_1258225_R,1258224.65,1258241.65,0.7811998231635746,322.2030568176209,R,monocular,1,1
PV_62,038,PV_62_block_038,PV_62_038_1259295_R,1259294.9,1259328.85,1.56779530714191,298.50783650482515,R,monocular,1,1
PV_62,038,PV_62_block_038,PV_62_038_1259686_R,1259685.6,1259702.6,0.6353391735295558,294.24187193676875,R,monocular,1,1
PV_62,038,PV_62_block_038,PV_62_038_1275992_R,1275991.95,1276025.9,2.6097187141813825,139.52176268193648,R,monocular,1,1
PV_62,038,PV_62_block_038,PV_62_038_1278897_R,1278896.9,1278947.85,2.7056909169700063,290.655454354549,R,monocular,1,1
PV_62,038,PV_62_block_038,PV_62_038_1282362_R,1282362.4,1282413.35,3.753422622681926,331.5028112604587,R,monocular,1,1
PV_62,038,PV_62_block_038,PV_62_038_1282753_R,1282753.05,1282770.0,0.7906969747386123,270.27928188690413,R,monocular,1,1
PV_62,038,PV_62_block_038,PV_62_038_1283161_R,1283160.7,1283211.65,2.3446442654841597,11.076118125973686,R,monocular,1,1
PV_62,038,PV_62_block_038,PV_62_038_1284010_R,1284010.0,1284061.0,2.2507647396709585,177.63131210046168,R,monocular,1,1
PV_62,038,PV_62_block_038,PV_62_038_1325252_R,1325252.1,1325269.05,0.6644004664373693,74.26872509016076,R,monocular,1,1
PV_62,038,PV_62_block_038,PV_62_038_1325303_R,1325303.05,1325320.0,0.6332727996669402,279.0571848025239,R,monocular,1,1
PV_62,038,PV_62_block_038,PV_62_038_1325388_R,1325387.95,1325404.95,0.7221205832313157,329.94840348339665,R,monocular,1,1
PV_62,038,PV_62_block_038,PV_62_038_1330433_R,1330433.45,1330501.45,4.679561943324642,264.42235899717247,R,monocular,1,1
PV_62,038,PV_62_block_038,PV_62_038_1335768_R,1335768.35,1335836.25,13.539992893412096,82.87202062625668,R,monocular,1,1
PV_62,038,PV_62_block_038,PV_62_038_1336465_R,1336464.7,1336532.65,5.742156664433587,50.59112263857692,R,monocular,1,1
PV_62,038,PV_62_block_038,PV_62_038_1337756_R,1337755.65,1337806.6,3.185951854423544,6.604348123085783,R,monocular,1,1
PV_62,038,PV_62_block_038,PV_62_038_1350174_R,1350173.65,1350258.6,13.412173901267527,33.37099774194106,R,monocular,1,1
PV_62,038,PV_62_block_038,PV_62_038_1355355_R,1355355.05,1355457.0,20.685222672014817,20.906327284402433,R,monocular,1,1
PV_62,038,PV_62_block_038,PV_62_038_1360536_R,1360536.2,1360604.15,9.110683576282051,70.0762636876811,R,monocular,1,1
PV_62,038,PV_62_block_038,PV_62_038_1371188_R,1371187.5,1371204.5,0.7241582440038524,152.3502895325648,R,monocular,1,1
PV_62,038,PV_62_block_038,PV_62_038_1376709_R,1376708.6,1376759.55,3.1377026436920312,276.4577112517406,R,monocular,1,1
PV_62,038,PV_62_block_038,PV_62_038_1387972_R,1387972.2,1387989.2,0.503854127283539,329.90797094237695,R,monocular,1,1
PV_62,038,PV_62_block_038,PV_62_038_1388074_R,1388074.15,1388091.15,0.5475620268404638,335.944494259636,R,monocular,1,1
PV_62,038,PV_62_block_038,PV_62_038_1388278_R,1388278.1,1388329.05,8.955965148272044,161.44916592795693,R,monocular,1,1
PV_62,038,PV_62_block_038,PV_62_038_1392339_R,1392339.0,1392423.95,11.357483616628455,157.00217018540386,R,monocular,1,1
PV_62,038,PV_62_block_038,PV_62_038_1393596_R,1393596.2,1393715.15,11.659075794118092,174.1094657195555,R,monocular,1,1
PV_62,038,PV_62_block_038,PV_62_038_1393749_R,1393749.15,1393766.15,0.6355738769549799,306.6859220490057,R,monocular,1,1
PV_62,038,PV_62_block_038,PV_62_038_1394786_R,1394785.5,1394802.5,0.510978440257088,20.745614806150666,R,monocular,1,1
PV_62,038,PV_62_block_038,PV_62_038_1395907_R,1395906.9,1395923.85,0.7625035089046142,306.14854531217105,R,monocular,1,1
PV_62,038,PV_62_block_038,PV_62_038_1399101_R,1399101.0,1399134.95,1.2397070438540776,225.63237992210418,R,monocular,1,1
PV_62,038,PV_62_block_038,PV_62_038_1401140_R,1401139.95,1401224.95,11.216335507930488,255.6952419185768,R,monocular,1,1
PV_62,038,PV_62_block_038,PV_62_038_1402160_R,1402159.6,1402244.55,10.753993042796642,67.27531416834846,R,monocular,1,1
PV_62,038,PV_62_block_038,PV_62_038_1403434_R,1403434.2,1403468.2,3.6714657403074122,334.4358117804641,R,monocular,1,1
PV_62,038,PV_62_block_038,PV_62_038_1403893_R,1403893.0,1403960.95,12.142585045509136,305.24008625335426,R,monocular,1,1
PV_62,038,PV_62_block_038,PV_62_038_1403978_R,1403977.95,1403994.95,0.568272639143344,155.5789779797768,R,monocular,1,1
PV_62,038,PV_62_block_038,PV_62_038_1404607_R,1404606.65,1404657.65,6.377286899286058,16.052247040974013,R,monocular,1,1
PV_62,038,PV_62_block_038,PV_62_038_1404878_R,1404878.5,1404912.5,1.671732651228392,79.31176266068488,R,monocular,1,1
PV_62,038,PV_62_block_038,PV_62_038_1405932_R,1405932.1,1405949.1,0.7322054550201409,214.92361153306808,R,monocular,1,1
PV_62,038,PV_62_block_038,PV_62_038_1409687_R,1409687.25,1409738.25,3.829186156037453,233.89245921463845,R,monocular,1,1
PV_62,038,PV_62_block_038,PV_62_038_1411931_R,1411930.65,1411964.65,1.8495545058900358,196.27524264028202,R,monocular,1,1
PV_62,038,PV_62_block_038,PV_62_038_1421668_R,1421667.7,1421803.65,23.38402088171005,134.51379148019967,R,monocular,1,1
PV_62,038,PV_62_block_038,PV_62_038_1421906_R,1421905.6,1421939.6,1.6033489852762604,322.0982223033795,R,monocular,1,1
PV_62,038,PV_62_block_038,PV_62_038_1438965_R,1438965.25,1439050.2,14.529976602262177,326.21755699051783,R,monocular,1,1
PV_62,038,PV_62_block_038,PV_62_038_1439084_R,1439084.2,1439135.2,3.602931201185126,152.21800203472756,R,monocular,1,1
PV_62,038,PV_62_block_038,PV_62_038_1442397_R,1442397.1,1442414.1,0.6484877468615804,98.16273980061231,R,monocular,1,1
PV_62,038,PV_62_block_038,PV_62_038_1443060_R,1443059.65,1443093.6,7.201694708949175,339.19822330726834,R,monocular,1,1
PV_62,038,PV_62_block_038,PV_62_038_1443179_R,1443178.6,1443195.55,0.7877139858017593,157.0667764523656,R,monocular,1,1
PV_62,038,PV_62_block_038,PV_62_038_1443603_R,1443603.35,1443620.35,0.7782171502143896,171.12612726910413,R,monocular,1,1
PV_62,038,PV_62_block_038,PV_62_038_1443654_R,1443654.3,1443671.3,0.7259364859100094,152.93387331617453,R,monocular,1,1
PV_62,038,PV_62_block_038,PV_62_038_1443994_R,1443994.05,1444011.05,0.6152572378246132,175.35085602599182,R,monocular,1,1
PV_62,038,PV_62_block_038,PV_62_038_1444810_R,1444809.5,1444826.5,0.6288229769359492,57.26500106911579,R,monocular,1,1
PV_62,038,PV_62_block_038,PV_62_038_1446559_R,1446559.35,1446593.3,1.4397961451224186,113.06256929277974,R,monocular,1,1
PV_62,038,PV_62_block_038,PV_62_038_1449430_R,1449430.0,1449446.95,1.7689893894159987,149.72313268401427,R,monocular,1,1
PV_62,038,PV_62_block_038,PV_62_038_1449481_R,1449481.0,1449514.95,1.9196453811143863,167.01207205273477,R,monocular,1,1
PV_62,038,PV_62_block_038,PV_62_038_1449583_R,1449582.85,1449599.85,0.7732659019994995,335.65037573539587,R,monocular,1,1
PV_62,038,PV_62_block_038,PV_62_038_1449617_R,1449616.85,1449684.8,6.7454979558582915,281.3690751624448,R,monocular,1,1
PV_62,038,PV_62_block_038,PV_62_038_1450279_R,1450279.3,1450296.25,0.565751994170643,86.97312902576873,R,monocular,1,1
PV_62,038,PV_62_block_038,PV_62_038_1456003_R,1456003.15,1456054.1,4.0234163320741745,320.1749559478935,R,monocular,1,1
PV_62,038,PV_62_block_038,PV_62_038_1461082_R,1461082.2,1461099.2,0.6213548744511597,72.74567768975005,R,monocular,1,1
PV_62,038,PV_62_block_038,PV_62_038_1467946_R,1467945.95,1468013.95,5.439787454154967,267.1421110049681,R,monocular,1,1
PV_62,038,PV_62_block_038,PV_62_038_1470749_R,1470749.1,1470783.05,1.5231755650234151,276.3357581354811,R,monocular,1,1
PV_62,038,PV_62_block_038,PV_62_038_1472397_R,1472396.95,1472430.95,2.8427480807104173,258.03315932427654,R,monocular,1,1
PV_62,038,PV_62_block_038,PV_62_038_1473807_R,1473806.9,1473840.9,1.8022827873296854,114.79694326915063,R,monocular,1,1
PV_62,038,PV_62_block_038,PV_62_038_1474062_R,1474061.7,1474112.65,2.6425496311417525,355.7261179134201,R,monocular,1,1
PV_62,038,PV_62_block_038,PV_62_038_1474367_R,1474367.4,1474401.4,6.410114377947774,138.61052052055635,R,monocular,1,1
PV_62,038,PV_62_block_038,PV_62_038_1474826_R,1474826.05,1474894.0,5.471950458864424,120.20910737297427,R,monocular,1,1
PV_62,038,PV_62_block_038,PV_62_038_1474911_R,1474911.0,1474928.0,0.5400858052425421,356.344757062104,R,monocular,1,1
PV_62,038,PV_62_block_038,PV_62_038_1476406_R,1476405.7,1476456.65,3.289031876358654,4.03341159472077,R,monocular,1,1
PV_62,038,PV_62_block_038,PV_62_038_1477917_R,1477917.35,1477934.35,0.7511077056285889,328.532020121256,R,monocular,1,1
PV_62,038,PV_62_block_038,PV_62_038_1480839_R,1480838.8,1480889.8,4.038104918720693,184.04632087107217,R,monocular,1,1
PV_62,038,PV_62_block_038,PV_62_038_1483625_R,1483624.55,1483675.5,4.365025798347588,137.21180290410422,R,monocular,1,1
PV_62,038,PV_62_block_038,PV_62_038_1488517_R,1488517.05,1488551.0,1.4402446867446461,139.57175155179948,R,monocular,1,1
PV_62,038,PV_62_block_038,PV_62_038_1488619_R,1488618.95,1488635.95,0.7288742309269208,278.7081304391987,R,monocular,1,1
PV_62,038,PV_62_block_038,PV_62_038_1488653_R,1488652.95,1488669.95,0.7273719546011538,300.06283020634856,R,monocular,1,1
PV_62,038,PV_62_block_038,PV_62_038_1490658_R,1490657.6,1490725.55,14.630519112229091,126.89601840054316,R,monocular,1,1
PV_62,038,PV_62_block_038,PV_62_038_1498557_R,1498556.55,1498573.55,,,R,monocular,1,1
PV_62,038,PV_62_block_038,PV_62_038_1504315_R,1504314.9,1504399.85,12.587172258804554,326.77181514436484,R,monocular,1,1
PV_62,038,PV_62_block_038,PV_62_038_1506965_R,1506964.6,1507049.5,,,R,monocular,1,1
PV_62,038,PV_62_block_038,PV_62_038_1507593_R,1507593.05,1507644.0,4.0831895926978055,48.397184164589994,R,monocular,1,1
PV_62,038,PV_62_block_038,PV_62_038_1509054_R,1509053.9,1509104.85,7.114660275661652,330.35059502658515,R,monocular,1,1
PV_62,038,PV_62_block_038,PV_62_038_1519346_R,1519346.25,1519380.2,1.9362712122912864,356.9563537497108,R,monocular,1,1
PV_62,038,PV_62_block_038,PV_62_038_1519720_R,1519719.85,1519753.85,4.580543256093324,139.9042651582718,R,monocular,1,1
PV_62,038,PV_62_block_038,PV_62_038_1523099_R,1523099.4,1523167.35,7.9445002209288536,315.9704711983211,R,monocular,1,1
PV_62,038,PV_62_block_038,PV_62_038_1526105_R,1526105.35,1526139.35,2.7762517114972587,89.0426826166011,R,monocular,1,1
PV_62,038,PV_62_block_038,PV_62_038_1528109_R,1528109.25,1528126.2,0.7118701312820693,217.656292962216,R,monocular,1,1
PV_62,038,PV_62_block_038,PV_62_038_1528415_R,1528414.95,1528431.95,4.683019019371389,103.30270252348713,R,monocular,1,1
PV_62,038,PV_62_block_038,PV_62_038_1528483_R,1528482.9,1528499.9,0.5567917595509166,271.4450008694678,R,monocular,1,1
PV_62,038,PV_62_block_038,PV_62_038_1528942_R,1528941.5,1528975.45,1.0370793935446416,111.20939222336156,R,monocular,1,1
PV_62,038,PV_62_block_038,PV_62_038_1530929_R,1530928.7,1530996.7,6.407499745151793,70.96747909932485,R,monocular,1,1
PV_62,038,PV_62_block_038,PV_62_038_1531710_R,1531710.15,1531744.1,,,R,monocular,1,1
PV_62,038,PV_62_block_038,PV_62_038_1531914_R,1531913.9,1531930.9,0.5659596048206009,287.0998041564512,R,monocular,1,1
PV_62,038,PV_62_block_038,PV_62_038_1534071_R,1534070.85,1534121.8,4.282058260767146,119.25798105766903,R,monocular,1,1
PV_62,038,PV_62_block_038,PV_62_038_1535651_R,1535650.6,1535786.5,10.016651515999893,89.27887093192716,R,monocular,1,1
PV_62,038,PV_62_block_038,PV_62_038_1535804_R,1535803.5,1535820.45,2.7080672113066258,48.25667696703477,R,monocular,1,1
PV_62,038,PV_62_block_038,PV_62_038_1535888_R,1535888.4,1535905.4,0.5719275994618812,341.6050763927818,R,monocular,1,1
PV_62,038,PV_62_block_038,PV_62_038_1536840_R,1536839.5,1536958.35,18.566000167951376,207.47489454928058,R,monocular,1,1
PV_62,038,PV_62_block_038,PV_62_038_1536975_R,1536975.3,1537043.25,5.74679601100151,337.1835162150679,R,monocular,1,1
PV_62,038,PV_62_block_038,PV_62_038_1538861_R,1538860.6,1538894.55,1.1294172459515746,171.01409468007887,R,monocular,1,1
PV_62,038,PV_62_block_038,PV_62_038_1543243_R,1543243.25,1543328.2,,,R,monocular,1,1
PV_62,038,PV_62_block_038,PV_62_038_1544160_R,1544160.5,1544194.5,1.1698834792561015,306.76729205837415,R,monocular,1,1
PV_62,038,PV_62_block_038,PV_62_038_1544262_R,1544262.45,1544279.45,0.8681629004914655,78.07660187467508,R,monocular,1,1
PV_62,038,PV_62_block_038,PV_62_038_1544313_R,1544313.4,1544330.35,0.9871349918511916,305.00177434141386,R,monocular,1,1
PV_62,038,PV_62_block_038,PV_62_038_1544330_R,1544330.35,1544347.35,1.0780690168870524,127.11153526036465,R,monocular,1,1
PV_62,038,PV_62_block_038,PV_62_038_1544347_R,1544347.35,1544381.3,1.7111478317224078,275.67626085361064,R,monocular,1,1
PV_62,038,PV_62_block_038,PV_62_038_1544381_R,1544381.3,1544398.3,0.7869271051728087,82.30711090476038,R,monocular,1,1
PV_62,038,PV_62_block_038,PV_62_038_1544415_R,1544415.3,1544432.3,0.557913829418595,75.66234311095769,R,monocular,1,1
PV_62,038,PV_62_block_038,PV_62_038_1553688_R,1553687.6,1553704.6,0.5425344971580033,21.989855079697293,R,monocular,1,1
PV_62,038,PV_62_block_038,PV_62_038_1554112_R,1554112.2,1554146.2,1.2040949495964108,62.47719874389974,R,monocular,1,1
PV_62,038,PV_62_block_038,PV_62_038_1554554_R,1554553.85,1554570.85,0.502717131089743,326.39685123443155,R,monocular,1,1
PV_62,038,PV_62_block_038,PV_62_038_1556609_R,1556608.85,1556625.85,0.5952623883274456,264.7934372583236,R,monocular,1,1
PV_62,038,PV_62_block_038,PV_62_038_1556643_R,1556642.85,1556659.8,,,R,monocular,1,1
PV_62,038,PV_62_block_038,PV_62_038_1556711_R,1556710.75,1556744.75,2.494844095472392,4.387837188621006,R,monocular,1,1
PV_62,038,PV_62_block_038,PV_62_038_1556915_R,1556914.55,1556982.5,10.53149990898539,84.37434210907486,R,monocular,1,1
PV_62,038,PV_62_block_038,PV_62_038_1557118_R,1557118.4,1557152.4,2.302892312861601,253.83187344079096,R,monocular,1,1
PV_62,038,PV_62_block_038,PV_62_038_1557305_R,1557305.2,1557339.2,1.485626674889559,91.64740764715955,R,monocular,1,1
PV_62,038,PV_62_block_038,PV_62_038_1558545_R,1558545.0,1558562.0,0.5764660181466148,186.67579865254558,R,monocular,1,1
PV_62,038,PV_62_block_038,PV_62_038_1558596_R,1558595.95,1558612.95,0.6231698519122205,273.04291155489295,R,monocular,1,1
PV_62,038,PV_62_block_038,PV_62_038_1559564_R,1559564.05,1559581.05,0.6236237660334565,130.65287992999635,R,monocular,1,1
PV_62,038,PV_62_block_038,PV_62_038_1562604_R,1562604.5,1562706.4,18.054061026947757,262.68503929252483,R,monocular,1,1
PV_62,038,PV_62_block_038,PV_62_038_1570280_R,1570280.0,1570313.95,,,R,monocular,1,1
PV_62,038,PV_62_block_038,PV_62_038_1575222_R,1575222.2,1575239.2,0.7230811247452703,105.74184807607465,R,monocular,1,1
PV_62,038,PV_62_block_038,PV_62_038_1575256_R,1575256.15,1575290.1,1.733774405104917,134.88749707256125,R,monocular,1,1
PV_62,038,PV_62_block_038,PV_62_038_1594177_R,1594177.1,1594228.05,2.441351084411979,168.91959273133975,R,monocular,1,1
PV_62,038,PV_62_block_038,PV_62_038_1597065_R,1597064.55,1597132.5,5.095244222577094,313.23040947694125,R,monocular,1,1
PV_62,038,PV_62_block_038,PV_62_038_1598389_R,1598389.4,1598440.4,1.774137470703739,86.27578440847998,R,monocular,1,1
PV_62,038,PV_62_block_038,PV_62_038_1598712_R,1598712.15,1598729.1,0.552934444054077,171.32681976243055,R,monocular,1,1
PV_62,038,PV_62_block_038,PV_62_038_1604367_R,1604367.25,1604384.25,0.5178057815951429,65.17384909348199,R,monocular,1,1
PV_62,038,PV_62_block_038,PV_62_038_1619483_R,1619483.35,1619517.3,1.9135220697725508,359.67100487027295,R,monocular,1,1
PV_62,038,PV_62_block_038,PV_62_038_1621997_R,1621997.15,1622065.1,8.077858900904547,308.84104527430844,R,monocular,1,1
PV_62,038,PV_62_block_038,PV_62_038_1622099_R,1622099.1,1622133.05,1.8272123268597014,224.3010329704563,R,monocular,1,1
PV_62,038,PV_62_block_038,PV_62_038_1622150_R,1622150.05,1622167.0,0.5417631541258456,195.8836547828876,R,monocular,1,1
PV_62,038,PV_62_block_038,PV_62_038_1624256_R,1624256.2,1624307.15,3.870657580407629,342.77850637541195,R,monocular,1,1
PV_62,038,PV_62_block_038,PV_62_038_1624358_R,1624358.1,1624375.1,0.6748743281225034,324.0814294773006,R,monocular,1,1
PV_62,038,PV_62_block_038,PV_62_038_1624800_R,1624799.75,1624850.7,8.05686434679496,46.727062452201324,R,monocular,1,1
PV_62,038,PV_62_block_038,PV_62_038_1625921_R,1625920.9,1625971.85,7.238003080637999,117.77778464454569,R,monocular,1,1
PV_62,038,PV_62_block_038,PV_62_038_1628146_R,1628146.3,1628265.15,22.942853392348926,97.18276299817602,R,monocular,1,1
PV_62,038,PV_62_block_038,PV_62_038_1632393_R,1632392.55,1632409.5,3.7798066682926077,206.3223054955256,R,monocular,1,1
PV_62,038,PV_62_block_038,PV_62_038_1632444_R,1632443.5,1632630.3,15.833251751059908,181.62387459353477,R,monocular,1,1
PV_62,038,PV_62_block_038,PV_62_038_1632851_R,1632851.15,1632936.05,7.075391239503524,352.55974949435074,R,monocular,1,1
PV_62,038,PV_62_block_038,PV_62_038_1641242_R,1641242.05,1641310.05,7.834855399838145,110.9846764701609,R,monocular,1,1
PV_62,038,PV_62_block_038,PV_62_038_1641378_R,1641378.0,1641411.95,1.9109596119443981,291.78069021468554,R,monocular,1,1
PV_62,038,PV_62_block_038,PV_62_038_1641429_R,1641428.95,1641462.95,1.6550506425390517,309.69430363305196,R,monocular,1,1
PV_62,038,PV_62_block_038,PV_62_038_1644623_R,1644622.55,1644656.55,2.0441537825926863,114.52334584390833,R,monocular,1,1
PV_62,038,PV_62_block_038,PV_62_038_1647459_R,1647459.35,1647510.35,4.806478212042995,169.34715025322507,R,monocular,1,1
PV_62,038,PV_62_block_038,PV_62_038_1647527_R,1647527.3,1647561.3,1.2806914384592116,206.05122185792519,R,monocular,1,1
PV_62,038,PV_62_block_038,PV_62_038_1647595_R,1647595.3,1647629.25,2.4199009723218357,244.6307590240326,R,monocular,1,1
PV_62,038,PV_62_block_038,PV_62_038_1653846_R,1653846.2,1653914.1,4.972929855085862,82.58841483809178,R,monocular,1,1
PV_62,038,PV_62_block_038,PV_62_038_1654033_R,1654033.0,1654050.0,0.5101070485404671,53.34052608800727,R,monocular,1,1
PV_62,038,PV_62_block_038,PV_62_038_1681835_R,1681835.15,1681886.1,6.548847692114858,288.56919875166966,R,monocular,1,1
PV_62,038,PV_62_block_038,PV_62_038_1689240_R,1689239.6,1689256.6,0.6348343043724948,82.61411697404938,R,monocular,1,1
PV_62,038,PV_62_block_038,PV_62_038_1689274_R,1689273.55,1689375.5,,,R,monocular,1,1
PV_62,038,PV_62_block_038,PV_62_038_1689579_R,1689579.3,1689596.3,0.5750221882643033,100.47678242402328,R,monocular,1,1
PV_62,038,PV_62_block_038,PV_62_038_1693774_R,1693774.45,1693808.45,0.9696207266461053,200.46160263737838,R,monocular,1,1
PV_62,038,PV_62_block_038,PV_62_038_1693842_R,1693842.4,1693876.35,9.488355413097754,91.07388917329428,R,monocular,1,1
PV_62,038,PV_62_block_038,PV_62_038_1694488_R,1694487.85,1694504.85,0.7676998066182118,124.09474270166793,R,monocular,1,1
PV_62,038,PV_62_block_038,PV_62_038_1708466_R,1708465.95,1708482.95,0.5542778906404324,252.40472877399702,R,monocular,1,1
PV_62,038,PV_62_block_038,PV_62_038_1708517_R,1708516.9,1708533.9,0.7088929455654707,281.10640395872156,R,monocular,1,1
PV_62,038,PV_62_block_038,PV_62_038_1710759_R,1710758.85,1710775.8,0.5515720788773802,166.5246664178533,R,monocular,1,1
PV_62,038,PV_62_block_038,PV_62_038_1753940_R,1753940.1,1753974.05,26.951907286386867,180.43802739480273,R,monocular,1,1
PV_62,038,PV_62_block_038,PV_62_038_1754959_R,1754959.25,1754976.25,27.89101371413412,180.0115255745639,R,monocular,1,1
PV_62,038,PV_62_block_038,PV_62_038_1755044_R,1755044.2,1755061.2,1.3840044193675314,285.4226392070441,R,monocular,1,1
PV_62,038,PV_62_block_038,PV_62_038_1756607_R,1756606.9,1756640.9,28.3035353225819,359.87086834586387,R,monocular,1,1
PV_62,038,PV_62_block_038,PV_62_038_1757592_R,1757592.25,1757626.25,2.848739424927825,277.5309134724611,R,monocular,1,1
PV_62,038,PV_62_block_038,PV_62_038_1757643_R,1757643.2,1757677.2,,,R,monocular,1,1
PV_62,038,PV_62_block_038,PV_62_038_1758747_R,1758747.45,1758764.45,0.8352636331211931,269.87823245731266,R,monocular,1,1
PV_62,038,PV_62_block_038,PV_62_038_1767276_R,1767275.5,1767309.5,1.3651868795046704,182.35807761768282,R,monocular,1,1
PV_62,038,PV_62_block_038,PV_62_038_1767344_R,1767343.5,1767377.45,1.019132779668174,149.62554219857077,R,monocular,1,1
PV_62,038,PV_62_block_038,PV_62_038_1772049_R,1772049.15,1772083.15,1.6852061670309815,91.4766254964916,R,monocular,1,1
PV_62,038,PV_62_block_038,PV_62_038_1772236_R,1772236.05,1772253.0,0.5334374981664761,267.71368824322934,R,monocular,1,1
PV_62,038,PV_62_block_038,PV_62_038_1784313_R,1784313.05,1784347.05,3.003121427334705,89.8196526557412,R,monocular,1,1
PV_62,038,PV_62_block_038,PV_62_038_1784415_R,1784415.0,1784431.95,,,R,monocular,1,1
PV_62,038,PV_62_block_038,PV_62_038_1784466_R,1784465.9,1784482.9,0.8622302260094825,90.78150591986369,R,monocular,1,1
PV_62,038,PV_62_block_038,PV_62_038_1800838_R,1800838.4,1800872.35,2.627562158547422,272.2503905773899,R,monocular,1,1
PV_62,038,PV_62_block_038,PV_62_038_1816601_R,1816601.3,1816652.25,2.658415485479531,261.97132594605586,R,monocular,1,1
PV_62,038,PV_62_block_038,PV_62_038_1822309_R,1822308.65,1822325.65,0.5840438840709127,91.10100120379268,R,monocular,1,1
PV_62,038,PV_62_block_038,PV_62_038_1822818_R,1822818.3,1822852.3,1.7512130153665653,90.14035260133224,R,monocular,1,1
PV_62,038,PV_62_block_038,PV_62_038_1824823_R,1824822.75,1824839.7,0.5514824263482453,269.4297910932431,R,monocular,1,1
PV_62,038,PV_62_block_038,PV_62_038_1828644_R,1828644.5,1828661.5,0.569439759447833,88.7957137204478,R,monocular,1,1
PV_62,038,PV_62_block_038,PV_62_038_1830682_R,1830682.5,1830699.5,0.5668333699720126,90.87250432280416,R,monocular,1,1
PV_62,038,PV_62_block_038,PV_62_038_1834538_R,1834538.2,1834555.2,0.576550702977713,27.622674795368347,R,monocular,1,1
PV_62,038,PV_62_block_038,PV_62_038_1834708_R,1834708.05,1834725.05,,,R,monocular,1,1
PV_62,038,PV_62_block_038,PV_62_038_1837358_R,1837357.9,1837374.9,0.5715042770877629,270.0963378602007,R,monocular,1,1
PV_62,038,PV_62_block_038,PV_62_038_1838275_R,1838275.2,1838292.15,0.5865981826468,92.20901964584256,R,monocular,1,1
PV_62,038,PV_62_block_038,PV_62_038_1838377_R,1838377.1,1838394.1,1.1510900646314095,269.70593211516643,R,monocular,1,1
PV_62,038,PV_62_block_038,PV_62_038_1838428_R,1838428.1,1838445.05,0.5954494146143325,270.83819148011236,R,monocular,1,1
PV_62,038,PV_62_block_038,PV_62_038_1840687_R,1840687.15,1840704.15,0.5304324408834706,87.36721632657999,R,monocular,1,1
PV_62,038,PV_62_block_038,PV_62_038_1840942_R,1840942.0,1840975.95,1.122152490337743,269.26158134389595,R,monocular,1,1
PV_62,038,PV_62_block_038,PV_62_038_1841316_R,1841315.65,1841332.65,1.1044328529932035,90.24912640327346,R,monocular,1,1
PV_62,038,PV_62_block_038,PV_62_038_1841927_R,1841927.25,1841944.2,1.1256422196117293,270.205044974359,R,monocular,1,1
PV_62,038,PV_62_block_038,PV_62_038_1841944_R,1841944.2,1841961.2,1.1427500218428919,90.96069938826619,R,monocular,1,1
PV_62,038,PV_62_block_038,PV_62_038_1842216_R,1842216.05,1842233.0,1.3899891946252803,106.9969080507013,R,monocular,1,1
PV_62,038,PV_62_block_038,PV_62_038_1842233_R,1842233.0,1842250.0,1.4292789163191046,287.5383659373588,R,monocular,1,1
PV_62,038,PV_62_block_038,PV_62_038_1842250_R,1842250.0,1842283.95,1.6396289052629038,90.26600309577648,R,monocular,1,1
PV_62,038,PV_62_block_038,PV_62_038_1842471_R,1842470.8,1842504.8,1.133481322485331,270.3761705411099,R,monocular,1,1
PV_62,038,PV_62_block_038,PV_62_038_1844067_R,1844067.45,1844101.4,1.1458886244216178,89.61051355368187,R,monocular,1,1
PV_62,038,PV_62_block_038,PV_62_038_1844543_R,1844543.05,1844577.0,0.8819461271722824,299.1990051077406,R,monocular,1,1
PV_62,038,PV_62_block_038,PV_62_038_1844747_R,1844746.95,1844780.9,1.3540482893644088,107.29729843426153,R,monocular,1,1
PV_62,038,PV_62_block_038,PV_62_038_1844815_R,1844814.9,1844831.85,1.099488253075386,90.55186670725844,R,monocular,1,1
PV_62,038,PV_62_block_038,PV_62_038_1844832_R,1844831.85,1844848.85,0.8620799560857374,299.19915698000705,R,monocular,1,1
PV_62,038,PV_62_block_038,PV_62_038_1844849_R,1844848.85,1844865.85,0.8355405796794734,118.89564657624483,R,monocular,1,1
PV_62,038,PV_62_block_038,PV_62_038_1844900_R,1844899.85,1844916.8,0.5494166092965144,270.4031557833516,R,monocular,1,1
PV_62,038,PV_62_block_038,PV_62_038_1851032_R,1851031.95,1851048.95,1.644803661784752,90.50651166880775,R,monocular,1,1
PV_62,038,PV_62_block_038,PV_62_038_1851134_R,1851133.9,1851150.95,1.1265180072573986,269.0708646392185,R,monocular,1,1
PV_62,038,PV_62_block_038,PV_62_038_1851814_R,1851813.55,1851847.5,1.377371119547081,287.52565564402653,R,monocular,1,1
PV_62,038,PV_62_block_038,PV_62_038_1853801_R,1853801.05,1853835.05,2.2259424449498293,269.4197878316627,R,monocular,1,1
PV_62,038,PV_62_block_038,PV_62_038_1854701_R,1854701.2,1854718.2,0.5263619840029271,90.42335167645805,R,monocular,1,1
PV_62,038,PV_62_block_038,PV_62_038_1855160_R,1855159.75,1855176.75,0.567576569786688,269.0420141411946,R,monocular,1,1
PV_62,038,PV_62_block_038,PV_62_038_1856077_R,1856076.8,1856093.8,0.6648573574752862,85.92162093443439,R,monocular,1,1
PV_62,038,PV_62_block_038,PV_62_038_1859593_R,1859592.6,1859677.5,19.64133248624337,150.4232383535234,R,monocular,1,1
PV_62,038,PV_62_block_038,PV_62_038_1861648_R,1861647.65,1861681.6,1.7129151244870198,315.74701215159405,R,monocular,1,1
PV_62,038,PV_62_block_038,PV_62_038_1864467_R,1864466.7,1864551.6,12.549171380682553,115.73186160609704,R,monocular,1,1
PV_62,038,PV_62_block_038,PV_62_038_1864654_R,1864653.5,1864738.4,4.2939789227352385,323.7302759596248,R,monocular,1,1
PV_62,038,PV_62_block_038,PV_62_038_1869239_R,1869238.9,1869272.85,1.3058408171470999,307.35560692737096,R,monocular,1,1
PV_62,038,PV_62_block_038,PV_62_038_1869290_R,1869289.85,1869306.8,0.6829667353622328,300.1373124627065,R,monocular,1,1
PV_62,038,PV_62_block_038,PV_62_038_1869358_R,1869357.75,1869408.75,2.0500964779838364,331.2818115572579,R,monocular,1,1
PV_62,038,PV_62_block_038,PV_62_038_1917084_R,1917083.85,1917151.75,17.563566964254747,305.8189213557377,R,monocular,1,1
PV_62,038,PV_62_block_038,PV_62_038_1917186_R,1917185.75,1917236.7,3.360801940919546,94.57360778299372,R,monocular,1,1
PV_62,038,PV_62_block_038,PV_62_038_1917254_R,1917253.7,1917287.65,2.616405135734708,141.91829955881508,R,monocular,1,1
PV_62,038,PV_62_block_038,PV_62_038_1917305_R,1917304.65,1917355.6,2.200003539371858,152.9220940247844,R,monocular,1,1
PV_62,038,PV_62_block_038,PV_62_038_1920209_R,1920208.9,1920242.85,1.779687978144258,124.97531034337881,R,monocular,1,1
PV_62,038,PV_62_block_038,PV_62_038_1926288_R,1926288.35,1926322.3,4.005767433701202,92.47392519195982,R,monocular,1,1
PV_62,038,PV_62_block_038,PV_62_038_1927511_R,1927511.05,1927528.05,0.542261624014586,161.09584185684966,R,monocular,1,1
PV_62,038,PV_62_block_038,PV_62_038_1929752_R,1929752.45,1929769.45,0.5800091159688565,89.2699609365906,R,monocular,1,1
PV_62,038,PV_62_block_038,PV_62_038_1931349_R,1931348.75,1931382.7,3.1986959000450406,270.2977210131264,R,monocular,1,1
PV_62,038,PV_62_block_038,PV_62_038_1932215_R,1932214.8,1932231.75,3.217087134656277,269.9639318019624,R,monocular,1,1
PV_62,038,PV_62_block_038,PV_62_038_1932232_R,1932231.75,1932248.75,3.244069865623799,89.80216008081017,R,monocular,1,1
PV_62,038,PV_62_block_038,PV_62_038_1932249_R,1932248.75,1932282.65,3.2025785304781915,270.9401181941085,R,monocular,1,1
PV_62,038,PV_62_block_038,PV_62_038_1932894_R,1932893.95,1932910.9,2.5354722322767023,80.83423025288893,R,monocular,1,1
PV_62,038,PV_62_block_038,PV_62_038_1934083_R,1934082.55,1934116.55,3.603809179551407,90.69099781685341,R,monocular,1,1
PV_62,038,PV_62_block_038,PV_62_038_1942878_R,1942878.25,1942895.2,4.020376508582377,270.3603744863602,R,monocular,1,1
PV_62,038,PV_62_block_038,PV_62_038_1942895_R,1942895.2,1942929.15,4.031396432770095,89.62646263290196,R,monocular,1,1
PV_62,038,PV_62_block_038,PV_62_038_1943133_R,1943132.95,1943149.9,,,R,monocular,1,1
PV_62,038,PV_62_block_038,PV_62_038_1945782_R,1945782.15,1945816.1,2.5090349783758525,89.82482736372108,R,monocular,1,1
PV_62,038,PV_62_block_038,PV_62_038_1946394_R,1946393.55,1946410.5,2.854400398428066,317.8101111231532,R,monocular,1,1
PV_62,038,PV_62_block_038,PV_62_038_1946410_R,1946410.5,1946427.5,2.0729023055439733,55.5487843849813,R,monocular,1,1
PV_62,038,PV_62_block_038,PV_62_038_1946631_R,1946631.2,1946648.2,3.6361560835072977,264.7932641779424,R,monocular,1,1
PV_62,038,PV_62_block_038,PV_62_038_1947888_R,1947887.85,1947904.85,0.5332518024061424,268.93961767918074,R,monocular,1,1
PV_62,038,PV_62_block_038,PV_62_038_1948397_R,1948397.25,1948414.25,3.1595301554835555,269.8969767862495,R,monocular,1,1
PV_62,038,PV_62_block_038,PV_62_038_1948414_R,1948414.25,1948448.2,2.694960026786733,90.15757167347107,R,monocular,1,1
PV_62,038,PV_62_block_038,PV_62_038_1949076_R,1949076.5,1949110.45,,,R,monocular,1,1
PV_62,038,PV_62_block_038,PV_62_038_1956939_R,1956938.55,1957023.45,12.583166664332616,130.73443733472345,R,monocular,1,1
PV_62,038,PV_62_block_038,PV_62_038_1963035_R,1963034.55,1963051.5,0.513453646824546,328.9293049220259,R,monocular,1,1
PV_62,038,PV_62_block_038,PV_62_038_1965633_R,1965632.55,1965666.5,1.3935164413934946,134.7157312346122,R,monocular,1,1
PV_62,038,PV_62_block_038,PV_62_038_1968231_R,1968230.65,1968247.65,0.7031035980748542,144.54426419830511,R,monocular,1,1
PV_62,038,PV_62_block_038,PV_62_038_1968265_R,1968264.65,1968281.6,0.5894083069054569,184.02661215002703,R,monocular,1,1
PV_62,038,PV_62_block_038,PV_62_038_1968910_R,1968909.8,1968926.8,,,R,monocular,1,1
PV_62,038,PV_62_block_038,PV_62_038_1969504_R,1969504.1,1969521.1,4.733132856918649,236.63825348676446,R,monocular,1,1
PV_62,038,PV_62_block_038,PV_62_038_1969521_R,1969521.1,1969538.05,1.7470659262341588,145.47705247198724,R,monocular,1,1
PV_62,038,PV_62_block_038,PV_62_038_1969538_R,1969538.05,1969572.0,5.51364515852152,251.67781736419016,R,monocular,1,1
PV_62,038,PV_62_block_038,PV_62_038_1969589_R,1969589.0,1969606.0,0.7136224881960728,279.25327213793025,R,monocular,1,1
PV_62,038,PV_62_block_038,PV_62_038_1978367_R,1978367.1,1978384.1,,,R,monocular,1,1
PV_62,038,PV_62_block_038,PV_62_038_1992479_R,1992478.55,1992563.45,9.583686526938507,158.74043289368296,R,monocular,1,1
PV_62,038,PV_62_block_038,PV_62_038_1993141_R,1993141.0,1993259.9,5.8421487832248244,322.407485800975,R,monocular,1,1
PV_62,038,PV_62_block_038,PV_62_038_1994330_R,1994329.9,1994346.85,0.760473965623073,96.23240474838357,R,monocular,1,1
PV_62,038,PV_62_block_038,PV_62_038_1997794_R,1997794.1,1997811.05,1.7446364160971393,120.18878291946787,R,monocular,1,1
PV_62,038,PV_62_block_038,PV_62_038_1997862_R,1997862.0,1997895.95,1.878386138026937,329.9867525014244,R,monocular,1,1
PV_62,038,PV_62_block_038,PV_62_038_1997930_R,1997929.95,1997946.9,0.5713669356989965,305.92036693289594,R,monocular,1,1
PV_62,038,PV_62_block_038,PV_62_038_1998083_R,1998082.8,1998116.75,1.856634132171437,207.80597951098486,R,monocular,1,1
PV_62,038,PV_62_block_038,PV_62_038_1998830_R,1998830.05,1998864.0,1.6640122452459618,128.78189437841462,R,monocular,1,1
PV_62,038,PV_62_block_038,PV_62_038_1999102_R,1999101.8,1999118.8,0.5984410939141485,166.86263884194207,R,monocular,1,1
PV_62,038,PV_62_block_038,PV_62_038_2004554_R,2004553.55,2004570.55,0.719166805619215,81.84892771481631,R,monocular,1,1
PV_62,038,PV_62_block_038,PV_62_038_2006982_R,2006982.25,2007101.1,,,R,monocular,1,1
PV_62,038,PV_62_block_038,PV_62_038_2009309_R,2009309.05,2009444.95,17.360725804565963,94.96577235907628,R,monocular,1,1
PV_62,038,PV_62_block_038,PV_62_038_2021605_R,2021604.95,2021638.95,1.8440690093663572,60.157055874286364,R,monocular,1,1
PV_62,038,PV_62_block_038,PV_62_038_2027550_R,2027549.5,2027583.45,2.446967139345844,127.76204730320606,R,monocular,1,1
PV_62,038,PV_62_block_038,PV_62_038_2027685_R,2027685.3,2027702.3,0.7041693131678332,272.71501687838634,R,monocular,1,1
PV_62,038,PV_62_block_038,PV_62_038_2027736_R,2027736.25,2027770.25,1.3362910879804613,284.55579562181003,R,monocular,1,1
PV_62,038,PV_62_block_038,PV_62_038_2030844_R,2030844.3,2030861.25,0.5355409618207898,103.3401634303976,R,monocular,1,1
PV_62,038,PV_62_block_038,PV_62_038_2030878_R,2030878.25,2030912.25,,,R,monocular,1,1
PV_62,038,PV_62_block_038,PV_62_038_2031014_R,2031014.15,2031065.05,3.5259867930498117,26.175594740909464,R,monocular,1,1
PV_62,038,PV_62_block_038,PV_62_038_2034394_R,2034394.0,2034512.9,29.148598232605025,229.52675743074408,R,monocular,1,1
PV_62,038,PV_62_block_038,PV_62_038_2034513_R,2034512.9,2034580.85,6.638764732264112,70.23256653934813,R,monocular,1,1
PV_62,038,PV_62_block_038,PV_62_038_2035158_R,2035158.25,2035175.2,1.7080158369786465,268.5294371370468,R,monocular,1,1
PV_62,038,PV_62_block_038,PV_62_038_2035736_R,2035735.65,2035905.45,34.55381714846971,65.00974819043779,R,monocular,1,1
PV_62,038,PV_62_block_038,PV_62_038_2037077_R,2037077.35,2037128.25,4.882737212254999,49.58305037247493,R,monocular,1,1
PV_62,038,PV_62_block_038,PV_62_038_2044160_R,2044160.2,2044211.15,8.417590116976069,298.311210972784,R,monocular,1,1
PV_62,038,PV_62_block_038,PV_62_038_2047371_R,2047370.6,2047387.6,0.7797585071967291,184.79388961098977,R,monocular,1,1
PV_62,038,PV_62_block_038,PV_62_038_2047405_R,2047404.6,2047438.55,1.4575157128896108,205.3349770759808,R,monocular,1,1
PV_62,038,PV_62_block_038,PV_62_038_2047778_R,2047778.2,2047829.2,10.076421030738487,54.83929059281046,R,monocular,1,1
PV_62,038,PV_62_block_038,PV_62_038_2047897_R,2047897.1,2047931.1,1.3734372897283702,214.45237861238155,R,monocular,1,1
PV_62,038,PV_62_block_038,PV_62_038_2048933_R,2048933.3,2049052.2,14.620372599138937,253.98353647124145,R,monocular,1,1
PV_62,038,PV_62_block_038,PV_62_038_2050139_R,2050139.2,2050190.2,2.9873051219182556,91.09923111500537,R,monocular,1,1
PV_62,038,PV_62_block_038,PV_62_038_2050326_R,2050326.1,2050343.05,0.7082151160908691,261.98858917852084,R,monocular,1,1
PV_62,038,PV_62_block_038,PV_62_038_2050785_R,2050784.7,2050801.65,0.5768147285060924,304.7599550139711,R,monocular,1,1
PV_62,038,PV_62_block_038,PV_62_038_2050904_R,2050903.6,2050954.55,2.96419567971205,230.4480227193925,R,monocular,1,1
PV_62,038,PV_62_block_038,PV_62_038_2051022_R,2051022.45,2051056.45,1.3762765235952508,249.26444171435355,R,monocular,1,1
PV_62,038,PV_62_block_038,PV_62_038_2051413_R,2051413.15,2051447.1,1.0136640444487455,319.4447235716124,R,monocular,1,1
PV_62,038,PV_62_block_038,PV_62_038_2052092_R,2052092.5,2052160.45,5.024930953778842,61.86331154872434,R,monocular,1,1
PV_62,038,PV_62_block_038,PV_62_038_2054623_R,2054623.1,2054657.05,2.2970336203505477,267.83224706751093,R,monocular,1,1
PV_62,038,PV_62_block_038,PV_62_038_2054691_R,2054691.0,2054775.9,7.0341915731123255,88.00403862550962,R,monocular,1,1
PV_62,038,PV_62_block_038,PV_62_038_2057256_R,2057255.85,2057272.85,1.1355548934991102,269.9988646423838,R,monocular,1,1
PV_62,038,PV_62_block_038,PV_62_038_2059888_R,2059888.2,2059905.2,2.4540487059681926,89.92018104008918,R,monocular,1,1
PV_62,038,PV_62_block_038,PV_62_038_2060890_R,2060890.0,2060923.95,1.339803297111719,268.76965177994344,R,monocular,1,1
PV_62,038,PV_62_block_038,PV_62_038_2062028_R,2062027.8,2062061.75,1.5948801291556183,309.9606749291354,R,monocular,1,1
PV_62,038,PV_62_block_038,PV_62_038_2062164_R,2062163.7,2062180.65,,,R,monocular,1,1
PV_62,038,PV_62_block_038,PV_62_038_2062622_R,2062622.2,2062639.15,1.2062581449168666,270.4696946506797,R,monocular,1,1
PV_62,038,PV_62_block_038,PV_62_038_2062639_R,2062639.15,2062673.15,1.244806564389811,90.63256895223837,R,monocular,1,1
PV_62,038,PV_62_block_038,PV_62_038_2063013_R,2063012.8,2063029.8,1.2884061048851636,269.3547832802698,R,monocular,1,1
PV_62,038,PV_62_block_038,PV_62_038_2064286_R,2064286.5,2064303.5,,,R,monocular,1,1
PV_62,038,PV_62_block_038,PV_62_038_2071945_R,2071945.25,2071962.25,0.5325020958953044,331.3878323069355,R,monocular,1,1
PV_62,038,PV_62_block_038,PV_62_038_2073389_R,2073388.75,2073405.75,1.0746123644429686,270.3584783410031,R,monocular,1,1
PV_62,038,PV_62_block_038,PV_62_038_2073949_R,2073949.25,2074000.2,2.469463085874918,51.119468372503135,R,monocular,1,1
PV_62,038,PV_62_block_038,PV_62_038_2074119_R,2074119.05,2074237.95,8.903119299064521,350.9735992613557,R,monocular,1,1
PV_62,038,PV_62_block_038,PV_62_038_2075749_R,2075749.35,2075800.3,5.444258548232229,255.94222578649527,R,monocular,1,1
PV_62,038,PV_62_block_038,PV_62_038_2075834_R,2075834.3,2075851.3,0.7863158910332055,15.684742998195718,R,monocular,1,1
PV_62,038,PV_62_block_038,PV_62_038_2075868_R,2075868.25,2075885.25,0.7570989692955664,287.9420742127088,R,monocular,1,1
PV_62,038,PV_62_block_038,PV_62_038_2076904_R,2076904.35,2076921.35,0.6457495959898125,41.81707258745212,R,monocular,1,1
PV_62,038,PV_62_block_038,PV_62_038_2080114_R,2080113.95,2080147.95,1.2214118313549955,166.78338210579463,R,monocular,1,1
PV_62,038,PV_62_block_038,PV_62_038_2080233_R,2080232.85,2080266.8,2.0380410598785748,71.68864580005295,R,monocular,1,1
PV_62,038,PV_62_block_038,PV_62_038_2081354_R,2081353.65,2081387.6,2.33727255814946,125.0753464491644,R,monocular,1,1
PV_62,038,PV_62_block_038,PV_62_038_2083443_R,2083442.6,2083459.55,0.8525876463276122,269.79597979241714,R,monocular,1,1
PV_62,038,PV_62_block_038,PV_62_038_2083460_R,2083459.55,2083476.55,0.8442494285292063,36.36061689900906,R,monocular,1,1
PV_62,038,PV_62_block_038,PV_62_038_2084954_R,2084954.0,2085004.95,2.028421373398794,46.823201359831884,R,monocular,1,1
PV_62,038,PV_62_block_038,PV_62_038_2086737_R,2086737.35,2086771.3,1.3607233516361044,86.73391281523178,R,monocular,1,1
PV_62,038,PV_62_block_038,PV_62_038_2107695_R,2107695.35,2107797.25,7.563150037485496,355.02976381521245,R,monocular,1,1
PV_62,038,PV_62_block_038,PV_62_038_2108544_R,2108544.35,2108578.35,1.2622841608742474,39.639687232579476,R,monocular,1,1
PV_62,038,PV_62_block_038,PV_62_038_2109852_R,2109851.85,2109885.8,1.3466613389750544,202.47183789519022,R,monocular,1,1
PV_62,038,PV_62_block_038,PV_62_038_2114301_R,2114301.25,2114335.2,1.4925945315602194,76.21065700877982,R,monocular,1,1
PV_62,038,PV_62_block_038,PV_62_038_2114794_R,2114793.75,2114827.75,3.6770783203114705,128.060768554954,R,monocular,1,1
PV_62,038,PV_62_block_038,PV_62_038_2115303_R,2115303.2,2115320.2,0.7753129972301039,269.0054692994751,R,monocular,1,1
PV_62,038,PV_62_block_038,PV_62_038_2115558_R,2115558.0,2115591.95,1.450682625518584,258.1686525659758,R,monocular,1,1
PV_62,038,PV_62_block_038,PV_62_038_2122725_R,2122725.35,2122759.35,1.3809546332544798,300.9592290142813,R,monocular,1,1
PV_62,038,PV_62_block_038,PV_62_038_2122776_R,2122776.3,2122793.3,0.5401511469643053,319.9346447608673,R,monocular,1,1
PV_62,038,PV_62_block_038,PV_62_038_2125629_R,2125629.35,2125646.35,0.5414208374192053,276.32550693775215,R,monocular,1,1
PV_62,038,PV_62_block_038,PV_62_038_2125697_R,2125697.3,2125765.2,4.931198343133585,294.97602214720627,R,monocular,1,1
PV_62,038,PV_62_block_038,PV_62_038_2127429_R,2127429.35,2127514.25,4.494333638317353,273.5883470797264,R,monocular,1,1
PV_62,038,PV_62_block_038,PV_62_038_2132320_R,2132319.75,2132370.7,,,R,monocular,1,1
PV_62,038,PV_62_block_038,PV_62_038_2132574_R,2132574.45,2132608.45,5.688027280651363,89.97229785190173,R,monocular,1,1
PV_62,038,PV_62_block_038,PV_62_038_2132710_R,2132710.3,2132727.3,0.5489821960734784,264.21641241667095,R,monocular,1,1
PV_62,038,PV_62_block_038,PV_62_038_2133424_R,2133423.55,2133457.5,1.3567920879530124,272.26735510870316,R,monocular,1,1
PV_62,038,PV_62_block_038,PV_62_038_2133525_R,2133525.45,2133542.4,4.4664581631603415,258.53417096009633,R,monocular,1,1
PV_62,038,PV_62_block_038,PV_62_038_2133542_R,2133542.4,2133559.4,1.5837105761419108,94.76353011471193,R,monocular,1,1
PV_62,038,PV_62_block_038,PV_62_038_2133559_R,2133559.4,2133576.4,0.5917123982620947,268.79870871123865,R,monocular,1,1
PV_62,038,PV_62_block_038,PV_62_038_2133678_R,2133678.25,2133729.2,,,R,monocular,1,1
PV_62,038,PV_62_block_038,PV_62_038_2135037_R,2135036.7,2135121.6,5.917629876420197,91.30778782370581,R,monocular,1,1
PV_62,038,PV_62_block_038,PV_62_038_2138348_R,2138348.0,2138398.95,,,R,monocular,1,1
PV_62,038,PV_62_block_038,PV_62_038_2138518_R,2138517.8,2138534.8,0.6502426493895171,250.22456545429947,R,monocular,1,1
PV_62,038,PV_62_block_038,PV_62_038_2144988_R,2144987.6,2145038.5,2.5885501578799937,204.45282923381873,R,monocular,1,1
PV_62,038,PV_62_block_038,PV_62_038_2145701_R,2145700.85,2145734.85,6.358503117856273,6.858961275039154,R,monocular,1,1
PV_62,038,PV_62_block_038,PV_62_038_2145735_R,2145734.85,2145768.8,,,R,monocular,1,1
PV_62,038,PV_62_block_038,PV_62_038_2146788_R,2146787.7,2146838.65,4.676320235679321,101.4152625381179,R,monocular,1,1
PV_62,038,PV_62_block_038,PV_62_038_2147348_R,2147348.05,2147382.0,0.9535595105628188,268.90193971259805,R,monocular,1,1
PV_62,038,PV_62_block_038,PV_62_038_2147891_R,2147891.35,2147959.25,,,R,monocular,1,1
PV_62,038,PV_62_block_038,PV_62_038_2151288_R,2151287.65,2151321.6,1.8673383411281497,70.08222709118027,R,monocular,1,1
PV_62,038,PV_62_block_038,PV_62_038_2154004_R,2154004.4,2154038.4,1.6306191200981415,16.546315725463238,R,monocular,1,1
PV_62,038,PV_62_block_038,PV_62_038_2154106_R,2154106.3,2154123.3,0.6949903697664402,79.47285407764583,R,monocular,1,1
PV_62,038,PV_62_block_038,PV_62_038_2157859_R,2157859.2,2157876.2,0.6413959990510136,335.7990672012017,R,monocular,1,1
PV_62,038,PV_62_block_038,PV_62_038_2159727_R,2159726.8,2159845.7,13.544897878370747,270.13699668908924,R,monocular,1,1
PV_62,038,PV_62_block_038,PV_62_038_2160083_R,2160083.4,2160117.35,1.153404593708532,93.28260368049104,R,monocular,1,1
PV_62,038,PV_62_block_038,PV_62_038_2160304_R,2160304.1,2160321.1,0.5977487333151906,266.72028525640013,R,monocular,1,1
PV_62,038,PV_62_block_038,PV_62_038_2162274_R,2162273.7,2162324.65,13.782706397746573,143.58643648302294,R,monocular,1,1
PV_62,038,PV_62_block_038,PV_62_038_2162698_R,2162698.25,2162732.2,1.6783272359867232,9.307109898647662,R,monocular,1,1
PV_62,038,PV_62_block_038,PV_62_038_2164736_R,2164735.9,2164820.8,5.873843077567267,9.519902082985492,R,monocular,1,1
PV_62,038,PV_62_block_038,PV_62_038_2167079_R,2167079.05,2167197.9,19.728927673315535,133.99409653465392,R,monocular,1,1
PV_62,038,PV_62_block_038,PV_62_038_2167266_R,2167265.8,2167384.65,8.215673238016906,1.9379598508531655,R,monocular,1,1
PV_62,038,PV_62_block_038,PV_62_038_2170288_R,2170287.65,2170338.6,8.512951534365916,153.8048120129558,R,monocular,1,1
PV_62,038,PV_62_block_038,PV_62_038_2170390_R,2170389.55,2170423.5,2.148309402511443,318.79282142719865,R,monocular,1,1
PV_62,038,PV_62_block_038,PV_62_038_2171001_R,2171000.75,2171051.7,3.0664375192395465,277.55980783015985,R,monocular,1,1
PV_62,038,PV_62_block_038,PV_62_038_2174888_R,2174888.0,2174955.95,10.632027394348626,115.31182701859302,R,monocular,1,1
PV_62,038,PV_62_block_038,PV_62_038_2175007_R,2175006.85,2175091.75,5.730552809664079,357.3329585502435,R,monocular,1,1
PV_62,038,PV_62_block_038,PV_62_038_2175126_R,2175125.7,2175193.6,4.134716294418787,285.29324916538076,R,monocular,1,1
PV_62,038,PV_62_block_038,PV_62_038_2175516_R,2175516.1,2175567.0,5.784021821278214,84.75238250985822,R,monocular,1,1
PV_62,038,PV_62_block_038,PV_62_038_2175618_R,2175617.95,2175651.9,3.687200944921335,239.1832672297931,R,monocular,1,1
PV_62,038,PV_62_block_038,PV_62_038_2177231_R,2177230.55,2177247.5,0.5170637559914656,266.97471926019927,R,monocular,1,1
PV_62,038,PV_62_block_038,PV_62_038_2181000_R,2180999.85,2181050.8,2.417427205183641,51.3558935077781,R,monocular,1,1
PV_62,038,PV_62_block_038,PV_62_038_2183156_R,2183156.45,2183173.4,0.6695751557291908,86.64552825033576,R,monocular,1,1
PV_62,038,PV_62_block_038,PV_62_038_2183190_R,2183190.4,2183292.3,7.624179070742654,127.17246421725703,R,monocular,1,1
PV_62,038,PV_62_block_038,PV_62_038_2184040_R,2184039.5,2184090.45,5.402794719021744,327.3763725010373,R,monocular,1,1
PV_62,038,PV_62_block_038,PV_62_038_2185228_R,2185228.25,2185381.1,23.44554591747126,150.37122553286835,R,monocular,1,1
PV_62,038,PV_62_block_038,PV_62_038_2185432_R,2185432.05,2185500.0,8.412760306700129,355.0912498071783,R,monocular,1,1
PV_62,038,PV_62_block_038,PV_62_038_2185670_R,2185669.8,2185686.75,3.2210203702443474,182.63892949770508,R,monocular,1,1
PV_62,038,PV_62_block_038,PV_62_038_2186875_R,2186875.4,2186909.4,2.521756948166952,0.7819004987403115,R,monocular,1,1
PV_62,038,PV_62_block_038,PV_62_038_2187657_R,2187656.6,2187690.55,1.1004762886376067,7.670849266019512,R,monocular,1,1
PV_62,038,PV_62_block_038,PV_62_038_2190306_R,2190305.55,2190373.45,8.143338495783576,140.9553070293834,R,monocular,1,1
PV_62,038,PV_62_block_038,PV_62_038_2195450_R,2195450.45,2195535.35,6.384026984947525,147.89540745190928,R,monocular,1,1
PV_62,038,PV_62_block_038,PV_62_038_2202243_R,2202243.45,2202328.4,10.316113001058332,140.72894818211324,R,monocular,1,1
PV_62,038,PV_62_block_038,PV_62_038_2205317_R,2205317.25,2205334.25,0.6880029477642022,175.90831040343193,R,monocular,1,1
PV_62,038,PV_62_block_038,PV_62_038_2205402_R,2205402.2,2205436.15,1.5065352346152703,257.75350705141864,R,monocular,1,1
PV_62,038,PV_62_block_038,PV_62_038_2205453_R,2205453.15,2205487.1,2.1300455086843466,268.58912804775457,R,monocular,1,1
PV_62,038,PV_62_block_038,PV_62_038_2205504_R,2205504.05,2205572.0,2.7194641094404597,348.9720467005232,R,monocular,1,1
PV_62,038,PV_62_block_038,PV_62_038_2208611_R,2208611.4,2208628.4,0.5269712949149874,326.33490431085943,R,monocular,1,1
PV_62,038,PV_62_block_038,PV_62_038_2210717_R,2210716.7,2210733.7,0.666192460145874,141.63646867012875,R,monocular,1,1
PV_62,038,PV_62_block_038,PV_62_038_2210937_R,2210937.45,2210971.45,1.421941933645941,328.55704842186583,R,monocular,1,1
PV_62,038,PV_62_block_038,PV_62_038_2215335_R,2215335.4,2215352.35,0.9718351230522642,269.73347440111434,R,monocular,1,1
PV_62,038,PV_62_block_038,PV_62_038_2216354_R,2216354.15,2216388.1,0.922558543160874,271.63229752546,R,monocular,1,1
PV_62,038,PV_62_block_038,PV_62_038_2217186_R,2217186.2,2217203.15,0.9803510930837928,269.3684767064657,R,monocular,1,1
PV_62,038,PV_62_block_038,PV_62_038_2217203_R,2217203.15,2217220.15,0.9184093135819041,89.95210905262577,R,monocular,1,1
PV_62,038,PV_62_block_038,PV_62_038_2217628_R,2217627.7,2217644.7,0.9036845191805588,270.59070934059145,R,monocular,1,1
PV_62,038,PV_62_block_038,PV_62_038_2220158_R,2220157.8,2220174.75,0.9895012129325222,89.68375080839266,R,monocular,1,1
PV_62,038,PV_62_block_038,PV_62_038_2220175_R,2220174.75,2220208.7,,,R,monocular,1,1
PV_62,038,PV_62_block_038,PV_62_038_2224029_R,2224029.4,2224046.35,0.9042027975930564,269.2115723962702,R,monocular,1,1
PV_62,038,PV_62_block_038,PV_62_038_2224369_R,2224369.05,2224403.0,1.0007659639240432,88.73869331421263,R,monocular,1,1
PV_62,038,PV_62_block_038,PV_62_038_2225914_R,2225914.45,2225999.35,11.495974579600725,94.5475188922713,R,monocular,1,1
PV_62,038,PV_62_block_038,PV_62_038_2226016_R,2226016.35,2226050.35,,,R,monocular,1,1
PV_62,038,PV_62_block_038,PV_62_038_2230840_R,2230839.5,2230856.45,0.7762627837963197,95.0337396363121,R,monocular,1,1
PV_62,038,PV_62_block_038,PV_62_038_2230975_R,2230975.35,2231009.35,3.0376855984168807,356.81134006811277,R,monocular,1,1
PV_62,038,PV_62_block_038,PV_62_038_2231043_R,2231043.3,2231060.25,0.6500144075239138,199.50085808197844,R,monocular,1,1
PV_62,038,PV_62_block_038,PV_62_038_2232555_R,2232554.6,2232571.6,0.5108219503438641,89.94578404805449,R,monocular,1,1
PV_62,038,PV_62_block_038,PV_62_038_2232656_R,2232656.5,2232690.45,1.9317863841331016,113.75680005310778,R,monocular,1,1
PV_62,038,PV_62_block_038,PV_62_038_2236834_R,2236833.7,2236918.6,13.308483509845068,345.6984874163909,R,monocular,1,1
PV_62,038,PV_62_block_038,PV_62_038_2236970_R,2236969.55,2237020.45,3.098157373492291,96.29660182331857,R,monocular,1,1
PV_62,038,PV_62_block_038,PV_62_038_2237173_R,2237173.3,2237207.25,1.7036970059053431,74.24378866812712,R,monocular,1,1
PV_62,038,PV_62_block_038,PV_62_038_2238141_R,2238141.1,2238226.0,9.34605104453259,67.31998313710027,R,monocular,1,1
PV_62,038,PV_62_block_038,PV_62_038_2240552_R,2240552.5,2240569.5,0.563182292025856,166.2837987367567,R,monocular,1,1
PV_62,038,PV_62_block_038,PV_62_038_2243337_R,2243337.15,2243388.1,4.550482408057903,43.89574156439001,R,monocular,1,1
PV_62,038,PV_62_block_038,PV_62_038_2246903_R,2246903.15,2246937.1,2.1109163268201665,261.20974385591967,R,monocular,1,1
PV_62,038,PV_62_block_038,PV_62_038_2253474_R,2253474.35,2253491.35,0.6616367628634455,35.52844697287668,R,monocular,1,1
PV_62,038,PV_62_block_038,PV_62_038_2254408_R,2254408.1,2254442.05,2.375169966846159,189.541318085957,R,monocular,1,1
PV_62,038,PV_62_block_038,PV_62_038_2254527_R,2254526.9,2254560.85,1.716205307719605,345.2123829242003,R,monocular,1,1
PV_62,038,PV_62_block_038,PV_62_038_2255308_R,2255307.8,2255358.75,3.497856070695394,120.13852654755817,R,monocular,1,1
PV_62,038,PV_62_block_038,PV_62_038_2256955_R,2256954.6,2256988.55,0.956966821748967,31.56035063364195,R,monocular,1,1
PV_62,038,PV_62_block_038,PV_62_038_2257006_R,2257005.55,2257039.5,2.5611857829827627,43.30909337009293,R,monocular,1,1
PV_62,038,PV_62_block_038,PV_62_038_2258618_R,2258618.15,2258669.1,2.5833385103752597,352.69211007021374,R,monocular,1,1
PV_62,038,PV_62_block_038,PV_62_038_2258873_R,2258872.8,2258906.8,1.3046247783842209,5.956059226198029,R,monocular,1,1
PV_62,038,PV_62_block_038,PV_62_038_2259535_R,2259534.9,2259568.8,2.0153759111036886,95.84159832929784,R,monocular,1,1
PV_62,038,PV_62_block_038,PV_62_038_2259637_R,2259636.7,2259670.7,1.882851510432874,19.20157538630617,R,monocular,1,1
PV_62,038,PV_62_block_038,PV_62_038_2266716_R,2266715.7,2266749.65,1.9391375320750681,269.82166927694476,R,monocular,1,1
PV_62,038,PV_62_block_038,PV_62_038_2269331_R,2269330.6,2269347.55,0.5374104679387905,224.43844936877662,R,monocular,1,1
PV_62,038,PV_62_block_038,PV_62_038_2271419_R,2271419.1,2271470.05,3.3840320122793117,196.43334901178034,R,monocular,1,1
PV_62,038,PV_62_block_038,PV_62_038_2271487_R,2271487.05,2271521.0,1.244166499399691,274.3417885983911,R,monocular,1,1
PV_62,038,PV_62_block_038,PV_62_038_2273253_R,2273252.95,2273286.9,3.159648210197394,121.16394467653329,R,monocular,1,1
PV_62,038,PV_62_block_038,PV_62_038_2274713_R,2274713.45,2274764.4,3.3333154214962595,270.8230235152266,R,monocular,1,1
PV_62,038,PV_62_block_038,PV_62_038_2280793_R,2280792.65,2280826.6,,,R,monocular,1,1
PV_62,038,PV_62_block_038,PV_62_038_2281828_R,2281828.45,2281879.4,4.994232879361569,357.084178782202,R,monocular,1,1
PV_62,038,PV_62_block_038,PV_62_038_2282779_R,2282779.1,2282796.1,2.2380717113293978,5.146485688216895,R,monocular,1,1
PV_62,038,PV_62_block_038,PV_62_038_2283119_R,2283118.65,2283152.65,3.1870273157599214,20.54390110846879,R,monocular,1,1
PV_62,038,PV_62_block_038,PV_62_038_2285479_R,2285478.8,2285546.7,11.154437557366728,41.622191665687026,R,monocular,1,1
PV_62,038,PV_62_block_038,PV_62_038_2286124_R,2286124.0,2286174.95,8.515642032638318,140.13277859142724,R,monocular,1,1
PV_62,038,PV_62_block_038,PV_62_038_2289961_R,2289961.3,2289995.25,1.2842643671124052,112.7898050856036,R,monocular,1,1
PV_62,038,PV_62_block_038,PV_62_038_2292016_R,2292015.95,2292032.95,0.6782097820247256,162.66261269630013,R,monocular,1,1
PV_62,038,PV_62_block_038,PV_62_038_2295328_R,2295327.65,2295361.6,1.8896950264227004,7.1495257645788355,R,monocular,1,1
PV_62,038,PV_62_block_038,PV_62_038_2297688_R,2297687.9,2297755.85,5.379601096347759,77.89703101621409,R,monocular,1,1
PV_62,038,PV_62_block_038,PV_62_038_2301815_R,2301814.95,2301831.95,0.5416003890024459,268.07880144566263,R,monocular,1,1
PV_62,038,PV_62_block_038,PV_62_038_2302256_R,2302256.5,2302307.5,8.021833608806235,158.79883599447953,R,monocular,1,1
PV_62,038,PV_62_block_038,PV_62_038_2302902_R,2302901.7,2302952.65,5.600517637423051,17.742717620398047,R,monocular,1,1
PV_62,038,PV_62_block_038,PV_62_038_2303836_R,2303835.55,2303869.5,5.382040123111415,10.963649671255109,R,monocular,1,1
PV_62,038,PV_62_block_038,PV_62_038_2303920_R,2303920.45,2303954.4,1.9709530941663265,206.94242625277732,R,monocular,1,1
PV_62,038,PV_62_block_038,PV_62_038_2307078_R,2307078.4,2307129.35,2.563148982914745,26.706226406266953,R,monocular,1,1
PV_62,038,PV_62_block_038,PV_62_038_2309218_R,2309217.8,2309251.75,5.095820996792775,8.791136562397291,R,monocular,1,1
PV_62,038,PV_62_block_038,PV_62_038_2309897_R,2309896.95,2309930.9,4.6695221928643225,40.65586513233244,R,monocular,1,1
PV_62,038,PV_62_block_038,PV_62_038_2311153_R,2311153.3,2311187.25,4.8046470389816385,156.91359327207326,R,monocular,1,1
PV_62,038,PV_62_block_038,PV_62_038_2311646_R,2311645.7,2311662.7,0.7236024286005003,11.258410327149132,R,monocular,1,1
PV_62,038,PV_62_block_038,PV_62_038_2312546_R,2312545.55,2312562.5,0.6447649663021052,272.16498207105803,R,monocular,1,1
PV_62,038,PV_62_block_038,PV_62_038_2312936_R,2312936.0,2312986.9,4.6464382578024095,95.50947233910239,R,monocular,1,1
PV_62,038,PV_62_block_038,PV_62_038_2314549_R,2314549.05,2314566.1,1.469617187113795,265.3000475487985,R,monocular,1,1
PV_62,038,PV_62_block_038,PV_62_038_2320425_R,2320425.25,2320476.2,2.8507440496150775,8.33742303030514,R,monocular,1,1
PV_62,038,PV_62_block_038,PV_62_038_2321988_R,2321987.6,2322004.6,0.5679096383281053,273.02558232999274,R,monocular,1,1
PV_62,038,PV_62_block_038,PV_62_038_2325248_R,2325247.6,2325298.55,14.314601276586677,335.6122309371662,R,monocular,1,1
PV_62,038,PV_62_block_038,PV_62_038_2325655_R,2325655.2,2325723.1,12.990443039469637,10.099816885591705,R,monocular,1,1
PV_62,038,PV_62_block_038,PV_62_038_2325757_R,2325757.1,2325808.05,3.084768799227224,209.68532007080375,R,monocular,1,1
PV_62,038,PV_62_block_038,PV_62_038_2327965_R,2327964.85,2327981.85,0.7036526062961574,205.6011919950279,R,monocular,1,1
PV_62,038,PV_62_block_038,PV_62_038_2328848_R,2328847.9,2328864.9,0.6412206071650766,210.847747387605,R,monocular,1,1
PV_62,038,PV_62_block_038,PV_62_038_2328882_R,2328881.85,2328915.85,,,R,monocular,1,1
PV_62,038,PV_62_block_038,PV_62_038_2329272_R,2329272.5,2329357.4,4.462212749743845,106.08815633977154,R,monocular,1,1
PV_62,038,PV_62_block_038,PV_62_038_2330139_R,2330138.6,2330223.5,4.616452443856737,289.4759359012105,R,monocular,1,1
PV_62,038,PV_62_block_038,PV_62_038_2331107_R,2331106.65,2331174.6,,,R,monocular,1,1
PV_62,038,PV_62_block_038,PV_62_038_2334672_R,2334672.3,2334723.25,10.241202423816988,272.13521865093537,R,monocular,1,1
PV_62,038,PV_62_block_038,PV_62_038_2334757_R,2334757.2,2334859.05,12.440918999277434,235.63092069588518,R,monocular,1,1
PV_62,038,PV_62_block_038,PV_62_038_2334927_R,2334927.0,2334943.95,0.7239887106687038,102.34424782901714,R,monocular,1,1
PV_62,038,PV_62_block_038,PV_62_038_2335555_R,2335555.3,2335589.25,1.572394415255249,229.33725641633882,R,monocular,1,1
PV_62,038,PV_62_block_038,PV_62_038_2338952_R,2338951.7,2338985.65,1.2586645260072837,89.45858937169076,R,monocular,1,1
PV_62,038,PV_62_block_038,PV_62_038_2340802_R,2340802.5,2340819.5,0.7337388326434594,271.4057915234671,R,monocular,1,1
PV_62,038,PV_62_block_038,PV_62_038_2340870_R,2340870.4,2340887.4,,,R,monocular,1,1
PV_62,038,PV_62_block_038,PV_62_038_2345388_R,2345387.6,2345421.55,,,R,monocular,1,1
PV_62,038,PV_62_block_038,PV_62_038_2356187_R,2356187.35,2356255.25,8.823622579685345,67.2435546079519,R,monocular,1,1
PV_62,038,PV_62_block_038,PV_62_038_2357291_R,2357291.05,2357409.9,12.53909970339986,259.5874032535904,R,monocular,1,1
PV_62,038,PV_62_block_038,PV_62_038_2358514_R,2358513.55,2358530.55,2.357040671395314,90.34806985049865,R,monocular,1,1
PV_62,038,PV_62_block_038,PV_62_038_2358531_R,2358530.55,2358564.5,2.4360740075182847,269.51776679220745,R,monocular,1,1
PV_62,038,PV_62_block_038,PV_62_038_2361078_R,2361077.95,2361196.8,22.721052569840083,86.06632124653572,R,monocular,1,1
PV_62,038,PV_62_block_038,PV_62_038_2361231_R,2361230.8,2361264.75,1.935465677934226,272.1657596381432,R,monocular,1,1
PV_62,038,PV_62_block_038,PV_62_038_2361333_R,2361332.7,2361349.7,0.7375534697854421,91.3667364486649,R,monocular,1,1
PV_62,038,PV_62_block_038,PV_62_038_2362369_R,2362368.65,2362453.55,7.337008893926898,40.912146350304866,R,monocular,1,1
PV_62,038,PV_62_block_038,PV_62_038_2362555_R,2362555.45,2362572.45,0.5262122071904745,310.8168722357867,R,monocular,1,1
PV_62,038,PV_62_block_038,PV_62_038_2362776_R,2362776.2,2362793.2,6.5106126380117555,90.37492730252104,R,monocular,1,1
PV_62,038,PV_62_block_038,PV_62_038_2362793_R,2362793.2,2362810.15,0.6295600937131237,187.84775832871674,R,monocular,1,1
PV_62,038,PV_62_block_038,PV_62_038_2364067_R,2364066.8,2364083.8,0.5551938614016563,328.5716219052264,R,monocular,1,1
PV_62,038,PV_62_block_038,PV_62_038_2364593_R,2364593.3,2364712.15,16.168313908343634,246.80833091054137,R,monocular,1,1
PV_62,038,PV_62_block_038,PV_62_038_2365154_R,2365153.65,2365221.55,3.2865467777217097,325.69052787636053,R,monocular,1,1
PV_62,038,PV_62_block_038,PV_62_038_2366716_R,2366715.95,2366766.9,6.459456975009199,73.16961598461562,R,monocular,1,1
PV_62,038,PV_62_block_038,PV_62_038_2378688_R,2378688.0,2378755.9,5.085343992753311,243.82730280924784,R,monocular,1,1
PV_62,038,PV_62_block_038,PV_62_038_2382254_R,2382254.35,2382305.3,3.3776752179237874,251.51158512083782,R,monocular,1,1
PV_62,038,PV_62_block_038,PV_62_038_2382781_R,2382780.8,2382848.7,8.784116122722496,296.58376440315914,R,monocular,1,1
PV_62,038,PV_62_block_038,PV_62_038_2384988_R,2384988.4,2385124.25,18.39232407161724,114.51645093492512,R,monocular,1,1
PV_62,038,PV_62_block_038,PV_62_038_2385158_R,2385158.2,2385209.15,2.5613229820117613,280.69319197413597,R,monocular,1,1
PV_62,038,PV_62_block_038,PV_62_038_2385719_R,2385718.75,2385769.65,8.949442963160838,267.6734184679667,R,monocular,1,1
PV_62,038,PV_62_block_038,PV_62_038_2385804_R,2385803.65,2385820.6,0.5280927094702705,260.5830382462188,R,monocular,1,1
PV_62,038,PV_62_block_038,PV_62_038_2388317_R,2388317.0,2388367.95,10.716903247642335,19.330342115186358,R,monocular,1,1
PV_62,038,PV_62_block_038,PV_62_038_2389081_R,2389081.15,2389132.1,,,R,monocular,1,1
PV_62,038,PV_62_block_038,PV_62_038_2389183_R,2389183.05,2389251.0,3.9482737470202323,231.6070324701764,R,monocular,1,1
PV_62,038,PV_62_block_038,PV_62_038_2389319_R,2389318.9,2389352.85,1.5195528594114962,244.29310601118002,R,monocular,1,1
PV_62,038,PV_62_block_038,PV_62_038_2389947_R,2389947.2,2389964.15,,,R,monocular,1,1
PV_62,038,PV_62_block_038,PV_62_038_2390134_R,2390134.05,2390151.05,0.5483077414623289,116.38614189819462,R,monocular,1,1
PV_62,038,PV_62_block_038,PV_62_038_2390406_R,2390405.75,2390422.75,,,R,monocular,1,1
PV_62,038,PV_62_block_038,PV_62_038_2390711_R,2390711.45,2390745.45,1.2933035893312412,269.2260694647202,R,monocular,1,1
PV_62,038,PV_62_block_038,PV_62_038_2390796_R,2390796.4,2390813.4,0.5471728622477898,273.2192907598856,R,monocular,1,1
PV_62,038,PV_62_block_038,PV_62_038_2391680_R,2391679.6,2391713.55,1.9149896647293863,272.9843730206429,R,monocular,1,1
PV_62,038,PV_62_block_038,PV_62_038_2393735_R,2393734.55,2393785.55,2.3575805418729816,90.02530492781423,R,monocular,1,1
PV_62,038,PV_62_block_038,PV_62_038_2394159_R,2394159.2,2394176.15,0.6858066581572041,122.95601270373581,R,monocular,1,1
PV_62,038,PV_62_block_038,PV_62_038_2394618_R,2394617.75,2394634.7,0.6649092501855156,181.13879783348096,R,monocular,1,1
PV_62,038,PV_62_block_038,PV_62_038_2395059_R,2395059.25,2395110.2,,,R,monocular,1,1
PV_62,038,PV_62_block_038,PV_62_038_2395144_R,2395144.2,2395161.15,0.5276369985020707,118.0151814482303,R,monocular,1,1
PV_62,038,PV_62_block_038,PV_62_038_2395178_R,2395178.15,2395195.15,0.5633860314460238,88.70449207172264,R,monocular,1,1
PV_62,038,PV_62_block_038,PV_62_038_2395229_R,2395229.1,2395246.1,0.7201675646216171,254.83161879856794,R,monocular,1,1
PV_62,038,PV_62_block_038,PV_62_038_2395450_R,2395449.9,2395483.85,6.832906604928218,81.63243635622202,R,monocular,1,1
PV_62,038,PV_62_block_038,PV_62_038_2395501_R,2395500.85,2395517.85,0.6229862625150024,86.2298007380705,R,monocular,1,1
PV_62,038,PV_62_block_038,PV_62_038_2395535_R,2395534.8,2395568.75,1.7894964774558035,277.8245224612667,R,monocular,1,1
PV_62,038,PV_62_block_038,PV_62_038_2395806_R,2395806.5,2395823.5,0.7645227198513318,269.4790997129811,R,monocular,1,1
PV_62,038,PV_62_block_038,PV_62_038_2396707_R,2396706.65,2396808.55,,,R,monocular,1,1
PV_62,038,PV_62_block_038,PV_62_038_2398388_R,2398388.1,2398473.05,15.697063618968375,65.88332583824666,R,monocular,1,1
PV_62,038,PV_62_block_038,PV_62_038_2398847_R,2398846.7,2398880.7,10.63562003825467,114.03779711804027,R,monocular,1,1
PV_62,038,PV_62_block_038,PV_62_038_2398915_R,2398914.65,2399016.55,6.46377299069664,290.0584056269423,R,monocular,1,1
PV_62,038,PV_62_block_038,PV_62_038_2399237_R,2399237.35,2399254.3,5.186415230569642,119.13035144829466,R,monocular,1,1
PV_62,038,PV_62_block_038,PV_62_038_2399305_R,2399305.3,2399373.25,3.7098079437308,291.79425175685026,R,monocular,1,1
PV_62,038,PV_62_block_038,PV_62_038_2399441_R,2399441.15,2399475.1,2.957857256164799,110.58238459733163,R,monocular,1,1
PV_62,038,PV_62_block_038,PV_62_038_2399594_R,2399594.0,2399644.95,,,R,monocular,1,1
PV_62,038,PV_62_block_038,PV_62_038_2399730_R,2399729.85,2399746.85,0.5872277088504159,272.6147735355647,R,monocular,1,1
PV_62,038,PV_62_block_038,PV_62_038_2400273_R,2400273.35,2400324.3,2.4132379498632988,255.81055889547906,R,monocular,1,1
PV_62,038,PV_62_block_038,PV_62_038_2400443_R,2400443.2,2400477.2,2.0773042581481653,350.7543135457363,R,monocular,1,1
PV_62,038,PV_62_block_038,PV_62_038_2401055_R,2401054.6,2401071.55,,,R,monocular,1,1
PV_62,038,PV_62_block_038,PV_62_038_2401190_R,2401190.4,2401224.4,9.780428291892747,279.4691788159745,R,monocular,1,1
PV_62,038,PV_62_block_038,PV_62_038_2401258_R,2401258.35,2401275.3,0.7051561259959316,35.91532218557923,R,monocular,1,1
PV_62,038,PV_62_block_038,PV_62_038_2401292_R,2401292.3,2401309.3,0.666350913561556,68.55411917968677,R,monocular,1,1
PV_62,038,PV_62_block_038,PV_62_038_2401343_R,2401343.25,2401394.2,2.6246382399602104,75.69106716238022,R,monocular,1,1
PV_62,038,PV_62_block_038,PV_62_038_2402192_R,2402192.25,2402226.2,,,R,monocular,1,1
PV_62,038,PV_62_block_038,PV_62_038_2404620_R,2404620.25,2404637.2,3.587299588830136,91.1285815741575,R,monocular,1,1
PV_62,038,PV_62_block_038,PV_62_038_2404637_R,2404637.2,2404654.2,0.5547306289507499,187.30950479443698,R,monocular,1,1
PV_62,038,PV_62_block_038,PV_62_038_2404858_R,2404858.0,2404891.95,15.864070341704757,101.49468060235753,R,monocular,1,1
PV_62,038,PV_62_block_038,PV_62_038_2404943_R,2404942.9,2404959.9,0.7352658526920748,307.11478135629335,R,monocular,1,1
PV_62,038,PV_62_block_038,PV_62_038_2405384_R,2405384.5,2405401.5,2.076914391346079,122.96434281655722,R,monocular,1,1
PV_62,038,PV_62_block_038,PV_62_038_2405452_R,2405452.4,2405469.4,0.5733149615407788,296.5078865825277,R,monocular,1,1
PV_62,038,PV_62_block_038,PV_62_038_2406420_R,2406420.45,2406437.4,0.6415660811870618,282.75602561659014,R,monocular,1,1
PV_62,038,PV_62_block_038,PV_62_038_2407355_R,2407354.55,2407405.45,16.53956076599309,111.316590140084,R,monocular,1,1
PV_62,038,PV_62_block_038,PV_62_038_2407779_R,2407779.15,2407813.15,1.4325517925728908,297.6602143184449,R,monocular,1,1
PV_62,038,PV_62_block_038,PV_62_038_2408204_R,2408203.75,2408237.75,1.5455045438882264,199.5881263367296,R,monocular,1,1
PV_62,038,PV_62_block_038,PV_62_038_2408255_R,2408254.7,2408288.65,1.655374774913435,249.74867472514904,R,monocular,1,1
PV_62,038,PV_62_block_038,PV_62_038_2411685_R,2411685.25,2411753.15,6.448592989215024,167.10622099250827,R,monocular,1,1
PV_62,038,PV_62_block_038,PV_62_038_2412517_R,2412517.4,2412534.4,10.531454350736576,214.92332696030863,R,monocular,1,1
PV_62,038,PV_62_block_038,PV_62_038_2412568_R,2412568.35,2412636.3,9.805501483746212,250.07173988394732,R,monocular,1,1
PV_62,038,PV_62_block_038,PV_62_038_2412636_R,2412636.3,2412670.25,1.3000609612960012,33.055126345691306,R,monocular,1,1
PV_62,038,PV_62_block_038,PV_62_038_2416016_R,2416015.85,2416100.75,11.33677881735658,243.06506699919044,R,monocular,1,1
PV_62,038,PV_62_block_038,PV_62_038_2420380_R,2420379.85,2420447.8,12.810816565629157,40.540097913501,R,monocular,1,1
PV_62,038,PV_62_block_038,PV_62_038_2420482_R,2420481.8,2420583.7,11.489475304820214,88.80208722162689,R,monocular,1,1
PV_62,038,PV_62_block_038,PV_62_038_2435815_R,2435815.05,2435849.05,1.9374643417180615,36.43493079287488,R,monocular,1,1
PV_62,038,PV_62_block_038,PV_62_038_2436087_R,2436086.75,2436137.7,9.026472114058196,292.37956757594856,R,monocular,1,1
PV_62,038,PV_62_block_038,PV_62_038_2436172_R,2436171.65,2436239.55,3.9455993477794937,136.63032128346768,R,monocular,1,1
PV_62,038,PV_62_block_038,PV_62_038_2436936_R,2436935.65,2436952.65,0.905162577975424,63.94240818696419,R,monocular,1,1
PV_62,038,PV_62_block_038,PV_62_038_2436953_R,2436952.65,2436986.55,,,R,monocular,1,1
PV_62,038,PV_62_block_038,PV_62_038_2437173_R,2437173.35,2437207.3,1.9593625188277437,84.38939021406772,R,monocular,1,1
PV_62,038,PV_62_block_038,PV_62_038_2438430_R,2438429.8,2438463.75,4.672278306069993,113.65152547194046,R,monocular,1,1
PV_62,038,PV_62_block_038,PV_62_038_2438464_R,2438463.75,2438497.75,1.130019459131496,214.66991892999573,R,monocular,1,1
PV_62,038,PV_62_block_038,PV_62_038_2438515_R,2438514.7,2438531.7,0.5871206974917468,270.51349499104833,R,monocular,1,1
PV_62,038,PV_62_block_038,PV_62_038_2441979_R,2441979.0,2442012.95,2.0467923191007085,273.1157892983257,R,monocular,1,1
PV_62,038,PV_62_block_038,PV_62_038_2442166_R,2442165.85,2442216.8,2.450057414595214,278.858830938696,R,monocular,1,1
PV_62,038,PV_62_block_038,PV_62_038_2443134_R,2443133.75,2443167.7,12.585950926065573,128.87895332608744,R,monocular,1,1
PV_62,038,PV_62_block_038,PV_62_038_2445290_R,2445290.45,2445341.4,2.375490709906901,288.02443189249186,R,monocular,1,1
PV_62,038,PV_62_block_038,PV_62_038_2445426_R,2445426.3,2445443.3,0.5938909611462575,1.3070153765247448,R,monocular,1,1
PV_62,038,PV_62_block_038,PV_62_038_2449705_R,2449705.0,2449739.0,3.8064709237238765,132.91605971024458,R,monocular,1,1
PV_62,038,PV_62_block_038,PV_62_038_2460419_R,2460419.45,2460453.4,,,R,monocular,1,1
PV_62,038,PV_62_block_038,PV_62_038_2492885_R,2492884.6,2492952.55,9.879816408330806,322.064551635856,R,monocular,1,1
PV_62,038,PV_62_block_038,PV_62_038_2495296_R,2495296.05,2495380.95,8.846593514873193,313.79878974058795,R,monocular,1,1
PV_62,038,PV_62_block_038,PV_62_038_2495398_R,2495397.9,2495431.85,1.0289417134236634,261.65505650206046,R,monocular,1,1
PV_62,038,PV_62_block_038,PV_62_038_2496009_R,2496009.35,2496043.3,1.115550943780453,330.3397315192425,R,monocular,1,1
PV_62,038,PV_62_block_038,PV_62_038_2497062_R,2497062.15,2497096.1,1.0179177054558308,265.6372989565963,R,monocular,1,1
PV_62,038,PV_62_block_038,PV_62_038_2497436_R,2497435.75,2497452.7,,,R,monocular,1,1
PV_62,038,PV_62_block_038,PV_62_038_2498998_R,2498998.1,2499116.95,9.838794309053307,314.68156039611057,R,monocular,1,1
PV_62,038,PV_62_block_038,PV_62_038_2506300_R,2506300.0,2506316.95,1.1404899024493094,270.5005546856167,R,monocular,1,1
PV_62,038,PV_62_block_038,PV_62_038_2511988_R,2511988.3,2512005.25,,,R,monocular,1,1
PV_62,038,PV_62_block_038,PV_62_038_2514128_R,2514127.7,2514144.65,0.9971558324421939,271.0013345119768,R,monocular,1,1
PV_62,038,PV_62_block_038,PV_62_038_2514145_R,2514144.65,2514161.65,0.8706172182762133,90.5879745785073,R,monocular,1,1
PV_62,038,PV_62_block_038,PV_62_038_2515181_R,2515180.6,2515197.6,0.7666014077908445,265.33304996050623,R,monocular,1,1
PV_62,038,PV_62_block_038,PV_62_038_2515215_R,2515214.55,2515231.55,0.7305559738428903,269.64023148630463,R,monocular,1,1
PV_62,038,PV_62_block_038,PV_62_038_2515690_R,2515690.1,2515707.1,0.9630201213190851,90.88082724971319,R,monocular,1,1
PV_62,038,PV_62_block_038,PV_62_038_2516709_R,2516708.95,2516742.9,0.9843078936596765,89.76208597346873,R,monocular,1,1
PV_62,038,PV_62_block_038,PV_62_038_2517082_R,2517082.5,2517099.45,,,R,monocular,1,1
PV_62,038,PV_62_block_038,PV_62_038_2518458_R,2518458.05,2518475.0,0.9819588314271502,88.63820989285557,R,monocular,1,1
PV_62,038,PV_62_block_038,PV_62_038_2518594_R,2518593.9,2518610.9,0.9113404855546945,271.6346300374183,R,monocular,1,1
PV_62,038,PV_62_block_038,PV_62_038_2518611_R,2518610.9,2518627.9,0.9069542254944938,91.00813523532594,R,monocular,1,1
PV_62,038,PV_62_block_038,PV_62_038_2518628_R,2518627.9,2518644.85,0.9019404746591829,268.77983440733635,R,monocular,1,1
PV_62,038,PV_62_block_038,PV_62_038_2518866_R,2518865.6,2518882.6,0.9523173621931592,266.85753000826895,R,monocular,1,1
PV_62,038,PV_62_block_038,PV_62_038_2520496_R,2520495.85,2520529.8,1.042544264180066,88.96753850350383,R,monocular,1,1
PV_62,038,PV_62_block_038,PV_62_038_2520785_R,2520784.55,2520818.5,1.0044681127081814,85.03265068461722,R,monocular,1,1
PV_62,038,PV_62_block_038,PV_62_038_2522822_R,2522822.3,2522839.25,0.9557776841083222,269.842049608997,R,monocular,1,1
PV_62,038,PV_62_block_038,PV_62_038_2522839_R,2522839.25,2522873.25,0.9483787802924756,87.23626729130827,R,monocular,1,1
PV_62,038,PV_62_block_038,PV_62_038_2524164_R,2524163.55,2524197.5,1.7151782297595346,44.40371028817191,R,monocular,1,1
PV_62,038,PV_62_block_038,PV_62_038_2528051_R,2528051.45,2528068.45,0.6336467365000854,31.321261525115148,R,monocular,1,1
PV_62,038,PV_62_block_038,PV_62_038_2529155_R,2529155.2,2529240.1,5.12304863158508,12.652966424602438,R,monocular,1,1
PV_62,038,PV_62_block_038,PV_62_038_2529919_R,2529919.2,2529970.15,2.7310466290079085,7.9227756748998965,R,monocular,1,1
PV_62,038,PV_62_block_038,PV_62_038_2529987_R,2529987.1,2530004.1,0.5888094504559989,15.926244628277857,R,monocular,1,1
PV_62,038,PV_62_block_038,PV_62_038_2532058_R,2532058.5,2532092.5,2.0459626952747128,10.188518463379573,R,monocular,1,1
PV_62,038,PV_62_block_038,PV_62_038_2534333_R,2534333.35,2534367.3,1.610796751390126,31.471585532738185,R,monocular,1,1
PV_62,038,PV_62_block_038,PV_62_038_2535624_R,2535623.65,2535657.65,5.122006079169788,4.7614370342581624,R,monocular,1,1
PV_62,038,PV_62_block_038,PV_62_038_2541599_R,2541599.15,2541701.0,8.335958658049465,271.71599706678734,R,monocular,1,1
PV_62,038,PV_62_block_038,PV_62_038_2544281_R,2544281.3,2544383.15,20.230972439622818,319.34256433443966,R,monocular,1,1
PV_62,038,PV_62_block_038,PV_62_038_2544808_R,2544807.55,2544841.5,,,R,monocular,1,1
PV_62,038,PV_62_block_038,PV_62_038_2546352_R,2546352.5,2546437.4,12.191515393417033,79.80517060240338,R,monocular,1,1
PV_62,038,PV_62_block_038,PV_62_038_2546522_R,2546522.3,2546539.3,0.6537090522848464,262.42227113256536,R,monocular,1,1
PV_62,038,PV_62_block_038,PV_62_038_2552703_R,2552703.15,2552720.15,0.7556783650850412,326.4963254967272,R,monocular,1,1
PV_62,038,PV_62_block_038,PV_62_038_2554724_R,2554723.7,2554791.6,3.726414044903132,283.14175717217057,R,monocular,1,1
PV_62,038,PV_62_block_038,PV_62_038_2564810_R,2564809.6,2564826.6,0.647361471049907,344.1738609662894,R,monocular,1,1
PV_62,038,PV_62_block_038,PV_62_038_2568698_R,2568698.1,2568800.0,11.604066684606625,188.27831789064288,R,monocular,1,1
PV_62,038,PV_62_block_038,PV_62_038_2568817_R,2568817.0,2568901.9,8.765524981295435,41.916956992606465,R,monocular,1,1
PV_62,038,PV_62_block_038,PV_62_038_2568919_R,2568918.9,2568935.85,0.6388636262884028,19.77292742672544,R,monocular,1,1
PV_62,038,PV_62_block_038,PV_62_038_2574710_R,2574710.35,2574795.25,15.692675765360978,145.4631689590703,R,monocular,1,1
PV_62,038,PV_62_block_038,PV_62_038_2574948_R,2574948.15,2574999.1,2.155206459367617,310.0619165895051,R,monocular,1,1
PV_62,038,PV_62_block_038,PV_62_038_2581385_R,2581384.9,2581469.85,5.5316376765456585,132.8957894348664,R,monocular,1,1
PV_62,038,PV_62_block_038,PV_62_038_2586038_R,2586038.5,2586140.4,28.235468752896548,313.19960670232285,R,monocular,1,1
PV_62,038,PV_62_block_038,PV_62_038_2586701_R,2586700.9,2586751.85,16.33467528266271,18.315700578078047,R,monocular,1,1
PV_62,038,PV_62_block_038,PV_62_038_2586786_R,2586785.8,2586836.8,,,R,monocular,1,1
PV_62,038,PV_62_block_038,PV_62_038_2600475_R,2600474.65,2600491.6,0.5988861463512763,222.7161992514297,R,monocular,1,1
PV_62,038,PV_62_block_038,PV_62_038_2603175_R,2603175.05,2603192.05,0.6342706920837426,175.61921606692397,R,monocular,1,1
PV_62,038,PV_62_block_038,PV_62_038_2603396_R,2603395.85,2603429.85,0.8793768609698953,92.0809800564381,R,monocular,1,1
PV_62,038,PV_62_block_038,PV_62_038_2603464_R,2603463.8,2603480.8,1.010207084104352,90.70437910053188,R,monocular,1,1
PV_62,038,PV_62_block_038,PV_62_038_2603481_R,2603480.8,2603514.8,0.9519386497403395,270.683835518274,R,monocular,1,1
PV_62,038,PV_62_block_038,PV_62_038_2605553_R,2605552.95,2605586.9,1.0156610804304425,266.5879244100816,R,monocular,1,1
PV_62,038,PV_62_block_038,PV_62_038_2605893_R,2605892.55,2605909.55,0.9839830278172063,91.17995545881143,R,monocular,1,1
PV_62,038,PV_62_block_038,PV_62_038_2605910_R,2605909.55,2605943.5,0.993467740467946,270.74262674398653,R,monocular,1,1
PV_62,038,PV_62_block_038,PV_62_038_2606640_R,2606639.65,2606656.65,0.870801618353122,86.76823249321475,R,monocular,1,1
PV_62,038,PV_62_block_038,PV_62_038_2606657_R,2606656.65,2606690.65,1.1334259715902315,274.098534947376,R,monocular,1,1
PV_62,038,PV_62_block_038,PV_62_038_2608797_R,2608796.6,2608830.6,0.9275302345688193,272.32346436854306,R,monocular,1,1
PV_62,038,PV_62_block_038,PV_62_038_2609357_R,2609357.0,2609374.0,2.8442218769959573,209.35599634383195,R,monocular,1,1
PV_62,038,PV_62_block_038,PV_62_038_2609425_R,2609424.9,2609441.9,1.0651355446503004,294.18247246100964,R,monocular,1,1
PV_62,038,PV_62_block_038,PV_62_038_2609442_R,2609441.9,2609458.85,1.0634697961350685,76.62231270346754,R,monocular,1,1
PV_62,038,PV_62_block_038,PV_62_038_2609595_R,2609594.7,2609628.7,11.708935158368924,126.38793696460714,R,monocular,1,1
PV_62,038,PV_62_block_038,PV_62_038_2611598_R,2611598.5,2611615.5,0.7328175269146774,351.1969163274629,R,monocular,1,1
PV_62,038,PV_62_block_038,PV_62_038_2611632_R,2611632.45,2611649.45,0.7726380110391996,358.07367182736897,R,monocular,1,1
PV_62,038,PV_62_block_038,PV_62_038_2613551_R,2613551.35,2613568.3,8.704909733212137,149.95128561711763,R,monocular,1,1
PV_62,038,PV_62_block_038,PV_62_038_2613687_R,2613687.2,2613755.1,6.365084014038703,33.1273583769046,R,monocular,1,1
PV_62,038,PV_62_block_038,PV_62_038_2613755_R,2613755.1,2613772.1,0.705381799512602,279.9873231712785,R,monocular,1,1
PV_62,038,PV_62_block_038,PV_62_038_2614740_R,2614740.05,2614790.95,8.519221112546854,117.54129139968241,R,monocular,1,1
PV_62,038,PV_62_block_038,PV_62_038_2614859_R,2614858.85,2614875.85,0.7433897080105617,271.1554791634656,R,monocular,1,1
PV_62,038,PV_62_block_038,PV_62_038_2619155_R,2619155.15,2619189.1,1.739944083965629,190.36565513649336,R,monocular,1,1
PV_62,038,PV_62_block_038,PV_62_038_2619359_R,2619358.95,2619375.9,0.7269916698630369,7.854660546574698,R,monocular,1,1
PV_62,038,PV_62_block_038,PV_62_038_2619393_R,2619392.9,2619426.9,1.4506982784574507,352.1757187723726,R,monocular,1,1
PV_62,038,PV_62_block_038,PV_62_038_2621618_R,2621617.75,2621634.75,0.5380968431576553,290.25502573183235,R,monocular,1,1
PV_62,038,PV_62_block_038,PV_62_038_2621686_R,2621685.7,2621736.65,2.613252643487208,11.07463498289897,R,monocular,1,1
PV_62,038,PV_62_block_038,PV_62_038_2626101_R,2626100.95,2626134.9,1.3257083816289412,355.92025792018956,R,monocular,1,1
PV_62,038,PV_62_block_038,PV_62_038_2626169_R,2626168.85,2626202.8,1.650102727166814,30.157458337533683,R,monocular,1,1
PV_62,038,PV_62_block_038,PV_62_038_2626220_R,2626219.8,2626236.75,0.5422977864636203,15.858323026773178,R,monocular,1,1
PV_62,038,PV_62_block_038,PV_62_038_2628919_R,2628919.05,2628936.0,0.6396457625709653,139.58330721925935,R,monocular,1,1
PV_62,038,PV_62_block_038,PV_62_038_2628953_R,2628953.0,2629054.8,6.268869786544069,125.19932411452393,R,monocular,1,1
PV_62,038,PV_62_block_038,PV_62_038_2629174_R,2629173.65,2629190.6,0.7094840112009632,26.896345717639992,R,monocular,1,1
PV_62,038,PV_62_block_038,PV_62_038_2629836_R,2629835.65,2629903.5,5.844199708821644,127.04150416708289,R,monocular,1,1
PV_62,038,PV_62_block_038,PV_62_038_2630939_R,2630938.95,2630972.9,1.2829281517581017,165.71674217444126,R,monocular,1,1
PV_62,038,PV_62_block_038,PV_62_038_2640922_R,2640922.15,2640973.1,19.086461705049697,158.96694601458213,R,monocular,1,1
PV_62,038,PV_62_block_038,PV_62_038_2641347_R,2641346.65,2641363.65,0.5420293142972106,314.78991934347346,R,monocular,1,1
PV_62,038,PV_62_block_038,PV_62_038_2641500_R,2641499.5,2641516.45,0.5166488344698262,243.56487071894486,R,monocular,1,1
PV_62,038,PV_62_block_038,PV_62_038_2641567_R,2641567.4,2641601.4,2.2155385131263436,251.74320840953914,R,monocular,1,1
PV_62,038,PV_62_block_038,PV_62_038_2642569_R,2642569.2,2642603.15,1.317260629796158,287.4848643187462,R,monocular,1,1
PV_62,038,PV_62_block_038,PV_62_038_2642620_R,2642620.15,2642654.1,1.7419950057162243,303.2040312813436,R,monocular,1,1
PV_62,038,PV_62_block_038,PV_62_038_2642705_R,2642705.05,2642722.0,0.7302633756460084,302.34724771370895,R,monocular,1,1
PV_62,038,PV_62_block_038,PV_62_038_2642739_R,2642739.0,2642755.95,0.7815208535316611,282.7396302593889,R,monocular,1,1
PV_62,038,PV_62_block_038,PV_62_038_2642773_R,2642772.95,2642789.95,,,R,monocular,1,1
PV_62,038,PV_62_block_038,PV_62_038_2642943_R,2642942.8,2642959.75,14.203308558226084,88.43087316208062,R,monocular,1,1
PV_62,038,PV_62_block_038,PV_62_038_2642960_R,2642959.75,2642993.75,1.0914955417066206,317.18793000544133,R,monocular,1,1
PV_62,038,PV_62_block_038,PV_62_038_2643011_R,2643010.7,2643044.65,2.3909394830815764,16.1183668397022,R,monocular,1,1
PV_62,038,PV_62_block_038,PV_62_038_2643096_R,2643095.6,2643129.55,1.7131493628994265,78.73306708429462,R,monocular,1,1
PV_62,038,PV_62_block_038,PV_62_038_2643316_R,2643316.35,2643350.3,3.3977923669378582,66.05635798000758,R,monocular,1,1
PV_62,038,PV_62_block_038,PV_62_038_2643401_R,2643401.2,2643435.2,4.704706565904223,151.50601614177398,R,monocular,1,1
PV_62,038,PV_62_block_038,PV_62_038_2643928_R,2643927.6,2643944.55,0.7138825616070296,259.63554252028126,R,monocular,1,1
PV_62,038,PV_62_block_038,PV_62_038_2645218_R,2645217.95,2645234.9,0.5913388393603941,261.5343906215466,R,monocular,1,1
PV_62,038,PV_62_block_038,PV_62_038_2645252_R,2645251.9,2645285.85,1.050917889558837,266.06210900081345,R,monocular,1,1
PV_62,038,PV_62_block_038,PV_62_038_2645337_R,2645336.75,2645404.7,4.6562035822597645,90.55073662270641,R,monocular,1,1
PV_62,038,PV_62_block_038,PV_62_038_2647340_R,2647340.5,2647374.45,4.979030579030494,251.82386398356516,R,monocular,1,1
PV_62,038,PV_62_block_038,PV_62_038_2650346_R,2650346.45,2650431.35,11.544306073655303,162.14934105496303,R,monocular,1,1
PV_62,038,PV_62_block_038,PV_62_038_2650635_R,2650635.1,2650703.0,8.77337149360206,239.33083061590622,R,monocular,1,1
PV_62,038,PV_62_block_038,PV_62_038_2650703_R,2650703.0,2650720.0,0.6496555271535757,5.664670393502042,R,monocular,1,1
PV_62,038,PV_62_block_038,PV_62_038_2651773_R,2651772.85,2651789.8,0.9238930598938813,90.93451253882752,R,monocular,1,1
PV_62,038,PV_62_block_038,PV_62_038_2653607_R,2653607.15,2653709.05,8.590782966975144,118.46897422662927,R,monocular,1,1
PV_62,038,PV_62_block_038,PV_62_038_2653726_R,2653726.05,2653777.0,4.789110279915985,45.851307552915955,R,monocular,1,1
PV_62,038,PV_62_block_038,PV_62_038_2653794_R,2653794.0,2653810.95,0.6249105087094418,327.02265102069583,R,monocular,1,1
PV_62,038,PV_62_block_038,PV_62_038_2664188_R,2664188.45,2664239.4,3.0836935273175827,229.0280117356498,R,monocular,1,1
PV_62,038,PV_62_block_038,PV_62_038_2664324_R,2664324.3,2664341.3,1.200796672749424,142.5325633110251,R,monocular,1,1
PV_62,038,PV_62_block_038,PV_62_038_2666023_R,2666022.55,2666039.55,0.5378037070575207,130.37868510569177,R,monocular,1,1
PV_62,038,PV_62_block_038,PV_62_038_2666074_R,2666073.5,2666090.5,1.4875817930707598,143.5058203589763,R,monocular,1,1
PV_62,038,PV_62_block_038,PV_62_038_2666379_R,2666379.2,2666396.2,0.7493934483613103,61.00461744637147,R,monocular,1,1
PV_62,038,PV_62_block_038,PV_62_038_2669317_R,2669317.4,2669334.4,0.5147820731105622,267.87840205420105,R,monocular,1,1
PV_62,038,PV_62_block_038,PV_62_038_2670421_R,2670421.3,2670472.25,3.747836104700391,73.45525813034824,R,monocular,1,1
PV_62,038,PV_62_block_038,PV_62_038_2679949_R,2679949.15,2679983.15,0.9144418269324814,322.79430202426505,R,monocular,1,1
PV_62,038,PV_62_block_038,PV_62_038_2680017_R,2680017.1,2680034.05,0.5988725883196613,194.40316075801832,R,monocular,1,1
PV_62,038,PV_62_block_038,PV_62_038_2680085_R,2680085.05,2680102.0,0.5993912467184676,128.4547243563009,R,monocular,1,1
PV_62,038,PV_62_block_038,PV_62_038_2684212_R,2684211.7,2684313.6,15.243611856903588,256.2087703748772,R,monocular,1,1
PV_62,038,PV_62_block_038,PV_62_038_2684365_R,2684364.55,2684398.55,1.1911842489056315,89.42508008554489,R,monocular,1,1
PV_62,038,PV_62_block_038,PV_62_038_2687354_R,2687354.0,2687371.0,0.9185616474731159,90.78359997069876,R,monocular,1,1
PV_62,038,PV_62_block_038,PV_62_038_2687371_R,2687371.0,2687388.0,0.9570652719585059,269.8786828853086,R,monocular,1,1
PV_62,038,PV_62_block_038,PV_62_038_2692722_R,2692721.55,2692806.5,3.8426708422945306,311.1945398080716,R,monocular,1,1
PV_62,038,PV_62_block_038,PV_62_038_2693316_R,2693316.05,2693333.0,0.591057838734246,355.48150110799685,R,monocular,1,1
PV_62,038,PV_62_block_038,PV_62_038_2693622_R,2693621.65,2693638.65,0.6911723800088337,264.9260274056941,R,monocular,1,1
PV_62,038,PV_62_block_038,PV_62_038_2693656_R,2693655.6,2693723.55,4.127941649665037,316.7815689166416,R,monocular,1,1
PV_62,038,PV_62_block_038,PV_62_038_2694335_R,2694334.95,2694470.75,21.380621471454575,117.25757574168938,R,monocular,1,1
PV_62,038,PV_62_block_038,PV_62_038_2694522_R,2694521.7,2694589.6,,,R,monocular,1,1
PV_62,038,PV_62_block_038,PV_62_038_2694827_R,2694827.35,2694861.3,9.928546204437499,130.96742355610695,R,monocular,1,1
PV_62,038,PV_62_block_038,PV_62_038_2694912_R,2694912.25,2694946.2,1.4230128121982966,345.53207357702087,R,monocular,1,1
PV_62,038,PV_62_block_038,PV_62_038_2696237_R,2696236.95,2696253.9,,,R,monocular,1,1
PV_62,038,PV_62_block_038,PV_62_038_2696509_R,2696508.65,2696542.6,1.2938645861249858,290.48179894488044,R,monocular,1,1
PV_62,038,PV_62_block_038,PV_62_038_2700296_R,2700295.65,2700329.6,0.8875181139236457,292.7464518323652,R,monocular,1,1
PV_62,038,PV_62_block_038,PV_62_038_2700364_R,2700363.55,2700397.55,,,R,monocular,1,1
PV_62,038,PV_62_block_038,PV_62_038_2719641_R,2719640.55,2719657.55,0.7309189625259696,269.3178184163525,R,monocular,1,1
PV_62,038,PV_62_block_038,PV_62_038_2764833_R,2764832.65,2764900.6,9.510284499588858,137.79791680493767,R,monocular,1,1
PV_62,038,PV_62_block_038,PV_62_038_2768756_R,2768755.8,2768823.75,7.62574007727742,135.91199803613745,R,monocular,1,1
PV_62,038,PV_62_block_038,PV_62_038_2770132_R,2770131.5,2770250.4,11.556569283577328,219.70744123559822,R,monocular,1,1
PV_62,038,PV_62_block_038,PV_62_038_2771728_R,2771727.95,2771761.9,,,R,monocular,1,1
PV_62,038,PV_62_block_038,PV_62_038_2781883_R,2781883.05,2781917.0,1.4352589654511716,94.03801002618584,R,monocular,1,1
PV_62,038,PV_62_block_038,PV_62_038_2781934_R,2781934.0,2781967.95,2.109647232210623,127.34843540513582,R,monocular,1,1
PV_62,038,PV_62_block_038,PV_62_038_2782053_R,2782052.9,2782120.8,4.667647808765226,132.769033503981,R,monocular,1,1
PV_62,038,PV_62_block_038,PV_62_038_2787352_R,2787351.85,2787368.85,0.7508856393789028,261.21700481673645,R,monocular,1,1
PV_62,038,PV_62_block_038,PV_62_038_2787641_R,2787640.6,2787657.6,0.6703348160422958,90.42726870062063,R,monocular,1,1
PV_62,038,PV_62_block_038,PV_62_038_2791360_R,2791360.3,2791394.25,4.738493005075261,93.56637014115377,R,monocular,1,1
PV_62,038,PV_62_block_038,PV_62_038_2794196_R,2794196.2,2794382.95,29.630275424471716,348.3524990444354,R,monocular,1,1
PV_62,038,PV_62_block_038,PV_62_038_2799528_R,2799528.15,2799562.1,1.7551265649343772,119.68235030230116,R,monocular,1,1
PV_62,038,PV_62_block_038,PV_62_038_2801735_R,2801735.4,2801820.3,6.381240775104371,228.03392211840028,R,monocular,1,1
PV_62,038,PV_62_block_038,PV_62_038_2823202_R,2823202.35,2823219.35,4.7146597956907685,91.19173860110449,R,monocular,1,1
PV_62,038,PV_62_block_038,PV_62_038_2823253_R,2823253.3,2823287.3,,,R,monocular,1,1
PV_62,038,PV_62_block_038,PV_62_038_2835328_R,2835328.45,2835379.4,2.7389761314048995,71.5265486986796,R,monocular,1,1
PV_62,038,PV_62_block_038,PV_62_038_2841799_R,2841798.85,2841832.8,2.0796023078181904,162.88624196056122,R,monocular,1,1
PV_62,038,PV_62_block_038,PV_62_038_2862621_R,2862621.35,2862723.25,23.569076361209095,172.80903374560236,R,monocular,1,1
PV_62,038,PV_62_block_038,PV_62_038_2863080_R,2863079.9,2863096.9,0.5947363371296753,329.1787915537657,R,monocular,1,1
PV_62,038,PV_62_block_038,PV_62_038_2864473_R,2864472.55,2864591.4,6.060851596317478,355.6544115395193,R,monocular,1,1
PV_62,038,PV_62_block_038,PV_62_038_2867105_R,2867104.85,2867138.8,1.9047128554950488,317.263701798768,R,monocular,1,1
PV_62,038,PV_62_block_038,PV_62_038_2867156_R,2867155.8,2867206.75,2.4824921549419283,351.49133004542705,R,monocular,1,1
PV_62,038,PV_62_block_038,PV_62_038_2867224_R,2867223.75,2867240.75,0.5331383984959017,18.233046393604944,R,monocular,1,1
PV_62,038,PV_62_block_038,PV_62_038_2870791_R,2870790.6,2870807.6,0.5076069578472184,320.0284835608269,R,monocular,1,1
PV_62,038,PV_62_block_038,PV_62_038_2870910_R,2870909.5,2870960.45,2.359695311897584,9.308301494731838,R,monocular,1,1
PV_62,038,PV_62_block_038,PV_62_038_2872404_R,2872404.05,2872438.0,1.703377609431413,321.69949926926864,R,monocular,1,1
PV_62,038,PV_62_block_038,PV_62_038_2872506_R,2872505.95,2872539.9,1.4896422546605828,347.9916801861458,R,monocular,1,1
PV_62,038,PV_62_block_038,PV_62_038_2872557_R,2872556.9,2872573.85,0.7272960642974108,352.14494138610826,R,monocular,1,1
PV_62,038,PV_62_block_038,PV_62_038_2872710_R,2872709.7,2872726.7,3.030654033516722,182.09027606172282,R,monocular,1,1
PV_62,038,PV_62_block_038,PV_62_038_2872795_R,2872794.65,2872828.6,2.1430141265037075,318.4920116636454,R,monocular,1,1
PV_62,038,PV_62_block_038,PV_62_038_2875648_R,2875647.7,2875681.7,1.1091334424412045,215.27240302538036,R,monocular,1,1
PV_62,038,PV_62_block_038,PV_62_038_2875716_R,2875715.65,2875749.6,1.5472330172979387,26.999747184064944,R,monocular,1,1
PV_62,038,PV_62_block_038,PV_62_038_2884496_R,2884496.2,2884530.15,1.0216790098515607,119.91098674072012,R,monocular,1,1
PV_62,038,PV_62_block_038,PV_62_038_2886483_R,2886483.3,2886500.3,2.399025926849124,129.38889477257618,R,monocular,1,1
PV_62,038,PV_62_block_038,PV_62_038_2893616_R,2893616.05,2893650.0,1.798832964416671,41.52853426279393,R,monocular,1,1
PV_62,038,PV_62_block_038,PV_62_038_2893718_R,2893717.95,2893734.95,0.6066286711941344,71.34800170912722,R,monocular,1,1
PV_62,038,PV_62_block_038,PV_62_038_2901293_R,2901293.25,2901344.2,2.800632454921042,255.38219770559027,R,monocular,1,1
PV_62,038,PV_62_block_038,PV_62_038_2915560_R,2915560.35,2915594.3,3.853620062663314,175.4279451823843,R,monocular,1,1
PV_62,038,PV_62_block_038,PV_62_038_2916647_R,2916647.3,2916715.25,5.072310298162549,258.7691390422378,R,monocular,1,1
PV_62,038,PV_62_block_038,PV_62_038_2918074_R,2918074.2,2918210.05,13.694754602684123,252.4531991138366,R,monocular,1,1
PV_62,038,PV_62_block_038,PV_62_038_2921488_R,2921487.75,2921504.75,0.613269808342019,181.19800431800826,R,monocular,1,1
PV_62,038,PV_62_block_038,PV_62_038_2921522_R,2921521.75,2921538.7,,,R,monocular,1,1
PV_62,038,PV_62_block_038,PV_62_038_2921658_R,2921657.6,2921708.55,,,R,monocular,1,1
PV_62,038,PV_62_block_038,PV_62_038_2926090_R,2926089.7,2926106.7,0.8361031438511537,90.28395807551055,R,monocular,1,1
PV_62,038,PV_62_block_038,PV_62_038_2926107_R,2926106.7,2926123.65,0.8426876649687844,268.6856329172043,R,monocular,1,1
PV_62,038,PV_62_block_038,PV_62_038_2926124_R,2926123.65,2926140.65,0.9291798623708898,91.58382771592576,R,monocular,1,1
PV_62,038,PV_62_block_038,PV_62_038_2926141_R,2926140.65,2926157.6,0.6741046802391557,274.4287939645987,R,monocular,1,1
PV_62,038,PV_62_block_038,PV_62_038_2927193_R,2927193.4,2927210.4,0.8101101702986595,270.5791144798691,R,monocular,1,1
PV_62,038,PV_62_block_038,PV_62_038_2928942_R,2928942.5,2928959.5,0.8529192744020138,90.15736027037252,R,monocular,1,1
PV_62,038,PV_62_block_038,PV_62_038_2929928_R,2929927.5,2929961.45,0.890203445036552,90.10853321955469,R,monocular,1,1
PV_62,038,PV_62_block_038,PV_62_038_2931048_R,2931048.35,2931065.35,0.8719003285236021,89.3900768419308,R,monocular,1,1
PV_62,038,PV_62_block_038,PV_62_038_2933035_R,2933035.45,2933052.45,,,R,monocular,1,1
PV_62,038,PV_62_block_038,PV_62_038_2933647_R,2933646.95,2933680.9,0.852356091329848,90.0459372511415,R,monocular,1,1
PV_62,038,PV_62_block_038,PV_62_038_2933919_R,2933918.75,2933952.7,1.4988760637630993,78.99530533646494,R,monocular,1,1
PV_62,038,PV_62_block_038,PV_62_038_2933970_R,2933969.7,2934003.65,1.3747687977486753,36.13961352660331,R,monocular,1,1
PV_62,038,PV_62_block_038,PV_62_038_2943737_R,2943737.1,2943754.1,0.7264892669958821,122.02017931918483,R,monocular,1,1
PV_126,007,PV_126_block_007,PV_126_007_134448_R,134447.5,134497.45,5.013457322940198,350.11166542569816,R,binocular,2,2
PV_126,007,PV_126_block_007,PV_126_007_172260_R,172259.65,172292.95,1.6020070893814478,165.8563446805737,R,binocular,2,2
PV_126,007,PV_126_block_007,PV_126_007_183665_R,183664.9,183731.5,8.88738558072438,165.61608979349523,R,binocular,2,2
PV_126,007,PV_126_block_007,PV_126_007_202446_L,202446.1,202496.05,13.55835147284702,2.8383353215299554,L,binocular,2,2
PV_126,007,PV_126_block_007,PV_126_007_410088_R,410088.25,410188.15,10.199350658684377,95.27525358130333,R,binocular,2,2
PV_126,007,PV_126_block_007,PV_126_007_436012_L,436012.3,436078.9,9.815659331385262,197.4753986840378,L,binocular,2,2
PV_126,007,PV_126_block_007,PV_126_007_526039_L,526038.85,526088.8,1.5350650871717335,217.96231870303455,L,binocular,2,2
PV_126,007,PV_126_block_007,PV_126_007_537777_L,537777.1,537877.0,11.592758590553277,216.49631778183752,L,binocular,2,2
PV_126,007,PV_126_block_007,PV_126_007_580285_R,580284.55,580351.15,8.365568610470921,333.08323625771123,R,binocular,2,2
PV_126,007,PV_126_block_007,PV_126_007_673025_L,673025.05,673108.3,26.893350485932967,79.66059750318422,L,binocular,2,2
PV_126,007,PV_126_block_007,PV_126_007_695453_L,695452.6,695535.85,8.637367602878623,2.7741516050862467,L,binocular,2,2
PV_126,007,PV_126_block_007,PV_126_007_695886_L,695885.5,695935.45,5.464029570166894,333.38172240223423,L,binocular,2,2
PV_126,007,PV_126_block_007,PV_126_007_700081_R,700081.3,700197.85,23.071371059032458,261.56926807529567,R,binocular,2,2
PV_126,007,PV_126_block_007,PV_126_007_710454_L,710454.25,710504.2,2.564617815001731,178.0748916209126,L,binocular,2,2
PV_126,007,PV_126_block_007,PV_126_007_749615_R,749615.05,749731.6,15.758974620283421,132.1956931288852,R,binocular,2,2
PV_126,007,PV_126_block_007,PV_126_007_822875_R,822875.05,822908.35,0.7075320630439415,348.02000966019403,R,binocular,2,2
PV_126,007,PV_126_block_007,PV_126_007_835429_L,835429.15,835479.1,0.7786772460971049,308.14608941250276,L,binocular,2,2
PV_126,007,PV_126_block_007,PV_126_007_835879_L,835878.7,835961.95,10.415731551794492,253.4903058781494,L,binocular,2,2
PV_126,007,PV_126_block_007,PV_126_007_855309_R,855309.25,855392.5,10.10958993853169,147.35473549983934,R,binocular,2,2
PV_126,007,PV_126_block_007,PV_126_007_899315_R,899315.2,899365.15,4.993640542899627,35.22149559413064,R,binocular,2,2
PV_126,007,PV_126_block_007,PV_126_007_958789_R,958789.0,958838.95,2.486232620579507,155.2543527772113,R,binocular,2,2
PV_126,007,PV_126_block_007,PV_126_007_986511_R,986511.25,986677.75,9.32671828859456,12.962379401465656,R,binocular,2,2
PV_126,007,PV_126_block_007,PV_126_007_1029835_L,1029834.55,1029901.15,7.153979268612909,70.26305236647289,L,binocular,2,2
PV_126,007,PV_126_block_007,PV_126_007_1053694_L,1053694.0,1053727.3,1.4569328852690875,56.58795928487731,L,binocular,2,2
PV_126,007,PV_126_block_007,PV_126_007_1070810_R,1070810.2,1070826.85,0.7315733983338671,257.4784688752901,R,binocular,2,2
PV_126,007,PV_126_block_007,PV_126_007_1080667_R,1080667.0,1080783.55,14.561144714259312,334.425730638194,R,binocular,2,2
PV_126,007,PV_126_block_007,PV_126_007_1088209_L,1088209.45,1088359.3,17.074786027811008,195.04192301361454,L,binocular,2,2
PV_126,007,PV_126_block_007,PV_126_007_1131516_L,1131516.1,1131566.05,6.86761890154766,351.44387888176783,L,binocular,2,2
PV_126,007,PV_126_block_007,PV_126_007_1131583_R,1131582.7,1131632.65,3.0817103443418006,201.85362325054234,R,binocular,2,2
PV_126,007,PV_126_block_007,PV_126_007_1192522_R,1192521.7,1192588.3,5.12069205790227,346.6822579076078,R,binocular,2,2
PV_126,007,PV_126_block_007,PV_126_007_1244203_L,1244203.3,1244353.15,17.13397279303056,73.14569009863712,L,binocular,2,2
PV_126,007,PV_126_block_007,PV_126_007_1326454_R,1326454.3,1326520.9,10.185233942369901,343.5266518566101,R,binocular,2,2
PV_126,007,PV_126_block_007,PV_126_007_1342538_R,1342538.2,1342571.5,1.4154870264122255,156.57113421404907,R,binocular,2,2
PV_126,007,PV_126_block_007,PV_126_007_1357840_R,1357839.55,1357906.15,7.0517691850914,180.59532927970258,R,binocular,2,2
PV_126,007,PV_126_block_007,PV_126_007_1365182_L,1365182.2,1365315.4,14.836374681632872,165.71951335826918,L,binocular,2,2
PV_126,007,PV_126_block_007,PV_126_007_1371393_R,1371392.65,1371442.6,1.891397980481028,213.5803919055843,R,binocular,2,2
PV_126,007,PV_126_block_007,PV_126_007_1390490_L,1390490.2,1390540.15,1.6187024534936645,215.7571707755688,L,binocular,2,2
PV_126,007,PV_126_block_007,PV_126_007_1408489_R,1408488.85,1408555.45,7.013688296213424,0.14857216651178207,R,binocular,2,2
PV_126,007,PV_126_block_007,PV_126_007_1408572_L,1408572.1,1408622.05,2.301994652569018,208.65460781177492,L,binocular,2,2
PV_126,007,PV_126_block_007,PV_126_007_1451512_L,1451512.45,1451629.0,11.960909582548105,210.8481175464485,L,binocular,2,2
PV_126,007,PV_126_block_007,PV_126_007_1471676_R,1471675.6,1471742.2,4.1204394934801005,303.45807222699904,R,binocular,2,2
PV_126,007,PV_126_block_007,PV_126_007_1508106_L,1508105.8,1508155.75,4.3241933448039065,70.39176135061304,L,binocular,2,2
PV_126,007,PV_126_block_007,PV_126_007_1528269_R,1528268.95,1528335.55,5.282426764238759,179.16458226198392,R,binocular,2,2
PV_126,007,PV_126_block_007,PV_126_007_1542521_L,1542521.35,1542621.25,7.010117430335163,201.56715148507334,L,binocular,2,2
PV_126,007,PV_126_block_007,PV_126_007_1578136_R,1578135.7,1578202.3,5.682475647838494,337.87736532548615,R,binocular,2,2
PV_126,007,PV_126_block_007,PV_126_007_1582481_L,1582481.35,1582514.65,0.5567442679202499,216.04492548531496,L,binocular,2,2
PV_126,007,PV_126_block_007,PV_126_007_1582515_R,1582514.65,1582597.9,5.891037829673567,146.27737601494917,R,binocular,2,2
PV_126,007,PV_126_block_007,PV_126_007_1728335_R,1728335.35,1728385.3,6.68194554387752,139.65081431453473,R,binocular,2,2
PV_126,007,PV_126_block_007,PV_126_007_1847799_R,1847799.1,1847849.05,10.454642647481087,331.2878888248754,R,binocular,2,2
PV_126,007,PV_126_block_007,PV_126_007_1847882_R,1847882.35,1847932.3,27.078480495961134,210.36096252755232,R,binocular,2,2
PV_126,007,PV_126_block_007,PV_126_007_1847932_L,1847932.3,1847965.6,6.344438958577283,19.868072763903708,L,binocular,2,2
PV_126,007,PV_126_block_007,PV_126_007_1847949_R,1847948.95,1848065.5,9.307549619396537,163.37106383995226,R,binocular,2,2
PV_126,007,PV_126_block_007,PV_126_007_1848099_R,1848098.8,1848148.75,13.14720012759969,26.364122616253344,R,binocular,2,2
PV_126,007,PV_126_block_007,PV_126_007_1848132_R,1848132.1,1848248.65,6.422146966191769,177.94468904159143,R,binocular,2,2
PV_126,007,PV_126_block_007,PV_126_007_1849131_R,1849131.1,1849197.7,21.76254622996415,208.80757037597948,R,binocular,2,2
PV_126,007,PV_126_block_007,PV_126_007_1849181_R,1849181.05,1849330.9,16.70637692504011,34.71777841625545,R,binocular,2,2
PV_126,007,PV_126_block_007,PV_126_007_1849547_R,1849547.35,1849580.65,13.294099370994156,54.08740812205595,R,binocular,2,2
PV_126,007,PV_126_block_007,PV_126_007_1849597_R,1849597.3,1849663.9,3.264753634908143,261.192147898034,R,binocular,2,2
PV_126,007,PV_126_block_007,PV_126_007_1850014_L,1850013.55,1850063.5,4.955970275255021,113.36163012729583,L,binocular,2,2
PV_126,007,PV_126_block_007,PV_126_007_1851312_R,1851312.25,1851462.1,15.531083840198772,246.96340087261427,R,binocular,2,2
PV_126,007,PV_126_block_007,PV_126_007_1851679_R,1851678.55,1851728.5,3.917927670640442,112.16095395139857,R,binocular,2,2
PV_126,007,PV_126_block_007,PV_126_007_1903560_L,1903559.95,1903676.5,13.251260080781826,135.68235121766253,L,binocular,2,2
PV_126,007,PV_126_block_007,PV_126_007_1907706_L,1907705.8,1907805.7,20.767550368344544,234.60406012717092,L,binocular,2,2
PV_126,007,PV_126_block_007,PV_126_007_1910520_L,1910519.65,1910669.5,33.88387219686066,43.247817630138094,L,binocular,2,2
PV_126,007,PV_126_block_007,PV_126_007_1912135_L,1912134.7,1912267.9,37.46365339909676,219.13668806060247,L,binocular,2,2
PV_126,007,PV_126_block_007,PV_126_007_1912268_L,1912267.9,1912417.75,16.26404353297295,30.945673718925296,L,binocular,2,2
PV_126,007,PV_126_block_007,PV_126_007_1915182_L,1915181.65,1915348.15,21.22185182359031,88.24380057486081,L,binocular,2,2
PV_126,007,PV_126_block_007,PV_126_007_1922141_L,1922141.35,1922241.25,13.42979840776695,239.81173662900818,L,binocular,2,2
PV_126,007,PV_126_block_007,PV_126_007_1924422_L,1924422.4,1924489.0,11.112582142150645,249.71826285679776,L,binocular,2,2
PV_126,007,PV_126_block_007,PV_126_007_1941705_L,1941705.1,1941838.3,18.88122811325372,218.80120924608602,L,binocular,2,2
PV_126,007,PV_126_block_007,PV_126_007_1950829_L,1950829.3,1950995.8,29.82623328171079,75.8327270598497,L,binocular,2,2
PV_126,007,PV_126_block_007,PV_126_007_1967146_L,1967146.3,1967279.5,33.79822996233101,276.9041247303303,L,binocular,2,2
PV_126,007,PV_126_block_007,PV_126_007_1968295_L,1968295.15,1968361.75,11.492223827282952,356.84008704800516,L,binocular,2,2
PV_126,007,PV_126_block_007,PV_126_007_1980283_R,1980283.15,1980383.05,6.6807451824827435,109.31081584651596,R,binocular,2,2
PV_126,007,PV_126_block_007,PV_126_007_1999697_R,1999697.05,1999846.9,10.36325622948055,335.6211346490762,R,binocular,2,2
PV_126,007,PV_126_block_007,PV_126_007_1999864_R,1999863.55,1999880.2,0.8682962835859506,185.66128641764965,R,binocular,2,2
PV_126,007,PV_126_block_007,PV_126_007_1999930_R,1999930.15,2000013.4,3.984105438520114,191.6271673394962,R,binocular,2,2
PV_126,007,PV_126_block_007,PV_126_007_2011385_R,2011385.35,2011468.6,16.431432753255354,162.13424451414588,R,binocular,2,2
PV_126,007,PV_126_block_007,PV_126_007_2019294_L,2019294.1,2019410.65,10.99808400129815,134.01397253765347,L,binocular,2,2
PV_126,007,PV_126_block_007,PV_126_007_2024589_L,2024588.8,2024688.7,8.95061344681935,249.29325198144358,L,binocular,2,2
PV_126,007,PV_126_block_007,PV_126_007_2025688_R,2025687.7,2025820.9,14.062978415778183,332.721315571589,R,binocular,2,2
PV_126,007,PV_126_block_007,PV_126_007_2033996_R,2033996.05,2034112.6,27.212828269210448,41.59198554065812,R,binocular,2,2
PV_126,007,PV_126_block_007,PV_126_007_2035361_L,2035361.35,2035494.55,38.65529384631487,78.27068129145972,L,binocular,2,2
PV_126,007,PV_126_block_007,PV_126_007_2035528_L,2035527.85,2035611.1,9.437861061579085,254.34395799796616,L,binocular,2,2
PV_126,007,PV_126_block_007,PV_126_007_2038492_L,2038491.55,2038691.35,37.27353702385061,274.12742500552446,L,binocular,2,2
PV_126,007,PV_126_block_007,PV_126_007_2042271_L,2042271.1,2042470.9,32.311229163307914,40.6476529347127,L,binocular,2,2
PV_126,007,PV_126_block_007,PV_126_007_2046750_L,2046749.95,2046949.75,38.937234899279176,237.24070495645998,L,binocular,2,2
PV_126,007,PV_126_block_007,PV_126_007_2048665_L,2048664.7,2048747.95,9.260576601585225,196.46731721412485,L,binocular,2,2
PV_126,007,PV_126_block_007,PV_126_007_2053410_R,2053409.95,2053576.45,28.62702583949742,40.798298906871814,R,binocular,2,2
PV_126,007,PV_126_block_007,PV_126_007_2058921_L,2058921.1,2059037.65,19.725750109967723,184.01559064788748,L,binocular,2,2
PV_126,007,PV_126_block_007,PV_126_007_2059421_L,2059420.6,2059470.55,9.77369425041616,198.48330164028323,L,binocular,2,2
PV_126,007,PV_126_block_007,PV_126_007_2059471_L,2059470.55,2059570.45,5.263932538006904,17.58769088752689,L,binocular,2,2
PV_126,007,PV_126_block_007,PV_126_007_2061152_L,2061152.2,2061252.1,18.168875148110708,252.64766218054226,L,binocular,2,2
PV_126,007,PV_126_block_007,PV_126_007_202496_L,202496.05,202512.7,0.7540633524072573,220.50353428192432,L,monocular,1,1
PV_126,007,PV_126_block_007,PV_126_007_369329_L,369329.05,369345.7,0.6352218250040826,268.3590412419346,L,monocular,1,1
PV_126,007,PV_126_block_007,PV_126_007_381700_L,381700.0,381716.65,2.9025479532548086,12.642984051748137,L,monocular,1,1
PV_126,007,PV_126_block_007,PV_126_007_484797_L,484796.8,484813.45,0.5385610150016404,227.59820780254162,L,monocular,1,1
PV_126,007,PV_126_block_007,PV_126_007_499132_L,499132.45,499149.1,0.6376973313947245,146.52769309481937,L,monocular,1,1
PV_126,007,PV_126_block_007,PV_126_007_610871_L,610870.6,610887.25,0.5340756000289018,185.06354142607182,L,monocular,1,1
PV_126,007,PV_126_block_007,PV_126_007_788609_L,788609.35,788626.0,0.7784706579162189,289.05152567437545,L,monocular,1,1
PV_126,007,PV_126_block_007,PV_126_007_794853_L,794853.1,794869.75,0.7731428698613485,48.48089434286579,L,monocular,1,1
PV_126,007,PV_126_block_007,PV_126_007_794886_L,794886.4,794953.0,4.512963161181045,27.17934157471065,L,monocular,1,1
PV_126,007,PV_126_block_007,PV_126_007_795003_L,795002.95,795036.25,1.3652705690015423,8.288999847011388,L,monocular,1,1
PV_126,007,PV_126_block_007,PV_126_007_884647_L,884646.55,884663.2,0.6962911223974344,245.00579961546225,L,monocular,1,1
PV_126,007,PV_126_block_007,PV_126_007_968446_L,968446.0,968462.65,0.625424581419658,213.6986797312102,L,monocular,1,1
PV_126,007,PV_126_block_007,PV_126_007_994287_L,994286.8,994303.45,0.5356976671795184,32.84489948962454,L,monocular,1,1
PV_126,007,PV_126_block_007,PV_126_007_1094503_L,1094503.15,1094519.8,1.2582216272261695,267.1838646867019,L,monocular,1,1
PV_126,007,PV_126_block_007,PV_126_007_1105559_L,1105558.75,1105625.35,6.166206801469049,138.19857209288298,L,monocular,1,1
PV_126,007,PV_126_block_007,PV_126_007_1221959_L,1221958.9,1221975.55,0.728263997757345,117.82652799152734,L,monocular,1,1
PV_126,007,PV_126_block_007,PV_126_007_1222059_L,1222058.8,1222075.45,0.7960560411961116,106.31465529633846,L,monocular,1,1
PV_126,007,PV_126_block_007,PV_126_007_1222125_L,1222125.4,1222142.05,,,L,monocular,1,1
PV_126,007,PV_126_block_007,PV_126_007_1222358_L,1222358.5,1222425.1,3.182787039798017,74.54820968870936,L,monocular,1,1
PV_126,007,PV_126_block_007,PV_126_007_1222442_L,1222441.75,1222458.4,,,L,monocular,1,1
PV_126,007,PV_126_block_007,PV_126_007_1229118_L,1229118.4,1229135.05,0.602876761442756,306.58288198718583,L,monocular,1,1
PV_126,007,PV_126_block_007,PV_126_007_1229152_L,1229151.7,1229185.0,1.47670782560214,310.48864070388,L,monocular,1,1
PV_126,007,PV_126_block_007,PV_126_007_1229202_L,1229201.65,1229218.3,0.7805971755715791,292.44093130094217,L,monocular,1,1
PV_126,007,PV_126_block_007,PV_126_007_1229252_L,1229251.6,1229301.55,2.1551541691739553,289.28662725405576,L,monocular,1,1
PV_126,007,PV_126_block_007,PV_126_007_1257940_L,1257939.55,1257972.85,0.906676982621731,92.24719306647575,L,monocular,1,1
PV_126,007,PV_126_block_007,PV_126_007_1258356_L,1258355.8,1258372.45,0.7887960094103114,276.18359862605524,L,monocular,1,1
PV_126,007,PV_126_block_007,PV_126_007_1258889_L,1258888.6,1258905.25,0.9547057177666738,84.1605462544123,L,monocular,1,1
PV_126,007,PV_126_block_007,PV_126_007_1258905_L,1258905.25,1258921.9,0.8801703687977875,268.65591524381,L,monocular,1,1
PV_126,007,PV_126_block_007,PV_126_007_1258922_L,1258921.9,1258938.55,0.8584889027144715,85.55492639663493,L,monocular,1,1
PV_126,007,PV_126_block_007,PV_126_007_1258939_L,1258938.55,1258955.2,0.981338974662798,266.8671854610925,L,monocular,1,1
PV_126,007,PV_126_block_007,PV_126_007_1292572_L,1292571.55,1292604.85,0.9657069431790276,42.112200464029996,L,monocular,1,1
PV_126,007,PV_126_block_007,PV_126_007_1301812_L,1301812.3,1301828.95,0.5533039883033848,257.36381381606475,L,monocular,1,1
PV_126,007,PV_126_block_007,PV_126_007_1313101_L,1313101.0,1313117.65,0.526746398705933,245.59756450304104,L,monocular,1,1
PV_126,007,PV_126_block_007,PV_126_007_1326704_L,1326704.05,1326754.0,4.143652224077551,192.80313180242953,L,monocular,1,1
PV_126,007,PV_126_block_007,PV_126_007_1458855_L,1458855.1,1458988.3,14.954471111187331,151.33410057648652,L,monocular,1,1
PV_126,007,PV_126_block_007,PV_126_007_1492022_L,1492021.9,1492038.55,0.7030649429925111,83.4980903513781,L,monocular,1,1
PV_126,007,PV_126_block_007,PV_126_007_1515049_L,1515048.85,1515082.15,1.4018101761990482,326.4970557322861,L,monocular,1,1
PV_126,007,PV_126_block_007,PV_126_007_1566980_L,1566980.2,1566996.85,0.6008823181093979,170.72848485287048,L,monocular,1,1
PV_126,007,PV_126_block_007,PV_126_007_1676054_L,1676054.35,1676087.65,1.4684993326269429,176.0579981322792,L,monocular,1,1
PV_126,007,PV_126_block_007,PV_126_007_1691173_L,1691172.55,1691239.15,5.0872923044005915,266.41538762887956,L,monocular,1,1
PV_126,007,PV_126_block_007,PV_126_007_1719128_L,1719127.9,1719161.2,1.1779826747955617,309.59682368162635,L,monocular,1,1
PV_126,007,PV_126_block_007,PV_126_007_1755375_L,1755374.95,1755474.85,5.933913786881676,352.8664445279778,L,monocular,1,1
PV_126,007,PV_126_block_007,PV_126_007_1831765_L,1831765.15,1831865.05,17.96129759179819,38.27552282631691,L,monocular,1,1
PV_126,007,PV_126_block_007,PV_126_007_1840307_L,1840306.6,1840439.8,23.648387591831067,206.8928789217315,L,monocular,1,1
PV_126,007,PV_126_block_007,PV_126_007_1847400_L,1847399.5,1847482.75,6.471302106587364,11.250537441572012,L,monocular,1,1
PV_126,007,PV_126_block_007,PV_126_007_1849198_L,1849197.7,1849314.25,11.391146624346408,125.7937139933531,L,monocular,1,1
PV_126,007,PV_126_block_007,PV_126_007_1849581_L,1849580.65,1849597.3,1.0529892786543784,287.06382986768205,L,monocular,1,1
PV_126,007,PV_126_block_007,PV_126_007_1851396_L,1851395.5,1851445.45,2.4319490621198447,32.470858139073805,L,monocular,1,1
PV_126,007,PV_126_block_007,PV_126_007_1851462_L,1851462.1,1851495.4,1.572774830300228,35.06024104886555,L,monocular,1,1
PV_126,007,PV_126_block_007,PV_126_007_1857256_L,1857256.3,1857272.95,0.6861772069569337,5.388972735136598,L,monocular,1,1
PV_126,007,PV_126_block_007,PV_126_007_1867613_L,1867612.6,1867629.25,0.6869187547988674,355.8090232371448,L,monocular,1,1
PV_126,007,PV_126_block_007,PV_126_007_1915332_L,1915331.5,1915364.8,1.3667681222705557,289.18472646194044,L,monocular,1,1
PV_126,007,PV_126_block_007,PV_126_007_1924506_L,1924505.65,1924522.3,0.6238893824915717,105.71163617257507,L,monocular,1,1
PV_126,007,PV_126_block_007,PV_126_007_1930267_L,1930266.55,1930316.5,,,L,monocular,1,1
PV_126,007,PV_126_block_007,PV_126_007_1930350_L,1930349.8,1930449.7,17.35321116622275,125.0570236025832,L,monocular,1,1
PV_126,007,PV_126_block_007,PV_126_007_1934862_L,1934861.95,1934895.25,8.999845574819835,24.98964962544271,L,monocular,1,1
PV_126,007,PV_126_block_007,PV_126_007_1941805_L,1941805.0,1941821.65,0.7902075629288543,81.33881087386314,L,monocular,1,1
PV_126,007,PV_126_block_007,PV_126_007_1950962_L,1950962.5,1951029.1,5.1500099921586475,262.7295251823428,L,monocular,1,1
PV_126,007,PV_126_block_007,PV_126_007_1952594_L,1952594.2,1952610.85,0.5873267232032701,105.27441457972203,L,monocular,1,1
PV_126,007,PV_126_block_007,PV_126_007_1957356_L,1957356.1,1957406.05,3.1945735402418047,266.1101819032579,L,monocular,1,1
PV_126,007,PV_126_block_007,PV_126_007_1963733_L,1963733.05,1963783.0,4.195746855666994,282.0940412753996,L,monocular,1,1
PV_126,007,PV_126_block_007,PV_126_007_1965981_L,1965980.8,1966014.1,2.0290796627160925,47.43957915621692,L,monocular,1,1
PV_126,007,PV_126_block_007,PV_126_007_1967280_L,1967279.5,1967362.75,7.017422912834943,132.26182941042939,L,monocular,1,1
PV_126,007,PV_126_block_007,PV_126_007_1967396_L,1967396.05,1967412.7,0.7363690952816937,104.93085545192338,L,monocular,1,1
PV_126,007,PV_126_block_007,PV_126_007_1989024_L,1989024.4,1989074.35,3.4374158569961093,294.452472341774,L,monocular,1,1
PV_126,007,PV_126_block_007,PV_126_007_1999764_L,1999763.65,1999830.25,4.114470939492413,55.3526763659598,L,monocular,1,1
PV_126,007,PV_126_block_007,PV_126_007_1999947_L,1999946.8,2000030.05,4.576760103201125,207.7240496557903,L,monocular,1,1
PV_126,007,PV_126_block_007,PV_126_007_2025638_L,2025637.75,2025671.05,,,L,monocular,1,1
PV_126,007,PV_126_block_007,PV_126_007_2034079_L,2034079.3,2034095.95,0.6604478821939046,45.58207837295133,L,monocular,1,1
PV_126,007,PV_126_block_007,PV_126_007_2038691_L,2038691.35,2038824.55,10.037104910387223,106.89139020948068,L,monocular,1,1
PV_126,007,PV_126_block_007,PV_126_007_2042371_L,2042371.0,2042470.9,9.493976397346787,245.1873403451781,L,monocular,1,1
PV_126,007,PV_126_block_007,PV_126_007_2046883_L,2046883.15,2046966.4,5.926052245702071,64.10601437965214,L,monocular,1,1
PV_126,007,PV_126_block_007,PV_126_007_2048698_L,2048698.0,2048747.95,2.9564198685679233,331.7748353897694,L,monocular,1,1
PV_126,007,PV_126_block_007,PV_126_007_2059054_L,2059054.3,2059120.9,3.598927493998206,359.8113182293533,L,monocular,1,1
PV_126,007,PV_126_block_007,PV_126_007_2061252_L,2061252.1,2061268.75,0.5320650573879808,126.99374514102279,L,monocular,1,1
PV_126,007,PV_126_block_007,PV_126_007_2061285_L,2061285.4,2061352.0,3.9773037703819276,64.78228743981911,L,monocular,1,1
PV_126,007,PV_126_block_007,PV_126_007_346585_R,346585.15,346601.8,4.115535219000679,161.37148194857392,R,monocular,1,1
PV_126,007,PV_126_block_007,PV_126_007_385097_R,385096.6,385229.8,22.651375450719435,10.97425627769105,R,monocular,1,1
PV_126,007,PV_126_block_007,PV_126_007_703212_R,703211.5,703228.15,0.5376257738985224,267.1697095500154,R,monocular,1,1
PV_126,007,PV_126_block_007,PV_126_007_703245_R,703244.8,703261.45,0.7924759940583872,255.02496933343912,R,monocular,1,1
PV_126,007,PV_126_block_007,PV_126_007_707257_R,707257.45,707290.75,1.0782722703166545,56.1449766559411,R,monocular,1,1
PV_126,007,PV_126_block_007,PV_126_007_707307_R,707307.4,707340.7,1.0243908907650063,59.00798923834936,R,monocular,1,1
PV_126,007,PV_126_block_007,PV_126_007_707357_R,707357.35,707390.65,0.945125936705156,57.42469453061575,R,monocular,1,1
PV_126,007,PV_126_block_007,PV_126_007_708107_R,708106.6,708123.25,0.8956466997085041,55.30703549919932,R,monocular,1,1
PV_126,007,PV_126_block_007,PV_126_007_711553_R,711553.15,711569.8,0.5131985655618874,93.74563679851332,R,monocular,1,1
PV_126,007,PV_126_block_007,PV_126_007_711603_R,711603.1,711619.75,0.7076579830850446,275.82749089551794,R,monocular,1,1
PV_126,007,PV_126_block_007,PV_126_007_711636_R,711636.4,711653.05,1.0512797854079219,275.4174661833036,R,monocular,1,1
PV_126,007,PV_126_block_007,PV_126_007_711653_R,711653.05,711669.7,0.5929790506164119,94.52987709429702,R,monocular,1,1
PV_126,007,PV_126_block_007,PV_126_007_712402_R,712402.3,712418.95,0.5567520487175435,92.20256824508077,R,monocular,1,1
PV_126,007,PV_126_block_007,PV_126_007_712436_R,712435.6,712485.55,2.720826241530552,89.88898330175469,R,monocular,1,1
PV_126,007,PV_126_block_007,PV_126_007_712902_R,712901.8,712918.45,0.5960302995740362,279.3914987818801,R,monocular,1,1
PV_126,007,PV_126_block_007,PV_126_007_712968_R,712968.4,713001.7,3.098317565930937,274.0762432992923,R,monocular,1,1
PV_126,007,PV_126_block_007,PV_126_007_713002_R,713001.7,713035.0,2.6779719022527333,92.46490378171922,R,monocular,1,1
PV_126,007,PV_126_block_007,PV_126_007_713035_R,713035.0,713068.3,2.7345793578288933,273.57235058427517,R,monocular,1,1
PV_126,007,PV_126_block_007,PV_126_007_713218_R,713218.15,713251.45,1.2394919454915523,92.12285679141077,R,monocular,1,1
PV_126,007,PV_126_block_007,PV_126_007_713751_R,713750.95,713767.6,0.6034967855558019,95.55872326650214,R,monocular,1,1
PV_126,007,PV_126_block_007,PV_126_007_713834_R,713834.2,713850.85,0.5725889069495166,90.59598475108399,R,monocular,1,1
PV_126,007,PV_126_block_007,PV_126_007_715749_R,715748.95,715782.25,1.7074845876477516,272.27561911023787,R,monocular,1,1
PV_126,007,PV_126_block_007,PV_126_007_715965_R,715965.4,715982.05,0.7628913554117651,72.07418713641299,R,monocular,1,1
PV_126,007,PV_126_block_007,PV_126_007_715999_R,715998.7,716015.35,1.7223737319078505,93.56007165433049,R,monocular,1,1
PV_126,007,PV_126_block_007,PV_126_007_716015_R,716015.35,716032.0,0.7968098792723834,276.2544130803898,R,monocular,1,1
PV_126,007,PV_126_block_007,PV_126_007_716049_R,716048.65,716098.6,3.2963746085987844,93.48214421418177,R,monocular,1,1
PV_126,007,PV_126_block_007,PV_126_007_716115_R,716115.25,716165.2,2.0395313541979228,93.32786300474683,R,monocular,1,1
PV_126,007,PV_126_block_007,PV_126_007_716282_R,716281.75,716298.4,0.9757568232096532,92.00051487543885,R,monocular,1,1
PV_126,007,PV_126_block_007,PV_126_007_716298_R,716298.4,716315.05,1.9564481682275088,272.77767777834845,R,monocular,1,1
PV_126,007,PV_126_block_007,PV_126_007_716798_R,716797.9,716814.55,3.3443741059267817,92.37708060679758,R,monocular,1,1
PV_126,007,PV_126_block_007,PV_126_007_716815_R,716814.55,716831.2,0.5749478108669205,275.36577374983653,R,monocular,1,1
PV_126,007,PV_126_block_007,PV_126_007_717081_R,717080.95,717097.6,,,R,monocular,1,1
PV_126,007,PV_126_block_007,PV_126_007_750631_R,750630.7,750647.35,0.5630709334822325,357.20536059813463,R,monocular,1,1
PV_126,007,PV_126_block_007,PV_126_007_750980_R,750980.35,751013.65,1.2658076932696491,285.33929025490954,R,monocular,1,1
PV_126,007,PV_126_block_007,PV_126_007_751064_R,751063.6,751080.25,1.1226450640210153,277.38988255628226,R,monocular,1,1
PV_126,007,PV_126_block_007,PV_126_007_751114_R,751113.55,751130.2,1.6390178889918126,271.512794304148,R,monocular,1,1
PV_126,007,PV_126_block_007,PV_126_007_751130_R,751130.2,751163.5,1.4199964209314822,84.52313289833812,R,monocular,1,1
PV_126,007,PV_126_block_007,PV_126_007_751563_R,751563.1,751579.75,0.9964916932918567,90.07856081896307,R,monocular,1,1
PV_126,007,PV_126_block_007,PV_126_007_751580_R,751579.75,751613.05,1.2064432637188485,281.53689483997925,R,monocular,1,1
PV_126,007,PV_126_block_007,PV_126_007_751746_R,751746.25,751779.55,,,R,monocular,1,1
PV_126,007,PV_126_block_007,PV_126_007_752196_R,752195.8,752212.45,2.097672343884555,273.2409027622527,R,monocular,1,1
PV_126,007,PV_126_block_007,PV_126_007_752212_R,752212.45,752229.1,0.6275534303507381,89.01892832765672,R,monocular,1,1
PV_126,007,PV_126_block_007,PV_126_007_753012_R,753011.65,753044.95,3.6977746028040857,107.75587349897938,R,monocular,1,1
PV_126,007,PV_126_block_007,PV_126_007_797450_R,797450.5,797500.45,2.5529294054118243,289.9066314709743,R,monocular,1,1
PV_126,007,PV_126_block_007,PV_126_007_948782_R,948782.35,948815.65,1.5300896502852341,186.82184163072108,R,monocular,1,1
PV_126,007,PV_126_block_007,PV_126_007_978303_R,978302.8,978386.05,5.507799632747975,5.152846462677035,R,monocular,1,1
PV_126,007,PV_126_block_007,PV_126_007_1062518_R,1062518.5,1062585.1,3.6455900656661373,289.67591770115536,R,monocular,1,1
PV_126,007,PV_126_block_007,PV_126_007_1105625_R,1105625.35,1105642.0,0.6028903916284395,19.014008483244304,R,monocular,1,1
PV_126,007,PV_126_block_007,PV_126_007_1117180_R,1117180.45,1117263.7,7.592297158361068,344.57664235455945,R,monocular,1,1
PV_126,007,PV_126_block_007,PV_126_007_1342505_R,1342504.9,1342521.55,0.6377177956433032,167.1319215494405,R,monocular,1,1
PV_126,007,PV_126_block_007,PV_126_007_1348133_R,1348132.6,1348149.25,0.5174753989725563,201.6194461714137,R,monocular,1,1
PV_126,007,PV_126_block_007,PV_126_007_1381732_R,1381732.3,1381748.95,0.9792609547881997,206.77869767266193,R,monocular,1,1
PV_126,007,PV_126_block_007,PV_126_007_1381749_R,1381748.95,1381782.25,1.4646997508877668,331.94955079203993,R,monocular,1,1
PV_126,007,PV_126_block_007,PV_126_007_1458972_R,1458971.65,1458988.3,0.7808708179691892,345.168655697843,R,monocular,1,1
PV_126,007,PV_126_block_007,PV_126_007_1480334_R,1480333.6,1480350.25,1.159593430428399,197.78044796912616,R,monocular,1,1
PV_126,007,PV_126_block_007,PV_126_007_1480350_R,1480350.25,1480366.9,0.6559772227905013,300.6544956601177,R,monocular,1,1
PV_126,007,PV_126_block_007,PV_126_007_1488659_R,1488658.6,1488675.25,0.596332362209107,245.2691850090439,R,monocular,1,1
PV_126,007,PV_126_block_007,PV_126_007_1661269_R,1661269.15,1661302.45,1.3964835879622475,125.74938428953948,R,monocular,1,1
PV_126,007,PV_126_block_007,PV_126_007_1662351_R,1662351.4,1662368.05,0.7338460542007675,99.83440921307724,R,monocular,1,1
PV_126,007,PV_126_block_007,PV_126_007_1715831_R,1715831.2,1715847.85,0.7990436314404461,229.3417302567816,R,monocular,1,1
PV_126,007,PV_126_block_007,PV_126_007_1748449_R,1748448.55,1748465.2,0.7319770059834214,280.2485095994122,R,monocular,1,1
PV_126,007,PV_126_block_007,PV_126_007_1789657_R,1789657.3,1789673.95,1.2755630811487295,271.95689636222824,R,monocular,1,1
PV_126,007,PV_126_block_007,PV_126_007_1789674_R,1789673.95,1789707.25,1.7221753561016786,92.25492365495334,R,monocular,1,1
PV_126,007,PV_126_block_007,PV_126_007_1789907_R,1789907.05,1789923.7,1.1504608923607502,93.23029945798909,R,monocular,1,1
PV_126,007,PV_126_block_007,PV_126_007_1789957_R,1789957.0,1789990.3,0.9953376525655172,95.47613926707164,R,monocular,1,1
PV_126,007,PV_126_block_007,PV_126_007_1790090_R,1790090.2,1790123.5,1.0124031020494062,90.93839974919351,R,monocular,1,1
PV_126,007,PV_126_block_007,PV_126_007_1790257_R,1790256.7,1790273.35,1.2034617781513512,274.31922330458565,R,monocular,1,1
PV_126,007,PV_126_block_007,PV_126_007_1790373_R,1790373.25,1790389.9,1.6190772076274038,92.4372873488126,R,monocular,1,1
PV_126,007,PV_126_block_007,PV_126_007_1790506_R,1790506.45,1790539.75,2.3619014063844253,93.42465936920708,R,monocular,1,1
PV_126,007,PV_126_block_007,PV_126_007_1790540_R,1790539.75,1790573.05,1.4464535480745293,271.5901982323785,R,monocular,1,1
PV_126,007,PV_126_block_007,PV_126_007_1790790_R,1790789.5,1790806.15,0.9806984751107497,92.22116773711434,R,monocular,1,1
PV_126,007,PV_126_block_007,PV_126_007_1790806_R,1790806.15,1790822.8,1.6227654077672689,272.50179744338664,R,monocular,1,1
PV_126,007,PV_126_block_007,PV_126_007_1790823_R,1790822.8,1790856.1,1.6425393805236261,93.09074557540924,R,monocular,1,1
PV_126,007,PV_126_block_007,PV_126_007_1790856_R,1790856.1,1790872.75,0.5378938600860691,275.3507242266658,R,monocular,1,1
PV_126,007,PV_126_block_007,PV_126_007_1790889_R,1790889.4,1790906.05,1.0912920443649674,92.63416670583912,R,monocular,1,1
PV_126,007,PV_126_block_007,PV_126_007_1790906_R,1790906.05,1790922.7,0.6097267660984957,275.31233824542153,R,monocular,1,1
PV_126,007,PV_126_block_007,PV_126_007_1790939_R,1790939.35,1790972.65,2.900160176530169,271.40319677266336,R,monocular,1,1
PV_126,007,PV_126_block_007,PV_126_007_1790973_R,1790972.65,1791005.95,1.9947342586338825,90.39260240722429,R,monocular,1,1
PV_126,007,PV_126_block_007,PV_126_007_1791189_R,1791189.1,1791205.75,1.01264453741255,270.5745227729163,R,monocular,1,1
PV_126,007,PV_126_block_007,PV_126_007_1791306_R,1791305.65,1791322.3,0.8009460864880834,92.9158757135344,R,monocular,1,1
PV_126,007,PV_126_block_007,PV_126_007_1791322_R,1791322.3,1791338.95,1.0959512195780816,271.3604535521531,R,monocular,1,1
PV_126,007,PV_126_block_007,PV_126_007_1791339_R,1791338.95,1791372.25,1.3621923957405226,92.6528478327705,R,monocular,1,1
PV_126,007,PV_126_block_007,PV_126_007_1791456_R,1791455.5,1791472.15,0.6150415038666353,274.8257917911115,R,monocular,1,1
PV_126,007,PV_126_block_007,PV_126_007_1791589_R,1791588.7,1791605.35,0.7042529376487342,91.38073731506599,R,monocular,1,1
PV_126,007,PV_126_block_007,PV_126_007_1797499_R,1797499.45,1797616.0,,,R,monocular,1,1
PV_126,007,PV_126_block_007,PV_126_007_1840357_R,1840356.55,1840406.5,19.248424651823772,94.74421889011359,R,monocular,1,1
PV_126,007,PV_126_block_007,PV_126_007_1840406_R,1840406.5,1840456.45,3.218404236507368,271.9340384091555,R,monocular,1,1
PV_126,007,PV_126_block_007,PV_126_007_1843720_R,1843719.85,1843786.45,,,R,monocular,1,1
PV_126,007,PV_126_block_007,PV_126_007_1847732_R,1847732.5,1847782.45,5.757104748166872,101.91070536772334,R,monocular,1,1
PV_126,007,PV_126_block_007,PV_126_007_1847849_R,1847849.05,1847865.7,0.7779594040776048,176.37269062168625,R,monocular,1,1
PV_126,007,PV_126_block_007,PV_126_007_1849997_R,1849996.9,1850013.55,2.1313573672551747,55.20848571217663,R,monocular,1,1
PV_126,007,PV_126_block_007,PV_126_007_1851629_R,1851628.6,1851678.55,9.856650943158753,335.6355833987931,R,monocular,1,1
PV_126,007,PV_126_block_007,PV_126_007_1910503_R,1910503.0,1910519.65,3.9292106936961617,88.02861250939385,R,monocular,1,1
PV_126,007,PV_126_block_007,PV_126_007_1910536_R,1910536.3,1910652.85,16.38112104771865,348.6946960053441,R,monocular,1,1
PV_126,007,PV_126_block_007,PV_126_007_1912301_R,1912301.2,1912384.45,8.341150273783532,347.630066390327,R,monocular,1,1
PV_126,007,PV_126_block_007,PV_126_007_1941156_R,1941155.65,1941172.3,0.5045784503110226,227.8721349101465,R,monocular,1,1
PV_126,007,PV_126_block_007,PV_126_007_1941222_R,1941222.25,1941238.9,0.7873234989609984,254.08577555049703,R,monocular,1,1
PV_126,007,PV_126_block_007,PV_126_007_1941256_R,1941255.55,1941272.2,0.7622441989294972,238.93023904060453,R,monocular,1,1
PV_126,007,PV_126_block_007,PV_126_007_1957922_R,1957922.2,1957938.85,0.5721748719999179,64.76523649644169,R,monocular,1,1
PV_126,007,PV_126_block_007,PV_126_007_1966114_R,1966114.0,1966163.95,3.6074835224379096,254.44838246514257,R,monocular,1,1
PV_126,007,PV_126_block_007,PV_126_007_1966181_R,1966180.6,1966230.55,2.2866837858008644,239.30319228020073,R,monocular,1,1
PV_126,007,PV_126_block_007,PV_126_007_1967230_R,1967229.55,1967346.1,8.960064902299541,249.4316321239848,R,monocular,1,1
PV_126,007,PV_126_block_007,PV_126_007_1999880_R,1999880.2,1999946.8,12.065468525093385,344.9649683344764,R,monocular,1,1
PV_126,007,PV_126_block_007,PV_126_007_2019028_R,2019027.7,2019044.35,,,R,monocular,1,1
PV_126,007,PV_126_block_007,PV_126_007_2019327_R,2019327.4,2019394.0,3.5224561475953795,16.82522907443781,R,monocular,1,1
PV_126,007,PV_126_block_007,PV_126_007_2025588_R,2025587.8,2025637.75,,,R,monocular,1,1
PV_126,007,PV_126_block_007,PV_126_007_2038741_R,2038741.3,2038791.25,3.222535462120869,227.68571904618838,R,monocular,1,1
PV_126,007,PV_126_block_007,PV_126_007_2048631_R,2048631.4,2048681.35,16.247601428941092,178.13532962040304,R,monocular,1,1
PV_126,007,PV_126_block_007,PV_126_007_2053543_R,2053543.15,2053559.8,0.5899529001240588,278.16036825837045,R,monocular,1,1
PV_126,007,PV_126_block_007,PV_126_007_2059004_R,2059004.35,2059021.0,0.7368574210866929,339.68196691990886,R,monocular,1,1
PV_126,007,PV_126_block_007,PV_126_007_2059387_R,2059387.3,2059437.25,10.967368498357553,210.5824091676322,R,monocular,1,1
PV_126,008,PV_126_block_008,PV_126_008_105341_R,105340.65,105390.1,3.1184350103038687,208.1462273356909,R,binocular,2,2
PV_126,008,PV_126_block_008,PV_126_008_110839_L,110839.0,110888.0,,,L,binocular,2,2
PV_126,008,PV_126_block_008,PV_126_008_134159_L,134159.3,134208.75,3.377764917034953,0.4858700586785035,L,binocular,2,2
PV_126,008,PV_126_block_008,PV_126_008_134373_R,134372.9,134421.85,3.6837553266988547,351.3746962719933,R,binocular,2,2
PV_126,008,PV_126_block_008,PV_126_008_134603_R,134602.65,134635.5,6.715099306365102,359.78383815401776,R,binocular,2,2
PV_126,008,PV_126_block_008,PV_126_008_212350_R,212350.35,212399.8,6.182075546969244,148.27472273680584,R,binocular,2,2
PV_126,008,PV_126_block_008,PV_126_008_265876_L,265875.6,265974.1,11.241435177367734,122.76751286118669,L,binocular,2,2
PV_126,008,PV_126_block_008,PV_126_008_284702_R,284701.7,284734.5,9.999512018050556,323.90263089619555,R,binocular,2,2
PV_126,008,PV_126_block_008,PV_126_008_359668_L,359667.5,359717.0,2.7855773946980285,192.01643201392994,L,binocular,2,2
PV_126,008,PV_126_block_008,PV_126_008_381002_L,381001.6,381083.9,12.254741310000734,13.328451739440093,L,binocular,2,2
PV_126,008,PV_126_block_008,PV_126_008_440025_L,440024.7,440107.05,4.3658782223594415,128.27686192657833,L,binocular,2,2
PV_126,008,PV_126_block_008,PV_126_008_447624_L,447624.3,447771.8,15.848770090627726,320.99101512234506,L,binocular,2,2
PV_126,008,PV_126_block_008,PV_126_008_472705_L,472704.65,472770.3,4.494729040411199,29.42618965377252,L,binocular,2,2
PV_126,008,PV_126_block_008,PV_126_008_484996_R,484995.85,485028.7,1.4706929873885732,26.529548468846745,R,binocular,2,2
PV_126,008,PV_126_block_008,PV_126_008_485045_L,485045.35,485078.2,1.6639075877691194,25.33716915473249,L,binocular,2,2
PV_126,008,PV_126_block_008,PV_126_008_485258_R,485258.45,485307.9,4.331811335962614,345.2308544853557,R,binocular,2,2
PV_126,008,PV_126_block_008,PV_126_008_507742_R,507742.45,507824.75,11.54953903384686,153.59248999416639,R,binocular,2,2
PV_126,008,PV_126_block_008,PV_126_008_517326_L,517326.5,517408.75,8.545087044861203,226.0527319686426,L,binocular,2,2
PV_126,008,PV_126_block_008,PV_126_008_559456_R,559456.35,559522.0,10.965343510579322,92.60483154343713,R,binocular,2,2
PV_126,008,PV_126_block_008,PV_126_008_578805_R,578804.55,578854.05,2.717232155375545,204.02973765034227,R,binocular,2,2
PV_126,008,PV_126_block_008,PV_126_008_598479_R,598479.0,598511.8,1.442052009708121,199.50221756994605,R,binocular,2,2
PV_126,008,PV_126_block_008,PV_126_008_680905_R,680904.75,680987.05,7.753957577084264,93.50088010071443,R,binocular,2,2
PV_126,008,PV_126_block_008,PV_126_008_702011_L,702010.85,702076.5,9.830397885721384,272.7693647160137,L,binocular,2,2
PV_126,008,PV_126_block_008,PV_126_008_718406_L,718406.25,718488.1,10.995596810049527,194.43523289526897,L,binocular,2,2
PV_126,008,PV_126_block_008,PV_126_008_718685_R,718685.05,718734.55,5.56332783410199,177.19873924433503,R,binocular,2,2
PV_126,008,PV_126_block_008,PV_126_008_737380_L,737380.35,737446.0,3.8312841100751456,260.2235392892677,L,binocular,2,2
PV_126,008,PV_126_block_008,PV_126_008_739071_L,739070.75,739120.2,5.713458552346275,6.272113582055036,L,binocular,2,2
PV_126,008,PV_126_block_008,PV_126_008_768972_R,768971.5,769037.2,6.286429417632033,146.67359403664122,R,binocular,2,2
PV_126,008,PV_126_block_008,PV_126_008_772352_R,772352.25,772533.0,12.640580911912286,328.1298157394368,R,binocular,2,2
PV_126,008,PV_126_block_008,PV_126_008_775174_R,775174.5,775272.95,14.116736613903338,110.7689987066169,R,binocular,2,2
PV_126,008,PV_126_block_008,PV_126_008_785973_R,785973.45,786022.9,2.1381094306073893,250.39741302282232,R,binocular,2,2
PV_126,008,PV_126_block_008,PV_126_008_818170_R,818170.5,818285.65,8.300918457051095,302.34468753989637,R,binocular,2,2
PV_126,008,PV_126_block_008,PV_126_008_827460_L,827459.85,827492.7,1.737236260495646,9.855615059947747,L,binocular,2,2
PV_126,008,PV_126_block_008,PV_126_008_832006_R,832006.4,832121.05,7.349942739373549,298.1847895259371,R,binocular,2,2
PV_126,008,PV_126_block_008,PV_126_008_834206_R,834205.6,834238.45,9.929586272385999,145.20459788331473,R,binocular,2,2
PV_126,008,PV_126_block_008,PV_126_008_846778_L,846777.65,846810.45,2.9788913621060504,240.5122054976215,L,binocular,2,2
PV_126,008,PV_126_block_008,PV_126_008_859876_R,859875.7,859957.55,7.2273890540216135,111.11719457110809,R,binocular,2,2
PV_126,008,PV_126_block_008,PV_126_008_883952_R,883951.9,884001.35,3.186610244549394,198.47018480355993,R,binocular,2,2
PV_126,008,PV_126_block_008,PV_126_008_887825_L,887825.3,887858.1,0.7559115712498351,194.88881881999353,L,binocular,2,2
PV_126,008,PV_126_block_008,PV_126_008_933818_R,933818.2,933867.65,3.1832478321825106,338.55653385923165,R,binocular,2,2
PV_126,008,PV_126_block_008,PV_126_008_974554_L,974554.4,974620.05,1.1344246368821007,191.87291159369175,L,binocular,2,2
PV_126,008,PV_126_block_008,PV_126_008_974653_R,974652.85,974685.7,3.077975798565651,37.99628010560736,R,binocular,2,2
PV_126,008,PV_126_block_008,PV_126_008_1009236_R,1009235.55,1009268.35,2.4186164868784292,199.1771162631395,R,binocular,2,2
PV_126,008,PV_126_block_008,PV_126_008_1070614_R,1070614.3,1070679.95,4.7224655834143885,124.56967356124079,R,binocular,2,2
PV_126,008,PV_126_block_008,PV_126_008_1082382_R,1082382.5,1082464.8,6.754170311631722,147.64305077508521,R,binocular,2,2
PV_126,008,PV_126_block_008,PV_126_008_1098059_L,1098059.1,1098124.8,13.43373900581151,320.1819105903834,L,binocular,2,2
PV_126,008,PV_126_block_008,PV_126_008_1098125_R,1098124.8,1098206.65,5.467187986404653,18.756508700552576,R,binocular,2,2
PV_126,008,PV_126_block_008,PV_126_008_1106907_L,1106906.6,1106972.2,12.055207660023097,200.1298097002304,L,binocular,2,2
PV_126,008,PV_126_block_008,PV_126_008_1155508_L,1155508.45,1155606.9,8.976558064543836,160.34922310504282,L,binocular,2,2
PV_126,008,PV_126_block_008,PV_126_008_1211872_R,1211871.7,1211920.7,12.047171442157223,190.87682749714793,R,binocular,2,2
PV_126,008,PV_126_block_008,PV_126_008_1212380_R,1212380.3,1212478.75,6.148427936773324,164.92203482133323,R,binocular,2,2
PV_126,008,PV_126_block_008,PV_126_008_1248902_L,1248902.35,1248984.2,17.20359592491918,68.49958281535463,L,binocular,2,2
PV_126,008,PV_126_block_008,PV_126_008_1278971_R,1278971.45,1279053.25,7.326948048866178,310.0219350311025,R,binocular,2,2
PV_126,008,PV_126_block_008,PV_126_008_1309941_R,1309941.1,1310023.45,15.965073149449285,35.16041905661634,R,binocular,2,2
PV_126,008,PV_126_block_008,PV_126_008_1381422_L,1381422.3,1381487.95,2.5862283950461555,168.70156006548572,L,binocular,2,2
PV_126,008,PV_126_block_008,PV_126_008_1563088_L,1563088.05,1563153.7,7.129244796711256,325.97131099548454,L,binocular,2,2
PV_126,008,PV_126_block_008,PV_126_008_1563170_R,1563170.35,1563252.2,2.5291831027838785,70.17029763034589,R,binocular,2,2
PV_126,008,PV_126_block_008,PV_126_008_1564155_R,1564155.25,1564237.1,10.199646666761442,94.2104667209516,R,binocular,2,2
PV_126,008,PV_126_block_008,PV_126_008_1652800_R,1652800.4,1652866.05,3.0130576041116663,50.40945886682229,R,binocular,2,2
PV_126,008,PV_126_block_008,PV_126_008_1656936_R,1656935.95,1657083.9,19.135684330101423,304.272059882335,R,binocular,2,2
PV_126,008,PV_126_block_008,PV_126_008_1661761_R,1661760.6,1661810.1,5.029674996119515,23.869187266722474,R,binocular,2,2
PV_126,008,PV_126_block_008,PV_126_008_1661876_R,1661875.7,1661924.75,3.7056448195646894,77.00063674428094,R,binocular,2,2
PV_126,008,PV_126_block_008,PV_126_008_1662664_R,1662663.55,1662794.8,20.912989917232483,215.72777138089728,R,binocular,2,2
PV_126,008,PV_126_block_008,PV_126_008_1662778_L,1662778.15,1662893.3,6.4481778090174044,40.825807565616266,L,binocular,2,2
PV_126,008,PV_126_block_008,PV_126_008_1681159_L,1681158.95,1681241.25,5.5070988470043485,154.7823808420792,L,binocular,2,2
PV_126,008,PV_126_block_008,PV_126_008_1869716_L,1869715.65,1869764.6,,,L,binocular,2,2
PV_126,008,PV_126_block_008,PV_126_008_1951783_R,1951782.75,1951864.5,5.962941318777304,337.7495814066141,R,binocular,2,2
PV_126,008,PV_126_block_008,PV_126_008_2039094_R,2039093.85,2039192.3,5.55169140776223,342.2680215342615,R,binocular,2,2
PV_126,008,PV_126_block_008,PV_126_008_2041392_R,2041391.5,2041489.95,8.700362884376508,359.33059871692825,R,binocular,2,2
PV_126,008,PV_126_block_008,PV_126_008_2047873_L,2047872.85,2047938.45,5.135651791199551,135.74259306431904,L,binocular,2,2
PV_126,008,PV_126_block_008,PV_126_008_2073124_L,2073123.65,2073189.25,4.541743480550032,229.64055629052186,L,binocular,2,2
PV_126,008,PV_126_block_008,PV_126_008_2073649_L,2073648.75,2073730.5,7.364529932268492,230.0588061977513,L,binocular,2,2
PV_126,008,PV_126_block_008,PV_126_008_2075404_R,2075404.2,2075453.65,0.74203456376724,82.4262354548715,R,binocular,2,2
PV_126,008,PV_126_block_008,PV_126_008_2075896_R,2075896.5,2075913.15,2.700552728495146,43.11372558472936,R,binocular,2,2
PV_126,008,PV_126_block_008,PV_126_008_2075913_L,2075913.15,2076011.6,4.37430139419337,164.45478177435638,L,binocular,2,2
PV_126,008,PV_126_block_008,PV_126_008_2076028_R,2076027.8,2076060.6,0.7423991539612323,222.15253170648194,R,binocular,2,2
PV_126,008,PV_126_block_008,PV_126_008_2078850_R,2078850.1,2078899.55,4.24789553220147,70.5404257351906,R,binocular,2,2
PV_126,008,PV_126_block_008,PV_126_008_2079277_R,2079276.7,2079326.15,2.631285610483402,77.25313863030648,R,binocular,2,2
PV_126,008,PV_126_block_008,PV_126_008_3092667_R,3092666.9,3092699.7,2.7929553272178547,18.82458441361283,R,binocular,2,2
PV_126,008,PV_126_block_008,PV_126_008_3099905_R,3099904.6,3099937.4,2.4429713117904717,54.85290601840854,R,binocular,2,2
PV_126,008,PV_126_block_008,PV_126_008_3100102_R,3100101.5,3100150.5,6.279922349683777,22.5036240598174,R,binocular,2,2
PV_126,008,PV_126_block_008,PV_126_008_3111786_R,3111786.45,3111835.45,15.283387283499426,221.81071201146818,R,binocular,2,2
PV_126,008,PV_126_block_008,PV_126_008_3111819_R,3111819.25,3111933.9,12.32348111254143,101.73667613968516,R,binocular,2,2
PV_126,008,PV_126_block_008,PV_126_008_3154771_L,3154770.55,3154820.0,2.8907173853366874,180.47209881143468,L,binocular,2,2
PV_126,008,PV_126_block_008,PV_126_008_3188125_L,3188124.9,3188174.35,4.161110964513075,71.30098087639661,L,binocular,2,2
PV_126,008,PV_126_block_008,PV_126_008_3214586_R,3214585.65,3214667.95,6.189687064355457,4.006947794785669,R,binocular,2,2
PV_126,008,PV_126_block_008,PV_126_008_3222466_R,3222465.6,3222547.95,17.965619147775,168.87374024191882,R,binocular,2,2
PV_126,008,PV_126_block_008,PV_126_008_3234271_R,3234271.4,3234386.1,15.86194036947088,65.54647591658751,R,binocular,2,2
PV_126,008,PV_126_block_008,PV_126_008_3258080_L,3258080.25,3258145.95,5.345893401076268,116.7852061708869,L,binocular,2,2
PV_126,008,PV_126_block_008,PV_126_008_3273776_R,3273776.25,3273940.35,7.6450338801066255,264.1908276946771,R,binocular,2,2
PV_126,008,PV_126_block_008,PV_126_008_3276961_R,3276961.05,3277042.9,16.634117729100353,40.20262758041143,R,binocular,2,2
PV_126,008,PV_126_block_008,PV_126_008_3282001_R,3282001.3,3282050.8,9.455693483347774,172.46432042035096,R,binocular,2,2
PV_126,008,PV_126_block_008,PV_126_008_3282051_R,3282050.8,3282132.65,11.589850204491608,323.4174023821839,R,binocular,2,2
PV_126,008,PV_126_block_008,PV_126_008_3282116_L,3282116.5,3282149.3,2.7993579892305016,210.3533541354279,L,binocular,2,2
PV_126,008,PV_126_block_008,PV_126_008_3282149_R,3282149.3,3282215.0,3.8587290059995953,3.0204636685896755,R,binocular,2,2
PV_126,008,PV_126_block_008,PV_126_008_3282248_L,3282247.85,3282329.7,4.288177838333118,16.28683273295548,L,binocular,2,2
PV_126,008,PV_126_block_008,PV_126_008_3284398_L,3284398.3,3284447.75,11.576525308469602,157.30483392124424,L,binocular,2,2
PV_126,008,PV_126_block_008,PV_126_008_3284431_R,3284431.1,3284529.65,9.628106933383814,10.739310846201871,R,binocular,2,2
PV_126,008,PV_126_block_008,PV_126_008_3293642_L,3293641.65,3293674.5,1.359854714500389,85.2210809331579,L,binocular,2,2
PV_126,008,PV_126_block_008,PV_126_008_3304510_R,3304510.3,3304543.15,6.82820131873928,241.7695266826767,R,binocular,2,2
PV_126,008,PV_126_block_008,PV_126_008_3304543_L,3304543.15,3304559.3,1.0906693827676315,55.0077977306608,L,binocular,2,2
PV_126,008,PV_126_block_008,PV_126_008_3333309_L,3333308.8,3333407.3,8.29351291082441,2.8653415938619857,L,binocular,2,2
PV_126,008,PV_126_block_008,PV_126_008_111003_L,111003.1,111052.1,2.1938185952717943,127.14350260021253,L,monocular,1,1
PV_126,008,PV_126_block_008,PV_126_008_170005_L,170005.15,170070.85,4.082838437179604,58.10032177295697,L,monocular,1,1
PV_126,008,PV_126_block_008,PV_126_008_212400_L,212399.8,212432.65,1.0841939424275413,239.43101399964206,L,monocular,1,1
PV_126,008,PV_126_block_008,PV_126_008_217029_L,217028.6,217077.65,2.327937960717715,289.7427853749229,L,monocular,1,1
PV_126,008,PV_126_block_008,PV_126_008_247870_L,247869.55,247935.2,4.8388433991674145,97.26094754818901,L,monocular,1,1
PV_126,008,PV_126_block_008,PV_126_008_265843_L,265842.8,265875.6,11.55920340233257,318.9595189142163,L,monocular,1,1
PV_126,008,PV_126_block_008,PV_126_008_392114_L,392113.75,392129.95,10.217290731071609,180.75504392907908,L,monocular,1,1
PV_126,008,PV_126_block_008,PV_126_008_392130_L,392129.95,392146.6,0.5434389113059022,78.31396183588365,L,monocular,1,1
PV_126,008,PV_126_block_008,PV_126_008_425958_L,425958.0,425974.15,0.6896722921274402,114.67766932051674,L,monocular,1,1
PV_126,008,PV_126_block_008,PV_126_008_426007_L,426007.0,426039.8,,,L,monocular,1,1
PV_126,008,PV_126_block_008,PV_126_008_437316_L,437316.4,437332.55,0.6293713621505013,292.95958974451855,L,monocular,1,1
PV_126,008,PV_126_block_008,PV_126_008_439976_L,439975.75,440008.55,,,L,monocular,1,1
PV_126,008,PV_126_block_008,PV_126_008_507825_L,507824.75,507857.6,2.3045882293382016,243.37801940417842,L,monocular,1,1
PV_126,008,PV_126_block_008,PV_126_008_507890_L,507890.4,507923.25,1.7206250426687162,121.6063258926187,L,monocular,1,1
PV_126,008,PV_126_block_008,PV_126_008_649198_L,649198.25,649247.7,5.383945526077823,17.830680181949123,L,monocular,1,1
PV_126,008,PV_126_block_008,PV_126_008_692836_L,692836.15,692852.35,0.5985204059005419,296.1244113831393,L,monocular,1,1
PV_126,008,PV_126_block_008,PV_126_008_702076_L,702076.5,702125.95,2.8353557665521425,155.96916362415604,L,monocular,1,1
PV_126,008,PV_126_block_008,PV_126_008_703439_L,703439.05,703455.2,0.5711186889729173,83.51821178034004,L,monocular,1,1
PV_126,008,PV_126_block_008,PV_126_008_703915_L,703914.8,703980.45,10.62151473691071,98.41832580062712,L,monocular,1,1
PV_126,008,PV_126_block_008,PV_126_008_974571_L,974571.05,974603.85,,,L,monocular,1,1
PV_126,008,PV_126_block_008,PV_126_008_1008464_L,1008463.9,1008513.35,3.1395256736761135,253.142468235504,L,monocular,1,1
PV_126,008,PV_126_block_008,PV_126_008_1034442_L,1034441.9,1034589.35,17.72937235048445,262.55055977213664,L,monocular,1,1
PV_126,008,PV_126_block_008,PV_126_008_1098108_L,1098108.15,1098124.8,1.6550973154423505,220.9768347745757,L,monocular,1,1
PV_126,008,PV_126_block_008,PV_126_008_1177650_L,1177650.25,1177765.4,18.293543864325084,260.08349893816387,L,monocular,1,1
PV_126,008,PV_126_block_008,PV_126_008_1189122_L,1189122.45,1189171.45,2.753566195407015,296.9576182759956,L,monocular,1,1
PV_126,008,PV_126_block_008,PV_126_008_1200645_L,1200644.75,1200677.6,1.4302265542024202,316.19821407092235,L,monocular,1,1
PV_126,008,PV_126_block_008,PV_126_008_1244700_L,1244700.15,1244749.1,15.389907709450187,292.33960124408856,L,monocular,1,1
PV_126,008,PV_126_block_008,PV_126_008_1244815_L,1244814.8,1244847.6,1.4359484565771867,163.19276213759588,L,monocular,1,1
PV_126,008,PV_126_block_008,PV_126_008_1302670_L,1302669.75,1302718.75,8.12393629548448,329.10367158238785,L,monocular,1,1
PV_126,008,PV_126_block_008,PV_126_008_1303129_L,1303129.35,1303162.15,1.3197369182339096,197.75748161027568,L,monocular,1,1
PV_126,008,PV_126_block_008,PV_126_008_1304787_L,1304786.95,1304819.8,1.0860902323540107,230.69996068077566,L,monocular,1,1
PV_126,008,PV_126_block_008,PV_126_008_1310007_L,1310006.8,1310023.45,0.6446565193923389,120.20781563429475,L,monocular,1,1
PV_126,008,PV_126_block_008,PV_126_008_1310040_L,1310039.6,1310072.45,2.109876225699931,130.42819928542195,L,monocular,1,1
PV_126,008,PV_126_block_008,PV_126_008_1348627_L,1348627.0,1348643.15,0.7173559638514769,132.0475464802122,L,monocular,1,1
PV_126,008,PV_126_block_008,PV_126_008_1348676_L,1348676.0,1348692.65,0.6665065620689775,102.4642661466972,L,monocular,1,1
PV_126,008,PV_126_block_008,PV_126_008_1348742_L,1348741.65,1348758.3,0.6864871152049076,104.21166134194253,L,monocular,1,1
PV_126,008,PV_126_block_008,PV_126_008_1356719_L,1356718.7,1356751.55,1.4375014802372554,343.56069596307697,L,monocular,1,1
PV_126,008,PV_126_block_008,PV_126_008_1356949_L,1356948.55,1356965.2,0.608458368147855,18.28671498593593,L,monocular,1,1
PV_126,008,PV_126_block_008,PV_126_008_1381340_L,1381340.0,1381389.5,,,L,monocular,1,1
PV_126,008,PV_126_block_008,PV_126_008_1563105_L,1563104.7,1563137.55,3.767518552592027,89.32622333955766,L,monocular,1,1
PV_126,008,PV_126_block_008,PV_126_008_1563236_L,1563236.0,1563252.2,,,L,monocular,1,1
PV_126,008,PV_126_block_008,PV_126_008_1567110_L,1567109.75,1567142.6,2.0221505313757233,285.36176302018396,L,monocular,1,1
PV_126,008,PV_126_block_008,PV_126_008_1568176_L,1568176.5,1568193.15,,,L,monocular,1,1
PV_126,008,PV_126_block_008,PV_126_008_1656838_L,1656837.5,1656935.95,10.805874661812336,314.94491481150527,L,monocular,1,1
PV_126,008,PV_126_block_008,PV_126_008_1656985_L,1656985.4,1657165.65,,,L,monocular,1,1
PV_126,008,PV_126_block_008,PV_126_008_1662598_L,1662597.85,1662663.55,5.723668117820037,274.58499675417426,L,monocular,1,1
PV_126,008,PV_126_block_008,PV_126_008_1681126_L,1681126.1,1681158.95,5.943645217694598,313.9158931903821,L,monocular,1,1
PV_126,008,PV_126_block_008,PV_126_008_1951947_L,1951946.85,1951979.65,2.5590559407091975,135.08063468282182,L,monocular,1,1
PV_126,008,PV_126_block_008,PV_126_008_2021206_L,2021205.8,2021287.6,7.016994571362847,90.07027741482638,L,monocular,1,1
PV_126,008,PV_126_block_008,PV_126_008_2039143_L,2039142.8,2039192.3,6.0888021389288935,81.37285619775326,L,monocular,1,1
PV_126,008,PV_126_block_008,PV_126_008_2039340_L,2039339.75,2039356.4,0.9868190972516846,44.39425113283051,L,monocular,1,1
PV_126,008,PV_126_block_008,PV_126_008_2039389_L,2039389.25,2039422.05,1.494569654992273,34.56154000795186,L,monocular,1,1
PV_126,008,PV_126_block_008,PV_126_008_2039438_L,2039438.2,2039454.85,0.7755299227725283,25.650178667342605,L,monocular,1,1
PV_126,008,PV_126_block_008,PV_126_008_2075634_L,2075633.95,2075666.75,1.5321565327961555,62.851748732216016,L,monocular,1,1
PV_126,008,PV_126_block_008,PV_126_008_2077849_L,2077849.45,2077947.9,29.39947229603594,68.04200771030929,L,monocular,1,1
PV_126,008,PV_126_block_008,PV_126_008_2077964_L,2077964.05,2077996.9,2.011510922851655,42.907792329692306,L,monocular,1,1
PV_126,008,PV_126_block_008,PV_126_008_2078079_L,2078079.15,2078210.45,,,L,monocular,1,1
PV_126,008,PV_126_block_008,PV_126_008_2078342_L,2078341.75,2078357.9,1.0395130031503022,242.28141103284315,L,monocular,1,1
PV_126,008,PV_126_block_008,PV_126_008_2078358_L,2078357.9,2078374.55,2.4279308022755948,91.21464443969528,L,monocular,1,1
PV_126,008,PV_126_block_008,PV_126_008_2078375_L,2078374.55,2078390.7,2.2675311055175476,267.81490391963666,L,monocular,1,1
PV_126,008,PV_126_block_008,PV_126_008_2078424_L,2078423.55,2078554.8,53.590201785527746,71.4087465831299,L,monocular,1,1
PV_126,008,PV_126_block_008,PV_126_008_2078867_L,2078866.75,2078882.9,1.034220991461597,9.884357477586223,L,monocular,1,1
PV_126,008,PV_126_block_008,PV_126_008_2182857_L,2182856.7,2182873.35,0.5517618637722244,240.3390469342807,L,monocular,1,1
PV_126,008,PV_126_block_008,PV_126_008_2902614_L,2902613.95,2902646.8,16.539828381958923,166.09430424417172,L,monocular,1,1
PV_126,008,PV_126_block_008,PV_126_008_2902745_L,2902745.3,2902778.1,16.36530236799169,164.7211518720461,L,monocular,1,1
PV_126,008,PV_126_block_008,PV_126_008_2902794_L,2902794.3,2902827.1,16.702769711999817,163.6433520965191,L,monocular,1,1
PV_126,008,PV_126_block_008,PV_126_008_2903352_L,2903352.35,2903385.15,2.0241676826114876,124.13059776433208,L,monocular,1,1
PV_126,008,PV_126_block_008,PV_126_008_2903582_L,2903582.05,2903614.9,1.9751590688949576,124.79985228268505,L,monocular,1,1
PV_126,008,PV_126_block_008,PV_126_008_2903730_L,2903730.05,2903746.25,2.085125166002565,123.89209055505391,L,monocular,1,1
PV_126,008,PV_126_block_008,PV_126_008_2903829_L,2903828.55,2903844.7,0.5820974600857381,63.171374444202286,L,monocular,1,1
PV_126,008,PV_126_block_008,PV_126_008_2903861_L,2903861.35,2903910.35,4.542507428036739,58.51189684646646,L,monocular,1,1
PV_126,008,PV_126_block_008,PV_126_008_3111835_L,3111835.45,3111884.9,4.67944024275168,151.3793728989565,L,monocular,1,1
PV_126,008,PV_126_block_008,PV_126_008_3120354_L,3120353.9,3120370.1,1.686472479067007,178.00991142280284,L,monocular,1,1
PV_126,008,PV_126_block_008,PV_126_008_3163749_L,3163748.85,3163814.55,5.236383465136652,64.19199358095554,L,monocular,1,1
PV_126,008,PV_126_block_008,PV_126_008_3222614_L,3222613.6,3222629.8,0.5259494972649544,298.98291116072033,L,monocular,1,1
PV_126,008,PV_126_block_008,PV_126_008_3234288_L,3234287.6,3234337.1,5.2682525446587665,107.7282364385576,L,monocular,1,1
PV_126,008,PV_126_block_008,PV_126_008_3273809_L,3273809.05,3273841.9,1.1949075318176736,241.64604344183795,L,monocular,1,1
PV_126,008,PV_126_block_008,PV_126_008_3273858_L,3273858.05,3273923.7,7.313763368620662,188.73115290074063,L,monocular,1,1
PV_126,008,PV_126_block_008,PV_126_008_3282018_L,3282017.95,3282034.15,4.513687785082221,300.7988907973521,L,monocular,1,1
PV_126,008,PV_126_block_008,PV_126_008_3282034_L,3282034.15,3282050.8,9.062008095396926,187.54616340593006,L,monocular,1,1
PV_126,008,PV_126_block_008,PV_126_008_3282231_L,3282231.2,3282247.85,3.084909622577387,178.9556346827241,L,monocular,1,1
PV_126,008,PV_126_block_008,PV_126_008_3282346_L,3282346.35,3282395.35,2.105147539252277,40.02963729026572,L,monocular,1,1
PV_126,008,PV_126_block_008,PV_126_008_3282511_L,3282510.55,3282576.2,2.4168041573394077,149.30522026567527,L,monocular,1,1
PV_126,008,PV_126_block_008,PV_126_008_3293609_L,3293608.8,3293641.65,6.772977091555089,323.1920748782062,L,monocular,1,1
PV_126,008,PV_126_block_008,PV_126_008_3293691_L,3293690.7,3293723.55,2.129458165480642,177.6807013951175,L,monocular,1,1
PV_126,008,PV_126_block_008,PV_126_008_3304559_L,3304559.3,3304592.15,,,L,monocular,1,1
PV_126,008,PV_126_block_008,PV_126_008_3333358_L,3333357.85,3333423.5,4.519080905565063,212.01433521990563,L,monocular,1,1
PV_126,008,PV_126_block_008,PV_126_008_105292_R,105291.6,105324.45,1.9613085257475553,269.16965626709634,R,monocular,1,1
PV_126,008,PV_126_block_008,PV_126_008_128891_R,128891.2,128907.4,0.564487502433605,234.4343402339696,R,monocular,1,1
PV_126,008,PV_126_block_008,PV_126_008_128924_R,128924.05,128956.9,1.3287799870632817,257.15166270813813,R,monocular,1,1
PV_126,008,PV_126_block_008,PV_126_008_129613_R,129613.35,129662.35,3.243247992112123,68.20972473261195,R,monocular,1,1
PV_126,008,PV_126_block_008,PV_126_008_134636_R,134635.5,134651.7,0.6668008187657907,172.55611805638898,R,monocular,1,1
PV_126,008,PV_126_block_008,PV_126_008_149653_R,149652.95,149669.6,0.5887899449269852,65.9717102530222,R,monocular,1,1
PV_126,008,PV_126_block_008,PV_126_008_149735_R,149735.3,149751.45,,,R,monocular,1,1
PV_126,008,PV_126_block_008,PV_126_008_155283_R,155283.2,155299.4,1.1565234811707286,250.04394403063168,R,monocular,1,1
PV_126,008,PV_126_block_008,PV_126_008_155332_R,155332.2,155348.85,0.5175214242716103,237.1250193042738,R,monocular,1,1
PV_126,008,PV_126_block_008,PV_126_008_160716_R,160716.05,160748.9,,,R,monocular,1,1
PV_126,008,PV_126_block_008,PV_126_008_166871_R,166871.05,166903.85,2.8503459241010725,244.97243738873019,R,monocular,1,1
PV_126,008,PV_126_block_008,PV_126_008_166904_R,166903.85,166920.05,1.038817822247091,359.0889992367475,R,monocular,1,1
PV_126,008,PV_126_block_008,PV_126_008_166920_R,166920.05,166952.85,1.4088630150173855,250.36708891135447,R,monocular,1,1
PV_126,008,PV_126_block_008,PV_126_008_170432_R,170431.9,170448.55,0.5320181205083285,68.26886456061273,R,monocular,1,1
PV_126,008,PV_126_block_008,PV_126_008_170498_R,170497.55,170514.2,0.9047015255493405,222.03549926197977,R,monocular,1,1
PV_126,008,PV_126_block_008,PV_126_008_170514_R,170514.2,170530.35,1.148142725600656,48.32234624596918,R,monocular,1,1
PV_126,008,PV_126_block_008,PV_126_008_170580_R,170579.8,170595.95,0.5599031079538223,59.0609963551317,R,monocular,1,1
PV_126,008,PV_126_block_008,PV_126_008_211678_R,211677.6,211693.75,0.6692208453576762,229.15935087904856,R,monocular,1,1
PV_126,008,PV_126_block_008,PV_126_008_211727_R,211726.6,211759.45,2.094571790838339,229.11275482446135,R,monocular,1,1
PV_126,008,PV_126_block_008,PV_126_008_211759_R,211759.45,211776.1,2.1354064059844178,48.06800315925434,R,monocular,1,1
PV_126,008,PV_126_block_008,PV_126_008_211776_R,211776.1,211792.25,0.5958053775120941,237.08678248674715,R,monocular,1,1
PV_126,008,PV_126_block_008,PV_126_008_213237_R,213236.65,213253.3,0.7889965704446325,105.25056396713869,R,monocular,1,1
PV_126,008,PV_126_block_008,PV_126_008_214812_R,214812.25,214845.05,,,R,monocular,1,1
PV_126,008,PV_126_block_008,PV_126_008_222708_R,222708.05,222724.25,0.6274054152115174,223.2888424666682,R,monocular,1,1
PV_126,008,PV_126_block_008,PV_126_008_260443_R,260442.7,260475.55,4.105271667308527,225.0717382342439,R,monocular,1,1
PV_126,008,PV_126_block_008,PV_126_008_284915_R,284915.3,284948.15,1.1313282346012514,71.22557218470314,R,monocular,1,1
PV_126,008,PV_126_block_008,PV_126_008_284964_R,284964.35,284981.0,0.7413021379313588,63.348566404355054,R,monocular,1,1
PV_126,008,PV_126_block_008,PV_126_008_309485_R,309484.6,309517.45,2.4299343033948793,251.30747563056707,R,monocular,1,1
PV_126,008,PV_126_block_008,PV_126_008_357157_R,357156.9,357189.7,1.4464945980333839,127.63880120531527,R,monocular,1,1
PV_126,008,PV_126_block_008,PV_126_008_357272_R,357271.55,357321.0,2.6148462899608367,59.755674636798716,R,monocular,1,1
PV_126,008,PV_126_block_008,PV_126_008_357912_R,357911.75,357927.9,0.716838201044309,227.50702327198988,R,monocular,1,1
PV_126,008,PV_126_block_008,PV_126_008_381051_R,381051.1,381100.1,,,R,monocular,1,1
PV_126,008,PV_126_block_008,PV_126_008_430685_R,430685.1,430701.3,0.769353292384151,283.0268964601372,R,monocular,1,1
PV_126,008,PV_126_block_008,PV_126_008_430718_R,430717.95,430734.1,0.6663804175900138,280.39131474472356,R,monocular,1,1
PV_126,008,PV_126_block_008,PV_126_008_431949_R,431948.7,431965.35,1.401981524519424,236.13892969005872,R,monocular,1,1
PV_126,008,PV_126_block_008,PV_126_008_433196_R,433196.15,433229.0,1.0546472284019757,253.1362659838258,R,monocular,1,1
PV_126,008,PV_126_block_008,PV_126_008_473197_R,473196.95,473213.15,0.7536772036158736,67.42422907572298,R,monocular,1,1
PV_126,008,PV_126_block_008,PV_126_008_473246_R,473245.95,473262.6,,,R,monocular,1,1
PV_126,008,PV_126_block_008,PV_126_008_611540_R,611540.15,611556.3,0.7120569243799295,106.48168942993638,R,monocular,1,1
PV_126,008,PV_126_block_008,PV_126_008_612771_R,612770.6,612787.25,0.703477507265489,60.11509971601185,R,monocular,1,1
PV_126,008,PV_126_block_008,PV_126_008_615724_R,615724.4,615741.05,0.5103796328733928,252.55220793463707,R,monocular,1,1
PV_126,008,PV_126_block_008,PV_126_008_636760_R,636759.85,636875.0,14.622245483032405,262.75836979988077,R,monocular,1,1
PV_126,008,PV_126_block_008,PV_126_008_649248_R,649247.7,649280.55,3.3556342578040854,331.6062701539881,R,monocular,1,1
PV_126,008,PV_126_block_008,PV_126_008_677737_R,677737.35,677884.85,24.094097402844465,255.66049871031078,R,monocular,1,1
PV_126,008,PV_126_block_008,PV_126_008_718455_R,718455.25,718471.9,0.7414409212772335,174.78425315341946,R,monocular,1,1
PV_126,008,PV_126_block_008,PV_126_008_718767_R,718767.4,718783.55,0.7842860984977931,349.9247201661676,R,monocular,1,1
PV_126,008,PV_126_block_008,PV_126_008_732161_R,732160.6,732209.6,3.0778319514139936,216.65001487146893,R,monocular,1,1
PV_126,008,PV_126_block_008,PV_126_008_772336_R,772336.1,772352.25,1.918359425692878,145.89024463258457,R,monocular,1,1
PV_126,008,PV_126_block_008,PV_126_008_832368_R,832367.5,832383.65,0.6364697787133928,193.22332452806464,R,monocular,1,1
PV_126,008,PV_126_block_008,PV_126_008_884001_R,884001.35,884017.55,1.9397145395943332,266.6514560238899,R,monocular,1,1
PV_126,008,PV_126_block_008,PV_126_008_887792_R,887792.45,887809.1,0.6595525084201977,344.1000163741683,R,monocular,1,1
PV_126,008,PV_126_block_008,PV_126_008_917914_R,917913.5,918012.0,11.121062352596649,282.32033100939265,R,monocular,1,1
PV_126,008,PV_126_block_008,PV_126_008_933933_R,933933.3,933966.15,1.2251350092558153,307.8474002044689,R,monocular,1,1
PV_126,008,PV_126_block_008,PV_126_008_1069843_R,1069842.65,1069859.3,0.7204280172432633,237.19690710909148,R,monocular,1,1
PV_126,008,PV_126_block_008,PV_126_008_1135057_R,1135057.0,1135106.0,2.8319373451698815,7.236760025596554,R,monocular,1,1
PV_126,008,PV_126_block_008,PV_126_008_1155492_R,1155491.8,1155508.45,0.7079814707735539,118.11021474590139,R,monocular,1,1
PV_126,008,PV_126_block_008,PV_126_008_1177700_R,1177699.7,1177748.75,4.981521501644432,119.06010494681375,R,monocular,1,1
PV_126,008,PV_126_block_008,PV_126_008_1177782_R,1177781.55,1177814.4,1.1162812389407506,156.72781285582184,R,monocular,1,1
PV_126,008,PV_126_block_008,PV_126_008_1306231_R,1306231.35,1306280.85,4.480163601208946,280.3722144951884,R,monocular,1,1
PV_126,008,PV_126_block_008,PV_126_008_1311648_R,1311648.15,1311697.65,5.346213791471958,245.55542691959437,R,monocular,1,1
PV_126,008,PV_126_block_008,PV_126_008_1311714_R,1311713.85,1311746.65,1.423751669454158,277.25468587194587,R,monocular,1,1
PV_126,008,PV_126_block_008,PV_126_008_1319510_R,1319510.35,1319576.0,5.175732456735977,304.7921469509945,R,monocular,1,1
PV_126,008,PV_126_block_008,PV_126_008_1319609_R,1319608.85,1319657.85,2.513313457342131,268.90022946641477,R,monocular,1,1
PV_126,008,PV_126_block_008,PV_126_008_1368472_R,1368471.6,1368504.45,3.2787382588616367,43.34948600929531,R,monocular,1,1
PV_126,008,PV_126_block_008,PV_126_008_1372805_R,1372805.15,1372838.0,2.3269631295214097,185.83144894112044,R,monocular,1,1
PV_126,008,PV_126_block_008,PV_126_008_1389498_R,1389497.5,1389546.5,4.761492495037063,222.5236061285681,R,monocular,1,1
PV_126,008,PV_126_block_008,PV_126_008_1398574_R,1398573.7,1398623.15,5.328255299109983,217.38624814817476,R,monocular,1,1
PV_126,008,PV_126_block_008,PV_126_008_1510998_R,1510998.1,1511063.75,12.774982724895501,147.73055700984753,R,monocular,1,1
PV_126,008,PV_126_block_008,PV_126_008_1592730_R,1592729.55,1592795.2,5.297324440353331,214.6033771873952,R,monocular,1,1
PV_126,008,PV_126_block_008,PV_126_008_1657084_R,1657083.9,1657100.05,2.84378539579202,357.48067913096037,R,monocular,1,1
PV_126,008,PV_126_block_008,PV_126_008_1657100_R,1657100.05,1657165.65,8.828947803410953,223.38836319588586,R,monocular,1,1
PV_126,008,PV_126_block_008,PV_126_008_1657182_R,1657182.3,1657215.1,1.4941556907115454,353.37166098891777,R,monocular,1,1
PV_126,008,PV_126_block_008,PV_126_008_1657281_R,1657280.75,1657313.55,1.3625918682802245,48.26494463315104,R,monocular,1,1
PV_126,008,PV_126_block_008,PV_126_008_1661826_R,1661826.25,1661842.9,1.0863978050673162,111.02315502770007,R,monocular,1,1
PV_126,008,PV_126_block_008,PV_126_008_1662647_R,1662646.9,1662663.55,1.9091440963272825,343.76508672765374,R,monocular,1,1
PV_126,008,PV_126_block_008,PV_126_008_1662729_R,1662729.2,1662778.15,5.87191591548537,37.408736791372256,R,monocular,1,1
PV_126,008,PV_126_block_008,PV_126_008_1662844_R,1662843.8,1662893.3,2.077407558862972,335.969356062548,R,monocular,1,1
PV_126,008,PV_126_block_008,PV_126_008_1752664_R,1752663.85,1752696.7,1.8933890490808991,114.6082182653207,R,monocular,1,1
PV_126,008,PV_126_block_008,PV_126_008_1752713_R,1752712.9,1752745.7,1.5701689392659974,135.22825352045746,R,monocular,1,1
PV_126,008,PV_126_block_008,PV_126_008_1780992_R,1780992.15,1781073.95,7.064707121091262,67.96757560569637,R,monocular,1,1
PV_126,008,PV_126_block_008,PV_126_008_1806938_R,1806938.4,1807004.05,4.152026015575538,238.3969478932039,R,monocular,1,1
PV_126,008,PV_126_block_008,PV_126_008_1850249_R,1850249.45,1850265.6,2.5841130310602147,21.31465871131299,R,monocular,1,1
PV_126,008,PV_126_block_008,PV_126_008_1850266_R,1850265.6,1850298.4,,,R,monocular,1,1
PV_126,008,PV_126_block_008,PV_126_008_1850348_R,1850347.85,1850380.7,1.5740481600138196,48.374356414111624,R,monocular,1,1
PV_126,008,PV_126_block_008,PV_126_008_1869863_R,1869863.1,1869895.9,1.2767196616050172,247.71419133984534,R,monocular,1,1
PV_126,008,PV_126_block_008,PV_126_008_1902344_R,1902343.65,1902359.85,0.6472965079281969,0.6257755477357697,R,monocular,1,1
PV_126,008,PV_126_block_008,PV_126_008_1918200_R,1918199.7,1918265.35,4.611888681020014,118.20424630606594,R,monocular,1,1
PV_126,008,PV_126_block_008,PV_126_008_1941590_R,1941589.55,1941606.2,,,R,monocular,1,1
PV_126,008,PV_126_block_008,PV_126_008_1942296_R,1942295.55,1942328.4,3.6280694830229416,158.62554384124266,R,monocular,1,1
PV_126,008,PV_126_block_008,PV_126_008_1942410_R,1942410.2,1942426.85,0.7676990657120584,357.70651642994034,R,monocular,1,1
PV_126,008,PV_126_block_008,PV_126_008_1942493_R,1942492.55,1942508.7,1.7769122562842912,160.07765083304895,R,monocular,1,1
PV_126,008,PV_126_block_008,PV_126_008_1942558_R,1942558.2,1942574.35,0.6979563149124719,328.6010686290558,R,monocular,1,1
PV_126,008,PV_126_block_008,PV_126_008_1951848_R,1951848.35,1951897.35,5.1576135651486785,38.831121367917824,R,monocular,1,1
PV_126,008,PV_126_block_008,PV_126_008_1964272_R,1964272.25,1964354.6,5.3178341799661215,93.53825127303875,R,monocular,1,1
PV_126,008,PV_126_block_008,PV_126_008_1964814_R,1964814.15,1964863.15,5.088578755471735,51.63330260464001,R,monocular,1,1
PV_126,008,PV_126_block_008,PV_126_008_1965372_R,1965372.1,1965437.8,6.872654491317735,154.7690198877092,R,monocular,1,1
PV_126,008,PV_126_block_008,PV_126_008_1965946_R,1965946.25,1965979.1,1.6197228925165799,93.00712397894196,R,monocular,1,1
PV_126,008,PV_126_block_008,PV_126_008_1966029_R,1966028.55,1966044.75,0.639332940849131,309.89230910157397,R,monocular,1,1
PV_126,008,PV_126_block_008,PV_126_008_1967276_R,1967275.85,1967390.5,10.254601499927444,261.31938523458433,R,monocular,1,1
PV_126,008,PV_126_block_008,PV_126_008_1967489_R,1967488.95,1967554.6,4.76265811263267,280.6737556661575,R,monocular,1,1
PV_126,008,PV_126_block_008,PV_126_008_1967965_R,1967965.15,1968030.8,7.150182119266969,324.300561255773,R,monocular,1,1
PV_126,008,PV_126_block_008,PV_126_008_1980126_R,1980126.4,1980208.7,17.075237744100072,76.1479985213188,R,monocular,1,1
PV_126,008,PV_126_block_008,PV_126_008_1982096_R,1982095.9,1982161.55,7.907920590641437,193.77371675898033,R,monocular,1,1
PV_126,008,PV_126_block_008,PV_126_008_1984558_R,1984557.55,1984688.85,7.369300927698934,272.52982084847105,R,monocular,1,1
PV_126,008,PV_126_block_008,PV_126_008_2000232_R,2000231.5,2000313.3,4.901700993128266,293.7234819297434,R,monocular,1,1
PV_126,008,PV_126_block_008,PV_126_008_2028919_R,2028918.9,2028951.7,3.613849252545608,209.59821503946029,R,monocular,1,1
PV_126,008,PV_126_block_008,PV_126_008_2075568_R,2075568.3,2075683.4,7.43460396069847,305.2018172955846,R,monocular,1,1
PV_126,008,PV_126_block_008,PV_126_008_2075782_R,2075781.85,2075814.7,0.9861786241468504,107.35028725774686,R,monocular,1,1
PV_126,008,PV_126_block_008,PV_126_008_2075929_R,2075929.35,2075946.0,0.5285416996258991,166.77437596013024,R,monocular,1,1
PV_126,008,PV_126_block_008,PV_126_008_2075962_R,2075962.15,2076011.6,2.5180513587422504,206.47645798931757,R,monocular,1,1
PV_126,008,PV_126_block_008,PV_126_008_2076257_R,2076257.45,2076290.3,7.488165581315328,43.40701922377033,R,monocular,1,1
PV_126,008,PV_126_block_008,PV_126_008_2076290_R,2076290.3,2076339.8,2.692559257102731,241.60590915026216,R,monocular,1,1
PV_126,008,PV_126_block_008,PV_126_008_2076405_R,2076405.4,2076471.05,4.048137267160137,92.2341266659641,R,monocular,1,1
PV_126,008,PV_126_block_008,PV_126_008_2076570_R,2076569.5,2076585.7,6.8745466127688495,210.93070481631077,R,monocular,1,1
PV_126,008,PV_126_block_008,PV_126_008_2076618_R,2076618.5,2076651.3,2.9835038657991952,332.7569081501223,R,monocular,1,1
PV_126,008,PV_126_block_008,PV_126_008_2076717_R,2076716.95,2076766.45,2.4281509597212643,344.6059980895003,R,monocular,1,1
PV_126,008,PV_126_block_008,PV_126_008_2076914_R,2076913.9,2076979.55,6.256389852921121,167.23707299647796,R,monocular,1,1
PV_126,008,PV_126_block_008,PV_126_008_2077308_R,2077307.7,2077340.5,1.761031871461786,32.316136702021346,R,monocular,1,1
PV_126,008,PV_126_block_008,PV_126_008_2077537_R,2077537.4,2077554.05,1.0065943438101133,179.27656223562633,R,monocular,1,1
PV_126,008,PV_126_block_008,PV_126_008_2077554_R,2077554.05,2077570.2,0.666043396069804,20.07480686308991,R,monocular,1,1
PV_126,008,PV_126_block_008,PV_126_008_2078506_R,2078505.85,2078538.65,4.110845032516538,182.70234010351456,R,monocular,1,1
PV_126,008,PV_126_block_008,PV_126_008_2078539_R,2078538.65,2078604.25,4.614874412482331,11.103639219536705,R,monocular,1,1
PV_126,008,PV_126_block_008,PV_126_008_2078932_R,2078932.4,2078948.55,1.383444813193213,27.142777812803878,R,monocular,1,1
PV_126,008,PV_126_block_008,PV_126_008_2082099_R,2082099.15,2082148.65,9.47618762518022,238.15403723507526,R,monocular,1,1
PV_126,008,PV_126_block_008,PV_126_008_2082149_R,2082148.65,2082230.4,10.184870390967353,86.76101686292668,R,monocular,1,1
PV_126,008,PV_126_block_008,PV_126_008_2126404_R,2126403.75,2126436.55,1.682224563796092,207.89806530650824,R,monocular,1,1
PV_126,008,PV_126_block_008,PV_126_008_2292975_R,2292975.15,2293024.2,3.8480911144681063,119.6013119420298,R,monocular,1,1
PV_126,008,PV_126_block_008,PV_126_008_2339950_R,2339950.4,2340016.05,5.34007771404243,81.34529670949681,R,monocular,1,1
PV_126,008,PV_126_block_008,PV_126_008_2603478_R,2603478.35,2603527.35,,,R,monocular,1,1
PV_126,008,PV_126_block_008,PV_126_008_2662951_R,2662950.95,2663016.6,6.624317101466504,133.90984105606648,R,monocular,1,1
PV_126,008,PV_126_block_008,PV_126_008_2785881_R,2785881.45,2785930.95,2.7668975191549436,133.6607662246917,R,monocular,1,1
PV_126,008,PV_126_block_008,PV_126_008_2798539_R,2798538.8,2798604.5,5.850920306290873,238.01079841172975,R,monocular,1,1
PV_126,008,PV_126_block_008,PV_126_008_3071052_R,3071052.0,3071068.2,,,R,monocular,1,1
PV_126,008,PV_126_block_008,PV_126_008_3071971_R,3071971.2,3072036.85,11.883135474903387,106.91396200785464,R,monocular,1,1
PV_126,008,PV_126_block_008,PV_126_008_3088728_R,3088727.75,3088744.4,0.7220814992649279,239.59100852096014,R,monocular,1,1
PV_126,008,PV_126_block_008,PV_126_008_3099527_R,3099526.9,3099576.4,4.653231986945821,15.815423838911874,R,monocular,1,1
PV_126,008,PV_126_block_008,PV_126_008_3137915_R,3137915.45,3137948.25,1.5792805754567218,23.78848237453771,R,monocular,1,1
PV_126,008,PV_126_block_008,PV_126_008_3204900_R,3204900.5,3204917.15,0.7998439148764623,358.1485009650215,R,monocular,1,1
PV_126,008,PV_126_block_008,PV_126_008_3222531_R,3222531.3,3222613.6,7.060289971172705,9.93588216086065,R,monocular,1,1
PV_126,008,PV_126_block_008,PV_126_008_3226537_R,3226537.45,3226619.8,5.801848471044063,305.2419363231609,R,monocular,1,1
PV_126,008,PV_126_block_008,PV_126_008_3234222_R,3234221.9,3234271.4,14.092578161467506,241.64300819233227,R,monocular,1,1
PV_126,008,PV_126_block_008,PV_126_008_3246800_R,3246799.85,3246832.7,1.5106272380739243,32.76450651914585,R,monocular,1,1
PV_126,008,PV_126_block_008,PV_126_008_3276912_R,3276911.6,3276961.05,11.64556864489643,224.30057897176823,R,monocular,1,1
PV_126,008,PV_126_block_008,PV_126_008_3288010_R,3288010.2,3288026.85,0.7277812329430764,110.4394358663644,R,monocular,1,1
PV_126,008,PV_126_block_008,PV_126_008_3290719_R,3290719.4,3290735.55,0.6176371646575959,127.98739461647078,R,monocular,1,1
PV_126,008,PV_126_block_008,PV_126_008_3304576_R,3304575.95,3304592.15,,,R,monocular,1,1
PV_126,008,PV_126_block_008,PV_126_008_3333243_R,3333243.15,3333308.8,11.826750967258764,250.6930841853791,R,monocular,1,1
PV_126,008,PV_126_block_008,PV_126_008_3350465_R,3350464.6,3350563.1,7.8775696549343905,290.00765960457886,R,monocular,1,1
PV_126,008,PV_126_block_008,PV_126_008_3357770_R,3357770.3,3357835.95,3.927112118598389,290.6175311615216,R,monocular,1,1
PV_126,008,PV_126_block_008,PV_126_008_3365322_R,3365322.05,3365371.1,3.5758828531591726,271.22128588750525,R,monocular,1,1
PV_126,009,PV_126_block_009,PV_126_009_39868_L,39867.85,39900.65,1.965612196100771,28.748933201529795,L,binocular,2,2
PV_126,009,PV_126_block_009,PV_126_009_44054_R,44053.7,44119.35,4.444253044335958,287.4315709557234,R,binocular,2,2
PV_126,009,PV_126_block_009,PV_126_009_46631_L,46630.95,46679.95,2.5934297561382493,9.348192418778215,L,binocular,2,2
PV_126,009,PV_126_block_009,PV_126_009_46992_L,46992.1,47057.75,6.742801362762332,239.7906641583591,L,binocular,2,2
PV_126,009,PV_126_block_009,PV_126_009_47058_L,47057.75,47090.6,2.821483142980579,0.8203833119511216,L,binocular,2,2
PV_126,009,PV_126_block_009,PV_126_009_47091_R,47090.6,47189.05,9.219307412647655,173.90161370424855,R,binocular,2,2
PV_126,009,PV_126_block_009,PV_126_009_47189_L,47189.05,47238.05,9.076025944953702,338.4224165826777,L,binocular,2,2
PV_126,009,PV_126_block_009,PV_126_009_47238_L,47238.05,47336.55,6.26764814658953,158.89807143312157,L,binocular,2,2
PV_126,009,PV_126_block_009,PV_126_009_47731_L,47730.6,47763.4,2.755649365580314,132.21800863241626,L,binocular,2,2
PV_126,009,PV_126_block_009,PV_126_009_60454_R,60454.3,60568.95,10.800032764009963,188.38496314876338,R,binocular,2,2
PV_126,009,PV_126_block_009,PV_126_009_60700_L,60700.3,60749.8,3.831956675558653,5.80870163199165,L,binocular,2,2
PV_126,009,PV_126_block_009,PV_126_009_65970_L,65969.9,66035.55,17.634035824332308,66.21427944939349,L,binocular,2,2
PV_126,009,PV_126_block_009,PV_126_009_66036_R,66035.55,66068.4,0.6980784955241707,97.83064875805466,R,binocular,2,2
PV_126,009,PV_126_block_009,PV_126_009_72207_R,72207.45,72273.1,8.851764749332013,237.2686929139793,R,binocular,2,2
PV_126,009,PV_126_block_009,PV_126_009_78657_L,78657.45,78723.05,7.165561414640153,345.7165377029341,L,binocular,2,2
PV_126,009,PV_126_block_009,PV_126_009_81694_L,81694.2,81743.2,4.537406740235907,10.830373731066183,L,binocular,2,2
PV_126,009,PV_126_block_009,PV_126_009_81907_L,81907.35,81924.0,0.7150855445169845,184.70830919604282,L,binocular,2,2
PV_126,009,PV_126_block_009,PV_126_009_81940_L,81940.15,81973.0,0.7801647119284711,185.54904686999348,L,binocular,2,2
PV_126,009,PV_126_block_009,PV_126_009_82055_R,82055.3,82104.3,8.959826887619746,64.93305739626591,R,binocular,2,2
PV_126,009,PV_126_block_009,PV_126_009_84550_L,84550.4,84599.4,7.775015421929725,169.57093705080135,L,binocular,2,2
PV_126,009,PV_126_block_009,PV_126_009_88408_L,88407.75,88473.4,6.277261609919177,223.51104857774817,L,binocular,2,2
PV_126,009,PV_126_block_009,PV_126_009_89770_L,89770.45,89819.45,8.214347049487857,196.2189640363774,L,binocular,2,2
PV_126,009,PV_126_block_009,PV_126_009_89885_L,89885.1,89917.95,5.4361818126921415,178.2605939634786,L,binocular,2,2
PV_126,009,PV_126_block_009,PV_126_009_89984_L,89983.65,90082.15,6.835731815472091,357.13955268013444,L,binocular,2,2
PV_126,009,PV_126_block_009,PV_126_009_90361_L,90361.45,90410.5,3.2079702901726157,230.1083490142277,L,binocular,2,2
PV_126,009,PV_126_block_009,PV_126_009_90756_L,90755.5,90788.3,4.48891750590601,149.1574723817267,L,binocular,2,2
PV_126,009,PV_126_block_009,PV_126_009_90804_L,90804.5,90837.35,1.8704160457311871,1.7101588511189014,L,binocular,2,2
PV_126,009,PV_126_block_009,PV_126_009_97928_L,97928.15,98010.45,10.331038924209695,265.2907780519922,L,binocular,2,2
PV_126,009,PV_126_block_009,PV_126_009_98536_R,98535.75,98601.45,8.915660288472008,330.1843218782249,R,binocular,2,2
PV_126,009,PV_126_block_009,PV_126_009_98815_L,98814.65,98831.3,0.663986895549583,258.53013080225793,L,binocular,2,2
PV_126,009,PV_126_block_009,PV_126_009_98963_L,98962.65,98978.85,2.3684336096185943,167.95486259901148,L,binocular,2,2
PV_126,009,PV_126_block_009,PV_126_009_98979_R,98978.85,99028.35,2.533432068860372,23.67322535051298,R,binocular,2,2
PV_126,009,PV_126_block_009,PV_126_009_99357_L,99356.65,99405.7,14.742985620508733,7.833588536951317,L,binocular,2,2
PV_126,009,PV_126_block_009,PV_126_009_99390_L,99389.5,99471.35,5.57668033497304,157.59747354786484,L,binocular,2,2
PV_126,009,PV_126_block_009,PV_126_009_104609_R,104609.45,104642.3,2.400687523954515,298.0867305046301,R,binocular,2,2
PV_126,009,PV_126_block_009,PV_126_009_108500_R,108499.85,108598.35,5.074812026302173,338.0035723744741,R,binocular,2,2
PV_126,009,PV_126_block_009,PV_126_009_108730_L,108729.65,108762.45,2.148438212663253,350.07860593087776,L,binocular,2,2
PV_126,009,PV_126_block_009,PV_126_009_108779_L,108779.1,108844.8,4.430524146295508,186.33477532373357,L,binocular,2,2
PV_126,009,PV_126_block_009,PV_126_009_110979_L,110978.8,111027.8,4.302600399587342,353.9818844985141,L,binocular,2,2
PV_126,009,PV_126_block_009,PV_126_009_111143_R,111142.95,111191.95,2.310465113254147,170.96156643684938,R,binocular,2,2
PV_126,009,PV_126_block_009,PV_126_009_111241_R,111241.45,111339.95,3.8368124383172244,3.332063070152863,R,binocular,2,2
PV_126,009,PV_126_block_009,PV_126_009_114196_R,114196.15,114261.85,7.354794077274491,141.92519722348197,R,binocular,2,2
PV_126,009,PV_126_block_009,PV_126_009_118054_L,118054.1,118119.75,11.57628409183564,176.10051297605827,L,binocular,2,2
PV_126,009,PV_126_block_009,PV_126_009_118153_R,118152.6,118202.1,2.1906546180942286,340.3269507680109,R,binocular,2,2
PV_126,009,PV_126_block_009,PV_126_009_118218_L,118218.25,118283.95,5.3136329329271135,171.19127304726223,L,binocular,2,2
PV_126,009,PV_126_block_009,PV_126_009_118301_L,118300.6,118333.4,8.723967987248866,170.63633826655155,L,binocular,2,2
PV_126,009,PV_126_block_009,PV_126_009_118333_L,118333.4,118431.9,10.197218234879708,342.4793805837286,L,binocular,2,2
PV_126,009,PV_126_block_009,PV_126_009_119039_L,119039.0,119071.85,8.5611806233017,357.38447657180535,L,binocular,2,2
PV_126,009,PV_126_block_009,PV_126_009_119072_R,119071.85,119187.0,9.35050567475272,207.86762132028784,R,binocular,2,2
PV_126,009,PV_126_block_009,PV_126_009_145076_L,145076.4,145158.75,11.558144227880817,51.699527947214726,L,binocular,2,2
PV_126,009,PV_126_block_009,PV_126_009_148426_R,148425.9,148541.05,24.082005948392762,103.62547536137235,R,binocular,2,2
PV_126,009,PV_126_block_009,PV_126_009_152186_R,152185.85,152284.35,13.140952360574833,344.38269584783035,R,binocular,2,2
PV_126,009,PV_126_block_009,PV_126_009_152333_L,152333.35,152415.65,6.9285988066103315,174.6518578664412,L,binocular,2,2
PV_126,009,PV_126_block_009,PV_126_009_152416_R,152415.65,152464.7,8.953319554505914,5.723449113355183,R,binocular,2,2
PV_126,009,PV_126_block_009,PV_126_009_152448_R,152448.5,152563.25,6.742936898058236,187.48685615807358,R,binocular,2,2
PV_126,009,PV_126_block_009,PV_126_009_155108_L,155107.8,155140.6,2.355223344050896,4.2935326197265615,L,binocular,2,2
PV_126,009,PV_126_block_009,PV_126_009_155715_L,155714.8,155797.1,4.6433813471999015,260.8920002779072,L,binocular,2,2
PV_126,009,PV_126_block_009,PV_126_009_166073_L,166073.35,166122.35,5.648835551078381,190.6737058858463,L,binocular,2,2
PV_126,009,PV_126_block_009,PV_126_009_177349_L,177349.1,177381.95,4.563017797234243,189.03637486137234,L,binocular,2,2
PV_126,009,PV_126_block_009,PV_126_009_177382_R,177381.95,177431.4,0.7078190421329542,338.31192855313776,R,binocular,2,2
PV_126,009,PV_126_block_009,PV_126_009_203710_L,203710.3,203775.95,8.211548723245249,25.79303795133957,L,binocular,2,2
PV_126,009,PV_126_block_009,PV_126_009_205910_R,205909.8,205942.65,4.798368346914345,327.7612516494682,R,binocular,2,2
PV_126,009,PV_126_block_009,PV_126_009_205943_L,205942.65,206024.95,5.735151801655605,223.12014368787638,L,binocular,2,2
PV_126,009,PV_126_block_009,PV_126_009_227660_L,227659.55,227725.2,12.084590064562406,227.1100602651432,L,binocular,2,2
PV_126,009,PV_126_block_009,PV_126_009_231008_R,231008.15,231106.6,9.596488107585587,199.49675562906816,R,binocular,2,2
PV_126,009,PV_126_block_009,PV_126_009_238264_L,238263.5,238345.35,9.809265857689027,31.030486663496504,L,binocular,2,2
PV_126,009,PV_126_block_009,PV_126_009_245831_R,245830.6,245978.55,15.950226902815702,275.8205630067041,R,binocular,2,2
PV_126,009,PV_126_block_009,PV_126_009_246537_L,246536.6,246569.45,5.800999909293097,197.97413777519054,L,binocular,2,2
PV_126,009,PV_126_block_009,PV_126_009_249918_L,249918.15,249983.8,3.424824220307069,91.21997593048211,L,binocular,2,2
PV_126,009,PV_126_block_009,PV_126_009_258634_R,258634.25,258683.8,3.3589435919984054,260.1178795025628,R,binocular,2,2
PV_126,009,PV_126_block_009,PV_126_009_265216_R,265216.45,265298.3,4.822729036848513,307.4697411569807,R,binocular,2,2
PV_126,009,PV_126_block_009,PV_126_009_273457_R,273457.2,273588.5,28.913176274477355,84.71616178946374,R,binocular,2,2
PV_126,009,PV_126_block_009,PV_126_009_325078_R,325078.35,325193.5,25.453908897538454,240.21459151013647,R,binocular,2,2
PV_126,009,PV_126_block_009,PV_126_009_327360_R,327360.1,327425.75,7.123440265513147,155.6090112212839,R,binocular,2,2
PV_126,009,PV_126_block_009,PV_126_009_327524_R,327524.25,327606.1,4.306182773078708,333.59468446227817,R,binocular,2,2
PV_126,009,PV_126_block_009,PV_126_009_327656_L,327655.55,327721.2,9.357846272936307,215.97140498341727,L,binocular,2,2
PV_126,009,PV_126_block_009,PV_126_009_327754_L,327754.05,327803.05,2.35685001928419,8.681319668826328,L,binocular,2,2
PV_126,009,PV_126_block_009,PV_126_009_328000_R,328000.0,328049.5,17.947117604654537,108.56380982975294,R,binocular,2,2
PV_126,009,PV_126_block_009,PV_126_009_328066_L,328065.7,328131.35,4.575827424246249,13.136647756792234,L,binocular,2,2
PV_126,009,PV_126_block_009,PV_126_009_328657_R,328656.65,328706.15,2.6047119656499316,46.59695438861187,R,binocular,2,2
PV_126,009,PV_126_block_009,PV_126_009_333910_L,333909.9,333975.55,29.719656599549715,38.817253152175056,L,binocular,2,2
PV_126,009,PV_126_block_009,PV_126_009_333976_L,333975.55,334041.2,7.480629483676077,204.58127450082486,L,binocular,2,2
PV_126,009,PV_126_block_009,PV_126_009_339655_L,339655.2,339704.65,,,L,binocular,2,2
PV_126,009,PV_126_block_009,PV_126_009_339738_L,339737.5,339819.35,4.551095631043537,158.06581198340965,L,binocular,2,2
PV_126,009,PV_126_block_009,PV_126_009_344892_L,344891.9,344957.55,9.093182823028531,25.660463441826646,L,binocular,2,2
PV_126,009,PV_126_block_009,PV_126_009_345778_L,345778.3,345827.3,3.256798415932955,251.32964482287093,L,binocular,2,2
PV_126,009,PV_126_block_009,PV_126_009_359091_R,359091.2,359124.0,9.049801374614075,10.800186688932124,R,binocular,2,2
PV_126,009,PV_126_block_009,PV_126_009_359108_R,359107.85,359239.15,9.373924435750727,195.11309980419048,R,binocular,2,2
PV_126,009,PV_126_block_009,PV_126_009_359338_L,359337.55,359419.4,3.0012836140884276,245.87193647632841,L,binocular,2,2
PV_126,009,PV_126_block_009,PV_126_009_359764_R,359764.3,359797.1,9.043915985603489,31.798441378388013,R,binocular,2,2
PV_126,009,PV_126_block_009,PV_126_009_359797_L,359797.1,359862.75,5.75188604551835,164.63217547939863,L,binocular,2,2
PV_126,009,PV_126_block_009,PV_126_009_366872_R,366871.6,366970.1,14.13395080853964,197.926865940806,R,binocular,2,2
PV_126,009,PV_126_block_009,PV_126_009_366970_R,366970.1,367052.4,7.767542087321436,34.544287889529656,R,binocular,2,2
PV_126,009,PV_126_block_009,PV_126_009_367397_L,367396.85,367446.35,5.5181101078828245,40.27124584489564,L,binocular,2,2
PV_126,009,PV_126_block_009,PV_126_009_375867_R,375866.7,375932.4,10.482818486057512,207.54053902782306,R,binocular,2,2
PV_126,009,PV_126_block_009,PV_126_009_375949_R,375949.05,376014.7,4.284094917365165,36.52713097273299,R,binocular,2,2
PV_126,009,PV_126_block_009,PV_126_009_384632_L,384632.15,384730.65,8.728304151484975,190.0593726156025,L,binocular,2,2
PV_126,009,PV_126_block_009,PV_126_009_389589_R,389589.35,389638.8,3.1833424776328094,177.59167250506377,R,binocular,2,2
PV_126,009,PV_126_block_009,PV_126_009_391559_L,391559.4,391625.1,5.19586169986891,186.77618324839753,L,binocular,2,2
PV_126,009,PV_126_block_009,PV_126_009_392003_R,392003.0,392035.85,4.3873602229926965,190.33585995932353,R,binocular,2,2
PV_126,009,PV_126_block_009,PV_126_009_392036_R,392035.85,392101.5,3.4850581668417115,325.6921711607414,R,binocular,2,2
PV_126,009,PV_126_block_009,PV_126_009_400426_L,400425.75,400508.1,8.373818887633403,14.271982348565924,L,binocular,2,2
PV_126,009,PV_126_block_009,PV_126_009_400672_L,400672.25,400737.95,6.896643533788784,16.557523249057013,L,binocular,2,2
PV_126,009,PV_126_block_009,PV_126_009_400869_L,400869.3,400935.0,4.829790140404812,168.80295850727705,L,binocular,2,2
PV_126,009,PV_126_block_009,PV_126_009_400935_L,400935.0,401000.65,5.381180419099122,11.691139797375214,L,binocular,2,2
PV_126,009,PV_126_block_009,PV_126_009_407321_L,407321.35,407370.8,2.9848837933516776,356.7488251368142,L,binocular,2,2
PV_126,009,PV_126_block_009,PV_126_009_414217_L,414217.45,414234.1,0.517204116905419,179.1500797569078,L,binocular,2,2
PV_126,009,PV_126_block_009,PV_126_009_434824_L,434823.8,434872.8,2.824713791575541,10.745286225482806,L,binocular,2,2
PV_126,009,PV_126_block_009,PV_126_009_462392_R,462391.65,462441.1,3.521325194154099,337.6894796684365,R,binocular,2,2
PV_126,009,PV_126_block_009,PV_126_009_494766_R,494765.55,494831.2,8.330818495187387,212.37270716391205,R,binocular,2,2
PV_126,009,PV_126_block_009,PV_126_009_494831_R,494831.2,494913.55,8.895235630214751,24.166567893866237,R,binocular,2,2
PV_126,009,PV_126_block_009,PV_126_009_495176_L,495176.2,495225.2,2.7250758286222,205.2294819319024,L,binocular,2,2
PV_126,009,PV_126_block_009,PV_126_009_495242_R,495241.85,495307.55,5.140300750743308,12.702668015697284,R,binocular,2,2
PV_126,009,PV_126_block_009,PV_126_009_495685_L,495684.85,495717.7,7.598477786381559,168.29575291937684,L,binocular,2,2
PV_126,009,PV_126_block_009,PV_126_009_500380_L,500380.3,500446.0,13.322957299708467,185.8334361312364,L,binocular,2,2
PV_126,009,PV_126_block_009,PV_126_009_500463_L,500462.65,500511.65,2.947556654911142,350.92724769671344,L,binocular,2,2
PV_126,009,PV_126_block_009,PV_126_009_504829_R,504829.1,504894.8,9.344458181049617,127.18306192710621,R,binocular,2,2
PV_126,009,PV_126_block_009,PV_126_009_505781_R,505781.3,505847.0,13.729920690109807,247.35659490761321,R,binocular,2,2
PV_126,009,PV_126_block_009,PV_126_009_510919_R,510919.15,510952.0,1.2079984447708174,176.6815530061233,R,binocular,2,2
PV_126,009,PV_126_block_009,PV_126_009_518356_R,518355.9,518404.9,2.90372793108,265.44954690507916,R,binocular,2,2
PV_126,009,PV_126_block_009,PV_126_009_518422_L,518421.55,518520.1,10.229457593447156,214.65642756721527,L,binocular,2,2
PV_126,009,PV_126_block_009,PV_126_009_518586_L,518585.75,518618.6,1.7043431414840042,81.74974446393634,L,binocular,2,2
PV_126,009,PV_126_block_009,PV_126_009_518635_R,518634.8,518717.1,3.4519552162943072,298.47589753285047,R,binocular,2,2
PV_126,009,PV_126_block_009,PV_126_009_518750_R,518749.95,518782.8,1.8354065417908914,29.98123833360899,R,binocular,2,2
PV_126,009,PV_126_block_009,PV_126_009_518799_L,518799.0,518831.85,3.6861741593329236,213.78944578719435,L,binocular,2,2
PV_126,009,PV_126_block_009,PV_126_009_526056_L,526056.2,526105.7,7.029346003202595,354.99193089232307,L,binocular,2,2
PV_126,009,PV_126_block_009,PV_126_009_526270_L,526269.85,526302.7,2.4065823206688255,327.4335032265845,L,binocular,2,2
PV_126,009,PV_126_block_009,PV_126_009_533116_R,533116.15,533165.6,6.557875695339906,60.97416063027462,R,binocular,2,2
PV_126,009,PV_126_block_009,PV_126_009_552752_L,552751.75,552801.2,1.9136244855753388,19.364378833298197,L,binocular,2,2
PV_126,009,PV_126_block_009,PV_126_009_552982_R,552981.6,553047.25,3.7716427850652496,307.46794876811157,R,binocular,2,2
PV_126,009,PV_126_block_009,PV_126_009_555936_L,555936.4,555969.2,1.5476097239857516,354.1845113687829,L,binocular,2,2
PV_126,009,PV_126_block_009,PV_126_009_556166_L,556166.2,556248.5,5.151006770673309,169.09356703155836,L,binocular,2,2
PV_126,009,PV_126_block_009,PV_126_009_556610_R,556609.7,556675.35,3.372052290010617,243.71101496496607,R,binocular,2,2
PV_126,009,PV_126_block_009,PV_126_009_556905_L,556905.2,556938.05,7.843623493736451,172.6197420928915,L,binocular,2,2
PV_126,009,PV_126_block_009,PV_126_009_556921_R,556921.4,556970.9,1.9260150772894613,331.7843752763288,R,binocular,2,2
PV_126,009,PV_126_block_009,PV_126_009_563734_L,563734.3,563816.15,23.12230979826997,40.14919271693452,L,binocular,2,2
PV_126,009,PV_126_block_009,PV_126_009_563800_L,563800.0,563881.85,8.334346060802096,230.97726997809403,L,binocular,2,2
PV_126,009,PV_126_block_009,PV_126_009_574257_R,574256.6,574371.7,13.385976351519226,169.0842498275543,R,binocular,2,2
PV_126,009,PV_126_block_009,PV_126_009_574618_L,574617.65,574667.15,9.44930211008715,207.67593728544136,L,binocular,2,2
PV_126,009,PV_126_block_009,PV_126_009_574667_R,574667.15,574716.15,2.51771323262352,306.3003548049701,R,binocular,2,2
PV_126,009,PV_126_block_009,PV_126_009_576473_R,576472.75,576505.6,4.168367675748668,162.3599905541652,R,binocular,2,2
PV_126,009,PV_126_block_009,PV_126_009_576538_R,576538.45,576604.1,3.885303486299486,348.31357240786207,R,binocular,2,2
PV_126,009,PV_126_block_009,PV_126_009_576703_R,576702.6,576735.4,10.702331204698886,341.39423724344675,R,binocular,2,2
PV_126,009,PV_126_block_009,PV_126_009_576735_L,576735.4,576751.6,0.6465847802062621,244.45510535894203,L,binocular,2,2
PV_126,009,PV_126_block_009,PV_126_009_576768_L,576768.25,576850.1,5.505572293471992,198.4118577096406,L,binocular,2,2
PV_126,009,PV_126_block_009,PV_126_009_576900_R,576899.55,576932.4,5.433208820222702,355.5288381215431,R,binocular,2,2
PV_126,009,PV_126_block_009,PV_126_009_576932_L,576932.4,576981.4,3.2345750317040927,186.04806040717688,L,binocular,2,2
PV_126,009,PV_126_block_009,PV_126_009_577129_L,577129.4,577162.2,1.1431145329231083,19.784489178207426,L,binocular,2,2
PV_126,009,PV_126_block_009,PV_126_009_577178_R,577178.4,577227.9,3.0325785212912764,156.20645474656462,R,binocular,2,2
PV_126,009,PV_126_block_009,PV_126_009_577277_R,577276.9,577359.2,5.671847682569492,341.3921280726958,R,binocular,2,2
PV_126,009,PV_126_block_009,PV_126_009_581233_L,581233.0,581265.85,5.827039430181225,12.93051076621474,L,binocular,2,2
PV_126,009,PV_126_block_009,PV_126_009_581430_R,581429.95,581511.8,5.960685640699037,177.02734498320126,R,binocular,2,2
PV_126,009,PV_126_block_009,PV_126_009_586650_R,586650.25,586715.9,2.690754305588628,122.84072205335164,R,binocular,2,2
PV_126,009,PV_126_block_009,PV_126_009_609863_R,609862.9,609977.6,10.374519128376098,197.51030986737086,R,binocular,2,2
PV_126,009,PV_126_block_009,PV_126_009_609961_L,609961.45,610027.1,8.31574710173635,208.7594454762941,L,binocular,2,2
PV_126,009,PV_126_block_009,PV_126_009_610290_L,610289.8,610322.6,3.385976449672774,159.93547787553075,L,binocular,2,2
PV_126,009,PV_126_block_009,PV_126_009_610339_R,610338.8,610388.25,2.9642293806517666,359.8938415653348,R,binocular,2,2
PV_126,009,PV_126_block_009,PV_126_009_618842_L,618842.05,618891.5,7.672626242206716,29.70575914933962,L,binocular,2,2
PV_126,009,PV_126_block_009,PV_126_009_618875_R,618874.85,618973.35,6.027047669926035,198.14882940802008,R,binocular,2,2
PV_126,009,PV_126_block_009,PV_126_009_619088_R,619088.5,619219.85,12.064026782557349,189.5574892309581,R,binocular,2,2
PV_126,009,PV_126_block_009,PV_126_009_619220_R,619219.85,619252.65,2.9371288687831836,37.03265405538297,R,binocular,2,2
PV_126,009,PV_126_block_009,PV_126_009_619253_L,619252.65,619318.3,8.889041397866405,198.23300661817987,L,binocular,2,2
PV_126,009,PV_126_block_009,PV_126_009_619334_L,619334.45,619383.95,0.7939562724579848,200.87401448266132,L,binocular,2,2
PV_126,009,PV_126_block_009,PV_126_009_632517_L,632516.9,632565.95,7.7242539071923595,79.63664535829548,L,binocular,2,2
PV_126,009,PV_126_block_009,PV_126_009_632583_R,632582.6,632631.6,3.139841780967693,272.6361141445045,R,binocular,2,2
PV_126,009,PV_126_block_009,PV_126_009_722104_L,722104.0,722120.65,1.256216037286234,218.85856009970882,L,binocular,2,2
PV_126,009,PV_126_block_009,PV_126_009_790396_L,790395.65,790461.3,4.0478688855041565,62.697245565390546,L,binocular,2,2
PV_126,009,PV_126_block_009,PV_126_009_840250_L,840249.6,840298.65,1.8941648851691872,183.38372304032532,L,binocular,2,2
PV_126,009,PV_126_block_009,PV_126_009_927554_L,927553.65,927619.3,1.2137364873942442,46.66822133822192,L,binocular,2,2
PV_126,009,PV_126_block_009,PV_126_009_941920_L,941919.95,942018.45,9.000802032582722,53.70229197735236,L,binocular,2,2
PV_126,009,PV_126_block_009,PV_126_009_951131_R,951131.15,951278.7,20.14564172081021,78.6478850289106,R,binocular,2,2
PV_126,009,PV_126_block_009,PV_126_009_957946_L,957945.55,958044.1,13.41447334184657,222.15967722001736,L,binocular,2,2
PV_126,009,PV_126_block_009,PV_126_009_974366_R,974365.65,974431.3,8.492190711097651,217.43590588613824,R,binocular,2,2
PV_126,009,PV_126_block_009,PV_126_009_985713_L,985713.15,985746.0,1.4782677498889278,199.10177251549658,L,binocular,2,2
PV_126,009,PV_126_block_009,PV_126_009_1035132_L,1035132.35,1035230.85,8.3643670392178,102.4430577185254,L,binocular,2,2
PV_126,009,PV_126_block_009,PV_126_009_1053009_R,1053008.55,1053058.05,3.56826332912102,63.7973644571242,R,binocular,2,2
PV_126,009,PV_126_block_009,PV_126_009_1069705_R,1069704.7,1069803.25,12.047751992974698,207.59179957263217,R,binocular,2,2
PV_126,009,PV_126_block_009,PV_126_009_1082084_L,1082084.25,1082133.25,,,L,binocular,2,2
PV_126,009,PV_126_block_009,PV_126_009_1082757_L,1082757.1,1082822.8,5.159289041099337,156.9172269294951,L,binocular,2,2
PV_126,009,PV_126_block_009,PV_126_009_1092230_L,1092230.15,1092328.65,13.171231949147245,20.607429210206554,L,binocular,2,2
PV_126,009,PV_126_block_009,PV_126_009_1126620_L,1126619.95,1126685.6,3.390075374834613,211.7462301823579,L,binocular,2,2
PV_126,009,PV_126_block_009,PV_126_009_1162785_R,1162785.3,1162916.6,16.757562514177696,290.97859367029685,R,binocular,2,2
PV_126,009,PV_126_block_009,PV_126_009_1175771_R,1175770.6,1175869.1,8.602790238725671,1.2079331427824058,R,binocular,2,2
PV_126,009,PV_126_block_009,PV_126_009_1254776_R,1254776.25,1254940.35,28.76409933086337,97.46269478623928,R,binocular,2,2
PV_126,009,PV_126_block_009,PV_126_009_1307403_L,1307402.9,1307484.75,9.964855190944482,201.37969868389445,L,binocular,2,2
PV_126,009,PV_126_block_009,PV_126_009_1316087_R,1316086.85,1316136.3,3.2010190556408644,188.9488735846111,R,binocular,2,2
PV_126,009,PV_126_block_009,PV_126_009_1318763_L,1318762.65,1318844.5,3.9427208990382208,65.59835464387857,L,binocular,2,2
PV_126,009,PV_126_block_009,PV_126_009_1319074_R,1319074.3,1319172.8,5.792334933151701,0.19903174776692634,R,binocular,2,2
PV_126,009,PV_126_block_009,PV_126_009_1319157_L,1319156.6,1319205.65,0.8528294355626961,171.64263899624027,L,binocular,2,2
PV_126,009,PV_126_block_009,PV_126_009_1319419_L,1319419.3,1319517.8,11.69426891935198,6.099065340574882,L,binocular,2,2
PV_126,009,PV_126_block_009,PV_126_009_1319551_L,1319550.6,1319665.3,6.8439924406218635,234.6780732412551,L,binocular,2,2
PV_126,009,PV_126_block_009,PV_126_009_1319649_L,1319649.1,1319730.95,2.02682174483059,56.02991043386647,L,binocular,2,2
PV_126,009,PV_126_block_009,PV_126_009_1606422_R,1606421.55,1606520.1,5.368545152181544,269.7044339297852,R,binocular,2,2
PV_126,009,PV_126_block_009,PV_126_009_1630440_R,1630440.2,1630489.25,11.564764575848482,121.6233020982195,R,binocular,2,2
PV_126,009,PV_126_block_009,PV_126_009_1630489_R,1630489.25,1630554.9,4.021001314137562,344.2010053456903,R,binocular,2,2
PV_126,009,PV_126_block_009,PV_126_009_1637730_R,1637730.45,1637763.25,6.83814762676521,221.38335642614658,R,binocular,2,2
PV_126,009,PV_126_block_009,PV_126_009_1637796_R,1637796.1,1637910.8,14.211836697063697,255.49227728123407,R,binocular,2,2
PV_126,009,PV_126_block_009,PV_126_009_1648335_L,1648335.35,1648384.35,6.403392140957398,26.765364809451604,L,binocular,2,2
PV_126,009,PV_126_block_009,PV_126_009_1648401_R,1648401.0,1648417.15,2.919884223991022,262.9701404849301,R,binocular,2,2
PV_126,009,PV_126_block_009,PV_126_009_1707589_R,1707588.95,1707638.45,1.9917173534154626,225.01852107296543,R,binocular,2,2
PV_126,009,PV_126_block_009,PV_126_009_1735288_L,1735288.1,1735320.95,2.314453886744983,49.67470943416057,L,binocular,2,2
PV_126,009,PV_126_block_009,PV_126_009_1754515_R,1754514.9,1754613.45,5.632334124968375,264.13651715133267,R,binocular,2,2
PV_126,009,PV_126_block_009,PV_126_009_1767995_L,1767995.35,1768061.05,4.37651536958339,166.06620192813907,L,binocular,2,2
PV_126,009,PV_126_block_009,PV_126_009_1910176_R,1910176.1,1910225.15,2.3687968135679123,347.0828909874645,R,binocular,2,2
PV_126,009,PV_126_block_009,PV_126_009_1995908_L,1995908.3,1995974.0,3.220476385598149,183.08838292737695,L,binocular,2,2
PV_126,009,PV_126_block_009,PV_126_009_1998748_L,1998748.0,1998863.15,8.431585151683413,235.64719614732883,L,binocular,2,2
PV_126,009,PV_126_block_009,PV_126_009_1999470_L,1999470.2,1999568.7,9.414880434469792,184.30493155448178,L,binocular,2,2
PV_126,009,PV_126_block_009,PV_126_009_1999798_L,1999798.45,1999831.3,6.327086406320566,33.38776206002829,L,binocular,2,2
PV_126,009,PV_126_block_009,PV_126_009_2004706_R,2004706.0,2004771.6,15.542550294808121,278.7415822614125,R,binocular,2,2
PV_126,009,PV_126_block_009,PV_126_009_2014556_R,2014556.2,2014638.05,13.288309612974427,125.12565926862831,R,binocular,2,2
PV_126,009,PV_126_block_009,PV_126_009_2033408_R,2033407.85,2033456.85,3.0821892893571468,101.82245036005062,R,binocular,2,2
PV_126,009,PV_126_block_009,PV_126_009_2130188_L,2130188.25,2130221.05,7.834507599949971,322.85399091040773,L,binocular,2,2
PV_126,009,PV_126_block_009,PV_126_009_2130221_L,2130221.05,2130335.7,19.55428757456588,120.65397640719924,L,binocular,2,2
PV_126,009,PV_126_block_009,PV_126_009_2155194_R,2155193.85,2155243.35,5.014795478464871,311.8458077381556,R,binocular,2,2
PV_126,009,PV_126_block_009,PV_126_009_2339364_L,2339364.5,2339430.15,11.37993817532999,45.67139897728899,L,binocular,2,2
PV_126,009,PV_126_block_009,PV_126_009_2640377_R,2640376.85,2640426.3,2.3978652721669964,32.71817422123374,R,binocular,2,2
PV_126,009,PV_126_block_009,PV_126_009_2647502_R,2647502.1,2647584.4,3.667685524941407,115.45204840946074,R,binocular,2,2
PV_126,009,PV_126_block_009,PV_126_009_74587_L,74587.2,74685.7,12.327526280009774,257.88594846363446,L,monocular,1,1
PV_126,009,PV_126_block_009,PV_126_009_81842_L,81841.7,81874.5,1.4862279209885247,165.09466127215103,L,monocular,1,1
PV_126,009,PV_126_block_009,PV_126_009_81973_L,81973.0,81989.65,0.6733464362096666,176.9679961312987,L,monocular,1,1
PV_126,009,PV_126_block_009,PV_126_009_82121_L,82120.95,82169.95,3.3411210688440884,138.69174214502414,L,monocular,1,1
PV_126,009,PV_126_block_009,PV_126_009_86225_L,86224.75,86257.6,5.57268020136321,254.12036495783542,L,monocular,1,1
PV_126,009,PV_126_block_009,PV_126_009_86290_L,86290.4,86306.6,1.124452010124286,210.49927399212774,L,monocular,1,1
PV_126,009,PV_126_block_009,PV_126_009_89918_L,89917.95,89950.8,5.392979754531628,350.2799698001051,L,monocular,1,1
PV_126,009,PV_126_block_009,PV_126_009_108549_L,108549.3,108582.15,1.4394910863512094,24.017248593772933,L,monocular,1,1
PV_126,009,PV_126_block_009,PV_126_009_108861_L,108860.95,108877.6,0.535217357933143,144.91453409831982,L,monocular,1,1
PV_126,009,PV_126_block_009,PV_126_009_118268_L,118267.75,118300.6,3.4343561315829705,349.2586843472976,L,monocular,1,1
PV_126,009,PV_126_block_009,PV_126_009_148475_L,148475.4,148491.55,0.5175913950026938,190.6058373811194,L,monocular,1,1
PV_126,009,PV_126_block_009,PV_126_009_148508_L,148508.2,148524.4,0.6108228522621506,128.99252289670954,L,monocular,1,1
PV_126,009,PV_126_block_009,PV_126_009_152268_L,152267.7,152284.35,1.3649251509288658,160.3904313063908,L,monocular,1,1
PV_126,009,PV_126_block_009,PV_126_009_152465_L,152464.7,152563.25,7.55067572034337,185.94361273645418,L,monocular,1,1
PV_126,009,PV_126_block_009,PV_126_009_231074_L,231073.8,231106.6,1.0070761091677083,84.90235515910915,L,monocular,1,1
PV_126,009,PV_126_block_009,PV_126_009_238887_L,238887.25,238936.3,3.6318927080092496,253.83170565789868,L,monocular,1,1
PV_126,009,PV_126_block_009,PV_126_009_246340_L,246339.65,246372.45,0.8886834100863487,296.3975220915767,L,monocular,1,1
PV_126,009,PV_126_block_009,PV_126_009_246405_L,246405.3,246438.1,1.6358448855602103,299.47042120413903,L,monocular,1,1
PV_126,009,PV_126_block_009,PV_126_009_246487_L,246487.1,246503.75,0.6224919431248171,330.4084868961595,L,monocular,1,1
PV_126,009,PV_126_block_009,PV_126_009_246734_L,246733.6,246766.4,2.404205061139424,29.09116512883592,L,monocular,1,1
PV_126,009,PV_126_block_009,PV_126_009_246815_L,246815.45,246864.9,2.7791476128884387,17.761477294955455,L,monocular,1,1
PV_126,009,PV_126_block_009,PV_126_009_265430_L,265429.65,265479.1,2.503049775425709,135.66819526060664,L,monocular,1,1
PV_126,009,PV_126_block_009,PV_126_009_273539_L,273539.05,273555.7,0.6004613645282026,107.05442932763005,L,monocular,1,1
PV_126,009,PV_126_block_009,PV_126_009_273572_L,273571.85,273588.5,0.6790365278846651,127.38887677446058,L,monocular,1,1
PV_126,009,PV_126_block_009,PV_126_009_273605_L,273604.65,273654.15,2.7689762335695574,112.23222426233184,L,monocular,1,1
PV_126,009,PV_126_block_009,PV_126_009_327475_L,327474.75,327507.6,1.4324119381806075,340.87072991809157,L,monocular,1,1
PV_126,009,PV_126_block_009,PV_126_009_327557_L,327557.05,327671.75,9.43837040669587,50.92684329416723,L,monocular,1,1
PV_126,009,PV_126_block_009,PV_126_009_345089_L,345088.85,345121.7,1.3731881071836394,187.42553245506377,L,monocular,1,1
PV_126,009,PV_126_block_009,PV_126_009_352623_L,352623.2,352688.85,5.561846868878506,352.21136962140065,L,monocular,1,1
PV_126,009,PV_126_block_009,PV_126_009_359206_L,359206.3,359239.15,1.5526096296088805,150.0920623883744,L,monocular,1,1
PV_126,009,PV_126_block_009,PV_126_009_359551_L,359550.7,359567.35,0.654079751008622,137.71142144064572,L,monocular,1,1
PV_126,009,PV_126_block_009,PV_126_009_359584_L,359583.5,359682.0,5.706651434587205,218.068691968997,L,monocular,1,1
PV_126,009,PV_126_block_009,PV_126_009_367430_L,367429.7,367446.35,0.5298769819492394,222.61750720487353,L,monocular,1,1
PV_126,009,PV_126_block_009,PV_126_009_373667_L,373667.25,373683.9,0.7167856707799396,190.15212791495617,L,monocular,1,1
PV_126,009,PV_126_block_009,PV_126_009_389639_L,389638.8,389654.95,0.5626017310590495,337.1216056731068,L,monocular,1,1
PV_126,009,PV_126_block_009,PV_126_009_391954_L,391953.5,391986.35,1.4605511953322918,316.8601274625071,L,monocular,1,1
PV_126,009,PV_126_block_009,PV_126_009_400836_L,400836.45,400852.65,0.7056452911705451,13.772269824777634,L,monocular,1,1
PV_126,009,PV_126_block_009,PV_126_009_401001_L,401000.65,401033.5,1.5882278939118384,184.5087520552069,L,monocular,1,1
PV_126,009,PV_126_block_009,PV_126_009_469731_L,469730.65,469763.5,0.9187545308213603,345.56469629441744,L,monocular,1,1
PV_126,009,PV_126_block_009,PV_126_009_495078_L,495077.7,495093.9,0.7606016947159461,191.63034044799176,L,monocular,1,1
PV_126,009,PV_126_block_009,PV_126_009_495275_L,495274.7,495290.9,1.9950188444880212,356.5260066788846,L,monocular,1,1
PV_126,009,PV_126_block_009,PV_126_009_495291_L,495290.9,495340.4,3.377619962671711,216.99400983429447,L,monocular,1,1
PV_126,009,PV_126_block_009,PV_126_009_504944_L,504943.8,504960.45,0.5553491802955967,27.86087614113821,L,monocular,1,1
PV_126,009,PV_126_block_009,PV_126_009_518684_L,518684.3,518700.45,1.698339576070365,279.3273492793638,L,monocular,1,1
PV_126,009,PV_126_block_009,PV_126_009_518816_L,518815.65,518864.65,,,L,monocular,1,1
PV_126,009,PV_126_block_009,PV_126_009_519193_L,519193.05,519209.7,1.0953624244401536,113.68129609484933,L,monocular,1,1
PV_126,009,PV_126_block_009,PV_126_009_519210_L,519209.7,519242.55,,,L,monocular,1,1
PV_126,009,PV_126_block_009,PV_126_009_519292_L,519291.6,519324.4,2.7252332340621486,301.88617348643334,L,monocular,1,1
PV_126,009,PV_126_block_009,PV_126_009_526303_L,526302.7,526318.9,0.7687079433631637,180.5970745063063,L,monocular,1,1
PV_126,009,PV_126_block_009,PV_126_009_526336_L,526335.55,526351.75,0.7926592759035792,168.09864394445205,L,monocular,1,1
PV_126,009,PV_126_block_009,PV_126_009_552998_L,552998.25,553014.4,0.7691723265756313,205.17775936570044,L,monocular,1,1
PV_126,009,PV_126_block_009,PV_126_009_553031_L,553031.05,553063.9,1.792312880596125,207.44521486302008,L,monocular,1,1
PV_126,009,PV_126_block_009,PV_126_009_553080_L,553080.1,553096.75,0.5885736592131657,213.49511308033985,L,monocular,1,1
PV_126,009,PV_126_block_009,PV_126_009_556478_L,556478.35,556511.2,1.310069359512121,163.57110327633384,L,monocular,1,1
PV_126,009,PV_126_block_009,PV_126_009_566673_L,566673.05,566722.55,4.345262367447173,242.56600800120611,L,monocular,1,1
PV_126,009,PV_126_block_009,PV_126_009_566804_L,566804.4,566837.2,1.1923440351084476,70.30191653440832,L,monocular,1,1
PV_126,009,PV_126_block_009,PV_126_009_567264_L,567264.05,567280.7,4.345401574675692,51.70199839022513,L,monocular,1,1
PV_126,009,PV_126_block_009,PV_126_009_568758_L,568758.0,568823.65,3.392543075146287,281.0166865084725,L,monocular,1,1
PV_126,009,PV_126_block_009,PV_126_009_569299_L,569299.45,569348.9,4.367653858971613,248.83167528898258,L,monocular,1,1
PV_126,009,PV_126_block_009,PV_126_009_574322_L,574322.2,574404.5,13.610208174073778,164.231684837939,L,monocular,1,1
PV_126,009,PV_126_block_009,PV_126_009_574700_L,574700.0,574716.15,0.6945003686747565,54.52379669962769,L,monocular,1,1
PV_126,009,PV_126_block_009,PV_126_009_576653_L,576653.1,576669.75,0.5421314559553008,124.44108871192437,L,monocular,1,1
PV_126,009,PV_126_block_009,PV_126_009_577146_L,577145.55,577162.2,0.6101014795501049,192.28198622817476,L,monocular,1,1
PV_126,009,PV_126_block_009,PV_126_009_577326_L,577326.35,577342.55,3.2744073158972644,39.59292809624344,L,monocular,1,1
PV_126,009,PV_126_block_009,PV_126_009_599767_L,599766.75,599816.2,4.041850689351994,11.483076840171677,L,monocular,1,1
PV_126,009,PV_126_block_009,PV_126_009_618317_L,618316.8,618366.25,2.783512416004866,263.7687582735634,L,monocular,1,1
PV_126,009,PV_126_block_009,PV_126_009_619138_L,619137.5,619203.2,5.2815051198752565,168.01345183706076,L,monocular,1,1
PV_126,009,PV_126_block_009,PV_126_009_675563_L,675563.2,675579.35,0.5352700707860512,348.5184865153268,L,monocular,1,1
PV_126,009,PV_126_block_009,PV_126_009_708265_L,708265.35,708281.55,,,L,monocular,1,1
PV_126,009,PV_126_block_009,PV_126_009_708314_L,708314.4,708331.05,2.025631087487211,157.51278103536367,L,monocular,1,1
PV_126,009,PV_126_block_009,PV_126_009_720184_L,720183.55,720199.75,0.710831664311353,217.0281376666962,L,monocular,1,1
PV_126,009,PV_126_block_009,PV_126_009_722055_L,722055.0,722071.15,3.1104305987984664,206.16332591909077,L,monocular,1,1
PV_126,009,PV_126_block_009,PV_126_009_722121_L,722120.65,722153.45,1.0679499517945228,333.8607993996319,L,monocular,1,1
PV_126,009,PV_126_block_009,PV_126_009_748089_L,748089.2,748122.0,0.898186538274366,1.3475774139482504,L,monocular,1,1
PV_126,009,PV_126_block_009,PV_126_009_768217_L,768217.35,768250.2,1.4597432438979625,269.32086602368645,L,monocular,1,1
PV_126,009,PV_126_block_009,PV_126_009_768266_L,768266.4,768299.2,1.774370369369018,254.77891630581075,L,monocular,1,1
PV_126,009,PV_126_block_009,PV_126_009_800048_L,800047.6,800080.45,2.580073152609462,8.234667342982911,L,monocular,1,1
PV_126,009,PV_126_block_009,PV_126_009_800080_L,800080.45,800097.1,0.7026307480849793,154.32995165269693,L,monocular,1,1
PV_126,009,PV_126_block_009,PV_126_009_974481_L,974480.8,974529.85,3.2011628925446316,178.49635605923567,L,monocular,1,1
PV_126,009,PV_126_block_009,PV_126_009_1017632_L,1017631.85,1017648.05,0.6977831401383698,298.16970718298575,L,monocular,1,1
PV_126,009,PV_126_block_009,PV_126_009_1082199_L,1082198.9,1082248.4,2.494632837809171,145.48424573387683,L,monocular,1,1
PV_126,009,PV_126_block_009,PV_126_009_1111238_L,1111238.35,1111320.2,7.833127539344706,212.42061782111816,L,monocular,1,1
PV_126,009,PV_126_block_009,PV_126_009_1142019_L,1142018.65,1142035.3,0.8650098880273233,223.02603589073806,L,monocular,1,1
PV_126,009,PV_126_block_009,PV_126_009_1162900_L,1162899.95,1162916.6,0.5701334228626199,46.614666728507764,L,monocular,1,1
PV_126,009,PV_126_block_009,PV_126_009_1175836_L,1175836.2,1175869.1,2.936390818814552,37.1651420020902,L,monocular,1,1
PV_126,009,PV_126_block_009,PV_126_009_1213610_L,1213609.55,1213625.7,0.884424743704432,202.93979263042823,L,monocular,1,1
PV_126,009,PV_126_block_009,PV_126_009_1280055_L,1280054.95,1280136.8,11.76165061757537,231.8299367979522,L,monocular,1,1
PV_126,009,PV_126_block_009,PV_126_009_1293385_L,1293384.65,1293417.5,,,L,monocular,1,1
PV_126,009,PV_126_block_009,PV_126_009_1300754_L,1300754.2,1300770.85,0.5235966129692826,276.13599410895097,L,monocular,1,1
PV_126,009,PV_126_block_009,PV_126_009_1318894_L,1318893.95,1319058.15,12.393568690672797,291.0974093439676,L,monocular,1,1
PV_126,009,PV_126_block_009,PV_126_009_1319255_L,1319255.1,1319287.95,1.7239841277593155,63.70291347938886,L,monocular,1,1
PV_126,009,PV_126_block_009,PV_126_009_1319304_L,1319304.15,1319336.95,2.620072936627656,43.25002987839745,L,monocular,1,1
PV_126,009,PV_126_block_009,PV_126_009_1319748_L,1319747.6,1319813.25,4.459114536579676,166.5858965665074,L,monocular,1,1
PV_126,009,PV_126_block_009,PV_126_009_1319813_L,1319813.25,1319862.3,9.94569124732442,22.52506389932425,L,monocular,1,1
PV_126,009,PV_126_block_009,PV_126_009_1319862_L,1319862.3,1319911.8,3.049441633120712,156.38704320673253,L,monocular,1,1
PV_126,009,PV_126_block_009,PV_126_009_1329171_L,1329171.25,1329269.75,5.790185397893438,99.25748489192974,L,monocular,1,1
PV_126,009,PV_126_block_009,PV_126_009_1373761_L,1373760.55,1373809.55,4.736098333642306,341.88737500606237,L,monocular,1,1
PV_126,009,PV_126_block_009,PV_126_009_1414625_L,1414624.55,1414674.0,4.4688797996385325,186.4666746563536,L,monocular,1,1
PV_126,009,PV_126_block_009,PV_126_009_1415166_L,1415166.45,1415182.65,0.5607092847914193,105.44524062599159,L,monocular,1,1
PV_126,009,PV_126_block_009,PV_126_009_1431552_L,1431552.1,1431601.15,1.8680974954680734,286.15195885453113,L,monocular,1,1
PV_126,009,PV_126_block_009,PV_126_009_1432291_L,1432290.7,1432356.4,3.8280652468516023,76.43538391871823,L,monocular,1,1
PV_126,009,PV_126_block_009,PV_126_009_1453550_L,1453550.3,1453583.15,1.601749969218141,29.440454949159438,L,monocular,1,1
PV_126,009,PV_126_block_009,PV_126_009_1488816_L,1488816.45,1488832.65,0.6720698258916782,119.24904930952992,L,monocular,1,1
PV_126,009,PV_126_block_009,PV_126_009_1499850_L,1499850.3,1499866.5,,,L,monocular,1,1
PV_126,009,PV_126_block_009,PV_126_009_1518156_L,1518155.8,1518221.5,5.75513830227025,181.46741187684637,L,monocular,1,1
PV_126,009,PV_126_block_009,PV_126_009_1524558_L,1524558.05,1524574.7,0.5347167000706441,205.70266098695757,L,monocular,1,1
PV_126,009,PV_126_block_009,PV_126_009_1565507_L,1565507.05,1565523.7,0.5803547853964276,223.57417448369853,L,monocular,1,1
PV_126,009,PV_126_block_009,PV_126_009_1565655_L,1565655.05,1565671.2,0.6741519961830525,166.4969108630425,L,monocular,1,1
PV_126,009,PV_126_block_009,PV_126_009_1602892_L,1602891.75,1602907.9,,,L,monocular,1,1
PV_126,009,PV_126_block_009,PV_126_009_1800621_L,1800621.3,1800654.15,2.4169699507347966,138.2911284916329,L,monocular,1,1
PV_126,009,PV_126_block_009,PV_126_009_1842276_L,1842276.0,1842325.05,5.374752728222456,210.96657149264493,L,monocular,1,1
PV_126,009,PV_126_block_009,PV_126_009_1987421_L,1987420.75,1987453.55,,,L,monocular,1,1
PV_126,009,PV_126_block_009,PV_126_009_1987700_L,1987700.05,1987716.2,1.6083635441159077,281.037027291105,L,monocular,1,1
PV_126,009,PV_126_block_009,PV_126_009_1998699_L,1998699.0,1998731.85,1.8357468142783897,295.86112628806393,L,monocular,1,1
PV_126,009,PV_126_block_009,PV_126_009_1998945_L,1998945.0,1998977.8,1.624617442114382,41.19613187948031,L,monocular,1,1
PV_126,009,PV_126_block_009,PV_126_009_1999323_L,1999322.75,1999338.9,0.6462083567778985,276.18486249666705,L,monocular,1,1
PV_126,009,PV_126_block_009,PV_126_009_1999388_L,1999388.4,1999437.4,3.7855033329264867,65.90629492915897,L,monocular,1,1
PV_126,009,PV_126_block_009,PV_126_009_1999700_L,1999700.0,1999716.65,0.7971997071414447,107.69152942424533,L,monocular,1,1
PV_126,009,PV_126_block_009,PV_126_009_1999831_L,1999831.3,1999847.95,0.557832132463152,138.1704071289216,L,monocular,1,1
PV_126,009,PV_126_block_009,PV_126_009_2000111_L,2000110.55,2000126.7,1.086099840768151,12.27018977407132,L,monocular,1,1
PV_126,009,PV_126_block_009,PV_126_009_2000127_L,2000126.7,2000143.35,1.6010648737195299,216.64014577729986,L,monocular,1,1
PV_126,009,PV_126_block_009,PV_126_009_2000143_L,2000143.35,2000192.35,3.6576647430925124,47.77285239019595,L,monocular,1,1
PV_126,009,PV_126_block_009,PV_126_009_2000192_L,2000192.35,2000209.0,3.0835601568457394,205.64580827819884,L,monocular,1,1
PV_126,009,PV_126_block_009,PV_126_009_2000209_L,2000209.0,2000225.2,1.868197497174383,61.67701414943648,L,monocular,1,1
PV_126,009,PV_126_block_009,PV_126_009_2000225_L,2000225.2,2000241.85,1.947470173276354,225.89673078397004,L,monocular,1,1
PV_126,009,PV_126_block_009,PV_126_009_2000242_L,2000241.85,2000307.5,10.955295050597496,24.84892195967392,L,monocular,1,1
PV_126,009,PV_126_block_009,PV_126_009_2000324_L,2000323.65,2000340.3,13.678079126943224,256.01970897686954,L,monocular,1,1
PV_126,009,PV_126_block_009,PV_126_009_2000340_L,2000340.3,2000373.15,8.076470641943146,77.80259211588256,L,monocular,1,1
PV_126,009,PV_126_block_009,PV_126_009_2000439_L,2000438.8,2000455.0,1.4073191118344388,303.83827714221246,L,monocular,1,1
PV_126,009,PV_126_block_009,PV_126_009_2000455_L,2000455.0,2000471.65,0.6940955320691097,182.42697351545596,L,monocular,1,1
PV_126,009,PV_126_block_009,PV_126_009_2000619_L,2000619.1,2000684.75,4.566901706660429,50.965137004762305,L,monocular,1,1
PV_126,009,PV_126_block_009,PV_126_009_2000734_L,2000734.2,2000783.2,2.744293134305102,192.22602795916805,L,monocular,1,1
PV_126,009,PV_126_block_009,PV_126_009_2000866_L,2000865.5,2000898.3,1.5775595030869949,114.13093074586158,L,monocular,1,1
PV_126,009,PV_126_block_009,PV_126_009_2000931_L,2000931.15,2000980.15,5.442124989282509,318.3213347333747,L,monocular,1,1
PV_126,009,PV_126_block_009,PV_126_009_2000980_L,2000980.15,2001045.8,2.6637549990195,229.90726271005738,L,monocular,1,1
PV_126,009,PV_126_block_009,PV_126_009_2001505_L,2001505.3,2001521.95,0.59361341681677,354.93357778649965,L,monocular,1,1
PV_126,009,PV_126_block_009,PV_126_009_2001735_L,2001735.1,2001751.75,0.886881907487367,249.15817735071812,L,monocular,1,1
PV_126,009,PV_126_block_009,PV_126_009_2001752_L,2001751.75,2001800.7,5.5878705131494195,349.13754580860814,L,monocular,1,1
PV_126,009,PV_126_block_009,PV_126_009_2001949_L,2001948.65,2001981.45,1.1914240317098075,11.270828396804838,L,monocular,1,1
PV_126,009,PV_126_block_009,PV_126_009_2002014_L,2002014.3,2002030.45,1.5249350689560928,154.6128567752358,L,monocular,1,1
PV_126,009,PV_126_block_009,PV_126_009_2002030_L,2002030.45,2002047.1,0.7900635102103895,316.4678182615176,L,monocular,1,1
PV_126,009,PV_126_block_009,PV_126_009_2002080_L,2002079.9,2002112.75,5.551393495513903,150.86462251295563,L,monocular,1,1
PV_126,009,PV_126_block_009,PV_126_009_2002129_L,2002128.9,2002145.55,0.6377722762104571,19.768372344800216,L,monocular,1,1
PV_126,009,PV_126_block_009,PV_126_009_2002901_L,2002900.55,2002933.4,5.022264152622783,153.63373070967253,L,monocular,1,1
PV_126,009,PV_126_block_009,PV_126_009_2003229_L,2003228.85,2003277.85,1.9771910145554625,269.7449545206181,L,monocular,1,1
PV_126,009,PV_126_block_009,PV_126_009_2115298_L,2115298.2,2115347.65,2.451064351846433,294.994839670719,L,monocular,1,1
PV_126,009,PV_126_block_009,PV_126_009_2198652_L,2198652.25,2198685.1,1.4990805958616205,288.4371640863973,L,monocular,1,1
PV_126,009,PV_126_block_009,PV_126_009_2222441_L,2222440.9,2222457.55,0.577859037679166,286.31424913369415,L,monocular,1,1
PV_126,009,PV_126_block_009,PV_126_009_2223508_L,2223508.1,2223540.95,2.7582943045194277,40.55031724956643,L,monocular,1,1
PV_126,009,PV_126_block_009,PV_126_009_2223557_L,2223557.15,2223589.95,1.8966855217852903,94.24280377309564,L,monocular,1,1
PV_126,009,PV_126_block_009,PV_126_009_2324689_L,2324688.65,2324737.65,4.556821355308002,39.90914294079482,L,monocular,1,1
PV_126,009,PV_126_block_009,PV_126_009_2329909_L,2329908.95,2329941.75,1.905761263358583,28.675490637441847,L,monocular,1,1
PV_126,009,PV_126_block_009,PV_126_009_2384935_L,2384935.25,2384984.25,5.7336998334264155,198.0437923477201,L,monocular,1,1
PV_126,009,PV_126_block_009,PV_126_009_2412268_L,2412267.7,2412284.35,0.7175173302455619,304.0596204794625,L,monocular,1,1
PV_126,009,PV_126_block_009,PV_126_009_2451449_L,2451449.4,2451531.25,15.149104251987936,73.6909903575313,L,monocular,1,1
PV_126,009,PV_126_block_009,PV_126_009_2613437_L,2613437.45,2613519.25,9.091436768213036,102.14240237610527,L,monocular,1,1
PV_126,009,PV_126_block_009,PV_126_009_2662656_L,2662655.7,2662688.55,2.661778596790399,160.64359519696185,L,monocular,1,1
PV_126,009,PV_126_block_009,PV_126_009_39934_R,39933.5,40015.35,6.240293609287442,84.58337987958053,R,monocular,1,1
PV_126,009,PV_126_block_009,PV_126_009_47320_R,47320.4,47336.55,0.6983385317360022,237.71014687486544,R,monocular,1,1
PV_126,009,PV_126_block_009,PV_126_009_47369_R,47369.4,47386.05,0.5009126786263397,266.65127985966046,R,monocular,1,1
PV_126,009,PV_126_block_009,PV_126_009_57006_R,57006.4,57055.4,9.586489278855279,230.65361819671443,R,monocular,1,1
PV_126,009,PV_126_block_009,PV_126_009_57055_R,57055.4,57137.7,9.514031194706737,65.93089588455076,R,monocular,1,1
PV_126,009,PV_126_block_009,PV_126_009_72273_R,72273.1,72322.1,4.819182845263373,45.465472724619936,R,monocular,1,1
PV_126,009,PV_126_block_009,PV_126_009_78723_R,78723.05,78739.7,1.4354898266194098,264.4789845854483,R,monocular,1,1
PV_126,009,PV_126_block_009,PV_126_009_84583_R,84583.2,84632.2,2.765459843705063,41.557003215643945,R,monocular,1,1
PV_126,009,PV_126_block_009,PV_126_009_89951_R,89950.8,89967.45,1.983572541825141,358.7934969359287,R,monocular,1,1
PV_126,009,PV_126_block_009,PV_126_009_98618_R,98617.65,98650.45,3.0442791269306477,10.10814512742305,R,monocular,1,1
PV_126,009,PV_126_block_009,PV_126_009_98650_R,98650.45,98667.1,0.5084597057777823,192.85800928356082,R,monocular,1,1
PV_126,009,PV_126_block_009,PV_126_009_98848_R,98847.5,98864.15,0.7483585767829085,97.38539390465736,R,monocular,1,1
PV_126,009,PV_126_block_009,PV_126_009_104593_R,104592.8,104609.45,2.747250858717495,159.4980304600469,R,monocular,1,1
PV_126,009,PV_126_block_009,PV_126_009_104658_R,104658.5,104707.95,5.156280296008351,48.460032805992995,R,monocular,1,1
PV_126,009,PV_126_block_009,PV_126_009_108648_R,108647.8,108696.8,2.3864576008493343,188.91665076202426,R,monocular,1,1
PV_126,009,PV_126_block_009,PV_126_009_111110_R,111110.1,111126.3,0.622337251104093,186.54926490218048,R,monocular,1,1
PV_126,009,PV_126_block_009,PV_126_009_111290_R,111290.45,111323.3,1.5667707602523644,179.13861333415153,R,monocular,1,1
PV_126,009,PV_126_block_009,PV_126_009_111340_R,111339.95,111356.1,0.5576680371507102,168.87921913373012,R,monocular,1,1
PV_126,009,PV_126_block_009,PV_126_009_118350_R,118349.6,118448.1,9.210638108650867,7.764332470520847,R,monocular,1,1
PV_126,009,PV_126_block_009,PV_126_009_148557_R,148557.25,148573.9,0.7298704947745313,282.7792731725172,R,monocular,1,1
PV_126,009,PV_126_block_009,PV_126_009_155699_R,155698.6,155714.8,1.6680697880858044,27.499265064952553,R,monocular,1,1
PV_126,009,PV_126_block_009,PV_126_009_177087_R,177086.55,177119.35,1.2651803529836716,165.61169632389246,R,monocular,1,1
PV_126,009,PV_126_block_009,PV_126_009_206058_R,206057.8,206073.95,0.7069158082064141,158.10041662371086,R,monocular,1,1
PV_126,009,PV_126_block_009,PV_126_009_206730_R,206730.5,206747.15,0.604945697283608,6.933969156159209,R,monocular,1,1
PV_126,009,PV_126_block_009,PV_126_009_220273_R,220273.3,220289.5,0.6172519279655345,247.9598499078346,R,monocular,1,1
PV_126,009,PV_126_block_009,PV_126_009_220569_R,220568.8,220584.95,0.7870349536325976,160.06033777695308,R,monocular,1,1
PV_126,009,PV_126_block_009,PV_126_009_238575_R,238575.2,238591.85,0.5627338266358118,127.10339601612262,R,monocular,1,1
PV_126,009,PV_126_block_009,PV_126_009_238690_R,238690.3,238723.15,1.2327785700332101,72.21173436617639,R,monocular,1,1
PV_126,009,PV_126_block_009,PV_126_009_238739_R,238739.3,238870.6,10.634937037884288,108.4883240072232,R,monocular,1,1
PV_126,009,PV_126_block_009,PV_126_009_238936_R,238936.3,238952.95,7.571966868716409,294.3051460419588,R,monocular,1,1
PV_126,009,PV_126_block_009,PV_126_009_238953_R,238952.95,238969.1,6.595523848938183,116.44106530423646,R,monocular,1,1
PV_126,009,PV_126_block_009,PV_126_009_238969_R,238969.1,238985.75,6.0706969610351695,294.63669039695503,R,monocular,1,1
PV_126,009,PV_126_block_009,PV_126_009_238986_R,238985.75,239001.95,5.657104905861431,114.76542414470039,R,monocular,1,1
PV_126,009,PV_126_block_009,PV_126_009_239002_R,239001.95,239018.6,7.0144568352186445,285.17760795161405,R,monocular,1,1
PV_126,009,PV_126_block_009,PV_126_009_239019_R,239018.6,239034.75,4.497554640650288,119.62678620583802,R,monocular,1,1
PV_126,009,PV_126_block_009,PV_126_009_239035_R,239034.75,239051.4,0.6455822317053168,247.70363972698803,R,monocular,1,1
PV_126,009,PV_126_block_009,PV_126_009_239068_R,239067.6,239084.25,2.074630121675693,104.14346888890816,R,monocular,1,1
PV_126,009,PV_126_block_009,PV_126_009_239232_R,239231.75,239264.55,1.3676914614590605,114.76200578152292,R,monocular,1,1
PV_126,009,PV_126_block_009,PV_126_009_245995_R,245994.75,246257.35,26.61096630142384,122.08687325059981,R,monocular,1,1
PV_126,009,PV_126_block_009,PV_126_009_246274_R,246274.0,246355.8,6.766529236664616,109.52029505401278,R,monocular,1,1
PV_126,009,PV_126_block_009,PV_126_009_251592_R,251592.35,251674.2,9.679677308904706,263.883420876584,R,monocular,1,1
PV_126,009,PV_126_block_009,PV_126_009_258700_R,258699.95,258716.6,0.538796703132468,257.7759434454436,R,monocular,1,1
PV_126,009,PV_126_block_009,PV_126_009_306449_R,306448.9,306465.1,1.6401723316070795,109.82827422617719,R,monocular,1,1
PV_126,009,PV_126_block_009,PV_126_009_316806_R,316806.45,316823.1,0.6646148954274114,92.47044876465219,R,monocular,1,1
PV_126,009,PV_126_block_009,PV_126_009_325210_R,325209.65,325226.3,0.7006372942520822,211.79449843164107,R,monocular,1,1
PV_126,009,PV_126_block_009,PV_126_009_325259_R,325259.15,325275.3,0.5527460891279505,37.70212156918108,R,monocular,1,1
PV_126,009,PV_126_block_009,PV_126_009_325292_R,325291.95,325324.75,1.2787459292562462,8.103884559583639,R,monocular,1,1
PV_126,009,PV_126_block_009,PV_126_009_327705_R,327704.55,327737.4,7.135882500219139,145.65528919585662,R,monocular,1,1
PV_126,009,PV_126_block_009,PV_126_009_327737_R,327737.4,327754.05,0.707410296891739,307.8788444432944,R,monocular,1,1
PV_126,009,PV_126_block_009,PV_126_009_328131_R,328131.35,328164.2,1.5350615274126806,319.0552070622398,R,monocular,1,1
PV_126,009,PV_126_block_009,PV_126_009_359469_R,359468.85,359698.65,44.05158530268021,102.5101694756206,R,monocular,1,1
PV_126,009,PV_126_block_009,PV_126_009_375932_R,375932.4,375949.05,2.7439193380075118,141.92787939891448,R,monocular,1,1
PV_126,009,PV_126_block_009,PV_126_009_401050_R,401049.7,401066.35,1.4205239436806778,201.5179094195226,R,monocular,1,1
PV_126,009,PV_126_block_009,PV_126_009_426450_R,426449.55,426482.4,0.9729027533342506,193.3653578560689,R,monocular,1,1
PV_126,009,PV_126_block_009,PV_126_009_495143_R,495143.4,495176.2,4.497496653831429,5.600988621080464,R,monocular,1,1
PV_126,009,PV_126_block_009,PV_126_009_495308_R,495307.55,495323.75,0.7089422814414025,173.25319794843332,R,monocular,1,1
PV_126,009,PV_126_block_009,PV_126_009_495340_R,495340.4,495373.2,1.6964133257662186,188.82911541442806,R,monocular,1,1
PV_126,009,PV_126_block_009,PV_126_009_505847_R,505847.0,505896.0,3.5100706940059214,22.42957047322239,R,monocular,1,1
PV_126,009,PV_126_block_009,PV_126_009_518323_R,518323.05,518339.25,0.9626912846893272,119.37716311130748,R,monocular,1,1
PV_126,009,PV_126_block_009,PV_126_009_518339_R,518339.25,518372.05,5.745540030167744,196.63228146484963,R,monocular,1,1
PV_126,009,PV_126_block_009,PV_126_009_518405_R,518404.9,518437.75,2.218977186550077,92.46274329127256,R,monocular,1,1
PV_126,009,PV_126_block_009,PV_126_009_518471_R,518470.6,518503.45,1.4089437235183129,333.3133224458271,R,monocular,1,1
PV_126,009,PV_126_block_009,PV_126_009_533083_R,533083.3,533099.95,3.544094261815115,205.75009867640057,R,monocular,1,1
PV_126,009,PV_126_block_009,PV_126_009_533100_R,533099.95,533116.15,1.8729281670156943,322.16095917639745,R,monocular,1,1
PV_126,009,PV_126_block_009,PV_126_009_556101_R,556100.55,556117.2,0.6595142462096449,191.90944053320018,R,monocular,1,1
PV_126,009,PV_126_block_009,PV_126_009_556216_R,556215.65,556248.5,1.7058638610045176,212.27661242347173,R,monocular,1,1
PV_126,009,PV_126_block_009,PV_126_009_556413_R,556412.65,556428.85,3.3748749042349178,16.333583833569236,R,monocular,1,1
PV_126,009,PV_126_block_009,PV_126_009_556429_R,556428.85,556511.2,5.035921367690722,219.65020934909242,R,monocular,1,1
PV_126,009,PV_126_block_009,PV_126_009_556577_R,556576.85,556593.05,0.6354172077089031,88.81741673739411,R,monocular,1,1
PV_126,009,PV_126_block_009,PV_126_009_559548_R,559547.85,559580.7,5.685775674831016,173.79031407260356,R,monocular,1,1
PV_126,009,PV_126_block_009,PV_126_009_563078_R,563077.7,563126.65,2.5499238450514814,290.2088363506246,R,monocular,1,1
PV_126,009,PV_126_block_009,PV_126_009_574404_R,574404.5,574453.5,2.447639303146108,349.23647174688625,R,monocular,1,1
PV_126,009,PV_126_block_009,PV_126_009_576506_R,576505.6,576521.8,0.6558136964211051,9.278678925005877,R,monocular,1,1
PV_126,009,PV_126_block_009,PV_126_009_610043_R,610043.3,610059.95,0.6561824300369135,347.65411730507816,R,monocular,1,1
PV_126,009,PV_126_block_009,PV_126_009_610273_R,610273.15,610305.95,5.631212147154701,155.8613364007017,R,monocular,1,1
PV_126,009,PV_126_block_009,PV_126_009_619072_R,619071.85,619104.7,8.445996690983325,5.887747554169132,R,monocular,1,1
PV_126,009,PV_126_block_009,PV_126_009_624817_R,624817.35,624834.0,0.7496250228525333,95.82124110831198,R,monocular,1,1
PV_126,009,PV_126_block_009,PV_126_009_638213_R,638212.95,638229.6,,,R,monocular,1,1
PV_126,009,PV_126_block_009,PV_126_009_638541_R,638541.2,638574.05,1.5283995925653386,224.87797787501768,R,monocular,1,1
PV_126,009,PV_126_block_009,PV_126_009_705475_R,705474.7,705490.9,,,R,monocular,1,1
PV_126,009,PV_126_block_009,PV_126_009_705606_R,705606.0,705638.85,1.6675126443813473,264.56054593812814,R,monocular,1,1
PV_126,009,PV_126_block_009,PV_126_009_705688_R,705687.85,705737.35,,,R,monocular,1,1
PV_126,009,PV_126_block_009,PV_126_009_720134_R,720134.1,720150.75,,,R,monocular,1,1
PV_126,009,PV_126_block_009,PV_126_009_720249_R,720249.2,720282.05,3.837679600438855,244.04203644987126,R,monocular,1,1
PV_126,009,PV_126_block_009,PV_126_009_800507_R,800507.15,800540.0,,,R,monocular,1,1
PV_126,009,PV_126_block_009,PV_126_009_800638_R,800638.45,800655.1,0.7088772122270763,227.99358670385692,R,monocular,1,1
PV_126,009,PV_126_block_009,PV_126_009_840331_R,840331.45,840348.1,0.9281503540767365,229.59910789253004,R,monocular,1,1
PV_126,009,PV_126_block_009,PV_126_009_840381_R,840380.9,840397.1,1.7835522174369798,246.2842050660439,R,monocular,1,1
PV_126,009,PV_126_block_009,PV_126_009_926519_R,926519.15,926535.8,,,R,monocular,1,1
PV_126,009,PV_126_block_009,PV_126_009_942248_R,942248.3,942363.45,24.27870111164111,123.70120907665535,R,monocular,1,1
PV_126,009,PV_126_block_009,PV_126_009_951295_R,951295.35,951328.15,1.3692788260355386,96.04709167939575,R,monocular,1,1
PV_126,009,PV_126_block_009,PV_126_009_974431_R,974431.3,974562.65,14.554831260841267,64.793342415414,R,monocular,1,1
PV_126,009,PV_126_block_009,PV_126_009_980047_R,980047.45,980064.1,0.6840740625250773,264.01588205618924,R,monocular,1,1
PV_126,009,PV_126_block_009,PV_126_009_1022376_R,1022376.25,1022392.9,0.5221075738398409,279.77960154125833,R,monocular,1,1
PV_126,009,PV_126_block_009,PV_126_009_1027662_R,1027662.45,1027711.95,6.530784238092296,356.52259786970416,R,monocular,1,1
PV_126,009,PV_126_block_009,PV_126_009_1061069_R,1061069.45,1061167.95,8.01674281643486,266.6142510728974,R,monocular,1,1
PV_126,009,PV_126_block_009,PV_126_009_1111452_R,1111451.5,1111468.15,0.5651071942090053,261.99918740345095,R,monocular,1,1
PV_126,009,PV_126_block_009,PV_126_009_1151885_R,1151884.8,1151983.3,16.92059462153067,63.996628503647486,R,monocular,1,1
PV_126,009,PV_126_block_009,PV_126_009_1175935_R,1175934.75,1175967.55,,,R,monocular,1,1
PV_126,009,PV_126_block_009,PV_126_009_1176017_R,1176017.05,1176033.25,0.7695193913321043,350.1445953623061,R,monocular,1,1
PV_126,009,PV_126_block_009,PV_126_009_1176050_R,1176049.9,1176066.05,,,R,monocular,1,1
PV_126,009,PV_126_block_009,PV_126_009_1195782_R,1195781.8,1195797.95,6.298253605338491,92.40985001327786,R,monocular,1,1
PV_126,009,PV_126_block_009,PV_126_009_1195831_R,1195830.8,1195847.45,3.8242608072939253,134.54691843454134,R,monocular,1,1
PV_126,009,PV_126_block_009,PV_126_009_1195847_R,1195847.45,1195880.25,7.3668830073949385,295.9366136193671,R,monocular,1,1
PV_126,009,PV_126_block_009,PV_126_009_1195929_R,1195929.25,1195962.1,1.2423762452843803,279.52924436641774,R,monocular,1,1
PV_126,009,PV_126_block_009,PV_126_009_1255712_R,1255711.55,1255744.4,8.033905150916944,306.71489137365273,R,monocular,1,1
PV_126,009,PV_126_block_009,PV_126_009_1260554_R,1260553.85,1260701.3,17.70094448624535,257.5363910984116,R,monocular,1,1
PV_126,009,PV_126_block_009,PV_126_009_1293516_R,1293515.95,1293581.65,7.91508593190686,76.12456158074434,R,monocular,1,1
PV_126,009,PV_126_block_009,PV_126_009_1293992_R,1293991.8,1294074.1,10.80098070169461,89.196175005835,R,monocular,1,1
PV_126,009,PV_126_block_009,PV_126_009_1300180_R,1300179.9,1300360.25,23.01149907624438,257.7842342825545,R,monocular,1,1
PV_126,009,PV_126_block_009,PV_126_009_1319025_R,1319025.3,1319041.5,0.7877400313187254,353.6345716642508,R,monocular,1,1
PV_126,009,PV_126_block_009,PV_126_009_1319058_R,1319058.15,1319074.3,3.3688126523743094,101.70134824748752,R,monocular,1,1
PV_126,009,PV_126_block_009,PV_126_009_1319354_R,1319353.6,1319386.45,0.938068411651841,71.96471213725782,R,monocular,1,1
PV_126,009,PV_126_block_009,PV_126_009_1319518_R,1319517.8,1319533.95,0.7319524227655598,214.9026622543728,R,monocular,1,1
PV_126,009,PV_126_block_009,PV_126_009_1319616_R,1319616.3,1319632.45,0.660053376652647,47.86375817821551,R,monocular,1,1
PV_126,009,PV_126_block_009,PV_126_009_1588362_R,1588361.7,1588394.55,4.756238666495467,82.97558103827603,R,monocular,1,1
PV_126,009,PV_126_block_009,PV_126_009_1588411_R,1588411.2,1588427.4,0.5068029827780414,66.00284819093797,R,monocular,1,1
PV_126,009,PV_126_block_009,PV_126_009_1588740_R,1588739.55,1588772.4,2.3745086660665855,76.9444664651518,R,monocular,1,1
PV_126,009,PV_126_block_009,PV_126_009_1588789_R,1588788.55,1588838.05,4.006941646354851,70.97282898787188,R,monocular,1,1
PV_126,009,PV_126_block_009,PV_126_009_1588854_R,1588854.2,1588887.05,3.286639768903843,98.43628528877123,R,monocular,1,1
PV_126,009,PV_126_block_009,PV_126_009_1589068_R,1589067.85,1589084.05,0.7726991772007124,109.94830195312383,R,monocular,1,1
PV_126,009,PV_126_block_009,PV_126_009_1593944_R,1593943.65,1593993.15,,,R,monocular,1,1
PV_126,009,PV_126_block_009,PV_126_009_1594059_R,1594058.8,1594091.65,3.787576983854483,61.74222593601744,R,monocular,1,1
PV_126,009,PV_126_block_009,PV_126_009_1594092_R,1594091.65,1594173.5,7.348641864619946,279.3213567848317,R,monocular,1,1
PV_126,009,PV_126_block_009,PV_126_009_1594190_R,1594190.15,1594206.35,0.5723899090559588,292.84342495233295,R,monocular,1,1
PV_126,009,PV_126_block_009,PV_126_009_1594420_R,1594420.0,1594436.2,0.5359123411650846,278.9980473516313,R,monocular,1,1
PV_126,009,PV_126_block_009,PV_126_009_1594535_R,1594534.65,1594567.55,3.01148408398662,265.8046040438012,R,monocular,1,1
PV_126,009,PV_126_block_009,PV_126_009_1594600_R,1594600.35,1594633.2,,,R,monocular,1,1
PV_126,009,PV_126_block_009,PV_126_009_1595700_R,1595700.5,1595716.7,0.6575727725916736,279.85045156669463,R,monocular,1,1
PV_126,009,PV_126_block_009,PV_126_009_1606684_R,1606684.25,1606717.1,1.0754008997490743,271.0619901081816,R,monocular,1,1
PV_126,009,PV_126_block_009,PV_126_009_1606734_R,1606733.75,1606766.6,1.7005141871037597,270.8720334937009,R,monocular,1,1
PV_126,009,PV_126_block_009,PV_126_009_1606848_R,1606848.45,1606865.1,,,R,monocular,1,1
PV_126,009,PV_126_block_009,PV_126_009_1630375_R,1630374.55,1630407.4,1.6653283645599066,65.18411531329589,R,monocular,1,1
PV_126,009,PV_126_block_009,PV_126_009_1637763_R,1637763.25,1637796.1,2.504777586099973,93.52509833257713,R,monocular,1,1
PV_126,009,PV_126_block_009,PV_126_009_1648450_R,1648450.05,1648466.7,0.5658573679663018,250.51146570701965,R,monocular,1,1
PV_126,009,PV_126_block_009,PV_126_009_1670877_R,1670876.65,1670909.5,1.6323153136675772,248.32965562786688,R,monocular,1,1
PV_126,009,PV_126_block_009,PV_126_009_1707671_R,1707671.3,1707687.5,0.5404441474631491,241.60532088274792,R,monocular,1,1
PV_126,009,PV_126_block_009,PV_126_009_1735206_R,1735205.75,1735238.6,1.8453769875397719,243.67033912849354,R,monocular,1,1
PV_126,009,PV_126_block_009,PV_126_009_1758850_R,1758849.5,1758866.15,0.8269324047755193,89.08403124205512,R,monocular,1,1
PV_126,009,PV_126_block_009,PV_126_009_1758866_R,1758866.15,1758882.35,0.8193973398176538,268.65117267555246,R,monocular,1,1
PV_126,009,PV_126_block_009,PV_126_009_1759063_R,1759063.15,1759079.35,0.7283415766361726,86.89303831070131,R,monocular,1,1
PV_126,009,PV_126_block_009,PV_126_009_1760245_R,1760245.4,1760278.25,0.804172447242273,271.7322405862817,R,monocular,1,1
PV_126,009,PV_126_block_009,PV_126_009_1760327_R,1760327.25,1760343.9,0.8560724703208221,269.9693789662037,R,monocular,1,1
PV_126,009,PV_126_block_009,PV_126_009_1791558_R,1791557.85,1791590.65,1.4597313865704755,57.64587327187616,R,monocular,1,1
PV_126,009,PV_126_block_009,PV_126_009_1791656_R,1791656.35,1791673.0,0.7432230836933674,44.47729919447723,R,monocular,1,1
PV_126,009,PV_126_block_009,PV_126_009_1817960_R,1817960.4,1817977.05,0.9191899486665132,271.9938689284516,R,monocular,1,1
PV_126,009,PV_126_block_009,PV_126_009_1817977_R,1817977.05,1817993.25,0.9035808552156522,96.08723309497768,R,monocular,1,1
PV_126,009,PV_126_block_009,PV_126_009_1817993_R,1817993.25,1818009.9,0.8819021284664009,273.305988159443,R,monocular,1,1
PV_126,009,PV_126_block_009,PV_126_009_1818568_R,1818568.2,1818601.0,11.016381386211089,112.22079641349167,R,monocular,1,1
PV_126,009,PV_126_block_009,PV_126_009_1818601_R,1818601.0,1818715.75,10.764780782799319,253.7736535106895,R,monocular,1,1
PV_126,009,PV_126_block_009,PV_126_009_1904117_R,1904117.1,1904133.75,1.1305752704417922,74.07731176250101,R,monocular,1,1
PV_126,009,PV_126_block_009,PV_126_009_1912113_R,1912113.45,1912146.25,1.039701499281455,72.90878228528877,R,monocular,1,1
PV_126,009,PV_126_block_009,PV_126_009_1934983_R,1934982.95,1934999.6,1.1078140305389776,73.8979546801664,R,monocular,1,1
PV_126,009,PV_126_block_009,PV_126_009_1977127_R,1977126.7,1977159.6,,,R,monocular,1,1
PV_126,009,PV_126_block_009,PV_126_009_1987552_R,1987552.05,1987667.2,9.109493940404052,237.38076235161375,R,monocular,1,1
PV_126,009,PV_126_block_009,PV_126_009_1998879_R,1998879.35,1998928.85,2.602361826604748,44.59051783186911,R,monocular,1,1
PV_126,009,PV_126_block_009,PV_126_009_1999552_R,1999552.5,1999568.7,0.8948582197429256,181.6192879267369,R,monocular,1,1
PV_126,009,PV_126_block_009,PV_126_009_1999569_R,1999568.7,1999585.35,0.5260623618993743,299.131099313342,R,monocular,1,1
PV_126,009,PV_126_block_009,PV_126_009_1999634_R,1999634.35,1999667.15,1.602995419750754,117.60306336622004,R,monocular,1,1
PV_126,009,PV_126_block_009,PV_126_009_1999749_R,1999749.45,1999782.3,1.2050821397867706,194.38005812194922,R,monocular,1,1
PV_126,009,PV_126_block_009,PV_126_009_2001030_R,2001029.6,2001111.45,5.233871815614845,97.9196748194739,R,monocular,1,1
PV_126,009,PV_126_block_009,PV_126_009_2001144_R,2001144.25,2001177.1,1.5241057940264209,118.35704649952486,R,monocular,1,1
PV_126,009,PV_126_block_009,PV_126_009_2003311_R,2003310.65,2003360.15,,,R,monocular,1,1
PV_126,009,PV_126_block_009,PV_126_009_2003524_R,2003524.3,2003573.3,,,R,monocular,1,1
PV_126,009,PV_126_block_009,PV_126_009_2003672_R,2003671.8,2003721.3,4.387160420991252,92.3801431485261,R,monocular,1,1
PV_126,009,PV_126_block_009,PV_126_009_2004115_R,2004115.2,2004148.05,1.4505852735026856,79.69246749732312,R,monocular,1,1
PV_126,009,PV_126_block_009,PV_126_009_2004772_R,2004771.6,2004787.8,5.2060421079587735,59.57200057735599,R,monocular,1,1
PV_126,009,PV_126_block_009,PV_126_009_2004788_R,2004787.8,2004837.25,,,R,monocular,1,1
PV_126,009,PV_126_block_009,PV_126_009_2005494_R,2005493.7,2005526.5,1.8752598235352183,88.12886069100223,R,monocular,1,1
PV_126,009,PV_126_block_009,PV_126_009_2005576_R,2005575.5,2005592.15,,,R,monocular,1,1
PV_126,009,PV_126_block_009,PV_126_009_2008169_R,2008169.25,2008185.9,0.6402799085938627,302.14291017919624,R,monocular,1,1
PV_126,009,PV_126_block_009,PV_126_009_2011552_R,2011551.6,2011568.25,0.625430409532319,128.98402652763104,R,monocular,1,1
PV_126,009,PV_126_block_009,PV_126_009_2011584_R,2011584.45,2011601.1,3.1011598883650384,268.9282768265944,R,monocular,1,1
PV_126,009,PV_126_block_009,PV_126_009_2011601_R,2011601.1,2011650.1,3.526270610585239,90.9286758343102,R,monocular,1,1
PV_126,009,PV_126_block_009,PV_126_009_2063574_R,2063574.3,2063689.45,18.768835501144153,59.79813376599537,R,monocular,1,1
PV_126,009,PV_126_block_009,PV_126_009_2068337_R,2068336.7,2068402.35,7.131265256919455,335.7539509880314,R,monocular,1,1
PV_126,009,PV_126_block_009,PV_126_009_2077320_R,2077320.05,2077369.1,,,R,monocular,1,1
PV_126,009,PV_126_block_009,PV_126_009_2077435_R,2077434.8,2077484.3,3.023120536098953,35.22812197232901,R,monocular,1,1
PV_126,009,PV_126_block_009,PV_126_009_2091228_R,2091228.3,2091261.1,5.611698186096655,66.22496938071772,R,monocular,1,1
PV_126,009,PV_126_block_009,PV_126_009_2098847_R,2098846.95,2098863.6,0.571267315006543,242.86926004323502,R,monocular,1,1
PV_126,009,PV_126_block_009,PV_126_009_2098913_R,2098912.65,2098929.3,0.7612372911401718,309.2961995277339,R,monocular,1,1
PV_126,009,PV_126_block_009,PV_126_009_2115118_R,2115117.85,2115134.05,2.7049279798586374,240.15424831524766,R,monocular,1,1
PV_126,009,PV_126_block_009,PV_126_009_2130155_R,2130155.4,2130188.25,5.24823310818744,174.05829580259748,R,monocular,1,1
PV_126,009,PV_126_block_009,PV_126_009_2130270_R,2130270.1,2130319.55,3.1910653778585045,277.7125647260457,R,monocular,1,1
PV_126,009,PV_126_block_009,PV_126_009_2155161_R,2155161.05,2155193.85,5.480297345205474,173.25753381256897,R,monocular,1,1
PV_126,009,PV_126_block_009,PV_126_009_2155243_R,2155243.35,2155259.55,0.7155316399428102,264.97936875445686,R,monocular,1,1
PV_126,009,PV_126_block_009,PV_126_009_2230222_R,2230222.15,2230238.8,0.5095265928645335,78.74276456181754,R,monocular,1,1
PV_126,009,PV_126_block_009,PV_126_009_2385034_R,2385033.75,2385049.9,0.6298701305470871,219.25199517766018,R,monocular,1,1
PV_126,009,PV_126_block_009,PV_126_009_2393291_R,2393290.75,2393323.6,,,R,monocular,1,1
PV_126,009,PV_126_block_009,PV_126_009_2545590_R,2545589.5,2545638.95,4.102550177937264,348.9894314909947,R,monocular,1,1
PV_126,009,PV_126_block_009,PV_126_009_2653002_R,2653001.7,2653034.5,6.285783231451774,157.43525882430274,R,monocular,1,1
PV_126,009,PV_126_block_009,PV_126_009_2653034_R,2653034.5,2653083.5,4.513158831960728,313.9230806102272,R,monocular,1,1
PV_126,009,PV_126_block_009,PV_126_009_2653084_R,2653083.5,2653100.15,0.6758714098148793,218.32005906090677,R,monocular,1,1
PV_126,010,PV_126_block_010,PV_126_010_121931_R,121931.45,121997.1,11.279092553459801,4.171015053610964,R,binocular,2,2
PV_126,010,PV_126_block_010,PV_126_010_121997_R,121997.1,122046.1,3.3064800965597327,141.32300964563595,R,binocular,2,2
PV_126,010,PV_126_block_010,PV_126_010_122883_L,122883.45,122932.45,8.966259790380086,220.64791149972368,L,binocular,2,2
PV_126,010,PV_126_block_010,PV_126_010_131583_R,131583.1,131615.9,3.9464767875128386,51.21008561428571,R,binocular,2,2
PV_126,010,PV_126_block_010,PV_126_010_328146_R,328145.95,328178.8,1.1197126172301597,24.000188534725105,R,binocular,2,2
PV_126,010,PV_126_block_010,PV_126_010_328786_R,328785.9,328851.55,9.194004449479301,93.56585292504425,R,binocular,2,2
PV_126,010,PV_126_block_010,PV_126_010_331692_R,331691.75,331806.45,14.042195585999638,285.8220703364324,R,binocular,2,2
PV_126,010,PV_126_block_010,PV_126_010_332496_L,332495.9,332545.4,2.279033393506059,25.14608613907849,L,binocular,2,2
PV_126,010,PV_126_block_010,PV_126_010_336009_L,336008.85,336041.7,1.271727576869057,6.979449544850039,L,binocular,2,2
PV_126,010,PV_126_block_010,PV_126_010_345186_R,345186.4,345252.05,5.0514442442931635,17.029937242995604,R,binocular,2,2
PV_126,010,PV_126_block_010,PV_126_010_346844_L,346844.45,346893.9,3.65466680071417,214.77553337320612,L,binocular,2,2
PV_126,010,PV_126_block_010,PV_126_010_348207_L,348207.35,348289.2,6.911927074647733,15.31506265813351,L,binocular,2,2
PV_126,010,PV_126_block_010,PV_126_010_354594_L,354593.95,354626.8,1.159671942790351,2.8245220264523763,L,binocular,2,2
PV_126,010,PV_126_block_010,PV_126_010_366480_R,366479.6,366512.45,2.417747026787533,109.27196817128659,R,binocular,2,2
PV_126,010,PV_126_block_010,PV_126_010_376380_R,376380.35,376429.35,3.51344855466081,123.36324629887423,R,binocular,2,2
PV_126,010,PV_126_block_010,PV_126_010_379812_R,379811.5,379877.15,5.935954330874698,214.67492513152635,R,binocular,2,2
PV_126,010,PV_126_block_010,PV_126_010_381404_R,381404.2,381486.05,9.212868459631679,310.36846215842434,R,binocular,2,2
PV_126,010,PV_126_block_010,PV_126_010_400071_R,400070.85,400120.35,2.641007694512127,176.05703939861786,R,binocular,2,2
PV_126,010,PV_126_block_010,PV_126_010_416290_L,416289.8,416421.15,7.0274898888630135,348.7884679570137,L,binocular,2,2
PV_126,010,PV_126_block_010,PV_126_010_440962_R,440962.4,441060.9,7.031389435799017,169.82537277617075,R,binocular,2,2
PV_126,010,PV_126_block_010,PV_126_010_454670_L,454669.75,454752.05,5.825181652026518,18.858057835991254,L,binocular,2,2
PV_126,010,PV_126_block_010,PV_126_010_470299_R,470299.1,470364.75,9.117449767580599,166.50128256543866,R,binocular,2,2
PV_126,010,PV_126_block_010,PV_126_010_475126_R,475125.7,475208.05,18.487355879553256,73.07650202069041,R,binocular,2,2
PV_126,010,PV_126_block_010,PV_126_010_480100_R,480100.45,480215.1,12.619810229188158,242.2177600320457,R,binocular,2,2
PV_126,010,PV_126_block_010,PV_126_010_480987_L,480986.8,481052.5,3.8059096247887254,159.84372145058404,L,binocular,2,2
PV_126,010,PV_126_block_010,PV_126_010_485781_L,485780.7,485846.4,1.8631334009031753,172.6939174757283,L,binocular,2,2
PV_126,010,PV_126_block_010,PV_126_010_486289_R,486289.45,486322.3,3.390734969927903,160.41483136064525,R,binocular,2,2
PV_126,010,PV_126_block_010,PV_126_010_492118_R,492118.3,492151.1,4.3408790431637545,98.44105901150668,R,binocular,2,2
PV_126,010,PV_126_block_010,PV_126_010_492151_L,492151.1,492200.15,,,L,binocular,2,2
PV_126,010,PV_126_block_010,PV_126_010_568317_R,568317.1,568382.75,5.0686565204024605,184.67907875147998,R,binocular,2,2
PV_126,010,PV_126_block_010,PV_126_010_579446_R,579445.7,579511.35,6.652921833776816,157.06635820072327,R,binocular,2,2
PV_126,010,PV_126_block_010,PV_126_010_618613_L,618613.25,618646.1,2.055135665371251,158.39718057669907,L,binocular,2,2
PV_126,010,PV_126_block_010,PV_126_010_643484_L,643483.7,643598.8,10.584657587993506,2.642434339687868,L,binocular,2,2
PV_126,010,PV_126_block_010,PV_126_010_652939_L,652939.25,653037.75,11.634923934060849,207.99128475202383,L,binocular,2,2
PV_126,010,PV_126_block_010,PV_126_010_657405_L,657404.65,657470.3,4.223306993047864,201.3786409450331,L,binocular,2,2
PV_126,010,PV_126_block_010,PV_126_010_657947_L,657946.55,657962.75,2.1439578482950448,174.53387443776188,L,binocular,2,2
PV_126,010,PV_126_block_010,PV_126_010_657996_R,657995.55,658045.05,2.4731395080596377,4.273378323766364,R,binocular,2,2
PV_126,010,PV_126_block_010,PV_126_010_664103_R,664102.95,664234.25,7.476088492547393,244.15465966199065,R,binocular,2,2
PV_126,010,PV_126_block_010,PV_126_010_669537_L,669536.95,669651.65,,,L,binocular,2,2
PV_126,010,PV_126_block_010,PV_126_010_669684_L,669684.45,669733.95,1.5038897973202414,66.57939143248274,L,binocular,2,2
PV_126,010,PV_126_block_010,PV_126_010_677598_L,677597.5,677679.8,,,L,binocular,2,2
PV_126,010,PV_126_block_010,PV_126_010_677680_L,677679.8,677778.3,7.119001534838168,123.13912728688703,L,binocular,2,2
PV_126,010,PV_126_block_010,PV_126_010_680750_R,680749.55,680831.85,18.865732307844837,100.94752773486059,R,binocular,2,2
PV_126,010,PV_126_block_010,PV_126_010_695049_L,695048.7,695097.75,2.5662257945132945,187.26913351270824,L,binocular,2,2
PV_126,010,PV_126_block_010,PV_126_010_703061_R,703060.6,703126.25,3.507291096745721,261.84436061570347,R,binocular,2,2
PV_126,010,PV_126_block_010,PV_126_010_711054_R,711054.5,711136.8,10.071532419603592,139.25434908989013,R,binocular,2,2
PV_126,010,PV_126_block_010,PV_126_010_716833_R,716833.3,716931.8,13.025636314161497,312.6521039226063,R,binocular,2,2
PV_126,010,PV_126_block_010,PV_126_010_717441_R,717441.05,717555.7,10.991751436358996,9.096977213616677,R,binocular,2,2
PV_126,010,PV_126_block_010,PV_126_010_722169_L,722169.25,722234.9,15.036421740887247,308.7951107851005,L,binocular,2,2
PV_126,010,PV_126_block_010,PV_126_010_722218_L,722218.25,722300.6,10.754235507604792,139.97262068038756,L,binocular,2,2
PV_126,010,PV_126_block_010,PV_126_010_723663_L,723663.1,723728.75,7.919337507786225,228.40155228259314,L,binocular,2,2
PV_126,010,PV_126_block_010,PV_126_010_760176_R,760175.7,760307.0,22.579956016337846,100.63467241300971,R,binocular,2,2
PV_126,010,PV_126_block_010,PV_126_010_767547_L,767547.3,767596.3,4.689549517854915,218.84243316387057,L,binocular,2,2
PV_126,010,PV_126_block_010,PV_126_010_767826_R,767826.1,767891.8,8.244727854360079,154.00719873220635,R,binocular,2,2
PV_126,010,PV_126_block_010,PV_126_010_767876_R,767875.6,767974.15,5.42172591815086,330.7912552985853,R,binocular,2,2
PV_126,010,PV_126_block_010,PV_126_010_779318_R,779317.65,779367.1,2.3956631438761646,9.246740371653319,R,binocular,2,2
PV_126,010,PV_126_block_010,PV_126_010_780729_R,780729.2,780844.3,17.581301858082405,257.2090770468043,R,binocular,2,2
PV_126,010,PV_126_block_010,PV_126_010_788889_R,788888.6,788937.6,1.3065778988769907,141.4534904527235,R,binocular,2,2
PV_126,010,PV_126_block_010,PV_126_010_789890_R,789889.9,789939.4,6.2933451090364265,337.1230438127935,R,binocular,2,2
PV_126,010,PV_126_block_010,PV_126_010_789972_R,789972.25,790037.9,3.0571253783286823,161.08129500961815,R,binocular,2,2
PV_126,010,PV_126_block_010,PV_126_010_790038_L,790037.9,790103.6,4.889420618450463,8.159886502119527,L,binocular,2,2
PV_126,010,PV_126_block_010,PV_126_010_792763_L,792763.3,792779.45,1.029586768260845,245.97062023770684,L,binocular,2,2
PV_126,010,PV_126_block_010,PV_126_010_835742_R,835742.2,835775.05,1.5811416700339478,130.84012177568246,R,binocular,2,2
PV_126,010,PV_126_block_010,PV_126_010_885873_R,885873.0,885938.65,5.545993583954988,303.1218921714006,R,binocular,2,2
PV_126,010,PV_126_block_010,PV_126_010_905011_R,905011.45,905044.3,2.4626465117746528,174.59380116261255,R,binocular,2,2
PV_126,010,PV_126_block_010,PV_126_010_910231_R,910230.75,910312.6,10.545343333822425,143.19638090856867,R,binocular,2,2
PV_126,010,PV_126_block_010,PV_126_010_910559_L,910559.05,910657.55,4.948123218950285,242.1817986350621,L,binocular,2,2
PV_126,010,PV_126_block_010,PV_126_010_910658_L,910657.55,910690.35,3.4716792062147364,189.86701821113928,L,binocular,2,2
PV_126,010,PV_126_block_010,PV_126_010_910723_R,910723.2,910821.65,5.964106286064372,0.2129286109233979,R,binocular,2,2
PV_126,010,PV_126_block_010,PV_126_010_910969_R,910969.15,911002.0,5.9161228486044966,151.02406828897432,R,binocular,2,2
PV_126,010,PV_126_block_010,PV_126_010_911002_R,911002.0,911067.65,4.283440241838362,359.42548062369553,R,binocular,2,2
PV_126,010,PV_126_block_010,PV_126_010_911544_R,911543.95,911609.6,5.660917441497263,301.3219364381593,R,binocular,2,2
PV_126,010,PV_126_block_010,PV_126_010_919652_R,919652.35,919734.2,7.923747815471584,332.01367342561053,R,binocular,2,2
PV_126,010,PV_126_block_010,PV_126_010_953862_L,953861.55,953927.2,5.667327458804003,176.06909257862313,L,binocular,2,2
PV_126,010,PV_126_block_010,PV_126_010_959738_L,959738.35,959787.35,3.5875214687430876,207.22302004386952,L,binocular,2,2
PV_126,010,PV_126_block_010,PV_126_010_1064512_L,1064512.45,1064578.15,3.1898408414655615,142.93083581104167,L,binocular,2,2
PV_126,010,PV_126_block_010,PV_126_010_1176155_R,1176155.45,1176253.95,4.04534177606159,296.40389333618697,R,binocular,2,2
PV_126,010,PV_126_block_010,PV_126_010_1235402_R,1235401.75,1235434.6,1.2922416471970977,344.2296209336947,R,binocular,2,2
PV_126,010,PV_126_block_010,PV_126_010_1244675_R,1244675.3,1244757.1,8.356474058722386,0.4957938449000039,R,binocular,2,2
PV_126,010,PV_126_block_010,PV_126_010_1251880_L,1251880.45,1251995.6,7.298459667800274,163.2839358644823,L,binocular,2,2
PV_126,010,PV_126_block_010,PV_126_010_1279492_R,1279492.2,1279541.65,3.7172256516071123,144.00436753449742,R,binocular,2,2
PV_126,010,PV_126_block_010,PV_126_010_1287109_L,1287108.75,1287158.25,2.455383214414648,191.25592348718249,L,binocular,2,2
PV_126,010,PV_126_block_010,PV_126_010_1472475_R,1472475.4,1472573.85,7.463860192563947,34.08575297319689,R,binocular,2,2
PV_126,010,PV_126_block_010,PV_126_010_1474675_L,1474674.95,1474740.6,3.912689614612493,45.78649246498171,L,binocular,2,2
PV_126,010,PV_126_block_010,PV_126_010_1497395_L,1497394.8,1497444.25,2.5822012190830685,358.81108722864053,L,binocular,2,2
PV_126,010,PV_126_block_010,PV_126_010_1497920_R,1497920.05,1497969.55,5.4364367510662985,16.394098237159,R,binocular,2,2
PV_126,010,PV_126_block_010,PV_126_010_1511413_R,1511413.35,1511430.0,0.7526628280072544,7.870014632049851,R,binocular,2,2
PV_126,010,PV_126_block_010,PV_126_010_1677825_R,1677824.55,1677923.05,12.296504850477008,85.74661477017968,R,binocular,2,2
PV_126,010,PV_126_block_010,PV_126_010_1785750_L,1785750.25,1785783.1,1.6199205483354446,359.68948787899103,L,binocular,2,2
PV_126,010,PV_126_block_010,PV_126_010_1809225_R,1809224.95,1809290.6,6.475428983337753,180.26420484412148,R,binocular,2,2
PV_126,010,PV_126_block_010,PV_126_010_1823227_R,1823226.55,1823325.05,8.533402024941118,32.97412185820754,R,binocular,2,2
PV_126,010,PV_126_block_010,PV_126_010_1857285_L,1857284.6,1857334.05,3.599339286369494,162.2650478752784,L,binocular,2,2
PV_126,010,PV_126_block_010,PV_126_010_1930579_R,1930579.15,1930611.95,2.607830174646302,168.11786439979278,R,binocular,2,2
PV_126,010,PV_126_block_010,PV_126_010_1935290_L,1935290.25,1935355.9,5.900914452384157,206.4180807291622,L,binocular,2,2
PV_126,010,PV_126_block_010,PV_126_010_1935914_L,1935914.05,1935979.7,4.047593304730894,338.9953113388043,L,binocular,2,2
PV_126,010,PV_126_block_010,PV_126_010_1936160_R,1936160.05,1936192.85,4.012989235108867,126.15078587381171,R,binocular,2,2
PV_126,010,PV_126_block_010,PV_126_010_1936210_R,1936209.5,1936275.15,5.990617359267436,319.89925540025774,R,binocular,2,2
PV_126,010,PV_126_block_010,PV_126_010_1936374_R,1936373.65,1936406.45,6.818313418301915,131.77473146548175,R,binocular,2,2
PV_126,010,PV_126_block_010,PV_126_010_1936406_R,1936406.45,1936472.1,4.978321363013184,307.592568625937,R,binocular,2,2
PV_126,010,PV_126_block_010,PV_126_010_1936800_L,1936800.45,1936833.25,4.492026964643336,116.47545877140381,L,binocular,2,2
PV_126,010,PV_126_block_010,PV_126_010_1936817_R,1936816.6,1936882.3,3.3823390416778776,350.8413137606957,R,binocular,2,2
PV_126,010,PV_126_block_010,PV_126_010_1937834_R,1937834.3,1937883.75,11.33418424055973,125.31517825718979,R,binocular,2,2
PV_126,010,PV_126_block_010,PV_126_010_1938163_R,1938162.55,1938228.2,5.293737868439285,212.464274852183,R,binocular,2,2
PV_126,010,PV_126_block_010,PV_126_010_1939049_R,1939048.85,1939114.5,6.70567364703677,270.125478923487,R,binocular,2,2
PV_126,010,PV_126_block_010,PV_126_010_1939180_L,1939180.2,1939262.5,4.784978000745894,16.839249255034385,L,binocular,2,2
PV_126,010,PV_126_block_010,PV_126_010_1939312_L,1939311.5,1939344.35,2.765229824071023,359.79889667359987,L,binocular,2,2
PV_126,010,PV_126_block_010,PV_126_010_1939788_R,1939787.8,1939836.8,7.494537890920023,154.95908331903811,R,binocular,2,2
PV_126,010,PV_126_block_010,PV_126_010_1940953_R,1940953.1,1941035.4,4.316468034542465,342.44860243263616,R,binocular,2,2
PV_126,010,PV_126_block_010,PV_126_010_1942234_R,1942233.5,1942299.15,11.671766711117424,102.7711117095919,R,binocular,2,2
PV_126,010,PV_126_block_010,PV_126_010_1942956_R,1942955.75,1942988.6,2.2392672718831057,185.15293880668858,R,binocular,2,2
PV_126,010,PV_126_block_010,PV_126_010_1942989_R,1942988.6,1943021.4,1.6451098725894733,78.32850130012275,R,binocular,2,2
PV_126,010,PV_126_block_010,PV_126_010_1943990_L,1943990.05,1944055.75,,,L,binocular,2,2
PV_126,010,PV_126_block_010,PV_126_010_1944072_R,1944071.9,1944203.2,6.639659569702874,331.3387382841083,R,binocular,2,2
PV_126,010,PV_126_block_010,PV_126_010_1945943_R,1945943.1,1946025.4,5.024775384379911,69.8886499919208,R,binocular,2,2
PV_126,010,PV_126_block_010,PV_126_010_1946288_R,1946288.0,1946337.05,4.930628726483073,2.2868661127125702,R,binocular,2,2
PV_126,010,PV_126_block_010,PV_126_010_1946337_R,1946337.05,1946452.15,9.860999347322181,182.770012368628,R,binocular,2,2
PV_126,010,PV_126_block_010,PV_126_010_1946501_R,1946501.15,1946583.45,4.493529003855214,7.890641186817427,R,binocular,2,2
PV_126,010,PV_126_block_010,PV_126_010_1946600_L,1946599.65,1946649.15,1.62393211884547,210.30370356243364,L,binocular,2,2
PV_126,010,PV_126_block_010,PV_126_010_1948307_R,1948306.6,1948339.45,2.4582602428780005,31.734141121444843,R,binocular,2,2
PV_126,010,PV_126_block_010,PV_126_010_1948635_L,1948634.95,1948684.45,4.971028824728666,12.221420075341884,L,binocular,2,2
PV_126,010,PV_126_block_010,PV_126_010_1951278_R,1951277.8,1951310.6,2.931900443292701,137.34657348178624,R,binocular,2,2
PV_126,010,PV_126_block_010,PV_126_010_1976572_R,1976572.15,1976687.3,14.408402477147524,103.55819745643151,R,binocular,2,2
PV_126,010,PV_126_block_010,PV_126_010_2024764_R,2024764.4,2024797.2,0.9754558841838034,14.712119676444463,R,binocular,2,2
PV_126,010,PV_126_block_010,PV_126_010_2024863_L,2024862.85,2024945.2,7.718949535419884,117.84331285879375,L,binocular,2,2
PV_126,010,PV_126_block_010,PV_126_010_2338768_L,2338767.7,2338800.5,2.526765671896957,179.8240817441919,L,binocular,2,2
PV_126,010,PV_126_block_010,PV_126_010_2340639_R,2340639.15,2340704.8,4.611363853602317,154.93227307060448,R,binocular,2,2
PV_126,010,PV_126_block_010,PV_126_010_2354413_L,2354413.0,2354478.65,5.790924476381919,7.9110878341760165,L,binocular,2,2
PV_126,010,PV_126_block_010,PV_126_010_2376050_R,2376049.5,2376099.0,3.6251822394679873,334.19359591216556,R,binocular,2,2
PV_126,010,PV_126_block_010,PV_126_010_2387690_R,2387689.85,2387755.55,6.553862304964606,78.19971966488639,R,binocular,2,2
PV_126,010,PV_126_block_010,PV_126_010_2404799_L,2404799.2,2404897.7,7.576441115611196,95.51541761650262,L,binocular,2,2
PV_126,010,PV_126_block_010,PV_126_010_2545930_R,2545929.55,2546044.25,7.789313098535585,111.58162942281872,R,binocular,2,2
PV_126,010,PV_126_block_010,PV_126_010_2546061_L,2546060.9,2546109.9,2.4416796633229016,191.83896634012808,L,binocular,2,2
PV_126,010,PV_126_block_010,PV_126_010_106437_L,106437.3,106470.1,1.3023092143970583,196.7195505356396,L,monocular,1,1
PV_126,010,PV_126_block_010,PV_126_010_119879_L,119879.45,119896.1,0.6385874615104715,349.71583814446535,L,monocular,1,1
PV_126,010,PV_126_block_010,PV_126_010_120060_L,120060.25,120109.25,4.6203437428782195,18.360683311601942,L,monocular,1,1
PV_126,010,PV_126_block_010,PV_126_010_131107_L,131106.8,131172.45,6.748476506237879,154.01239983350467,L,monocular,1,1
PV_126,010,PV_126_block_010,PV_126_010_174774_L,174774.35,174791.0,0.697570460285033,232.15928682787717,L,monocular,1,1
PV_126,010,PV_126_block_010,PV_126_010_189203_L,189203.1,189219.3,0.7396965574351161,288.2669381630267,L,monocular,1,1
PV_126,010,PV_126_block_010,PV_126_010_224070_L,224070.25,224135.9,,,L,monocular,1,1
PV_126,010,PV_126_block_010,PV_126_010_224169_L,224168.7,224201.55,2.7033353907761684,216.4700272884212,L,monocular,1,1
PV_126,010,PV_126_block_010,PV_126_010_256818_L,256818.25,256851.05,1.963128496521067,15.577641212703718,L,monocular,1,1
PV_126,010,PV_126_block_010,PV_126_010_279930_L,279929.9,279946.55,0.7742438092233958,5.124209443886127,L,monocular,1,1
PV_126,010,PV_126_block_010,PV_126_010_381470_L,381469.85,381486.05,1.014240192449342,113.37003942982545,L,monocular,1,1
PV_126,010,PV_126_block_010,PV_126_010_387692_L,387691.9,387708.55,0.7811509938510093,224.15823371183603,L,monocular,1,1
PV_126,010,PV_126_block_010,PV_126_010_416388_L,416388.3,416404.95,0.7067113308013299,10.09116192266382,L,monocular,1,1
PV_126,010,PV_126_block_010,PV_126_010_470381_L,470381.4,470397.6,0.5846696970510824,193.13226742214275,L,monocular,1,1
PV_126,010,PV_126_block_010,PV_126_010_521948_L,521947.75,521964.4,0.5783204444884923,67.47395224048655,L,monocular,1,1
PV_126,010,PV_126_block_010,PV_126_010_657963_L,657962.75,658012.2,2.2438896118748612,329.79348770212073,L,monocular,1,1
PV_126,010,PV_126_block_010,PV_126_010_664185_L,664185.25,664234.25,4.376219017386782,141.51048612800952,L,monocular,1,1
PV_126,010,PV_126_block_010,PV_126_010_669701_L,669701.1,669733.95,2.9640432382308592,202.71597929060988,L,monocular,1,1
PV_126,010,PV_126_block_010,PV_126_010_678402_L,678402.1,678484.0,4.73582818716895,131.27637694493353,L,monocular,1,1
PV_126,010,PV_126_block_010,PV_126_010_680865_L,680864.7,680880.85,0.7903484865860594,68.9383496352801,L,monocular,1,1
PV_126,010,PV_126_block_010,PV_126_010_694983_L,694983.0,695015.85,,,L,monocular,1,1
PV_126,010,PV_126_block_010,PV_126_010_767925_L,767924.65,767990.3,2.2990721390993825,16.87368036059513,L,monocular,1,1
PV_126,010,PV_126_block_010,PV_126_010_789627_L,789627.2,789643.85,0.5365548621990911,27.870053441302545,L,monocular,1,1
PV_126,010,PV_126_block_010,PV_126_010_790071_L,790070.75,790152.6,5.3645340692143915,212.03034810494006,L,monocular,1,1
PV_126,010,PV_126_block_010,PV_126_010_792582_L,792582.45,792680.95,14.732244697247067,57.903528053665056,L,monocular,1,1
PV_126,010,PV_126_block_010,PV_126_010_879290_L,879290.35,879323.15,,,L,monocular,1,1
PV_126,010,PV_126_block_010,PV_126_010_879389_L,879388.8,879421.65,1.9490232875968856,129.1292858590907,L,monocular,1,1
PV_126,010,PV_126_block_010,PV_126_010_886694_L,886693.85,886710.05,1.198889590971933,53.02852655416289,L,monocular,1,1
PV_126,010,PV_126_block_010,PV_126_010_910690_L,910690.35,910706.55,0.6906591898654585,352.96973629517566,L,monocular,1,1
PV_126,010,PV_126_block_010,PV_126_010_1063593_L,1063593.0,1063625.85,,,L,monocular,1,1
PV_126,010,PV_126_block_010,PV_126_010_1063675_L,1063675.35,1063708.2,2.2670310795606854,144.710477943669,L,monocular,1,1
PV_126,010,PV_126_block_010,PV_126_010_1154125_L,1154124.65,1154140.85,0.6224115927714843,1.9751365483950964,L,monocular,1,1
PV_126,010,PV_126_block_010,PV_126_010_1167405_L,1167405.3,1167438.15,1.0688222471464004,33.21314943369315,L,monocular,1,1
PV_126,010,PV_126_block_010,PV_126_010_1251815_L,1251814.8,1251880.45,5.218810424953423,318.17871080924334,L,monocular,1,1
PV_126,010,PV_126_block_010,PV_126_010_1256954_L,1256953.75,1256986.55,6.528134278192146,301.28015586075514,L,monocular,1,1
PV_126,010,PV_126_block_010,PV_126_010_1256987_L,1256986.55,1257052.2,7.379305614657822,136.86034494479597,L,monocular,1,1
PV_126,010,PV_126_block_010,PV_126_010_1365228_L,1365227.75,1365276.75,4.3253077045050405,107.37029059769979,L,monocular,1,1
PV_126,010,PV_126_block_010,PV_126_010_1422191_L,1422190.95,1422223.8,,,L,monocular,1,1
PV_126,010,PV_126_block_010,PV_126_010_1422289_L,1422289.45,1422305.65,1.2143391311447516,6.665269229927508,L,monocular,1,1
PV_126,010,PV_126_block_010,PV_126_010_1655827_L,1655826.6,1655842.8,0.540493912530656,120.14390539249867,L,monocular,1,1
PV_126,010,PV_126_block_010,PV_126_010_1809291_L,1809290.6,1809323.4,,,L,monocular,1,1
PV_126,010,PV_126_block_010,PV_126_010_1809373_L,1809372.9,1809421.95,2.3062587021429235,135.21251294597965,L,monocular,1,1
PV_126,010,PV_126_block_010,PV_126_010_1855709_L,1855708.85,1855725.5,0.6876061952033206,107.08003480389492,L,monocular,1,1
PV_126,010,PV_126_block_010,PV_126_010_1935766_L,1935766.1,1935798.95,1.4868600843628657,144.90356046676246,L,monocular,1,1
PV_126,010,PV_126_block_010,PV_126_010_1936866_L,1936866.1,1936882.3,0.6678781658010962,307.7454506835402,L,monocular,1,1
PV_126,010,PV_126_block_010,PV_126_010_1939328_L,1939328.15,1939344.35,0.7648465726721663,180.4145666400764,L,monocular,1,1
PV_126,010,PV_126_block_010,PV_126_010_1941019_L,1941018.75,1941035.4,1.3405523713394207,222.0350732319785,L,monocular,1,1
PV_126,010,PV_126_block_010,PV_126_010_1941035_L,1941035.4,1941051.6,2.5029109658637534,38.243329011044935,L,monocular,1,1
PV_126,010,PV_126_block_010,PV_126_010_1941052_L,1941051.6,1941084.45,2.392471793514426,205.1408767765231,L,monocular,1,1
PV_126,010,PV_126_block_010,PV_126_010_1946140_L,1946140.05,1946156.7,0.5372632999122706,209.31225549504788,L,monocular,1,1
PV_126,010,PV_126_block_010,PV_126_010_1946386_L,1946386.5,1946452.15,4.073444075795208,188.32283121474399,L,monocular,1,1
PV_126,010,PV_126_block_010,PV_126_010_1946649_L,1946649.15,1946665.3,0.7634499806414091,78.67388858405339,L,monocular,1,1
PV_126,010,PV_126_block_010,PV_126_010_1946682_L,1946681.95,1946698.15,2.923659368497722,26.19419632356369,L,monocular,1,1
PV_126,010,PV_126_block_010,PV_126_010_1946698_L,1946698.15,1946747.6,3.6069541341487823,198.94283647467608,L,monocular,1,1
PV_126,010,PV_126_block_010,PV_126_010_1947322_L,1947321.8,1947338.45,5.317506978454812,357.13756916383244,L,monocular,1,1
PV_126,010,PV_126_block_010,PV_126_010_1947338_L,1947338.45,1947354.6,2.4799161397066114,219.40649069354873,L,monocular,1,1
PV_126,010,PV_126_block_010,PV_126_010_1947355_L,1947354.6,1947371.25,3.750563701876349,2.115478851138783,L,monocular,1,1
PV_126,010,PV_126_block_010,PV_126_010_1947371_L,1947371.25,1947404.1,1.8101532231323754,143.47978162172245,L,monocular,1,1
PV_126,010,PV_126_block_010,PV_126_010_1947404_L,1947404.1,1947436.95,1.2588033446592557,254.66870482069032,L,monocular,1,1
PV_126,010,PV_126_block_010,PV_126_010_1947896_L,1947896.5,1947912.7,0.521298504634915,205.75329041384376,L,monocular,1,1
PV_126,010,PV_126_block_010,PV_126_010_1947978_L,1947978.35,1947995.0,0.7735213179402811,256.25473212224927,L,monocular,1,1
PV_126,010,PV_126_block_010,PV_126_010_1948684_L,1948684.45,1948700.6,0.5991275869978124,215.29877735366134,L,monocular,1,1
PV_126,010,PV_126_block_010,PV_126_010_1949177_L,1949176.8,1949193.0,0.8569556144573143,73.1859906611752,L,monocular,1,1
PV_126,010,PV_126_block_010,PV_126_010_1949193_L,1949193.0,1949209.65,0.681490889975996,228.99435059964625,L,monocular,1,1
PV_126,010,PV_126_block_010,PV_126_010_2125241_L,2125240.55,2125273.35,1.4405386760809737,336.1876287795831,L,monocular,1,1
PV_126,010,PV_126_block_010,PV_126_010_2151981_L,2151981.4,2152030.9,2.675407511129447,150.71507406441205,L,monocular,1,1
PV_126,010,PV_126_block_010,PV_126_010_2229702_L,2229701.75,2229734.55,1.0109010666509497,9.521570860356412,L,monocular,1,1
PV_126,010,PV_126_block_010,PV_126_010_2265454_L,2265453.7,2265519.35,5.4095803813386025,73.45785395501785,L,monocular,1,1
PV_126,010,PV_126_block_010,PV_126_010_2332234_L,2332234.45,2332250.6,,,L,monocular,1,1
PV_126,010,PV_126_block_010,PV_126_010_2332349_L,2332349.1,2332365.75,0.7801236590946992,127.711261459835,L,monocular,1,1
PV_126,010,PV_126_block_010,PV_126_010_2376148_L,2376148.0,2376197.45,1.8858912736401006,126.07871346968301,L,monocular,1,1
PV_126,010,PV_126_block_010,PV_126_010_2423123_L,2423123.45,2423172.5,3.528483439474891,230.87208533132338,L,monocular,1,1
PV_126,010,PV_126_block_010,PV_126_010_2424158_L,2424157.8,2424190.65,3.459583650377786,197.39338929189677,L,monocular,1,1
PV_126,010,PV_126_block_010,PV_126_010_2445667_L,2445666.75,2445716.25,3.40806928704559,26.397255131095907,L,monocular,1,1
PV_126,010,PV_126_block_010,PV_126_010_2511814_L,2511813.9,2511846.7,,,L,monocular,1,1
PV_126,010,PV_126_block_010,PV_126_010_2511945_L,2511945.2,2511978.05,1.6301110897426623,170.36743151457134,L,monocular,1,1
PV_126,010,PV_126_block_010,PV_126_010_66862_R,66862.45,66895.3,1.1782969374643506,159.545531666048,R,monocular,1,1
PV_126,010,PV_126_block_010,PV_126_010_120684_R,120684.0,120700.2,0.5909240944870583,259.467706806449,R,monocular,1,1
PV_126,010,PV_126_block_010,PV_126_010_131616_R,131615.9,131664.95,2.2899004347648364,299.52516050390835,R,monocular,1,1
PV_126,010,PV_126_block_010,PV_126_010_142516_R,142516.15,142565.15,2.1323616477527843,82.89952016403242,R,monocular,1,1
PV_126,010,PV_126_block_010,PV_126_010_145930_R,145930.5,145979.55,3.300667577025431,85.74959553181442,R,monocular,1,1
PV_126,010,PV_126_block_010,PV_126_010_207113_R,207113.4,207146.25,0.823212652043134,45.298622971744514,R,monocular,1,1
PV_126,010,PV_126_block_010,PV_126_010_214271_R,214270.6,214303.4,2.047371865397165,262.9489342406433,R,monocular,1,1
PV_126,010,PV_126_block_010,PV_126_010_216799_R,216798.65,216864.35,3.2146493333376096,276.3958156362669,R,monocular,1,1
PV_126,010,PV_126_block_010,PV_126_010_233180_R,233180.2,233229.65,,,R,monocular,1,1
PV_126,010,PV_126_block_010,PV_126_010_233262_R,233262.5,233311.5,4.912960485848585,351.04198863490006,R,monocular,1,1
PV_126,010,PV_126_block_010,PV_126_010_243997_R,243997.2,244030.05,1.633364100169691,321.9440076196989,R,monocular,1,1
PV_126,010,PV_126_block_010,PV_126_010_289582_R,289582.35,289615.15,2.2123957221817,174.85413361287834,R,monocular,1,1
PV_126,010,PV_126_block_010,PV_126_010_301993_R,301992.9,302025.75,9.764749844458875,177.61579554437552,R,monocular,1,1
PV_126,010,PV_126_block_010,PV_126_010_302059_R,302058.55,302124.2,7.183012663094093,5.7419185882375645,R,monocular,1,1
PV_126,010,PV_126_block_010,PV_126_010_306032_R,306031.95,306064.75,1.1470665681306456,346.3455925316226,R,monocular,1,1
PV_126,010,PV_126_block_010,PV_126_010_330296_R,330296.05,330378.4,7.043673816658095,97.96606761921069,R,monocular,1,1
PV_126,010,PV_126_block_010,PV_126_010_335073_R,335073.4,335122.4,3.2915458232738004,300.39773293349396,R,monocular,1,1
PV_126,010,PV_126_block_010,PV_126_010_335139_R,335139.05,335155.2,0.7906294044866616,301.84108977171894,R,monocular,1,1
PV_126,010,PV_126_block_010,PV_126_010_345121_R,345120.7,345153.55,,,R,monocular,1,1
PV_126,010,PV_126_block_010,PV_126_010_366069_R,366069.4,366151.25,7.729281839324726,81.19932574459686,R,monocular,1,1
PV_126,010,PV_126_block_010,PV_126_010_374788_R,374787.6,374820.45,1.1343796040152958,19.91021845873696,R,monocular,1,1
PV_126,010,PV_126_block_010,PV_126_010_379894_R,379893.8,379992.3,7.824957752323753,268.8079331766708,R,monocular,1,1
PV_126,010,PV_126_block_010,PV_126_010_416438_R,416437.8,416470.65,1.3091356840259214,303.9056726125205,R,monocular,1,1
PV_126,010,PV_126_block_010,PV_126_010_481036_R,481035.85,481052.5,0.6305194663434672,298.66799743714677,R,monocular,1,1
PV_126,010,PV_126_block_010,PV_126_010_486618_R,486617.85,486650.7,0.964989876763502,342.107160974336,R,monocular,1,1
PV_126,010,PV_126_block_010,PV_126_010_492217_R,492216.8,492348.15,18.13607244348515,72.37214998466187,R,monocular,1,1
PV_126,010,PV_126_block_010,PV_126_010_492594_R,492594.2,492627.05,1.6303121622985974,284.574333589522,R,monocular,1,1
PV_126,010,PV_126_block_010,PV_126_010_501821_R,501821.45,501854.25,1.7053938146976508,315.2380846584919,R,monocular,1,1
PV_126,010,PV_126_block_010,PV_126_010_501871_R,501870.9,501887.1,0.6501921935339949,288.70973957301396,R,monocular,1,1
PV_126,010,PV_126_block_010,PV_126_010_508356_R,508355.6,508486.95,11.804319922452203,291.33416826607254,R,monocular,1,1
PV_126,010,PV_126_block_010,PV_126_010_536229_R,536228.95,536245.6,1.1350510990567955,265.33391123537996,R,monocular,1,1
PV_126,010,PV_126_block_010,PV_126_010_568399_R,568398.9,568431.75,1.5739989597160797,176.8053970030651,R,monocular,1,1
PV_126,010,PV_126_block_010,PV_126_010_580234_R,580233.5,580266.3,2.4524400703475298,154.63282594901438,R,monocular,1,1
PV_126,010,PV_126_block_010,PV_126_010_611128_R,611127.65,611160.5,1.5402130764719533,60.11939992465304,R,monocular,1,1
PV_126,010,PV_126_block_010,PV_126_010_617661_R,617661.15,617677.35,0.7658535960234311,157.978487523806,R,monocular,1,1
PV_126,010,PV_126_block_010,PV_126_010_618629_R,618629.45,618662.3,1.618215509703236,319.42781698333556,R,monocular,1,1
PV_126,010,PV_126_block_010,PV_126_010_643582_R,643582.15,643647.85,2.5660609853072454,319.23784567018527,R,monocular,1,1
PV_126,010,PV_126_block_010,PV_126_010_658849_R,658849.2,658865.85,0.5285634628796997,321.49424931483514,R,monocular,1,1
PV_126,010,PV_126_block_010,PV_126_010_667058_R,667057.9,667074.55,0.5751207687651674,88.23730973460435,R,monocular,1,1
PV_126,010,PV_126_block_010,PV_126_010_675119_R,675118.75,675151.6,,,R,monocular,1,1
PV_126,010,PV_126_block_010,PV_126_010_675316_R,675315.75,675331.95,,,R,monocular,1,1
PV_126,010,PV_126_block_010,PV_126_010_675414_R,675414.25,675447.1,,,R,monocular,1,1
PV_126,010,PV_126_block_010,PV_126_010_675627_R,675627.45,675660.25,1.3882363873208974,95.776078383967,R,monocular,1,1
PV_126,010,PV_126_block_010,PV_126_010_675726_R,675725.95,675742.6,0.5780078999937248,89.75357333741422,R,monocular,1,1
PV_126,010,PV_126_block_010,PV_126_010_675759_R,675758.8,675775.45,0.8676492363106928,274.7272512021714,R,monocular,1,1
PV_126,010,PV_126_block_010,PV_126_010_675775_R,675775.45,675808.25,4.315054269429821,90.44412478191711,R,monocular,1,1
PV_126,010,PV_126_block_010,PV_126_010_675923_R,675922.95,675939.6,0.6769586152397687,93.16482894085416,R,monocular,1,1
PV_126,010,PV_126_block_010,PV_126_010_676005_R,676005.3,676038.1,1.7267724223803893,270.48983632912797,R,monocular,1,1
PV_126,010,PV_126_block_010,PV_126_010_676153_R,676152.8,676169.45,0.5821401443543454,273.33810067202126,R,monocular,1,1
PV_126,010,PV_126_block_010,PV_126_010_676186_R,676185.6,676202.25,1.0553340687508925,90.41691488247156,R,monocular,1,1
PV_126,010,PV_126_block_010,PV_126_010_676202_R,676202.25,676218.45,0.8043096407267678,271.52917163355465,R,monocular,1,1
PV_126,010,PV_126_block_010,PV_126_010_676383_R,676382.6,676399.25,1.9554873420229042,268.95339295290614,R,monocular,1,1
PV_126,010,PV_126_block_010,PV_126_010_680421_R,680421.2,680569.2,28.170209872404392,135.3146809226413,R,monocular,1,1
PV_126,010,PV_126_block_010,PV_126_010_680651_R,680651.05,680683.85,5.236429731567398,296.406375210091,R,monocular,1,1
PV_126,010,PV_126_block_010,PV_126_010_680684_R,680683.85,680716.7,2.7080891776885476,106.68117883631905,R,monocular,1,1
PV_126,010,PV_126_block_010,PV_126_010_683836_R,683835.7,683983.7,23.998349645909776,257.959029266261,R,monocular,1,1
PV_126,010,PV_126_block_010,PV_126_010_717507_R,717506.7,717539.55,1.792502608506997,230.17599626919767,R,monocular,1,1
PV_126,010,PV_126_block_010,PV_126_010_718130_R,718130.5,718146.7,3.998472276207361,25.65111052672697,R,monocular,1,1
PV_126,010,PV_126_block_010,PV_126_010_722251_R,722251.1,722316.8,5.4382059804689,62.0011269649176,R,monocular,1,1
PV_126,010,PV_126_block_010,PV_126_010_748881_R,748880.7,748913.55,1.3676280631131017,240.33941523724292,R,monocular,1,1
PV_126,010,PV_126_block_010,PV_126_010_748946_R,748946.35,748963.0,1.588371132743569,30.091264178849954,R,monocular,1,1
PV_126,010,PV_126_block_010,PV_126_010_751048_R,751047.85,751080.7,1.418946274717704,134.56125426674822,R,monocular,1,1
PV_126,010,PV_126_block_010,PV_126_010_751130_R,751130.15,751195.85,3.923243356285321,72.08599756911997,R,monocular,1,1
PV_126,010,PV_126_block_010,PV_126_010_767252_R,767251.85,767383.15,14.252856278776727,244.650304946287,R,monocular,1,1
PV_126,010,PV_126_block_010,PV_126_010_767399_R,767399.35,767416.0,0.7855365128787443,335.14746584355856,R,monocular,1,1
PV_126,010,PV_126_block_010,PV_126_010_767629_R,767629.15,767711.45,4.557465020142162,323.17369124083217,R,monocular,1,1
PV_126,010,PV_126_block_010,PV_126_010_770847_R,770846.75,770863.4,1.7445013035017747,253.7176426756452,R,monocular,1,1
PV_126,010,PV_126_block_010,PV_126_010_770863_R,770863.4,770912.45,7.848194382879455,76.69096658931953,R,monocular,1,1
PV_126,010,PV_126_block_010,PV_126_010_780844_R,780844.3,780860.45,0.5969319760662967,27.781152822840593,R,monocular,1,1
PV_126,010,PV_126_block_010,PV_126_010_792632_R,792631.95,792648.15,2.154966214710667,140.68224962376283,R,monocular,1,1
PV_126,010,PV_126_block_010,PV_126_010_792648_R,792648.15,792746.65,10.397713838789473,1.6271285614191833,R,monocular,1,1
PV_126,010,PV_126_block_010,PV_126_010_817288_R,817288.25,817321.05,2.0221052631718086,110.85593030773644,R,monocular,1,1
PV_126,010,PV_126_block_010,PV_126_010_830734_R,830734.5,830751.15,0.562356970272411,56.42824505769086,R,monocular,1,1
PV_126,010,PV_126_block_010,PV_126_010_833345_R,833345.0,833426.9,14.466768366131538,95.05034553488223,R,monocular,1,1
PV_126,010,PV_126_block_010,PV_126_010_861022_R,861022.0,861120.5,8.082553837402344,277.0240758575068,R,monocular,1,1
PV_126,010,PV_126_block_010,PV_126_010_863533_R,863533.1,863582.55,5.848773789511098,99.87012225869991,R,monocular,1,1
PV_126,010,PV_126_block_010,PV_126_010_881424_R,881424.2,881457.05,5.675510351579626,78.90411737249102,R,monocular,1,1
PV_126,010,PV_126_block_010,PV_126_010_885397_R,885396.75,885544.75,15.45981935242291,258.25082652069966,R,monocular,1,1
PV_126,010,PV_126_block_010,PV_126_010_910641_R,910640.9,910657.55,1.3167443037400983,350.88484445851174,R,monocular,1,1
PV_126,010,PV_126_block_010,PV_126_010_924577_R,924576.85,924593.0,1.1383100869533296,55.37660893305199,R,monocular,1,1
PV_126,010,PV_126_block_010,PV_126_010_924593_R,924593.0,924609.65,1.2304536851974301,231.92340989819232,R,monocular,1,1
PV_126,010,PV_126_block_010,PV_126_010_924642_R,924642.5,924658.7,1.0494128129368732,235.5513077786635,R,monocular,1,1
PV_126,010,PV_126_block_010,PV_126_010_924659_R,924658.7,924691.5,1.109802137735361,56.22651267426974,R,monocular,1,1
PV_126,010,PV_126_block_010,PV_126_010_972592_R,972591.7,972657.35,4.585693908272118,343.2207160184498,R,monocular,1,1
PV_126,010,PV_126_block_010,PV_126_010_1026839_R,1026838.55,1026854.75,0.5215326385662099,176.70281611953786,R,monocular,1,1
PV_126,010,PV_126_block_010,PV_126_010_1032911_R,1032911.45,1032993.3,9.595863655968087,114.39762170531208,R,monocular,1,1
PV_126,010,PV_126_block_010,PV_126_010_1050114_R,1050113.65,1050162.65,3.352156060637621,82.85681333658789,R,monocular,1,1
PV_126,010,PV_126_block_010,PV_126_010_1116698_R,1116698.25,1116780.1,6.83924264597591,73.50455715124899,R,monocular,1,1
PV_126,010,PV_126_block_010,PV_126_010_1176090_R,1176089.8,1176106.0,5.528337165444644,46.41501109683149,R,monocular,1,1
PV_126,010,PV_126_block_010,PV_126_010_1176106_R,1176106.0,1176138.8,,,R,monocular,1,1
PV_126,010,PV_126_block_010,PV_126_010_1180883_R,1180882.9,1180915.75,0.9744328207475791,273.07797534208066,R,monocular,1,1
PV_126,010,PV_126_block_010,PV_126_010_1235583_R,1235582.55,1235598.75,,,R,monocular,1,1
PV_126,010,PV_126_block_010,PV_126_010_1235632_R,1235631.6,1235664.4,1.7775987008381307,302.33330156731745,R,monocular,1,1
PV_126,010,PV_126_block_010,PV_126_010_1235681_R,1235681.05,1235697.25,0.6456027978947652,255.3324054619929,R,monocular,1,1
PV_126,010,PV_126_block_010,PV_126_010_1242049_R,1242049.3,1242082.15,1.3246966858321745,231.16334527434665,R,monocular,1,1
PV_126,010,PV_126_block_010,PV_126_010_1242098_R,1242098.3,1242114.95,0.6852139519587549,261.0174933249432,R,monocular,1,1
PV_126,010,PV_126_block_010,PV_126_010_1244954_R,1244954.05,1244970.7,0.6754411999347597,96.85846553616942,R,monocular,1,1
PV_126,010,PV_126_block_010,PV_126_010_1245020_R,1245019.7,1245052.55,,,R,monocular,1,1
PV_126,010,PV_126_block_010,PV_126_010_1277539_R,1277538.95,1277555.15,0.7303291028511004,245.60115345015265,R,monocular,1,1
PV_126,010,PV_126_block_010,PV_126_010_1367427_R,1367427.4,1367509.2,6.076333900045758,76.0377540881364,R,monocular,1,1
PV_126,010,PV_126_block_010,PV_126_010_1422240_R,1422239.95,1422256.6,5.123038700956057,192.56191206199426,R,monocular,1,1
PV_126,010,PV_126_block_010,PV_126_010_1422338_R,1422338.45,1422355.1,1.6856518421931603,41.48137600439932,R,monocular,1,1
PV_126,010,PV_126_block_010,PV_126_010_1423176_R,1423175.75,1423241.4,7.741870944453834,198.59101915778328,R,monocular,1,1
PV_126,010,PV_126_block_010,PV_126_010_1497970_R,1497969.55,1497985.75,0.5084368380973668,231.5796990532348,R,monocular,1,1
PV_126,010,PV_126_block_010,PV_126_010_1624323_R,1624322.95,1624372.4,,,R,monocular,1,1
PV_126,010,PV_126_block_010,PV_126_010_1624405_R,1624405.25,1624487.05,5.519009142484603,29.865868734768878,R,monocular,1,1
PV_126,010,PV_126_block_010,PV_126_010_1624930_R,1624930.4,1624996.05,5.802341548305764,108.32533501451245,R,monocular,1,1
PV_126,010,PV_126_block_010,PV_126_010_1684605_R,1684604.6,1684654.1,3.4997853022880974,259.41706072297757,R,monocular,1,1
PV_126,010,PV_126_block_010,PV_126_010_1757698_R,1757697.8,1757779.6,8.193607803074196,188.92379337438845,R,monocular,1,1
PV_126,010,PV_126_block_010,PV_126_010_1857334_R,1857334.05,1857366.9,1.2986043375815817,73.41514328873633,R,monocular,1,1
PV_126,010,PV_126_block_010,PV_126_010_1879310_R,1879309.9,1879326.55,0.5290578600460655,274.0599220515575,R,monocular,1,1
PV_126,010,PV_126_block_010,PV_126_010_1930645_R,1930644.75,1930694.25,19.082041512760423,159.77191099728495,R,monocular,1,1
PV_126,010,PV_126_block_010,PV_126_010_1930694_R,1930694.25,1930727.05,12.7679409702336,315.8428810968032,R,monocular,1,1
PV_126,010,PV_126_block_010,PV_126_010_1935897_R,1935897.4,1935914.05,2.3625815808361796,145.759730999894,R,monocular,1,1
PV_126,010,PV_126_block_010,PV_126_010_1935947_R,1935946.9,1936012.55,4.842001976069606,350.8187634216996,R,monocular,1,1
PV_126,010,PV_126_block_010,PV_126_010_1936013_R,1936012.55,1936045.35,4.304628864879988,143.53040093815608,R,monocular,1,1
PV_126,010,PV_126_block_010,PV_126_010_1936045_R,1936045.35,1936127.2,5.709695436815084,342.0201742254853,R,monocular,1,1
PV_126,010,PV_126_block_010,PV_126_010_1937884_R,1937883.75,1937949.4,3.5664821677730907,322.0961934710158,R,monocular,1,1
PV_126,010,PV_126_block_010,PV_126_010_1938245_R,1938244.85,1938277.65,1.1195536992731094,358.04209732905866,R,monocular,1,1
PV_126,010,PV_126_block_010,PV_126_010_1939427_R,1939426.65,1939442.85,0.5903804907809544,239.79793287632526,R,monocular,1,1
PV_126,010,PV_126_block_010,PV_126_010_1939492_R,1939492.35,1939508.5,0.7552330765561929,337.7536217167101,R,monocular,1,1
PV_126,010,PV_126_block_010,PV_126_010_1939821_R,1939820.65,1939869.65,2.413581495924682,15.262014114224295,R,monocular,1,1
PV_126,010,PV_126_block_010,PV_126_010_1940920_R,1940920.25,1940953.1,5.939755705873832,125.36273076410029,R,monocular,1,1
PV_126,010,PV_126_block_010,PV_126_010_1942299_R,1942299.15,1942315.8,0.6713117129500367,311.57094536706165,R,monocular,1,1
PV_126,010,PV_126_block_010,PV_126_010_1946518_R,1946517.8,1946599.65,6.3992080596518015,140.68635147499631,R,monocular,1,1
PV_126,010,PV_126_block_010,PV_126_010_1946813_R,1946813.25,1946829.45,5.624921632890157,289.46501800176253,R,monocular,1,1
PV_126,010,PV_126_block_010,PV_126_010_1946829_R,1946829.45,1946846.1,3.6825578960710237,92.15196443673892,R,monocular,1,1
PV_126,010,PV_126_block_010,PV_126_010_1946879_R,1946878.9,1946927.9,,,R,monocular,1,1
PV_126,010,PV_126_block_010,PV_126_010_1946994_R,1946993.55,1947026.4,10.961351004872478,107.58910149123173,R,monocular,1,1
PV_126,010,PV_126_block_010,PV_126_010_1947026_R,1947026.4,1947043.05,1.0300672766856351,246.93160793304548,R,monocular,1,1
PV_126,010,PV_126_block_010,PV_126_010_1947043_R,1947043.05,1947075.85,16.832178060905424,103.14082054509241,R,monocular,1,1
PV_126,010,PV_126_block_010,PV_126_010_1947076_R,1947075.85,1947141.5,35.210656194933264,280.6495548508566,R,monocular,1,1
PV_126,010,PV_126_block_010,PV_126_010_1947142_R,1947141.5,1947207.15,,,R,monocular,1,1
PV_126,010,PV_126_block_010,PV_126_010_1948028_R,1948027.8,1948060.65,2.9184665955010662,103.65371263982874,R,monocular,1,1
PV_126,010,PV_126_block_010,PV_126_010_1950687_R,1950686.95,1950735.95,3.0975006050206737,163.74197681768572,R,monocular,1,1
PV_126,010,PV_126_block_010,PV_126_010_1964360_R,1964359.6,1964409.05,,,R,monocular,1,1
PV_126,010,PV_126_block_010,PV_126_010_1964458_R,1964458.1,1964474.75,0.6078765607321108,157.83658141582313,R,monocular,1,1
PV_126,010,PV_126_block_010,PV_126_010_1985058_R,1985058.4,1985107.4,3.1225249820220125,269.9611232759345,R,monocular,1,1
PV_126,010,PV_126_block_010,PV_126_010_2024797_R,2024797.2,2024830.05,,,R,monocular,1,1
PV_126,010,PV_126_block_010,PV_126_010_2166378_R,2166378.05,2166410.9,2.6384946655570825,261.7510421828485,R,monocular,1,1
PV_126,010,PV_126_block_010,PV_126_010_2295380_R,2295379.55,2295412.35,,,R,monocular,1,1
PV_126,010,PV_126_block_010,PV_126_010_2295495_R,2295494.65,2295609.3,8.52629817760195,250.50609306143025,R,monocular,1,1
PV_126,010,PV_126_block_010,PV_126_010_2317034_R,2317033.6,2317049.75,0.8052115159422197,161.22804220760293,R,monocular,1,1
PV_126,010,PV_126_block_010,PV_126_010_2332185_R,2332184.95,2332250.6,,,R,monocular,1,1
PV_126,010,PV_126_block_010,PV_126_010_2332283_R,2332283.45,2332300.1,0.589917251858036,299.668339131974,R,monocular,1,1
PV_126,010,PV_126_block_010,PV_126_010_2332448_R,2332447.6,2332529.9,6.745891550722568,89.98054011740125,R,monocular,1,1
PV_126,010,PV_126_block_010,PV_126_010_2340261_R,2340261.3,2340294.15,1.2734375023022406,255.46128462053935,R,monocular,1,1
PV_126,010,PV_126_block_010,PV_126_010_2340327_R,2340327.0,2340425.45,9.593588700625748,81.70675204733041,R,monocular,1,1
PV_126,010,PV_126_block_010,PV_126_010_2340705_R,2340704.8,2340721.0,0.5902376869716849,22.999648734621744,R,monocular,1,1
PV_126,010,PV_126_block_010,PV_126_010_2340770_R,2340770.45,2340786.65,0.6997251451095391,342.64188034181177,R,monocular,1,1
PV_126,010,PV_126_block_010,PV_126_010_2387739_R,2387738.9,2387755.55,9.427772121504267,90.24282950108959,R,monocular,1,1
PV_126,010,PV_126_block_010,PV_126_010_2387788_R,2387788.35,2387837.4,3.1101447087023013,83.74848030742281,R,monocular,1,1
PV_126,010,PV_126_block_010,PV_126_010_2395128_R,2395127.6,2395275.6,11.096607739341636,265.4475223508398,R,monocular,1,1
PV_126,010,PV_126_block_010,PV_126_010_2404881_R,2404881.05,2404963.35,5.087979536165181,264.32255129276007,R,monocular,1,1
PV_126,010,PV_126_block_010,PV_126_010_2484085_R,2484084.85,2484101.5,,,R,monocular,1,1
PV_126,010,PV_126_block_010,PV_126_010_2545897_R,2545896.65,2545945.7,2.395232357821105,230.5473180594485,R,monocular,1,1
PV_126,010,PV_126_block_010,PV_126_010_2546110_R,2546109.9,2546142.75,2.4349432757233145,137.91012605304456,R,monocular,1,1
PV_126,010,PV_126_block_010,PV_126_010_2552727_R,2552727.25,2552760.05,4.597131849875469,238.56050061313533,R,monocular,1,1
PV_126,010,PV_126_block_010,PV_126_010_2552760_R,2552760.05,2552792.9,2.3242509644547487,64.5034420724813,R,monocular,1,1
PV_126,010,PV_126_block_010,PV_126_010_2561479_R,2561478.7,2561511.5,1.3906138824571193,90.81823260128024,R,monocular,1,1
PV_126,011,PV_126_block_011,PV_126_011_53565_R,53564.85,53597.65,1.5949208141329718,262.5165166114987,R,binocular,2,2
PV_126,011,PV_126_block_011,PV_126_011_108988_R,108987.7,109102.25,19.320454924307,85.72774062655502,R,binocular,2,2
PV_126,011,PV_126_block_011,PV_126_011_113466_L,113465.6,113515.05,,,L,binocular,2,2
PV_126,011,PV_126_block_011,PV_126_011_113564_R,113563.95,113629.6,4.650794116988508,301.95524074584966,R,binocular,2,2
PV_126,011,PV_126_block_011,PV_126_011_128227_R,128227.15,128325.55,12.74864110162288,90.01367717438876,R,binocular,2,2
PV_126,011,PV_126_block_011,PV_126_011_140432_R,140431.8,140530.2,5.517772413581177,238.05536288653556,R,binocular,2,2
PV_126,011,PV_126_block_011,PV_126_011_147272_L,147272.0,147321.0,,,L,binocular,2,2
PV_126,011,PV_126_block_011,PV_126_011_170466_R,170465.6,170498.4,0.7017601406260633,166.1764486344548,R,binocular,2,2
PV_126,011,PV_126_block_011,PV_126_011_182538_L,182538.2,182587.15,1.1581419312973857,41.41329538402895,L,binocular,2,2
PV_126,011,PV_126_block_011,PV_126_011_190723_R,190722.55,190870.45,23.78151182203858,73.88302577936739,R,binocular,2,2
PV_126,011,PV_126_block_011,PV_126_011_195578_L,195577.8,195643.4,,,L,binocular,2,2
PV_126,011,PV_126_block_011,PV_126_011_195676_L,195676.2,195725.65,3.6111003109649107,146.4091394678221,L,binocular,2,2
PV_126,011,PV_126_block_011,PV_126_011_201795_R,201794.75,201827.6,1.660345242711502,286.42703061634757,R,binocular,2,2
PV_126,011,PV_126_block_011,PV_126_011_228056_R,228055.55,228137.85,7.365163580083741,115.17986402451473,R,binocular,2,2
PV_126,011,PV_126_block_011,PV_126_011_240012_R,240012.1,240077.7,4.997759470593334,315.27388156863805,R,binocular,2,2
PV_126,011,PV_126_block_011,PV_126_011_248295_R,248294.55,248392.95,7.098714086218551,97.18644255585772,R,binocular,2,2
PV_126,011,PV_126_block_011,PV_126_011_258034_R,258034.35,258083.8,2.299610023092951,230.35369517544368,R,binocular,2,2
PV_126,011,PV_126_block_011,PV_126_011_282275_L,282274.55,282340.2,4.046186951544755,78.17038807349546,L,binocular,2,2
PV_126,011,PV_126_block_011,PV_126_011_306615_L,306615.15,306697.35,4.541576018317374,218.49352195343096,L,binocular,2,2
PV_126,011,PV_126_block_011,PV_126_011_317326_R,317326.1,317407.85,8.015077990332658,291.49968073934326,R,binocular,2,2
PV_126,011,PV_126_block_011,PV_126_011_325527_R,325527.05,325559.8,5.195761903866381,191.96349384027565,R,binocular,2,2
PV_126,011,PV_126_block_011,PV_126_011_325560_R,325559.8,325658.25,7.8383195786025714,343.8697976990844,R,binocular,2,2
PV_126,011,PV_126_block_011,PV_126_011_333055_R,333054.75,333137.0,5.629452604116477,312.47764222214886,R,binocular,2,2
PV_126,011,PV_126_block_011,PV_126_011_337369_R,337368.75,337401.55,5.399381822522491,347.54795598208904,R,binocular,2,2
PV_126,011,PV_126_block_011,PV_126_011_340075_R,340075.2,340140.85,12.830461186357136,3.2221949765868967,R,binocular,2,2
PV_126,011,PV_126_block_011,PV_126_011_347965_R,347964.9,348079.5,9.478459967535317,100.72785881890655,R,binocular,2,2
PV_126,011,PV_126_block_011,PV_126_011_364580_L,364580.05,364662.3,9.127140861357285,317.61399667004906,L,binocular,2,2
PV_126,011,PV_126_block_011,PV_126_011_380508_R,380507.85,380589.6,10.55315361701133,232.6828320077487,R,binocular,2,2
PV_126,011,PV_126_block_011,PV_126_011_380590_R,380589.6,380639.05,6.04336792082925,58.70066516690417,R,binocular,2,2
PV_126,011,PV_126_block_011,PV_126_011_385117_R,385117.1,385199.35,3.7381491083827867,329.5581975254322,R,binocular,2,2
PV_126,011,PV_126_block_011,PV_126_011_392170_L,392170.5,392236.15,3.394260607897213,231.13200554676789,L,binocular,2,2
PV_126,011,PV_126_block_011,PV_126_011_394123_R,394122.7,394221.1,12.973177870482555,122.47957458282598,R,binocular,2,2
PV_126,011,PV_126_block_011,PV_126_011_396551_R,396550.55,396681.8,14.925119898558908,96.71056252680074,R,binocular,2,2
PV_126,011,PV_126_block_011,PV_126_011_398568_L,398567.9,398633.5,15.8296963246885,15.921772748491861,L,binocular,2,2
PV_126,011,PV_126_block_011,PV_126_011_409313_L,409312.55,409361.55,,,L,binocular,2,2
PV_126,011,PV_126_block_011,PV_126_011_409394_L,409394.35,409476.6,10.494775085865783,131.38246434808858,L,binocular,2,2
PV_126,011,PV_126_block_011,PV_126_011_420927_R,420926.55,421057.8,9.889938880151936,77.48768692653852,R,binocular,2,2
PV_126,011,PV_126_block_011,PV_126_011_453338_R,453338.15,453469.4,11.396359109149545,295.90948383919414,R,binocular,2,2
PV_126,011,PV_126_block_011,PV_126_011_462393_R,462392.9,462474.65,9.264615889100535,183.55569594738031,R,binocular,2,2
PV_126,011,PV_126_block_011,PV_126_011_462475_R,462474.65,462605.9,15.20447937215521,64.25047782293815,R,binocular,2,2
PV_126,011,PV_126_block_011,PV_126_011_466034_R,466034.4,466165.65,16.510414229771484,275.5356392812463,R,binocular,2,2
PV_126,011,PV_126_block_011,PV_126_011_471266_L,471266.25,471364.65,6.96686480714616,317.2415157565444,L,binocular,2,2
PV_126,011,PV_126_block_011,PV_126_011_476006_R,476006.5,476137.7,28.498155454078514,108.86984269178092,R,binocular,2,2
PV_126,011,PV_126_block_011,PV_126_011_479549_R,479549.4,479615.0,17.059760545892473,235.02289570152885,R,binocular,2,2
PV_126,011,PV_126_block_011,PV_126_011_479631_R,479631.15,479746.25,10.198509965190727,296.0035121277523,R,binocular,2,2
PV_126,011,PV_126_block_011,PV_126_011_486423_L,486422.6,486504.9,7.804511031659589,30.83412561495633,L,binocular,2,2
PV_126,011,PV_126_block_011,PV_126_011_486948_R,486947.5,486996.95,6.236039735438023,0.2634906379529993,R,binocular,2,2
PV_126,011,PV_126_block_011,PV_126_011_487112_R,487111.55,487209.95,8.772221543067891,149.6349789017513,R,binocular,2,2
PV_126,011,PV_126_block_011,PV_126_011_489031_L,489030.85,489079.8,11.147655724422755,300.510541040132,L,binocular,2,2
PV_126,011,PV_126_block_011,PV_126_011_489080_R,489079.8,489194.9,14.302640750915621,10.27740863140098,R,binocular,2,2
PV_126,011,PV_126_block_011,PV_126_011_490638_R,490638.3,490703.95,5.242003836556481,6.009036386786761,R,binocular,2,2
PV_126,011,PV_126_block_011,PV_126_011_490835_R,490835.15,490867.95,3.022939903004034,9.066614363914393,R,binocular,2,2
PV_126,011,PV_126_block_011,PV_126_011_490884_L,490884.1,490916.9,0.726234416966893,207.93360476008957,L,binocular,2,2
PV_126,011,PV_126_block_011,PV_126_011_491918_R,491917.75,491933.9,2.584060904427496,20.27384027471771,R,binocular,2,2
PV_126,011,PV_126_block_011,PV_126_011_494493_L,494492.85,494542.3,6.760241606436783,337.804186175832,L,binocular,2,2
PV_126,011,PV_126_block_011,PV_126_011_494624_R,494624.1,494673.55,4.762621062887031,19.209269721703468,R,binocular,2,2
PV_126,011,PV_126_block_011,PV_126_011_503220_R,503220.1,503285.7,14.247299652488884,164.43674921109687,R,binocular,2,2
PV_126,011,PV_126_block_011,PV_126_011_508403_R,508403.35,508534.65,15.860760828119219,209.70406298002177,R,binocular,2,2
PV_126,011,PV_126_block_011,PV_126_011_512685_R,512684.8,512733.75,5.036858698321296,214.3426489111572,R,binocular,2,2
PV_126,011,PV_126_block_011,PV_126_011_524118_R,524117.65,524199.9,9.053519360905991,52.2879220292689,R,binocular,2,2
PV_126,011,PV_126_block_011,PV_126_011_538142_R,538141.75,538190.7,3.9572933490597397,172.42028015595378,R,binocular,2,2
PV_126,011,PV_126_block_011,PV_126_011_538486_R,538485.9,538584.3,3.225552386123533,220.7820334575425,R,binocular,2,2
PV_126,011,PV_126_block_011,PV_126_011_538650_R,538649.9,538699.35,6.677183087587979,126.00351047433806,R,binocular,2,2
PV_126,011,PV_126_block_011,PV_126_011_538716_R,538715.5,538797.75,5.5903867773517115,339.62347907237904,R,binocular,2,2
PV_126,011,PV_126_block_011,PV_126_011_543307_L,543307.45,543340.25,,,L,binocular,2,2
PV_126,011,PV_126_block_011,PV_126_011_543373_L,543373.05,543455.35,10.965278777348274,114.01643895103805,L,binocular,2,2
PV_126,011,PV_126_block_011,PV_126_011_545423_R,545423.45,545538.0,23.091308715227807,62.9669962070887,R,binocular,2,2
PV_126,011,PV_126_block_011,PV_126_011_551771_R,551770.65,551836.25,7.159555969608953,106.14419778631799,R,binocular,2,2
PV_126,011,PV_126_block_011,PV_126_011_556282_R,556281.55,556363.35,16.142773755758334,222.62467762929683,R,binocular,2,2
PV_126,011,PV_126_block_011,PV_126_011_556363_R,556363.35,556445.6,11.621534452219258,244.69614481532042,R,binocular,2,2
PV_126,011,PV_126_block_011,PV_126_011_562122_L,562121.5,562203.25,11.524784167598666,203.65763437471261,L,binocular,2,2
PV_126,011,PV_126_block_011,PV_126_011_562433_L,562432.95,562465.75,1.2421197260430785,333.2490814233066,L,binocular,2,2
PV_126,011,PV_126_block_011,PV_126_011_568224_R,568223.8,568272.75,2.704882945690639,32.993717049655054,R,binocular,2,2
PV_126,011,PV_126_block_011,PV_126_011_570914_R,570913.6,571044.8,21.58388200280389,287.3659224750387,R,binocular,2,2
PV_126,011,PV_126_block_011,PV_126_011_571045_R,571044.8,571126.55,2.053509550194048,169.93664137575604,R,binocular,2,2
PV_126,011,PV_126_block_011,PV_126_011_571127_L,571126.55,571159.35,3.2339483653282164,221.4381678033646,L,binocular,2,2
PV_126,011,PV_126_block_011,PV_126_011_575063_R,575062.65,575095.5,5.663059240401333,207.8335070783306,R,binocular,2,2
PV_126,011,PV_126_block_011,PV_126_011_575112_R,575112.15,575210.5,10.804163935270866,321.6444129649751,R,binocular,2,2
PV_126,011,PV_126_block_011,PV_126_011_580508_R,580507.85,580590.1,2.798319631192947,345.5953427842079,R,binocular,2,2
PV_126,011,PV_126_block_011,PV_126_011_580885_R,580885.35,580934.3,3.5585967091693513,23.601405302692537,R,binocular,2,2
PV_126,011,PV_126_block_011,PV_126_011_580951_R,580950.95,581016.55,3.0221925060491284,174.22685613421447,R,binocular,2,2
PV_126,011,PV_126_block_011,PV_126_011_586085_R,586084.95,586183.4,14.856886317979122,92.62859525342807,R,binocular,2,2
PV_126,011,PV_126_block_011,PV_126_011_592893_R,592892.85,593056.9,26.802805288897414,248.2971890145862,R,binocular,2,2
PV_126,011,PV_126_block_011,PV_126_011_593270_L,593269.9,593286.55,1.0982434373712564,185.98319892541377,L,binocular,2,2
PV_126,011,PV_126_block_011,PV_126_011_593287_L,593286.55,593352.2,3.9880313430755976,1.4369876057418454,L,binocular,2,2
PV_126,011,PV_126_block_011,PV_126_011_597880_L,597879.6,597945.25,18.48083572762873,96.80803235734903,L,binocular,2,2
PV_126,011,PV_126_block_011,PV_126_011_607394_R,607393.65,607492.1,8.595403758535667,171.22499732990156,R,binocular,2,2
PV_126,011,PV_126_block_011,PV_126_011_612577_L,612577.35,612642.95,13.282453154357517,336.03217371087,L,binocular,2,2
PV_126,011,PV_126_block_011,PV_126_011_612643_L,612642.95,612708.55,3.576923817945308,136.95566190289045,L,binocular,2,2
PV_126,011,PV_126_block_011,PV_126_011_618843_R,618843.25,618892.15,2.2834941215352655,164.08881454767038,R,binocular,2,2
PV_126,011,PV_126_block_011,PV_126_011_624453_L,624452.85,624584.05,16.823999858736435,42.8660873364598,L,binocular,2,2
PV_126,011,PV_126_block_011,PV_126_011_624633_L,624633.05,624682.5,1.3283224201622652,212.19342249465222,L,binocular,2,2
PV_126,011,PV_126_block_011,PV_126_011_626634_L,626633.9,626683.35,3.8905229876597542,124.5563951785631,L,binocular,2,2
PV_126,011,PV_126_block_011,PV_126_011_628553_L,628553.25,628651.7,7.730168182711138,240.6865065714624,L,binocular,2,2
PV_126,011,PV_126_block_011,PV_126_011_628816_R,628815.7,628930.3,4.8975696336966505,246.2976147785003,R,binocular,2,2
PV_126,011,PV_126_block_011,PV_126_011_630833_L,630833.05,630865.85,6.361606709709228,321.6891500952639,L,binocular,2,2
PV_126,011,PV_126_block_011,PV_126_011_630866_L,630865.85,630964.3,9.692521645402062,149.66733264443099,L,binocular,2,2
PV_126,011,PV_126_block_011,PV_126_011_634573_L,634572.95,634622.4,0.9698001881270848,21.80442817834348,L,binocular,2,2
PV_126,011,PV_126_block_011,PV_126_011_634622_R,634622.4,634688.0,3.670304661125236,14.921609565449044,R,binocular,2,2
PV_126,011,PV_126_block_011,PV_126_011_634721_R,634720.85,634819.25,6.6085371037302485,20.77216235996155,R,binocular,2,2
PV_126,011,PV_126_block_011,PV_126_011_634901_L,634901.0,634933.75,3.665315719920613,153.848810382698,L,binocular,2,2
PV_126,011,PV_126_block_011,PV_126_011_638673_R,638673.4,638722.85,13.779020509975522,161.29062340056996,R,binocular,2,2
PV_126,011,PV_126_block_011,PV_126_011_638723_R,638722.85,638870.15,19.362946850652026,331.4587112709051,R,binocular,2,2
PV_126,011,PV_126_block_011,PV_126_011_641577_L,641576.55,641642.15,4.228082040174032,64.75889542291928,L,binocular,2,2
PV_126,011,PV_126_block_011,PV_126_011_644201_R,644200.7,644249.65,2.1702484149596364,184.863817512739,R,binocular,2,2
PV_126,011,PV_126_block_011,PV_126_011_677961_L,677961.15,677993.95,0.6117934784433355,272.0804307954433,L,binocular,2,2
PV_126,011,PV_126_block_011,PV_126_011_678125_L,678125.15,678174.1,4.895822636232635,304.1475034869438,L,binocular,2,2
PV_126,011,PV_126_block_011,PV_126_011_699957_L,699956.9,700072.0,11.587561883024678,70.43504524749517,L,binocular,2,2
PV_126,011,PV_126_block_011,PV_126_011_702844_L,702843.8,702909.4,12.470578166244211,298.3084344061895,L,binocular,2,2
PV_126,011,PV_126_block_011,PV_126_011_702893_L,702893.25,702975.05,7.594267868911141,228.2384833061073,L,binocular,2,2
PV_126,011,PV_126_block_011,PV_126_011_706830_L,706829.85,706944.4,18.64659599482265,79.76142546604568,L,binocular,2,2
PV_126,011,PV_126_block_011,PV_126_011_709470_R,709470.3,709535.9,13.430495266226586,160.88462878088177,R,binocular,2,2
PV_126,011,PV_126_block_011,PV_126_011_709553_R,709552.55,709618.2,1.8367896610128331,316.9299215125874,R,binocular,2,2
PV_126,011,PV_126_block_011,PV_126_011_715393_R,715392.6,715458.2,7.566043783386023,344.03558247972467,R,binocular,2,2
PV_126,011,PV_126_block_011,PV_126_011_719986_L,719985.8,720067.55,6.290937077983046,188.3963191590027,L,binocular,2,2
PV_126,011,PV_126_block_011,PV_126_011_722545_L,722544.7,722659.25,18.496587079812993,52.61685467194557,L,binocular,2,2
PV_126,011,PV_126_block_011,PV_126_011_725465_L,725464.55,725513.55,6.8158663546373175,47.27927772605918,L,binocular,2,2
PV_126,011,PV_126_block_011,PV_126_011_725514_R,725513.55,725579.15,3.539867884858977,148.1163459372429,R,binocular,2,2
PV_126,011,PV_126_block_011,PV_126_011_729909_L,729909.4,730090.1,14.752388759453568,272.38283060769584,L,binocular,2,2
PV_126,011,PV_126_block_011,PV_126_011_744985_R,744985.25,745067.05,16.91426225641483,11.214135104777935,R,binocular,2,2
PV_126,011,PV_126_block_011,PV_126_011_745051_L,745050.9,745149.35,8.169634383557469,134.93410285294485,L,binocular,2,2
PV_126,011,PV_126_block_011,PV_126_011_749562_L,749561.75,749627.35,5.353629155718651,76.09491561219978,L,binocular,2,2
PV_126,011,PV_126_block_011,PV_126_011_761486_R,761486.35,761551.95,2.476247712188926,188.7574184264114,R,binocular,2,2
PV_126,011,PV_126_block_011,PV_126_011_766308_R,766308.4,766374.0,9.350465036901952,187.180695035189,R,binocular,2,2
PV_126,011,PV_126_block_011,PV_126_011_766374_L,766374.0,766472.4,12.007515895882849,104.03938618858757,L,binocular,2,2
PV_126,011,PV_126_block_011,PV_126_011_766505_R,766505.2,766570.8,1.5367344220492574,184.23000072058025,R,binocular,2,2
PV_126,011,PV_126_block_011,PV_126_011_771885_L,771885.15,771950.75,6.248191487186709,183.3476287719974,L,binocular,2,2
PV_126,011,PV_126_block_011,PV_126_011_773870_R,773869.65,773968.05,14.064388257960502,225.6778852449098,R,binocular,2,2
PV_126,011,PV_126_block_011,PV_126_011_774116_R,774115.9,774214.3,7.4590022666292715,3.396076401112094,R,binocular,2,2
PV_126,011,PV_126_block_011,PV_126_011_776789_R,776789.1,776854.75,3.339725312880482,332.315462379107,R,binocular,2,2
PV_126,011,PV_126_block_011,PV_126_011_783137_L,783137.15,783235.6,6.241420496500039,250.42276618271404,L,binocular,2,2
PV_126,011,PV_126_block_011,PV_126_011_783236_L,783235.6,783284.55,3.0642688764301838,71.52705732411054,L,binocular,2,2
PV_126,011,PV_126_block_011,PV_126_011_788139_L,788139.3,788204.9,4.979333621113971,215.3882098670468,L,binocular,2,2
PV_126,011,PV_126_block_011,PV_126_011_815021_R,815021.0,815152.25,17.70584868000278,88.93858546373903,R,binocular,2,2
PV_126,011,PV_126_block_011,PV_126_011_818105_L,818104.6,818137.45,9.038822122879411,316.5649294941063,L,binocular,2,2
PV_126,011,PV_126_block_011,PV_126_011_818137_R,818137.45,818235.85,13.33988118704516,290.9949720071163,R,binocular,2,2
PV_126,011,PV_126_block_011,PV_126_011_822665_R,822665.2,822829.25,25.54824195707749,95.69019279745999,R,binocular,2,2
PV_126,011,PV_126_block_011,PV_126_011_828456_R,828455.5,828586.7,29.224790257847626,254.73290114969333,R,binocular,2,2
PV_126,011,PV_126_block_011,PV_126_011_830162_L,830161.55,830227.15,13.711753076074086,23.057273065294766,L,binocular,2,2
PV_126,011,PV_126_block_011,PV_126_011_830227_R,830227.15,830276.65,1.8873366448946285,149.72848561846308,R,binocular,2,2
PV_126,011,PV_126_block_011,PV_126_011_838921_L,838920.65,839002.9,11.94658358472666,49.410088206669315,L,binocular,2,2
PV_126,011,PV_126_block_011,PV_126_011_839003_L,839002.9,839051.9,1.7282261777980457,231.24236519473305,L,binocular,2,2
PV_126,011,PV_126_block_011,PV_126_011_840446_L,840446.2,840495.15,13.183411907122991,289.1826118778802,L,binocular,2,2
PV_126,011,PV_126_block_011,PV_126_011_840495_R,840495.15,840593.6,7.901422488561382,292.95114521082263,R,binocular,2,2
PV_126,011,PV_126_block_011,PV_126_011_840626_R,840626.4,840708.7,4.232798381148036,173.13751959050717,R,binocular,2,2
PV_126,011,PV_126_block_011,PV_126_011_847303_R,847302.65,847401.1,12.478823054568148,230.72165118262112,R,binocular,2,2
PV_126,011,PV_126_block_011,PV_126_011_847401_R,847401.1,847532.4,11.424788787215553,24.40009507797164,R,binocular,2,2
PV_126,011,PV_126_block_011,PV_126_011_847614_R,847614.15,847712.6,8.52615154878341,34.102877935428566,R,binocular,2,2
PV_126,011,PV_126_block_011,PV_126_011_854521_R,854520.75,854635.35,10.534625652869728,15.485561185913767,R,binocular,2,2
PV_126,011,PV_126_block_011,PV_126_011_858278_L,858277.5,858375.95,9.564523217615253,189.96114809222848,L,binocular,2,2
PV_126,011,PV_126_block_011,PV_126_011_858409_L,858408.75,858458.2,2.4257442503725843,355.16555740984774,L,binocular,2,2
PV_126,011,PV_126_block_011,PV_126_011_861706_R,861706.3,861820.9,13.455610861129582,327.2006402192275,R,binocular,2,2
PV_126,011,PV_126_block_011,PV_126_011_861838_L,861837.55,861919.3,3.242430444564534,156.30441063516628,L,binocular,2,2
PV_126,011,PV_126_block_011,PV_126_011_861936_L,861935.95,862017.7,5.334811340634869,179.01935248923962,L,binocular,2,2
PV_126,011,PV_126_block_011,PV_126_011_862166_R,862165.6,862214.55,4.955190132684412,3.1351309505810243,R,binocular,2,2
PV_126,011,PV_126_block_011,PV_126_011_869400_L,869399.6,869580.25,10.266479128753296,188.61362785876483,L,binocular,2,2
PV_126,011,PV_126_block_011,PV_126_011_871778_L,871778.25,871860.0,9.937836546366707,45.85408688022159,L,binocular,2,2
PV_126,011,PV_126_block_011,PV_126_011_871877_R,871876.65,871925.6,2.2916740690951474,157.85543641784477,R,binocular,2,2
PV_126,011,PV_126_block_011,PV_126_011_876634_L,876633.6,876813.75,12.283366672743831,316.5029903302346,L,binocular,2,2
PV_126,011,PV_126_block_011,PV_126_011_880768_R,880767.5,880865.9,12.506893675239187,69.79232181808649,R,binocular,2,2
PV_126,011,PV_126_block_011,PV_126_011_885000_R,884999.65,885114.25,17.658737588602637,176.6812002665091,R,binocular,2,2
PV_126,011,PV_126_block_011,PV_126_011_895171_L,895171.3,895220.25,9.111816568251427,336.4788058561368,L,binocular,2,2
PV_126,011,PV_126_block_011,PV_126_011_895237_L,895236.9,895368.15,13.025124952539294,174.17670836561248,L,binocular,2,2
PV_126,011,PV_126_block_011,PV_126_011_900421_L,900421.1,900585.15,8.568559605603408,347.5746985947192,L,binocular,2,2
PV_126,011,PV_126_block_011,PV_126_011_902816_R,902816.35,902980.45,14.305700143247185,36.255720384185736,R,binocular,2,2
PV_126,011,PV_126_block_011,PV_126_011_905425_L,905424.8,905474.25,4.572588504361269,268.49681478651456,L,binocular,2,2
PV_126,011,PV_126_block_011,PV_126_011_905474_R,905474.25,905507.05,4.245703764687357,332.9221048071721,R,binocular,2,2
PV_126,011,PV_126_block_011,PV_126_011_907230_L,907229.5,907278.95,3.2678673263648927,239.28946919829897,L,binocular,2,2
PV_126,011,PV_126_block_011,PV_126_011_909428_R,909427.95,909543.05,12.117862064105145,173.72835167721644,R,binocular,2,2
PV_126,011,PV_126_block_011,PV_126_011_909543_R,909543.05,909690.45,12.146832197380439,18.798657747775145,R,binocular,2,2
PV_126,011,PV_126_block_011,PV_126_011_909789_L,909788.9,909821.7,0.6716206423856468,99.6335448879753,L,binocular,2,2
PV_126,011,PV_126_block_011,PV_126_011_911101_L,911101.3,911150.75,3.494878936592384,73.67116409044759,L,binocular,2,2
PV_126,011,PV_126_block_011,PV_126_011_913988_L,913988.5,914005.15,2.6021282404939505,5.449255530736722,L,binocular,2,2
PV_126,011,PV_126_block_011,PV_126_011_914038_R,914037.95,914136.35,14.329921156573072,351.6302412957581,R,binocular,2,2
PV_126,011,PV_126_block_011,PV_126_011_916482_R,916482.2,916597.3,16.70700877342583,106.19120721371513,R,binocular,2,2
PV_126,011,PV_126_block_011,PV_126_011_920092_R,920091.75,920124.55,5.506017548010441,16.619557294055042,R,binocular,2,2
PV_126,011,PV_126_block_011,PV_126_011_929147_L,929147.25,929196.7,6.189186671263865,359.879823794288,L,binocular,2,2
PV_126,011,PV_126_block_011,PV_126_011_930427_R,930426.55,930492.15,11.322534936906317,178.09004671678608,R,binocular,2,2
PV_126,011,PV_126_block_011,PV_126_011_938595_L,938595.25,938726.45,11.839452595895423,310.4464704624526,L,binocular,2,2
PV_126,011,PV_126_block_011,PV_126_011_944517_R,944517.1,944582.75,9.3162700888534,190.49060562229994,R,binocular,2,2
PV_126,011,PV_126_block_011,PV_126_011_955212_L,955211.85,955277.4,8.565220367663196,343.94844662476424,L,binocular,2,2
PV_126,011,PV_126_block_011,PV_126_011_955277_R,955277.4,955359.2,6.62968061949259,9.121767007064623,R,binocular,2,2
PV_126,011,PV_126_block_011,PV_126_011_963938_R,963937.9,964003.5,6.751937788076246,16.12996258059998,R,binocular,2,2
PV_126,011,PV_126_block_011,PV_126_011_968892_L,968892.05,968941.05,8.746635962759841,13.787438567419471,L,binocular,2,2
PV_126,011,PV_126_block_011,PV_126_011_968958_R,968957.7,968990.5,1.5458007409300074,223.4394751973991,R,binocular,2,2
PV_126,011,PV_126_block_011,PV_126_011_976290_L,976289.6,976355.2,1.493229485271293,102.09708324986379,L,binocular,2,2
PV_126,011,PV_126_block_011,PV_126_011_982999_R,982999.2,983048.15,13.620255510550063,166.03926317521768,R,binocular,2,2
PV_126,011,PV_126_block_011,PV_126_011_983081_L,983081.0,983146.6,6.694006631680068,143.15648996476827,L,binocular,2,2
PV_126,011,PV_126_block_011,PV_126_011_987346_R,987346.4,987444.8,25.07803527027409,86.60698251262114,R,binocular,2,2
PV_126,011,PV_126_block_011,PV_126_011_991792_R,991792.1,991890.5,22.40321266876543,274.3614971062906,R,binocular,2,2
PV_126,011,PV_126_block_011,PV_126_011_998598_R,998598.35,998680.55,10.482908562201807,14.353698243651177,R,binocular,2,2
PV_126,011,PV_126_block_011,PV_126_011_1000747_R,1000747.1,1000828.85,22.65852854978593,92.91749137729416,R,binocular,2,2
PV_126,011,PV_126_block_011,PV_126_011_1004700_R,1004700.15,1004831.4,25.011314684682308,272.2486946374059,R,binocular,2,2
PV_126,011,PV_126_block_011,PV_126_011_1007587_L,1007586.85,1007652.5,7.379628260224703,68.58736378308893,L,binocular,2,2
PV_126,011,PV_126_block_011,PV_126_011_1011227_R,1011227.3,1011292.9,8.14183226255446,30.64036532808093,R,binocular,2,2
PV_126,011,PV_126_block_011,PV_126_011_1020296_L,1020296.25,1020378.0,8.229243290353779,52.5022382918001,L,binocular,2,2
PV_126,011,PV_126_block_011,PV_126_011_1031319_R,1031318.65,1031367.65,4.314037848202092,127.53822624777955,R,binocular,2,2
PV_126,011,PV_126_block_011,PV_126_011_1035321_R,1035321.0,1035402.8,7.378179346740251,170.53135871430794,R,binocular,2,2
PV_126,011,PV_126_block_011,PV_126_011_1035583_R,1035583.45,1035681.9,7.258181561418834,269.25646105119523,R,binocular,2,2
PV_126,011,PV_126_block_011,PV_126_011_1038519_R,1038519.2,1038568.65,10.924150384736873,125.6406856479417,R,binocular,2,2
PV_126,011,PV_126_block_011,PV_126_011_1038569_R,1038568.65,1038699.85,17.382127155874695,7.9099579882236135,R,binocular,2,2
PV_126,011,PV_126_block_011,PV_126_011_1041587_L,1041586.55,1041635.5,3.158721128956959,250.11258697105438,L,binocular,2,2
PV_126,011,PV_126_block_011,PV_126_011_1045539_L,1045538.9,1045621.15,7.9260188924266775,223.32244917273474,L,binocular,2,2
PV_126,011,PV_126_block_011,PV_126_011_1046818_L,1046818.45,1046867.9,4.318765184008474,167.58542383464362,L,binocular,2,2
PV_126,011,PV_126_block_011,PV_126_011_1046835_R,1046835.1,1046916.85,7.97378911323709,32.45967595107599,R,binocular,2,2
PV_126,011,PV_126_block_011,PV_126_011_1054151_R,1054150.8,1054183.6,6.0049091609522565,67.6984984983973,R,binocular,2,2
PV_126,011,PV_126_block_011,PV_126_011_1054216_R,1054216.4,1054232.55,1.4646223758595531,305.82034813149204,R,binocular,2,2
PV_126,011,PV_126_block_011,PV_126_011_1056579_L,1056578.6,1056627.6,,,L,binocular,2,2
PV_126,011,PV_126_block_011,PV_126_011_1056743_R,1056742.7,1056824.45,5.730813338384588,35.953796914246084,R,binocular,2,2
PV_126,011,PV_126_block_011,PV_126_011_1062320_R,1062319.95,1062368.95,9.394852912316658,357.47744313985066,R,binocular,2,2
PV_126,011,PV_126_block_011,PV_126_011_1062369_L,1062368.95,1062434.55,5.00159145872143,174.49354470974552,L,binocular,2,2
PV_126,011,PV_126_block_011,PV_126_011_1077067_R,1077067.35,1077116.8,10.546929400867322,178.77290204919208,R,binocular,2,2
PV_126,011,PV_126_block_011,PV_126_011_1077117_R,1077116.8,1077231.35,17.488355454038363,356.0167677012378,R,binocular,2,2
PV_126,011,PV_126_block_011,PV_126_011_1078511_L,1078510.65,1078609.05,8.36217854858507,93.23560893300102,L,binocular,2,2
PV_126,011,PV_126_block_011,PV_126_011_1087122_L,1087121.8,1087203.55,9.463941768833507,302.00579568899434,L,binocular,2,2
PV_126,011,PV_126_block_011,PV_126_011_1089303_R,1089303.25,1089336.05,1.3367395842729604,256.2270542038299,R,binocular,2,2
PV_126,011,PV_126_block_011,PV_126_011_1089484_R,1089483.95,1089500.15,1.7149585227706812,13.89616233604458,R,binocular,2,2
PV_126,011,PV_126_block_011,PV_126_011_1089500_R,1089500.15,1089582.4,5.353491015352123,175.58842621208717,R,binocular,2,2
PV_126,011,PV_126_block_011,PV_126_011_1101146_R,1101146.0,1101195.45,2.784397288175922,33.915618838911435,R,binocular,2,2
PV_126,011,PV_126_block_011,PV_126_011_1110677_L,1110676.85,1110758.65,6.830557816501952,332.2796422128517,L,binocular,2,2
PV_126,011,PV_126_block_011,PV_126_011_1115762_L,1115761.65,1115876.2,18.83786432314433,101.92070560785417,L,binocular,2,2
PV_126,011,PV_126_block_011,PV_126_011_1118156_R,1118156.5,1118222.1,13.594904928822006,185.76729277950176,R,binocular,2,2
PV_126,011,PV_126_block_011,PV_126_011_1118222_R,1118222.1,1118320.55,13.860972375139292,21.33271267936226,R,binocular,2,2
PV_126,011,PV_126_block_011,PV_126_011_1131296_R,1131295.5,1131344.95,2.8136033541752234,348.58377089077476,R,binocular,2,2
PV_126,011,PV_126_block_011,PV_126_011_1137315_L,1137315.45,1137364.4,4.63260141870051,219.34860180115965,L,binocular,2,2
PV_126,011,PV_126_block_011,PV_126_011_1146387_L,1146387.1,1146502.2,16.616932652352148,66.0475016652219,L,binocular,2,2
PV_126,011,PV_126_block_011,PV_126_011_1149160_L,1149159.85,1149274.45,15.057940941557096,266.43522462758244,L,binocular,2,2
PV_126,011,PV_126_block_011,PV_126_011_1158790_R,1158789.9,1158888.35,11.794625056728329,156.92853382906372,R,binocular,2,2
PV_126,011,PV_126_block_011,PV_126_011_1159036_R,1159036.25,1159085.25,2.7216990200669766,346.41310151809125,R,binocular,2,2
PV_126,011,PV_126_block_011,PV_126_011_1163302_L,1163301.55,1163334.35,0.8692379465179569,172.45701491343183,L,binocular,2,2
PV_126,011,PV_126_block_011,PV_126_011_1163350_R,1163350.5,1163416.15,3.2524513331389038,350.83811436152297,R,binocular,2,2
PV_126,011,PV_126_block_011,PV_126_011_1164220_R,1164220.25,1164302.0,4.1532180149143265,113.30580575243543,R,binocular,2,2
PV_126,011,PV_126_block_011,PV_126_011_1165893_R,1165893.45,1166024.65,5.51950830486694,1.9212426873328992,R,binocular,2,2
PV_126,011,PV_126_block_011,PV_126_011_1174112_L,1174111.55,1174144.4,7.667035267433906,359.5382386067167,L,binocular,2,2
PV_126,011,PV_126_block_011,PV_126_011_1176622_R,1176621.8,1176687.4,7.805889539704364,354.9401092760425,R,binocular,2,2
PV_126,011,PV_126_block_011,PV_126_011_1179197_R,1179197.3,1179246.75,8.000825742306763,174.65266314030615,R,binocular,2,2
PV_126,011,PV_126_block_011,PV_126_011_1188466_R,1188466.2,1188531.9,11.47476440561635,173.60675773877884,R,binocular,2,2
PV_126,011,PV_126_block_011,PV_126_011_1188532_R,1188531.9,1188663.15,21.480257959537855,3.126304260084845,R,binocular,2,2
PV_126,011,PV_126_block_011,PV_126_011_1190107_R,1190106.75,1190188.5,12.563137919975878,42.09190867458137,R,binocular,2,2
PV_126,011,PV_126_block_011,PV_126_011_1192895_L,1192895.1,1192960.75,6.2330555101175085,65.7085423895309,L,binocular,2,2
PV_126,011,PV_126_block_011,PV_126_011_1193042_R,1193042.5,1193075.3,1.4909981370219072,163.77050056992428,R,binocular,2,2
PV_126,011,PV_126_block_011,PV_126_011_1193912_L,1193912.0,1194026.55,8.51981383305203,197.82804971808469,L,binocular,2,2
PV_126,011,PV_126_block_011,PV_126_011_1194371_L,1194371.3,1194404.1,4.636668048443297,302.79664807309996,L,binocular,2,2
PV_126,011,PV_126_block_011,PV_126_011_1197488_R,1197488.3,1197521.1,8.250540573399931,28.166748561241135,R,binocular,2,2
PV_126,011,PV_126_block_011,PV_126_011_1205707_L,1205706.55,1205756.0,11.40803542032637,326.83197921674895,L,binocular,2,2
PV_126,011,PV_126_block_011,PV_126_011_1205756_R,1205756.0,1205854.4,7.612286763912261,356.5430957526023,R,binocular,2,2
PV_126,011,PV_126_block_011,PV_126_011_1209463_R,1209463.05,1209528.65,3.689915714016203,133.27347530985077,R,binocular,2,2
PV_126,011,PV_126_block_011,PV_126_011_1209627_L,1209627.1,1209676.05,4.175958064358666,182.42696493388777,L,binocular,2,2
PV_126,011,PV_126_block_011,PV_126_011_1209693_R,1209692.7,1209774.5,5.513584805151522,9.310198442182498,R,binocular,2,2
PV_126,011,PV_126_block_011,PV_126_011_1211579_R,1211578.8,1211628.25,7.79518242156123,165.9248482013491,R,binocular,2,2
PV_126,011,PV_126_block_011,PV_126_011_1211628_L,1211628.25,1211792.25,14.041160172149183,221.66558496500176,L,binocular,2,2
PV_126,011,PV_126_block_011,PV_126_011_1211808_L,1211808.4,1211841.2,,,L,binocular,2,2
PV_126,011,PV_126_block_011,PV_126_011_1211923_L,1211923.45,1211956.3,1.6269428206888896,257.51166866524215,L,binocular,2,2
PV_126,011,PV_126_block_011,PV_126_011_1226589_R,1226588.7,1226687.1,17.293411509333627,292.53075144847185,R,binocular,2,2
PV_126,011,PV_126_block_011,PV_126_011_1226703_R,1226703.25,1226736.05,1.7165549427444318,194.4629312561481,R,binocular,2,2
PV_126,011,PV_126_block_011,PV_126_011_1230132_R,1230131.7,1230164.5,6.354125135522941,172.90408601602252,R,binocular,2,2
PV_126,011,PV_126_block_011,PV_126_011_1230164_L,1230164.5,1230263.0,8.31667257796267,168.21658810968532,L,binocular,2,2
PV_126,011,PV_126_block_011,PV_126_011_1233757_L,1233757.15,1233839.45,13.11719622431587,39.95501242481389,L,binocular,2,2
PV_126,011,PV_126_block_011,PV_126_011_1233823_L,1233822.8,1233872.25,2.970756072751853,168.76556634030007,L,binocular,2,2
PV_126,011,PV_126_block_011,PV_126_011_1239072_L,1239072.35,1239121.8,11.102211624640521,310.11086530942305,L,binocular,2,2
PV_126,011,PV_126_block_011,PV_126_011_1241648_L,1241647.9,1241713.5,4.348379442310855,221.31373114228515,L,binocular,2,2
PV_126,011,PV_126_block_011,PV_126_011_1250342_R,1250341.8,1250407.45,9.155556456699717,191.2151579935681,R,binocular,2,2
PV_126,011,PV_126_block_011,PV_126_011_1250407_R,1250407.45,1250473.05,5.631084780839315,74.11195884226883,R,binocular,2,2
PV_126,011,PV_126_block_011,PV_126_011_1250637_R,1250637.1,1250669.9,2.0039890677451626,157.72647645332597,R,binocular,2,2
PV_126,011,PV_126_block_011,PV_126_011_1255542_R,1255541.85,1255640.25,18.304651456055147,63.8480628051798,R,binocular,2,2
PV_126,011,PV_126_block_011,PV_126_011_1259086_R,1259085.55,1259167.8,15.583796260487965,209.39544820540618,R,binocular,2,2
PV_126,011,PV_126_block_011,PV_126_011_1264106_R,1264105.7,1264171.3,13.924718668100935,9.016028095158818,R,binocular,2,2
PV_126,011,PV_126_block_011,PV_126_011_1264171_R,1264171.3,1264220.8,3.47947406123198,160.50469780189204,R,binocular,2,2
PV_126,011,PV_126_block_011,PV_126_011_1270405_R,1270405.2,1270438.0,5.5278770572899845,343.3013266939277,R,binocular,2,2
PV_126,011,PV_126_block_011,PV_126_011_1270438_R,1270438.0,1270487.45,2.2822446409132127,207.74946623898106,R,binocular,2,2
PV_126,011,PV_126_block_011,PV_126_011_1272111_L,1272111.2,1272275.2,13.989867026367408,252.46234582919766,L,binocular,2,2
PV_126,011,PV_126_block_011,PV_126_011_1276244_R,1276244.45,1276277.25,2.7462978713378146,312.43996561681644,R,binocular,2,2
PV_126,011,PV_126_block_011,PV_126_011_1278475_R,1278475.15,1278524.6,7.555526397906582,130.14450436548933,R,binocular,2,2
PV_126,011,PV_126_block_011,PV_126_011_1278721_R,1278721.35,1278770.3,2.6591942094976293,336.35430840221835,R,binocular,2,2
PV_126,011,PV_126_block_011,PV_126_011_1286103_L,1286102.8,1286135.55,8.215916356328375,350.1397112255774,L,binocular,2,2
PV_126,011,PV_126_block_011,PV_126_011_1300406_L,1300405.85,1300504.3,9.720430428651074,64.82561985655882,L,binocular,2,2
PV_126,011,PV_126_block_011,PV_126_011_1302210_L,1302210.2,1302341.45,18.29074864581444,265.2209397075252,L,binocular,2,2
PV_126,011,PV_126_block_011,PV_126_011_1304490_R,1304489.85,1304555.45,8.18213309717651,123.46515942845475,R,binocular,2,2
PV_126,011,PV_126_block_011,PV_126_011_1308426_R,1308426.5,1308508.75,12.360265592237171,313.48964842490034,R,binocular,2,2
PV_126,011,PV_126_block_011,PV_126_011_1310001_L,1310001.2,1310083.45,13.44271813168476,70.39414315180076,L,binocular,2,2
PV_126,011,PV_126_block_011,PV_126_011_1312888_R,1312888.3,1312937.75,9.173242553013456,112.98520175370105,R,binocular,2,2
PV_126,011,PV_126_block_011,PV_126_011_1312954_R,1312953.9,1312986.7,1.5390891099806252,290.9559953062153,R,binocular,2,2
PV_126,011,PV_126_block_011,PV_126_011_1316153_R,1316153.3,1316202.25,14.098647429274038,226.9527776927842,R,binocular,2,2
PV_126,011,PV_126_block_011,PV_126_011_1316202_R,1316202.25,1316284.55,9.66183562216153,332.30596828013995,R,binocular,2,2
PV_126,011,PV_126_block_011,PV_126_011_1325504_R,1325504.35,1325635.6,18.733713253337736,105.33219971641591,R,binocular,2,2
PV_126,011,PV_126_block_011,PV_126_011_1329835_R,1329834.9,1329916.65,8.343585785997021,285.0197029796584,R,binocular,2,2
PV_126,011,PV_126_block_011,PV_126_011_1330015_R,1330015.1,1330031.75,1.2588694229308335,191.05354556195297,R,binocular,2,2
PV_126,011,PV_126_block_011,PV_126_011_1330114_L,1330113.55,1330163.0,1.8098850726499291,4.097450762046141,L,binocular,2,2
PV_126,011,PV_126_block_011,PV_126_011_1333952_R,1333952.1,1334001.55,17.87040294798117,170.93127945592806,R,binocular,2,2
PV_126,011,PV_126_block_011,PV_126_011_1334002_L,1334001.55,1334083.35,11.539829032252642,170.10460871298667,L,binocular,2,2
PV_126,011,PV_126_block_011,PV_126_011_1358902_R,1358902.35,1359066.4,17.177900604611406,259.0098591221271,R,binocular,2,2
PV_126,011,PV_126_block_011,PV_126_011_1359460_L,1359460.05,1359525.7,3.45438969388782,344.309570415188,L,binocular,2,2
PV_126,011,PV_126_block_011,PV_126_011_1370386_R,1370385.5,1370418.3,4.997675944008215,173.19723836935933,R,binocular,2,2
PV_126,011,PV_126_block_011,PV_126_011_1370418_R,1370418.3,1370467.3,2.1100824408228167,337.15914668964746,R,binocular,2,2
PV_126,011,PV_126_block_011,PV_126_011_1371895_R,1371894.75,1371976.55,20.27534976914525,60.125439729486644,R,binocular,2,2
PV_126,011,PV_126_block_011,PV_126_011_1375340_R,1375339.65,1375470.9,16.585098148950593,244.72725078916562,R,binocular,2,2
PV_126,011,PV_126_block_011,PV_126_011_1379588_R,1379588.2,1379719.4,7.175891826307542,73.50366932655228,R,binocular,2,2
PV_126,011,PV_126_block_011,PV_126_011_1387611_L,1387610.65,1387741.9,10.34109772318501,74.87060027143225,L,binocular,2,2
PV_126,011,PV_126_block_011,PV_126_011_1390482_L,1390481.55,1390596.65,14.22144134017084,261.4104935608474,L,binocular,2,2
PV_126,011,PV_126_block_011,PV_126_011_1393944_L,1393943.65,1394091.05,15.184994277740975,51.03406097894437,L,binocular,2,2
PV_126,011,PV_126_block_011,PV_126_011_1395913_R,1395912.6,1396011.1,17.61340793012706,173.66190183576353,R,binocular,2,2
PV_126,011,PV_126_block_011,PV_126_011_1402705_R,1402705.3,1402819.9,10.308105407600527,39.75076546630079,R,binocular,2,2
PV_126,011,PV_126_block_011,PV_126_011_1412138_R,1412137.7,1412236.15,13.811102095508094,300.62024836941737,R,binocular,2,2
PV_126,011,PV_126_block_011,PV_126_011_1416830_L,1416830.05,1416895.7,9.329462287256645,346.7546356604188,L,binocular,2,2
PV_126,011,PV_126_block_011,PV_126_011_1416896_L,1416895.7,1417010.75,6.140284572027313,189.9108297988933,L,binocular,2,2
PV_126,011,PV_126_block_011,PV_126_011_1417060_R,1417059.75,1417092.55,5.707265067334328,358.32405555659415,R,binocular,2,2
PV_126,011,PV_126_block_011,PV_126_011_1417093_R,1417092.55,1417142.05,2.5626917451464295,175.78981137571634,R,binocular,2,2
PV_126,011,PV_126_block_011,PV_126_011_1418290_R,1418290.45,1418339.45,16.01577396549471,160.46670716955597,R,binocular,2,2
PV_126,011,PV_126_block_011,PV_126_011_1418339_R,1418339.45,1418437.85,18.225835531933154,354.4456938445086,R,binocular,2,2
PV_126,011,PV_126_block_011,PV_126_011_1418454_L,1418454.5,1418487.35,1.6302431349892228,181.51448875367717,L,binocular,2,2
PV_126,011,PV_126_block_011,PV_126_011_1420866_R,1420866.0,1420882.65,1.6556517912914217,345.6157585314335,R,binocular,2,2
PV_126,011,PV_126_block_011,PV_126_011_1426182_R,1426182.1,1426231.55,18.887396805112605,169.6997904614433,R,binocular,2,2
PV_126,011,PV_126_block_011,PV_126_011_1426232_R,1426231.55,1426411.75,13.087889599108669,312.4281371398276,R,binocular,2,2
PV_126,011,PV_126_block_011,PV_126_011_1432055_R,1432055.35,1432153.8,13.089595665965005,13.040068767130004,R,binocular,2,2
PV_126,011,PV_126_block_011,PV_126_011_1435139_R,1435139.25,1435188.75,4.1333512691179655,346.61816005916575,R,binocular,2,2
PV_126,011,PV_126_block_011,PV_126_011_1435336_R,1435336.15,1435368.95,2.1250553390714146,22.133708269681684,R,binocular,2,2
PV_126,011,PV_126_block_011,PV_126_011_1441357_R,1441356.7,1441405.7,10.582358738544302,187.6242171079549,R,binocular,2,2
PV_126,011,PV_126_block_011,PV_126_011_1441390_L,1441389.5,1441487.9,11.804336687081475,176.61922990425194,L,binocular,2,2
PV_126,011,PV_126_block_011,PV_126_011_1448001_L,1448000.85,1448066.45,11.553022322364818,345.6222117235288,L,binocular,2,2
PV_126,011,PV_126_block_011,PV_126_011_1448050_L,1448050.3,1448132.1,11.39250261366832,168.38710634615944,L,binocular,2,2
PV_126,011,PV_126_block_011,PV_126_011_1448444_R,1448444.1,1448509.7,4.775613185462517,341.45318678590075,R,binocular,2,2
PV_126,011,PV_126_block_011,PV_126_011_1457304_R,1457303.65,1457369.3,10.337271382941106,182.5118345716587,R,binocular,2,2
PV_126,011,PV_126_block_011,PV_126_011_1457353_L,1457352.65,1457451.1,13.44304283009179,184.09776402691378,L,binocular,2,2
PV_126,011,PV_126_block_011,PV_126_011_1457501_R,1457500.55,1457615.15,4.157875171506852,335.77278120999006,R,binocular,2,2
PV_126,011,PV_126_block_011,PV_126_011_1462832_R,1462832.05,1462996.1,23.83646384843931,68.00270997276147,R,binocular,2,2
PV_126,011,PV_126_block_011,PV_126_011_1465424_R,1465423.9,1465555.1,30.363483071840015,269.32300736620925,R,binocular,2,2
PV_126,011,PV_126_block_011,PV_126_011_1469608_R,1469607.75,1469689.55,8.468775248418657,8.45993785008941,R,binocular,2,2
PV_126,011,PV_126_block_011,PV_126_011_1469690_L,1469689.55,1469755.15,2.6068660152294374,210.33548494841617,L,binocular,2,2
PV_126,011,PV_126_block_011,PV_126_011_1477433_L,1477433.35,1477515.55,13.72384377242393,86.62886051294676,L,binocular,2,2
PV_126,011,PV_126_block_011,PV_126_011_1479172_R,1479172.0,1479254.25,7.358120147085346,2.215135369519752,R,binocular,2,2
PV_126,011,PV_126_block_011,PV_126_011_1480960_R,1480960.4,1481009.35,4.846802771756803,20.735587431344594,R,binocular,2,2
PV_126,011,PV_126_block_011,PV_126_011_1481059_R,1481058.85,1481107.8,2.5278798940150056,212.0470349865863,R,binocular,2,2
PV_126,011,PV_126_block_011,PV_126_011_1481124_L,1481124.45,1481140.6,0.7948299338634969,143.49156032763247,L,binocular,2,2
PV_126,011,PV_126_block_011,PV_126_011_1481157_R,1481157.25,1481206.25,2.0758403875085976,282.25815370578556,R,binocular,2,2
PV_126,011,PV_126_block_011,PV_126_011_1506062_R,1506061.55,1506159.95,16.684800151886552,252.61211861760427,R,binocular,2,2
PV_126,011,PV_126_block_011,PV_126_011_1506258_L,1506258.4,1506291.2,2.884665608094375,215.52728890064637,L,binocular,2,2
PV_126,011,PV_126_block_011,PV_126_011_1506275_L,1506274.55,1506324.0,1.8371262335705305,7.622754423879333,L,binocular,2,2
PV_126,011,PV_126_block_011,PV_126_011_1514772_L,1514771.95,1514968.8,19.663965365027686,47.57986193155957,L,binocular,2,2
PV_126,011,PV_126_block_011,PV_126_011_1522400_R,1522400.4,1522498.85,13.523967281956184,97.69857652942491,R,binocular,2,2
PV_126,011,PV_126_block_011,PV_126_011_1527880_R,1527879.85,1527961.6,14.887847954772344,231.48463706570118,R,binocular,2,2
PV_126,011,PV_126_block_011,PV_126_011_1527945_L,1527945.45,1528043.9,9.045774538560654,184.5554020455755,L,binocular,2,2
PV_126,011,PV_126_block_011,PV_126_011_1533933_L,1533933.15,1534048.25,14.95843840942034,62.52411100215891,L,binocular,2,2
PV_126,011,PV_126_block_011,PV_126_011_1537690_R,1537690.1,1537755.75,12.083379153774413,145.11542207307266,R,binocular,2,2
PV_126,011,PV_126_block_011,PV_126_011_1541250_R,1541249.8,1541332.05,6.231235812781794,289.33266992042314,R,binocular,2,2
PV_126,011,PV_126_block_011,PV_126_011_1542792_R,1542791.8,1542841.25,4.630193748467586,310.1804341136034,R,binocular,2,2
PV_126,011,PV_126_block_011,PV_126_011_1551437_R,1551436.85,1551535.25,11.423879273655702,359.1299474965584,R,binocular,2,2
PV_126,011,PV_126_block_011,PV_126_011_1551650_R,1551649.85,1551699.3,2.4073535096934786,181.75813259054908,R,binocular,2,2
PV_126,011,PV_126_block_011,PV_126_011_1553323_L,1553323.2,1553356.05,4.106912919618679,41.547501278791565,L,binocular,2,2
PV_126,011,PV_126_block_011,PV_126_011_1557063_R,1557063.35,1557129.0,14.395905690375761,194.56228958575676,R,binocular,2,2
PV_126,011,PV_126_block_011,PV_126_011_1557129_R,1557129.0,1557194.55,14.88423566517468,13.303564674071076,R,binocular,2,2
PV_126,011,PV_126_block_011,PV_126_011_1576420_R,1576420.5,1576486.1,7.5076714764553545,195.34610246806392,R,binocular,2,2
PV_126,011,PV_126_block_011,PV_126_011_1580521_R,1580521.3,1580619.7,10.641926633743207,146.31545983273048,R,binocular,2,2
PV_126,011,PV_126_block_011,PV_126_011_1580685_R,1580685.35,1580751.0,3.3905214956233745,333.2052537040869,R,binocular,2,2
PV_126,011,PV_126_block_011,PV_126_011_1584721_L,1584720.8,1584819.2,18.261193476469767,45.295844217136604,L,binocular,2,2
PV_126,011,PV_126_block_011,PV_126_011_1584803_R,1584803.05,1584868.65,1.4872676719139488,159.45340232510495,R,binocular,2,2
PV_126,011,PV_126_block_011,PV_126_011_1591873_L,1591873.3,1591971.75,12.686053362379063,279.49961499094405,L,binocular,2,2
PV_126,011,PV_126_block_011,PV_126_011_1599109_L,1599108.85,1599256.3,6.280242481476075,228.55992891187853,L,binocular,2,2
PV_126,011,PV_126_block_011,PV_126_011_1620124_R,1620124.35,1620206.6,6.160487782708881,160.46413978124508,R,binocular,2,2
PV_126,011,PV_126_block_011,PV_126_011_1624685_R,1624684.95,1624767.2,12.154268396338487,112.36573525132454,R,binocular,2,2
PV_126,011,PV_126_block_011,PV_126_011_1629032_R,1629032.0,1629163.2,14.540568869560506,274.38545436922124,R,binocular,2,2
PV_126,011,PV_126_block_011,PV_126_011_1634986_R,1634986.4,1635068.65,12.794989120266267,110.95679653530532,R,binocular,2,2
PV_126,011,PV_126_block_011,PV_126_011_1641941_L,1641940.8,1642023.1,18.213147112294138,37.25254504503511,L,binocular,2,2
PV_126,011,PV_126_block_011,PV_126_011_1646567_R,1646566.55,1646616.0,13.20803032769115,131.08820944876402,R,binocular,2,2
PV_126,011,PV_126_block_011,PV_126_011_1646616_R,1646616.0,1646664.95,1.3163646150985864,309.38198822687144,R,binocular,2,2
PV_126,011,PV_126_block_011,PV_126_011_1649618_R,1649617.6,1649683.2,14.032199001621752,231.17629230689542,R,binocular,2,2
PV_126,011,PV_126_block_011,PV_126_011_1649683_L,1649683.2,1649748.85,6.986294693597669,145.88060176069303,L,binocular,2,2
PV_126,011,PV_126_block_011,PV_126_011_1652472_R,1652471.85,1652554.1,10.734437656793194,102.17302879832837,R,binocular,2,2
PV_126,011,PV_126_block_011,PV_126_011_1657770_R,1657770.3,1657868.75,17.3522257640179,267.83479578180857,R,binocular,2,2
PV_126,011,PV_126_block_011,PV_126_011_1657918_R,1657917.75,1657983.35,4.0663617934039955,22.67937721727137,R,binocular,2,2
PV_126,011,PV_126_block_011,PV_126_011_1658016_L,1658016.15,1658048.95,2.065405055668273,91.88266192917855,L,binocular,2,2
PV_126,011,PV_126_block_011,PV_126_011_1658066_R,1658065.6,1658098.4,1.6913633082849115,18.67322610902108,R,binocular,2,2
PV_126,011,PV_126_block_011,PV_126_011_1659886_L,1659886.1,1659951.7,9.173041139941333,242.5801381006943,L,binocular,2,2
PV_126,011,PV_126_block_011,PV_126_011_1659952_R,1659951.7,1660066.8,5.865972586899432,330.64734101405617,R,binocular,2,2
PV_126,011,PV_126_block_011,PV_126_011_1660067_L,1660066.8,1660099.6,1.623431593683798,31.678356934986496,L,binocular,2,2
PV_126,011,PV_126_block_011,PV_126_011_1660100_L,1660099.6,1660132.4,3.0666931400623727,174.5478845358559,L,binocular,2,2
PV_126,011,PV_126_block_011,PV_126_011_1660132_L,1660132.4,1660214.2,5.310103589779839,356.6588661005169,L,binocular,2,2
PV_126,011,PV_126_block_011,PV_126_011_1660264_R,1660263.65,1660296.45,7.3534876401963585,168.1788463888212,R,binocular,2,2
PV_126,011,PV_126_block_011,PV_126_011_1660296_R,1660296.45,1660345.4,2.257465726576336,319.51669176214693,R,binocular,2,2
PV_126,011,PV_126_block_011,PV_126_011_1663872_L,1663872.4,1663905.2,7.648507321639641,340.5551539021416,L,binocular,2,2
PV_126,011,PV_126_block_011,PV_126_011_1663905_L,1663905.2,1663986.95,7.631600892911801,167.4200308625883,L,binocular,2,2
PV_126,011,PV_126_block_011,PV_126_011_1670335_R,1670335.05,1670384.0,2.415650578689551,141.5968478485488,R,binocular,2,2
PV_126,011,PV_126_block_011,PV_126_011_1684884_R,1684884.3,1685015.5,20.723452285087944,61.273408213279836,R,binocular,2,2
PV_126,011,PV_126_block_011,PV_126_011_1697614_R,1697614.1,1697679.75,7.521144621810625,352.0597537477082,R,binocular,2,2
PV_126,011,PV_126_block_011,PV_126_011_1703618_L,1703618.0,1703683.6,4.3102730867544725,161.55674881743965,L,binocular,2,2
PV_126,011,PV_126_block_011,PV_126_011_1719974_L,1719974.25,1720039.85,3.4636941457287573,236.2652160826177,L,binocular,2,2
PV_126,011,PV_126_block_011,PV_126_011_1720286_R,1720285.65,1720335.15,5.9927645824428115,22.96369072372257,R,binocular,2,2
PV_126,011,PV_126_block_011,PV_126_011_1722599_L,1722599.1,1722648.1,3.3624909795156332,223.61499979533014,L,binocular,2,2
PV_126,011,PV_126_block_011,PV_126_011_1723567_L,1723566.9,1723583.55,0.9973016475609178,264.23531191103723,L,binocular,2,2
PV_126,011,PV_126_block_011,PV_126_011_1725339_R,1725339.0,1725454.1,10.22580771583165,349.4238713181997,R,binocular,2,2
PV_126,011,PV_126_block_011,PV_126_011_1725881_R,1725880.7,1725913.5,4.608113952325252,13.893118867870683,R,binocular,2,2
PV_126,011,PV_126_block_011,PV_126_011_1731393_R,1731393.1,1731458.75,6.6384334569180705,303.51543250131556,R,binocular,2,2
PV_126,011,PV_126_block_011,PV_126_011_1731623_R,1731622.85,1731671.85,2.1336201066365934,172.3292126795488,R,binocular,2,2
PV_126,011,PV_126_block_011,PV_126_011_1738645_L,1738645.35,1738792.75,7.351465334578703,38.26588289162461,L,binocular,2,2
PV_126,011,PV_126_block_011,PV_126_011_1742320_R,1742320.0,1742368.95,11.554481371493212,118.95496232583385,R,binocular,2,2
PV_126,011,PV_126_block_011,PV_126_011_1749900_R,1749900.4,1749982.2,9.714250836414129,156.81738233499394,R,binocular,2,2
PV_126,011,PV_126_block_011,PV_126_011_1761796_R,1761796.2,1761878.5,7.266594895764767,127.25677691774528,R,binocular,2,2
PV_126,011,PV_126_block_011,PV_126_011_1764093_R,1764093.2,1764257.25,22.49114045513906,288.3150012465052,R,binocular,2,2
PV_126,011,PV_126_block_011,PV_126_011_1764520_R,1764519.8,1764552.6,4.340788194674029,2.385548023046275,R,binocular,2,2
PV_126,011,PV_126_block_011,PV_126_011_1764585_L,1764585.4,1764683.85,6.653459950344417,183.45508262298847,L,binocular,2,2
PV_126,011,PV_126_block_011,PV_126_011_1767145_R,1767144.85,1767194.3,14.188109114019165,169.07144902364104,R,binocular,2,2
PV_126,011,PV_126_block_011,PV_126_011_1767194_R,1767194.3,1767292.75,12.83442823013598,359.4115775974784,R,binocular,2,2
PV_126,011,PV_126_block_011,PV_126_011_1767358_R,1767358.35,1767489.6,7.944795646840328,205.16620276007586,R,binocular,2,2
PV_126,011,PV_126_block_011,PV_126_011_1772592_R,1772591.5,1772722.75,10.467382583610894,5.1497614089614,R,binocular,2,2
PV_126,011,PV_126_block_011,PV_126_011_1774446_R,1774445.6,1774593.0,15.943257492152245,90.04830688950817,R,binocular,2,2
PV_126,011,PV_126_block_011,PV_126_011_1780581_R,1780580.7,1780646.35,10.370590707936827,163.97363912814387,R,binocular,2,2
PV_126,011,PV_126_block_011,PV_126_011_1780630_R,1780629.7,1780662.5,2.761746046391645,272.3150887611535,R,binocular,2,2
PV_126,011,PV_126_block_011,PV_126_011_1786502_R,1786502.5,1786650.35,12.08469061965547,21.94535910820874,R,binocular,2,2
PV_126,011,PV_126_block_011,PV_126_011_1797642_L,1797641.5,1797756.05,15.315240392298408,271.5576915136735,L,binocular,2,2
PV_126,011,PV_126_block_011,PV_126_011_1799184_R,1799183.55,1799232.55,2.9817480561060363,323.20060363716306,R,binocular,2,2
PV_126,011,PV_126_block_011,PV_126_011_1800086_R,1800085.65,1800135.1,4.445765550318,65.0576623385483,R,binocular,2,2
PV_126,011,PV_126_block_011,PV_126_011_1801218_L,1801217.9,1801430.95,10.614225928825913,99.79255688887868,L,binocular,2,2
PV_126,011,PV_126_block_011,PV_126_011_1804450_R,1804450.25,1804532.5,11.749805762495328,161.8529557072644,R,binocular,2,2
PV_126,011,PV_126_block_011,PV_126_011_1804516_R,1804515.85,1804598.15,3.6067564646510712,349.0723931503832,R,binocular,2,2
PV_126,011,PV_126_block_011,PV_126_011_1806895_L,1806895.15,1806927.95,5.929865025094008,328.72617948853156,L,binocular,2,2
PV_126,011,PV_126_block_011,PV_126_011_1806928_L,1806927.95,1807108.2,16.964001688422396,147.5414301033639,L,binocular,2,2
PV_126,011,PV_126_block_011,PV_126_011_1808913_R,1808913.1,1808962.55,4.491652660678852,26.040261647893423,R,binocular,2,2
PV_126,011,PV_126_block_011,PV_126_011_1823991_R,1823990.8,1824039.8,16.72026159795979,170.45648010451737,R,binocular,2,2
PV_126,011,PV_126_block_011,PV_126_011_1824040_R,1824039.8,1824138.25,16.194537170437453,346.9515300938138,R,binocular,2,2
PV_126,011,PV_126_block_011,PV_126_011_1824860_L,1824860.15,1824925.75,3.349800350244846,262.66946708829266,L,binocular,2,2
PV_126,011,PV_126_block_011,PV_126_011_41592_L,41592.0,41624.8,1.5874593788734868,75.74155253485965,L,monocular,1,1
PV_126,011,PV_126_block_011,PV_126_011_41641_L,41641.45,41707.05,4.312943116589961,91.00076572148618,L,monocular,1,1
PV_126,011,PV_126_block_011,PV_126_011_88339_L,88338.6,88371.45,1.0521771621393243,281.05773118837266,L,monocular,1,1
PV_126,011,PV_126_block_011,PV_126_011_98687_L,98687.3,98703.45,0.6222162102170898,8.523587323528764,L,monocular,1,1
PV_126,011,PV_126_block_011,PV_126_011_103280_L,103279.9,103296.05,0.7598763159376543,64.15798399512403,L,monocular,1,1
PV_126,011,PV_126_block_011,PV_126_011_103510_L,103509.55,103525.7,0.7656760068191407,54.855550012357746,L,monocular,1,1
PV_126,011,PV_126_block_011,PV_126_011_147403_L,147403.25,147419.4,0.5723341521076534,155.82352096218716,L,monocular,1,1
PV_126,011,PV_126_block_011,PV_126_011_147797_L,147796.95,147829.75,1.0455292018672402,100.88509126760431,L,monocular,1,1
PV_126,011,PV_126_block_011,PV_126_011_213654_L,213653.7,213670.35,0.6046259593185778,22.234301300448237,L,monocular,1,1
PV_126,011,PV_126_block_011,PV_126_011_220035_L,220034.85,220051.0,1.1827868822577778,208.84554003060853,L,monocular,1,1
PV_126,011,PV_126_block_011,PV_126_011_248377_L,248376.8,248409.6,1.6441046783507367,161.67622296131222,L,monocular,1,1
PV_126,011,PV_126_block_011,PV_126_011_267432_L,267432.05,267464.85,2.552334177235081,348.86094354342157,L,monocular,1,1
PV_126,011,PV_126_block_011,PV_126_011_340010_L,340009.6,340042.4,,,L,monocular,1,1
PV_126,011,PV_126_block_011,PV_126_011_347998_L,347997.75,348063.35,8.338980068527446,150.67230931783078,L,monocular,1,1
PV_126,011,PV_126_block_011,PV_126_011_364646_L,364645.65,364695.1,5.323592319165124,141.5123586548278,L,monocular,1,1
PV_126,011,PV_126_block_011,PV_126_011_388201_L,388200.8,388233.6,0.9182554200402904,105.80072931806312,L,monocular,1,1
PV_126,011,PV_126_block_011,PV_126_011_392089_L,392088.75,392137.7,3.3995434236163313,265.58506515714754,L,monocular,1,1
PV_126,011,PV_126_block_011,PV_126_011_402587_L,402586.95,402619.8,2.124440470935944,241.66605791294765,L,monocular,1,1
PV_126,011,PV_126_block_011,PV_126_011_403686_L,403685.7,403702.35,0.7975009994363941,268.3436096105872,L,monocular,1,1
PV_126,011,PV_126_block_011,PV_126_011_448089_L,448089.1,448105.25,1.2277540822166972,274.10136125199756,L,monocular,1,1
PV_126,011,PV_126_block_011,PV_126_011_448220_L,448220.35,448236.5,0.7299391472289251,14.57256606892983,L,monocular,1,1
PV_126,011,PV_126_block_011,PV_126_011_463935_L,463934.85,463951.05,3.5521866634822556,90.49923608227603,L,monocular,1,1
PV_126,011,PV_126_block_011,PV_126_011_491934_L,491933.9,491983.35,2.2878763167278264,216.07549502807214,L,monocular,1,1
PV_126,011,PV_126_block_011,PV_126_011_494558_L,494558.45,494591.3,2.5415041025369733,120.65323494274891,L,monocular,1,1
PV_126,011,PV_126_block_011,PV_126_011_524069_L,524068.65,524084.8,,,L,monocular,1,1
PV_126,011,PV_126_block_011,PV_126_011_545489_L,545489.05,545505.2,1.1435099357133671,119.45372346789941,L,monocular,1,1
PV_126,011,PV_126_block_011,PV_126_011_545538_L,545538.0,545554.65,0.6319575493855424,118.61111367644116,L,monocular,1,1
PV_126,011,PV_126_block_011,PV_126_011_562384_L,562383.95,562400.15,1.7903211179699168,158.19609447744568,L,monocular,1,1
PV_126,011,PV_126_block_011,PV_126_011_571143_L,571143.2,571159.35,3.350298830116386,49.46501381622464,L,monocular,1,1
PV_126,011,PV_126_block_011,PV_126_011_571159_L,571159.35,571176.0,0.7063000031340902,217.6196680158683,L,monocular,1,1
PV_126,011,PV_126_block_011,PV_126_011_575309_L,575308.95,575325.05,0.6141630867588621,231.34091288499633,L,monocular,1,1
PV_126,011,PV_126_block_011,PV_126_011_580984_L,580983.75,580999.9,0.6693216007926787,196.22855025448604,L,monocular,1,1
PV_126,011,PV_126_block_011,PV_126_011_586134_L,586134.4,586183.4,2.679151385451082,97.34050565085556,L,monocular,1,1
PV_126,011,PV_126_block_011,PV_126_011_592926_L,592925.7,593007.45,9.519886102076443,137.38410734823623,L,monocular,1,1
PV_126,011,PV_126_block_011,PV_126_011_593139_L,593138.7,593155.35,0.747937180944655,209.15180956680427,L,monocular,1,1
PV_126,011,PV_126_block_011,PV_126_011_593172_L,593171.5,593204.3,1.6715243748508417,193.8416814490847,L,monocular,1,1
PV_126,011,PV_126_block_011,PV_126_011_628619_L,628618.85,628667.85,2.2550864672074296,285.4526150062166,L,monocular,1,1
PV_126,011,PV_126_block_011,PV_126_011_634590_L,634589.6,634622.4,4.294354327213024,166.6935854999401,L,monocular,1,1
PV_126,011,PV_126_block_011,PV_126_011_634655_L,634655.2,634688.0,2.796613882839739,348.55916295256134,L,monocular,1,1
PV_126,011,PV_126_block_011,PV_126_011_634737_L,634737.0,634819.25,6.423194696740797,329.5932948060103,L,monocular,1,1
PV_126,011,PV_126_block_011,PV_126_011_634918_L,634917.65,634999.4,5.4263694613488225,338.42315120129916,L,monocular,1,1
PV_126,011,PV_126_block_011,PV_126_011_638706_L,638706.2,638755.65,6.1567767724392874,325.6770077833561,L,monocular,1,1
PV_126,011,PV_126_block_011,PV_126_011_641560_L,641559.9,641576.55,1.1557484033961758,152.20010512926015,L,monocular,1,1
PV_126,011,PV_126_block_011,PV_126_011_678108_L,678108.5,678125.15,0.9994631624607851,116.79578505309925,L,monocular,1,1
PV_126,011,PV_126_block_011,PV_126_011_678158_L,678157.95,678206.9,2.330861520204636,131.00593504906877,L,monocular,1,1
PV_126,011,PV_126_block_011,PV_126_011_715442_L,715441.55,715458.2,2.3998736113774486,41.84989746043445,L,monocular,1,1
PV_126,011,PV_126_block_011,PV_126_011_715458_L,715458.2,715491.05,1.5103848440853922,167.97045031989367,L,monocular,1,1
PV_126,011,PV_126_block_011,PV_126_011_719936_L,719936.3,719985.8,13.622249350031177,298.5735907810438,L,monocular,1,1
PV_126,011,PV_126_block_011,PV_126_011_722626_L,722626.45,722643.1,0.7292849705855458,169.47124910199332,L,monocular,1,1
PV_126,011,PV_126_block_011,PV_126_011_722659_L,722659.25,722692.05,1.2203515877962794,216.5255802808182,L,monocular,1,1
PV_126,011,PV_126_block_011,PV_126_011_766325_L,766324.55,766374.0,9.02446105451135,331.0663170458454,L,monocular,1,1
PV_126,011,PV_126_block_011,PV_126_011_776625_L,776625.1,776674.55,4.195935736861068,191.291884658663,L,monocular,1,1
PV_126,011,PV_126_block_011,PV_126_011_777117_L,777117.2,777150.0,,,L,monocular,1,1
PV_126,011,PV_126_block_011,PV_126_011_783350_L,783350.15,783366.8,0.7934065890226145,50.08758580863319,L,monocular,1,1
PV_126,011,PV_126_block_011,PV_126_011_783678_L,783678.15,783710.95,1.0305477974034425,39.512313875318554,L,monocular,1,1
PV_126,011,PV_126_block_011,PV_126_011_822780_L,822779.8,822812.6,1.6714854245119777,28.485962167353378,L,monocular,1,1
PV_126,011,PV_126_block_011,PV_126_011_822829_L,822829.25,822862.1,1.0948396942246115,25.239856908931344,L,monocular,1,1
PV_126,011,PV_126_block_011,PV_126_011_830260_L,830260.0,830292.8,1.440021359962803,208.8978890733912,L,monocular,1,1
PV_126,011,PV_126_block_011,PV_126_011_842841_L,842841.1,842857.25,0.5196501116351296,358.7955530023435,L,monocular,1,1
PV_126,011,PV_126_block_011,PV_126_011_854537_L,854536.95,854553.6,2.3275288329179995,209.44914348148438,L,monocular,1,1
PV_126,011,PV_126_block_011,PV_126_011_854619_L,854619.2,854635.35,0.5067304384742193,217.44932894145907,L,monocular,1,1
PV_126,011,PV_126_block_011,PV_126_011_876683_L,876682.55,876780.95,12.26442034193237,164.55152081193452,L,monocular,1,1
PV_126,011,PV_126_block_011,PV_126_011_880800_L,880800.3,880865.9,5.733180336643823,125.34192057906618,L,monocular,1,1
PV_126,011,PV_126_block_011,PV_126_011_887723_L,887723.05,887772.0,8.917943642844921,340.35545520014875,L,monocular,1,1
PV_126,011,PV_126_block_011,PV_126_011_887772_L,887772.0,887837.6,6.773175781238723,163.15002693251483,L,monocular,1,1
PV_126,011,PV_126_block_011,PV_126_011_900470_L,900470.1,900486.75,2.3743757561509824,216.8451411767459,L,monocular,1,1
PV_126,011,PV_126_block_011,PV_126_011_900487_L,900486.75,900535.7,2.9349413675190634,129.35904256015363,L,monocular,1,1
PV_126,011,PV_126_block_011,PV_126_011_900651_L,900650.8,900683.6,1.4976892491347755,49.940360523818,L,monocular,1,1
PV_126,011,PV_126_block_011,PV_126_011_900700_L,900699.8,900716.45,0.7477493539219143,66.21094149591137,L,monocular,1,1
PV_126,011,PV_126_block_011,PV_126_011_905523_L,905523.25,905556.05,1.4139654177893128,267.8788599059576,L,monocular,1,1
PV_126,011,PV_126_block_011,PV_126_011_909461_L,909460.8,909510.25,,,L,monocular,1,1
PV_126,011,PV_126_block_011,PV_126_011_909658_L,909657.65,909690.45,1.628593678591447,272.2106125143319,L,monocular,1,1
PV_126,011,PV_126_block_011,PV_126_011_909822_L,909821.7,909838.35,,,L,monocular,1,1
PV_126,011,PV_126_block_011,PV_126_011_914087_L,914086.9,914152.55,5.15971239877094,99.04763249434332,L,monocular,1,1
PV_126,011,PV_126_block_011,PV_126_011_914169_L,914169.2,914218.15,2.6703395374857566,166.913014127407,L,monocular,1,1
PV_126,011,PV_126_block_011,PV_126_011_919879_L,919878.7,919894.85,0.8399023781105008,48.90222506654087,L,monocular,1,1
PV_126,011,PV_126_block_011,PV_126_011_919895_L,919894.85,919944.35,3.511871854426477,198.82204359582278,L,monocular,1,1
PV_126,011,PV_126_block_011,PV_126_011_930558_L,930557.75,930574.4,0.5343037824101632,4.306839765522769,L,monocular,1,1
PV_126,011,PV_126_block_011,PV_126_011_938645_L,938644.7,938726.45,7.988043190832347,203.5559794274046,L,monocular,1,1
PV_126,011,PV_126_block_011,PV_126_011_944550_L,944549.95,944615.55,5.55684346050973,192.261386390154,L,monocular,1,1
PV_126,011,PV_126_block_011,PV_126_011_955261_L,955260.75,955277.4,4.13399651283468,215.96886313497131,L,monocular,1,1
PV_126,011,PV_126_block_011,PV_126_011_1000813_L,1000812.7,1000861.65,3.75415967377946,103.47483789086765,L,monocular,1,1
PV_126,011,PV_126_block_011,PV_126_011_1004750_L,1004749.6,1004798.6,3.1469450454900256,216.5694738428225,L,monocular,1,1
PV_126,011,PV_126_block_011,PV_126_011_1007652_L,1007652.5,1007669.15,0.7448494965915187,276.68412276014465,L,monocular,1,1
PV_126,011,PV_126_block_011,PV_126_011_1011293_L,1011292.9,1011325.7,1.610019296944266,220.47919308909508,L,monocular,1,1
PV_126,011,PV_126_block_011,PV_126_011_1020395_L,1020394.65,1020427.45,1.3173134820839119,234.0231280861054,L,monocular,1,1
PV_126,011,PV_126_block_011,PV_126_011_1023757_L,1023756.7,1023871.75,15.608802519542111,270.7200492435116,L,monocular,1,1
PV_126,011,PV_126_block_011,PV_126_011_1038618_L,1038617.6,1038683.2,5.453240476122222,193.60074508370406,L,monocular,1,1
PV_126,011,PV_126_block_011,PV_126_011_1041504_L,1041504.3,1041569.9,11.660432515968841,283.89061845737666,L,monocular,1,1
PV_126,011,PV_126_block_011,PV_126_011_1056776_L,1056775.5,1056873.95,8.734634228299653,145.55358164400462,L,monocular,1,1
PV_126,011,PV_126_block_011,PV_126_011_1067110_L,1067110.4,1067159.35,4.526046146479658,77.85690871473746,L,monocular,1,1
PV_126,011,PV_126_block_011,PV_126_011_1089533_L,1089532.95,1089582.4,2.300565122960501,189.6950250041521,L,monocular,1,1
PV_126,011,PV_126_block_011,PV_126_011_1107839_L,1107838.75,1107855.4,1.6410715341503543,93.88416023380199,L,monocular,1,1
PV_126,011,PV_126_block_011,PV_126_011_1108101_L,1108101.2,1108134.0,0.9116141354676748,89.67994534977639,L,monocular,1,1
PV_126,011,PV_126_block_011,PV_126_011_1123537_L,1123536.85,1123569.65,1.09500255025754,86.73308531492329,L,monocular,1,1
PV_126,011,PV_126_block_011,PV_126_011_1126243_L,1126243.2,1126292.65,2.6342719685801455,300.520354541611,L,monocular,1,1
PV_126,011,PV_126_block_011,PV_126_011_1163138_L,1163137.5,1163153.7,4.359433126175427,190.91528436091608,L,monocular,1,1
PV_126,011,PV_126_block_011,PV_126_011_1163186_L,1163186.5,1163235.95,3.0797910205652164,174.6697943041588,L,monocular,1,1
PV_126,011,PV_126_block_011,PV_126_011_1163400_L,1163399.95,1163416.15,0.5931655802880781,4.276899665870728,L,monocular,1,1
PV_126,011,PV_126_block_011,PV_126_011_1168370_L,1168369.95,1168386.6,2.061090190445796,289.1121784833273,L,monocular,1,1
PV_126,011,PV_126_block_011,PV_126_011_1168387_L,1168386.6,1168402.8,0.5168488791365542,126.19431818427438,L,monocular,1,1
PV_126,011,PV_126_block_011,PV_126_011_1179230_L,1179230.1,1179246.75,0.5398178622978,5.6540558742963825,L,monocular,1,1
PV_126,011,PV_126_block_011,PV_126_011_1194404_L,1194404.1,1194469.7,3.3861084919971547,146.27839254369425,L,monocular,1,1
PV_126,011,PV_126_block_011,PV_126_011_1205772_L,1205772.15,1205837.75,5.688858980124445,136.34135549426276,L,monocular,1,1
PV_126,011,PV_126_block_011,PV_126_011_1211989_L,1211989.1,1212021.95,,,L,monocular,1,1
PV_126,011,PV_126_block_011,PV_126_011_1212055_L,1212054.75,1212087.55,2.814464838552196,259.4872386244724,L,monocular,1,1
PV_126,011,PV_126_block_011,PV_126_011_1212153_L,1212153.2,1212169.35,1.2237269668745852,344.7015055787824,L,monocular,1,1
PV_126,011,PV_126_block_011,PV_126_011_1212169_L,1212169.35,1212186.0,1.6914056173245042,178.77884665349026,L,monocular,1,1
PV_126,011,PV_126_block_011,PV_126_011_1212366_L,1212366.2,1212399.0,,,L,monocular,1,1
PV_126,011,PV_126_block_011,PV_126_011_1230148_L,1230147.85,1230164.5,0.5741883328714233,77.96107411564815,L,monocular,1,1
PV_126,011,PV_126_block_011,PV_126_011_1239105_L,1239105.15,1239203.55,6.460537289258933,188.87485767090135,L,monocular,1,1
PV_126,011,PV_126_block_011,PV_126_011_1255591_L,1255591.3,1255705.9,9.15883580826488,105.05495702274598,L,monocular,1,1
PV_126,011,PV_126_block_011,PV_126_011_1259118_L,1259118.35,1259216.75,13.072330904846893,146.00062470807933,L,monocular,1,1
PV_126,011,PV_126_block_011,PV_126_011_1286136_L,1286135.55,1286201.2,5.4616533564556144,157.2749832394775,L,monocular,1,1
PV_126,011,PV_126_block_011,PV_126_011_1303407_L,1303407.35,1303424.0,1.8708387040470529,270.8362142095365,L,monocular,1,1
PV_126,011,PV_126_block_011,PV_126_011_1310083_L,1310083.45,1310099.55,0.6939338856626733,211.25280408653936,L,monocular,1,1
PV_126,011,PV_126_block_011,PV_126_011_1325586_L,1325586.15,1325635.6,2.441142777370233,53.715651487818,L,monocular,1,1
PV_126,011,PV_126_block_011,PV_126_011_1358951_L,1358951.3,1358967.95,0.5204250096059919,90.52025692555881,L,monocular,1,1
PV_126,011,PV_126_block_011,PV_126_011_1358984_L,1358984.15,1359033.6,3.730122758104553,145.31087271705874,L,monocular,1,1
PV_126,011,PV_126_block_011,PV_126_011_1368696_L,1368695.5,1368728.3,1.2475857995403254,253.65501418066154,L,monocular,1,1
PV_126,011,PV_126_block_011,PV_126_011_1371944_L,1371943.75,1372009.35,4.6755399712607355,110.55253800797477,L,monocular,1,1
PV_126,011,PV_126_block_011,PV_126_011_1375438_L,1375438.1,1375487.05,4.620144172910893,152.74698906077893,L,monocular,1,1
PV_126,011,PV_126_block_011,PV_126_011_1379638_L,1379637.65,1379653.8,2.525225777349385,122.90489705081586,L,monocular,1,1
PV_126,011,PV_126_block_011,PV_126_011_1387725_L,1387725.25,1387758.05,3.127346583031747,193.67976789634287,L,monocular,1,1
PV_126,011,PV_126_block_011,PV_126_011_1390580_L,1390580.0,1390612.8,1.8164132713002543,259.68979102030954,L,monocular,1,1
PV_126,011,PV_126_block_011,PV_126_011_1394058_L,1394058.25,1394074.9,0.7772492473695206,237.54276413801176,L,monocular,1,1
PV_126,011,PV_126_block_011,PV_126_011_1402738_L,1402738.1,1402754.25,0.5247078134421661,117.00311335034583,L,monocular,1,1
PV_126,011,PV_126_block_011,PV_126_011_1402771_L,1402770.9,1402803.7,1.3716888843822088,166.3646084897764,L,monocular,1,1
PV_126,011,PV_126_block_011,PV_126_011_1418307_L,1418306.6,1418339.45,5.0697426959737335,332.7275743229312,L,monocular,1,1
PV_126,011,PV_126_block_011,PV_126_011_1420604_L,1420603.55,1420734.8,3.6691645315425245,297.09641676845814,L,monocular,1,1
PV_126,011,PV_126_block_011,PV_126_011_1432072_L,1432072.0,1432104.8,3.1469780667091087,115.21224803976133,L,monocular,1,1
PV_126,011,PV_126_block_011,PV_126_011_1448230_L,1448230.5,1448345.65,5.949507756776141,209.18886993102308,L,monocular,1,1
PV_126,011,PV_126_block_011,PV_126_011_1462898_L,1462897.7,1462979.95,6.595500871434523,89.69804427302236,L,monocular,1,1
PV_126,011,PV_126_block_011,PV_126_011_1465572_L,1465571.75,1465587.9,0.6356574578680091,259.0917809860312,L,monocular,1,1
PV_126,011,PV_126_block_011,PV_126_011_1469673_L,1469673.35,1469689.55,0.9751665434717629,309.8291780884897,L,monocular,1,1
PV_126,011,PV_126_block_011,PV_126_011_1477565_L,1477564.55,1477581.2,0.5322567472360028,243.9235415055981,L,monocular,1,1
PV_126,011,PV_126_block_011,PV_126_011_1481436_L,1481435.85,1481468.7,2.7857650246526866,300.8672295459672,L,monocular,1,1
PV_126,011,PV_126_block_011,PV_126_011_1500172_L,1500172.0,1500287.05,9.54402340725855,116.96501245977718,L,monocular,1,1
PV_126,011,PV_126_block_011,PV_126_011_1514903_L,1514903.2,1514952.65,2.62974465040979,227.7404792986059,L,monocular,1,1
PV_126,011,PV_126_block_011,PV_126_011_1527913_L,1527912.65,1527928.8,0.7992665797548569,165.9467450873219,L,monocular,1,1
PV_126,011,PV_126_block_011,PV_126_011_1528077_L,1528076.7,1528092.85,0.6204055014777671,203.91147573617008,L,monocular,1,1
PV_126,011,PV_126_block_011,PV_126_011_1553373_L,1553372.7,1553405.5,1.370871175323405,209.89234221594026,L,monocular,1,1
PV_126,011,PV_126_block_011,PV_126_011_1566233_L,1566233.2,1566266.0,5.449952138046317,306.5426686890436,L,monocular,1,1
PV_126,011,PV_126_block_011,PV_126_011_1566266_L,1566266.0,1566314.95,3.741084346779229,131.6512167483975,L,monocular,1,1
PV_126,011,PV_126_block_011,PV_126_011_1576453_L,1576453.3,1576518.9,7.32944694298686,169.04211026205007,L,monocular,1,1
PV_126,011,PV_126_block_011,PV_126_011_1580571_L,1580570.75,1580603.55,3.9692522637936536,210.28553371601814,L,monocular,1,1
PV_126,011,PV_126_block_011,PV_126_011_1584836_L,1584835.85,1584852.0,0.6786159354646499,221.6103901001473,L,monocular,1,1
PV_126,011,PV_126_block_011,PV_126_011_1603522_L,1603522.25,1603538.9,0.7931239739816522,269.11359515698183,L,monocular,1,1
PV_126,011,PV_126_block_011,PV_126_011_1629098_L,1629097.6,1629130.4,2.8745639356509627,68.33797395800076,L,monocular,1,1
PV_126,011,PV_126_block_011,PV_126_011_1629147_L,1629146.55,1629179.4,1.30781007957032,158.75417648985584,L,monocular,1,1
PV_126,011,PV_126_block_011,PV_126_011_1642072_L,1642072.05,1642088.7,0.5819825738838846,228.8413019449257,L,monocular,1,1
PV_126,011,PV_126_block_011,PV_126_011_1684917_L,1684917.05,1684966.5,2.7759441973697285,358.86809423879265,L,monocular,1,1
PV_126,011,PV_126_block_011,PV_126_011_1684999_L,1684999.35,1685048.3,2.1712047551331026,105.52362773784468,L,monocular,1,1
PV_126,011,PV_126_block_011,PV_126_011_1693940_L,1693939.65,1693972.4,1.719675043710721,204.62281462559642,L,monocular,1,1
PV_126,011,PV_126_block_011,PV_126_011_1710525_L,1710524.85,1710573.8,9.940206742200354,344.1169075024562,L,monocular,1,1
PV_126,011,PV_126_block_011,PV_126_011_1710574_L,1710573.8,1710656.1,10.07069870105362,158.65051432203438,L,monocular,1,1
PV_126,011,PV_126_block_011,PV_126_011_1725437_L,1725437.45,1725454.1,0.618843643342262,4.97321519472043,L,monocular,1,1
PV_126,011,PV_126_block_011,PV_126_011_1738711_L,1738710.95,1738727.1,2.8799542435314964,215.28792781148542,L,monocular,1,1
PV_126,011,PV_126_block_011,PV_126_011_1738760_L,1738759.95,1738776.6,0.7203062873743761,228.43598741266734,L,monocular,1,1
PV_126,011,PV_126_block_011,PV_126_011_1764159_L,1764158.85,1764224.45,7.30031695960309,91.23833539436463,L,monocular,1,1
PV_126,011,PV_126_block_011,PV_126_011_1767391_L,1767391.15,1767407.35,1.25143665069307,338.6236353878501,L,monocular,1,1
PV_126,011,PV_126_block_011,PV_126_011_1767407_L,1767407.35,1767505.75,5.941205536224918,163.97539598820936,L,monocular,1,1
PV_126,011,PV_126_block_011,PV_126_011_1769606_L,1769605.65,1769655.1,2.45574095994023,150.64848497166057,L,monocular,1,1
PV_126,011,PV_126_block_011,PV_126_011_1774495_L,1774494.55,1774544.0,4.385567748784759,17.37230919912686,L,monocular,1,1
PV_126,011,PV_126_block_011,PV_126_011_1780646_L,1780646.35,1780777.6,6.577422566543403,117.23455264324767,L,monocular,1,1
PV_126,011,PV_126_block_011,PV_126_011_1786552_L,1786551.95,1786600.9,2.426999324380924,14.83555070846932,L,monocular,1,1
PV_126,011,PV_126_block_011,PV_126_011_1799233_L,1799232.55,1799249.2,0.6478715394132237,164.2386590390281,L,monocular,1,1
PV_126,011,PV_126_block_011,PV_126_011_1800118_L,1800118.45,1800135.1,0.6884110685202764,207.07472023427778,L,monocular,1,1
PV_126,011,PV_126_block_011,PV_126_011_1804500_L,1804499.7,1804515.85,0.8009234484721971,256.83275028269804,L,monocular,1,1
PV_126,011,PV_126_block_011,PV_126_011_1804565_L,1804565.35,1804598.15,1.4726935302532218,7.863612972330122,L,monocular,1,1
PV_126,011,PV_126_block_011,PV_126_011_1809471_L,1809470.95,1809520.4,3.7174291916780704,164.51632549072215,L,monocular,1,1
PV_126,011,PV_126_block_011,PV_126_011_60126_R,60125.55,60175.0,3.638661890842384,74.16600257079108,R,monocular,1,1
PV_126,011,PV_126_block_011,PV_126_011_87207_R,87207.15,87272.75,5.0481885541436196,257.2439731898802,R,monocular,1,1
PV_126,011,PV_126_block_011,PV_126_011_103706_R,103706.3,103722.45,9.217299955588365,90.34393298356473,R,monocular,1,1
PV_126,011,PV_126_block_011,PV_126_011_123127_R,123126.7,123175.65,2.1803307156452174,105.66577681411007,R,monocular,1,1
PV_126,011,PV_126_block_011,PV_126_011_140547_R,140546.85,140563.05,0.5429379223861452,259.17453600322386,R,monocular,1,1
PV_126,011,PV_126_block_011,PV_126_011_147354_R,147353.8,147386.6,1.8924673637775975,46.6154749652297,R,monocular,1,1
PV_126,011,PV_126_block_011,PV_126_011_148059_R,148059.4,148092.2,1.2511937108265976,275.23588498347164,R,monocular,1,1
PV_126,011,PV_126_block_011,PV_126_011_156080_R,156080.05,156129.5,2.7436714962954643,158.6186652562297,R,monocular,1,1
PV_126,011,PV_126_block_011,PV_126_011_163560_R,163559.6,163592.4,3.040715524372181,91.76305288783242,R,monocular,1,1
PV_126,011,PV_126_block_011,PV_126_011_163921_R,163920.55,163937.2,1.342959596681207,274.4962815274097,R,monocular,1,1
PV_126,011,PV_126_block_011,PV_126_011_201844_R,201843.75,201876.5,1.5303266539293499,275.024241194229,R,monocular,1,1
PV_126,011,PV_126_block_011,PV_126_011_219969_R,219969.25,220067.65,12.091661272039486,110.04554456622334,R,monocular,1,1
PV_126,011,PV_126_block_011,PV_126_011_232648_R,232647.8,232746.2,6.326637875030863,243.2050855835013,R,monocular,1,1
PV_126,011,PV_126_block_011,PV_126_011_248426_R,248425.7,248442.35,0.5507929317135452,93.32745659115963,R,monocular,1,1
PV_126,011,PV_126_block_011,PV_126_011_265087_R,265086.55,265168.8,11.401406135884098,73.7716447378991,R,monocular,1,1
PV_126,011,PV_126_block_011,PV_126_011_267383_R,267382.6,267432.05,,,R,monocular,1,1
PV_126,011,PV_126_block_011,PV_126_011_267514_R,267513.8,267563.25,2.44655749742158,297.4854220689221,R,monocular,1,1
PV_126,011,PV_126_block_011,PV_126_011_281110_R,281110.25,281143.05,1.7389019165821529,307.88858285585695,R,monocular,1,1
PV_126,011,PV_126_block_011,PV_126_011_286506_R,286506.25,286539.05,4.898726514677805,86.66785796130202,R,monocular,1,1
PV_126,011,PV_126_block_011,PV_126_011_286556_R,286555.7,286571.85,4.910957622683888,97.32017926699427,R,monocular,1,1
PV_126,011,PV_126_block_011,PV_126_011_286605_R,286604.65,286621.3,0.6395190878746306,90.09775407774607,R,monocular,1,1
PV_126,011,PV_126_block_011,PV_126_011_292756_R,292755.7,292771.85,0.795732413929723,217.18449722964914,R,monocular,1,1
PV_126,011,PV_126_block_011,PV_126_011_309650_R,309649.85,309731.6,5.286344232976906,227.0804064521478,R,monocular,1,1
PV_126,011,PV_126_block_011,PV_126_011_331874_R,331873.8,331939.45,5.357776093692884,83.93390124065603,R,monocular,1,1
PV_126,011,PV_126_block_011,PV_126_011_337402_R,337401.55,337417.7,0.5101807632342812,258.1272809062974,R,monocular,1,1
PV_126,011,PV_126_block_011,PV_126_011_340059_R,340059.05,340075.2,0.9409460252103715,224.58867053951045,R,monocular,1,1
PV_126,011,PV_126_block_011,PV_126_011_343832_R,343831.55,343864.35,1.8789656370004941,68.4339035696699,R,monocular,1,1
PV_126,011,PV_126_block_011,PV_126_011_357593_R,357592.6,357625.4,1.6172068159198405,297.96363567159966,R,monocular,1,1
PV_126,011,PV_126_block_011,PV_126_011_364695_R,364695.1,364727.95,0.8700921911662322,83.71898481555048,R,monocular,1,1
PV_126,011,PV_126_block_011,PV_126_011_374586_R,374586.2,374619.0,1.539028123573839,204.49990399378765,R,monocular,1,1
PV_126,011,PV_126_block_011,PV_126_011_398535_R,398535.1,398567.9,10.375308558244976,248.41725359067163,R,monocular,1,1
PV_126,011,PV_126_block_011,PV_126_011_398650_R,398650.15,398699.1,2.3903144843447124,333.0299797229573,R,monocular,1,1
PV_126,011,PV_126_block_011,PV_126_011_409411_R,409411.0,409427.15,1.6316637613312075,45.91609658063859,R,monocular,1,1
PV_126,011,PV_126_block_011,PV_126_011_425896_R,425896.2,425912.85,2.4783584680680746,241.0666618592561,R,monocular,1,1
PV_126,011,PV_126_block_011,PV_126_011_425946_R,425945.7,426027.45,5.774808929095936,233.1395199365162,R,monocular,1,1
PV_126,011,PV_126_block_011,PV_126_011_449270_R,449270.1,449302.9,1.159708488747241,92.55309145299438,R,monocular,1,1
PV_126,011,PV_126_block_011,PV_126_011_479615_R,479615.0,479631.15,5.064818709405871,40.32081892971659,R,monocular,1,1
PV_126,011,PV_126_block_011,PV_126_011_486488_R,486488.25,486521.05,1.5263127976686963,341.52838819590505,R,monocular,1,1
PV_126,011,PV_126_block_011,PV_126_011_490770_R,490769.5,490785.65,0.6512202473019558,169.62948009538204,R,monocular,1,1
PV_126,011,PV_126_block_011,PV_126_011_503253_R,503252.9,503335.15,18.407820824071432,2.5762269244574396,R,monocular,1,1
PV_126,011,PV_126_block_011,PV_126_011_523412_R,523412.5,523428.65,3.0877730966928176,81.05120412384566,R,monocular,1,1
PV_126,011,PV_126_block_011,PV_126_011_547818_R,547817.9,547949.1,23.368350663472363,260.49014348495274,R,monocular,1,1
PV_126,011,PV_126_block_011,PV_126_011_551820_R,551820.1,551836.25,5.120398001489942,93.93489076070871,R,monocular,1,1
PV_126,011,PV_126_block_011,PV_126_011_551869_R,551869.05,551901.85,2.281099341158721,81.54074856172885,R,monocular,1,1
PV_126,011,PV_126_block_011,PV_126_011_557266_R,557265.7,557298.55,1.7872639649160669,179.6161917413342,R,monocular,1,1
PV_126,011,PV_126_block_011,PV_126_011_571192_R,571192.15,571225.0,1.6599430786153622,158.24149703505415,R,monocular,1,1
PV_126,011,PV_126_block_011,PV_126_011_575243_R,575243.35,575276.15,1.6757041545147013,49.84599846276644,R,monocular,1,1
PV_126,011,PV_126_block_011,PV_126_011_583936_R,583936.4,583969.2,1.0189373561181827,62.28690545804026,R,monocular,1,1
PV_126,011,PV_126_block_011,PV_126_011_593254_R,593253.75,593269.9,1.193958822471976,359.12993610747657,R,monocular,1,1
PV_126,011,PV_126_block_011,PV_126_011_593336_R,593335.55,593368.35,1.9289656829330664,21.227242351361856,R,monocular,1,1
PV_126,011,PV_126_block_011,PV_126_011_612692_R,612691.9,612724.75,2.3066986828151212,13.835174021525043,R,monocular,1,1
PV_126,011,PV_126_block_011,PV_126_011_624502_R,624501.8,624518.45,0.7570718080980574,358.29644582731515,R,monocular,1,1
PV_126,011,PV_126_block_011,PV_126_011_624535_R,624534.6,624633.05,15.033708292584517,26.79534430332669,R,monocular,1,1
PV_126,011,PV_126_block_011,PV_126_011_630882_R,630882.5,630898.65,2.4943558965899983,191.8354432343047,R,monocular,1,1
PV_126,011,PV_126_block_011,PV_126_011_630899_R,630898.65,630948.15,5.237268785741506,73.83294862270516,R,monocular,1,1
PV_126,011,PV_126_block_011,PV_126_011_630964_R,630964.3,630980.95,0.7090141321646476,313.7491459973603,R,monocular,1,1
PV_126,011,PV_126_block_011,PV_126_011_634474_R,634474.5,634491.15,1.091242448476825,207.24124105778816,R,monocular,1,1
PV_126,011,PV_126_block_011,PV_126_011_634491_R,634491.15,634507.3,0.761676091048079,325.6552130034403,R,monocular,1,1
PV_126,011,PV_126_block_011,PV_126_011_634524_R,634523.95,634572.95,2.575832921850563,7.2289046897402045,R,monocular,1,1
PV_126,011,PV_126_block_011,PV_126_011_634704_R,634704.2,634720.85,3.390432846592962,174.4701816057766,R,monocular,1,1
PV_126,011,PV_126_block_011,PV_126_011_634852_R,634852.05,634868.2,0.8465127441469861,20.764522543385347,R,monocular,1,1
PV_126,011,PV_126_block_011,PV_126_011_634868_R,634868.2,634884.85,3.1496392654032292,187.37024886633407,R,monocular,1,1
PV_126,011,PV_126_block_011,PV_126_011_641478_R,641478.2,641592.7,22.66510499257129,107.53860727728006,R,monocular,1,1
PV_126,011,PV_126_block_011,PV_126_011_644365_R,644364.7,644397.5,7.582790389374801,7.941177131398576,R,monocular,1,1
PV_126,011,PV_126_block_011,PV_126_011_659801_R,659801.3,659916.4,17.648260015040094,278.89660285634733,R,monocular,1,1
PV_126,011,PV_126_block_011,PV_126_011_659965_R,659965.4,659998.2,1.741927186177506,93.95819626190676,R,monocular,1,1
PV_126,011,PV_126_block_011,PV_126_011_702942_R,702942.25,702991.7,4.984689151532087,42.6689330934255,R,monocular,1,1
PV_126,011,PV_126_block_011,PV_126_011_730057_R,730057.25,730090.1,1.7565056844819782,145.92799360820513,R,monocular,1,1
PV_126,011,PV_126_block_011,PV_126_011_735159_R,735158.7,735175.35,0.5874705941930809,243.42060095519906,R,monocular,1,1
PV_126,011,PV_126_block_011,PV_126_011_750677_R,750677.25,750759.55,15.64112146975033,22.35440792125612,R,monocular,1,1
PV_126,011,PV_126_block_011,PV_126_011_766390_R,766390.15,766472.4,14.697769219628237,9.636439159759036,R,monocular,1,1
PV_126,011,PV_126_block_011,PV_126_011_767768_R,767767.75,767784.4,0.5805906502943856,0.3105424851215551,R,monocular,1,1
PV_126,011,PV_126_block_011,PV_126_011_771951_R,771950.75,772049.2,13.512678622606046,72.10257036591955,R,monocular,1,1
PV_126,011,PV_126_block_011,PV_126_011_772065_R,772065.35,772098.15,1.4547381817171188,290.55979219164806,R,monocular,1,1
PV_126,011,PV_126_block_011,PV_126_011_776675_R,776674.55,776690.7,1.0280152102046551,195.56537622637188,R,monocular,1,1
PV_126,011,PV_126_block_011,PV_126_011_776740_R,776740.15,776756.3,0.5781334427130816,165.89052711463293,R,monocular,1,1
PV_126,011,PV_126_block_011,PV_126_011_776855_R,776854.75,776904.2,,,R,monocular,1,1
PV_126,011,PV_126_block_011,PV_126_011_788205_R,788204.9,788237.7,1.3980086967239602,206.0656224271576,R,monocular,1,1
PV_126,011,PV_126_block_011,PV_126_011_818252_R,818252.0,818284.8,1.7667651640810844,50.42425487117214,R,monocular,1,1
PV_126,011,PV_126_block_011,PV_126_011_828554_R,828553.95,828570.6,6.090685653088135,114.04687744562455,R,monocular,1,1
PV_126,011,PV_126_block_011,PV_126_011_828571_R,828570.6,828619.5,9.79005018229152,318.80146194778877,R,monocular,1,1
PV_126,011,PV_126_block_011,PV_126_011_836296_R,836296.35,836345.8,3.6178928576589997,240.98537881203822,R,monocular,1,1
PV_126,011,PV_126_block_011,PV_126_011_838953_R,838953.45,839002.9,13.789977666647857,19.531026561948494,R,monocular,1,1
PV_126,011,PV_126_block_011,PV_126_011_839036_R,839035.75,839051.9,0.658790274064318,69.50618658236688,R,monocular,1,1
PV_126,011,PV_126_block_011,PV_126_011_847532_R,847532.4,847581.35,5.6214431495501636,226.72897439992923,R,monocular,1,1
PV_126,011,PV_126_block_011,PV_126_011_847581_R,847581.35,847598.0,0.7287885318845565,322.86826364511916,R,monocular,1,1
PV_126,011,PV_126_block_011,PV_126_011_854488_R,854487.95,854536.95,14.155374859841892,201.90868915294612,R,monocular,1,1
PV_126,011,PV_126_block_011,PV_126_011_858343_R,858343.15,858359.8,1.0723882602765547,188.32952177076592,R,monocular,1,1
PV_126,011,PV_126_block_011,PV_126_011_858360_R,858359.8,858375.95,0.7261654356409026,323.8334557003508,R,monocular,1,1
PV_126,011,PV_126_block_011,PV_126_011_862198_R,862198.4,862247.35,3.2507597987993826,207.61583296915217,R,monocular,1,1
PV_126,011,PV_126_block_011,PV_126_011_876830_R,876830.4,876879.4,2.412388979049254,337.54504018845284,R,monocular,1,1
PV_126,011,PV_126_block_011,PV_126_011_883031_R,883031.1,883047.25,0.7287350824755293,103.71648911595359,R,monocular,1,1
PV_126,011,PV_126_block_011,PV_126_011_885065_R,885065.3,885130.9,4.661219273138554,343.38877743328123,R,monocular,1,1
PV_126,011,PV_126_block_011,PV_126_011_887854_R,887854.25,887870.45,0.5131397708164536,47.02700474063612,R,monocular,1,1
PV_126,011,PV_126_block_011,PV_126_011_895220_R,895220.25,895236.9,1.6065974569105939,89.95324316048614,R,monocular,1,1
PV_126,011,PV_126_block_011,PV_126_011_895286_R,895285.85,895384.3,6.21226065223631,95.35335239308195,R,monocular,1,1
PV_126,011,PV_126_block_011,PV_126_011_895401_R,895400.95,895417.1,0.7224850215521638,94.0979034485645,R,monocular,1,1
PV_126,011,PV_126_block_011,PV_126_011_895483_R,895482.7,895548.35,3.306496744153337,335.2317536052233,R,monocular,1,1
PV_126,011,PV_126_block_011,PV_126_011_905343_R,905343.0,905408.65,15.792557547751892,202.2243352631431,R,monocular,1,1
PV_126,011,PV_126_block_011,PV_126_011_914005_R,914005.15,914054.1,10.87321361391457,188.77129685929552,R,monocular,1,1
PV_126,011,PV_126_block_011,PV_126_011_919796_R,919796.4,919911.5,19.579022160920733,272.87146936950944,R,monocular,1,1
PV_126,011,PV_126_block_011,PV_126_011_919944_R,919944.35,919993.3,2.8705394823047583,10.849404348135854,R,monocular,1,1
PV_126,011,PV_126_block_011,PV_126_011_930492_R,930492.15,930607.2,19.01903437578604,4.81902513082201,R,monocular,1,1
PV_126,011,PV_126_block_011,PV_126_011_944583_R,944582.75,944648.35,6.380952082609942,26.08971513882235,R,monocular,1,1
PV_126,011,PV_126_block_011,PV_126_011_968925_R,968924.9,968941.05,0.5804567575435206,271.47766820218845,R,monocular,1,1
PV_126,011,PV_126_block_011,PV_126_011_983098_R,983097.65,983146.6,4.136528645884832,37.58875771939878,R,monocular,1,1
PV_126,011,PV_126_block_011,PV_126_011_1007702_R,1007701.9,1007734.7,1.2530455982920836,149.38932558422204,R,monocular,1,1
PV_126,011,PV_126_block_011,PV_126_011_1023806_R,1023806.15,1023822.3,2.954050375829642,144.98077351450647,R,monocular,1,1
PV_126,011,PV_126_block_011,PV_126_011_1023822_R,1023822.3,1023904.6,9.429409758004772,14.238107500932552,R,monocular,1,1
PV_126,011,PV_126_block_011,PV_126_011_1031384_R,1031384.3,1031400.45,1.0186185191947665,70.17997504904497,R,monocular,1,1
PV_126,011,PV_126_block_011,PV_126_011_1045670_R,1045670.15,1045686.8,0.6082057822036473,288.79225870460607,R,monocular,1,1
PV_126,011,PV_126_block_011,PV_126_011_1045720_R,1045719.6,1045735.7,0.6186014532059139,337.4556728321429,R,monocular,1,1
PV_126,011,PV_126_block_011,PV_126_011_1054167_R,1054166.95,1054216.4,8.300418691944014,193.21306507995882,R,monocular,1,1
PV_126,011,PV_126_block_011,PV_126_011_1054233_R,1054232.55,1054314.85,9.799543805033228,23.091922266013086,R,monocular,1,1
PV_126,011,PV_126_block_011,PV_126_011_1056874_R,1056873.95,1056906.75,5.545642426469048,1.5719809005204697,R,monocular,1,1
PV_126,011,PV_126_block_011,PV_126_011_1056907_R,1056906.75,1056939.55,1.4311491140484218,280.7620030317103,R,monocular,1,1
PV_126,011,PV_126_block_011,PV_126_011_1062254_R,1062254.35,1062303.3,14.716402357198984,192.47540229048127,R,monocular,1,1
PV_126,011,PV_126_block_011,PV_126_011_1089221_R,1089221.45,1089287.1,9.840250560941145,298.27765951503153,R,monocular,1,1
PV_126,011,PV_126_block_011,PV_126_011_1090337_R,1090337.0,1090353.15,3.280430416619235,234.82129152721006,R,monocular,1,1
PV_126,011,PV_126_block_011,PV_126_011_1115827_R,1115827.25,1115909.0,5.021960867675264,97.75724367383901,R,monocular,1,1
PV_126,011,PV_126_block_011,PV_126_011_1137381_R,1137381.05,1137413.85,1.547542294946045,152.70402199295432,R,monocular,1,1
PV_126,011,PV_126_block_011,PV_126_011_1158905_R,1158905.0,1158921.15,0.6967340610853981,150.58250024246004,R,monocular,1,1
PV_126,011,PV_126_block_011,PV_126_011_1163088_R,1163088.05,1163170.35,9.147931433791097,99.9142116340107,R,monocular,1,1
PV_126,011,PV_126_block_011,PV_126_011_1163334_R,1163334.35,1163350.5,1.1876912106636663,175.21576662645063,R,monocular,1,1
PV_126,011,PV_126_block_011,PV_126_011_1171487_R,1171486.7,1171503.35,0.7217091718311203,264.37818818222775,R,monocular,1,1
PV_126,011,PV_126_block_011,PV_126_011_1176261_R,1176260.9,1176326.5,8.362202739576034,304.78723839102526,R,monocular,1,1
PV_126,011,PV_126_block_011,PV_126_011_1176786_R,1176785.8,1176818.6,1.1312884869833284,170.08667316321436,R,monocular,1,1
PV_126,011,PV_126_block_011,PV_126_011_1190221_R,1190221.3,1190237.95,0.6171425207263358,170.8196807093494,R,monocular,1,1
PV_126,011,PV_126_block_011,PV_126_011_1193978_R,1193977.6,1194026.55,3.320684898590943,164.72203440160328,R,monocular,1,1
PV_126,011,PV_126_block_011,PV_126_011_1196110_R,1196110.2,1196175.85,4.374849048637843,209.96331177752998,R,monocular,1,1
PV_126,011,PV_126_block_011,PV_126_011_1211661_R,1211661.05,1211759.45,10.972687018907019,41.50054188427708,R,monocular,1,1
PV_126,011,PV_126_block_011,PV_126_011_1211776_R,1211775.6,1211792.25,0.7715851123938087,8.101428111045042,R,monocular,1,1
PV_126,011,PV_126_block_011,PV_126_011_1230214_R,1230213.5,1230246.35,2.0970002870576954,97.44540480911377,R,monocular,1,1
PV_126,011,PV_126_block_011,PV_126_011_1230378_R,1230377.6,1230410.4,1.9457266042725252,354.62676302267835,R,monocular,1,1
PV_126,011,PV_126_block_011,PV_126_011_1239122_R,1239121.8,1239203.55,8.967056693937641,42.54935886419526,R,monocular,1,1
PV_126,011,PV_126_block_011,PV_126_011_1244059_R,1244059.0,1244091.8,1.3660483761200173,77.34714177795277,R,monocular,1,1
PV_126,011,PV_126_block_011,PV_126_011_1272177_R,1272176.8,1272226.25,1.65983280889423,20.263053360121784,R,monocular,1,1
PV_126,011,PV_126_block_011,PV_126_011_1278541_R,1278540.7,1278639.1,9.991430274240622,144.3991738353311,R,monocular,1,1
PV_126,011,PV_126_block_011,PV_126_011_1286168_R,1286168.4,1286184.55,1.8223627191405847,303.39128450084354,R,monocular,1,1
PV_126,011,PV_126_block_011,PV_126_011_1286185_R,1286184.55,1286234.0,4.664495030130751,60.0499092212953,R,monocular,1,1
PV_126,011,PV_126_block_011,PV_126_011_1288284_R,1288283.95,1288333.4,2.9788973142568693,176.02508499386008,R,monocular,1,1
PV_126,011,PV_126_block_011,PV_126_011_1288350_R,1288349.55,1288366.2,1.6132371024487768,175.27725028307842,R,monocular,1,1
PV_126,011,PV_126_block_011,PV_126_011_1303949_R,1303948.85,1303965.0,2.306948986630673,256.98606314330704,R,monocular,1,1
PV_126,011,PV_126_block_011,PV_126_011_1303965_R,1303965.0,1303981.65,1.4542813634517673,73.30274678581925,R,monocular,1,1
PV_126,011,PV_126_block_011,PV_126_011_1304555_R,1304555.45,1304588.25,1.7457205572945111,299.85133364141393,R,monocular,1,1
PV_126,011,PV_126_block_011,PV_126_011_1312921_R,1312921.1,1312937.75,0.5180379331264263,225.9908676563572,R,monocular,1,1
PV_126,011,PV_126_block_011,PV_126_011_1329917_R,1329916.65,1329998.95,3.8678201384493134,11.086664081247058,R,monocular,1,1
PV_126,011,PV_126_block_011,PV_126_011_1330032_R,1330031.75,1330047.9,0.9808316296759175,8.98189064834727,R,monocular,1,1
PV_126,011,PV_126_block_011,PV_126_011_1330048_R,1330047.9,1330097.35,4.656073231432741,181.66421513585405,R,monocular,1,1
PV_126,011,PV_126_block_011,PV_126_011_1333985_R,1333984.9,1334017.75,8.864375965776762,304.44333946278067,R,monocular,1,1
PV_126,011,PV_126_block_011,PV_126_011_1347928_R,1347927.8,1347960.6,4.711475973594045,352.4623854475336,R,monocular,1,1
PV_126,011,PV_126_block_011,PV_126_011_1347961_R,1347960.6,1347977.25,0.5786088699330021,217.4789119679972,R,monocular,1,1
PV_126,011,PV_126_block_011,PV_126_011_1356639_R,1356638.65,1356769.9,21.995120765418577,84.15643327235487,R,monocular,1,1
PV_126,011,PV_126_block_011,PV_126_011_1364775_R,1364775.35,1364906.55,11.6141995479457,102.38733684335645,R,monocular,1,1
PV_126,011,PV_126_block_011,PV_126_011_1368646_R,1368646.5,1368728.3,13.159045649591945,234.52372121713222,R,monocular,1,1
PV_126,011,PV_126_block_011,PV_126_011_1395978_R,1395978.25,1396027.25,2.8565782085219076,332.9692740642459,R,monocular,1,1
PV_126,011,PV_126_block_011,PV_126_011_1412318_R,1412318.45,1412351.25,1.417965517369578,196.1289233619064,R,monocular,1,1
PV_126,011,PV_126_block_011,PV_126_011_1416961_R,1416961.3,1417010.75,2.5861047592535433,174.43118540829119,R,monocular,1,1
PV_126,011,PV_126_block_011,PV_126_011_1418504_R,1418503.5,1418520.15,0.5732051425185017,184.88990465412462,R,monocular,1,1
PV_126,011,PV_126_block_011,PV_126_011_1420686_R,1420685.8,1420734.8,2.6306696238366585,309.99815574494704,R,monocular,1,1
PV_126,011,PV_126_block_011,PV_126_011_1420883_R,1420882.65,1420898.85,0.6510935509149628,236.999410934167,R,monocular,1,1
PV_126,011,PV_126_block_011,PV_126_011_1424049_R,1424049.0,1424065.65,1.374348195327464,253.15525402510897,R,monocular,1,1
PV_126,011,PV_126_block_011,PV_126_011_1426215_R,1426214.9,1426231.55,6.199392621552303,343.035211155348,R,monocular,1,1
PV_126,011,PV_126_block_011,PV_126_011_1426428_R,1426428.4,1426444.6,0.553209271342578,355.0201630265595,R,monocular,1,1
PV_126,011,PV_126_block_011,PV_126_011_1426510_R,1426510.2,1426592.5,,,R,monocular,1,1
PV_126,011,PV_126_block_011,PV_126_011_1426658_R,1426658.1,1426739.9,8.818535104423965,324.9209155996508,R,monocular,1,1
PV_126,011,PV_126_block_011,PV_126_011_1430644_R,1430644.5,1430661.15,0.6125403437141757,334.6993930131199,R,monocular,1,1
PV_126,011,PV_126_block_011,PV_126_011_1435205_R,1435204.9,1435237.7,1.5045538714550604,12.898537477075964,R,monocular,1,1
PV_126,011,PV_126_block_011,PV_126_011_1435303_R,1435303.3,1435336.15,1.2812593687334037,189.89513050333343,R,monocular,1,1
PV_126,011,PV_126_block_011,PV_126_011_1435369_R,1435368.95,1435385.6,0.5763507544128953,189.23976322329128,R,monocular,1,1
PV_126,011,PV_126_block_011,PV_126_011_1435402_R,1435401.75,1435418.4,0.5682055848914769,189.90148182574313,R,monocular,1,1
PV_126,011,PV_126_block_011,PV_126_011_1441422_R,1441422.35,1441455.15,2.0317633023049484,10.929838344157758,R,monocular,1,1
PV_126,011,PV_126_block_011,PV_126_011_1448083_R,1448083.1,1448132.1,3.680697779526278,60.54580207326109,R,monocular,1,1
PV_126,011,PV_126_block_011,PV_126_011_1457385_R,1457385.45,1457434.9,4.405137240548238,66.98887230454963,R,monocular,1,1
PV_126,011,PV_126_block_011,PV_126_011_1477516_R,1477515.55,1477564.55,3.196360856088457,115.67327529213047,R,monocular,1,1
PV_126,011,PV_126_block_011,PV_126_011_1479123_R,1479123.05,1479172.0,9.904355250382467,197.89749551904285,R,monocular,1,1
PV_126,011,PV_126_block_011,PV_126_011_1479270_R,1479270.4,1479287.05,0.505834108365347,357.1858767278393,R,monocular,1,1
PV_126,011,PV_126_block_011,PV_126_011_1481173_R,1481173.45,1481222.9,,,R,monocular,1,1
PV_126,011,PV_126_block_011,PV_126_011_1486309_R,1486308.6,1486324.75,1.467043793057329,262.64242382386783,R,monocular,1,1
PV_126,011,PV_126_block_011,PV_126_011_1486325_R,1486324.75,1486488.85,8.221767008499167,44.62584757183267,R,monocular,1,1
PV_126,011,PV_126_block_011,PV_126_011_1506193_R,1506192.75,1506208.95,0.7589861558053613,12.466779306736157,R,monocular,1,1
PV_126,011,PV_126_block_011,PV_126_011_1506324_R,1506324.0,1506356.8,2.4377347670645575,352.8539331832159,R,monocular,1,1
PV_126,011,PV_126_block_011,PV_126_011_1508424_R,1508423.95,1508472.9,2.6323508478037074,268.4147673353067,R,monocular,1,1
PV_126,011,PV_126_block_011,PV_126_011_1528175_R,1528175.15,1528191.3,0.7129950660539623,345.6798259674882,R,monocular,1,1
PV_126,011,PV_126_block_011,PV_126_011_1530144_R,1530143.75,1530192.7,2.701966547424846,284.8842910514713,R,monocular,1,1
PV_126,011,PV_126_block_011,PV_126_011_1537739_R,1537739.1,1537804.7,3.7131286632293,311.6368923947795,R,monocular,1,1
PV_126,011,PV_126_block_011,PV_126_011_1576486_R,1576486.1,1576502.75,1.8415517938254808,301.65732082894505,R,monocular,1,1
PV_126,011,PV_126_block_011,PV_126_011_1576503_R,1576502.75,1576551.7,6.589841776998485,60.834637524458465,R,monocular,1,1
PV_126,011,PV_126_block_011,PV_126_011_1586476_R,1586476.2,1586525.15,2.9335422913426346,196.52852102462387,R,monocular,1,1
PV_126,011,PV_126_block_011,PV_126_011_1588198_R,1588198.5,1588215.15,4.74587831779978,91.91785965892092,R,monocular,1,1
PV_126,011,PV_126_block_011,PV_126_011_1599174_R,1599174.45,1599289.1,8.849207708906718,135.4572537360477,R,monocular,1,1
PV_126,011,PV_126_block_011,PV_126_011_1599355_R,1599354.7,1599387.55,1.0677627426413898,332.0389955836981,R,monocular,1,1
PV_126,011,PV_126_block_011,PV_126_011_1604490_R,1604490.5,1604506.65,0.6022098088966327,346.385531598246,R,monocular,1,1
PV_126,011,PV_126_block_011,PV_126_011_1624751_R,1624750.55,1624783.35,1.9181224827364984,313.6911640771384,R,monocular,1,1
PV_126,011,PV_126_block_011,PV_126_011_1635052_R,1635052.0,1635084.8,1.7750071801281522,324.55662462548713,R,monocular,1,1
PV_126,011,PV_126_block_011,PV_126_011_1639464_R,1639463.95,1639512.9,7.550879733186595,267.0200705980537,R,monocular,1,1
PV_126,011,PV_126_block_011,PV_126_011_1642023_R,1642023.1,1642072.05,3.3423177149788006,156.31958505119695,R,monocular,1,1
PV_126,011,PV_126_block_011,PV_126_011_1652521_R,1652521.3,1652586.9,3.061809435720418,341.1038235880852,R,monocular,1,1
PV_126,011,PV_126_block_011,PV_126_011_1658033_R,1658032.8,1658048.95,0.5081093816653631,321.22885683877496,R,monocular,1,1
PV_126,011,PV_126_block_011,PV_126_011_1678930_R,1678930.35,1678946.5,0.6071845816657627,279.72787040590697,R,monocular,1,1
PV_126,011,PV_126_block_011,PV_126_011_1679373_R,1679373.05,1679389.7,0.9846966519243124,153.1935451296483,R,monocular,1,1
PV_126,011,PV_126_block_011,PV_126_011_1679390_R,1679389.7,1679405.85,0.6582500065820494,339.3628748852897,R,monocular,1,1
PV_126,011,PV_126_block_011,PV_126_011_1697893_R,1697893.25,1697926.05,2.3797366683652426,55.07917267347263,R,monocular,1,1
PV_126,011,PV_126_block_011,PV_126_011_1725602_R,1725601.5,1725650.95,2.9230322175797383,161.88005676470456,R,monocular,1,1
PV_126,011,PV_126_block_011,PV_126_011_1742386_R,1742385.6,1742418.45,1.65512475456806,280.5129332039816,R,monocular,1,1
PV_126,011,PV_126_block_011,PV_126_011_1749966_R,1749966.0,1749998.85,1.9282277011159155,310.3870490548254,R,monocular,1,1
PV_126,011,PV_126_block_011,PV_126_011_1764635_R,1764634.9,1764651.05,2.6342855271037933,181.83857245408828,R,monocular,1,1
PV_126,011,PV_126_block_011,PV_126_011_1764979_R,1764979.2,1765012.0,1.9164804432569482,212.55381720441966,R,monocular,1,1
PV_126,011,PV_126_block_011,PV_126_011_1767178_R,1767177.65,1767194.3,8.601007263212502,297.71719165391113,R,monocular,1,1
PV_126,011,PV_126_block_011,PV_126_011_1767326_R,1767325.55,1767391.15,9.062090878480607,38.27007933869341,R,monocular,1,1
PV_126,011,PV_126_block_011,PV_126_011_1778809_R,1778809.05,1778841.85,3.838795288964062,51.24427080676543,R,monocular,1,1
PV_126,011,PV_126_block_011,PV_126_011_1797723_R,1797723.25,1797772.7,3.2874698641888394,280.80874893156385,R,monocular,1,1
PV_126,011,PV_126_block_011,PV_126_011_1800151_R,1800151.25,1800184.1,1.4968017872602106,264.7646536613245,R,monocular,1,1
PV_126,011,PV_126_block_011,PV_126_011_1801267_R,1801266.9,1801299.7,1.1024127455801285,294.33717416731906,R,monocular,1,1
PV_126,011,PV_126_block_011,PV_126_011_1801316_R,1801316.35,1801365.3,6.891137143887297,20.817523205913652,R,monocular,1,1
PV_126,011,PV_126_block_011,PV_126_011_1801365_R,1801365.3,1801381.95,0.6456214353123962,229.66229393535235,R,monocular,1,1
PV_126,011,PV_126_block_011,PV_126_011_1801398_R,1801398.15,1801447.6,2.547950068260654,190.36818318799638,R,monocular,1,1
PV_126,011,PV_126_block_011,PV_126_011_1809733_R,1809733.4,1809766.25,1.009423803165105,317.1697608339402,R,monocular,1,1
PV_126,012,PV_126_block_012,PV_126_012_66473_R,66472.85,66522.35,2.8954372912643085,340.4449277373045,R,binocular,2,2
PV_126,012,PV_126_block_012,PV_126_012_169208_L,169207.7,169257.15,2.7500647967014467,20.423590061864928,L,binocular,2,2
PV_126,012,PV_126_block_012,PV_126_012_176393_L,176392.7,176425.5,2.6008666438476546,89.07548346409119,L,binocular,2,2
PV_126,012,PV_126_block_012,PV_126_012_275978_R,275978.2,276043.85,2.9917112112107307,162.9607460422104,R,binocular,2,2
PV_126,012,PV_126_block_012,PV_126_012_308792_L,308792.1,308874.35,7.180292352622119,252.66876488618817,L,binocular,2,2
PV_126,012,PV_126_block_012,PV_126_012_323457_L,323457.1,323539.4,8.262895663527878,246.32636196724457,L,binocular,2,2
PV_126,012,PV_126_block_012,PV_126_012_323949_R,323949.25,323965.9,1.3268789123625435,156.66933043214894,R,binocular,2,2
PV_126,012,PV_126_block_012,PV_126_012_430549_L,430549.45,430647.9,25.246564417247566,57.61233937020324,L,binocular,2,2
PV_126,012,PV_126_block_012,PV_126_012_514965_L,514965.05,515014.05,1.819535613701879,20.87637339609188,L,binocular,2,2
PV_126,012,PV_126_block_012,PV_126_012_782450_L,782449.75,782515.35,3.4182838368348367,80.55358518582983,L,binocular,2,2
PV_126,012,PV_126_block_012,PV_126_012_788684_R,788683.9,788749.55,4.071869410266477,311.03915303946576,R,binocular,2,2
PV_126,012,PV_126_block_012,PV_126_012_831158_L,831157.7,831223.3,8.825591633599084,85.04763758613527,L,binocular,2,2
PV_126,012,PV_126_block_012,PV_126_012_835702_R,835701.5,835767.05,4.773468532847419,95.1342155793202,R,binocular,2,2
PV_126,012,PV_126_block_012,PV_126_012_843921_R,843920.7,843986.3,5.281290169366098,129.48688072580686,R,binocular,2,2
PV_126,012,PV_126_block_012,PV_126_012_870008_L,870007.7,870106.15,6.676555721087904,348.2950885608603,L,binocular,2,2
PV_126,012,PV_126_block_012,PV_126_012_40829_L,40829.1,40845.25,0.9953635330690149,267.48995565741325,L,monocular,1,1
PV_126,012,PV_126_block_012,PV_126_012_76284_L,76283.55,76300.2,0.6358564862784837,14.087980222847076,L,monocular,1,1
PV_126,012,PV_126_block_012,PV_126_012_263902_L,263902.35,263919.0,1.0930775924652247,222.96677695687205,L,monocular,1,1
PV_126,012,PV_126_block_012,PV_126_012_283985_L,283984.95,284017.75,3.9554982507164294,189.65125583573575,L,monocular,1,1
PV_126,012,PV_126_block_012,PV_126_012_380330_L,380329.75,380378.7,2.0497514810133577,272.01712107435606,L,monocular,1,1
PV_126,012,PV_126_block_012,PV_126_012_436768_L,436767.65,436816.7,4.297122183515952,276.89669520799526,L,monocular,1,1
PV_126,012,PV_126_block_012,PV_126_012_476080_L,476079.5,476112.3,,,L,monocular,1,1
PV_126,012,PV_126_block_012,PV_126_012_723367_L,723366.8,723382.95,0.5015559360525061,6.086093429148592,L,monocular,1,1
PV_126,012,PV_126_block_012,PV_126_012_791489_L,791489.45,791538.4,,,L,monocular,1,1
PV_126,012,PV_126_block_012,PV_126_012_807861_L,807861.25,807910.25,3.011209343081453,67.09486236524889,L,monocular,1,1
PV_126,012,PV_126_block_012,PV_126_012_829337_L,829336.6,829369.45,1.833097653359256,6.044847145484558,L,monocular,1,1
PV_126,012,PV_126_block_012,PV_126_012_843970_L,843969.65,843986.3,1.2894790591201468,266.57267494716103,L,monocular,1,1
PV_126,012,PV_126_block_012,PV_126_012_40993_R,40993.2,41009.4,0.7065620539354196,73.54616980667006,R,monocular,1,1
PV_126,012,PV_126_block_012,PV_126_012_159806_R,159806.2,159904.65,9.737778064269293,270.6751291432533,R,monocular,1,1
PV_126,012,PV_126_block_012,PV_126_012_263952_R,263951.8,263984.6,1.4232505807973563,176.6010879415901,R,monocular,1,1
PV_126,012,PV_126_block_012,PV_126_012_289366_R,289366.4,289464.8,12.039193515545675,264.9957109867851,R,monocular,1,1
PV_126,012,PV_126_block_012,PV_126_012_293402_R,293402.4,293468.0,4.1207010455418045,265.207314839583,R,monocular,1,1
PV_126,012,PV_126_block_012,PV_126_012_476539_R,476538.9,476571.7,0.9595402181387824,77.99402335123472,R,monocular,1,1
PV_126,012,PV_126_block_012,PV_126_012_476654_R,476653.5,476686.3,2.216381739260501,91.422666055365,R,monocular,1,1
PV_126,012,PV_126_block_012,PV_126_012_536540_R,536540.25,536573.05,1.0829581997224074,273.28366180052336,R,monocular,1,1
PV_126,012,PV_126_block_012,PV_126_012_536770_R,536769.95,536786.6,0.7239817681491287,222.84737028918738,R,monocular,1,1
PV_126,012,PV_126_block_012,PV_126_012_551635_R,551634.85,551651.5,0.7460845276514226,261.6399348572557,R,monocular,1,1
PV_126,012,PV_126_block_012,PV_126_012_596675_R,596675.2,596691.35,0.5828369552332973,176.23710772587458,R,monocular,1,1
PV_126,012,PV_126_block_012,PV_126_012_596790_R,596789.8,596822.6,1.4888440155807212,88.1221664403033,R,monocular,1,1
PV_126,012,PV_126_block_012,PV_126_012_659151_R,659151.4,659217.0,4.323664623028618,78.65555259482906,R,monocular,1,1
PV_126,012,PV_126_block_012,PV_126_012_701496_R,701495.85,701545.35,3.4304410430087544,113.8849909024578,R,monocular,1,1
PV_126,012,PV_126_block_012,PV_126_012_705171_R,705171.15,705236.8,4.882004155717712,277.75869990810753,R,monocular,1,1
PV_126,012,PV_126_block_012,PV_126_012_820609_R,820608.75,820641.6,1.8321628428753143,321.6057103799353,R,monocular,1,1
PV_126,012,PV_126_block_012,PV_126_012_827483_R,827483.1,827532.05,3.6219776835741575,345.3462107253006,R,monocular,1,1
PV_126,012,PV_126_block_012,PV_126_012_836768_R,836768.05,836784.2,0.5622578434771189,122.39822689941745,R,monocular,1,1
PV_126,012,PV_126_block_012,PV_126_012_866775_R,866775.45,866792.1,0.7057314734723237,230.6309453989975,R,monocular,1,1
